date,ticker,name,market,close,turnover_value,turnover_5d,turnover_20d,turnover_60d,traded_value_rank_5d,traded_value_rank_20d,traded_value_rank_60d,top300_count_last20_trading_days,layer0_core_top250,layer0_buffer_candidate_251_300,buffer_confirmation,layer0_active_scope,diagnostic_only,formal_model_changed,trade_decision_changed,active_in_trade_decision,report_changed,portfolio_replay_executed,ready_for_strategy_replay,ready_for_formal,not_live_rule,forward_returns_live_rule_usage
2026-07-08,2330,台積電,TWSE,2465.0,62400639776,72098599723.2,95161758116.0,96259540890.56667,1.0,1.0,1.0,20,True,False,True,True,True,False,False,False,True,False,False,False,True,False
2026-07-08,2327,國巨*,TWSE,891.0,63494571030,53170416665.6,64323903671.7,36465225987.083336,2.0,2.0,4.0,20,True,False,True,True,True,False,False,False,True,False,False,False,True,False
2026-07-08,2454,聯發科,TWSE,3995.0,26843012272,36560192135.4,53831721777.8,50813236672.96667,3.0,3.0,2.0,20,True,False,True,True,True,False,False,False,True,False,False,False,True,False
2026-07-08,3481,群創,TWSE,65.2,26909924773,32319467660.2,33298995957.45,25931509793.433334,4.0,7.0,8.0,20,True,False,True,True,True,False,False,False,True,False,False,False,True,False
2026-07-08,3037,欣興,TWSE,863.0,29049388987,27598875644.2,28407695615.4,23561822763.033333,5.0,9.0,9.0,20,True,False,True,True,True,False,False,False,True,False,False,False,True,False
2026-07-08,2408,南亞科,TWSE,396.0,25346334678,27554353381.8,45889633755.7,42082546323.76667,6.0,4.0,3.0,20,True,False,True,True,True,False,False,False,True,False,False,False,True,False
2026-07-08,2344,華邦電,TWSE,168.5,24801801543,27504847073.2,44598150055.4,33871935004.8,7.0,5.0,5.0,20,True,False,True,True,True,False,False,False,True,False,False,False,True,False
2026-07-08,6182,合晶,TPEx,160.0,21357863496,22015434904.0,11191184169.5,5304816587.266666,8.0,26.0,56.0,20,True,False,True,True,True,False,False,False,True,False,False,False,True,False
2026-07-08,2308,台達電,TWSE,1885.0,24583391342,21137071886.4,28611248067.0,27422852515.266666,9.0,8.0,7.0,20,True,False,True,True,True,False,False,False,True,False,False,False,True,False
2026-07-08,3711,日月光投控,TWSE,625.0,16876148528,18797548591.8,17691196212.45,15389649914.366667,10.0,13.0,19.0,20,True,False,True,True,True,False,False,False,True,False,False,False,True,False
2026-07-08,8046,南電,TWSE,1105.0,23294157260,17310441121.0,19088009964.05,17253062227.316666,11.0,12.0,15.0,20,True,False,True,True,True,False,False,False,True,False,False,False,True,False
2026-07-08,4958,臻鼎-KY,TWSE,565.0,17670616502,16873513895.2,22552164532.2,19674606084.016666,12.0,10.0,12.0,20,True,False,True,True,True,False,False,False,True,False,False,False,True,False
2026-07-08,2383,台光電,TWSE,5315.0,14217572400,15938127256.2,11949855242.45,12961900227.533333,13.0,23.0,21.0,20,True,False,True,True,True,False,False,False,True,False,False,False,True,False
2026-07-08,3042,晶技,TWSE,206.0,8576263973,13678922340.4,9313397913.8,5355907303.6,14.0,30.0,55.0,20,True,False,True,True,True,False,False,False,True,False,False,False,True,False
2026-07-08,3026,禾伸堂,TWSE,953.0,19162490658,13207942357.6,5951315968.3,3260621949.05,15.0,45.0,94.0,20,True,False,True,True,True,False,False,False,True,False,False,False,True,False
2026-07-08,6213,聯茂,TWSE,393.5,13967756964,12826871576.6,7797468631.95,6069514690.683333,16.0,34.0,51.0,20,True,False,True,True,True,False,False,False,True,False,False,False,True,False
2026-07-08,2303,聯電,TWSE,163.0,13833230615,12746542674.0,41157301873.55,33824798056.683334,17.0,6.0,6.0,20,True,False,True,True,True,False,False,False,True,False,False,False,True,False
2026-07-08,6488,環球晶,TPEx,1230.0,11377768700,12708022594.0,6897771773.4,6540989294.016666,18.0,38.0,46.0,20,True,False,True,True,True,False,False,False,True,False,False,False,True,False
2026-07-08,2449,京元電子,TWSE,305.5,8130356457,12348171606.6,11802466897.85,12591000289.5,19.0,24.0,22.0,20,True,False,True,True,True,False,False,False,True,False,False,False,True,False
2026-07-08,2317,鴻海,TWSE,237.5,8963064431,12090432175.2,15944608390.6,22040406985.133335,20.0,15.0,11.0,20,True,False,True,True,True,False,False,False,True,False,False,False,True,False
2026-07-08,3661,世芯-KY,TWSE,4065.0,6539739731,11712271041.6,8640950040.9,10109605272.366667,21.0,33.0,28.0,20,True,False,True,True,True,False,False,False,True,False,False,False,True,False
2026-07-08,3017,奇鋐,TWSE,2325.0,10430098105,11524462161.0,10390057216.9,13085731378.266666,22.0,28.0,20.0,20,True,False,True,True,True,False,False,False,True,False,False,False,True,False
2026-07-08,3443,創意,TWSE,4400.0,7526430470,11264865298.0,11566585184.5,11560942432.5,23.0,25.0,23.0,20,True,False,True,True,True,False,False,False,True,False,False,False,True,False
2026-07-08,6274,台燿,TPEx,1645.0,9666032185,11241993008.0,10693005548.75,8696652271.6,24.0,27.0,33.0,20,True,False,True,True,True,False,False,False,True,False,False,False,True,False
2026-07-08,2409,友達,TWSE,29.55,7750962170,10912547816.6,14478533056.85,10349081976.45,25.0,17.0,27.0,20,True,False,True,True,True,False,False,False,True,False,False,False,True,False
2026-07-08,6770,力積電,TWSE,71.2,9755632881,10356565304.4,17078731506.75,15421029348.266666,26.0,14.0,18.0,20,True,False,True,True,True,False,False,False,True,False,False,False,True,False
2026-07-08,8299,群聯,TPEx,2140.0,7436434395,9868381557.0,12989527135.0,19006218208.65,27.0,19.0,13.0,20,True,False,True,True,True,False,False,False,True,False,False,False,True,False
2026-07-08,1303,南亞,TWSE,182.0,19407993393,9464069427.0,10017614065.9,8412855051.133333,28.0,29.0,35.0,20,True,False,True,True,True,False,False,False,True,False,False,False,True,False
2026-07-08,5483,中美晶,TPEx,208.0,6067107170,9320350782.4,5348467511.95,3760557785.883333,29.0,50.0,78.0,20,True,False,True,True,True,False,False,False,True,False,False,False,True,False
2026-07-08,6239,力成,TWSE,318.0,5468931439,9058027183.2,12854121601.75,8718058177.95,30.0,20.0,32.0,20,True,False,True,True,True,False,False,False,True,False,False,False,True,False
2026-07-08,6669,緯穎,TWSE,5050.0,5002264175,9027674232.0,9023317760.25,11205673153.5,31.0,31.0,25.0,20,True,False,True,True,True,False,False,False,True,False,False,False,True,False
2026-07-08,2345,智邦,TWSE,2415.0,8864901406,8963226658.2,9002758753.65,10556296309.016666,32.0,32.0,26.0,20,True,False,True,True,True,False,False,False,True,False,False,False,True,False
2026-07-08,2337,旺宏,TWSE,138.5,7344118389,8736313175.2,14707622590.7,22553329523.05,33.0,16.0,10.0,20,True,False,True,True,True,False,False,False,True,False,False,False,True,False
2026-07-08,3105,穩懋,TPEx,413.5,6842291305,8310461178.2,12089059281.65,15441660385.4,34.0,22.0,17.0,20,True,False,True,True,True,False,False,False,True,False,False,False,True,False
2026-07-08,3008,大立光,TWSE,3950.0,6987833530,7922445282.0,14207603601.0,9459151870.333334,35.0,18.0,30.0,20,True,False,True,True,True,False,False,False,True,False,False,False,True,False
2026-07-08,2484,希華,TWSE,92.3,6277654064,7748234724.8,4445026263.9,2152126280.6,36.0,67.0,136.0,20,True,False,True,True,True,False,False,False,True,False,False,False,True,False
2026-07-08,3189,景碩,TWSE,755.0,3220098378,7410849462.6,19585677285.75,16231205173.216667,37.0,11.0,16.0,20,True,False,True,True,True,False,False,False,True,False,False,False,True,False
2026-07-08,8261,富鼎,TWSE,348.0,5337652983,7403804729.4,4177912989.55,2203406010.1,38.0,70.0,133.0,20,True,False,True,True,True,False,False,False,True,False,False,False,True,False
2026-07-08,8150,南茂,TWSE,106.5,4428213454,6805226786.8,6356979002.35,4823735975.083333,39.0,43.0,60.0,20,True,False,True,True,True,False,False,False,True,False,False,False,True,False
2026-07-08,6147,頎邦,TPEx,199.5,3261238750,6705709353.8,7747283786.1,9873599725.283333,40.0,35.0,29.0,20,True,False,True,True,True,False,False,False,True,False,False,False,True,False
2026-07-08,2313,華通,TWSE,224.0,4474620635,6628123555.6,12194160143.0,17768233700.833332,41.0,21.0,14.0,20,True,False,True,True,True,False,False,False,True,False,False,False,True,False
2026-07-08,6223,旺矽,TPEx,6460.0,4901838145,6287007991.0,6708883906.25,7842944962.0,42.0,39.0,38.0,20,True,False,True,True,True,False,False,False,True,False,False,False,True,False
2026-07-08,2368,金像電,TWSE,1150.0,4486896635,6251987118.0,7369156248.5,8018784779.416667,43.0,37.0,37.0,20,True,False,True,True,True,False,False,False,True,False,False,False,True,False
2026-07-08,6271,同欣電,TWSE,255.0,3177037413,5956611860.0,4588395997.6,2656067739.95,44.0,63.0,116.0,19,True,False,True,True,True,False,False,False,True,False,False,False,True,False
2026-07-08,2382,廣達,TWSE,377.0,5866518839,5907969924.2,7491363107.65,11535917314.783333,45.0,36.0,24.0,20,True,False,True,True,True,False,False,False,True,False,False,False,True,False
2026-07-08,1301,台塑,TWSE,58.0,2569799655,5671785712.0,3587211914.9,2141744888.9833333,46.0,78.0,138.0,20,True,False,True,True,True,False,False,False,True,False,False,False,True,False
2026-07-08,3665,貿聯-KY,TWSE,1900.0,6815292875,5526754118.0,6638970152.5,7287800813.45,47.0,40.0,42.0,19,True,False,True,True,True,False,False,False,True,False,False,False,True,False
2026-07-08,1326,台化,TWSE,64.7,4802263538,5500747148.6,2902938272.55,2103746746.5166667,48.0,95.0,140.0,20,True,False,True,True,True,False,False,False,True,False,False,False,True,False
2026-07-08,2360,致茂,TWSE,1855.0,10752975525,5362163391.0,5335383472.75,7721193709.216666,49.0,51.0,39.0,20,True,False,True,True,True,False,False,False,True,False,False,False,True,False
2026-07-08,3374,精材,TPEx,324.5,5513027191,5321595686.8,3740093273.0,3988918034.116667,50.0,75.0,69.0,20,True,False,True,True,True,False,False,False,True,False,False,False,True,False
2026-07-08,6173,信昌電,TPEx,273.0,3222559870,5197934450.0,2970830737.15,1551425172.4666667,51.0,93.0,181.0,14,True,False,True,True,True,False,False,False,True,False,False,False,True,False
2026-07-08,5289,宜鼎,TPEx,1515.0,4747370290,5183867129.0,6457686690.25,7219553961.716666,52.0,42.0,43.0,20,True,False,True,True,True,False,False,False,True,False,False,False,True,False
2026-07-08,3231,緯創,TWSE,146.5,8697902782,5012112352.6,6096378481.3,8576366288.833333,53.0,44.0,34.0,20,True,False,True,True,True,False,False,False,True,False,False,False,True,False
2026-07-08,8358,金居,TPEx,523.0,3568528076,4970246310.4,5444921064.15,7126147560.266666,54.0,48.0,44.0,20,True,False,True,True,True,False,False,False,True,False,False,False,True,False
2026-07-08,6446,藥華藥,TWSE,1530.0,6583385100,4749707226.0,3691213760.2,2810358464.45,55.0,77.0,111.0,20,True,False,True,True,True,False,False,False,True,False,False,False,True,False
2026-07-08,2059,川湖,TWSE,8095.0,4897444065,4667841158.0,4594764631.25,3944210982.4166665,56.0,62.0,71.0,20,True,False,True,True,True,False,False,False,True,False,False,False,True,False
2026-07-08,5347,世界,TPEx,176.5,4386577697,4625080836.2,6552921904.15,6947670822.0,57.0,41.0,45.0,20,True,False,True,True,True,False,False,False,True,False,False,False,True,False
2026-07-08,6515,穎崴,TWSE,7705.0,3807351250,4621690409.0,3754901651.25,3855019811.9166665,58.0,74.0,74.0,20,True,False,True,True,True,False,False,False,True,False,False,False,True,False
2026-07-08,3081,聯亞,TPEx,2095.0,4551261160,4545865498.0,5116197471.5,7322855841.916667,59.0,55.0,41.0,20,True,False,True,True,True,False,False,False,True,False,False,False,True,False
2026-07-08,2375,凱美,TWSE,192.0,2453145166,4484016152.2,3965917900.65,2224246007.366667,60.0,73.0,132.0,20,True,False,True,True,True,False,False,False,True,False,False,False,True,False
2026-07-08,5371,中光電,TPEx,97.8,5851459920,4472176115.8,1903687064.2,897526492.55,61.0,144.0,254.0,11,True,False,True,True,True,False,False,False,True,False,False,False,True,False
2026-07-08,6139,亞翔,TWSE,866.0,3304363859,4302152947.2,5026896047.0,4270454648.8333335,62.0,56.0,65.0,20,True,False,True,True,True,False,False,False,True,False,False,False,True,False
2026-07-08,2379,瑞昱,TWSE,817.0,5575665141,4254263645.0,4816629681.15,3637395268.266667,63.0,61.0,80.0,20,True,False,True,True,True,False,False,False,True,False,False,False,True,False
2026-07-08,2882,國泰金,TWSE,98.0,3033595684,4245857544.8,4867153333.95,3901644671.516667,64.0,60.0,72.0,20,True,False,True,True,True,False,False,False,True,False,False,False,True,False
2026-07-08,7769,鴻勁,TWSE,6055.0,3724079180,4170945353.0,4943222051.15,6232867370.2,65.0,58.0,49.0,20,True,False,True,True,True,False,False,False,True,False,False,False,True,False
2026-07-08,2472,立隆電,TWSE,351.0,2541288114,4156004461.8,5223314849.7,3263254132.35,66.0,53.0,93.0,20,True,False,True,True,True,False,False,False,True,False,False,False,True,False
2026-07-08,5328,華容,TPEx,71.8,2112706397,4108278404.2,2848664648.1,1378259652.2333333,67.0,100.0,196.0,20,True,False,True,True,True,False,False,False,True,False,False,False,True,False
2026-07-08,5274,信驊,TPEx,13975.0,4292935060,4080668487.0,4581667324.1,5489954092.7,68.0,64.0,53.0,20,True,False,True,True,True,False,False,False,True,False,False,False,True,False
2026-07-08,2464,盟立,TWSE,159.5,851932017,4077357355.0,2796178178.85,2868779742.3333335,69.0,103.0,107.0,20,True,False,True,True,True,False,False,False,True,False,False,False,True,False
2026-07-08,1717,長興,TWSE,76.7,1524425043,4055357575.0,1646858018.65,3338829528.5,70.0,164.0,90.0,20,True,False,True,True,True,False,False,False,True,False,False,False,True,False
2026-07-08,2881,富邦金,TWSE,126.0,3245854930,4038187740.0,5160246348.7,4970976657.65,71.0,54.0,59.0,20,True,False,True,True,True,False,False,False,True,False,False,False,True,False
2026-07-08,2301,光寶科,TWSE,214.0,2735547879,4001376429.2,5879442247.15,7637426618.05,72.0,46.0,40.0,20,True,False,True,True,True,False,False,False,True,False,False,False,True,False
2026-07-08,3167,大量,TWSE,810.0,2731363931,3713810624.8,2288138451.4,1915301246.1166666,73.0,120.0,155.0,14,True,False,True,True,True,False,False,False,True,False,False,False,True,False
2026-07-08,8043,蜜望實,TPEx,179.0,1726260238,3704694439.4,4425142646.1,2744784532.1666665,74.0,68.0,113.0,20,True,False,True,True,True,False,False,False,True,False,False,False,True,False
2026-07-08,6442,光聖,TWSE,1485.0,5305185645,3617910746.0,3392223341.25,5359588610.25,75.0,81.0,54.0,20,True,False,True,True,True,False,False,False,True,False,False,False,True,False
2026-07-08,1409,新纖,TWSE,29.25,3229317209,3580285244.4,1434989836.6,693323259.0666667,76.0,185.0,290.0,14,True,False,True,True,True,False,False,False,True,False,False,False,True,False
2026-07-08,8033,雷虎,TWSE,227.5,1706428292,3553251721.0,1824761381.9,1070932828.4666667,77.0,151.0,228.0,12,True,False,True,True,True,False,False,False,True,False,False,False,True,False
2026-07-08,1785,光洋科,TPEx,143.5,1546703627,3541160864.0,2897139935.1,3876299971.55,78.0,96.0,73.0,20,True,False,True,True,True,False,False,False,True,False,False,False,True,False
2026-07-08,4979,華星光,TPEx,434.5,3113349669,3437441591.0,2808465247.25,3815775402.0666666,79.0,102.0,76.0,20,True,False,True,True,True,False,False,False,True,False,False,False,True,False
2026-07-08,2891,中信金,TWSE,71.3,3875289412,3345440421.0,3564538980.6,3407032776.35,80.0,79.0,88.0,20,True,False,True,True,True,False,False,False,True,False,False,False,True,False
2026-07-08,6257,矽格,TWSE,244.5,1775615528,3295375510.6,2851632334.5,2978322151.7833333,81.0,99.0,104.0,20,True,False,True,True,True,False,False,False,True,False,False,False,True,False
2026-07-08,2404,漢唐,TWSE,1200.0,2809087895,3271810679.0,4953661879.0,5236181397.0,82.0,57.0,57.0,20,True,False,True,True,True,False,False,False,True,False,False,False,True,False
2026-07-08,3363,上詮,TPEx,640.0,5280884167,3239878207.6,2388611905.55,2866911348.3333335,83.0,113.0,108.0,20,True,False,True,True,True,False,False,False,True,False,False,False,True,False
2026-07-08,6531,愛普*,TWSE,926.0,2687556626,3109382369.0,4470027758.2,6350545405.833333,84.0,65.0,48.0,20,True,False,True,True,True,False,False,False,True,False,False,False,True,False
2026-07-08,2492,華新科,TWSE,474.0,11403779507,3076906546.0,5673429969.15,3795814601.633333,85.0,47.0,77.0,20,True,False,True,True,True,False,False,False,True,False,False,False,True,False
2026-07-08,2603,長榮,TWSE,196.0,3145441094,3064573588.8,4186562295.8,4081924963.5833335,86.0,69.0,67.0,20,True,False,True,True,True,False,False,False,True,False,False,False,True,False
2026-07-08,4991,環宇-KY,TPEx,482.0,3921591719,2997755246.6,2089529273.15,2445161135.383333,87.0,131.0,127.0,14,True,False,True,True,True,False,False,False,True,False,False,False,True,False
2026-07-08,4989,榮科,TWSE,98.4,1355826893,2988126971.0,1199890518.95,1214446293.9833333,88.0,206.0,209.0,12,True,False,True,True,True,False,False,False,True,False,False,False,True,False
2026-07-08,3260,威剛,TPEx,404.0,2406105366,2917626883.6,4464767682.15,9330892858.95,89.0,66.0,31.0,20,True,False,True,True,True,False,False,False,True,False,False,False,True,False
2026-07-08,3532,台勝科,TWSE,409.5,2765223915,2914848967.6,1624177394.25,1153125863.7833333,90.0,169.0,213.0,12,True,False,True,True,True,False,False,False,True,False,False,False,True,False
2026-07-08,2357,華碩,TWSE,687.0,3298288733,2882620993.2,4071678152.7,4161568075.5833335,91.0,71.0,66.0,20,True,False,True,True,True,False,False,False,True,False,False,False,True,False
2026-07-08,3653,健策,TWSE,3200.0,2407972765,2881575072.0,5277453744.75,5903229228.833333,92.0,52.0,52.0,20,True,False,True,True,True,False,False,False,True,False,False,False,True,False
2026-07-08,3264,欣銓,TPEx,232.0,1197360501,2877524284.0,2156627750.8,2831865514.4166665,93.0,128.0,110.0,20,True,False,True,True,True,False,False,False,True,False,False,False,True,False
2026-07-08,8028,昇陽半導體,TWSE,305.5,1674742841,2860630901.0,2408961844.8,3499505590.5833335,94.0,111.0,86.0,20,True,False,True,True,True,False,False,False,True,False,False,False,True,False
2026-07-08,4919,新唐,TWSE,158.5,1459874863,2842662111.8,3084369229.15,3593644659.15,95.0,89.0,82.0,19,True,False,True,True,True,False,False,False,True,False,False,False,True,False
2026-07-08,3211,順達,TPEx,427.5,1944961192,2748378452.0,2507810907.7,3951151647.3166666,96.0,108.0,70.0,20,True,False,True,True,True,False,False,False,True,False,False,False,True,False
2026-07-08,6805,富世達,TWSE,1395.0,4761716575,2727506957.0,2238805919.5,3717265474.3333335,97.0,123.0,79.0,20,True,False,True,True,True,False,False,False,True,False,False,False,True,False
2026-07-08,8042,金山電,TPEx,162.0,1581236396,2670107800.6,1395740645.05,695292704.4,98.0,193.0,287.0,13,True,False,True,True,True,False,False,False,True,False,False,False,True,False
2026-07-08,1802,台玻,TWSE,66.0,2169694480,2661826326.0,5442129034.1,8326168717.45,99.0,49.0,36.0,20,True,False,True,True,True,False,False,False,True,False,False,False,True,False
2026-07-08,6719,力智,TWSE,277.0,1025259745,2596981573.0,1649027481.25,860248099.4333333,100.0,163.0,260.0,13,True,False,True,True,True,False,False,False,True,False,False,False,True,False
2026-07-08,2412,中華電,TWSE,139.5,3556651406,2590107225.2,2137524534.05,2028137295.6666667,101.0,129.0,148.0,20,True,False,True,True,True,False,False,False,True,False,False,False,True,False
2026-07-08,6187,萬潤,TPEx,955.0,1918790371,2576144575.2,2101892965.65,3835665340.85,102.0,130.0,75.0,20,True,False,True,True,True,False,False,False,True,False,False,False,True,False
2026-07-08,3006,晶豪科,TWSE,215.5,2467505065,2572568103.0,2869547035.25,4645580667.3,103.0,97.0,61.0,20,True,False,True,True,True,False,False,False,True,False,False,False,True,False
2026-07-08,6409,旭隼,TWSE,1140.0,1587439675,2524426898.0,1630195900.4,1233261777.2833333,104.0,167.0,205.0,18,True,False,True,True,True,False,False,False,True,False,False,False,True,False
2026-07-08,1314,中石化,TWSE,9.7,3120432120,2497083027.6,807386613.05,411597366.15,105.0,251.0,390.0,5,True,False,True,True,True,False,False,False,True,False,False,False,True,False
2026-07-08,2634,漢翔,TWSE,59.6,1538571736,2477232231.4,1202866097.55,578614808.1333333,106.0,205.0,330.0,8,True,False,True,True,True,False,False,False,True,False,False,False,True,False
2026-07-08,2887,台新新光金,TWSE,35.85,2751204366,2469695150.8,2726586533.65,2846839959.516667,107.0,104.0,109.0,20,True,False,True,True,True,False,False,False,True,False,False,False,True,False
2026-07-08,3034,聯詠,TWSE,544.0,3300085446,2442061086.4,3367055268.65,3102449823.383333,108.0,82.0,97.0,20,True,False,True,True,True,False,False,False,True,False,False,False,True,False
2026-07-08,2455,全新,TWSE,335.0,2478164763,2437550156.4,3295875453.15,3042552924.3333335,109.0,84.0,102.0,20,True,False,True,True,True,False,False,False,True,False,False,False,True,False
2026-07-08,3163,波若威,TPEx,777.0,4377978870,2428607095.0,2451108335.9,3062615921.0833335,110.0,110.0,100.0,20,True,False,True,True,True,False,False,False,True,False,False,False,True,False
2026-07-08,5351,鈺創,TPEx,89.3,2916161277,2416228879.6,2491650761.3,2426717225.55,111.0,109.0,128.0,20,True,False,True,True,True,False,False,False,True,False,False,False,True,False
2026-07-08,2618,長榮航,TWSE,39.85,4414710834,2413674863.2,2821048473.4,1921300827.8166666,112.0,101.0,154.0,20,True,False,True,True,True,False,False,False,True,False,False,False,True,False
2026-07-08,3016,嘉晶,TWSE,120.0,1014811147,2354854282.4,1927305298.55,1144272576.3666666,113.0,143.0,217.0,17,True,False,True,True,True,False,False,False,True,False,False,False,True,False
2026-07-08,6451,訊芯-KY,TWSE,525.0,2869206926,2302424483.0,3425062070.3,2992188874.4666667,114.0,80.0,103.0,20,True,False,True,True,True,False,False,False,True,False,False,False,True,False
2026-07-08,4931,新盛力,TPEx,272.0,4538206467,2280931261.4,1900156635.9,2608488103.1,115.0,145.0,119.0,20,True,False,True,True,True,False,False,False,True,False,False,False,True,False
2026-07-08,2426,鼎元,TWSE,73.5,1542045481,2280801422.2,1978743596.65,1392911046.2,116.0,139.0,194.0,20,True,False,True,True,True,False,False,False,True,False,False,False,True,False
2026-07-08,2645,長榮航太,TWSE,235.5,1712591731,2186571843.8,815053596.2,457122852.6166667,117.0,250.0,368.0,6,True,False,True,True,True,False,False,False,True,False,False,False,True,False
2026-07-08,3707,漢磊,TPEx,81.5,811340386,2180762209.8,1959954651.3,1791848516.4333334,118.0,141.0,163.0,20,True,False,True,True,True,False,False,False,True,False,False,False,True,False
2026-07-08,2883,凱基金,TWSE,30.7,2247337710,2177674781.2,2981274913.1,2489702450.9,119.0,91.0,122.0,20,True,False,True,True,True,False,False,False,True,False,False,False,True,False
2026-07-08,3324,雙鴻,TPEx,925.0,3359063599,2135702469.0,2260630401.4,4302022969.983334,120.0,122.0,64.0,20,True,False,True,True,True,False,False,False,True,False,False,False,True,False
2026-07-08,3529,力旺,TPEx,2680.0,1576856315,2127066237.0,1654595138.75,3064904469.366667,121.0,162.0,99.0,20,True,False,True,True,True,False,False,False,True,False,False,False,True,False
2026-07-08,6781,AES-KY,TWSE,1165.0,2475187305,2105748424.0,1609300100.25,2040048287.7333333,122.0,170.0,146.0,20,True,False,True,True,True,False,False,False,True,False,False,False,True,False
2026-07-08,2481,強茂,TWSE,211.5,1733685799,2072780158.6,4034087181.15,5034804620.916667,123.0,72.0,58.0,20,True,False,True,True,True,False,False,False,True,False,False,False,True,False
2026-07-08,4904,遠傳,TWSE,93.2,3329786188,2032764493.4,2331374559.1,1273039577.3666666,124.0,116.0,201.0,20,True,False,True,True,True,False,False,False,True,False,False,False,True,False
2026-07-08,2441,超豐,TWSE,138.0,985986455,2030395372.8,1550106918.1,1582630969.3666666,125.0,174.0,177.0,20,True,False,True,True,True,False,False,False,True,False,False,False,True,False
2026-07-08,2351,順德,TWSE,203.5,1362575011,2015297882.0,1814470417.2,1705728454.6833334,126.0,153.0,167.0,19,True,False,True,True,True,False,False,False,True,False,False,False,True,False
2026-07-08,3045,台灣大,TWSE,113.0,2477881880,2008877122.4,1547313040.15,1549172767.9833333,127.0,175.0,183.0,20,True,False,True,True,True,False,False,False,True,False,False,False,True,False
2026-07-08,5269,祥碩,TWSE,1525.0,1384887930,1980668385.0,1719225070.5,2711580717.5,128.0,156.0,115.0,20,True,False,True,True,True,False,False,False,True,False,False,False,True,False
2026-07-08,2486,一詮,TWSE,241.5,952221273,1978231090.8,2027296615.35,2149610363.9166665,129.0,134.0,137.0,20,True,False,True,True,True,False,False,False,True,False,False,False,True,False
2026-07-08,8112,至上,TWSE,85.4,2371268988,1976892709.2,2656552850.8,2487369242.05,130.0,106.0,123.0,20,True,False,True,True,True,False,False,False,True,False,False,False,True,False
2026-07-08,2377,微星,TWSE,142.0,3362353950,1961323705.8,2389860958.9,3362702739.35,131.0,112.0,89.0,20,True,False,True,True,True,False,False,False,True,False,False,False,True,False
2026-07-08,3706,神達,TWSE,88.2,896718513,1959059861.8,1884220943.95,2022594146.5,132.0,146.0,149.0,20,True,False,True,True,True,False,False,False,True,False,False,False,True,False
2026-07-08,2458,義隆,TWSE,186.0,1506486667,1942986618.6,1569320284.45,923706423.4333333,133.0,172.0,248.0,15,True,False,True,True,True,False,False,False,True,False,False,False,True,False
2026-07-08,3131,弘塑,TPEx,3110.0,2100820860,1938286551.0,1669230063.25,2242425555.75,134.0,161.0,131.0,20,True,False,True,True,True,False,False,False,True,False,False,False,True,False
2026-07-08,8069,元太,TPEx,199.0,893778110,1934660452.0,1834992537.1,2139435024.55,135.0,149.0,139.0,20,True,False,True,True,True,False,False,False,True,False,False,False,True,False
2026-07-08,6138,茂達,TPEx,375.0,959451601,1927350214.4,1017094625.25,648054713.3166667,136.0,229.0,303.0,12,True,False,True,True,True,False,False,False,True,False,False,False,True,False
2026-07-08,3036,文曄,TWSE,210.5,1348899032,1769448794.0,2701909415.2,3130568887.0666666,137.0,105.0,96.0,20,True,False,True,True,True,False,False,False,True,False,False,False,True,False
2026-07-08,3533,嘉澤,TWSE,1990.0,1043500460,1765127786.2,2190606032.05,3584428572.85,138.0,126.0,83.0,20,True,False,True,True,True,False,False,False,True,False,False,False,True,False
2026-07-08,6278,台表科,TWSE,200.0,903691071,1761416806.0,1948594105.65,2914341515.233333,139.0,142.0,105.0,20,True,False,True,True,True,False,False,False,True,False,False,False,True,False
2026-07-08,1718,中纖,TWSE,14.25,281735162,1758150369.6,882959933.5,372217913.56666666,140.0,241.0,411.0,8,True,False,True,True,True,False,False,False,True,False,False,False,True,False
2026-07-08,6191,精成科,TWSE,105.5,902482567,1757907655.2,1557723360.4,1190535192.5166667,141.0,173.0,210.0,19,True,False,True,True,True,False,False,False,True,False,False,False,True,False
2026-07-08,3035,智原,TWSE,216.0,2502399264,1750140849.8,2299236745.25,2875956222.0,142.0,118.0,106.0,20,True,False,True,True,True,False,False,False,True,False,False,False,True,False
2026-07-08,3044,健鼎,TWSE,472.0,1622765647,1746389008.2,2215659176.35,2542720321.7833333,143.0,124.0,121.0,20,True,False,True,True,True,False,False,False,True,False,False,False,True,False
2026-07-08,1815,富喬,TPEx,96.6,1174550423,1733556389.4,3134235366.25,4388217231.45,144.0,88.0,63.0,20,True,False,True,True,True,False,False,False,True,False,False,False,True,False
2026-07-08,8996,高力,TWSE,1320.0,2984202110,1710829241.0,3293510709.75,3336443789.15,145.0,85.0,91.0,20,True,False,True,True,True,False,False,False,True,False,False,False,True,False
2026-07-08,6672,騰輝電子-KY,TWSE,306.0,1430599595,1677408488.6,1821755040.0,1607651645.8166666,146.0,152.0,175.0,20,True,False,True,True,True,False,False,False,True,False,False,False,True,False
2026-07-08,8021,尖點,TWSE,518.0,655028360,1676611307.4,3709026702.3,2807581322.2,147.0,76.0,112.0,20,True,False,True,True,True,False,False,False,True,False,False,False,True,False
2026-07-08,6207,雷科,TPEx,131.0,746752943,1660206628.8,2201176877.15,1647952028.2,148.0,125.0,170.0,20,True,False,True,True,True,False,False,False,True,False,False,False,True,False
2026-07-08,2885,元大金,TWSE,71.5,1969963091,1646185440.6,1967801982.15,1830072711.4,149.0,140.0,160.0,20,True,False,True,True,True,False,False,False,True,False,False,False,True,False
2026-07-08,2356,英業達,TWSE,66.2,1501419398,1644506836.0,2266533307.2,3989652839.4,150.0,121.0,68.0,20,True,False,True,True,True,False,False,False,True,False,False,False,True,False
2026-07-08,6290,良維,TPEx,302.0,850004194,1644340643.4,1424638436.6,2156006064.1666665,151.0,188.0,135.0,20,True,False,True,True,True,False,False,False,True,False,False,False,True,False
2026-07-08,2467,志聖,TWSE,552.0,1959059034,1644138764.2,1130047472.15,1415119277.2,152.0,218.0,191.0,20,True,False,True,True,True,False,False,False,True,False,False,False,True,False
2026-07-08,6415,矽力*-KY,TWSE,551.0,3285819418,1640251089.6,2972021077.9,3542801118.383333,153.0,92.0,84.0,20,True,False,True,True,True,False,False,False,True,False,False,False,True,False
2026-07-08,2395,研華,TWSE,546.0,4367525614,1627508151.6,1403181267.9,1886177945.2333333,154.0,191.0,158.0,20,True,False,True,True,True,False,False,False,True,False,False,False,True,False
2026-07-08,2890,永豐金,TWSE,41.9,1312058952,1615677184.0,2365017939.15,1572707355.6333334,155.0,114.0,179.0,20,True,False,True,True,True,False,False,False,True,False,False,False,True,False
2026-07-08,3605,宏致,TWSE,90.8,1433445240,1597673541.8,614920248.05,604549903.9166666,156.0,305.0,317.0,5,True,False,True,True,True,False,False,False,True,False,False,False,True,False
2026-07-08,6548,長科*,TPEx,83.5,918736892,1590097158.6,1177852759.4,898257000.55,157.0,208.0,253.0,12,True,False,True,True,True,False,False,False,True,False,False,False,True,False
2026-07-08,5425,台半,TPEx,136.0,950923824,1564441600.8,2854251478.1,2461390357.266667,158.0,98.0,125.0,20,True,False,True,True,True,False,False,False,True,False,False,False,True,False
2026-07-08,6435,大中,TPEx,388.0,1028974682,1560727833.8,745048111.5,440824435.26666665,159.0,260.0,374.0,9,True,False,True,True,True,False,False,False,True,False,False,False,True,False
2026-07-08,2376,技嘉,TWSE,335.0,1589403326,1558671954.0,2595868687.8,4469170126.05,160.0,107.0,62.0,20,True,False,True,True,True,False,False,False,True,False,False,False,True,False
2026-07-08,6285,啟碁,TWSE,251.5,1102233667,1554902648.6,3345899766.45,6473557531.883333,161.0,83.0,47.0,20,True,False,True,True,True,False,False,False,True,False,False,False,True,False
2026-07-08,2049,上銀,TWSE,340.0,848309503,1538009539.0,1154790430.7,2467344923.05,162.0,214.0,124.0,20,True,False,True,True,True,False,False,False,True,False,False,False,True,False
2026-07-08,2493,揚博,TWSE,270.0,1257235223,1535152669.8,1112788141.05,892587311.8833333,163.0,220.0,256.0,14,True,False,True,True,True,False,False,False,True,False,False,False,True,False
2026-07-08,2884,玉山金,TWSE,34.75,1497872495,1530176047.2,2065279056.85,1681781147.7833333,164.0,132.0,168.0,20,True,False,True,True,True,False,False,False,True,False,False,False,True,False
2026-07-08,4916,事欣科,TWSE,111.0,711988532,1528313526.0,1135646748.95,977635417.6333333,165.0,217.0,242.0,18,True,False,True,True,True,False,False,False,True,False,False,False,True,False
2026-07-08,2474,可成,TWSE,195.0,926248640,1519584438.4,1520636935.55,2074269932.2333333,166.0,177.0,143.0,20,True,False,True,True,True,False,False,False,True,False,False,False,True,False
2026-07-08,2886,兆豐金,TWSE,46.8,1020720961,1511066867.2,2012679237.05,1551530900.4833333,167.0,136.0,180.0,20,True,False,True,True,True,False,False,False,True,False,False,False,True,False
2026-07-08,6525,捷敏-KY,TWSE,199.0,2630500627,1487647300.4,887506485.95,413992424.0,168.0,239.0,388.0,12,True,False,True,True,True,False,False,False,True,False,False,False,True,False
2026-07-08,5536,聖暉*,TPEx,1260.0,2150859770,1450341918.0,1311019680.25,1899118876.4,169.0,199.0,156.0,20,True,False,True,True,True,False,False,False,True,False,False,False,True,False
2026-07-08,6197,佳必琪,TWSE,369.0,1341256903,1445150694.6,1482112742.0,1467888258.35,170.0,182.0,188.0,20,True,False,True,True,True,False,False,False,True,False,False,False,True,False
2026-07-08,3293,鈊象,TPEx,748.0,1552377085,1418200618.0,1874311754.85,1750279534.4166667,171.0,147.0,164.0,20,True,False,True,True,True,False,False,False,True,False,False,False,True,False
2026-07-08,5439,高技,TPEx,338.0,627627818,1414452642.0,928064450.1,1897889480.4666667,172.0,238.0,157.0,15,True,False,True,True,True,False,False,False,True,False,False,False,True,False
2026-07-08,1216,統一,TWSE,78.6,1711258625,1412218243.6,1169975643.6,1149280827.3,173.0,211.0,215.0,20,True,False,True,True,True,False,False,False,True,False,False,False,True,False
2026-07-08,3491,昇達科,TPEx,1270.0,1495490110,1407507473.0,3047405823.25,3505092660.0,174.0,90.0,85.0,20,True,False,True,True,True,False,False,False,True,False,False,False,True,False
2026-07-08,2406,國碩,TWSE,39.05,662793869,1400752166.8,1496832815.75,846789506.7,175.0,181.0,262.0,16,True,False,True,True,True,False,False,False,True,False,False,False,True,False
2026-07-08,4966,譜瑞-KY,TPEx,662.0,1145648566,1373669344.2,1174032641.9,2252317926.733333,176.0,209.0,130.0,20,True,False,True,True,True,False,False,False,True,False,False,False,True,False
2026-07-08,3715,定穎投控,TWSE,151.5,1664229793,1373346881.4,1827732167.85,2729720298.4166665,177.0,150.0,114.0,20,True,False,True,True,True,False,False,False,True,False,False,False,True,False
2026-07-08,2369,菱生,TWSE,42.7,2149526931,1366980106.0,1251783572.4,883673188.65,178.0,201.0,257.0,13,True,False,True,True,True,False,False,False,True,False,False,False,True,False
2026-07-08,6510,精測,TPEx,2840.0,821317645,1354006471.0,2024904079.75,3075206853.1666665,179.0,135.0,98.0,20,True,False,True,True,True,False,False,False,True,False,False,False,True,False
2026-07-08,8210,勤誠,TWSE,1195.0,1260937140,1350145072.0,1759094299.25,3042815347.8166666,180.0,154.0,101.0,20,True,False,True,True,True,False,False,False,True,False,False,False,True,False
2026-07-08,1519,華城,TWSE,740.0,890029802,1339035671.2,2037552948.4,3200943778.883333,181.0,133.0,95.0,20,True,False,True,True,True,False,False,False,True,False,False,False,True,False
2026-07-08,2352,佳世達,TWSE,34.4,1312916793,1338572256.2,702772746.3,444897781.81666666,182.0,270.0,371.0,8,True,False,True,True,True,False,False,False,True,False,False,False,True,False
2026-07-08,2324,仁寶,TWSE,35.5,808630310,1334605094.0,2346435688.95,3619104432.6,183.0,115.0,81.0,20,True,False,True,True,True,False,False,False,True,False,False,False,True,False
2026-07-08,6831,邁科,TWSE,819.0,847437857,1323716786.8,1171974455.85,1074792391.3833334,184.0,210.0,226.0,20,True,False,True,True,True,False,False,False,True,False,False,False,True,False
2026-07-08,3413,京鼎,TWSE,339.0,1349113540,1318833689.8,978116005.85,928307890.3666667,185.0,232.0,246.0,14,True,False,True,True,True,False,False,False,True,False,False,False,True,False
2026-07-08,3563,牧德,TWSE,713.0,403146493,1317545523.6,666216937.25,1472927793.9833333,186.0,288.0,187.0,8,True,False,True,True,True,False,False,False,True,False,False,False,True,False
2026-07-08,6282,康舒,TWSE,59.0,1551006469,1315242518.8,2008661225.65,2612968688.233333,187.0,137.0,118.0,20,True,False,True,True,True,False,False,False,True,False,False,False,True,False
2026-07-08,3583,辛耘,TWSE,785.0,827674288,1313892283.2,1427898282.9,2054497619.8333333,188.0,186.0,145.0,20,True,False,True,True,True,False,False,False,True,False,False,False,True,False
2026-07-08,5314,世紀*,TPEx,67.4,607655608,1312311064.4,573182038.15,409518128.93333334,189.0,316.0,391.0,6,True,False,True,True,True,False,False,False,True,False,False,False,True,False
2026-07-08,6505,台塑化,TWSE,59.4,789319728,1287506104.8,702495310.65,590536468.5666667,190.0,271.0,324.0,10,True,False,True,True,True,False,False,False,True,False,False,False,True,False
2026-07-08,3221,台嘉碩,TPEx,57.6,406224771,1263751485.8,1003940529.55,738955962.65,191.0,231.0,280.0,15,True,False,True,True,True,False,False,False,True,False,False,False,True,False
2026-07-08,6727,亞泰金屬,TPEx,544.0,2293088799,1249316761.2,856942182.95,1044323651.7833333,192.0,244.0,231.0,13,True,False,True,True,True,False,False,False,True,False,False,False,True,False
2026-07-08,8027,鈦昇,TPEx,220.0,1035613064,1246183662.8,1234652771.95,1550009205.1166666,193.0,203.0,182.0,14,True,False,True,True,True,False,False,False,True,False,False,False,True,False
2026-07-08,3406,玉晶光,TWSE,612.0,1365549102,1240383765.8,3187086687.15,2088488497.8,194.0,87.0,142.0,20,True,False,True,True,True,False,False,False,True,False,False,False,True,False
2026-07-08,3227,原相,TPEx,228.0,725135469,1239514711.0,866483870.1,681024929.2833333,195.0,243.0,292.0,9,True,False,True,True,True,False,False,False,True,False,False,False,True,False
2026-07-08,2363,矽統,TWSE,67.0,789974685,1237756338.2,1736912349.85,1401299511.0333333,196.0,155.0,192.0,12,True,False,True,True,True,False,False,False,True,False,False,False,True,False
2026-07-08,2428,興勤,TWSE,301.0,530722610,1237659530.4,951743463.8,657093817.6166667,197.0,235.0,299.0,19,True,False,True,True,True,False,False,False,True,False,False,False,True,False
2026-07-08,1714,和桐,TWSE,17.75,848304902,1235636565.6,784141302.9,325279863.55,198.0,253.0,435.0,10,True,False,True,True,True,False,False,False,True,False,False,False,True,False
2026-07-08,3030,德律,TWSE,304.5,647517926,1214453407.0,943909644.85,1631838402.4166667,199.0,237.0,172.0,17,True,False,True,True,True,False,False,False,True,False,False,False,True,False
2026-07-08,2478,大毅,TWSE,181.0,1502004617,1209542531.6,2166495675.6,1166282938.5166667,200.0,127.0,211.0,14,True,False,True,True,True,False,False,False,True,False,False,False,True,False
2026-07-08,3673,TPK-KY,TWSE,78.1,567256478,1202863763.6,1456495107.9,1872826409.2,201.0,183.0,159.0,20,True,False,True,True,True,False,False,False,True,False,False,False,True,False
2026-07-08,6127,九豪,TPEx,76.1,532189295,1190514550.6,1641775259.75,1546057806.95,202.0,166.0,184.0,14,True,False,True,True,True,False,False,False,True,False,False,False,True,False
2026-07-08,8016,矽創,TWSE,352.0,1172259696,1189566789.0,1031968764.75,797719536.0833334,203.0,227.0,270.0,15,True,False,True,True,True,False,False,False,True,False,False,False,True,False
2026-07-08,1504,東元,TWSE,68.6,1558918299,1186845069.6,1182448491.0,1947949553.3666666,204.0,207.0,152.0,20,True,False,True,True,True,False,False,False,True,False,False,False,True,False
2026-07-08,8039,台虹,TWSE,140.0,650528009,1183716648.8,1169802950.9,2060477868.75,205.0,212.0,144.0,20,True,False,True,True,True,False,False,False,True,False,False,False,True,False
2026-07-08,2892,第一金,TWSE,34.1,1100096491,1176692197.0,1689789153.05,1467556754.7333333,206.0,159.0,189.0,20,True,False,True,True,True,False,False,False,True,False,False,False,True,False
2026-07-08,2609,陽明,TWSE,52.3,766908310,1153766450.8,1417458046.7,1399916372.2,207.0,190.0,193.0,20,True,False,True,True,True,False,False,False,True,False,False,False,True,False
2026-07-08,6753,龍德造船,TWSE,154.0,1067888357,1140309712.6,436655518.65,272007380.06666666,208.0,360.0,467.0,5,True,False,True,True,True,False,False,False,True,False,False,False,True,False
2026-07-08,3357,臺慶科,TPEx,272.0,880937592,1128201176.2,2910269774.7,2093137378.3833334,209.0,94.0,141.0,20,True,False,True,True,True,False,False,False,True,False,False,False,True,False
2026-07-08,3317,尼克森,TPEx,99.0,666844925,1096968593.0,689459840.25,525688000.78333336,210.0,279.0,347.0,11,True,False,True,True,True,False,False,False,True,False,False,False,True,False
2026-07-08,3149,正達,TWSE,85.5,643055337,1090847470.0,1421724749.3,1326859420.7166667,211.0,189.0,198.0,14,True,False,True,True,True,False,False,False,True,False,False,False,True,False
2026-07-08,3680,家登,TPEx,502.0,444969397,1085871324.0,1043395871.85,1705992648.9666667,212.0,226.0,166.0,20,True,False,True,True,True,False,False,False,True,False,False,False,True,False
2026-07-08,3702,大聯大,TWSE,105.5,723881510,1082774735.4,1454432316.45,1660432744.5,213.0,184.0,169.0,20,True,False,True,True,True,False,False,False,True,False,False,False,True,False
2026-07-08,8131,福懋科,TWSE,75.0,991950338,1077952860.6,701360136.8,578182604.0,214.0,272.0,331.0,11,True,False,True,True,True,False,False,False,True,False,False,False,True,False
2026-07-08,4542,科嶠,TPEx,391.5,533590596,1077709228.6,589225469.8,395225971.26666665,215.0,314.0,397.0,10,True,False,True,True,True,False,False,False,True,False,False,False,True,False
2026-07-08,6196,帆宣,TWSE,546.0,1031719359,1066119517.4,1274399103.0,1314672360.4,216.0,200.0,199.0,20,True,False,True,True,True,False,False,False,True,False,False,False,True,False
2026-07-08,2610,華航,TWSE,22.05,1186868453,1063036381.2,1702242232.5,1085613299.1833334,217.0,158.0,223.0,20,True,False,True,True,True,False,False,False,True,False,False,False,True,False
2026-07-08,7828,創新服務,TPEx,1925.0,932494350,1055368790.0,696842032.25,,218.0,275.0,,10,True,False,True,True,True,False,False,False,True,False,False,False,True,False
2026-07-08,2451,創見,TWSE,250.0,978979756,1040055027.2,1628677969.95,2620028238.75,219.0,168.0,117.0,20,True,False,True,True,True,False,False,False,True,False,False,False,True,False
2026-07-08,1708,東鹼,TWSE,60.0,476426327,1035091003.6,706528267.4,427526428.6333333,220.0,269.0,382.0,14,True,False,True,True,True,False,False,False,True,False,False,False,True,False
2026-07-08,3023,信邦,TWSE,319.5,452020738,1033976560.2,731647775.6,726452712.7166667,221.0,262.0,283.0,11,True,False,True,True,True,False,False,False,True,False,False,False,True,False
2026-07-08,1590,亞德客-KY,TWSE,1345.0,679517765,1022063496.0,1068578344.5,1608452347.4166667,222.0,222.0,174.0,20,True,False,True,True,True,False,False,False,True,False,False,False,True,False
2026-07-08,2353,宏碁,TWSE,32.3,1601611467,1014924404.6,1496840714.95,1737040983.3333333,223.0,180.0,165.0,20,True,False,True,True,True,False,False,False,True,False,False,False,True,False
2026-07-08,6116,彩晶,TWSE,17.25,833081074,1012186877.6,2296082267.7,1601445582.6,224.0,119.0,176.0,14,True,False,True,True,True,False,False,False,True,False,False,False,True,False
2026-07-08,3289,宜特,TPEx,163.0,284094388,1006370257.8,607721778.05,703205617.2333333,225.0,309.0,286.0,7,True,False,True,True,True,False,False,False,True,False,False,False,True,False
2026-07-08,2347,聯強,TWSE,89.1,1022753942,992710288.6,824694448.9,658497461.6166667,226.0,248.0,298.0,18,True,False,True,True,True,False,False,False,True,False,False,False,True,False
2026-07-08,3376,新日興,TWSE,197.0,465227709,980520840.8,1210614274.6,1575737579.45,227.0,204.0,178.0,20,True,False,True,True,True,False,False,False,True,False,False,False,True,False
2026-07-08,5434,崇越,TWSE,509.0,601170782,955269340.4,886958020.85,556889207.9,228.0,240.0,342.0,9,True,False,True,True,True,False,False,False,True,False,False,False,True,False
2026-07-08,1609,大亞,TWSE,39.5,754009147,952978804.8,427598936.4,386583043.6166667,229.0,367.0,404.0,4,True,False,True,True,True,False,False,False,True,False,False,False,True,False
2026-07-08,2359,所羅門,TWSE,135.5,258286175,947772346.8,526854519.6,639022159.8833333,230.0,332.0,308.0,7,True,False,True,True,True,False,False,False,True,False,False,False,True,False
2026-07-08,2630,亞航,TWSE,55.9,742867828,938584101.4,333991805.2,152795934.9,231.0,407.0,582.0,4,True,False,True,True,True,False,False,False,True,False,False,False,True,False
2026-07-08,3019,亞光,TWSE,145.0,316914033,928327601.0,1508896560.15,1387355780.8,232.0,178.0,195.0,20,True,False,True,True,True,False,False,False,True,False,False,False,True,False
2026-07-08,2615,萬海,TWSE,79.4,520865563,925734066.0,757018489.45,819510591.8333334,233.0,257.0,265.0,15,True,False,True,True,True,False,False,False,True,False,False,False,True,False
2026-07-08,6121,新普,TPEx,444.5,795927269,924801164.8,641853224.2,460024692.81666666,234.0,293.0,367.0,9,True,False,True,True,True,False,False,False,True,False,False,False,True,False
2026-07-08,3055,蔚華科,TWSE,168.5,393907983,921588696.4,404773393.85,393100887.96666664,235.0,378.0,399.0,4,True,False,True,True,True,False,False,False,True,False,False,False,True,False
2026-07-08,7610,聯友金屬-創,TWSE,2485.0,2741194330,898811305.0,1048569658.5,775177239.8,236.0,224.0,274.0,13,True,False,True,True,True,False,False,False,True,False,False,False,True,False
2026-07-08,6691,洋基工程,TWSE,715.0,983096505,896382609.8,1046007375.45,610813591.0666667,237.0,225.0,315.0,17,True,False,True,True,True,False,False,False,True,False,False,False,True,False
2026-07-08,1514,亞力,TWSE,121.5,322999558,894484496.4,748520481.95,822592824.8833333,238.0,259.0,264.0,17,True,False,True,True,True,False,False,False,True,False,False,False,True,False
2026-07-08,1513,中興電,TWSE,171.5,980581333,891572974.2,1643104887.6,1967435337.4833333,239.0,165.0,150.0,20,True,False,True,True,True,False,False,False,True,False,False,False,True,False
2026-07-08,6217,中探針,TPEx,254.0,209570782,891394015.4,1718875130.35,1306560282.4333334,240.0,157.0,200.0,20,True,False,True,True,True,False,False,False,True,False,False,False,True,False
2026-07-08,4967,十銓,TWSE,233.0,1609837559,885586591.0,1368446789.35,3305892008.35,241.0,195.0,92.0,20,True,False,True,True,True,False,False,False,True,False,False,False,True,False
2026-07-08,3236,千如,TPEx,62.0,445768217,883659536.0,1237672557.1,636279551.9166666,242.0,202.0,309.0,17,True,False,True,True,True,False,False,False,True,False,False,False,True,False
2026-07-08,3450,聯鈞,TWSE,510.0,1030423391,881421710.0,4936620639.65,6125240594.533334,243.0,59.0,50.0,20,True,False,True,True,True,False,False,False,True,False,False,False,True,False
2026-07-08,8081,致新,TWSE,295.5,404193700,860130054.8,633650841.4,450362188.23333335,244.0,296.0,370.0,12,True,False,True,True,True,False,False,False,True,False,False,False,True,False
2026-07-08,8096,擎亞,TPEx,169.5,2395388869,845802045.2,1059591434.65,1480713131.0333333,245.0,223.0,186.0,14,True,False,True,True,True,False,False,False,True,False,False,False,True,False
2026-07-08,4749,新應材,TPEx,877.0,739892626,844703191.0,1069065285.0,2458785967.366667,246.0,221.0,126.0,20,True,False,True,True,True,False,False,False,True,False,False,False,True,False
2026-07-08,4938,和碩,TWSE,83.8,722332292,843576932.4,2001435474.8,1806370611.7666667,247.0,138.0,162.0,20,True,False,True,True,True,False,False,False,True,False,False,False,True,False
2026-07-08,6919,康霈*,TWSE,104.5,1632706998,838810453.8,963191374.3,771838343.6666666,248.0,233.0,275.0,9,True,False,True,True,True,False,False,False,True,False,False,False,True,False
2026-07-08,6739,竹陞科技,TPEx,1110.0,503828485,836695655.0,362241186.15,658896282.05,249.0,397.0,297.0,3,True,False,True,True,True,False,False,False,True,False,False,False,True,False
2026-07-08,2912,統一超,TWSE,241.0,571511905,835702789.4,783415128.25,1083315667.55,250.0,254.0,224.0,20,True,False,True,True,True,False,False,False,True,False,False,False,True,False
2026-07-08,6789,采鈺,TWSE,513.0,676856112,834779542.8,1344697844.25,3458196540.8166666,251.0,197.0,87.0,20,False,True,True,True,True,False,False,False,True,False,False,False,True,False
2026-07-08,6449,鈺邦,TWSE,320.0,582726469,823726140.6,1013886974.1,588935945.7166667,252.0,230.0,325.0,16,False,True,True,True,True,False,False,False,True,False,False,False,True,False
2026-07-08,6175,立敦,TPEx,107.0,516618247,800361884.4,1425363406.9,1041053082.9333333,253.0,187.0,232.0,20,False,True,True,True,True,False,False,False,True,False,False,False,True,False
2026-07-08,7795,長廣,TWSE,587.0,366268643,798639156.0,460862979.1,320415181.75,254.0,352.0,437.0,6,False,True,True,True,True,False,False,False,True,False,False,False,True,False
2026-07-08,1795,美時,TWSE,209.5,1145842954,784644437.8,447372752.8,576006394.2166667,255.0,355.0,334.0,2,False,True,True,True,True,False,False,False,True,False,False,False,True,False
2026-07-08,7799,禾榮科,TWSE,442.0,915512363,777183170.4,429065297.55,245892558.5,256.0,366.0,483.0,3,False,True,True,True,True,False,False,False,True,False,False,False,True,False
2026-07-08,1727,中華化,TWSE,91.7,425222326,775069602.4,632661025.05,988619184.5833334,257.0,298.0,238.0,8,False,True,True,True,True,False,False,False,True,False,False,False,True,False
2026-07-08,1605,華新,TWSE,34.85,616116086,765662315.2,1507441836.4,1817481484.3833334,258.0,179.0,161.0,20,False,True,True,True,True,False,False,False,True,False,False,False,True,False
2026-07-08,5386,青雲,TPEx,412.5,585734567,762986002.0,726622749.5,988088186.0666667,259.0,264.0,239.0,16,False,True,True,True,True,False,False,False,True,False,False,False,True,False
2026-07-08,2399,映泰,TWSE,48.65,341688987,762457393.6,697652952.9,785925662.8833333,260.0,274.0,271.0,13,False,True,True,True,True,False,False,False,True,False,False,False,True,False
2026-07-08,8182,加高,TPEx,53.5,346241831,759375084.2,555276421.3,278331681.85,261.0,320.0,461.0,9,False,True,True,True,True,False,False,False,True,False,False,False,True,False
2026-07-08,2476,鉅祥,TWSE,132.0,942897238,757835829.0,633083241.25,742544532.6333333,262.0,297.0,278.0,14,False,True,True,True,True,False,False,False,True,False,False,False,True,False
2026-07-08,1477,聚陽,TWSE,224.0,861367044,738640515.0,753022619.45,613182975.7666667,263.0,258.0,314.0,14,False,True,True,True,True,False,False,False,True,False,False,False,True,False
2026-07-08,4763,材料*-KY,TWSE,48.9,348995477,725481641.0,512969497.6,415057279.8333333,264.0,336.0,387.0,7,False,True,True,True,True,False,False,False,True,False,False,False,True,False
2026-07-08,4576,大銀微系統,TWSE,220.5,359679430,716808619.8,453651675.65,983929395.6166667,265.0,354.0,241.0,3,False,True,True,True,True,False,False,False,True,False,False,False,True,False
2026-07-08,7402,邑錡,TPEx,135.5,453760449,699558904.6,241427001.45,127364422.11666666,266.0,470.0,616.0,3,False,True,True,True,True,False,False,False,True,False,False,False,True,False
2026-07-08,8064,東捷,TPEx,125.5,597614467,693852098.0,1401888215.0,1615311627.9166667,267.0,192.0,173.0,20,False,True,True,True,True,False,False,False,True,False,False,False,True,False
2026-07-08,6414,樺漢,TWSE,404.0,895968785,686553494.4,676769074.2,683491826.0833334,268.0,286.0,291.0,12,False,True,True,True,True,False,False,False,True,False,False,False,True,False
2026-07-08,1312,國喬,TWSE,13.65,222115731,685065989.2,315511959.75,237468220.83333334,269.0,420.0,495.0,4,False,True,True,True,True,False,False,False,True,False,False,False,True,False
2026-07-08,5871,中租-KY,TWSE,115.5,490832882,665807472.8,1157341713.85,1242705532.6666667,270.0,213.0,204.0,20,False,True,True,True,True,False,False,False,True,False,False,False,True,False
2026-07-08,6491,晶碩,TWSE,375.0,267439176,663074113.2,285080327.25,198883605.16666666,271.0,439.0,524.0,4,False,True,True,True,True,False,False,False,True,False,False,False,True,False
2026-07-08,8932,智通*,TPEx,119.5,1228123192,659532390.4,627289327.35,426119851.1,272.0,301.0,383.0,6,False,True,True,True,True,False,False,False,True,False,False,False,True,False
2026-07-08,1503,士電,TWSE,225.5,543551681,657855692.0,1143764736.8,1144902202.85,273.0,216.0,216.0,20,False,True,True,True,True,False,False,False,True,False,False,False,True,False
2026-07-08,8926,台汽電,TWSE,77.7,507789913,645688862.2,854828635.3,647517360.8666667,274.0,245.0,304.0,20,False,True,True,True,True,False,False,False,True,False,False,False,True,False
2026-07-08,3005,神基,TWSE,107.5,275596583,644680175.6,620770022.0,579648769.7,275.0,302.0,329.0,7,False,True,True,True,True,False,False,False,True,False,False,False,True,False
2026-07-08,6472,保瑞,TWSE,422.0,842647029,644492222.0,693927338.95,595543695.05,276.0,277.0,319.0,19,False,True,True,True,True,False,False,False,True,False,False,False,True,False
2026-07-08,2880,華南金,TWSE,39.7,635494371,624874210.6,1146522363.0,1249903676.7,277.0,215.0,203.0,20,False,True,True,True,True,False,False,False,True,False,False,False,True,False
2026-07-08,2302,麗正,TWSE,48.1,205785703,622125659.0,514220346.45,274070912.21666664,278.0,335.0,465.0,11,False,True,True,True,True,False,False,False,True,False,False,False,True,False
2026-07-08,4541,晟田,TPEx,60.4,765579778,621711046.4,241305078.65,123072801.66666667,279.0,471.0,629.0,2,False,True,True,True,True,False,False,False,True,False,False,False,True,False
2026-07-08,6683,雍智科技,TPEx,1665.0,468444805,620947721.0,2325285923.25,1933964360.5833333,280.0,117.0,153.0,20,False,True,True,True,True,False,False,False,True,False,False,False,True,False
2026-07-08,1560,中砂,TWSE,698.0,827081609,616110920.2,1024542714.95,1425385246.6833334,281.0,228.0,190.0,20,False,True,True,True,True,False,False,False,True,False,False,False,True,False
2026-07-08,3455,由田,TPEx,236.0,270976248,612906119.2,541875553.55,568000209.9166666,282.0,328.0,337.0,7,False,True,True,True,True,False,False,False,True,False,False,False,True,False
2026-07-08,2002,中鋼,TWSE,18.7,393696488,604484232.6,1334611189.3,1229374220.1333334,283.0,198.0,207.0,20,False,True,True,True,True,False,False,False,True,False,False,False,True,False
2026-07-08,8422,可寧衛*,TWSE,27.3,266692851,601886862.8,553453259.85,389340586.8666667,284.0,321.0,403.0,9,False,True,True,True,True,False,False,False,True,False,False,False,True,False
2026-07-08,6640,均華,TPEx,982.0,321761707,601558207.4,327937253.1,717902071.2,285.0,410.0,284.0,4,False,True,True,True,True,False,False,False,True,False,False,False,True,False
2026-07-08,2312,金寶,TWSE,34.15,394407089,601113090.0,1530026731.6,2277052380.1,286.0,176.0,129.0,20,False,True,True,True,True,False,False,False,True,False,False,False,True,False
2026-07-08,6830,汎銓,TWSE,410.5,555355493,591970464.2,659321303.25,1230816774.7833333,287.0,291.0,206.0,13,False,True,True,True,True,False,False,False,True,False,False,False,True,False
2026-07-08,3693,營邦,TPEx,520.0,1447998116,588000039.8,389396981.3,1027131235.6,289.0,383.0,234.0,1,False,True,True,True,True,False,False,False,True,False,False,False,True,False
2026-07-08,9904,寶成,TWSE,24.3,308900378,586931339.4,687952329.0,520585358.51666665,290.0,280.0,350.0,14,False,True,True,True,True,False,False,False,True,False,False,False,True,False
2026-07-08,8255,朋程,TPEx,181.5,199485111,572547778.4,551444890.85,419520465.71666664,291.0,323.0,385.0,7,False,True,True,True,True,False,False,False,True,False,False,False,True,False
2026-07-08,1101,台泥,TWSE,23.1,432888677,571031973.8,763930745.4,736323111.1166667,292.0,256.0,281.0,20,False,True,True,True,True,False,False,False,True,False,False,False,True,False
2026-07-08,1102,亞泥,TWSE,35.8,411916446,566767151.8,717049191.4,626285030.6833333,293.0,265.0,312.0,12,False,True,True,True,True,False,False,False,True,False,False,False,True,False
2026-07-08,1402,遠東新,TWSE,27.85,781987754,566664862.2,769381406.75,994272289.75,294.0,255.0,237.0,18,False,True,True,True,True,False,False,False,True,False,False,False,True,False
2026-07-08,2105,正新,TWSE,32.2,209841229,563232823.8,687671672.6,556380856.45,295.0,281.0,343.0,13,False,True,True,True,True,False,False,False,True,False,False,False,True,False
2026-07-08,2385,群光,TWSE,107.5,401880281,563185282.6,804446981.0,653091316.7166667,296.0,252.0,301.0,20,False,True,True,True,True,False,False,False,True,False,False,False,True,False
2026-07-08,6176,瑞儀,TWSE,90.9,342444963,557066668.0,735784708.65,934095007.3833333,297.0,261.0,245.0,20,False,True,True,True,True,False,False,False,True,False,False,False,True,False
2026-07-08,5904,寶雅,TPEx,717.0,386622289,553246138.2,397827163.95,312399558.15,298.0,381.0,441.0,2,False,True,True,True,True,False,False,False,True,False,False,False,True,False
2026-07-08,6584,南俊國際,TPEx,677.0,270736241,544995592.6,666204307.25,881877740.7833333,299.0,289.0,258.0,10,False,True,True,True,True,False,False,False,True,False,False,False,True,False
2026-07-08,2834,臺企銀,TWSE,18.25,807205560,544701958.0,686734139.85,645934859.7333333,300.0,283.0,305.0,18,False,True,True,True,True,False,False,False,True,False,False,False,True,False
2026-07-08,6174,安碁,TPEx,61.2,526975769,589796916.4,351380252.2,213838274.25,288.0,401.0,516.0,1,False,True,False,False,True,False,False,False,True,False,False,False,True,False
2026-07-08,1710,東聯,TWSE,17.3,131316263,539897984.4,246278286.4,147564172.08333334,301.0,464.0,587.0,2,False,False,True,False,True,False,False,False,True,False,False,False,True,False
2026-07-08,1476,儒鴻,TWSE,336.0,633719517,533646791.4,630553533.25,563447040.5333333,302.0,300.0,339.0,11,False,False,True,False,True,False,False,False,True,False,False,False,True,False
2026-07-08,6284,佳邦,TPEx,100.0,345401729,533030226.8,598671026.3,501133692.31666666,303.0,311.0,357.0,12,False,False,True,False,True,False,False,False,True,False,False,False,True,False
2026-07-08,4551,智伸科,TWSE,246.0,749824581,524354683.8,426979488.15,236035311.0,304.0,368.0,499.0,3,False,False,True,False,True,False,False,False,True,False,False,False,True,False
2026-07-08,3362,先進光,TPEx,168.0,388524936,522847719.4,1592965854.25,727831998.0166667,305.0,171.0,282.0,19,False,False,True,False,True,False,False,False,True,False,False,False,True,False
2026-07-08,2402,毅嘉,TWSE,65.6,196501078,519056182.8,503004369.95,1046850856.0166667,306.0,341.0,229.0,5,False,False,True,False,True,False,False,False,True,False,False,False,True,False
2026-07-08,5309,系統電,TPEx,64.0,668410313,515687061.4,399168783.65,664437925.7666667,307.0,379.0,293.0,4,False,False,True,False,True,False,False,False,True,False,False,False,True,False
2026-07-08,6944,兆聯實業,TWSE,941.0,749704056,515495310.4,731562076.3,826569061.7833333,308.0,263.0,263.0,15,False,False,True,False,True,False,False,False,True,False,False,False,True,False
2026-07-08,6202,盛群,TWSE,68.0,348048815,515170442.2,643760785.95,399030011.1666667,309.0,292.0,395.0,10,False,False,True,False,True,False,False,False,True,False,False,False,True,False
2026-07-08,2332,友訊,TWSE,21.9,672207469,508370881.4,322867610.0,163732249.66666666,310.0,412.0,565.0,0,False,False,False,False,True,False,False,False,True,False,False,False,True,False
2026-07-08,4743,合一,TPEx,55.7,312936965,499480355.8,204046525.2,157309526.25,311.0,497.0,578.0,0,False,False,False,False,True,False,False,False,True,False,False,False,True,False
2026-07-08,4707,磐亞,TPEx,37.95,570820967,499020393.8,275173798.0,140817095.26666668,312.0,444.0,598.0,2,False,False,True,False,True,False,False,False,True,False,False,False,True,False
2026-07-08,5469,瀚宇博,TWSE,83.5,284887089,495579020.8,570112147.8,452211205.28333336,313.0,318.0,369.0,8,False,False,True,False,True,False,False,False,True,False,False,False,True,False
2026-07-08,2367,燿華,TWSE,52.4,487773724,484069316.4,1382046375.85,2574814771.45,314.0,194.0,120.0,17,False,False,True,False,True,False,False,False,True,False,False,False,True,False
2026-07-08,3015,全漢,TWSE,65.8,183234673,483515398.0,235740413.8,145557253.81666666,315.0,477.0,589.0,0,False,False,False,False,True,False,False,False,True,False,False,False,True,False
2026-07-08,5285,界霖,TWSE,101.0,284716191,476477711.6,533739610.1,350870165.0833333,316.0,331.0,420.0,6,False,False,True,False,True,False,False,False,True,False,False,False,True,False
2026-07-08,1810,和成,TWSE,24.45,816129098,474556102.2,170585010.8,105257581.83333333,317.0,533.0,655.0,0,False,False,False,False,True,False,False,False,True,False,False,False,True,False
2026-07-08,5392,能率,TPEx,48.1,203017501,473693884.0,349878319.9,268117406.4,318.0,402.0,471.0,4,False,False,True,False,True,False,False,False,True,False,False,False,True,False
2026-07-08,6526,達發,TWSE,656.0,257527467,472233742.6,552044956.05,1088413319.1833334,319.0,322.0,222.0,10,False,False,True,False,True,False,False,False,True,False,False,False,True,False
2026-07-08,6005,群益證,TWSE,36.25,771050293,471875954.0,601246418.2,659976951.0,320.0,310.0,296.0,13,False,False,True,False,True,False,False,False,True,False,False,False,True,False
2026-07-08,3714,富采,TWSE,61.9,292600904,470429871.2,836080440.5,2029159669.3,321.0,246.0,147.0,16,False,False,True,False,True,False,False,False,True,False,False,False,True,False
2026-07-08,2231,為升,TWSE,115.5,298826441,470013613.6,163154419.75,159548442.4,322.0,543.0,571.0,0,False,False,False,False,True,False,False,False,True,False,False,False,True,False
2026-07-08,1711,永光,TWSE,43.2,236437183,466543377.2,406793446.6,1025885327.5333333,323.0,375.0,235.0,1,False,False,True,False,True,False,False,False,True,False,False,False,True,False
2026-07-08,6907,雅特力-KY,TPEx,189.0,149379139,462539113.6,319106053.0,320489130.3833333,324.0,415.0,436.0,3,False,False,True,False,True,False,False,False,True,False,False,False,True,False
2026-07-08,8091,翔名,TPEx,278.5,419951716,455123949.8,482355012.85,347334143.0,325.0,347.0,423.0,7,False,False,True,False,True,False,False,False,True,False,False,False,True,False
2026-07-08,2489,瑞軒,TWSE,38.65,341723707,451229019.2,1126628745.35,1633870075.4,326.0,219.0,171.0,18,False,False,True,False,True,False,False,False,True,False,False,False,True,False
2026-07-08,4764,雙鍵,TWSE,316.0,1672370079,450284261.6,609062395.75,577031532.3333334,327.0,308.0,332.0,8,False,False,True,False,True,False,False,False,True,False,False,False,True,False
2026-07-08,2801,彰銀,TWSE,23.9,507011975,448866523.2,823512069.6,628458103.6333333,328.0,249.0,310.0,15,False,False,True,False,True,False,False,False,True,False,False,False,True,False
2026-07-08,6215,和椿,TWSE,116.0,310429453,448238501.4,202939727.85,430681501.3833333,329.0,500.0,380.0,0,False,False,False,False,True,False,False,False,True,False,False,False,True,False
2026-07-08,5475,德宏,TPEx,213.5,758659762,445415897.2,516853596.25,914745234.0333333,330.0,334.0,249.0,6,False,False,True,False,True,False,False,False,True,False,False,False,True,False
2026-07-08,4971,IET-KY,TPEx,437.5,489929276,442635211.6,594132181.1,907462836.0833334,331.0,313.0,251.0,12,False,False,True,False,True,False,False,False,True,False,False,False,True,False
2026-07-08,2401,凌陽,TWSE,32.0,168078827,441788430.4,546925941.55,430552558.5,332.0,326.0,381.0,9,False,False,True,False,True,False,False,False,True,False,False,False,True,False
2026-07-08,2354,鴻準,TWSE,57.9,306657496,441525247.8,410708061.15,811388536.5333333,333.0,374.0,268.0,1,False,False,True,False,True,False,False,False,True,False,False,False,True,False
2026-07-08,2436,偉詮電,TWSE,68.9,266800330,439551945.6,398251187.4,763943894.75,334.0,380.0,276.0,2,False,False,True,False,True,False,False,False,True,False,False,False,True,False
2026-07-08,6658,聯策,TWSE,192.0,146386654,438710542.6,356639154.55,300533352.21666664,335.0,399.0,446.0,5,False,False,True,False,True,False,False,False,True,False,False,False,True,False
2026-07-08,6291,沛亨,TPEx,452.5,484152715,423753522.2,692132370.8,927375512.0333333,336.0,278.0,247.0,11,False,False,True,False,True,False,False,False,True,False,False,False,True,False
2026-07-08,8070,長華*,TWSE,53.3,255053885,422944420.8,535893485.05,488191589.1166667,337.0,330.0,361.0,10,False,False,True,False,True,False,False,False,True,False,False,False,True,False
2026-07-08,8454,富邦媒,TWSE,271.0,154486421,421790075.4,715968727.25,524918841.3666667,338.0,266.0,348.0,14,False,False,True,False,True,False,False,False,True,False,False,False,True,False
2026-07-08,8271,宇瞻,TWSE,181.0,370611982,416577410.8,511626073.95,986962115.4666667,339.0,337.0,240.0,6,False,False,True,False,True,False,False,False,True,False,False,False,True,False
2026-07-08,6456,GIS-KY,TWSE,71.6,338330281,408308093.2,429284131.45,973771635.8833333,340.0,364.0,244.0,3,False,False,True,False,True,False,False,False,True,False,False,False,True,False
2026-07-08,8086,宏捷科,TPEx,139.0,338872161,407791928.2,610249622.0,1149336837.3166666,341.0,307.0,214.0,15,False,False,True,False,True,False,False,False,True,False,False,False,True,False
2026-07-08,2340,台亞,TWSE,36.8,188513445,401679789.8,501597933.05,500317054.28333336,342.0,343.0,358.0,7,False,False,True,False,True,False,False,False,True,False,False,False,True,False
2026-07-08,2027,大成鋼,TWSE,40.55,301810178,397295151.2,686307680.95,976424494.0833334,343.0,284.0,243.0,15,False,False,True,False,True,False,False,False,True,False,False,False,True,False
2026-07-08,3663,鑫科,TPEx,79.2,109431444,396829369.2,281699984.05,365558965.6,344.0,442.0,413.0,0,False,False,False,False,True,False,False,False,True,False,False,False,True,False
2026-07-08,3305,昇貿,TWSE,131.0,679017803,393291316.4,474459518.15,1082822086.4833333,345.0,348.0,225.0,6,False,False,True,False,True,False,False,False,True,False,False,False,True,False
2026-07-08,5388,中磊,TWSE,83.1,299874321,392778406.0,306999859.85,434240938.98333335,346.0,424.0,376.0,0,False,False,False,False,True,False,False,False,True,False,False,False,True,False
2026-07-08,6143,振曜,TPEx,104.0,139662380,390788407.6,138605951.45,127991770.7,347.0,570.0,615.0,0,False,False,False,False,True,False,False,False,True,False,False,False,True,False
2026-07-08,5880,合庫金,TWSE,25.1,642869428,390370895.4,562552145.45,516185291.46666664,348.0,319.0,353.0,15,False,False,True,False,True,False,False,False,True,False,False,False,True,False
2026-07-08,3059,華晶科,TWSE,47.0,161339006,388029017.0,505075414.25,442053362.98333335,349.0,340.0,373.0,7,False,False,True,False,True,False,False,False,True,False,False,False,True,False
2026-07-08,2374,佳能,TWSE,75.0,167817060,387442782.2,471176444.7,784756024.1666666,350.0,349.0,273.0,8,False,False,True,False,True,False,False,False,True,False,False,False,True,False
2026-07-08,3717,聯嘉投控,TWSE,27.55,152683221,386822865.8,300448235.4,134199574.53333333,351.0,431.0,605.0,5,False,False,True,False,True,False,False,False,True,False,False,False,True,False
2026-07-08,2855,統一證,TWSE,50.4,277382174,385616643.4,549151038.45,561069885.25,352.0,324.0,341.0,8,False,False,True,False,True,False,False,False,True,False,False,False,True,False
2026-07-08,3022,威強電,TWSE,94.3,753856494,384869132.8,241471341.55,154411365.33333334,353.0,469.0,581.0,0,False,False,False,False,True,False,False,False,True,False,False,False,True,False
2026-07-08,6712,長聖,TPEx,183.0,742501487,384741353.6,189972502.75,91955796.0,354.0,516.0,694.0,0,False,False,False,False,True,False,False,False,True,False,False,False,True,False
2026-07-08,6432,今展科,TPEx,77.0,250410093,380929055.0,386255418.35,240477126.15,355.0,385.0,490.0,0,False,False,False,False,True,False,False,False,True,False,False,False,True,False
2026-07-08,1597,直得,TWSE,140.5,134574638,380047115.8,283249776.35,591036957.15,356.0,441.0,323.0,0,False,False,False,False,True,False,False,False,True,False,False,False,True,False
2026-07-08,4915,致伸,TWSE,68.2,244501105,380041456.2,432482294.0,342495809.71666664,357.0,362.0,425.0,4,False,False,True,False,True,False,False,False,True,False,False,False,True,False
2026-07-08,6903,巨漢,TPEx,367.0,266498747,377925904.0,320950869.15,465273918.76666665,358.0,414.0,366.0,0,False,False,False,False,True,False,False,False,True,False,False,False,True,False
2026-07-08,3014,聯陽,TWSE,153.5,445669281,375641313.4,572943409.2,424339866.46666664,359.0,317.0,384.0,11,False,False,True,False,True,False,False,False,True,False,False,False,True,False
2026-07-08,8054,安國,TPEx,100.5,312915855,371385159.6,614097951.8,443605905.8,360.0,306.0,372.0,7,False,False,True,False,True,False,False,False,True,False,False,False,True,False
2026-07-08,3265,台星科,TPEx,168.5,259285059,367650944.0,298491608.65,474883756.18333334,361.0,433.0,364.0,0,False,False,False,False,True,False,False,False,True,False,False,False,True,False
2026-07-08,3090,日電貿,TWSE,303.5,521516899,367059007.8,3254647163.55,2167670226.016667,362.0,86.0,134.0,12,False,False,True,False,True,False,False,False,True,False,False,False,True,False
2026-07-08,2466,冠西電,TWSE,96.9,161645995,364432620.2,162245321.25,75348688.35,363.0,545.0,739.0,0,False,False,False,False,True,False,False,False,True,False,False,False,True,False
2026-07-08,2233,宇隆,TWSE,256.0,98211876,362726341.4,426937807.5,571358909.8166667,364.0,369.0,336.0,7,False,False,True,False,True,False,False,False,True,False,False,False,True,False
2026-07-08,6209,今國光,TWSE,78.2,305451994,362386701.2,1856824576.6,1354873803.2833333,365.0,148.0,197.0,16,False,False,True,False,True,False,False,False,True,False,False,False,True,False
2026-07-08,5299,杰力,TPEx,123.5,133359269,360852409.8,198722090.3,128642474.86666666,366.0,502.0,611.0,0,False,False,False,False,True,False,False,False,True,False,False,False,True,False
2026-07-08,3135,凌航,TWSE,171.5,170310297,353045645.2,462156544.05,898914570.1833333,367.0,350.0,252.0,6,False,False,True,False,True,False,False,False,True,False,False,False,True,False
2026-07-08,6788,華景電,TPEx,408.0,288872071,351728701.2,506149583.05,694601129.0166667,368.0,339.0,288.0,9,False,False,True,False,True,False,False,False,True,False,False,False,True,False
2026-07-08,6509,聚和,TPEx,54.2,257956969,351531826.8,194733472.2,185030944.38333333,369.0,508.0,538.0,0,False,False,False,False,True,False,False,False,True,False,False,False,True,False
2026-07-08,4973,廣穎,TPEx,157.5,284473960,348545852.6,617125560.65,740012931.85,370.0,304.0,279.0,9,False,False,True,False,True,False,False,False,True,False,False,False,True,False
2026-07-08,3141,晶宏,TPEx,74.7,79014459,346680364.8,163973954.15,187362847.65,371.0,542.0,535.0,0,False,False,False,False,True,False,False,False,True,False,False,False,True,False
2026-07-08,9945,潤泰新,TWSE,25.5,121105107,346524000.8,329682719.4,237172909.08333334,372.0,409.0,497.0,0,False,False,False,False,True,False,False,False,True,False,False,False,True,False
2026-07-08,5864,致和證,TPEx,40.35,274697750,342998170.8,356319006.4,304786018.3833333,373.0,400.0,444.0,1,False,False,False,False,True,False,False,False,True,False,False,False,True,False
2026-07-08,5876,上海商銀,TWSE,42.55,302421124,342996481.6,525296307.0,479177458.53333336,374.0,333.0,362.0,13,False,False,True,False,True,False,False,False,True,False,False,False,True,False
2026-07-08,8227,巨有科技,TPEx,196.0,200707284,342178674.8,339426231.25,382088509.76666665,375.0,404.0,405.0,5,False,False,True,False,True,False,False,False,True,False,False,False,True,False
2026-07-08,6155,鈞寶,TWSE,76.3,243624204,342032849.4,1359827346.5,908276066.0333333,376.0,196.0,250.0,19,False,False,True,False,True,False,False,False,True,False,False,False,True,False
2026-07-08,7734,印能科技,TPEx,2795.0,209229920,340598489.0,709861874.5,1125612605.3333333,377.0,268.0,220.0,13,False,False,True,False,True,False,False,False,True,False,False,False,True,False
2026-07-08,2542,興富發,TWSE,43.5,175865718,339203326.2,695556895.45,618998920.0,378.0,276.0,313.0,10,False,False,True,False,True,False,False,False,True,False,False,False,True,False
2026-07-08,5443,均豪,TPEx,106.5,197286651,339021940.8,336903675.8,818617043.45,379.0,406.0,266.0,5,False,False,True,False,True,False,False,False,True,False,False,False,True,False
2026-07-08,2103,台橡,TWSE,23.8,162939981,338748917.2,162434597.35,136767373.43333334,380.0,544.0,601.0,0,False,False,False,False,True,False,False,False,True,False,False,False,True,False
2026-07-08,4540,全球傳動,TWSE,59.1,104936267,337256399.4,180839229.75,628112354.35,381.0,520.0,311.0,0,False,False,False,False,True,False,False,False,True,False,False,False,True,False
2026-07-08,6190,萬泰科,TPEx,83.1,195404633,334705411.6,365255837.1,693857917.1333333,382.0,395.0,289.0,0,False,False,True,False,True,False,False,False,True,False,False,False,True,False
2026-07-08,3004,豐達科,TWSE,145.5,190498602,330859125.8,139146146.8,109857141.65,383.0,569.0,646.0,0,False,False,False,False,True,False,False,False,True,False,False,False,True,False
2026-07-08,6412,群電,TWSE,89.0,110375095,330674737.0,306559101.5,331677622.0833333,384.0,425.0,431.0,0,False,False,False,False,True,False,False,False,True,False,False,False,True,False
2026-07-08,1313,聯成,TWSE,13.2,203500065,330588751.8,154253888.05,90341238.08333333,385.0,550.0,698.0,0,False,False,False,False,True,False,False,False,True,False,False,False,True,False
2026-07-08,4906,正文,TWSE,40.05,236858646,327734832.4,485360242.55,1029056916.9833333,386.0,346.0,233.0,8,False,False,True,False,True,False,False,False,True,False,False,False,True,False
2026-07-08,4908,前鼎,TPEx,170.0,281994682,325477003.2,405079432.95,516990045.56666666,387.0,377.0,351.0,2,False,False,True,False,True,False,False,False,True,False,False,False,True,False
2026-07-08,3596,智易,TWSE,195.5,214107210,324417187.6,461368305.35,360949465.4,388.0,351.0,415.0,6,False,False,True,False,True,False,False,False,True,False,False,False,True,False
2026-07-08,6156,松上,TPEx,27.7,97746646,318900523.4,165946024.45,63561283.333333336,389.0,540.0,771.0,0,False,False,False,False,True,False,False,False,True,False,False,False,True,False
2026-07-08,3498,陽程,TPEx,119.5,452823328,317051785.0,191052833.85,315135420.78333336,390.0,512.0,439.0,0,False,False,False,False,True,False,False,False,True,False,False,False,True,False
2026-07-08,8110,華東,TWSE,51.3,247199476,316492596.2,945117566.65,1071090932.2,391.0,236.0,227.0,16,False,False,True,False,True,False,False,False,True,False,False,False,True,False
2026-07-08,9105,泰金寶-DR,TWSE,8.7,366459175,315385298.4,630726656.9,587963452.95,392.0,299.0,326.0,14,False,False,True,False,True,False,False,False,True,False,False,False,True,False
2026-07-08,1809,中釉,TWSE,49.55,132907429,314415632.4,491234586.95,477091593.43333334,393.0,344.0,363.0,7,False,False,True,False,True,False,False,False,True,False,False,False,True,False
2026-07-08,7751,竑騰,TPEx,1420.0,182766285,313705877.0,368092696.0,639872668.8333334,394.0,392.0,307.0,0,False,False,False,False,True,False,False,False,True,False,False,False,True,False
2026-07-08,2208,台船,TWSE,20.25,241857500,311745370.8,140927683.25,110936725.33333333,395.0,566.0,643.0,0,False,False,False,False,True,False,False,False,True,False,False,False,True,False
2026-07-08,8464,億豐,TWSE,359.0,92811115,311687782.0,317210313.85,349245759.45,396.0,417.0,422.0,0,False,False,False,False,True,False,False,False,True,False,False,False,True,False
2026-07-08,2495,普安,TWSE,51.2,365173025,311433096.6,544367571.9,562251037.6166667,397.0,327.0,340.0,11,False,False,True,False,True,False,False,False,True,False,False,False,True,False
2026-07-08,5471,松翰,TWSE,62.9,201188570,310366702.0,395562822.2,238071287.01666668,398.0,382.0,493.0,5,False,False,True,False,True,False,False,False,True,False,False,False,True,False
2026-07-08,4760,勤凱,TPEx,331.5,337264546,308630794.6,433096588.95,524143332.55,399.0,361.0,349.0,5,False,False,True,False,True,False,False,False,True,False,False,False,True,False
2026-07-08,2329,華泰,TWSE,52.1,231256937,307842809.8,423396300.55,896681807.2333333,400.0,370.0,255.0,1,False,False,True,False,True,False,False,False,True,False,False,False,True,False
2026-07-08,9939,宏全,TWSE,124.0,104499468,305102000.2,256209192.95,214478237.38333333,401.0,459.0,515.0,0,False,False,False,False,True,False,False,False,True,False,False,False,True,False
2026-07-08,2328,廣宇,TWSE,48.85,137938932,304871489.8,265680573.5,592757357.8666667,402.0,452.0,322.0,0,False,False,False,False,True,False,False,False,True,False,False,False,True,False
2026-07-08,1515,力山,TWSE,41.5,97685997,304767920.8,140694264.8,60680321.9,403.0,567.0,788.0,0,False,False,False,False,True,False,False,False,True,False,False,False,True,False
2026-07-08,4939,亞電,TPEx,57.6,136347976,303975826.8,684792760.0,580911218.3333334,404.0,285.0,328.0,11,False,False,True,False,True,False,False,False,True,False,False,False,True,False
2026-07-08,4977,眾達-KY,TWSE,153.5,240599616,301900023.2,374939454.2,1541281274.7833333,405.0,389.0,185.0,0,False,False,True,False,True,False,False,False,True,False,False,False,True,False
2026-07-08,3689,湧德,TPEx,123.5,364215031,296133681.8,225887347.5,516890544.93333334,406.0,486.0,352.0,0,False,False,False,False,True,False,False,False,True,False,False,False,True,False
2026-07-08,4722,國精化,TWSE,259.5,376251664,295166801.8,687305172.25,785045315.8,407.0,282.0,272.0,14,False,False,True,False,True,False,False,False,True,False,False,False,True,False
2026-07-08,2236,百達-KY,TWSE,175.5,220994638,294508589.6,127824933.65,89696389.31666666,408.0,595.0,700.0,0,False,False,False,False,True,False,False,False,True,False,False,False,True,False
2026-07-08,3592,瑞鼎,TWSE,274.0,118045322,293965091.2,295561692.1,287862972.9,409.0,435.0,454.0,0,False,False,False,False,True,False,False,False,True,False,False,False,True,False
2026-07-08,6269,台郡,TWSE,63.7,166219606,293627082.2,873278631.55,580914609.9,410.0,242.0,327.0,16,False,False,True,False,True,False,False,False,True,False,False,False,True,False
2026-07-08,1536,和大,TWSE,50.0,107031456,289069234.2,135293130.7,150549636.8,411.0,579.0,586.0,0,False,False,False,False,True,False,False,False,True,False,False,False,True,False
2026-07-08,6579,研揚,TWSE,172.5,285886683,284734340.8,137616045.95,123562758.28333333,412.0,574.0,627.0,0,False,False,False,False,True,False,False,False,True,False,False,False,True,False
2026-07-08,7822,倍利科,TWSE,1005.0,197067505,284006090.0,371663546.4,494306852.05,413.0,390.0,359.0,0,False,False,False,False,True,False,False,False,True,False,False,False,True,False
2026-07-08,4585,達明,TWSE,318.0,67623982,281742862.2,128449217.0,205866840.68333334,414.0,593.0,521.0,0,False,False,False,False,True,False,False,False,True,False,False,False,True,False
2026-07-08,2485,兆赫,TWSE,50.2,247089325,280033250.6,618556380.45,1964928748.3833334,415.0,303.0,151.0,13,False,False,True,False,True,False,False,False,True,False,False,False,True,False
2026-07-08,2371,大同,TWSE,27.0,176191433,279206299.6,338736896.45,548133427.5,416.0,405.0,346.0,1,False,False,False,False,True,False,False,False,True,False,False,False,True,False
2026-07-08,3550,聯穎,TWSE,28.8,92470463,279059108.4,333165936.4,172614294.31666666,417.0,408.0,553.0,0,False,False,False,False,True,False,False,False,True,False,False,False,True,False
2026-07-08,6643,M31,TPEx,461.0,193521412,276714899.4,243387953.05,601346520.7166667,418.0,466.0,318.0,0,False,False,False,False,True,False,False,False,True,False,False,False,True,False
2026-07-08,2498,宏達電,TWSE,44.95,206755856,275992825.6,405497916.25,576360585.7666667,419.0,376.0,333.0,4,False,False,True,False,True,False,False,False,True,False,False,False,True,False
2026-07-08,8109,博大,TPEx,155.5,302940641,275834568.0,90576771.8,61569291.75,420.0,674.0,782.0,0,False,False,False,False,True,False,False,False,True,False,False,False,True,False
2026-07-08,3257,虹冠電,TWSE,65.9,55229840,273009078.2,178981251.35,100195384.26666667,421.0,524.0,670.0,0,False,False,False,False,True,False,False,False,True,False,False,False,True,False
2026-07-08,1210,大成,TWSE,56.9,232580413,272535611.8,222309350.95,197021891.6,422.0,487.0,527.0,0,False,False,False,False,True,False,False,False,True,False,False,False,True,False
2026-07-08,7788,松川精密,TWSE,242.5,207778221,271478006.4,699139324.2,434843951.71666664,423.0,273.0,375.0,14,False,False,True,False,True,False,False,False,True,False,False,False,True,False
2026-07-08,6829,千附精密,TPEx,216.0,150494690,270784543.6,283537958.7,299567042.26666665,424.0,440.0,448.0,1,False,False,False,False,True,False,False,False,True,False,False,False,True,False
2026-07-08,9958,世紀鋼,TWSE,118.5,202118397,268707767.0,318638320.4,300515295.8333333,425.0,416.0,447.0,2,False,False,True,False,True,False,False,False,True,False,False,False,True,False
2026-07-08,2388,威盛,TWSE,74.3,375811803,266315138.4,634652425.0,1134387475.1333334,426.0,295.0,219.0,8,False,False,True,False,True,False,False,False,True,False,False,False,True,False
2026-07-08,2812,台中銀,TWSE,20.6,159380305,263614461.8,298429525.15,349842731.15,427.0,434.0,421.0,0,False,False,False,False,True,False,False,False,True,False,False,False,True,False
2026-07-08,1304,台聚,TWSE,13.8,145250041,263474548.2,119092841.6,124747480.13333334,428.0,609.0,625.0,0,False,False,False,False,True,False,False,False,True,False,False,False,True,False
2026-07-08,8071,能率網通,TPEx,30.8,340960050,261723147.2,235375511.05,100615983.95,429.0,478.0,666.0,0,False,False,False,False,True,False,False,False,True,False,False,False,True,False
2026-07-08,6949,沛爾生醫-創,TWSE,960.0,458116073,259951926.6,238770135.55,180178669.45,430.0,474.0,543.0,0,False,False,False,False,True,False,False,False,True,False,False,False,True,False
2026-07-08,4739,康普,TWSE,110.0,231741630,257563892.8,548939232.05,604756846.1833333,431.0,325.0,316.0,8,False,False,True,False,True,False,False,False,True,False,False,False,True,False
2026-07-08,3485,敘豐,TPEx,288.0,95402426,257381945.8,144707430.45,,432.0,560.0,,0,False,False,False,False,True,False,False,False,True,False,False,False,True,False
2026-07-08,6732,昇佳電子,TPEx,198.5,163805206,257302630.6,88153005.55,63697811.68333333,433.0,680.0,769.0,0,False,False,False,False,True,False,False,False,True,False,False,False,True,False
2026-07-08,8289,泰藝,TPEx,60.0,173009744,255682565.8,290610700.65,337026005.53333336,434.0,437.0,429.0,0,False,False,False,False,True,False,False,False,True,False,False,False,True,False
2026-07-08,7750,新代,TWSE,2080.0,156505625,255323737.0,488774570.25,1220438717.3333333,435.0,345.0,208.0,6,False,False,True,False,True,False,False,False,True,False,False,False,True,False
2026-07-08,1434,福懋,TWSE,18.05,54629033,255111331.0,100335764.95,59896439.18333333,436.0,641.0,791.0,0,False,False,False,False,True,False,False,False,True,False,False,False,True,False
2026-07-08,1319,東陽,TWSE,76.2,178590843,251845118.6,639397646.8,494051844.96666664,437.0,294.0,360.0,15,False,False,True,False,True,False,False,False,True,False,False,False,True,False
2026-07-08,6693,廣閎科,TPEx,244.0,300317276,250838604.4,362750407.8,261651760.1,438.0,396.0,474.0,0,False,False,False,False,True,False,False,False,True,False,False,False,True,False
2026-07-08,6133,金橋,TWSE,24.9,56031190,250094302.4,81516036.7,60199515.86666667,439.0,698.0,789.0,0,False,False,False,False,True,False,False,False,True,False,False,False,True,False
2026-07-08,4526,東台,TWSE,37.05,249736182,250041234.6,242819327.8,360096184.8666667,440.0,467.0,416.0,0,False,False,False,False,True,False,False,False,True,False,False,False,True,False
2026-07-08,2637,慧洋-KY,TWSE,80.0,323793027,249803643.0,316100950.1,308326759.1333333,441.0,418.0,443.0,4,False,False,True,False,True,False,False,False,True,False,False,False,True,False
2026-07-08,3213,茂訊,TPEx,132.5,104311086,248090737.0,170829798.25,128508188.43333334,442.0,531.0,613.0,0,False,False,False,False,True,False,False,False,True,False,False,False,True,False
2026-07-08,3147,大綜,TPEx,226.0,37512859,245400457.8,321737671.1,212930805.15,443.0,413.0,517.0,6,False,False,True,False,True,False,False,False,True,False,False,False,True,False
2026-07-08,3526,凡甲,TPEx,310.0,151795423,243110169.0,239369800.25,381314809.1,444.0,472.0,407.0,0,False,False,False,False,True,False,False,False,True,False,False,False,True,False
2026-07-08,8155,博智,TPEx,352.5,178556061,241221767.0,429233369.15,1010810632.05,445.0,365.0,236.0,5,False,False,True,False,True,False,False,False,True,False,False,False,True,False
2026-07-08,4927,泰鼎-KY,TWSE,41.5,200262688,238660379.4,301883030.4,852261993.9333333,446.0,430.0,261.0,0,False,False,True,False,True,False,False,False,True,False,False,False,True,False
2026-07-08,3402,漢科,TPEx,143.5,117119871,237258495.0,177965160.3,204813831.45,447.0,525.0,522.0,0,False,False,False,False,True,False,False,False,True,False,False,False,True,False
2026-07-08,1563,巧新,TWSE,69.0,235322559,235508278.6,186831970.5,125883961.28333333,448.0,518.0,621.0,0,False,False,False,False,True,False,False,False,True,False,False,False,True,False
2026-07-08,4766,南寶,TWSE,345.5,233877802,232271764.0,227861011.85,377787556.45,449.0,484.0,409.0,0,False,False,False,False,True,False,False,False,True,False,False,False,True,False
2026-07-08,4169,泰宗,TWSE,279.0,387807336,229337084.0,110681648.15,61823651.1,450.0,624.0,779.0,0,False,False,False,False,True,False,False,False,True,False,False,False,True,False
2026-07-08,3479,安勤,TPEx,136.5,118085579,228778312.8,306423721.45,210533782.13333333,451.0,427.0,519.0,0,False,False,False,False,True,False,False,False,True,False,False,False,True,False
2026-07-08,6443,元晶,TWSE,31.5,233640070,227369281.8,713506859.55,709752471.15,452.0,267.0,285.0,8,False,False,True,False,True,False,False,False,True,False,False,False,True,False
2026-07-08,6706,惠特,TWSE,142.0,208688616,225315889.0,453658974.1,1251268662.2166667,453.0,353.0,202.0,7,False,False,True,False,True,False,False,False,True,False,False,False,True,False
2026-07-08,6224,聚鼎,TWSE,75.1,65084283,224841750.4,176030880.15,179181425.51666668,454.0,527.0,545.0,0,False,False,False,False,True,False,False,False,True,False,False,False,True,False
2026-07-08,2421,建準,TWSE,143.5,219489143,222665677.4,385650972.15,803715705.0333333,455.0,386.0,269.0,4,False,False,True,False,True,False,False,False,True,False,False,False,True,False
2026-07-08,1623,大東電,TWSE,231.0,110845805,222437240.2,85573710.85,87294665.23333333,456.0,687.0,707.0,0,False,False,False,False,True,False,False,False,True,False,False,False,True,False
2026-07-08,2316,楠梓電,TWSE,218.0,238494855,222411785.2,955566464.3,1135669243.2333333,457.0,234.0,218.0,15,False,False,True,False,True,False,False,False,True,False,False,False,True,False
2026-07-08,4961,天鈺,TWSE,175.0,152796702,221855827.0,190517808.45,243000796.95,458.0,513.0,484.0,0,False,False,False,False,True,False,False,False,True,False,False,False,True,False
2026-07-08,3587,閎康,TPEx,287.0,146286472,221006998.6,258542685.05,869360861.5166667,459.0,456.0,259.0,0,False,False,True,False,True,False,False,False,True,False,False,False,True,False
2026-07-08,1310,台苯,TWSE,11.05,125013727,220939770.4,118247817.5,72159423.71666667,460.0,611.0,748.0,0,False,False,False,False,True,False,False,False,True,False,False,False,True,False
2026-07-08,5284,jpp-KY,TWSE,343.0,183613704,219510973.4,257902175.65,595456484.4,461.0,457.0,321.0,0,False,False,False,False,True,False,False,False,True,False,False,False,True,False
2026-07-08,8222,寶一,TWSE,40.75,65131211,217090915.4,86760813.6,41724392.3,462.0,684.0,885.0,0,False,False,False,False,True,False,False,False,True,False,False,False,True,False
2026-07-08,6016,康和證,TPEx,27.0,421804127,216785390.8,269452622.0,328327128.21666664,463.0,449.0,433.0,3,False,False,True,False,True,False,False,False,True,False,False,False,True,False
2026-07-08,2606,裕民,TWSE,63.0,223230873,216384371.8,379622721.5,391168326.78333336,464.0,388.0,400.0,5,False,False,True,False,True,False,False,False,True,False,False,False,True,False
2026-07-08,4772,台特化,TPEx,274.5,105751601,216126537.6,229643562.65,554782001.4,465.0,482.0,345.0,0,False,False,False,False,True,False,False,False,True,False,False,False,True,False
2026-07-08,2427,三商電,TWSE,25.55,95384808,209897267.2,65020283.35,37747621.53333333,466.0,738.0,901.0,0,False,False,False,False,True,False,False,False,True,False,False,False,True,False
2026-07-08,3624,光頡,TPEx,140.0,197847824,209677370.0,1676095391.85,1123818333.1,467.0,160.0,221.0,13,False,False,True,False,True,False,False,False,True,False,False,False,True,False
2026-07-08,1447,力鵬,TWSE,8.65,41320777,208414139.2,65691828.3,31589866.5,468.0,737.0,939.0,0,False,False,False,False,True,False,False,False,True,False,False,False,True,False
2026-07-08,3691,碩禾,TPEx,146.0,109335395,207479874.2,430644268.05,432582544.01666665,469.0,363.0,378.0,7,False,False,True,False,True,False,False,False,True,False,False,False,True,False
2026-07-08,3088,艾訊,TPEx,147.5,410905431,206728159.0,238913998.0,254532517.93333334,470.0,473.0,478.0,0,False,False,False,False,True,False,False,False,True,False,False,False,True,False
2026-07-08,6937,天虹,TWSE,259.5,128658973,206652208.0,145780154.15,294750534.05,471.0,559.0,451.0,0,False,False,False,False,True,False,False,False,True,False,False,False,True,False
2026-07-08,4147,中裕,TPEx,70.8,127236027,205532408.4,155256438.4,100520539.7,472.0,547.0,668.0,0,False,False,False,False,True,False,False,False,True,False,False,False,True,False
2026-07-08,2355,敬鵬,TWSE,51.2,166678456,204631951.2,660713740.3,1162484052.3,473.0,290.0,212.0,9,False,False,True,False,True,False,False,False,True,False,False,False,True,False
2026-07-08,3694,海華,TWSE,61.6,66617413,204374396.8,137843928.05,166970962.26666668,474.0,573.0,561.0,0,False,False,False,False,True,False,False,False,True,False,False,False,True,False
2026-07-08,3028,增你強,TWSE,74.1,177484360,204273652.2,273282731.4,404461366.8333333,475.0,448.0,394.0,0,False,False,False,False,True,False,False,False,True,False,False,False,True,False
2026-07-08,6664,群翊,TPEx,362.0,157751201,203342478.6,207135345.25,664425544.0333333,476.0,494.0,294.0,0,False,False,True,False,True,False,False,False,True,False,False,False,True,False
2026-07-08,8936,國統,TPEx,56.1,92041899,203032832.8,502876836.25,343117678.65,477.0,342.0,424.0,7,False,False,True,False,True,False,False,False,True,False,False,False,True,False
2026-07-08,2393,億光,TWSE,70.6,231928941,202988817.8,236685406.75,235737777.56666666,478.0,475.0,500.0,0,False,False,False,False,True,False,False,False,True,False,False,False,True,False
2026-07-08,5234,達興材料,TWSE,380.0,172597152,200816639.0,169462952.6,317603307.75,479.0,536.0,438.0,0,False,False,False,False,True,False,False,False,True,False,False,False,True,False
2026-07-08,2515,中工,TWSE,14.2,283391611,200639402.4,154029469.7,125291361.75,480.0,551.0,622.0,0,False,False,False,False,True,False,False,False,True,False,False,False,True,False
2026-07-08,8114,振樺電,TWSE,210.5,161186063,200304760.6,204313614.8,282836534.1666667,481.0,496.0,457.0,0,False,False,False,False,True,False,False,False,True,False,False,False,True,False
2026-07-08,2342,茂矽,TWSE,53.0,301404261,197164999.8,594224100.9,433816732.6333333,482.0,312.0,377.0,7,False,False,True,False,True,False,False,False,True,False,False,False,True,False
2026-07-08,6259,百徽,TPEx,39.35,198743746,196920350.8,129066774.65,57982808.81666667,483.0,590.0,802.0,0,False,False,False,False,True,False,False,False,True,False,False,False,True,False
2026-07-08,6166,凌華,TWSE,135.5,284990560,196630181.0,386828159.85,390008305.23333335,484.0,384.0,402.0,0,False,False,False,False,True,False,False,False,True,False,False,False,True,False
2026-07-08,3048,益登,TWSE,59.5,175668100,194900999.6,825480020.55,818031132.4666667,485.0,247.0,267.0,8,False,False,True,False,True,False,False,False,True,False,False,False,True,False
2026-07-08,6214,精誠,TWSE,135.0,143044808,192855781.4,276640676.6,281039957.8833333,486.0,443.0,459.0,0,False,False,False,False,True,False,False,False,True,False,False,False,True,False
2026-07-08,3078,僑威,TPEx,59.5,383289767,191658599.8,92201824.9,77149178.95,487.0,661.0,733.0,0,False,False,False,False,True,False,False,False,True,False,False,False,True,False
2026-07-08,6538,倉和,TPEx,124.0,64780183,190586802.2,166703712.35,102565976.63333334,488.0,539.0,662.0,0,False,False,False,False,True,False,False,False,True,False,False,False,True,False
2026-07-08,6188,廣明,TPEx,79.2,87302529,189763971.0,155014973.05,216386602.4,489.0,548.0,512.0,0,False,False,False,False,True,False,False,False,True,False,False,False,True,False
2026-07-08,6104,創惟,TPEx,102.5,123455628,187433531.4,257505337.1,241780668.35,490.0,458.0,488.0,0,False,False,False,False,True,False,False,False,True,False,False,False,True,False
2026-07-08,3617,碩天,TWSE,238.0,462074625,186465332.6,126584849.2,95811790.9,491.0,598.0,676.0,0,False,False,False,False,True,False,False,False,True,False,False,False,True,False
2026-07-08,8234,新漢,TPEx,72.5,359560742,185300184.4,107693787.65,108013262.88333334,492.0,627.0,649.0,0,False,False,False,False,True,False,False,False,True,False,False,False,True,False
2026-07-08,6994,富威電力,TWSE,42.3,56640718,184420062.6,89191326.2,58973959.916666664,493.0,677.0,797.0,0,False,False,False,False,True,False,False,False,True,False,False,False,True,False
2026-07-08,3234,光環,TPEx,129.0,179201654,184353599.2,441269859.9,381974906.05,494.0,356.0,406.0,6,False,False,True,False,True,False,False,False,True,False,False,False,True,False
2026-07-08,1215,卜蜂,TWSE,111.5,83961283,183853464.2,190210217.05,259931467.05,495.0,515.0,476.0,0,False,False,False,False,True,False,False,False,True,False,False,False,True,False
2026-07-08,1229,聯華,TWSE,40.1,133860049,181913471.2,149784708.25,162946363.36666667,496.0,556.0,566.0,0,False,False,False,False,True,False,False,False,True,False,False,False,True,False
2026-07-08,5243,乙盛-KY,TWSE,98.8,137142724,181338198.2,273319220.4,574030038.0833334,497.0,447.0,335.0,0,False,False,False,False,True,False,False,False,True,False,False,False,True,False
2026-07-08,3675,德微,TPEx,440.0,165328958,180879852.2,673459716.45,563653125.05,498.0,287.0,338.0,10,False,False,True,False,True,False,False,False,True,False,False,False,True,False
2026-07-08,3094,聯傑,TWSE,42.5,228051028,178535509.0,242279414.65,144353442.5,499.0,468.0,591.0,0,False,False,False,False,True,False,False,False,True,False,False,False,True,False
2026-07-08,3033,威健,TWSE,49.6,124567700,177981631.8,367162882.15,644879694.65,500.0,393.0,306.0,4,False,False,True,False,True,False,False,False,True,False,False,False,True,False
2026-07-08,8121,越峰,TPEx,44.95,108859079,177841131.2,218715853.75,129585255.11666666,501.0,489.0,609.0,0,False,False,False,False,True,False,False,False,True,False,False,False,True,False
2026-07-08,8104,錸寶,TWSE,41.75,347547681,177519636.0,121288472.3,126616805.98333333,502.0,604.0,619.0,0,False,False,False,False,True,False,False,False,True,False,False,False,True,False
2026-07-08,6477,安集,TWSE,38.05,135580039,172167045.4,76131934.4,43848272.416666664,503.0,715.0,872.0,0,False,False,False,False,True,False,False,False,True,False,False,False,True,False
2026-07-08,6146,耕興,TPEx,213.0,364116526,169645552.6,111842018.7,142920532.11666667,504.0,622.0,593.0,0,False,False,False,False,True,False,False,False,True,False,False,False,True,False
2026-07-08,6235,華孚,TWSE,43.25,74120652,169040145.2,61944036.4,58023415.233333334,505.0,751.0,801.0,0,False,False,False,False,True,False,False,False,True,False,False,False,True,False
2026-07-08,1721,三晃,TWSE,24.0,109049971,167728138.2,80550281.05,156201260.26666668,506.0,703.0,579.0,0,False,False,False,False,True,False,False,False,True,False,False,False,True,False
2026-07-08,2439,美律,TWSE,89.3,66521928,167423134.4,203175655.2,235386072.13333333,507.0,499.0,502.0,0,False,False,False,False,True,False,False,False,True,False,False,False,True,False
2026-07-08,2845,遠東銀,TWSE,13.25,132602481,166936495.8,263537702.75,179162892.38333333,508.0,453.0,546.0,0,False,False,False,False,True,False,False,False,True,False,False,False,True,False
2026-07-08,4721,美琪瑪,TPEx,86.8,132122162,166712776.2,248661199.35,249998289.83333334,509.0,462.0,480.0,0,False,False,False,False,True,False,False,False,True,False,False,False,True,False
2026-07-08,2633,台灣高鐵,TWSE,26.6,133344040,166153972.8,313697227.95,333684268.03333336,510.0,421.0,430.0,0,False,False,False,False,True,False,False,False,True,False,False,False,True,False
2026-07-08,3576,聯合再生,TWSE,16.05,129802287,165208922.4,509559168.35,502720749.21666664,511.0,338.0,356.0,6,False,False,True,False,True,False,False,False,True,False,False,False,True,False
2026-07-08,1309,台達化,TWSE,14.85,72538714,164627953.0,77636250.35,158201885.86666667,512.0,707.0,576.0,0,False,False,False,False,True,False,False,False,True,False,False,False,True,False
2026-07-08,4128,中天,TPEx,18.0,244888337,162523587.6,64310423.75,41774590.78333333,513.0,743.0,884.0,0,False,False,False,False,True,False,False,False,True,False,False,False,True,False
2026-07-08,4123,晟德,TPEx,39.35,96075332,160618638.0,96193897.45,102519714.08333333,514.0,651.0,663.0,0,False,False,False,False,True,False,False,False,True,False,False,False,True,False
2026-07-08,3029,零壹,TWSE,103.5,99970357,160452270.4,130172727.95,172686551.46666667,515.0,587.0,552.0,0,False,False,False,False,True,False,False,False,True,False,False,False,True,False
2026-07-08,9910,豐泰,TWSE,68.0,70698817,160394037.8,438646558.25,341710933.3333333,516.0,359.0,427.0,7,False,False,True,False,True,False,False,False,True,False,False,False,True,False
2026-07-08,3060,銘異,TWSE,35.8,132005115,159678334.6,313391052.35,177664264.71666667,517.0,422.0,548.0,1,False,False,False,False,True,False,False,False,True,False,False,False,True,False
2026-07-08,3556,禾瑞亞,TPEx,73.3,130115350,159258407.6,110260486.55,87761394.43333334,518.0,625.0,704.0,0,False,False,False,False,True,False,False,False,True,False,False,False,True,False
2026-07-08,6279,胡連,TPEx,124.0,105029882,158516872.8,89348662.15,109072064.41666667,519.0,676.0,647.0,0,False,False,False,False,True,False,False,False,True,False,False,False,True,False
2026-07-08,7777,能率亞洲,TPEx,41.0,73856143,157975237.0,232447877.15,167285917.73333332,520.0,480.0,560.0,0,False,False,False,False,True,False,False,False,True,False,False,False,True,False
2026-07-08,2207,和泰車,TWSE,480.5,174641550,157558468.2,586151387.5,394005666.2,521.0,315.0,398.0,10,False,False,True,False,True,False,False,False,True,False,False,False,True,False
2026-07-08,2504,國產,TWSE,32.25,51126944,155846360.2,210452922.6,128326285.51666667,522.0,491.0,614.0,0,False,False,False,False,True,False,False,False,True,False,False,False,True,False
2026-07-08,2889,國票金,TWSE,15.7,382343358,153552745.2,122522497.0,77859689.68333334,523.0,603.0,730.0,0,False,False,False,False,True,False,False,False,True,False,False,False,True,False
2026-07-08,6438,迅得,TWSE,151.0,83617521,152942447.0,134177379.9,270319377.7,524.0,582.0,470.0,0,False,False,False,False,True,False,False,False,True,False,False,False,True,False
2026-07-08,3708,上緯投控,TWSE,106.0,214476652,152878166.4,96658597.05,152109539.51666668,525.0,649.0,585.0,0,False,False,False,False,True,False,False,False,True,False,False,False,True,False
2026-07-08,2605,新興,TWSE,31.0,161916944,152376210.8,198512920.65,234527774.16666666,526.0,503.0,504.0,0,False,False,False,False,True,False,False,False,True,False,False,False,True,False
2026-07-08,6547,高端疫苗,TPEx,47.5,87573937,151151843.4,94550566.85,112291444.45,527.0,657.0,641.0,0,False,False,False,False,True,False,False,False,True,False,False,False,True,False
2026-07-08,2006,東和鋼鐵,TWSE,68.8,197778629,151000863.2,312235335.55,209662685.08333334,528.0,423.0,520.0,1,False,False,False,False,True,False,False,False,True,False,False,False,True,False
2026-07-08,6901,鑽石投資,TWSE,21.05,358284129,149539954.8,101250243.3,54228565.63333333,529.0,640.0,813.0,0,False,False,False,False,True,False,False,False,True,False,False,False,True,False
2026-07-08,3031,佰鴻,TWSE,31.8,59286108,148457127.0,134713610.15,171552897.66666666,530.0,580.0,555.0,0,False,False,False,False,True,False,False,False,True,False,False,False,True,False
2026-07-08,1444,力麗,TWSE,8.6,42661448,148109096.4,73084027.6,33662723.18333333,531.0,720.0,929.0,0,False,False,False,False,True,False,False,False,True,False,False,False,True,False
2026-07-08,3577,泓格,TPEx,121.0,41022198,147482055.4,74933286.25,110796903.16666667,532.0,717.0,644.0,0,False,False,False,False,True,False,False,False,True,False,False,False,True,False
2026-07-08,2338,光罩,TWSE,48.0,117522679,146769072.0,286731649.9,390837579.93333334,533.0,438.0,401.0,0,False,False,False,False,True,False,False,False,True,False,False,False,True,False
2026-07-08,3704,合勤控,TWSE,45.35,90411713,144493409.6,228529103.15,215291426.66666666,534.0,483.0,514.0,0,False,False,False,False,True,False,False,False,True,False,False,False,True,False
2026-07-08,8040,九暘,TPEx,94.5,166131063,143481606.2,380905442.25,340602517.5,535.0,387.0,428.0,5,False,False,True,False,True,False,False,False,True,False,False,False,True,False
2026-07-08,1308,亞聚,TWSE,15.0,78319400,142404647.0,59395611.5,59811650.8,536.0,765.0,792.0,0,False,False,False,False,True,False,False,False,True,False,False,False,True,False
2026-07-08,2365,昆盈,TWSE,32.0,76263481,142043744.4,91090514.4,235523411.73333332,537.0,668.0,501.0,0,False,False,False,False,True,False,False,False,True,False,False,False,True,False
2026-07-08,4952,凌通,TWSE,57.4,53540590,141990456.8,127285783.5,93057815.33333333,538.0,597.0,687.0,0,False,False,False,False,True,False,False,False,True,False,False,False,True,False
2026-07-08,6861,睿生光電,TWSE,297.5,223923623,141750790.2,248866024.6,419368227.7,539.0,461.0,386.0,0,False,False,False,False,True,False,False,False,True,False,False,False,True,False
2026-07-08,2483,百容,TWSE,63.8,116847871,141731607.0,365823620.6,152604809.3,540.0,394.0,583.0,4,False,False,True,False,True,False,False,False,True,False,False,False,True,False
2026-07-08,5009,榮剛,TPEx,33.6,74220881,141644599.4,149329954.8,168927010.4,541.0,557.0,558.0,0,False,False,False,False,True,False,False,False,True,False,False,False,True,False
2026-07-08,3093,港建*,TPEx,57.9,112043485,141245712.6,233490891.35,242209992.55,542.0,479.0,487.0,0,False,False,False,False,True,False,False,False,True,False,False,False,True,False
2026-07-08,6890,來億-KY,TWSE,201.0,89604806,140885643.0,175627561.5,237519814.76666668,543.0,528.0,494.0,3,False,False,True,False,True,False,False,False,True,False,False,False,True,False
2026-07-08,3511,矽瑪,TPEx,26.1,58807744,140302792.4,46907915.4,29424492.45,544.0,823.0,964.0,0,False,False,False,False,True,False,False,False,True,False,False,False,True,False
2026-07-08,4532,瑞智,TWSE,27.3,82804485,140273482.6,99051661.75,52877273.6,545.0,644.0,817.0,0,False,False,False,False,True,False,False,False,True,False,False,False,True,False
2026-07-08,8383,千附,TPEx,63.4,63067742,139597477.2,128520932.35,171813195.63333333,546.0,592.0,554.0,0,False,False,False,False,True,False,False,False,True,False,False,False,True,False
2026-07-08,6613,朋億*,TPEx,315.0,146317059,139010464.8,251670717.4,159501971.76666668,547.0,460.0,572.0,1,False,False,False,False,True,False,False,False,True,False,False,False,True,False
2026-07-08,4960,誠美材,TWSE,23.9,67107882,138555225.6,154277510.35,397895277.98333335,548.0,549.0,396.0,0,False,False,False,False,True,False,False,False,True,False,False,False,True,False
2026-07-08,3645,達邁,TWSE,84.1,108907986,138249784.4,188234521.4,1045600885.1666666,549.0,517.0,230.0,0,False,False,True,False,True,False,False,False,True,False,False,False,True,False
2026-07-08,3312,弘憶股,TWSE,56.6,106691374,137656278.2,346437588.35,289876467.73333335,550.0,403.0,453.0,5,False,False,True,False,True,False,False,False,True,False,False,False,True,False
2026-07-08,6426,統新,TWSE,189.0,84319038,137508299.8,198184337.85,595526247.4666667,551.0,505.0,320.0,0,False,False,False,False,True,False,False,False,True,False,False,False,True,False
2026-07-08,3594,磐儀,TPEx,52.7,42821010,135676015.8,67284013.8,61799691.78333333,552.0,732.0,780.0,0,False,False,False,False,True,False,False,False,True,False,False,False,True,False
2026-07-08,8105,凌巨,TWSE,20.35,109376677,135211892.4,440114321.2,267713294.88333333,553.0,358.0,473.0,8,False,False,True,False,True,False,False,False,True,False,False,False,True,False
2026-07-08,1305,華夏,TWSE,13.2,81232091,134813438.0,60603374.55,76142857.83333333,554.0,757.0,735.0,0,False,False,False,False,True,False,False,False,True,False,False,False,True,False
2026-07-08,1608,華榮,TWSE,33.95,74372422,134751883.6,114749301.5,174845474.48333332,555.0,616.0,550.0,0,False,False,False,False,True,False,False,False,True,False,False,False,True,False
2026-07-08,5498,凱崴,TPEx,61.1,126412760,133020028.2,418454949.2,762234895.35,556.0,372.0,277.0,5,False,False,True,False,True,False,False,False,True,False,False,False,True,False
2026-07-08,2727,王品,TWSE,241.5,118477011,132056763.2,112733851.7,105279333.06666666,557.0,619.0,654.0,0,False,False,False,False,True,False,False,False,True,False,False,False,True,False
2026-07-08,6411,晶焱,TPEx,96.4,81085136,131702515.4,192262100.0,190041144.25,558.0,510.0,533.0,0,False,False,False,False,True,False,False,False,True,False,False,False,True,False
2026-07-08,3013,晟銘電,TWSE,105.5,82067343,131514677.6,209267406.55,554985445.5833334,559.0,492.0,344.0,1,False,False,False,False,True,False,False,False,True,False,False,False,True,False
2026-07-08,2061,風青,TPEx,83.0,448434436,130935561.8,128068809.15,72899803.01666667,560.0,594.0,744.0,0,False,False,False,False,True,False,False,False,True,False,False,False,True,False
2026-07-08,1773,勝一,TWSE,175.0,63162899,130150947.8,116927364.5,242774585.18333334,561.0,612.0,485.0,0,False,False,False,False,True,False,False,False,True,False,False,False,True,False
2026-07-08,3588,通嘉,TWSE,68.0,55090088,130146082.2,129632894.8,97176089.38333334,562.0,589.0,674.0,0,False,False,False,False,True,False,False,False,True,False,False,False,True,False
2026-07-08,2201,裕隆,TWSE,28.5,51302817,128546304.0,88143089.9,99379459.23333333,563.0,681.0,671.0,0,False,False,False,False,True,False,False,False,True,False,False,False,True,False
2026-07-08,6226,光鼎,TWSE,25.25,83195939,128530006.2,135617034.2,68761412.26666667,564.0,578.0,756.0,0,False,False,False,False,True,False,False,False,True,False,False,False,True,False
2026-07-08,3535,晶彩科,TWSE,105.0,132407758,128469385.0,170817646.35,648697277.2666667,565.0,532.0,302.0,0,False,False,False,False,True,False,False,False,True,False,False,False,True,False
2026-07-08,6651,全宇昕,TPEx,159.5,82422575,128175776.6,97216048.6,83698811.8,566.0,646.0,713.0,0,False,False,False,False,True,False,False,False,True,False,False,False,True,False
2026-07-08,4768,晶呈科技,TPEx,334.0,132997957,127322232.0,236559764.7,653446876.45,567.0,476.0,300.0,0,False,False,True,False,True,False,False,False,True,False,False,False,True,False
2026-07-08,6962,奕力-KY,TWSE,37.25,119899020,125595003.2,166731765.6,217467113.95,568.0,538.0,511.0,0,False,False,False,False,True,False,False,False,True,False,False,False,True,False
2026-07-08,3416,融程電,TWSE,187.0,152199631,125437507.4,88495977.6,107917802.41666667,569.0,679.0,651.0,0,False,False,False,False,True,False,False,False,True,False,False,False,True,False
2026-07-08,3551,世禾,TPEx,202.0,84303681,125030946.0,120587063.55,369969281.95,570.0,606.0,412.0,0,False,False,False,False,True,False,False,False,True,False,False,False,True,False
2026-07-08,2497,怡利電,TWSE,63.8,70966778,122913211.4,62436470.45,69701970.58333333,571.0,748.0,753.0,0,False,False,False,False,True,False,False,False,True,False,False,False,True,False
2026-07-08,7827,漢康-KY創,TWSE,168.5,115356520,122899390.2,106091525.65,,572.0,630.0,,0,False,False,False,False,True,False,False,False,True,False,False,False,True,False
2026-07-08,2548,華固,TWSE,100.5,165099589,121415636.4,274575600.85,295510771.6333333,573.0,446.0,449.0,0,False,False,False,False,True,False,False,False,True,False,False,False,True,False
2026-07-08,6862,三集瑞-KY,TWSE,179.5,84457001,120629078.8,300128601.45,271949540.5833333,574.0,432.0,468.0,0,False,False,False,False,True,False,False,False,True,False,False,False,True,False
2026-07-08,3537,堡達,TPEx,66.9,80598817,120621121.8,411598582.25,281178184.73333335,575.0,373.0,458.0,6,False,False,True,False,True,False,False,False,True,False,False,False,True,False
2026-07-08,2867,三商壽,TWSE,8.86,190679949,120592661.6,150717574.95,110520445.53333333,576.0,555.0,645.0,0,False,False,False,False,True,False,False,False,True,False,False,False,True,False
2026-07-08,8103,瀚荃,TWSE,95.9,99530053,120048504.6,134621890.15,282892476.26666665,577.0,581.0,456.0,0,False,False,False,False,True,False,False,False,True,False,False,False,True,False
2026-07-08,4976,佳凌,TWSE,36.75,40729553,119799320.0,243407738.75,105209768.23333333,578.0,465.0,656.0,0,False,False,False,False,True,False,False,False,True,False,False,False,True,False
2026-07-08,6757,台灣虎航,TWSE,59.8,139749303,119006540.6,306455313.55,179107237.53333333,579.0,426.0,547.0,0,False,False,False,False,True,False,False,False,True,False,False,False,True,False
2026-07-08,4968,立積,TWSE,113.5,71704693,118733844.2,114557279.35,183961870.33333334,580.0,618.0,539.0,0,False,False,False,False,True,False,False,False,True,False,False,False,True,False
2026-07-08,1905,華紙,TWSE,15.7,73016168,117772296.4,261217410.75,140842367.26666668,581.0,455.0,597.0,2,False,False,True,False,True,False,False,False,True,False,False,False,True,False
2026-07-08,6761,穩得,TPEx,190.0,62077572,117316282.8,125815709.15,260130155.63333333,582.0,599.0,475.0,0,False,False,False,False,True,False,False,False,True,False,False,False,True,False
2026-07-08,3290,東浦,TPEx,67.4,98610272,116577293.8,211165829.9,113376169.91666667,583.0,490.0,638.0,0,False,False,False,False,True,False,False,False,True,False,False,False,True,False
2026-07-08,6153,嘉聯益,TWSE,20.05,136841261,116256884.4,420921513.65,240578755.4,584.0,371.0,489.0,7,False,False,True,False,True,False,False,False,True,False,False,False,True,False
2026-07-08,7712,博盛半導體,TPEx,190.0,73232168,116093304.4,196129860.25,182408553.56666666,585.0,507.0,542.0,0,False,False,False,False,True,False,False,False,True,False,False,False,True,False
2026-07-08,1440,南紡,TWSE,13.9,45279091,115511968.8,55814420.4,55589059.333333336,586.0,781.0,811.0,0,False,False,False,False,True,False,False,False,True,False,False,False,True,False
2026-07-08,2323,中環,TWSE,11.3,78126297,115456472.8,139562344.8,130120101.51666667,587.0,568.0,607.0,0,False,False,False,False,True,False,False,False,True,False,False,False,True,False
2026-07-08,6799,來頡,TWSE,102.0,67514135,115225983.4,94390238.2,91560266.35,588.0,658.0,695.0,0,False,False,False,False,True,False,False,False,True,False,False,False,True,False
2026-07-08,3217,優群,TPEx,174.0,55819753,115154659.4,171387154.85,331344889.4166667,589.0,530.0,432.0,0,False,False,False,False,True,False,False,False,True,False,False,False,True,False
2026-07-08,6416,瑞祺電通,TWSE,97.2,418297328,114931042.4,41550185.35,36720378.81666667,590.0,858.0,910.0,0,False,False,False,False,True,False,False,False,True,False,False,False,True,False
2026-07-08,6617,共信-KY,TPEx,117.5,165745728,113819191.6,40774457.45,27866476.133333333,591.0,865.0,979.0,0,False,False,False,False,True,False,False,False,True,False,False,False,True,False
2026-07-08,6742,澤米,TWSE,58.2,52864734,113494544.4,315545539.6,169676730.95,592.0,419.0,557.0,2,False,False,True,False,True,False,False,False,True,False,False,False,True,False
2026-07-08,3591,艾笛森,TWSE,26.1,41617995,113292267.8,99697225.45,91988969.55,593.0,642.0,693.0,0,False,False,False,False,True,False,False,False,True,False,False,False,True,False
2026-07-08,6199,天品,TPEx,104.5,128045422,113247496.4,82970646.1,68580312.36666666,594.0,695.0,757.0,0,False,False,False,False,True,False,False,False,True,False,False,False,True,False
2026-07-08,1722,台肥,TWSE,48.05,71547235,113097443.6,114561812.25,198212392.96666667,595.0,617.0,526.0,0,False,False,False,False,True,False,False,False,True,False,False,False,True,False
2026-07-08,2305,全友,TWSE,35.15,220165597,112571666.8,206697758.0,142797431.38333333,596.0,495.0,594.0,0,False,False,False,False,True,False,False,False,True,False,False,False,True,False
2026-07-08,3380,明泰,TWSE,34.25,62971964,112496239.8,112435632.65,167579101.2,597.0,621.0,559.0,0,False,False,False,False,True,False,False,False,True,False,False,False,True,False
2026-07-08,9914,美利達,TWSE,74.2,77772377,111420311.2,169712538.3,139701172.0,598.0,534.0,599.0,0,False,False,False,False,True,False,False,False,True,False,False,False,True,False
2026-07-08,1909,榮成,TWSE,10.9,154054075,110694611.6,58517418.3,42417443.56666667,599.0,771.0,879.0,0,False,False,False,False,True,False,False,False,True,False,False,False,True,False
2026-07-08,8374,羅昇,TWSE,85.7,24979718,110374538.0,60452610.1,190834683.28333333,600.0,758.0,531.0,0,False,False,False,False,True,False,False,False,True,False,False,False,True,False
2026-07-08,6834,天二科技,TWSE,126.5,112285720,109824453.4,538865981.55,277737347.1166667,601.0,329.0,462.0,12,False,False,True,False,True,False,False,False,True,False,False,False,True,False
2026-07-08,6909,創控,TWSE,52.7,50778223,109113810.4,103475297.7,127148310.93333334,602.0,636.0,617.0,0,False,False,False,False,True,False,False,False,True,False,False,False,True,False
2026-07-08,3152,璟德,TPEx,272.5,56203551,108681775.4,326808220.75,353736784.68333334,603.0,411.0,418.0,4,False,False,True,False,True,False,False,False,True,False,False,False,True,False
2026-07-08,6265,方土昶,TPEx,51.0,100792374,108334784.4,368803738.0,511239596.31666666,604.0,391.0,355.0,6,False,False,True,False,True,False,False,False,True,False,False,False,True,False
2026-07-08,6234,高僑,TPEx,45.65,82530517,107943388.2,91702021.6,183911834.63333333,605.0,665.0,540.0,0,False,False,False,False,True,False,False,False,True,False,False,False,True,False
2026-07-08,3162,精確,TPEx,83.6,47389444,107825614.0,121195695.8,405853341.4,606.0,605.0,392.0,0,False,False,False,False,True,False,False,False,True,False,False,False,True,False
2026-07-08,6231,系微,TPEx,270.0,77640660,107512647.0,194481363.0,413705133.68333334,607.0,509.0,389.0,0,False,False,False,False,True,False,False,False,True,False,False,False,True,False
2026-07-08,1466,聚隆,TWSE,17.5,114298309,107279196.4,32492606.25,13207742.433333334,608.0,925.0,1163.0,0,False,False,False,False,True,False,False,False,True,False,False,False,True,False
2026-07-08,2731,雄獅,TWSE,146.5,115689551,106885870.0,142133042.15,180030464.71666667,609.0,565.0,544.0,0,False,False,False,False,True,False,False,False,True,False,False,False,True,False
2026-07-08,6206,飛捷,TWSE,134.5,130086657,106822206.4,130666769.85,246424207.68333334,610.0,585.0,482.0,0,False,False,False,False,True,False,False,False,True,False,False,False,True,False
2026-07-08,2072,世紀風電,TWSE,148.0,182447136,106744888.0,96108119.05,113229602.45,611.0,652.0,639.0,0,False,False,False,False,True,False,False,False,True,False,False,False,True,False
2026-07-08,1617,榮星,TWSE,24.45,33244682,106608026.2,33921210.25,14355203.366666667,612.0,913.0,1139.0,0,False,False,False,False,True,False,False,False,True,False,False,False,True,False
2026-07-08,8163,達方,TWSE,38.2,63130628,106518536.8,198292357.75,159280137.58333334,613.0,504.0,574.0,0,False,False,False,False,True,False,False,False,True,False,False,False,True,False
2026-07-08,3441,聯一光,TPEx,69.3,205479824,105923085.8,440888627.05,232729501.33333334,614.0,357.0,506.0,7,False,False,True,False,True,False,False,False,True,False,False,False,True,False
2026-07-08,4533,協易機,TPEx,29.65,26223332,105912593.0,51837865.2,87891154.28333333,615.0,798.0,703.0,0,False,False,False,False,True,False,False,False,True,False,False,False,True,False
2026-07-08,3323,加百裕,TPEx,35.4,144847207,105807407.6,49409007.75,76449619.56666666,616.0,809.0,734.0,0,False,False,False,False,True,False,False,False,True,False,False,False,True,False
2026-07-08,2417,圓剛,TWSE,45.0,25763920,105782631.4,60691384.3,152447370.41666666,617.0,756.0,584.0,0,False,False,False,False,True,False,False,False,True,False,False,False,True,False
2026-07-08,5222,全訊,TWSE,124.0,49734638,105174865.0,77614372.95,113208742.45,618.0,708.0,640.0,0,False,False,False,False,True,False,False,False,True,False,False,False,True,False
2026-07-08,6168,宏齊,TWSE,30.2,102920296,104799647.4,291278648.6,237263176.28333333,619.0,436.0,496.0,5,False,False,True,False,True,False,False,False,True,False,False,False,True,False
2026-07-08,6841,長佳智能,TPEx,66.7,111770322,104726613.4,44303155.25,31281019.4,620.0,843.0,943.0,0,False,False,False,False,True,False,False,False,True,False,False,False,True,False
2026-07-08,1709,和益,TWSE,23.95,68006797,104519808.8,58693760.75,31790142.85,621.0,769.0,937.0,0,False,False,False,False,True,False,False,False,True,False,False,False,True,False
2026-07-08,3294,英濟,TPEx,38.6,81490298,104422336.0,77327003.5,91000537.01666667,622.0,710.0,697.0,0,False,False,False,False,True,False,False,False,True,False,False,False,True,False
2026-07-08,4590,富田-創,TWSE,91.5,43947877,104252014.0,39332343.4,24010350.733333334,623.0,875.0,1013.0,0,False,False,False,False,True,False,False,False,True,False,False,False,True,False
2026-07-08,3346,麗清,TWSE,26.65,31097143,102461418.4,56517980.1,33889003.43333333,624.0,777.0,927.0,0,False,False,False,False,True,False,False,False,True,False,False,False,True,False
2026-07-08,6782,視陽,TWSE,207.0,80687113,100921716.0,53243181.65,85930543.68333334,625.0,795.0,708.0,0,False,False,False,False,True,False,False,False,True,False,False,False,True,False
2026-07-08,9933,中鼎,TWSE,40.65,108211366,100517825.0,180768330.2,226767069.15,626.0,521.0,509.0,0,False,False,False,False,True,False,False,False,True,False,False,False,True,False
2026-07-08,3580,友威科,TPEx,92.5,65856671,99680146.6,146577459.8,274329953.45,627.0,558.0,464.0,0,False,False,False,False,True,False,False,False,True,False,False,False,True,False
2026-07-08,2457,飛宏,TWSE,28.4,55487899,99612931.4,225934301.5,155160498.85,628.0,485.0,580.0,0,False,False,False,False,True,False,False,False,True,False,False,False,True,False
2026-07-08,4720,德淵,TWSE,23.85,26415791,99433476.2,66176276.5,157320942.81666666,629.0,736.0,577.0,0,False,False,False,False,True,False,False,False,True,False,False,False,True,False
2026-07-08,3515,華擎,TWSE,210.0,83113849,99242643.4,143534755.7,242272945.0,630.0,562.0,486.0,0,False,False,False,False,True,False,False,False,True,False,False,False,True,False
2026-07-08,7717,萊德光電-KY,TPEx,427.5,58451332,99198951.4,229855552.85,378374225.6,631.0,481.0,408.0,0,False,False,False,False,True,False,False,False,True,False,False,False,True,False
2026-07-08,4771,望隼,TWSE,212.0,88153130,98998996.2,44777545.9,50058798.266666666,632.0,840.0,834.0,0,False,False,False,False,True,False,False,False,True,False,False,False,True,False
2026-07-08,3518,柏騰,TWSE,32.3,63743031,97425687.2,41597993.55,55053287.483333334,633.0,857.0,812.0,0,False,False,False,False,True,False,False,False,True,False,False,False,True,False
2026-07-08,3046,建碁,TWSE,55.0,140393599,96913612.4,41410770.3,36842371.86666667,634.0,859.0,908.0,0,False,False,False,False,True,False,False,False,True,False,False,False,True,False
2026-07-08,1904,正隆,TWSE,23.4,58316678,96807170.6,88642876.35,78576414.86666666,635.0,678.0,728.0,0,False,False,False,False,True,False,False,False,True,False,False,False,True,False
2026-07-08,6164,華興,TWSE,15.15,60203511,96626508.4,37442058.3,19919241.9,636.0,888.0,1062.0,0,False,False,False,False,True,False,False,False,True,False,False,False,True,False
2026-07-08,3066,李洲,TPEx,29.0,84799059,96346814.2,42655826.4,25426832.433333334,637.0,853.0,1000.0,0,False,False,False,False,True,False,False,False,True,False,False,False,True,False
2026-07-08,3545,敦泰,TWSE,58.2,63509353,96021120.8,96851580.1,136374227.88333333,638.0,648.0,603.0,0,False,False,False,False,True,False,False,False,True,False,False,False,True,False
2026-07-08,2646,星宇航空,TWSE,21.2,94448566,95226371.8,153799629.85,129923146.58333333,639.0,552.0,608.0,0,False,False,False,False,True,False,False,False,True,False,False,False,True,False
2026-07-08,6244,茂迪,TPEx,27.1,116099087,94259285.8,305912667.4,294966371.7,640.0,428.0,450.0,4,False,False,True,False,True,False,False,False,True,False,False,False,True,False
2026-07-08,6670,復盛應用,TWSE,258.5,86496443,94185226.2,274596396.9,170660064.63333333,641.0,445.0,556.0,0,False,False,False,False,True,False,False,False,True,False,False,False,True,False
2026-07-08,2601,益航,TWSE,7.55,197590967,93829974.2,30951932.5,21610336.033333335,642.0,942.0,1047.0,0,False,False,False,False,True,False,False,False,True,False,False,False,True,False
2026-07-08,6667,信紘科,TPEx,255.0,87211215,93795815.0,179793413.3,250518271.25,643.0,523.0,479.0,0,False,False,False,False,True,False,False,False,True,False,False,False,True,False
2026-07-08,8436,大江,TPEx,111.0,75914665,93509892.8,64684649.3,65164123.4,644.0,740.0,765.0,0,False,False,False,False,True,False,False,False,True,False,False,False,True,False
2026-07-08,4564,元翎,TWSE,18.6,66960748,92994898.8,31479491.4,22005329.983333334,645.0,935.0,1044.0,0,False,False,False,False,True,False,False,False,True,False,False,False,True,False
2026-07-08,2392,正崴,TWSE,37.6,59323497,92747888.4,76346481.65,115545628.2,646.0,714.0,635.0,0,False,False,False,False,True,False,False,False,True,False,False,False,True,False
2026-07-08,2915,潤泰全,TWSE,51.6,70440587,92733621.4,221684007.1,162147137.58333334,647.0,488.0,569.0,0,False,False,False,False,True,False,False,False,True,False,False,False,True,False
2026-07-08,9941,裕融,TWSE,81.0,88100815,92495155.0,180994630.0,201030223.56666666,648.0,519.0,523.0,2,False,False,True,False,True,False,False,False,True,False,False,False,True,False
2026-07-08,6605,帝寶,TWSE,134.0,107910307,90999504.6,96532057.6,90221671.51666667,649.0,650.0,699.0,0,False,False,False,False,True,False,False,False,True,False,False,False,True,False
2026-07-08,6462,神盾,TPEx,112.0,83954490,90573926.0,198139563.9,372707537.1333333,650.0,506.0,410.0,0,False,False,False,False,True,False,False,False,True,False,False,False,True,False
2026-07-08,2241,艾姆勒,TWSE,43.5,58527536,90466314.4,168534502.05,118544870.05,651.0,537.0,632.0,0,False,False,False,False,True,False,False,False,True,False,False,False,True,False
2026-07-08,4534,慶騰,TPEx,32.9,29387465,89453492.2,84960109.55,59587378.11666667,652.0,690.0,794.0,0,False,False,False,False,True,False,False,False,True,False,False,False,True,False
2026-07-08,4956,光鋐,TWSE,37.6,58904336,89452491.4,97439323.15,234874872.53333333,653.0,645.0,503.0,0,False,False,False,False,True,False,False,False,True,False,False,False,True,False
2026-07-08,2101,南港,TWSE,33.7,51007802,89149757.2,102091611.7,85080504.78333333,654.0,638.0,710.0,0,False,False,False,False,True,False,False,False,True,False,False,False,True,False
2026-07-08,3010,華立,TWSE,122.5,93876674,88581233.8,208201386.3,219786345.15,655.0,493.0,510.0,0,False,False,False,False,True,False,False,False,True,False,False,False,True,False
2026-07-08,6592,和潤企業,TWSE,60.3,119289433,87950667.6,63580950.1,49969998.483333334,656.0,747.0,838.0,0,False,False,False,False,True,False,False,False,True,False,False,False,True,False
2026-07-08,4566,時碩工業,TWSE,62.6,37457602,87908493.0,54609015.8,111620485.2,657.0,788.0,642.0,0,False,False,False,False,True,False,False,False,True,False,False,False,True,False
2026-07-08,6945,圓祥生技,TPEx,118.0,173988029,87567680.6,46032312.4,,658.0,833.0,,0,False,False,False,False,True,False,False,False,True,False,False,False,True,False
2026-07-08,2851,中再保,TWSE,38.35,63300332,86491674.0,130327475.85,103066304.88333334,659.0,586.0,659.0,0,False,False,False,False,True,False,False,False,True,False,False,False,True,False
2026-07-08,3615,安可,TPEx,47.9,67135949,85692216.8,305880830.7,352983158.65,660.0,429.0,419.0,2,False,False,True,False,True,False,False,False,True,False,False,False,True,False
2026-07-08,6695,芯鼎,TWSE,54.9,37537515,85565165.6,169528708.1,162154586.15,661.0,535.0,568.0,0,False,False,False,False,True,False,False,False,True,False,False,False,True,False
2026-07-08,5340,建榮,TPEx,82.8,78487202,85041555.0,177943537.1,430994714.56666666,662.0,526.0,379.0,0,False,False,False,False,True,False,False,False,True,False,False,False,True,False
2026-07-08,9921,巨大,TWSE,74.1,74219138,84828590.8,142525720.1,146070635.28333333,663.0,564.0,588.0,0,False,False,False,False,True,False,False,False,True,False,False,False,True,False
2026-07-08,8147,正淩,TPEx,154.0,80735584,83533470.8,67236625.3,174316664.85,664.0,733.0,551.0,0,False,False,False,False,True,False,False,False,True,False,False,False,True,False
2026-07-08,5452,佶優,TPEx,32.15,42689144,83274331.8,95229890.3,103170129.65,665.0,655.0,658.0,0,False,False,False,False,True,False,False,False,True,False,False,False,True,False
2026-07-08,8088,品安,TPEx,56.0,62969735,82970452.6,261855857.1,313052677.43333334,666.0,454.0,440.0,0,False,False,False,False,True,False,False,False,True,False,False,False,True,False
2026-07-08,4716,大立,TPEx,23.4,77116082,82441293.4,106676576.95,43130970.266666666,667.0,629.0,874.0,0,False,False,False,False,True,False,False,False,True,False,False,False,True,False
2026-07-08,4127,天良,TPEx,79.5,101069949,81643409.2,40924841.25,36656723.583333336,668.0,864.0,911.0,0,False,False,False,False,True,False,False,False,True,False,False,False,True,False
2026-07-08,3230,錦明,TPEx,52.0,44563220,81460655.4,99219291.65,50427627.55,669.0,643.0,832.0,0,False,False,False,False,True,False,False,False,True,False,False,False,True,False
2026-07-08,4114,健喬,TPEx,33.55,147927507,81460141.8,42513392.35,35905273.93333333,670.0,855.0,917.0,0,False,False,False,False,True,False,False,False,True,False,False,False,True,False
2026-07-08,2104,國際中橡,TWSE,10.8,37656581,81107350.8,47963911.55,40081439.36666667,671.0,816.0,893.0,0,False,False,False,False,True,False,False,False,True,False,False,False,True,False
2026-07-08,2480,敦陽科,TWSE,159.5,60330003,81025481.6,87711535.1,77678501.36666666,672.0,682.0,732.0,0,False,False,False,False,True,False,False,False,True,False,False,False,True,False
2026-07-08,7749,意騰-KY,TWSE,410.0,69060113,80835950.4,248590530.3,342381538.1666667,673.0,463.0,426.0,3,False,False,True,False,True,False,False,False,True,False,False,False,True,False
2026-07-08,4556,旭然,TPEx,92.7,64928601,80234248.0,43017067.75,36967332.28333333,674.0,851.0,907.0,0,False,False,False,False,True,False,False,False,True,False,False,False,True,False
2026-07-08,2501,國建,TWSE,23.85,74650033,79830972.2,191225828.3,129064346.98333333,675.0,511.0,610.0,0,False,False,False,False,True,False,False,False,True,False,False,False,True,False
2026-07-08,2425,承啟,TWSE,39.65,53516580,79321624.8,190419344.9,82840014.48333333,676.0,514.0,717.0,0,False,False,False,False,True,False,False,False,True,False,False,False,True,False
2026-07-08,6129,普誠,TPEx,18.65,27571823,79256297.4,46570988.55,28191648.766666666,677.0,826.0,972.0,0,False,False,False,False,True,False,False,False,True,False,False,False,True,False
2026-07-08,4510,高鋒,TPEx,41.8,24688266,79204748.8,62323090.45,177510887.33333334,678.0,749.0,549.0,0,False,False,False,False,True,False,False,False,True,False,False,False,True,False
2026-07-08,4105,東洋,TPEx,77.2,90904493,79179537.0,71999825.6,67258453.53333333,679.0,723.0,763.0,0,False,False,False,False,True,False,False,False,True,False,False,False,True,False
2026-07-08,6620,漢達,TPEx,109.0,64962836,79003226.2,95132512.55,57369900.61666667,680.0,656.0,806.0,0,False,False,False,False,True,False,False,False,True,False,False,False,True,False
2026-07-08,6715,嘉基,TWSE,435.0,77708335,78977998.6,269426993.3,466092178.21666664,681.0,450.0,365.0,1,False,False,False,False,True,False,False,False,True,False,False,False,True,False
2026-07-08,3228,金麗科,TPEx,179.5,44620024,78690449.6,105090712.5,195855024.73333332,682.0,632.0,529.0,0,False,False,False,False,True,False,False,False,True,False,False,False,True,False
2026-07-08,3218,大學光,TPEx,141.0,62830668,78647148.2,46178428.75,48707157.65,683.0,831.0,843.0,0,False,False,False,False,True,False,False,False,True,False,False,False,True,False
2026-07-08,2468,華經,TWSE,37.1,27777575,78583054.6,55947334.9,64341237.2,684.0,779.0,767.0,0,False,False,False,False,True,False,False,False,True,False,False,False,True,False
2026-07-08,6589,台康生技,TWSE,49.4,49862289,78433645.0,64083626.55,63033165.233333334,685.0,744.0,773.0,0,False,False,False,False,True,False,False,False,True,False,False,False,True,False
2026-07-08,6261,久元,TPEx,91.5,63847039,78192400.8,137218318.6,512439430.25,686.0,577.0,354.0,0,False,False,False,False,True,False,False,False,True,False,False,False,True,False
2026-07-08,4162,智擎,TPEx,63.6,111914717,77914627.2,60079852.6,36984533.61666667,687.0,760.0,906.0,0,False,False,False,False,True,False,False,False,True,False,False,False,True,False
2026-07-08,2465,麗臺,TWSE,81.4,200674325,77793010.4,90725504.8,185865170.88333333,688.0,673.0,537.0,0,False,False,False,False,True,False,False,False,True,False,False,False,True,False
2026-07-08,8050,廣積,TPEx,59.8,161643819,77228539.6,61188656.35,80190711.2,689.0,754.0,726.0,0,False,False,False,False,True,False,False,False,True,False,False,False,True,False
2026-07-08,2206,三陽工業,TWSE,64.0,69395650,77109823.6,76032601.95,84149671.66666667,690.0,716.0,712.0,0,False,False,False,False,True,False,False,False,True,False,False,False,True,False
2026-07-08,3209,全科,TWSE,57.2,79268562,76942132.2,124493797.9,279881474.18333334,691.0,601.0,460.0,0,False,False,False,False,True,False,False,False,True,False,False,False,True,False
2026-07-08,6163,華電網,TPEx,46.5,50707480,76650256.4,77648226.5,271904145.3833333,692.0,706.0,469.0,0,False,False,False,False,True,False,False,False,True,False,False,False,True,False
2026-07-08,6263,普萊德,TPEx,169.0,69377037,76607906.4,80894787.55,84493089.8,693.0,701.0,711.0,0,False,False,False,False,True,False,False,False,True,False,False,False,True,False
2026-07-08,6603,富強鑫,TPEx,25.7,32557112,76449593.2,48616686.85,56880920.4,694.0,813.0,808.0,0,False,False,False,False,True,False,False,False,True,False,False,False,True,False
2026-07-08,4755,三福化,TWSE,134.0,67803829,76251604.8,66447318.95,132940428.7,695.0,735.0,606.0,0,False,False,False,False,True,False,False,False,True,False,False,False,True,False
2026-07-08,9938,百和,TWSE,46.1,66528846,76035309.0,70440952.6,88142702.13333334,696.0,726.0,702.0,0,False,False,False,False,True,False,False,False,True,False,False,False,True,False
2026-07-08,1582,信錦,TWSE,80.3,57305742,75042007.6,200432208.15,661751668.5833334,697.0,501.0,295.0,0,False,False,True,False,True,False,False,False,True,False,False,False,True,False
2026-07-08,2434,統懋,TWSE,56.5,49581528,74950093.2,40931144.7,16381092.933333334,698.0,863.0,1117.0,0,False,False,False,False,True,False,False,False,True,False,False,False,True,False
2026-07-08,1455,集盛,TWSE,10.05,31003215,74778499.8,32711410.7,17937558.116666667,699.0,923.0,1095.0,0,False,False,False,False,True,False,False,False,True,False,False,False,True,False
2026-07-08,2820,華票,TWSE,17.25,52640850,74446648.0,61030938.2,39624339.483333334,700.0,755.0,894.0,0,False,False,False,False,True,False,False,False,True,False,False,False,True,False
2026-07-08,7714,創泓科技,TPEx,157.0,71736581,74444311.0,33658439.25,23054180.016666666,701.0,915.0,1028.0,0,False,False,False,False,True,False,False,False,True,False,False,False,True,False
2026-07-08,1232,大統益,TWSE,145.5,19018108,73931482.2,41119484.75,24412406.316666666,702.0,862.0,1010.0,0,False,False,False,False,True,False,False,False,True,False,False,False,True,False
2026-07-08,8438,昶昕,TWSE,95.1,49036381,73746919.4,87146450.75,89466200.2,703.0,683.0,701.0,0,False,False,False,False,True,False,False,False,True,False,False,False,True,False
2026-07-08,6679,鈺太,TPEx,248.5,72953839,73647919.4,78007442.25,162167300.58333334,704.0,705.0,567.0,0,False,False,False,False,True,False,False,False,True,False,False,False,True,False
2026-07-08,4536,拓凱,TWSE,173.0,31469313,73263632.6,43300192.5,45357271.81666667,705.0,848.0,863.0,0,False,False,False,False,True,False,False,False,True,False,False,False,True,False
2026-07-08,5228,鈺鎧,TPEx,55.0,41187299,73193457.2,128913780.65,98866153.65,706.0,591.0,672.0,0,False,False,False,False,True,False,False,False,True,False,False,False,True,False
2026-07-08,1736,喬山,TWSE,132.0,35261654,72947948.8,91159830.0,95414245.03333333,707.0,667.0,677.0,0,False,False,False,False,True,False,False,False,True,False,False,False,True,False
2026-07-08,2429,銘旺科,TWSE,44.45,25088307,72537341.4,47012506.7,41072354.333333336,708.0,821.0,889.0,0,False,False,False,False,True,False,False,False,True,False,False,False,True,False
2026-07-08,4903,聯光通,TPEx,40.2,94761313,71232689.4,86037338.1,196742768.5,709.0,685.0,528.0,0,False,False,False,False,True,False,False,False,True,False,False,False,True,False
2026-07-08,1342,八貫,TWSE,111.5,43375453,71071009.8,111430289.55,82401714.46666667,710.0,623.0,721.0,0,False,False,False,False,True,False,False,False,True,False,False,False,True,False
2026-07-08,6573,虹揚-KY,TWSE,27.55,72264635,70777701.8,36844536.1,16746526.683333334,711.0,892.0,1113.0,0,False,False,False,False,True,False,False,False,True,False,False,False,True,False
2026-07-08,4923,力士,TPEx,66.5,190717580,70672701.0,97006818.55,57268229.21666667,712.0,647.0,807.0,0,False,False,False,False,True,False,False,False,True,False,False,False,True,False
2026-07-08,5490,同亨,TPEx,30.3,39851375,70283745.2,28070412.75,21017604.933333334,713.0,968.0,1052.0,0,False,False,False,False,True,False,False,False,True,False,False,False,True,False
2026-07-08,6585,鼎基,TWSE,126.0,46529129,70221549.6,119363988.25,68871588.85,714.0,608.0,755.0,0,False,False,False,False,True,False,False,False,True,False,False,False,True,False
2026-07-08,5426,振發,TPEx,29.95,40546387,69466676.4,90837758.9,59731553.35,715.0,672.0,793.0,0,False,False,False,False,True,False,False,False,True,False,False,False,True,False
2026-07-08,8215,明基材,TWSE,28.55,40293133,69227744.8,116632073.35,134773156.96666667,716.0,613.0,604.0,0,False,False,False,False,True,False,False,False,True,False,False,False,True,False
2026-07-08,6204,艾華,TPEx,103.5,38017010,68924227.8,120172048.75,76069968.1,717.0,607.0,736.0,0,False,False,False,False,True,False,False,False,True,False,False,False,True,False
2026-07-08,6684,安格,TPEx,56.8,29399330,68657961.6,104088991.65,49062997.18333333,718.0,634.0,841.0,0,False,False,False,False,True,False,False,False,True,False,False,False,True,False
2026-07-08,6530,創威,TPEx,84.0,59477037,68354358.8,69351565.7,275132090.5833333,719.0,728.0,463.0,0,False,False,False,False,True,False,False,False,True,False,False,False,True,False
2026-07-08,3581,博磊,TPEx,130.0,62241481,68343243.6,82455387.6,158486476.98333332,720.0,697.0,575.0,0,False,False,False,False,True,False,False,False,True,False,False,False,True,False
2026-07-08,2362,藍天,TWSE,43.15,35549517,67963433.0,101469816.35,93263344.65,721.0,639.0,685.0,0,False,False,False,False,True,False,False,False,True,False,False,False,True,False
2026-07-08,9917,中保科,TWSE,105.5,42677442,67880180.4,129727679.6,82143082.9,722.0,588.0,722.0,0,False,False,False,False,True,False,False,False,True,False,False,False,True,False
2026-07-08,2413,環科,TWSE,46.3,51532846,67556739.0,357597699.3,255982891.86666667,723.0,398.0,477.0,5,False,False,True,False,True,False,False,False,True,False,False,False,True,False
2026-07-08,6533,晶心科,TWSE,192.5,41368186,67048266.8,77374748.2,240084150.88333333,724.0,709.0,491.0,0,False,False,False,False,True,False,False,False,True,False,False,False,True,False
2026-07-08,4746,台耀,TWSE,55.9,38384251,66535766.6,43495558.85,50460821.61666667,725.0,846.0,831.0,0,False,False,False,False,True,False,False,False,True,False,False,False,True,False
2026-07-08,6205,詮欣,TWSE,72.0,42580640,66392278.8,108448855.0,405270137.35,726.0,626.0,393.0,0,False,False,False,False,True,False,False,False,True,False,False,False,True,False
2026-07-08,6803,崑鼎,TPEx,273.5,41281541,66375826.2,37318230.5,29147949.516666666,727.0,889.0,966.0,0,False,False,False,False,True,False,False,False,True,False,False,False,True,False
2026-07-08,8162,微矽電子-創,TWSE,79.6,33402887,66013347.0,67353318.75,63463147.21666667,728.0,731.0,772.0,0,False,False,False,False,True,False,False,False,True,False,False,False,True,False
2026-07-08,1307,三芳,TWSE,32.0,49416496,65729194.0,55558837.15,41880619.65,729.0,783.0,882.0,0,False,False,False,False,True,False,False,False,True,False,False,False,True,False
2026-07-08,6125,廣運,TPEx,57.7,60524219,65223648.6,93339490.65,161499180.8,730.0,659.0,570.0,0,False,False,False,False,True,False,False,False,True,False,False,False,True,False
2026-07-08,4583,台灣精銳,TWSE,610.0,22211802,64787945.0,59103880.7,141988624.98333332,731.0,766.0,595.0,0,False,False,False,False,True,False,False,False,True,False,False,False,True,False
2026-07-08,6208,日揚,TPEx,90.5,33154429,64694600.2,203272190.6,187390000.01666668,732.0,498.0,534.0,0,False,False,False,False,True,False,False,False,True,False,False,False,True,False
2026-07-08,8074,鉅橡,TPEx,64.4,53701546,64637613.2,137237608.95,364929975.3833333,733.0,576.0,414.0,0,False,False,False,False,True,False,False,False,True,False,False,False,True,False
2026-07-08,4571,鈞興-KY,TWSE,168.5,27309878,64600990.8,59401765.8,190639920.61666667,734.0,764.0,532.0,0,False,False,False,False,True,False,False,False,True,False,False,False,True,False
2026-07-08,4949,有成精密,TWSE,71.9,67322737,64504576.4,90894516.85,246704959.36666667,735.0,671.0,481.0,0,False,False,False,False,True,False,False,False,True,False,False,False,True,False
2026-07-08,6405,悅城,TWSE,54.0,60926135,64335513.8,124662812.25,123508244.01666667,736.0,600.0,628.0,0,False,False,False,False,True,False,False,False,True,False,False,False,True,False
2026-07-08,3360,尚立,TPEx,19.25,33423025,64002627.0,107218356.6,43717774.03333333,737.0,628.0,873.0,0,False,False,False,False,True,False,False,False,True,False,False,False,True,False
2026-07-08,2838,聯邦銀,TWSE,24.7,66473275,63049552.8,58138197.05,44622649.766666666,738.0,772.0,866.0,0,False,False,False,False,True,False,False,False,True,False,False,False,True,False
2026-07-08,2348,海悅,TWSE,76.1,44461106,62153091.0,105224042.9,52435769.46666667,739.0,631.0,822.0,0,False,False,False,False,True,False,False,False,True,False,False,False,True,False
2026-07-08,4163,鐿鈦,TPEx,136.0,222503977,61999814.4,30673428.4,24700491.85,740.0,944.0,1008.0,0,False,False,False,False,True,False,False,False,True,False,False,False,True,False
2026-07-08,6179,亞通,TPEx,26.8,30299121,61903499.2,58091063.05,44891807.56666667,741.0,773.0,865.0,0,False,False,False,False,True,False,False,False,True,False,False,False,True,False
2026-07-08,3628,盈正,TPEx,73.0,13509274,61571701.4,26640681.8,23581955.7,742.0,982.0,1020.0,0,False,False,False,False,True,False,False,False,True,False,False,False,True,False
2026-07-08,5474,聰泰,TPEx,161.0,24542513,61556884.6,83430702.6,126143202.93333334,743.0,694.0,620.0,0,False,False,False,False,True,False,False,False,True,False,False,False,True,False
2026-07-08,2250,IKKA-KY,TWSE,66.2,15511379,61089533.4,20922175.15,11312988.283333333,744.0,1041.0,1210.0,0,False,False,False,False,True,False,False,False,True,False,False,False,True,False
2026-07-08,2547,日勝生,TWSE,11.25,42635962,59989926.2,61908396.05,41854964.43333333,745.0,752.0,883.0,0,False,False,False,False,True,False,False,False,True,False,False,False,True,False
2026-07-08,2753,八方雲集,TWSE,179.0,39042051,59567077.8,84548243.3,63686662.46666667,746.0,692.0,770.0,0,False,False,False,False,True,False,False,False,True,False,False,False,True,False
2026-07-08,3339,泰谷,TPEx,39.2,55698774,59454894.0,115915568.5,182506438.83333334,747.0,615.0,541.0,0,False,False,False,False,True,False,False,False,True,False,False,False,True,False
2026-07-08,6126,信音,TPEx,35.55,140222471,59338935.0,133621606.3,122553167.4,748.0,583.0,630.0,0,False,False,False,False,True,False,False,False,True,False,False,False,True,False
2026-07-08,5381,光譜,TPEx,27.6,24955685,59099951.4,90938513.65,74017683.1,749.0,670.0,742.0,0,False,False,False,False,True,False,False,False,True,False,False,False,True,False
2026-07-08,2211,長榮鋼,TWSE,95.1,48603435,58582168.4,55911502.45,69218799.4,750.0,780.0,754.0,0,False,False,False,False,True,False,False,False,True,False,False,False,True,False
2026-07-08,6270,倍微,TPEx,34.65,33510617,58477830.8,164710148.5,85676621.1,751.0,541.0,709.0,0,False,False,False,False,True,False,False,False,True,False,False,False,True,False
2026-07-08,7711,永擎,TWSE,307.0,59307092,58366931.4,116254905.65,325852967.53333336,752.0,614.0,434.0,0,False,False,False,False,True,False,False,False,True,False,False,False,True,False
2026-07-08,5522,遠雄,TWSE,64.0,35591701,58197567.4,157326718.5,102624009.05,753.0,546.0,661.0,0,False,False,False,False,True,False,False,False,True,False,False,False,True,False
2026-07-08,3003,健和興,TWSE,66.6,60859669,57970956.4,130838722.15,92047940.93333334,754.0,584.0,692.0,0,False,False,False,False,True,False,False,False,True,False,False,False,True,False
2026-07-08,2836,高雄銀,TWSE,12.35,11752634,57897129.6,36398036.5,28055389.116666667,755.0,895.0,977.0,0,False,False,False,False,True,False,False,False,True,False,False,False,True,False
2026-07-08,2204,中華,TWSE,57.6,78942337,57723805.2,59576322.65,75744032.93333334,756.0,761.0,738.0,0,False,False,False,False,True,False,False,False,True,False,False,False,True,False
2026-07-08,5488,松普,TPEx,14.75,29784556,57248455.6,20222106.35,14048941.666666666,757.0,1046.0,1144.0,0,False,False,False,False,True,False,False,False,True,False,False,False,True,False
2026-07-08,2419,仲琦,TWSE,28.1,27049018,57182373.6,46455382.9,117034112.36666666,758.0,828.0,634.0,0,False,False,False,False,True,False,False,False,True,False,False,False,True,False
2026-07-08,2415,錩新,TWSE,37.65,36403899,57079727.0,47897241.1,19287214.016666666,759.0,817.0,1072.0,0,False,False,False,False,True,False,False,False,True,False,False,False,True,False
2026-07-08,3114,好德,TPEx,41.8,36725814,56880466.4,91416734.95,58079430.28333333,760.0,666.0,800.0,0,False,False,False,False,True,False,False,False,True,False,False,False,True,False
2026-07-08,8478,東哥遊艇,TWSE,155.5,16300285,56776494.0,47104047.7,42197952.833333336,761.0,820.0,880.0,0,False,False,False,False,True,False,False,False,True,False,False,False,True,False
2026-07-08,6015,宏遠證,TPEx,18.15,107771676,56562750.2,70425178.6,93108622.68333334,762.0,727.0,686.0,0,False,False,False,False,True,False,False,False,True,False,False,False,True,False
2026-07-08,3543,州巧,TWSE,30.4,42626718,56504177.4,29423361.75,40337955.81666667,763.0,953.0,892.0,0,False,False,False,False,True,False,False,False,True,False,False,False,True,False
2026-07-08,2243,宏旭-KY,TWSE,53.5,94038798,56465840.0,71147057.75,51071328.016666666,764.0,725.0,827.0,0,False,False,False,False,True,False,False,False,True,False,False,False,True,False
2026-07-08,2014,中鴻,TWSE,17.2,28932542,56145872.6,80850798.55,117556643.58333333,765.0,702.0,633.0,0,False,False,False,False,True,False,False,False,True,False,False,False,True,False
2026-07-08,2009,第一銅,TWSE,38.45,31025590,56105463.2,68825542.9,114808382.35,766.0,729.0,636.0,0,False,False,False,False,True,False,False,False,True,False,False,False,True,False
2026-07-08,6957,裕慶-KY,TWSE,209.0,28785915,55352089.4,29611240.85,24957884.7,767.0,949.0,1005.0,0,False,False,False,False,True,False,False,False,True,False,False,False,True,False
2026-07-08,2331,精英,TWSE,20.5,46939246,54839630.6,77157519.45,93614333.81666666,768.0,711.0,683.0,0,False,False,False,False,True,False,False,False,True,False,False,False,True,False
2026-07-08,5302,太欣,TPEx,13.85,33546401,54636325.8,37937300.6,19169448.233333334,769.0,884.0,1077.0,0,False,False,False,False,True,False,False,False,True,False,False,False,True,False
2026-07-08,9907,統一實,TWSE,15.3,52875328,54257913.4,95260251.0,79497979.71666667,770.0,654.0,727.0,0,False,False,False,False,True,False,False,False,True,False,False,False,True,False
2026-07-08,2460,建通,TWSE,36.9,22454396,54186428.4,83676061.05,75161792.33333333,771.0,693.0,740.0,0,False,False,False,False,True,False,False,False,True,False,False,False,True,False
2026-07-08,3430,奇鈦科,TPEx,129.5,37177154,54124857.4,152491388.7,358012685.8,772.0,553.0,417.0,0,False,False,False,False,True,False,False,False,True,False,False,False,True,False
2026-07-08,5508,永信建,TPEx,58.2,38823687,53901343.0,91905549.1,52816058.43333333,773.0,662.0,818.0,0,False,False,False,False,True,False,False,False,True,False,False,False,True,False
2026-07-08,3176,基亞,TPEx,37.6,57719206,53861477.2,28208873.05,30324631.8,774.0,966.0,952.0,0,False,False,False,False,True,False,False,False,True,False,False,False,True,False
2026-07-08,1612,宏泰,TWSE,33.65,57751938,53244261.6,52633812.85,56696644.166666664,775.0,797.0,809.0,0,False,False,False,False,True,False,False,False,True,False,False,False,True,False
2026-07-08,1707,葡萄王,TWSE,91.0,39945902,53090946.0,55106038.0,41069237.03333333,776.0,787.0,890.0,0,False,False,False,False,True,False,False,False,True,False,False,False,True,False
2026-07-08,8473,山林水,TWSE,45.4,34457775,52845253.2,84823043.05,100544055.88333334,777.0,691.0,667.0,0,False,False,False,False,True,False,False,False,True,False,False,False,True,False
2026-07-08,6811,宏碁資訊,TPEx,223.0,46504943,52606350.6,46968958.95,46648174.166666664,778.0,822.0,857.0,0,False,False,False,False,True,False,False,False,True,False,False,False,True,False
2026-07-08,2108,南帝,TWSE,29.1,24616252,52386146.8,42829147.5,59523567.13333333,779.0,852.0,795.0,0,False,False,False,False,True,False,False,False,True,False,False,False,True,False
2026-07-08,7722,LINEPAY,TWSE,332.0,96371745,52274770.4,152257028.4,83237870.3,780.0,554.0,716.0,0,False,False,False,False,True,False,False,False,True,False,False,False,True,False
2026-07-08,6873,泓德能源,TWSE,89.3,31715112,51557592.4,44693217.75,61196080.483333334,781.0,841.0,785.0,0,False,False,False,False,True,False,False,False,True,False,False,False,True,False
2026-07-08,3049,精金,TWSE,12.6,34501077,51522995.4,95443755.5,166597516.45,782.0,653.0,562.0,0,False,False,False,False,True,False,False,False,True,False,False,False,True,False
2026-07-08,3062,建漢,TWSE,24.2,43152159,51429721.2,92599483.25,233807889.5,783.0,660.0,505.0,0,False,False,False,False,True,False,False,False,True,False,False,False,True,False
2026-07-08,4953,緯軟,TPEx,125.5,30666307,51196663.2,76640431.7,92566918.0,784.0,713.0,690.0,0,False,False,False,False,True,False,False,False,True,False,False,False,True,False
2026-07-08,6180,橘子,TPEx,46.4,28541549,50839863.8,124256414.75,59007418.3,785.0,602.0,796.0,0,False,False,False,False,True,False,False,False,True,False,False,False,True,False
2026-07-08,1227,佳格,TWSE,29.8,25958390,50455909.4,46774059.1,46100915.7,786.0,825.0,861.0,0,False,False,False,False,True,False,False,False,True,False,False,False,True,False
2026-07-08,5521,工信,TWSE,10.45,109666906,50149334.6,51676656.95,57731851.65,787.0,802.0,804.0,0,False,False,False,False,True,False,False,False,True,False,False,False,True,False
2026-07-08,6227,茂綸,TPEx,122.0,32685115,49970118.4,71778026.5,143672958.3,788.0,724.0,592.0,0,False,False,False,False,True,False,False,False,True,False,False,False,True,False
2026-07-08,5534,長虹,TWSE,79.2,18169645,49855290.2,143840471.45,105485733.86666666,789.0,561.0,653.0,0,False,False,False,False,True,False,False,False,True,False,False,False,True,False
2026-07-08,2520,冠德,TWSE,34.95,41563604,49770026.0,137846188.55,78460694.6,790.0,572.0,729.0,0,False,False,False,False,True,False,False,False,True,False,False,False,True,False
2026-07-08,3504,揚明光,TWSE,74.4,43886895,49755060.2,268572341.6,230391433.26666668,791.0,451.0,508.0,3,False,False,True,False,True,False,False,False,True,False,False,False,True,False
2026-07-08,6532,瑞耘,TPEx,80.6,48736457,49440506.6,39493162.6,164702702.33333334,792.0,874.0,564.0,0,False,False,False,False,True,False,False,False,True,False,False,False,True,False
2026-07-08,7768,頌勝科技,TWSE,344.0,22555353,48990190.2,61721805.15,,793.0,753.0,,0,False,False,False,False,True,False,False,False,True,False,False,False,True,False
2026-07-08,1595,川寶,TPEx,70.0,62805846,48865426.2,80917699.6,193367308.3,794.0,700.0,530.0,0,False,False,False,False,True,False,False,False,True,False,False,False,True,False
2026-07-08,3025,星通,TWSE,60.8,34005845,48856049.2,43985302.65,66373037.75,795.0,845.0,764.0,0,False,False,False,False,True,False,False,False,True,False,False,False,True,False
2026-07-08,3138,耀登,TWSE,116.0,37693002,48819230.6,82890016.85,310100885.65,796.0,696.0,442.0,0,False,False,False,False,True,False,False,False,True,False,False,False,True,False
2026-07-08,1907,永豐餘,TWSE,27.85,29102048,48560406.2,66874380.45,50002062.3,797.0,734.0,836.0,0,False,False,False,False,True,False,False,False,True,False,False,False,True,False
2026-07-08,8390,金益鼎,TPEx,102.5,28246030,47989655.2,90388529.65,126933288.05,798.0,675.0,618.0,0,False,False,False,False,True,False,False,False,True,False,False,False,True,False
2026-07-08,6026,福邦證,TPEx,15.9,30028305,47822067.0,72597699.65,71816328.7,799.0,722.0,749.0,0,False,False,False,False,True,False,False,False,True,False,False,False,True,False
2026-07-08,6870,騰雲,TPEx,293.0,18356830,47785919.4,53918823.55,47580210.13333333,800.0,790.0,852.0,0,False,False,False,False,True,False,False,False,True,False,False,False,True,False
2026-07-08,6165,浪凡,TWSE,51.1,37782251,47698069.2,26358218.0,48777288.016666666,801.0,986.0,842.0,0,False,False,False,False,True,False,False,False,True,False,False,False,True,False
2026-07-08,3041,揚智,TWSE,26.65,31396976,47553623.2,118443781.15,73385399.61666666,802.0,610.0,743.0,0,False,False,False,False,True,False,False,False,True,False,False,False,True,False
2026-07-08,6122,擎邦,TPEx,51.9,31134262,47260323.2,19925640.65,16950173.95,803.0,1050.0,1111.0,0,False,False,False,False,True,False,False,False,True,False,False,False,True,False
2026-07-08,2903,遠百,TWSE,22.1,26384260,47245694.2,85298880.35,64421651.36666667,804.0,688.0,766.0,0,False,False,False,False,True,False,False,False,True,False,False,False,True,False
2026-07-08,4577,達航科技,TPEx,85.8,39152355,47019152.2,79989416.9,159460673.35,805.0,704.0,573.0,0,False,False,False,False,True,False,False,False,True,False,False,False,True,False
2026-07-08,5511,德昌,TPEx,79.7,37494145,46883351.4,36443781.15,20359799.533333335,806.0,894.0,1056.0,0,False,False,False,False,True,False,False,False,True,False,False,False,True,False
2026-07-08,3528,安馳,TWSE,96.2,41443769,46329293.4,103626524.9,100212855.8,807.0,635.0,669.0,0,False,False,False,False,True,False,False,False,True,False,False,False,True,False
2026-07-08,6869,雲豹能源,TWSE,71.7,35725249,46210954.0,45402456.25,61339492.21666667,808.0,835.0,784.0,0,False,False,False,False,True,False,False,False,True,False,False,False,True,False
2026-07-08,4770,上品,TWSE,214.5,28635703,46144712.8,63667022.95,145544546.06666666,809.0,746.0,590.0,0,False,False,False,False,True,False,False,False,True,False,False,False,True,False
2026-07-08,3712,永崴投控,TWSE,17.55,94752763,46035335.8,20925321.9,24976151.35,810.0,1040.0,1004.0,0,False,False,False,False,True,False,False,False,True,False,False,False,True,False
2026-07-08,3564,其陽,TPEx,56.1,107579467,45847292.2,18886196.65,18543089.483333334,811.0,1064.0,1087.0,0,False,False,False,False,True,False,False,False,True,False,False,False,True,False
2026-07-08,5460,同協,TPEx,17.35,12833664,45596203.6,14866587.3,5718432.25,812.0,1120.0,1385.0,0,False,False,False,False,True,False,False,False,True,False,False,False,True,False
2026-07-08,2597,潤弘,TWSE,167.0,33315694,45495461.2,174759312.85,198301297.18333334,813.0,529.0,525.0,3,False,False,True,False,True,False,False,False,True,False,False,False,True,False
2026-07-08,4562,穎漢,TWSE,34.2,7247284,44920644.2,21841913.85,68157948.71666667,814.0,1030.0,760.0,0,False,False,False,False,True,False,False,False,True,False,False,False,True,False
2026-07-08,3284,太普高,TPEx,29.0,18402257,44882362.2,45171248.2,20789290.916666668,815.0,837.0,1053.0,0,False,False,False,False,True,False,False,False,True,False,False,False,True,False
2026-07-08,6177,達麗,TWSE,45.2,34941714,44575516.0,112518192.25,81881274.36666666,816.0,620.0,723.0,0,False,False,False,False,True,False,False,False,True,False,False,False,True,False
2026-07-08,7805,威聯通,TPEx,640.0,38376325,44238260.4,57350838.55,102220981.05,817.0,775.0,664.0,0,False,False,False,False,True,False,False,False,True,False,False,False,True,False
2026-07-08,6189,豐藝,TWSE,51.2,30711154,43795005.2,142900012.35,103180367.66666667,818.0,563.0,657.0,0,False,False,False,False,True,False,False,False,True,False,False,False,True,False
2026-07-08,5464,霖宏,TPEx,95.9,62099101,43788065.6,127368433.15,108356706.6,819.0,596.0,648.0,0,False,False,False,False,True,False,False,False,True,False,False,False,True,False
2026-07-08,2010,春源,TWSE,21.15,38966235,43727631.4,55370724.5,47638799.583333336,820.0,785.0,850.0,0,False,False,False,False,True,False,False,False,True,False,False,False,True,False
2026-07-08,6877,鏵友益,TPEx,128.5,15652205,43500047.2,60108301.25,125075570.28333333,821.0,759.0,623.0,0,False,False,False,False,True,False,False,False,True,False,False,False,True,False
2026-07-08,6928,攸泰科技,TWSE,53.2,12460365,43401699.8,23008991.7,12777476.9,822.0,1016.0,1173.0,0,False,False,False,False,True,False,False,False,True,False,False,False,True,False
2026-07-08,4167,松瑞藥,TPEx,20.9,64237351,43319177.6,24744790.65,21558645.2,823.0,999.0,1049.0,0,False,False,False,False,True,False,False,False,True,False,False,False,True,False
2026-07-08,6821,聯寶,TPEx,53.0,20968391,43297700.4,102385687.1,101775938.48333333,824.0,637.0,665.0,0,False,False,False,False,True,False,False,False,True,False,False,False,True,False
2026-07-08,3092,鴻碩,TWSE,29.6,24583215,43280590.4,35643517.6,34574302.416666664,825.0,903.0,923.0,0,False,False,False,False,True,False,False,False,True,False,False,False,True,False
2026-07-08,2349,錸德,TWSE,12.85,41406778,42737632.4,53266047.1,87351850.63333334,826.0,793.0,706.0,0,False,False,False,False,True,False,False,False,True,False,False,False,True,False
2026-07-08,3701,大眾控,TWSE,42.3,28131670,42695484.8,50497007.4,294477735.65,827.0,804.0,452.0,0,False,False,False,False,True,False,False,False,True,False,False,False,True,False
2026-07-08,1460,宏遠,TWSE,7.31,14295357,42144158.8,14548128.35,8753970.116666667,828.0,1124.0,1279.0,0,False,False,False,False,True,False,False,False,True,False,False,False,True,False
2026-07-08,3047,訊舟,TWSE,16.95,59397958,42091642.2,38595846.55,30446328.033333335,829.0,880.0,950.0,0,False,False,False,False,True,False,False,False,True,False,False,False,True,False
2026-07-08,6588,東典光電,TPEx,80.9,30523440,41448244.6,76810061.4,273095541.95,830.0,712.0,466.0,0,False,False,False,False,True,False,False,False,True,False,False,False,True,False
2026-07-08,1568,倉佑,TWSE,33.75,25096617,41279515.6,50348093.8,46464340.53333333,831.0,805.0,858.0,0,False,False,False,False,True,False,False,False,True,False,False,False,True,False
2026-07-08,6517,保勝光學,TPEx,65.1,26219741,41207745.0,180072262.7,82628457.33333333,832.0,522.0,719.0,0,False,False,False,False,True,False,False,False,True,False,False,False,True,False
2026-07-08,1528,恩德,TWSE,22.8,28579383,41161161.4,64319210.45,286628894.05,833.0,742.0,455.0,0,False,False,False,False,True,False,False,False,True,False,False,False,True,False
2026-07-08,2023,燁輝,TWSE,14.0,42706573,41006852.4,31259884.0,33821296.733333334,834.0,939.0,928.0,0,False,False,False,False,True,False,False,False,True,False,False,False,True,False
2026-07-08,4741,泓瀚,TPEx,52.0,17668562,40836788.8,91706119.45,97924517.83333333,835.0,664.0,673.0,0,False,False,False,False,True,False,False,False,True,False,False,False,True,False
2026-07-08,2405,輔信,TWSE,16.95,28011403,40678281.2,64590962.85,93990624.7,836.0,741.0,680.0,0,False,False,False,False,True,False,False,False,True,False,False,False,True,False
2026-07-08,2897,王道銀行,TWSE,10.6,27901559,40357548.6,51708780.95,46847127.78333333,837.0,801.0,854.0,0,False,False,False,False,True,False,False,False,True,False,False,False,True,False
2026-07-08,9802,鈺齊-KY,TWSE,72.3,45379202,40155817.0,56023647.5,82765802.46666667,838.0,778.0,718.0,0,False,False,False,False,True,False,False,False,True,False,False,False,True,False
2026-07-08,3546,宇峻,TPEx,73.1,28010943,40061894.6,43145078.25,35565683.983333334,839.0,850.0,919.0,0,False,False,False,False,True,False,False,False,True,False,False,False,True,False
2026-07-08,2536,宏普,TWSE,18.95,15835175,39641810.2,28709133.65,15264262.833333334,840.0,963.0,1126.0,0,False,False,False,False,True,False,False,False,True,False,False,False,True,False
2026-07-08,6716,應廣,TPEx,101.5,62270576,39575028.4,47192938.35,75900075.31666666,841.0,819.0,737.0,0,False,False,False,False,True,False,False,False,True,False,False,False,True,False
2026-07-08,4137,麗豐-KY,TWSE,94.8,23678582,39514463.0,28012711.7,26496723.2,842.0,969.0,988.0,0,False,False,False,False,True,False,False,False,True,False,False,False,True,False
2026-07-08,6245,立端,TPEx,80.6,43744190,38866407.0,56522907.05,114321985.21666667,843.0,776.0,637.0,0,False,False,False,False,True,False,False,False,True,False,False,False,True,False
2026-07-08,6186,新潤,TPEx,42.8,30100891,38850984.6,48186449.55,42926210.55,844.0,815.0,877.0,0,False,False,False,False,True,False,False,False,True,False,False,False,True,False
2026-07-08,8038,長園科,TPEx,41.0,19182656,38796911.4,21489269.3,22811282.083333332,845.0,1033.0,1033.0,0,False,False,False,False,True,False,False,False,True,False,False,False,True,False
2026-07-08,4306,炎洲,TWSE,15.95,24395450,38663051.0,42577337.1,29501178.066666666,846.0,854.0,963.0,0,False,False,False,False,True,False,False,False,True,False,False,False,True,False
2026-07-08,4303,信立,TPEx,45.55,13571328,38597101.0,25655541.35,36355349.13333333,847.0,990.0,913.0,0,False,False,False,False,True,False,False,False,True,False,False,False,True,False
2026-07-08,6725,矽科宏晟,TPEx,306.5,18724536,38024294.2,137599486.15,239509243.65,848.0,575.0,492.0,0,False,False,False,False,True,False,False,False,True,False,False,False,True,False
2026-07-08,6023,元大期,TPEx,106.5,40266027,37876601.2,39031176.2,26278608.366666667,849.0,879.0,989.0,0,False,False,False,False,True,False,False,False,True,False,False,False,True,False
2026-07-08,3558,神準,TPEx,137.0,106468608,37784439.6,40556781.15,52375981.36666667,850.0,868.0,823.0,0,False,False,False,False,True,False,False,False,True,False,False,False,True,False
2026-07-08,6148,驊宏資,TPEx,32.5,11977442,37742043.2,29087087.35,34183775.233333334,851.0,956.0,925.0,0,False,False,False,False,True,False,False,False,True,False,False,False,True,False
2026-07-08,5410,國眾,TPEx,44.1,26878959,37580343.0,85635598.0,52804952.15,852.0,686.0,819.0,0,False,False,False,False,True,False,False,False,True,False,False,False,True,False
2026-07-08,3483,力致,TPEx,90.5,25896617,37435389.8,46459057.0,141499764.45,853.0,827.0,596.0,0,False,False,False,False,True,False,False,False,True,False,False,False,True,False
2026-07-08,7744,崴寶,TPEx,462.5,26956073,37284852.0,51754816.7,94279530.03333333,854.0,800.0,678.0,0,False,False,False,False,True,False,False,False,True,False,False,False,True,False
2026-07-08,3520,華盈,TPEx,16.8,6544288,37068052.4,20147035.35,15288531.55,855.0,1047.0,1125.0,0,False,False,False,False,True,False,False,False,True,False,False,False,True,False
2026-07-08,3709,鑫聯大投控,TPEx,73.2,40094135,36596053.0,72911980.4,267788674.43333334,856.0,721.0,472.0,0,False,False,False,False,True,False,False,False,True,False,False,False,True,False
2026-07-08,3490,單井,TPEx,32.65,14399697,36457090.4,29572787.35,87724961.66666667,857.0,951.0,705.0,0,False,False,False,False,True,False,False,False,True,False,False,False,True,False
2026-07-08,3438,類比科,TPEx,70.5,37559184,36382042.6,32492399.75,43994948.666666664,858.0,926.0,870.0,0,False,False,False,False,True,False,False,False,True,False,False,False,True,False
2026-07-08,6423,億而得,TPEx,87.7,77025492,36322654.4,17950859.95,37168327.71666667,859.0,1075.0,904.0,0,False,False,False,False,True,False,False,False,True,False,False,False,True,False
2026-07-08,1256,鮮活果汁-KY,TWSE,199.5,32282785,36178428.8,23125955.2,25453268.683333334,860.0,1015.0,999.0,0,False,False,False,False,True,False,False,False,True,False,False,False,True,False
2026-07-08,6425,易發,TPEx,69.1,28757373,35766958.2,53163170.6,302029642.1333333,861.0,796.0,445.0,0,False,False,False,False,True,False,False,False,True,False,False,False,True,False
2026-07-08,3306,鼎天,TPEx,49.2,25012232,35759910.8,18494131.7,14635698.933333334,862.0,1068.0,1137.0,0,False,False,False,False,True,False,False,False,True,False,False,False,True,False
2026-07-08,2913,農林,TWSE,11.1,19624588,35687931.0,39052181.55,31134728.283333335,863.0,878.0,945.0,0,False,False,False,False,True,False,False,False,True,False,False,False,True,False
2026-07-08,3338,泰碩,TWSE,67.3,29461353,35666685.6,54236439.55,232645395.7,864.0,789.0,507.0,0,False,False,False,False,True,False,False,False,True,False,False,False,True,False
2026-07-08,6419,京晨科,TPEx,142.0,21303040,35454486.0,58911835.4,96599063.96666667,865.0,767.0,675.0,0,False,False,False,False,True,False,False,False,True,False,False,False,True,False
2026-07-08,4951,精拓科,TPEx,91.8,33866684,35413377.0,59570316.65,123788599.85,866.0,762.0,626.0,0,False,False,False,False,True,False,False,False,True,False,False,False,True,False
2026-07-08,3356,奇偶,TWSE,59.9,32227230,35100259.6,58546719.6,72891334.93333334,867.0,770.0,745.0,0,False,False,False,False,True,False,False,False,True,False,False,False,True,False
2026-07-08,6642,富致,TPEx,82.3,32068557,34994078.2,74346996.05,83479908.28333333,868.0,718.0,715.0,0,False,False,False,False,True,False,False,False,True,False,False,False,True,False
2026-07-08,2390,云辰,TWSE,12.7,17613458,34923625.6,18953507.55,16037319.716666667,869.0,1063.0,1120.0,0,False,False,False,False,True,False,False,False,True,False,False,False,True,False
2026-07-08,1231,聯華食,TWSE,86.7,52554399,34819543.4,30229873.65,32236631.05,870.0,945.0,935.0,0,False,False,False,False,True,False,False,False,True,False,False,False,True,False
2026-07-08,2707,晶華,TWSE,179.5,15180342,34420105.0,30748934.1,43960360.8,871.0,943.0,871.0,0,False,False,False,False,True,False,False,False,True,False,False,False,True,False
2026-07-08,1618,合機,TWSE,40.5,21715644,34388599.6,58888032.9,57797825.233333334,872.0,768.0,803.0,0,False,False,False,False,True,False,False,False,True,False,False,False,True,False
2026-07-08,6922,宸曜,TPEx,179.0,33008820,34176135.0,36349092.7,52557399.05,873.0,897.0,820.0,0,False,False,False,False,True,False,False,False,True,False,False,False,True,False
2026-07-08,2636,台驊控股,TWSE,70.8,20756250,34021676.2,27822165.75,27904016.5,874.0,972.0,978.0,0,False,False,False,False,True,False,False,False,True,False,False,False,True,False
2026-07-08,7818,溢泰實業,TWSE,70.0,20790527,34015061.2,21554069.3,,875.0,1032.0,,0,False,False,False,False,True,False,False,False,True,False,False,False,True,False
2026-07-08,3484,崧騰,TPEx,51.6,15504504,33938318.4,67699952.35,32195939.55,876.0,730.0,936.0,0,False,False,False,False,True,False,False,False,True,False,False,False,True,False
2026-07-08,6535,順藥,TPEx,100.0,21779840,33575936.8,25257637.6,29524879.966666665,877.0,992.0,962.0,0,False,False,False,False,True,False,False,False,True,False,False,False,True,False
2026-07-08,8476,台境*,TWSE,23.85,19993473,33129074.6,46305877.3,22534385.766666666,878.0,830.0,1037.0,0,False,False,False,False,True,False,False,False,True,False,False,False,True,False
2026-07-08,2527,宏璟,TWSE,41.3,37187796,33047780.4,55269776.8,34108795.8,879.0,786.0,926.0,0,False,False,False,False,True,False,False,False,True,False,False,False,True,False
2026-07-08,5236,凌陽創新,TPEx,161.5,36180899,33034689.0,48432406.2,92540507.48333333,880.0,814.0,691.0,0,False,False,False,False,True,False,False,False,True,False,False,False,True,False
2026-07-08,3303,岱稜,TPEx,55.7,45669983,33004922.4,104761893.95,51374174.53333333,881.0,633.0,826.0,0,False,False,False,False,True,False,False,False,True,False,False,False,True,False
2026-07-08,8935,邦泰,TPEx,22.4,8260549,32877806.8,20034791.8,17047176.683333334,882.0,1049.0,1108.0,0,False,False,False,False,True,False,False,False,True,False,False,False,True,False
2026-07-08,6469,大樹,TPEx,76.9,33054048,32817140.8,37141805.15,47606195.96666667,883.0,890.0,851.0,0,False,False,False,False,True,False,False,False,True,False,False,False,True,False
2026-07-08,1723,中碳,TWSE,82.6,26338600,32633855.2,64873068.55,70619821.13333334,884.0,739.0,752.0,0,False,False,False,False,True,False,False,False,True,False,False,False,True,False
2026-07-08,9911,櫻花,TWSE,83.3,21851732,32457101.2,27083243.3,28398204.816666666,885.0,980.0,968.0,0,False,False,False,False,True,False,False,False,True,False,False,False,True,False
2026-07-08,3388,崇越電,TPEx,79.7,34599323,32405214.6,45168877.7,186577334.5,886.0,838.0,536.0,0,False,False,False,False,True,False,False,False,True,False,False,False,True,False
2026-07-08,3321,同泰,TWSE,22.45,50000353,32281502.6,31968190.6,19269141.866666667,887.0,931.0,1073.0,0,False,False,False,False,True,False,False,False,True,False,False,False,True,False
2026-07-08,8111,立碁,TPEx,50.9,33044865,32170349.8,53686650.1,236651005.63333333,888.0,791.0,498.0,0,False,False,False,False,True,False,False,False,True,False,False,False,True,False
2026-07-08,6494,九齊,TPEx,64.3,37228066,32097212.6,55707066.35,34260096.266666666,889.0,782.0,924.0,0,False,False,False,False,True,False,False,False,True,False,False,False,True,False
2026-07-08,5519,隆大,TWSE,34.2,28151444,32055281.0,29103468.65,20511738.65,890.0,955.0,1055.0,0,False,False,False,False,True,False,False,False,True,False,False,False,True,False
2026-07-08,6561,是方,TPEx,331.5,23753207,31897465.6,39672365.0,50041559.45,891.0,873.0,835.0,0,False,False,False,False,True,False,False,False,True,False,False,False,True,False
2026-07-08,3625,西勝,TPEx,17.8,20570490,31849958.8,13430269.3,12462212.416666666,892.0,1138.0,1180.0,0,False,False,False,False,True,False,False,False,True,False,False,False,True,False
2026-07-08,6024,群益期,TWSE,64.4,76053642,31681637.6,27910590.35,27378647.233333334,893.0,971.0,984.0,0,False,False,False,False,True,False,False,False,True,False,False,False,True,False
2026-07-08,4503,金雨,TPEx,43.6,13902836,31678374.8,16377865.3,13703365.533333333,894.0,1095.0,1151.0,0,False,False,False,False,True,False,False,False,True,False,False,False,True,False
2026-07-08,2705,六福,TWSE,16.3,1291592,31413334.8,10928239.25,9883729.283333333,895.0,1187.0,1252.0,0,False,False,False,False,True,False,False,False,True,False,False,False,True,False
2026-07-08,6996,力領科技,TPEx,200.0,27370254,31347272.8,27533231.0,38136851.983333334,896.0,975.0,900.0,0,False,False,False,False,True,False,False,False,True,False,False,False,True,False
2026-07-08,3372,典範,TPEx,19.9,14372867,31347178.6,38563478.95,29065615.083333332,897.0,882.0,967.0,0,False,False,False,False,True,False,False,False,True,False,False,False,True,False
2026-07-08,6120,達運,TWSE,14.05,24916250,31334790.0,50075662.9,67554760.15,898.0,807.0,762.0,0,False,False,False,False,True,False,False,False,True,False,False,False,True,False
2026-07-08,1762,中化生,TWSE,39.65,13257398,31144002.0,22942316.9,23685264.616666667,899.0,1018.0,1019.0,0,False,False,False,False,True,False,False,False,True,False,False,False,True,False
2026-07-08,2539,櫻花建,TWSE,39.15,27707999,31063451.0,53252704.05,62079714.3,900.0,794.0,776.0,0,False,False,False,False,True,False,False,False,True,False,False,False,True,False
2026-07-08,7786,東方風能,TWSE,128.5,40024799,31046636.8,32820379.75,34623222.35,901.0,920.0,922.0,0,False,False,False,False,True,False,False,False,True,False,False,False,True,False
2026-07-08,2030,彰源,TWSE,17.75,73445496,31000756.2,34610067.05,32886342.116666667,902.0,908.0,933.0,0,False,False,False,False,True,False,False,False,True,False,False,False,True,False
2026-07-08,5292,華懋,TWSE,223.5,50448648,30821601.4,31852459.7,74267451.15,903.0,933.0,741.0,0,False,False,False,False,True,False,False,False,True,False,False,False,True,False
2026-07-08,3051,力特,TWSE,25.8,31293510,30483490.8,57826351.35,124913513.4,904.0,774.0,624.0,0,False,False,False,False,True,False,False,False,True,False,False,False,True,False
2026-07-08,6854,錼創科技-KY創,TWSE,118.0,34127794,30347534.4,43177533.05,128540047.2,905.0,849.0,612.0,0,False,False,False,False,True,False,False,False,True,False,False,False,True,False
2026-07-08,2543,皇昌,TWSE,38.7,16962448,30321552.6,80980808.85,136667669.51666668,906.0,699.0,602.0,0,False,False,False,False,True,False,False,False,True,False,False,False,True,False
2026-07-08,2607,榮運,TWSE,46.4,12572381,30236876.0,26094390.7,29693064.7,907.0,988.0,961.0,0,False,False,False,False,True,False,False,False,True,False,False,False,True,False
2026-07-08,8462,柏文,TWSE,156.0,30877950,30220108.4,25946676.7,21612557.35,908.0,989.0,1046.0,0,False,False,False,False,True,False,False,False,True,False,False,False,True,False
2026-07-08,3630,新鉅科,TPEx,28.05,18563722,30147352.2,138286315.05,72887223.2,909.0,571.0,746.0,0,False,False,False,False,True,False,False,False,True,False,False,False,True,False
2026-07-08,6170,統振,TPEx,47.95,38157137,30124188.4,20394048.0,17704824.833333332,910.0,1044.0,1098.0,0,False,False,False,False,True,False,False,False,True,False,False,False,True,False
2026-07-08,6485,點序,TPEx,77.7,35567404,30091591.6,62165343.15,212446504.9,911.0,750.0,518.0,0,False,False,False,False,True,False,False,False,True,False,False,False,True,False
2026-07-08,2397,友通,TWSE,59.5,19318642,29965777.8,28490987.2,30161857.766666666,912.0,965.0,955.0,0,False,False,False,False,True,False,False,False,True,False,False,False,True,False
2026-07-08,2850,新產,TWSE,146.0,33635301,29879266.6,85277654.8,70673026.25,913.0,689.0,751.0,0,False,False,False,False,True,False,False,False,True,False,False,False,True,False
2026-07-08,7703,銳澤,TPEx,189.5,21337512,29652277.6,35822064.4,47962198.6,914.0,901.0,847.0,0,False,False,False,False,True,False,False,False,True,False,False,False,True,False
2026-07-08,1760,寶齡富錦,TWSE,63.9,28196978,29504289.6,16122268.95,20241719.15,915.0,1098.0,1059.0,0,False,False,False,False,True,False,False,False,True,False,False,False,True,False
2026-07-08,5484,慧友,TWSE,44.85,9619495,29445006.0,32564605.85,50570535.6,916.0,924.0,829.0,0,False,False,False,False,True,False,False,False,True,False,False,False,True,False
2026-07-08,2387,精元,TWSE,40.3,11822650,28696288.2,27260382.85,31626541.983333334,917.0,977.0,938.0,0,False,False,False,False,True,False,False,False,True,False,False,False,True,False
2026-07-08,3032,偉訓,TWSE,75.8,27905839,28687291.6,63825362.05,121905942.8,918.0,745.0,631.0,0,False,False,False,False,True,False,False,False,True,False,False,False,True,False
2026-07-08,2034,允強,TWSE,20.4,21141518,28352818.6,32176096.8,35902387.13333333,919.0,929.0,918.0,0,False,False,False,False,True,False,False,False,True,False,False,False,True,False
2026-07-08,1218,泰山,TWSE,17.1,22415332,28265819.2,23568707.65,18788038.566666666,920.0,1008.0,1084.0,0,False,False,False,False,True,False,False,False,True,False,False,False,True,False
2026-07-08,3027,盛達,TWSE,20.65,8989697,28197479.6,16051090.1,17971610.933333334,921.0,1099.0,1093.0,0,False,False,False,False,True,False,False,False,True,False,False,False,True,False
2026-07-08,8183,精星,TPEx,33.8,20931758,27866381.0,24695644.5,23549594.8,922.0,1000.0,1022.0,0,False,False,False,False,True,False,False,False,True,False,False,False,True,False
2026-07-08,1712,興農,TWSE,39.35,27226404,27857477.0,28805229.7,33217418.733333334,923.0,958.0,931.0,0,False,False,False,False,True,False,False,False,True,False,False,False,True,False
2026-07-08,1808,潤隆,TWSE,30.05,15005784,27835451.6,53607316.4,51871342.5,924.0,792.0,825.0,0,False,False,False,False,True,False,False,False,True,False,False,False,True,False
2026-07-08,2617,台航,TWSE,30.45,24625011,27664243.2,23659198.1,23423092.333333332,925.0,1006.0,1023.0,0,False,False,False,False,True,False,False,False,True,False,False,False,True,False
2026-07-08,6768,志強-KY,TWSE,71.0,23719786,27579348.8,45336648.05,62003281.65,926.0,836.0,777.0,0,False,False,False,False,True,False,False,False,True,False,False,False,True,False
2026-07-08,2641,正德,TPEx,18.05,15023233,27569757.0,31468043.75,49647230.31666667,927.0,936.0,839.0,0,False,False,False,False,True,False,False,False,True,False,False,False,True,False
2026-07-08,1569,濱川,TPEx,47.7,10440325,27445372.2,34541532.25,93996972.53333333,928.0,909.0,679.0,0,False,False,False,False,True,False,False,False,True,False,False,False,True,False
2026-07-08,6763,綠界科技*,TPEx,46.1,14072737,27045864.0,35414322.6,37158420.916666664,929.0,905.0,905.0,0,False,False,False,False,True,False,False,False,True,False,False,False,True,False
2026-07-08,2545,皇翔,TWSE,35.0,30207846,26994100.8,22418225.3,17181909.35,930.0,1026.0,1107.0,0,False,False,False,False,True,False,False,False,True,False,False,False,True,False
2026-07-08,4909,新復興,TPEx,42.9,20988779,26583367.8,33005140.45,77726542.1,931.0,919.0,731.0,0,False,False,False,False,True,False,False,False,True,False,False,False,True,False
2026-07-08,9935,慶豐富,TWSE,18.5,8983335,26410379.4,11535408.8,7952277.366666666,932.0,1171.0,1304.0,0,False,False,False,False,True,False,False,False,True,False,False,False,True,False
2026-07-08,1784,訊聯,TPEx,70.3,37718550,26363787.0,17117335.85,17376625.233333334,933.0,1085.0,1103.0,0,False,False,False,False,True,False,False,False,True,False,False,False,True,False
2026-07-08,6933,AMAX-KY,TWSE,143.5,11637534,26331561.2,22219353.8,68418858.71666667,934.0,1027.0,758.0,0,False,False,False,False,True,False,False,False,True,False,False,False,True,False
2026-07-08,6576,逸達,TPEx,84.1,33355864,26329324.2,17052624.15,15046652.883333333,935.0,1087.0,1132.0,0,False,False,False,False,True,False,False,False,True,False,False,False,True,False
2026-07-08,6292,迅德,TPEx,58.1,6834873,26302397.4,40329520.4,36491588.11666667,936.0,869.0,912.0,0,False,False,False,False,True,False,False,False,True,False,False,False,True,False
2026-07-08,5291,邑昇,TPEx,55.9,17109216,26157964.2,31336045.9,107934316.53333333,937.0,938.0,650.0,0,False,False,False,False,True,False,False,False,True,False,False,False,True,False
2026-07-08,2031,新光鋼,TWSE,38.2,24496884,26155163.0,43305457.5,46270717.53333333,938.0,847.0,859.0,0,False,False,False,False,True,False,False,False,True,False,False,False,True,False
2026-07-08,8499,鼎炫-KY,TWSE,306.5,15340140,26088195.8,27566596.55,46832441.45,939.0,973.0,855.0,0,False,False,False,False,True,False,False,False,True,False,False,False,True,False
2026-07-08,6237,驊訊,TPEx,42.35,34769515,26083300.2,30148620.75,72876026.25,940.0,947.0,747.0,0,False,False,False,False,True,False,False,False,True,False,False,False,True,False
2026-07-08,3219,倚強科,TPEx,75.9,12537817,26037977.6,20554219.2,54001168.68333333,941.0,1043.0,814.0,0,False,False,False,False,True,False,False,False,True,False,False,False,True,False
2026-07-08,4714,永捷,TPEx,11.85,18499999,25894772.0,18132517.3,22771451.6,942.0,1070.0,1034.0,0,False,False,False,False,True,False,False,False,True,False,False,False,True,False
2026-07-08,2420,新巨,TWSE,60.2,18105166,25786571.6,41175885.65,41349107.75,943.0,860.0,887.0,0,False,False,False,False,True,False,False,False,True,False,False,False,True,False
2026-07-08,2535,達欣工,TWSE,87.2,23495705,25757997.2,50195791.5,58585594.083333336,944.0,806.0,799.0,0,False,False,False,False,True,False,False,False,True,False,False,False,True,False
2026-07-08,6913,鴻呈,TPEx,125.5,51133451,25668330.4,25175510.2,68291996.26666667,945.0,994.0,759.0,0,False,False,False,False,True,False,False,False,True,False,False,False,True,False
2026-07-08,6698,旭暉應材,TWSE,40.7,11887789,25453502.2,48727612.45,47510198.78333333,946.0,812.0,853.0,0,False,False,False,False,True,False,False,False,True,False,False,False,True,False
2026-07-08,6654,天正國際,TPEx,199.0,12847081,25382844.2,44165174.35,23695180.083333332,947.0,844.0,1018.0,0,False,False,False,False,True,False,False,False,True,False,False,False,True,False
2026-07-08,4912,聯德控股-KY,TWSE,89.0,29872414,25278113.4,37874347.35,92940922.46666667,948.0,885.0,688.0,0,False,False,False,False,True,False,False,False,True,False,False,False,True,False
2026-07-08,6558,興能高,TWSE,29.8,34660041,25063698.0,16559691.65,30396580.133333333,949.0,1093.0,951.0,0,False,False,False,False,True,False,False,False,True,False,False,False,True,False
2026-07-08,1584,精剛,TPEx,19.35,13563944,25060475.2,19465831.1,18819975.166666668,950.0,1055.0,1082.0,0,False,False,False,False,True,False,False,False,True,False,False,False,True,False
2026-07-08,2453,凌群,TWSE,56.7,32549207,25002799.6,22629231.15,50126751.63333333,951.0,1022.0,833.0,0,False,False,False,False,True,False,False,False,True,False,False,False,True,False
2026-07-08,6568,宏觀,TPEx,155.5,23212124,24990740.0,39694121.95,164885305.81666666,952.0,872.0,563.0,0,False,False,False,False,True,False,False,False,True,False,False,False,True,False
2026-07-08,1316,上曜,TWSE,10.35,14022414,24967360.6,36989870.55,31016500.783333335,953.0,891.0,947.0,0,False,False,False,False,True,False,False,False,True,False,False,False,True,False
2026-07-08,4555,氣立,TWSE,49.35,12109456,24885435.2,21226059.2,43062172.733333334,954.0,1036.0,875.0,0,False,False,False,False,True,False,False,False,True,False,False,False,True,False
2026-07-08,6134,萬旭,TPEx,31.45,23302124,24807158.8,49324373.25,52328564.1,955.0,810.0,824.0,0,False,False,False,False,True,False,False,False,True,False,False,False,True,False
2026-07-08,5608,四維航,TWSE,14.75,20115532,24800201.4,19369626.2,23076509.383333333,956.0,1056.0,1027.0,0,False,False,False,False,True,False,False,False,True,False,False,False,True,False
2026-07-08,6668,中揚光,TWSE,37.3,17730781,24689676.4,91021984.05,50632022.21666667,957.0,669.0,828.0,0,False,False,False,False,True,False,False,False,True,False,False,False,True,False
2026-07-08,8076,伍豐,TPEx,25.75,14780429,24584957.6,38586838.85,46808733.68333333,958.0,881.0,856.0,0,False,False,False,False,True,False,False,False,True,False,False,False,True,False
2026-07-08,5609,中菲行,TPEx,79.4,16543187,24568319.6,28798747.6,22022856.6,959.0,959.0,1043.0,0,False,False,False,False,True,False,False,False,True,False,False,False,True,False
2026-07-08,3444,利機,TPEx,83.6,14161081,24310237.0,41159076.05,93313800.78333333,960.0,861.0,684.0,0,False,False,False,False,True,False,False,False,True,False,False,False,True,False
2026-07-08,2442,新美齊,TWSE,19.25,19994281,24299237.0,35363411.5,41955864.6,961.0,906.0,881.0,0,False,False,False,False,True,False,False,False,True,False,False,False,True,False
2026-07-08,6101,寬魚國際,TPEx,40.9,15629562,24291332.0,41651886.85,20203735.25,962.0,856.0,1060.0,0,False,False,False,False,True,False,False,False,True,False,False,False,True,False
2026-07-08,4440,宜新實業,TWSE,18.05,1045514,24038374.0,7540504.2,4127327.7666666666,963.0,1276.0,1463.0,0,False,False,False,False,True,False,False,False,True,False,False,False,True,False
2026-07-08,3379,彬台,TPEx,34.1,4522501,23960330.8,11719905.7,26104558.033333335,964.0,1170.0,990.0,0,False,False,False,False,True,False,False,False,True,False,False,False,True,False
2026-07-08,6546,正基,TPEx,68.6,15311212,23917482.6,29608559.7,59938170.93333333,965.0,950.0,790.0,0,False,False,False,False,True,False,False,False,True,False,False,False,True,False
2026-07-08,1449,佳和,TWSE,13.95,12133556,23912219.6,39897568.1,33092881.066666666,966.0,871.0,932.0,0,False,False,False,False,True,False,False,False,True,False,False,False,True,False
2026-07-08,5225,東科-KY,TWSE,75.0,11818189,23789249.4,19148137.85,28085426.883333333,967.0,1060.0,976.0,0,False,False,False,False,True,False,False,False,True,False,False,False,True,False
2026-07-08,2106,建大,TWSE,17.7,11642689,23691729.0,16982055.05,16608616.5,968.0,1090.0,1115.0,0,False,False,False,False,True,False,False,False,True,False,False,False,True,False
2026-07-08,8083,瑞穎,TPEx,160.0,21140616,23666667.2,11099765.2,12109284.383333333,969.0,1182.0,1186.0,0,False,False,False,False,True,False,False,False,True,False,False,False,True,False
2026-07-08,8011,台通,TWSE,17.85,46492029,23636817.0,17096096.25,30227576.633333333,970.0,1086.0,953.0,0,False,False,False,False,True,False,False,False,True,False,False,False,True,False
2026-07-08,2612,中航,TWSE,54.4,13923243,23507022.6,24894961.85,36169018.53333333,971.0,997.0,915.0,0,False,False,False,False,True,False,False,False,True,False,False,False,True,False
2026-07-08,2491,吉祥全,TWSE,38.1,21362789,23462848.8,32797908.55,30225872.266666666,972.0,921.0,954.0,0,False,False,False,False,True,False,False,False,True,False,False,False,True,False
2026-07-08,1104,環泥,TWSE,27.1,19694541,23326228.8,34210741.2,27517447.466666665,973.0,912.0,982.0,0,False,False,False,False,True,False,False,False,True,False,False,False,True,False
2026-07-08,9949,琉園,TPEx,28.8,109385184,23256596.6,6709627.4,5350983.25,974.0,1311.0,1408.0,0,False,False,False,False,True,False,False,False,True,False,False,False,True,False
2026-07-08,2511,太子,TWSE,8.51,11845611,23252176.6,15626686.45,12746055.766666668,975.0,1106.0,1175.0,0,False,False,False,False,True,False,False,False,True,False,False,False,True,False
2026-07-08,7728,光焱科技,TPEx,636.0,13706854,22803385.8,35490312.45,139553863.68333334,976.0,904.0,600.0,0,False,False,False,False,True,False,False,False,True,False,False,False,True,False
2026-07-08,5288,豐祥-KY,TWSE,186.0,20529355,22653449.8,51471214.9,49996983.43333333,977.0,803.0,837.0,0,False,False,False,False,True,False,False,False,True,False,False,False,True,False
2026-07-08,3685,元創精密,TPEx,29.8,22003215,22581359.2,17267816.35,13889623.466666667,978.0,1082.0,1146.0,0,False,False,False,False,True,False,False,False,True,False,False,False,True,False
2026-07-08,3548,兆利,TPEx,84.3,20404693,22534381.2,35858298.95,102797765.26666667,979.0,900.0,660.0,0,False,False,False,False,True,False,False,False,True,False,False,False,True,False
2026-07-08,4174,浩鼎,TPEx,29.6,8824977,22471804.2,21885129.6,19445096.1,980.0,1029.0,1066.0,0,False,False,False,False,True,False,False,False,True,False,False,False,True,False
2026-07-08,5258,虹堡,TWSE,51.6,12568585,22441122.8,27044024.25,62130358.96666667,981.0,981.0,775.0,0,False,False,False,False,True,False,False,False,True,False,False,False,True,False
2026-07-08,6756,威鋒電子,TWSE,102.0,26751465,22436371.4,28787328.7,47870812.21666667,982.0,960.0,849.0,0,False,False,False,False,True,False,False,False,True,False,False,False,True,False
2026-07-08,3311,閎暉,TWSE,37.5,27010211,22368883.2,40740858.65,38862958.5,983.0,866.0,896.0,0,False,False,False,False,True,False,False,False,True,False,False,False,True,False
2026-07-08,6192,巨路,TWSE,119.0,12477823,22336918.0,36369805.8,46129534.63333333,984.0,896.0,860.0,0,False,False,False,False,True,False,False,False,True,False,False,False,True,False
2026-07-08,8213,志超,TWSE,34.45,18029217,22158728.2,29443956.45,49427104.1,985.0,952.0,840.0,0,False,False,False,False,True,False,False,False,True,False,False,False,True,False
2026-07-08,5457,宣德,TPEx,33.6,17722079,22003726.6,73941719.75,47918109.85,986.0,719.0,848.0,0,False,False,False,False,True,False,False,False,True,False,False,False,True,False
2026-07-08,3207,耀勝,TPEx,61.5,21519398,21968711.8,91734603.2,61644961.5,987.0,663.0,781.0,0,False,False,False,False,True,False,False,False,True,False,False,False,True,False
2026-07-08,5607,遠雄港,TWSE,51.2,13548428,21733606.6,31389990.5,31378419.466666665,988.0,937.0,942.0,0,False,False,False,False,True,False,False,False,True,False,False,False,True,False
2026-07-08,8249,菱光,TWSE,47.0,11065409,21715032.0,35783266.7,61823820.68333333,989.0,902.0,778.0,0,False,False,False,False,True,False,False,False,True,False,False,False,True,False
2026-07-08,2461,光群雷,TWSE,17.4,13016803,21699676.0,36224647.4,31153912.6,990.0,898.0,944.0,0,False,False,False,False,True,False,False,False,True,False,False,False,True,False
2026-07-08,1616,億泰,TWSE,23.25,16391578,21429426.8,14483350.0,18819387.55,991.0,1125.0,1083.0,0,False,False,False,False,True,False,False,False,True,False,False,False,True,False
2026-07-08,2540,愛山林,TWSE,52.8,17281566,21427867.8,49959529.95,67843716.01666667,992.0,808.0,761.0,0,False,False,False,False,True,False,False,False,True,False,False,False,True,False
2026-07-08,4561,健椿,TPEx,41.25,10263566,21410960.4,14050893.35,38458698.81666667,993.0,1129.0,898.0,0,False,False,False,False,True,False,False,False,True,False,False,False,True,False
2026-07-08,7556,意德士,TPEx,282.0,16620132,21401316.6,27197674.55,62270602.983333334,994.0,978.0,774.0,0,False,False,False,False,True,False,False,False,True,False,False,False,True,False
2026-07-08,2530,華建,TWSE,19.55,6668510,21379007.8,19656905.8,26998738.15,995.0,1054.0,986.0,0,False,False,False,False,True,False,False,False,True,False,False,False,True,False
2026-07-08,6785,昱展新藥,TPEx,117.5,31913116,21140195.8,12844322.3,17186920.783333335,996.0,1146.0,1106.0,0,False,False,False,False,True,False,False,False,True,False,False,False,True,False
2026-07-08,1467,南緯,TWSE,8.41,7013619,21059341.4,6903624.5,4805066.466666667,997.0,1301.0,1429.0,0,False,False,False,False,True,False,False,False,True,False,False,False,True,False
2026-07-08,2534,宏盛,TWSE,16.5,7559582,20959143.8,26368871.4,20358191.583333332,998.0,985.0,1057.0,0,False,False,False,False,True,False,False,False,True,False,False,False,True,False
2026-07-08,3607,谷崧,TWSE,16.2,8507891,20905643.6,13718595.2,14337245.966666667,999.0,1131.0,1141.0,0,False,False,False,False,True,False,False,False,True,False,False,False,True,False
2026-07-08,1789,神隆,TWSE,20.9,13699426,20833373.4,19857413.45,18460713.183333334,1000.0,1052.0,1088.0,0,False,False,False,False,True,False,False,False,True,False,False,False,True,False
2026-07-08,8415,大國鋼,TPEx,34.45,10844171,20804266.0,22583702.8,24211372.1,1001.0,1023.0,1011.0,0,False,False,False,False,True,False,False,False,True,False,False,False,True,False
2026-07-08,4934,太極,TWSE,17.2,13423664,20791334.8,34393669.35,30555125.183333334,1002.0,910.0,949.0,0,False,False,False,False,True,False,False,False,True,False,False,False,True,False
2026-07-08,7792,安葆,TPEx,238.0,40479610,20685123.2,32390480.4,83673322.35,1003.0,927.0,714.0,0,False,False,False,False,True,False,False,False,True,False,False,False,True,False
2026-07-08,3437,榮創,TWSE,21.05,18734243,20655197.2,30203349.2,105756898.73333333,1004.0,946.0,652.0,0,False,False,False,False,True,False,False,False,True,False,False,False,True,False
2026-07-08,3466,德晉,TPEx,33.5,8820179,20577856.2,19225745.55,30131673.25,1005.0,1059.0,956.0,0,False,False,False,False,True,False,False,False,True,False,False,False,True,False
2026-07-08,2414,精技,TWSE,61.1,20358149,20450392.0,47435917.0,28160469.216666665,1006.0,818.0,975.0,0,False,False,False,False,True,False,False,False,True,False,False,False,True,False
2026-07-08,6161,捷波,TPEx,54.3,11950275,20433877.8,14565187.05,31521082.083333332,1007.0,1123.0,940.0,0,False,False,False,False,True,False,False,False,True,False,False,False,True,False
2026-07-08,4142,國光生,TWSE,17.65,11890782,20352747.0,21473459.15,22412711.116666667,1008.0,1034.0,1039.0,0,False,False,False,False,True,False,False,False,True,False,False,False,True,False
2026-07-08,7631,聚賢研發-創,TWSE,153.5,15451219,20242277.8,39262065.85,19253661.266666666,1009.0,877.0,1075.0,0,False,False,False,False,True,False,False,False,True,False,False,False,True,False
2026-07-08,6112,邁達特,TWSE,44.6,11192877,20232587.2,34732807.7,53844564.65,1010.0,907.0,815.0,0,False,False,False,False,True,False,False,False,True,False,False,False,True,False
2026-07-08,3169,亞信,TPEx,108.5,22274119,20093132.6,30976011.55,80663552.26666667,1011.0,941.0,724.0,0,False,False,False,False,True,False,False,False,True,False,False,False,True,False
2026-07-08,6983,華洋精機,TPEx,349.0,13884223,19822863.4,26621896.0,,1012.0,983.0,,0,False,False,False,False,True,False,False,False,True,False,False,False,True,False
2026-07-08,1702,南僑,TWSE,33.15,8011829,19794036.8,11377301.85,14980388.916666666,1013.0,1173.0,1135.0,0,False,False,False,False,True,False,False,False,True,False,False,False,True,False
2026-07-08,6499,益安,TPEx,70.7,25189836,19738796.0,24554338.25,44992627.7,1014.0,1002.0,864.0,0,False,False,False,False,True,False,False,False,True,False,False,False,True,False
2026-07-08,3527,聚積,TPEx,62.9,11436407,19716505.6,34238763.05,25678445.85,1015.0,911.0,997.0,0,False,False,False,False,True,False,False,False,True,False,False,False,True,False
2026-07-08,5203,訊連,TWSE,68.4,10869885,19534589.8,22482009.5,25048630.266666666,1016.0,1024.0,1003.0,0,False,False,False,False,True,False,False,False,True,False,False,False,True,False
2026-07-08,3703,欣陸,TWSE,20.6,10969327,19422133.8,28734429.7,29351839.116666667,1017.0,962.0,965.0,0,False,False,False,False,True,False,False,False,True,False,False,False,True,False
2026-07-08,1734,杏輝,TWSE,33.3,13440441,19280669.6,13606779.7,12764949.666666666,1018.0,1135.0,1174.0,0,False,False,False,False,True,False,False,False,True,False,False,False,True,False
2026-07-08,5432,新門,TPEx,141.0,15835782,19257790.0,46163700.25,29877843.0,1019.0,832.0,960.0,0,False,False,False,False,True,False,False,False,True,False,False,False,True,False
2026-07-08,8240,華宏,TPEx,48.7,23907948,19090286.4,35883663.05,215506569.96666667,1020.0,899.0,513.0,0,False,False,False,False,True,False,False,False,True,False,False,False,True,False
2026-07-08,6894,衛司特,TPEx,352.5,18191096,19047854.2,29116333.6,57627827.166666664,1021.0,954.0,805.0,0,False,False,False,False,True,False,False,False,True,False,False,False,True,False
2026-07-08,5011,久陽,TPEx,23.55,15071656,18901410.0,51811131.65,26505703.633333333,1022.0,799.0,987.0,0,False,False,False,False,True,False,False,False,True,False,False,False,True,False
2026-07-08,5493,三聯,TPEx,89.0,10192691,18855580.4,33018829.35,42603778.166666664,1023.0,918.0,878.0,0,False,False,False,False,True,False,False,False,True,False,False,False,True,False
2026-07-08,1524,耿鼎,TWSE,28.45,16436870,18688616.8,19353575.45,48454730.016666666,1024.0,1057.0,845.0,0,False,False,False,False,True,False,False,False,True,False,False,False,True,False
2026-07-08,3567,逸昌,TPEx,30.35,5703388,18606306.0,8842054.35,8032478.716666667,1025.0,1236.0,1300.0,0,False,False,False,False,True,False,False,False,True,False,False,False,True,False
2026-07-08,7721,微程式,TWSE,70.7,12350510,18544800.2,38474748.0,58650118.38333333,1026.0,883.0,798.0,0,False,False,False,False,True,False,False,False,True,False,False,False,True,False
2026-07-08,6541,泰福-KY,TWSE,40.5,17083755,18321595.4,23367557.25,19357838.6,1027.0,1011.0,1068.0,0,False,False,False,False,True,False,False,False,True,False,False,False,True,False
2026-07-08,7780,大研生醫*,TWSE,18.0,16116278,18109703.2,33504813.25,39164738.35,1028.0,916.0,895.0,0,False,False,False,False,True,False,False,False,True,False,False,False,True,False
2026-07-08,5530,龍巖,TPEx,49.4,14426926,18093458.0,24594673.85,48307767.733333334,1029.0,1001.0,846.0,0,False,False,False,False,True,False,False,False,True,False,False,False,True,False
2026-07-08,5315,光聯,TPEx,20.45,11579103,17909389.6,15135718.9,12842938.95,1030.0,1113.0,1171.0,0,False,False,False,False,True,False,False,False,True,False,False,False,True,False
2026-07-08,3024,憶聲,TWSE,12.45,17456332,17900200.0,16228440.85,52437886.766666666,1031.0,1096.0,821.0,0,False,False,False,False,True,False,False,False,True,False,False,False,True,False
2026-07-08,1565,精華,TPEx,96.8,13140069,17885745.8,17875068.8,19221512.533333335,1032.0,1076.0,1076.0,0,False,False,False,False,True,False,False,False,True,False,False,False,True,False
2026-07-08,8341,日友,TWSE,76.9,11031254,17793823.2,26468609.35,22935503.383333333,1033.0,984.0,1030.0,0,False,False,False,False,True,False,False,False,True,False,False,False,True,False
2026-07-08,1611,中電,TWSE,13.25,7356637,17690464.8,14638995.8,17012429.716666665,1034.0,1122.0,1109.0,0,False,False,False,False,True,False,False,False,True,False,False,False,True,False
2026-07-08,6550,北極星藥業-KY,TWSE,13.4,10200735,17505609.4,17977681.5,26003583.883333333,1035.0,1073.0,992.0,0,False,False,False,False,True,False,False,False,True,False,False,False,True,False
2026-07-08,4129,聯合,TPEx,93.0,9120996,17484649.4,17223464.3,28238405.883333333,1036.0,1083.0,971.0,0,False,False,False,False,True,False,False,False,True,False,False,False,True,False
2026-07-08,6275,元山,TPEx,48.6,10437569,17424265.2,44623725.8,64012075.13333333,1037.0,842.0,768.0,0,False,False,False,False,True,False,False,False,True,False,False,False,True,False
2026-07-08,6142,友勁,TWSE,10.25,36177870,17415544.0,11003708.9,8334918.116666666,1038.0,1184.0,1289.0,0,False,False,False,False,True,False,False,False,True,False,False,False,True,False
2026-07-08,9930,中聯資源,TWSE,64.0,11907310,17354051.0,11347326.65,8408142.45,1039.0,1174.0,1287.0,0,False,False,False,False,True,False,False,False,True,False,False,False,True,False
2026-07-08,4104,佳醫,TWSE,69.3,12667507,17280028.6,18033046.1,25619357.45,1040.0,1072.0,998.0,0,False,False,False,False,True,False,False,False,True,False,False,False,True,False
2026-07-08,5227,立凱-KY,TPEx,33.5,27674120,17277633.2,31744665.0,15055558.766666668,1041.0,934.0,1131.0,0,False,False,False,False,True,False,False,False,True,False,False,False,True,False
2026-07-08,3622,洋華,TWSE,56.2,10721442,17210775.6,19858806.85,26082649.55,1042.0,1051.0,991.0,0,False,False,False,False,True,False,False,False,True,False,False,False,True,False
2026-07-08,5230,雷笛克光學,TPEx,21.35,20012748,17208799.6,40045097.65,16537556.983333332,1043.0,870.0,1116.0,0,False,False,False,False,True,False,False,False,True,False,False,False,True,False
2026-07-08,5468,凱鈺,TPEx,30.9,33745776,17107084.8,31860686.35,12127570.283333333,1044.0,932.0,1185.0,0,False,False,False,False,True,False,False,False,True,False,False,False,True,False
2026-07-08,7730,暉盛-創,TWSE,186.0,17956396,17093775.0,19672874.55,24843661.166666668,1045.0,1053.0,1007.0,0,False,False,False,False,True,False,False,False,True,False,False,False,True,False
2026-07-08,4164,承業醫,TWSE,28.95,19318252,16979035.8,23343758.7,30112242.35,1046.0,1012.0,957.0,0,False,False,False,False,True,False,False,False,True,False,False,False,True,False
2026-07-08,6735,美達科技,TPEx,80.0,16223179,16898293.2,33169479.25,93870450.93333334,1047.0,917.0,681.0,0,False,False,False,False,True,False,False,False,True,False,False,False,True,False
2026-07-08,2221,大甲,TPEx,49.0,26440781,16897917.0,37808148.9,41553014.5,1048.0,887.0,886.0,0,False,False,False,False,True,False,False,False,True,False,False,False,True,False
2026-07-08,5321,美而快,TPEx,60.7,8030452,16666153.6,28688977.2,21690044.333333332,1049.0,964.0,1045.0,0,False,False,False,False,True,False,False,False,True,False,False,False,True,False
2026-07-08,7772,耀穎,TPEx,125.0,9533140,16643440.2,18974818.55,,1050.0,1062.0,,0,False,False,False,False,True,False,False,False,True,False,False,False,True,False
2026-07-08,2745,五福,TPEx,105.5,11495930,16527467.0,22430983.45,22715698.25,1051.0,1025.0,1036.0,0,False,False,False,False,True,False,False,False,True,False,False,False,True,False
2026-07-08,6109,亞元,TPEx,13.6,5401308,16511610.6,13014194.45,8319850.283333333,1052.0,1144.0,1291.0,0,False,False,False,False,True,False,False,False,True,False,False,False,True,False
2026-07-08,4569,六方科-KY,TWSE,169.5,9915029,16463392.2,20966244.65,37638597.983333334,1053.0,1039.0,902.0,0,False,False,False,False,True,False,False,False,True,False,False,False,True,False
2026-07-08,4736,泰博,TWSE,126.0,11336191,16452109.6,17442443.45,23732169.766666666,1054.0,1080.0,1016.0,0,False,False,False,False,True,False,False,False,True,False,False,False,True,False
2026-07-08,6141,柏承,TWSE,35.5,14858909,16436935.2,55537843.25,93745934.95,1055.0,784.0,682.0,0,False,False,False,False,True,False,False,False,True,False,False,False,True,False
2026-07-08,6743,安普新,TWSE,30.75,6020070,16400081.4,18698474.0,19079966.366666667,1056.0,1066.0,1079.0,0,False,False,False,False,True,False,False,False,True,False,False,False,True,False
2026-07-08,2537,聯上發,TWSE,11.0,10585759,16338261.4,44893969.25,22191271.75,1057.0,839.0,1042.0,0,False,False,False,False,True,False,False,False,True,False,False,False,True,False
2026-07-08,4513,福裕,TPEx,17.35,15681863,16264693.0,15438622.3,9455096.6,1058.0,1110.0,1260.0,0,False,False,False,False,True,False,False,False,True,False,False,False,True,False
2026-07-08,1436,華友聯,TWSE,45.1,7185561,16226154.6,27938223.9,19348837.133333333,1059.0,970.0,1069.0,0,False,False,False,False,True,False,False,False,True,False,False,False,True,False
2026-07-08,5512,力麒,TPEx,8.02,6636580,16215126.0,13069533.15,12649209.3,1060.0,1143.0,1179.0,0,False,False,False,False,True,False,False,False,True,False,False,False,True,False
2026-07-08,6591,動力-KY,TWSE,50.8,10494537,16118764.6,12049280.9,18840687.216666665,1061.0,1162.0,1081.0,0,False,False,False,False,True,False,False,False,True,False,False,False,True,False
2026-07-08,2258,鴻華先進-創,TWSE,32.25,9101798,16076747.4,25017660.25,28173441.4,1062.0,995.0,974.0,0,False,False,False,False,True,False,False,False,True,False,False,False,True,False
2026-07-08,6923,中台,TWSE,77.1,14518211,16044642.4,12087357.4,16638931.65,1063.0,1161.0,1114.0,0,False,False,False,False,True,False,False,False,True,False,False,False,True,False
2026-07-08,1294,漢田生技,TPEx,58.4,4765083,15979397.2,22894953.5,9163092.316666666,1064.0,1020.0,1266.0,0,False,False,False,False,True,False,False,False,True,False,False,False,True,False
2026-07-08,3313,斐成,TPEx,11.85,980289,15857397.0,6747511.05,4262973.933333334,1065.0,1309.0,1454.0,0,False,False,False,False,True,False,False,False,True,False,False,False,True,False
2026-07-08,3687,歐買尬,TPEx,77.7,19108252,15855651.4,23977945.95,19473054.483333334,1066.0,1004.0,1065.0,0,False,False,False,False,True,False,False,False,True,False,False,False,True,False
2026-07-08,3530,晶相光,TWSE,66.5,16929158,15852344.2,33752009.7,30032931.95,1067.0,914.0,958.0,0,False,False,False,False,True,False,False,False,True,False,False,False,True,False
2026-07-08,1903,士紙,TWSE,49.2,5718560,15832181.2,13106709.9,13063561.583333334,1068.0,1142.0,1167.0,0,False,False,False,False,True,False,False,False,True,False,False,False,True,False
2026-07-08,1446,宏和,TWSE,17.2,19543308,15795105.8,8792875.6,5395012.133333334,1069.0,1237.0,1403.0,0,False,False,False,False,True,False,False,False,True,False,False,False,True,False
2026-07-08,1522,堤維西,TWSE,29.95,11644323,15771972.8,23149402.95,44210967.916666664,1070.0,1014.0,869.0,0,False,False,False,False,True,False,False,False,True,False,False,False,True,False
2026-07-08,2364,倫飛,TWSE,68.4,10525356,15769368.4,16926940.35,28312976.6,1071.0,1091.0,970.0,0,False,False,False,False,True,False,False,False,True,False,False,False,True,False
2026-07-08,1586,和勤,TPEx,19.15,4686851,15737364.6,12500467.2,9077362.533333333,1072.0,1151.0,1270.0,0,False,False,False,False,True,False,False,False,True,False,False,False,True,False
2026-07-08,7709,榮田,TPEx,76.6,7554174,15722616.0,22135545.55,48562010.03333333,1073.0,1028.0,844.0,0,False,False,False,False,True,False,False,False,True,False,False,False,True,False
2026-07-08,8099,大世科,TPEx,58.0,21326656,15709809.6,8853891.0,14407509.6,1074.0,1235.0,1138.0,0,False,False,False,False,True,False,False,False,True,False,False,False,True,False
2026-07-08,1529,樂事綠能,TWSE,22.35,9823178,15535843.0,15933961.2,22339014.416666668,1075.0,1100.0,1040.0,0,False,False,False,False,True,False,False,False,True,False,False,False,True,False
2026-07-08,6741,91APP*-KY,TPEx,60.1,25700284,15530515.6,17195100.25,25060931.383333333,1076.0,1084.0,1002.0,0,False,False,False,False,True,False,False,False,True,False,False,False,True,False
2026-07-08,2015,豐興,TWSE,62.4,17863265,15446787.8,24959167.95,24881295.716666665,1077.0,996.0,1006.0,0,False,False,False,False,True,False,False,False,True,False,False,False,True,False
2026-07-08,3050,鈺德,TWSE,12.45,9401569,15244201.4,13638960.0,13467073.65,1078.0,1133.0,1158.0,0,False,False,False,False,True,False,False,False,True,False,False,False,True,False
2026-07-08,4157,太景*-KY,TPEx,9.1,6869959,15184624.0,11145228.75,12847021.383333333,1079.0,1180.0,1170.0,0,False,False,False,False,True,False,False,False,True,False,False,False,True,False
2026-07-08,6220,岳豐,TPEx,34.7,13458045,15180580.6,45851798.7,27107780.533333335,1080.0,834.0,985.0,0,False,False,False,False,True,False,False,False,True,False,False,False,True,False
2026-07-08,3056,富華新,TWSE,14.75,7984925,15039107.8,27563245.35,24480065.3,1081.0,974.0,1009.0,0,False,False,False,False,True,False,False,False,True,False,False,False,True,False
2026-07-08,6465,威潤,TPEx,57.6,13681654,15032219.0,46452511.05,35954037.9,1082.0,829.0,916.0,0,False,False,False,False,True,False,False,False,True,False,False,False,True,False
2026-07-08,6167,久正,TPEx,11.85,8177773,15016828.0,9714684.95,10359172.15,1083.0,1216.0,1245.0,0,False,False,False,False,True,False,False,False,True,False,False,False,True,False
2026-07-08,2488,漢平,TWSE,53.7,17969693,14974834.0,9407868.25,10810309.816666666,1084.0,1227.0,1231.0,0,False,False,False,False,True,False,False,False,True,False,False,False,True,False
2026-07-08,1419,新紡,TWSE,66.5,9722703,14961123.4,11098698.45,10924782.283333333,1085.0,1183.0,1228.0,0,False,False,False,False,True,False,False,False,True,False,False,False,True,False
2026-07-08,6791,虎門科技,TPEx,110.5,8807851,14762333.2,8357614.1,15062716.316666666,1086.0,1250.0,1130.0,0,False,False,False,False,True,False,False,False,True,False,False,False,True,False
2026-07-08,3021,鴻名,TWSE,27.0,10262474,14724096.8,21720375.9,19411152.366666667,1087.0,1031.0,1067.0,0,False,False,False,False,True,False,False,False,True,False,False,False,True,False
2026-07-08,3130,一零四,TWSE,220.5,14309240,14713661.4,12107615.85,8629587.433333334,1088.0,1159.0,1282.0,0,False,False,False,False,True,False,False,False,True,False,False,False,True,False
2026-07-08,3390,旭軟,TPEx,26.8,14180434,14678287.8,36508998.25,55775930.06666667,1089.0,893.0,810.0,0,False,False,False,False,True,False,False,False,True,False,False,False,True,False
2026-07-08,6986,和迅,TPEx,47.55,8699652,14672048.0,,,1090.0,,,0,False,False,False,False,True,False,False,False,True,False,False,False,True,False
2026-07-08,8044,網家,TPEx,27.0,9822442,14571054.2,37822805.6,43022336.233333334,1091.0,886.0,876.0,0,False,False,False,False,True,False,False,False,True,False,False,False,True,False
2026-07-08,5209,新鼎,TPEx,157.5,6286484,14479231.2,10814286.15,9474632.55,1092.0,1189.0,1258.0,0,False,False,False,False,True,False,False,False,True,False,False,False,True,False
2026-07-08,4572,駐龍,TWSE,148.5,3307870,14473425.8,7296207.2,6927796.9,1093.0,1285.0,1332.0,0,False,False,False,False,True,False,False,False,True,False,False,False,True,False
2026-07-08,7740,熙特爾-創,TWSE,145.0,8843567,14468592.8,39328714.7,61556851.21666667,1094.0,876.0,783.0,0,False,False,False,False,True,False,False,False,True,False,False,False,True,False
2026-07-08,6117,迎廣,TWSE,72.0,15166553,14371843.0,24841182.45,82493505.36666666,1095.0,998.0,720.0,0,False,False,False,False,True,False,False,False,True,False,False,False,True,False
2026-07-08,6108,競國,TWSE,18.35,7249626,14332770.0,15733134.3,40983280.56666667,1096.0,1103.0,891.0,0,False,False,False,False,True,False,False,False,True,False,False,False,True,False
2026-07-08,1604,聲寶,TWSE,23.35,6059272,14328643.0,11001987.45,11261573.1,1097.0,1185.0,1213.0,0,False,False,False,False,True,False,False,False,True,False,False,False,True,False
2026-07-08,6625,必應,TWSE,79.2,15486532,14222626.6,18312161.05,16012699.216666667,1098.0,1069.0,1121.0,0,False,False,False,False,True,False,False,False,True,False,False,False,True,False
2026-07-08,6690,安碁資訊,TPEx,166.5,5269925,13964911.4,29959738.05,23578783.966666665,1099.0,948.0,1021.0,0,False,False,False,False,True,False,False,False,True,False,False,False,True,False
2026-07-08,6776,展碁國際,TWSE,55.3,10674323,13858488.6,18081836.95,23707718.216666665,1100.0,1071.0,1017.0,0,False,False,False,False,True,False,False,False,True,False,False,False,True,False
2026-07-08,7810,捷創科技,TPEx,205.0,4871459,13833030.4,12789441.2,36826138.18333333,1101.0,1148.0,909.0,0,False,False,False,False,True,False,False,False,True,False,False,False,True,False
2026-07-08,6150,撼訊,TPEx,61.4,10082700,13757722.4,19137995.15,60769432.61666667,1102.0,1061.0,786.0,0,False,False,False,False,True,False,False,False,True,False,False,False,True,False
2026-07-08,6218,豪勉,TPEx,34.25,9115332,13592329.8,46883225.3,92939637.71666667,1103.0,824.0,689.0,0,False,False,False,False,True,False,False,False,True,False,False,False,True,False
2026-07-08,3011,今皓,TWSE,13.4,14135810,13482507.6,17520682.55,23018238.85,1104.0,1079.0,1029.0,0,False,False,False,False,True,False,False,False,True,False,False,False,True,False
2026-07-08,5263,智崴,TPEx,101.0,11698106,13468486.4,15161234.6,23287432.616666667,1105.0,1112.0,1025.0,0,False,False,False,False,True,False,False,False,True,False,False,False,True,False
2026-07-08,1464,得力,TWSE,10.65,4233205,13387041.6,8429216.55,6675876.333333333,1106.0,1245.0,1340.0,0,False,False,False,False,True,False,False,False,True,False,False,False,True,False
2026-07-08,7765,中華資安,TWSE,222.0,6403215,13377348.0,22923294.05,25790995.75,1107.0,1019.0,996.0,0,False,False,False,False,True,False,False,False,True,False,False,False,True,False
2026-07-08,5489,彩富,TPEx,65.0,10014291,13321076.8,28736240.05,11542649.266666668,1108.0,961.0,1202.0,0,False,False,False,False,True,False,False,False,True,False,False,False,True,False
2026-07-08,1720,生達,TWSE,63.6,13594627,13313617.2,13557249.6,16800317.25,1109.0,1137.0,1112.0,0,False,False,False,False,True,False,False,False,True,False,False,False,True,False
2026-07-08,6790,永豐實,TWSE,40.65,13483125,13299465.6,10126659.0,9132441.733333332,1110.0,1202.0,1269.0,0,False,False,False,False,True,False,False,False,True,False,False,False,True,False
2026-07-08,2070,精湛,TPEx,62.1,7941065,13259526.0,20329706.7,91482276.23333333,1111.0,1045.0,696.0,0,False,False,False,False,True,False,False,False,True,False,False,False,True,False
2026-07-08,1442,名軒,TWSE,28.6,7856040,13236529.0,12360130.6,17444398.666666668,1112.0,1153.0,1101.0,0,False,False,False,False,True,False,False,False,True,False,False,False,True,False
2026-07-08,2906,高林,TWSE,14.0,9245354,13196599.8,16922943.6,7092881.766666667,1113.0,1092.0,1328.0,0,False,False,False,False,True,False,False,False,True,False,False,False,True,False
2026-07-08,6609,瀧澤科,TPEx,39.9,6682281,13191376.2,15032329.7,33488148.166666668,1114.0,1114.0,930.0,0,False,False,False,False,True,False,False,False,True,False,False,False,True,False
2026-07-08,1540,喬福,TWSE,22.3,4852273,13015132.2,7778023.6,8033798.316666666,1115.0,1270.0,1299.0,0,False,False,False,False,True,False,False,False,True,False,False,False,True,False
2026-07-08,6720,久昌,TPEx,143.5,4545632,12983841.4,10205292.35,13671721.0,1116.0,1198.0,1153.0,0,False,False,False,False,True,False,False,False,True,False,False,False,True,False
2026-07-08,6115,鎰勝,TWSE,48.2,15709577,12921986.6,11738961.35,11989007.55,1117.0,1169.0,1188.0,0,False,False,False,False,True,False,False,False,True,False,False,False,True,False
2026-07-08,8431,匯鑽科,TPEx,50.7,11837668,12810711.2,32102822.3,80574079.33333333,1118.0,930.0,725.0,0,False,False,False,False,True,False,False,False,True,False,False,False,True,False
2026-07-08,4549,桓達,TPEx,101.0,9856080,12779998.0,21153975.45,44574642.8,1119.0,1038.0,867.0,0,False,False,False,False,True,False,False,False,True,False,False,False,True,False
2026-07-08,6596,寬宏藝術,TPEx,93.1,6057285,12770419.8,15474436.45,23101685.566666666,1120.0,1109.0,1026.0,0,False,False,False,False,True,False,False,False,True,False,False,False,True,False
2026-07-08,2440,太空梭,TWSE,16.35,9048283,12657177.8,12126735.55,23781642.516666666,1121.0,1157.0,1015.0,0,False,False,False,False,True,False,False,False,True,False,False,False,True,False
2026-07-08,2816,旺旺保,TWSE,34.65,4015555,12642717.8,14095397.45,11538565.283333333,1122.0,1128.0,1203.0,0,False,False,False,False,True,False,False,False,True,False,False,False,True,False
2026-07-08,2832,台產,TWSE,56.4,8445690,12580789.6,23605175.05,17303709.1,1123.0,1007.0,1104.0,0,False,False,False,False,True,False,False,False,True,False,False,False,True,False
2026-07-08,1337,再生-KY,TWSE,5.25,3850197,12565958.6,4965395.15,3967491.1666666665,1124.0,1385.0,1474.0,0,False,False,False,False,True,False,False,False,True,False,False,False,True,False
2026-07-08,3501,維熹,TWSE,40.55,7166756,12523322.0,25184228.15,19255827.033333335,1125.0,993.0,1074.0,0,False,False,False,False,True,False,False,False,True,False,False,False,True,False
2026-07-08,1219,福壽,TWSE,12.2,12066611,12517448.6,6060096.4,7340156.05,1126.0,1334.0,1322.0,0,False,False,False,False,True,False,False,False,True,False,False,False,True,False
2026-07-08,8048,德勝,TPEx,60.4,9416980,12428410.8,26320770.15,44281680.0,1127.0,987.0,868.0,0,False,False,False,False,True,False,False,False,True,False,False,False,True,False
2026-07-08,9946,三發地產,TWSE,19.9,10543729,12341956.2,27140718.95,15840352.25,1128.0,979.0,1123.0,0,False,False,False,False,True,False,False,False,True,False,False,False,True,False
2026-07-08,6703,軒郁,TPEx,118.0,3609923,12145177.4,7851483.85,8999075.566666666,1129.0,1267.0,1272.0,0,False,False,False,False,True,False,False,False,True,False,False,False,True,False
2026-07-08,2471,資通,TWSE,53.5,5262169,12135921.8,9762438.15,15449302.95,1130.0,1214.0,1124.0,0,False,False,False,False,True,False,False,False,True,False,False,False,True,False
2026-07-08,6243,迅杰,TWSE,40.0,6474403,12115970.6,59476277.0,32271762.383333333,1131.0,763.0,934.0,0,False,False,False,False,True,False,False,False,True,False,False,False,True,False
2026-07-08,6902,GOGOLOOK,TWSE,134.5,11872321,12025133.6,49221381.85,53446331.03333333,1132.0,811.0,816.0,0,False,False,False,False,True,False,False,False,True,False,False,False,True,False
2026-07-08,3229,晟鈦,TWSE,37.65,15291649,11976159.6,23565328.35,35102103.36666667,1133.0,1009.0,921.0,0,False,False,False,False,True,False,False,False,True,False,False,False,True,False
2026-07-08,3071,協禧,TPEx,30.05,16153137,11771857.4,28869856.35,37623996.03333333,1134.0,957.0,903.0,0,False,False,False,False,True,False,False,False,True,False,False,False,True,False
2026-07-08,2528,皇普,TWSE,22.15,5874683,11763899.2,14405446.6,17527955.216666665,1135.0,1126.0,1100.0,0,False,False,False,False,True,False,False,False,True,False,False,False,True,False
2026-07-08,6906,現觀科,TWSE,81.6,14506728,11707295.8,15490789.25,19342947.516666666,1136.0,1108.0,1070.0,0,False,False,False,False,True,False,False,False,True,False,False,False,True,False
2026-07-08,3058,立德,TWSE,9.15,6039687,11589471.0,8921988.7,11034053.75,1137.0,1234.0,1221.0,0,False,False,False,False,True,False,False,False,True,False,False,False,True,False
2026-07-08,6574,霈方,TPEx,122.5,9267028,11537009.4,9630310.75,10674597.183333334,1138.0,1219.0,1235.0,0,False,False,False,False,True,False,False,False,True,False,False,False,True,False
2026-07-08,3002,歐格,TWSE,20.85,6608846,11482540.2,23748794.8,13047102.45,1139.0,1005.0,1168.0,0,False,False,False,False,True,False,False,False,True,False,False,False,True,False
2026-07-08,3489,森寶,TPEx,24.1,13740993,11479560.4,7161417.85,4602068.816666666,1140.0,1290.0,1438.0,0,False,False,False,False,True,False,False,False,True,False,False,False,True,False
2026-07-08,2905,三商,TWSE,15.35,15228973,11450155.8,13208437.0,11140623.433333334,1141.0,1140.0,1217.0,0,False,False,False,False,True,False,False,False,True,False,False,False,True,False
2026-07-08,4195,基米-創,TWSE,17.6,7978838,11432034.4,5373455.5,,1142.0,1363.0,,0,False,False,False,False,True,False,False,False,True,False,False,False,True,False
2026-07-08,6570,維田,TPEx,53.0,6994028,11371301.2,14898774.8,17576522.733333334,1143.0,1119.0,1099.0,0,False,False,False,False,True,False,False,False,True,False,False,False,True,False
2026-07-08,6953,家碩,TPEx,227.0,10969308,11349131.4,14905135.2,50509644.916666664,1144.0,1118.0,830.0,0,False,False,False,False,True,False,False,False,True,False,False,False,True,False
2026-07-08,3285,微端,TPEx,40.2,4251439,11343803.2,16459053.4,6545191.966666667,1145.0,1094.0,1350.0,0,False,False,False,False,True,False,False,False,True,False,False,False,True,False
2026-07-08,1786,科妍,TWSE,53.5,10104053,11319494.6,15908857.85,23357340.483333334,1146.0,1101.0,1024.0,0,False,False,False,False,True,False,False,False,True,False,False,False,True,False
2026-07-08,5202,力新,TPEx,14.5,4279519,11266590.6,10150881.05,10609984.7,1147.0,1201.0,1237.0,0,False,False,False,False,True,False,False,False,True,False,False,False,True,False
2026-07-08,4506,崇友,TPEx,122.5,6967776,11252529.0,10214599.25,9452531.033333333,1148.0,1197.0,1261.0,0,False,False,False,False,True,False,False,False,True,False,False,False,True,False
2026-07-08,5210,寶碩,TPEx,30.35,11030135,11188315.6,22640779.95,17408491.683333334,1149.0,1021.0,1102.0,0,False,False,False,False,True,False,False,False,True,False,False,False,True,False
2026-07-08,4107,邦特,TPEx,117.0,8450837,11083749.2,9249011.7,10943407.883333333,1150.0,1228.0,1227.0,0,False,False,False,False,True,False,False,False,True,False,False,False,True,False
2026-07-08,6417,韋僑,TPEx,135.0,5001828,11064500.2,12329050.2,29951390.05,1151.0,1154.0,959.0,0,False,False,False,False,True,False,False,False,True,False,False,False,True,False
2026-07-08,4933,友輝,TPEx,65.2,11290972,10963380.6,23004949.65,60682484.016666666,1152.0,1017.0,787.0,0,False,False,False,False,True,False,False,False,True,False,False,False,True,False
2026-07-08,4166,友霖,TPEx,27.2,10927397,10957028.6,15704544.15,10547207.95,1153.0,1104.0,1240.0,0,False,False,False,False,True,False,False,False,True,False,False,False,True,False
2026-07-08,6203,海韻電,TPEx,67.0,6780824,10889311.4,11335466.0,28175698.166666668,1154.0,1175.0,973.0,0,False,False,False,False,True,False,False,False,True,False,False,False,True,False
2026-07-08,6114,久威,TPEx,30.15,1600996,10885126.6,3583666.3,2426789.7333333334,1155.0,1475.0,1606.0,0,False,False,False,False,True,False,False,False,True,False,False,False,True,False
2026-07-08,6021,美好證,TPEx,38.35,9979624,10836875.4,15390544.3,17773547.516666666,1156.0,1111.0,1097.0,0,False,False,False,False,True,False,False,False,True,False,False,False,True,False
2026-07-08,6895,宏碩系統,TPEx,139.0,8911537,10671330.4,14964951.65,22268152.316666666,1157.0,1116.0,1041.0,0,False,False,False,False,True,False,False,False,True,False,False,False,True,False
2026-07-08,8938,明安,TPEx,54.6,5872595,10650072.2,9518622.7,15161037.566666666,1158.0,1223.0,1128.0,0,False,False,False,False,True,False,False,False,True,False,False,False,True,False
2026-07-08,9925,新保,TWSE,40.75,8494713,10635273.4,11267938.35,11830501.1,1159.0,1177.0,1194.0,0,False,False,False,False,True,False,False,False,True,False,False,False,True,False
2026-07-08,4729,熒茂,TPEx,21.65,8463120,10614371.0,15613675.0,25939403.666666668,1160.0,1107.0,994.0,0,False,False,False,False,True,False,False,False,True,False,False,False,True,False
2026-07-08,9942,茂順,TWSE,119.5,14925423,10554765.0,11138581.4,11753119.533333333,1161.0,1181.0,1196.0,0,False,False,False,False,True,False,False,False,True,False,False,False,True,False
2026-07-08,1264,德麥,TPEx,270.5,14521962,10533893.6,7995080.8,11018317.683333334,1162.0,1261.0,1223.0,0,False,False,False,False,True,False,False,False,True,False,False,False,True,False
2026-07-08,1410,南染,TWSE,26.65,14589701,10531312.0,4507589.5,3429728.15,1163.0,1411.0,1519.0,0,False,False,False,False,True,False,False,False,True,False,False,False,True,False
2026-07-08,5515,建國,TWSE,40.6,8648624,10485966.0,31257277.55,30660262.45,1164.0,940.0,948.0,0,False,False,False,False,True,False,False,False,True,False,False,False,True,False
2026-07-08,1527,鑽全,TWSE,33.65,4731048,10417615.0,8228247.1,8960596.883333333,1165.0,1255.0,1273.0,0,False,False,False,False,True,False,False,False,True,False,False,False,True,False
2026-07-08,1532,勤美,TWSE,23.15,5321927,10328167.8,17957153.5,18329010.733333334,1166.0,1074.0,1090.0,0,False,False,False,False,True,False,False,False,True,False,False,False,True,False
2026-07-08,2546,根基,TWSE,92.1,13449487,10324798.0,19266229.85,14982108.65,1167.0,1058.0,1134.0,0,False,False,False,False,True,False,False,False,True,False,False,False,True,False
2026-07-08,2723,美食-KY,TWSE,66.6,12330964,10273413.6,23432761.6,23982578.716666665,1168.0,1010.0,1014.0,0,False,False,False,False,True,False,False,False,True,False,False,False,True,False
2026-07-08,2247,汎德永業,TWSE,234.0,5679569,10242365.0,18875694.3,27473081.166666668,1169.0,1065.0,983.0,0,False,False,False,False,True,False,False,False,True,False,False,False,True,False
2026-07-08,6498,久禾光,TPEx,89.0,8300993,10199588.6,32353615.7,31071309.416666668,1170.0,928.0,946.0,0,False,False,False,False,True,False,False,False,True,False,False,False,True,False
2026-07-08,6233,旺玖,TPEx,24.2,10522585,10171138.4,13588813.25,18739189.616666667,1171.0,1136.0,1085.0,0,False,False,False,False,True,False,False,False,True,False,False,False,True,False
2026-07-08,2228,劍麟,TWSE,85.0,7166437,10166568.0,12107042.3,18579424.116666667,1172.0,1160.0,1086.0,0,False,False,False,False,True,False,False,False,True,False,False,False,True,False
2026-07-08,3552,同致,TPEx,47.5,4555911,10165094.6,9749644.75,20315927.983333334,1173.0,1215.0,1058.0,0,False,False,False,False,True,False,False,False,True,False,False,False,True,False
2026-07-08,6823,濾能,TPEx,66.2,10405458,10150003.2,8203286.75,38338934.81666667,1174.0,1256.0,899.0,0,False,False,False,False,True,False,False,False,True,False,False,False,True,False
2026-07-08,1713,國化,TWSE,47.7,15571204,10124479.8,13266190.1,11266825.25,1175.0,1139.0,1212.0,0,False,False,False,False,True,False,False,False,True,False,False,False,True,False
2026-07-08,9943,好樂迪,TWSE,53.4,6980369,10094880.0,6323926.9,6005499.383333334,1176.0,1323.0,1376.0,0,False,False,False,False,True,False,False,False,True,False,False,False,True,False
2026-07-08,2025,千興,TWSE,12.05,7562264,10056085.8,11899525.5,9044749.616666667,1177.0,1165.0,1271.0,0,False,False,False,False,True,False,False,False,True,False,False,False,True,False
2026-07-08,2462,良得電,TWSE,22.95,8754102,10017035.0,20791180.45,17953302.3,1178.0,1042.0,1094.0,0,False,False,False,False,True,False,False,False,True,False,False,False,True,False
2026-07-08,3609,三一東林,TPEx,28.6,7146048,9986738.0,8725740.35,7420183.533333333,1179.0,1239.0,1321.0,0,False,False,False,False,True,False,False,False,True,False,False,False,True,False
2026-07-08,6624,萬年清,TPEx,41.5,100858,9977164.2,3156998.45,2590375.5,1180.0,1513.0,1591.0,0,False,False,False,False,True,False,False,False,True,False,False,False,True,False
2026-07-08,2755,揚秦,TPEx,139.5,3921203,9971313.2,9544165.6,7687753.45,1181.0,1222.0,1311.0,0,False,False,False,False,True,False,False,False,True,False,False,False,True,False
2026-07-08,5905,南仁湖,TPEx,8.6,5528605,9926584.4,8308561.0,7322684.733333333,1182.0,1252.0,1323.0,0,False,False,False,False,True,False,False,False,True,False,False,False,True,False
2026-07-08,6151,晉倫,TPEx,39.1,5404455,9926375.8,15881934.45,36206585.083333336,1183.0,1102.0,914.0,0,False,False,False,False,True,False,False,False,True,False,False,False,True,False
2026-07-08,5706,鳳凰,TWSE,47.25,8978360,9624697.0,21206070.9,19967586.416666668,1184.0,1037.0,1061.0,0,False,False,False,False,True,False,False,False,True,False,False,False,True,False
2026-07-08,4974,亞泰,TPEx,70.0,7328842,9598139.0,18575401.8,21577942.516666666,1185.0,1067.0,1048.0,0,False,False,False,False,True,False,False,False,True,False,False,False,True,False
2026-07-08,2852,第一保,TWSE,26.75,6956655,9592288.0,20093500.45,14906599.1,1186.0,1048.0,1136.0,0,False,False,False,False,True,False,False,False,True,False,False,False,True,False
2026-07-08,1730,花仙子,TWSE,51.3,3594851,9542193.2,5403735.5,3548588.183333333,1187.0,1361.0,1512.0,0,False,False,False,False,True,False,False,False,True,False,False,False,True,False
2026-07-08,2013,中鋼構,TWSE,41.25,4384781,9523063.4,7939091.1,6371799.35,1188.0,1263.0,1359.0,0,False,False,False,False,True,False,False,False,True,False,False,False,True,False
2026-07-08,5251,天鉞電,TPEx,29.75,5496102,9510277.2,15703721.1,12346745.083333334,1189.0,1105.0,1184.0,0,False,False,False,False,True,False,False,False,True,False,False,False,True,False
2026-07-08,2762,世界健身-KY,TWSE,81.9,3139917,9498132.6,11899098.0,11232445.633333333,1190.0,1166.0,1216.0,0,False,False,False,False,True,False,False,False,True,False,False,False,True,False
2026-07-08,1217,愛之味,TWSE,10.0,3545686,9496394.4,6298821.3,7433888.966666667,1191.0,1324.0,1319.0,0,False,False,False,False,True,False,False,False,True,False,False,False,True,False
2026-07-08,2022,聚亨,TWSE,8.04,4874240,9488443.8,6614769.25,8257528.35,1192.0,1314.0,1292.0,0,False,False,False,False,True,False,False,False,True,False,False,False,True,False
2026-07-08,3322,建舜電,TPEx,13.45,5858716,9475582.4,17673559.4,18181623.85,1193.0,1077.0,1092.0,0,False,False,False,False,True,False,False,False,True,False,False,False,True,False
2026-07-08,2482,連宇,TWSE,17.45,8132263,9333356.2,6088151.85,4492665.45,1194.0,1331.0,1442.0,0,False,False,False,False,True,False,False,False,True,False,False,False,True,False
2026-07-08,6523,達爾膚,TPEx,90.6,1879386,9310016.8,5473654.95,6584305.083333333,1195.0,1359.0,1347.0,0,False,False,False,False,True,False,False,False,True,False,False,False,True,False
2026-07-08,2614,東森,TWSE,18.25,7783673,9306816.0,17639347.45,18333204.366666667,1196.0,1078.0,1089.0,0,False,False,False,False,True,False,False,False,True,False,False,False,True,False
2026-07-08,6492,生華科,TPEx,44.9,9528205,9297347.0,7276154.65,13263170.683333334,1197.0,1286.0,1162.0,0,False,False,False,False,True,False,False,False,True,False,False,False,True,False
2026-07-08,3705,永信,TWSE,54.3,9575307,9234451.8,14342815.35,12425132.633333333,1198.0,1127.0,1182.0,0,False,False,False,False,True,False,False,False,True,False,False,False,True,False
2026-07-08,2611,志信,TWSE,14.35,6221602,9222705.8,5890872.7,6599452.45,1199.0,1342.0,1345.0,0,False,False,False,False,True,False,False,False,True,False,False,False,True,False
2026-07-08,1735,日勝化,TWSE,22.05,5612973,9204992.0,7144403.2,25922475.133333333,1200.0,1292.0,995.0,0,False,False,False,False,True,False,False,False,True,False,False,False,True,False
2026-07-08,3611,鼎翰,TPEx,201.0,7615815,9140251.0,11388972.4,10891111.583333334,1201.0,1172.0,1229.0,0,False,False,False,False,True,False,False,False,True,False,False,False,True,False
2026-07-08,4441,振大環球,TWSE,189.5,12532602,9113388.6,17278237.75,19152021.15,1202.0,1081.0,1078.0,0,False,False,False,False,True,False,False,False,True,False,False,False,True,False
2026-07-08,1725,元禎,TWSE,32.55,12863022,9066002.0,14754819.75,10972570.833333334,1203.0,1121.0,1225.0,0,False,False,False,False,True,False,False,False,True,False,False,False,True,False
2026-07-08,5478,智冠,TPEx,101.5,9292922,9062772.2,32783324.1,22749600.216666665,1204.0,922.0,1035.0,0,False,False,False,False,True,False,False,False,True,False,False,False,True,False
2026-07-08,4563,百德,TPEx,42.1,2217514,9029215.6,6920604.3,14993930.5,1205.0,1300.0,1133.0,0,False,False,False,False,True,False,False,False,True,False,False,False,True,False
2026-07-08,5213,亞昕,TPEx,22.3,11074414,9024668.2,12019025.65,19755721.983333334,1206.0,1163.0,1063.0,0,False,False,False,False,True,False,False,False,True,False,False,False,True,False
2026-07-08,1603,華電,TWSE,32.35,5218805,9020524.0,9140734.1,13446325.416666666,1207.0,1230.0,1159.0,0,False,False,False,False,True,False,False,False,True,False,False,False,True,False
2026-07-08,6914,阜爾運通,TWSE,143.0,5058297,8999121.8,7902100.85,11955078.7,1208.0,1266.0,1189.0,0,False,False,False,False,True,False,False,False,True,False,False,False,True,False
2026-07-08,5287,數字,TPEx,151.0,6077254,8990475.4,10094945.35,13918215.916666666,1209.0,1204.0,1145.0,0,False,False,False,False,True,False,False,False,True,False,False,False,True,False
2026-07-08,4545,銘鈺,TWSE,37.5,6639667,8935959.2,9971472.45,11826091.166666666,1210.0,1206.0,1195.0,0,False,False,False,False,True,False,False,False,True,False,False,False,True,False
2026-07-08,4807,日成-KY,TWSE,37.7,12737277,8911462.0,17046300.75,14347703.083333334,1211.0,1088.0,1140.0,0,False,False,False,False,True,False,False,False,True,False,False,False,True,False
2026-07-08,4168,醣聯,TPEx,25.65,4866526,8910914.8,15006653.7,11001845.716666667,1212.0,1115.0,1224.0,0,False,False,False,False,True,False,False,False,True,False,False,False,True,False
2026-07-08,8354,冠好,TPEx,17.4,10180112,8885571.8,3867599.5,6289094.5,1213.0,1450.0,1361.0,0,False,False,False,False,True,False,False,False,True,False,False,False,True,False
2026-07-08,6794,向榮生技,TWSE,82.3,5868793,8843912.2,4783138.35,4122675.55,1214.0,1396.0,1464.0,0,False,False,False,False,True,False,False,False,True,False,False,False,True,False
2026-07-08,6152,百一,TWSE,13.35,6679749,8835229.0,16161074.2,31405185.783333335,1215.0,1097.0,941.0,0,False,False,False,False,True,False,False,False,True,False,False,False,True,False
2026-07-08,8927,北基,TPEx,22.1,2669334,8806904.6,8730010.8,13699570.083333334,1216.0,1238.0,1152.0,0,False,False,False,False,True,False,False,False,True,False,False,False,True,False
2026-07-08,6863,永道-KY,TWSE,92.4,3852034,8801726.6,10922763.3,13776956.783333333,1217.0,1188.0,1149.0,0,False,False,False,False,True,False,False,False,True,False,False,False,True,False
2026-07-08,9934,成霖,TWSE,10.25,4162421,8789909.0,10962814.15,12712986.683333334,1218.0,1186.0,1176.0,0,False,False,False,False,True,False,False,False,True,False,False,False,True,False
2026-07-08,4178,永笙-KY,TWSE,19.25,17259458,8742694.8,7225416.5,,1219.0,1289.0,,0,False,False,False,False,True,False,False,False,True,False,False,False,True,False
2026-07-08,8045,達運光電,TWSE,58.0,7098644,8738539.2,9899325.75,21337458.2,1220.0,1209.0,1050.0,0,False,False,False,False,True,False,False,False,True,False,False,False,True,False
2026-07-08,6637,醫影,TPEx,68.3,16888260,8716460.2,3924872.45,3275770.9833333334,1221.0,1444.0,1535.0,0,False,False,False,False,True,False,False,False,True,False,False,False,True,False
2026-07-08,1587,吉茂,TWSE,27.6,5066072,8701781.6,8175501.65,15951260.016666668,1222.0,1257.0,1122.0,0,False,False,False,False,True,False,False,False,True,False,False,False,True,False
2026-07-08,1225,福懋油,TWSE,27.95,6186953,8697678.4,11753520.2,10547150.983333332,1223.0,1168.0,1241.0,0,False,False,False,False,True,False,False,False,True,False,False,False,True,False
2026-07-08,3555,博士旺,TPEx,184.0,7283086,8670404.6,24149395.0,70872734.23333333,1224.0,1003.0,750.0,0,False,False,False,False,True,False,False,False,True,False,False,False,True,False
2026-07-08,5244,弘凱,TWSE,34.1,17269534,8664009.6,7333587.25,41130525.95,1225.0,1282.0,888.0,0,False,False,False,False,True,False,False,False,True,False,False,False,True,False
2026-07-08,7820,立盈,TPEx,119.0,1349744,8652616.4,5283083.45,,1226.0,1367.0,,0,False,False,False,False,True,False,False,False,True,False,False,False,True,False
2026-07-08,9908,大台北,TWSE,29.8,3895836,8641649.0,6836257.2,9865490.8,1227.0,1304.0,1254.0,0,False,False,False,False,True,False,False,False,True,False,False,False,True,False
2026-07-08,6792,詠業,TWSE,62.2,5548725,8634351.4,8010524.7,9389474.266666668,1228.0,1259.0,1262.0,0,False,False,False,False,True,False,False,False,True,False,False,False,True,False
2026-07-08,6111,光聚晶電,TPEx,42.1,8818990,8626570.6,10489736.45,19298345.95,1229.0,1193.0,1071.0,0,False,False,False,False,True,False,False,False,True,False,False,False,True,False
2026-07-08,3716,中化控股,TWSE,35.35,5666623,8623312.6,8336078.6,10326613.166666666,1230.0,1251.0,1246.0,0,False,False,False,False,True,False,False,False,True,False,False,False,True,False
2026-07-08,3652,精聯,TWSE,34.6,9679988,8575045.8,40558638.35,19056723.783333335,1231.0,867.0,1080.0,0,False,False,False,False,True,False,False,False,True,False,False,False,True,False
2026-07-08,6689,伊雲谷,TWSE,63.6,5610111,8572630.8,12649849.2,22905456.016666666,1232.0,1150.0,1031.0,0,False,False,False,False,True,False,False,False,True,False,False,False,True,False
2026-07-08,8072,陞泰,TWSE,28.85,5323069,8555654.4,12114572.4,11393275.016666668,1233.0,1158.0,1207.0,0,False,False,False,False,True,False,False,False,True,False,False,False,True,False
2026-07-08,2102,泰豐,TWSE,19.05,8658071,8527703.8,5702286.3,7583860.616666666,1234.0,1350.0,1313.0,0,False,False,False,False,True,False,False,False,True,False,False,False,True,False
2026-07-08,8942,森鉅,TPEx,40.35,6915094,8467111.4,10153849.7,22896339.2,1235.0,1200.0,1032.0,0,False,False,False,False,True,False,False,False,True,False,False,False,True,False
2026-07-08,6569,醫揚,TPEx,105.5,8731464,8430414.6,11193430.0,11372087.766666668,1236.0,1178.0,1208.0,0,False,False,False,False,True,False,False,False,True,False,False,False,True,False
2026-07-08,6859,伯特光,TPEx,122.0,6690187,8371919.0,25456272.1,17829476.466666665,1237.0,991.0,1096.0,0,False,False,False,False,True,False,False,False,True,False,False,False,True,False
2026-07-08,2739,寒舍,TWSE,37.1,13648842,8371035.6,8696805.4,7291984.533333333,1238.0,1241.0,1325.0,0,False,False,False,False,True,False,False,False,True,False,False,False,True,False
2026-07-08,2608,嘉里大榮,TWSE,29.4,9237294,8299714.2,9965946.05,11862677.033333333,1239.0,1207.0,1192.0,0,False,False,False,False,True,False,False,False,True,False,False,False,True,False
2026-07-08,1570,力肯,TPEx,40.25,4500151,8232101.4,8987884.75,22417183.433333334,1240.0,1232.0,1038.0,0,False,False,False,False,True,False,False,False,True,False,False,False,True,False
2026-07-08,1268,漢來美食,TPEx,169.0,3818344,8175459.2,6068976.3,8626061.2,1241.0,1333.0,1283.0,0,False,False,False,False,True,False,False,False,True,False,False,False,True,False
2026-07-08,2613,中櫃,TWSE,21.9,4869530,8132158.0,6158068.2,7964565.733333333,1242.0,1326.0,1303.0,0,False,False,False,False,True,False,False,False,True,False,False,False,True,False
2026-07-08,3349,寶德,TPEx,23.9,4235136,8079351.6,4874071.65,4595804.133333334,1243.0,1391.0,1439.0,0,False,False,False,False,True,False,False,False,True,False,False,False,True,False
2026-07-08,1580,新麥,TPEx,124.5,3536224,7957357.8,9788932.75,10595891.9,1244.0,1212.0,1238.0,0,False,False,False,False,True,False,False,False,True,False,False,False,True,False
2026-07-08,2107,厚生,TWSE,25.65,4616845,7921824.2,11331893.25,9885750.6,1245.0,1176.0,1251.0,0,False,False,False,False,True,False,False,False,True,False,False,False,True,False
2026-07-08,9955,佳龍,TWSE,26.45,6081500,7903117.8,7957691.55,11261365.783333333,1246.0,1262.0,1214.0,0,False,False,False,False,True,False,False,False,True,False,False,False,True,False
2026-07-08,3128,昇銳,TPEx,24.6,4939613,7858232.8,8306020.05,7999220.583333333,1247.0,1253.0,1301.0,0,False,False,False,False,True,False,False,False,True,False,False,False,True,False
2026-07-08,1417,嘉裕,TWSE,8.84,4977807,7833429.4,3397086.25,2119839.35,1248.0,1494.0,1651.0,0,False,False,False,False,True,False,False,False,True,False,False,False,True,False
2026-07-08,7738,東聯互動,TPEx,170.0,7496028,7740613.2,7246266.9,9473848.833333334,1249.0,1288.0,1259.0,0,False,False,False,False,True,False,False,False,True,False,False,False,True,False
2026-07-08,6158,禾昌,TPEx,19.15,2562174,7732608.8,2971420.1,2366169.566666667,1250.0,1535.0,1614.0,0,False,False,False,False,True,False,False,False,True,False,False,False,True,False
2026-07-08,8097,常珵,TPEx,57.5,829417,7732550.8,6769908.25,6026061.716666667,1251.0,1308.0,1375.0,0,False,False,False,False,True,False,False,False,True,False,False,False,True,False
2026-07-08,1806,冠軍,TWSE,8.45,4773478,7713767.0,3691851.05,5476727.016666667,1252.0,1463.0,1400.0,0,False,False,False,False,True,False,False,False,True,False,False,False,True,False
2026-07-08,1471,首利,TWSE,10.4,6224382,7635211.0,9200277.5,10587092.916666666,1253.0,1229.0,1239.0,0,False,False,False,False,True,False,False,False,True,False,False,False,True,False
2026-07-08,1108,幸福,TWSE,13.9,3152355,7607612.0,5287075.45,5023385.716666667,1254.0,1366.0,1420.0,0,False,False,False,False,True,False,False,False,True,False,False,False,True,False
2026-07-08,6486,互動,TPEx,83.0,3093701,7595271.4,6422528.15,13804690.266666668,1255.0,1318.0,1148.0,0,False,False,False,False,True,False,False,False,True,False,False,False,True,False
2026-07-08,3122,笙泉,TPEx,30.15,2935542,7578130.2,9986825.95,25204282.016666666,1256.0,1205.0,1001.0,0,False,False,False,False,True,False,False,False,True,False,False,False,True,False
2026-07-08,4426,利勤,TWSE,8.34,1466220,7551114.2,2986876.55,2593073.5,1257.0,1531.0,1590.0,0,False,False,False,False,True,False,False,False,True,False,False,False,True,False
2026-07-08,6418,詠昇,TPEx,32.9,2372056,7525628.2,4972804.1,9335496.816666666,1258.0,1384.0,1263.0,0,False,False,False,False,True,False,False,False,True,False,False,False,True,False
2026-07-08,2431,聯昌,TWSE,11.6,3549691,7512665.6,7601049.5,6621553.016666667,1259.0,1274.0,1343.0,0,False,False,False,False,True,False,False,False,True,False,False,False,True,False
2026-07-08,4119,旭富,TWSE,44.75,3359592,7504682.4,9516766.25,11302296.883333333,1260.0,1224.0,1211.0,0,False,False,False,False,True,False,False,False,True,False,False,False,True,False
2026-07-08,2066,世德,TPEx,66.8,5107115,7498429.0,14919115.95,10391120.333333334,1261.0,1117.0,1244.0,0,False,False,False,False,True,False,False,False,True,False,False,False,True,False
2026-07-08,7642,昶瑞機電,TPEx,75.9,1927025,7489011.8,4045173.15,3694577.7333333334,1262.0,1439.0,1503.0,0,False,False,False,False,True,False,False,False,True,False,False,False,True,False
2026-07-08,8049,晶采,TPEx,26.55,3421026,7473847.4,11145787.8,8895600.433333334,1263.0,1179.0,1278.0,0,False,False,False,False,True,False,False,False,True,False,False,False,True,False
2026-07-08,1615,大山,TWSE,45.35,4993758,7455056.6,6820798.95,8915787.966666667,1264.0,1306.0,1277.0,0,False,False,False,False,True,False,False,False,True,False,False,False,True,False
2026-07-08,4155,訊映,TWSE,15.7,6829801,7388192.8,6495240.45,6918167.7,1265.0,1317.0,1333.0,0,False,False,False,False,True,False,False,False,True,False,False,False,True,False
2026-07-08,9136,巨騰-DR,TWSE,12.55,5686595,7329183.2,23287478.15,35276109.5,1266.0,1013.0,920.0,0,False,False,False,False,True,False,False,False,True,False,False,False,True,False
2026-07-08,3276,宇環,TPEx,16.0,6878099,7323657.4,7468405.55,7275151.033333333,1267.0,1277.0,1326.0,0,False,False,False,False,True,False,False,False,True,False,False,False,True,False
2026-07-08,5403,中菲,TPEx,94.3,3004332,7310152.0,8514700.4,13347124.433333334,1268.0,1243.0,1161.0,0,False,False,False,False,True,False,False,False,True,False,False,False,True,False
2026-07-08,4588,玖鼎電力,TWSE,57.5,5004021,7299974.8,6730793.35,9302456.65,1269.0,1310.0,1264.0,0,False,False,False,False,True,False,False,False,True,False,False,False,True,False
2026-07-08,3205,佰研,TPEx,52.1,3560969,7283632.2,9785556.3,17262863.15,1270.0,1213.0,1105.0,0,False,False,False,False,True,False,False,False,True,False,False,False,True,False
2026-07-08,1201,味全,TWSE,12.5,4972366,7269413.0,5738972.7,6411126.216666667,1271.0,1347.0,1358.0,0,False,False,False,False,True,False,False,False,True,False,False,False,True,False
2026-07-08,2373,震旦行,TWSE,53.8,2038048,7205231.6,3549917.4,3191226.6333333333,1272.0,1478.0,1541.0,0,False,False,False,False,True,False,False,False,True,False,False,False,True,False
2026-07-08,2114,鑫永銓,TWSE,89.5,3300107,7185611.4,7440836.75,8412441.116666667,1273.0,1278.0,1286.0,0,False,False,False,False,True,False,False,False,True,False,False,False,True,False
2026-07-08,6552,易華電,TWSE,29.25,6336265,7141223.6,8517777.3,16966635.85,1274.0,1242.0,1110.0,0,False,False,False,False,True,False,False,False,True,False,False,False,True,False
2026-07-08,6272,驊陞,TWSE,31.0,6002096,7112231.4,9663752.9,13812737.65,1275.0,1217.0,1147.0,0,False,False,False,False,True,False,False,False,True,False,False,False,True,False
2026-07-08,5306,桂盟,TWSE,86.1,5496854,7102250.2,13140767.15,15065988.516666668,1276.0,1141.0,1129.0,0,False,False,False,False,True,False,False,False,True,False,False,False,True,False
2026-07-08,9940,信義,TWSE,19.65,4784336,7099729.4,13800157.75,11902166.016666668,1277.0,1130.0,1191.0,0,False,False,False,False,True,False,False,False,True,False,False,False,True,False
2026-07-08,1533,車王電,TWSE,36.4,12205102,7079664.8,7848439.25,16098724.633333333,1278.0,1268.0,1119.0,0,False,False,False,False,True,False,False,False,True,False,False,False,True,False
2026-07-08,1558,伸興,TWSE,92.3,5968631,7047030.6,5589214.05,6050474.35,1279.0,1356.0,1373.0,0,False,False,False,False,True,False,False,False,True,False,False,False,True,False
2026-07-08,6534,正瀚-創,TWSE,92.5,7529418,7040240.0,5367309.8,13760966.95,1280.0,1364.0,1150.0,0,False,False,False,False,True,False,False,False,True,False,False,False,True,False
2026-07-08,6733,博晟生醫,TPEx,26.0,4123503,7035658.2,5597265.0,6711544.45,1281.0,1355.0,1339.0,0,False,False,False,False,True,False,False,False,True,False,False,False,True,False
2026-07-08,6924,榮惠-KY創,TWSE,127.0,6966795,7034297.6,6705424.9,13648257.95,1282.0,1312.0,1155.0,0,False,False,False,False,True,False,False,False,True,False,False,False,True,False
2026-07-08,5215,科嘉-KY,TWSE,44.1,10266430,7004086.2,6959368.0,12664369.25,1283.0,1296.0,1178.0,0,False,False,False,False,True,False,False,False,True,False,False,False,True,False
2026-07-08,3296,勝德,TWSE,27.3,4890696,7001553.2,12465128.25,6245242.55,1284.0,1152.0,1366.0,0,False,False,False,False,True,False,False,False,True,False,False,False,True,False
2026-07-08,9906,欣巴巴,TWSE,41.0,8232776,6994120.0,17030257.0,10793460.833333334,1285.0,1089.0,1232.0,0,False,False,False,False,True,False,False,False,True,False,False,False,True,False
2026-07-08,2908,特力,TWSE,21.7,6248967,6970532.0,4796371.8,5779556.3,1286.0,1395.0,1380.0,0,False,False,False,False,True,False,False,False,True,False,False,False,True,False
2026-07-08,1474,弘裕,TWSE,10.45,1473970,6890465.0,2429762.9,1710519.75,1287.0,1585.0,1691.0,0,False,False,False,False,True,False,False,False,True,False,False,False,True,False
2026-07-08,1517,利奇,TWSE,10.9,3527763,6815239.0,3896162.5,3421423.45,1288.0,1447.0,1520.0,0,False,False,False,False,True,False,False,False,True,False,False,False,True,False
2026-07-08,2032,新鋼,TWSE,16.45,5489030,6733643.0,9488745.25,14185866.733333332,1289.0,1225.0,1142.0,0,False,False,False,False,True,False,False,False,True,False,False,False,True,False
2026-07-08,3043,科風,TWSE,21.85,1757475,6732358.6,6337155.55,7007688.316666666,1290.0,1322.0,1329.0,0,False,False,False,False,True,False,False,False,True,False,False,False,True,False
2026-07-08,5211,蒙恬,TPEx,22.3,4053887,6731810.0,4990022.45,3737452.9833333334,1291.0,1383.0,1496.0,0,False,False,False,False,True,False,False,False,True,False,False,False,True,False
2026-07-08,3669,圓展,TWSE,34.65,3157442,6724020.8,7128109.9,11835831.283333333,1292.0,1293.0,1193.0,0,False,False,False,False,True,False,False,False,True,False,False,False,True,False
2026-07-08,3467,台灣精材,TPEx,58.7,4322746,6709679.6,10177380.1,27667891.833333332,1293.0,1199.0,980.0,0,False,False,False,False,True,False,False,False,True,False,False,False,True,False
2026-07-08,2020,美亞,TWSE,21.35,6667027,6677758.2,8955725.25,12367824.766666668,1294.0,1233.0,1183.0,0,False,False,False,False,True,False,False,False,True,False,False,False,True,False
2026-07-08,4207,環泰,TPEx,20.0,4099525,6669667.8,3547214.45,4107644.0833333335,1295.0,1479.0,1465.0,0,False,False,False,False,True,False,False,False,True,False,False,False,True,False
2026-07-08,5278,尚凡*,TPEx,24.4,2323807,6664531.4,8065679.4,11456292.7,1296.0,1258.0,1206.0,0,False,False,False,False,True,False,False,False,True,False,False,False,True,False
2026-07-08,2729,瓦城,TPEx,157.5,2620547,6641115.2,10473491.75,7433816.966666667,1297.0,1194.0,1320.0,0,False,False,False,False,True,False,False,False,True,False,False,False,True,False
2026-07-08,6113,亞矽,TPEx,25.2,6084655,6562108.4,21327030.75,18284471.833333332,1298.0,1035.0,1091.0,0,False,False,False,False,True,False,False,False,True,False,False,False,True,False
2026-07-08,2916,滿心,TPEx,40.45,13037505,6544416.4,5116929.3,6221183.316666666,1299.0,1376.0,1368.0,0,False,False,False,False,True,False,False,False,True,False,False,False,True,False
2026-07-08,6277,宏正,TWSE,70.0,4221646,6533914.2,12980557.1,24099540.133333333,1300.0,1145.0,1012.0,0,False,False,False,False,True,False,False,False,True,False,False,False,True,False
2026-07-08,3570,大塚,TPEx,162.5,2816266,6518221.0,10680168.15,11919006.283333333,1301.0,1192.0,1190.0,0,False,False,False,False,True,False,False,False,True,False,False,False,True,False
2026-07-08,9960,邁達康,TPEx,33.5,373295,6516774.0,3093744.85,6635527.983333333,1302.0,1517.0,1342.0,0,False,False,False,False,True,False,False,False,True,False,False,False,True,False
2026-07-08,2423,固緯,TWSE,72.5,4222120,6504933.4,12010686.85,25986232.866666667,1303.0,1164.0,993.0,0,False,False,False,False,True,False,False,False,True,False,False,False,True,False
2026-07-08,4109,加捷生醫,TPEx,12.05,2586532,6501430.6,4063270.7,3837953.566666667,1304.0,1438.0,1482.0,0,False,False,False,False,True,False,False,False,True,False,False,False,True,False
2026-07-08,6230,尼得科超眾,TWSE,121.5,5192922,6492939.6,8364084.0,20775051.683333334,1305.0,1248.0,1054.0,0,False,False,False,False,True,False,False,False,True,False,False,False,True,False
2026-07-08,6130,上亞科技,TPEx,24.55,2439867,6442331.4,5167609.05,6127711.966666667,1306.0,1371.0,1370.0,0,False,False,False,False,True,False,False,False,True,False,False,False,True,False
2026-07-08,4582,聚恆-創,TWSE,26.55,3387144,6428567.0,7682060.1,,1307.0,1271.0,,0,False,False,False,False,True,False,False,False,True,False,False,False,True,False
2026-07-08,6241,鑫永洋,TPEx,15.3,4890870,6393773.4,8374438.8,4013382.316666667,1308.0,1247.0,1471.0,0,False,False,False,False,True,False,False,False,True,False,False,False,True,False
2026-07-08,1537,廣隆,TWSE,125.5,9351370,6371617.0,7778328.05,10945173.45,1309.0,1269.0,1226.0,0,False,False,False,False,True,False,False,False,True,False,False,False,True,False
2026-07-08,8089,康全電訊,TPEx,20.85,5174392,6359382.2,9558136.05,8156799.483333333,1310.0,1221.0,1295.0,0,False,False,False,False,True,False,False,False,True,False,False,False,True,False
2026-07-08,3086,華義*,TPEx,31.55,4531186,6348232.4,13622263.85,38812532.28333333,1311.0,1134.0,897.0,0,False,False,False,False,True,False,False,False,True,False,False,False,True,False
2026-07-08,7760,享溫馨,TWSE,35.6,5877473,6332009.8,4904532.7,,1312.0,1389.0,,0,False,False,False,False,True,False,False,False,True,False,False,False,True,False
2026-07-08,8930,青鋼,TPEx,30.35,5359525,6327396.0,2541951.6,2210728.9833333334,1313.0,1573.0,1639.0,0,False,False,False,False,True,False,False,False,True,False,False,False,True,False
2026-07-08,8421,旭源,TPEx,14.65,6782269,6250007.6,2738455.95,1403952.8166666667,1314.0,1548.0,1730.0,0,False,False,False,False,True,False,False,False,True,False,False,False,True,False
2026-07-08,5356,協益,TPEx,25.6,4256881,6233996.6,5119822.8,4038963.8833333333,1315.0,1375.0,1467.0,0,False,False,False,False,True,False,False,False,True,False,False,False,True,False
2026-07-08,8924,大田,TPEx,57.4,2646375,6205050.2,6350970.35,10738431.1,1316.0,1320.0,1234.0,0,False,False,False,False,True,False,False,False,True,False,False,False,True,False
2026-07-08,5438,東友,TPEx,19.2,966055,6166972.0,3747923.2,2948246.9833333334,1317.0,1460.0,1557.0,0,False,False,False,False,True,False,False,False,True,False,False,False,True,False
2026-07-08,5903,全家,TPEx,189.0,6650383,6142530.0,5381460.15,6547178.05,1318.0,1362.0,1349.0,0,False,False,False,False,True,False,False,False,True,False,False,False,True,False
2026-07-08,3354,律勝,TPEx,25.55,5865322,6112169.2,10781531.65,45801242.0,1319.0,1190.0,862.0,0,False,False,False,False,True,False,False,False,True,False,False,False,True,False
2026-07-08,8284,三竹,TPEx,61.2,10156251,6104975.0,3320005.4,2241144.8333333335,1320.0,1500.0,1633.0,0,False,False,False,False,True,False,False,False,True,False,False,False,True,False
2026-07-08,1339,昭輝,TWSE,45.15,4476238,6101204.4,7158982.7,8481256.7,1321.0,1291.0,1284.0,0,False,False,False,False,True,False,False,False,True,False,False,False,True,False
2026-07-08,2640,大車隊,TPEx,156.5,6500830,6096580.4,6925722.15,7317341.666666667,1322.0,1297.0,1324.0,0,False,False,False,False,True,False,False,False,True,False,False,False,True,False
2026-07-08,9919,康那香,TWSE,13.9,3203891,6052343.6,6626246.85,7743702.8,1323.0,1313.0,1309.0,0,False,False,False,False,True,False,False,False,True,False,False,False,True,False
2026-07-08,4560,強信-KY,TWSE,34.0,3948091,6012942.8,7560883.3,9549197.816666666,1324.0,1275.0,1256.0,0,False,False,False,False,True,False,False,False,True,False,False,False,True,False
2026-07-08,2430,燦坤,TWSE,18.05,2964042,6011165.6,3429126.55,3571020.716666667,1325.0,1491.0,1511.0,0,False,False,False,False,True,False,False,False,True,False,False,False,True,False
2026-07-08,6875,國邑*,TPEx,37.95,3056523,5998316.4,5166518.85,5740891.633333334,1326.0,1372.0,1382.0,0,False,False,False,False,True,False,False,False,True,False,False,False,True,False
2026-07-08,4130,健亞,TPEx,27.35,2476599,5995227.6,4569227.2,10282958.683333334,1327.0,1406.0,1247.0,0,False,False,False,False,True,False,False,False,True,False,False,False,True,False
2026-07-08,8908,欣雄,TPEx,39.0,7035547,5994928.4,5623365.35,7925455.783333333,1328.0,1354.0,1305.0,0,False,False,False,False,True,False,False,False,True,False,False,False,True,False
2026-07-08,2062,橋椿,TWSE,19.35,7483940,5994213.8,5124918.75,8426751.183333334,1329.0,1373.0,1285.0,0,False,False,False,False,True,False,False,False,True,False,False,False,True,False
2026-07-08,3188,鑫龍騰,TPEx,23.7,6296766,5975139.6,12681889.05,11320767.55,1330.0,1149.0,1209.0,0,False,False,False,False,True,False,False,False,True,False,False,False,True,False
2026-07-08,7715,裕山,TPEx,33.5,1676725,5973786.4,13692938.05,5983082.866666666,1331.0,1132.0,1377.0,0,False,False,False,False,True,False,False,False,True,False,False,False,True,False
2026-07-08,3206,志豐,TPEx,38.65,4753028,5906219.4,4770002.65,9146512.333333334,1332.0,1398.0,1268.0,0,False,False,False,False,True,False,False,False,True,False,False,False,True,False
2026-07-08,2017,官田鋼,TWSE,9.17,2746303,5902131.0,5672018.75,7562669.266666667,1333.0,1352.0,1314.0,0,False,False,False,False,True,False,False,False,True,False,False,False,True,False
2026-07-08,6934,心誠鎂,TWSE,73.6,8508018,5809783.8,4409033.35,8325627.833333333,1334.0,1417.0,1290.0,0,False,False,False,False,True,False,False,False,True,False,False,False,True,False
2026-07-08,2477,美隆電,TWSE,21.3,3255222,5778297.8,5276291.3,6544285.05,1335.0,1368.0,1351.0,0,False,False,False,False,True,False,False,False,True,False,False,False,True,False
2026-07-08,4726,永昕,TPEx,26.0,3295407,5680562.4,7372068.15,8221241.35,1336.0,1281.0,1294.0,0,False,False,False,False,True,False,False,False,True,False,False,False,True,False
2026-07-08,2038,海光,TWSE,13.25,3407786,5667426.6,6114376.2,8107223.233333333,1337.0,1329.0,1296.0,0,False,False,False,False,True,False,False,False,True,False,False,False,True,False
2026-07-08,6967,汎瑋材料,TPEx,69.6,3762766,5638312.8,4293100.9,11236233.783333333,1338.0,1426.0,1215.0,0,False,False,False,False,True,False,False,False,True,False,False,False,True,False
2026-07-08,7821,神數,TWSE,40.85,2320218,5611433.2,7022938.95,,1339.0,1295.0,,0,False,False,False,False,True,False,False,False,True,False,False,False,True,False
2026-07-08,1325,恆大,TWSE,24.5,4109851,5592568.6,6844474.1,9838730.633333333,1340.0,1303.0,1255.0,0,False,False,False,False,True,False,False,False,True,False,False,False,True,False
2026-07-08,6752,叡揚,TPEx,99.7,1525819,5557538.8,3729194.5,6256062.15,1341.0,1461.0,1365.0,0,False,False,False,False,True,False,False,False,True,False,False,False,True,False
2026-07-08,2444,兆勁,TWSE,12.65,5080189,5555448.2,7667681.75,10147208.733333332,1342.0,1272.0,1249.0,0,False,False,False,False,True,False,False,False,True,False,False,False,True,False
2026-07-08,8176,智捷,TPEx,10.4,1421345,5548411.8,3638912.3,2713651.4833333334,1343.0,1472.0,1574.0,0,False,False,False,False,True,False,False,False,True,False,False,False,True,False
2026-07-08,6560,欣普羅,TPEx,37.7,3385460,5544819.2,5069894.1,4895946.183333334,1344.0,1380.0,1423.0,0,False,False,False,False,True,False,False,False,True,False,False,False,True,False
2026-07-08,3038,全台,TWSE,22.05,4967191,5533447.6,6385991.15,11535794.733333332,1345.0,1319.0,1204.0,0,False,False,False,False,True,False,False,False,True,False,False,False,True,False
2026-07-08,6464,台數科,TWSE,78.0,8400006,5524406.4,5124470.15,5306532.966666667,1346.0,1374.0,1411.0,0,False,False,False,False,True,False,False,False,True,False,False,False,True,False
2026-07-08,6657,華安,TWSE,36.1,4788019,5510670.0,6923199.7,11613253.383333333,1347.0,1298.0,1201.0,0,False,False,False,False,True,False,False,False,True,False,False,False,True,False
2026-07-08,9905,大華,TWSE,21.3,7554272,5479374.2,4861243.15,4027340.2,1348.0,1392.0,1469.0,0,False,False,False,False,True,False,False,False,True,False,False,False,True,False
2026-07-08,9924,福興,TWSE,40.05,6396430,5440017.6,5783494.75,6654262.733333333,1349.0,1345.0,1341.0,0,False,False,False,False,True,False,False,False,True,False,False,False,True,False
2026-07-08,8442,威宏-KY,TWSE,46.25,14614631,5422612.0,4833662.2,5118048.716666667,1350.0,1393.0,1417.0,0,False,False,False,False,True,False,False,False,True,False,False,False,True,False
2026-07-08,8404,百和興業-KY,TWSE,16.7,4202465,5422554.6,6088734.25,7910557.633333334,1351.0,1330.0,1306.0,0,False,False,False,False,True,False,False,False,True,False,False,False,True,False
2026-07-08,9927,泰銘,TWSE,68.2,5299227,5401868.4,4911037.55,7102311.016666667,1352.0,1388.0,1327.0,0,False,False,False,False,True,False,False,False,True,False,False,False,True,False
2026-07-08,1110,東泥,TWSE,15.95,3161007,5330673.4,4291403.85,4256775.45,1353.0,1427.0,1455.0,0,False,False,False,False,True,False,False,False,True,False,False,False,True,False
2026-07-08,6885,全福生技,TWSE,21.9,5438494,5304742.6,8391432.05,11072460.916666666,1354.0,1246.0,1220.0,0,False,False,False,False,True,False,False,False,True,False,False,False,True,False
2026-07-08,3419,譁裕,TWSE,13.85,5416854,5292792.8,4596648.9,8250481.7,1355.0,1405.0,1293.0,0,False,False,False,False,True,False,False,False,True,False,False,False,True,False
2026-07-08,6925,意藍,TPEx,57.9,2410080,5287398.4,8001103.2,12784429.266666668,1356.0,1260.0,1172.0,0,False,False,False,False,True,False,False,False,True,False,False,False,True,False
2026-07-08,6185,幃翔,TPEx,14.3,2661187,5286756.8,4550550.0,3989341.9166666665,1357.0,1407.0,1472.0,0,False,False,False,False,True,False,False,False,True,False,False,False,True,False
2026-07-08,6840,東研信超,TPEx,66.6,9813134,5255545.4,4516918.45,10495417.266666668,1358.0,1410.0,1243.0,0,False,False,False,False,True,False,False,False,True,False,False,False,True,False
2026-07-08,3308,聯德,TWSE,21.65,2052101,5235455.0,3699829.45,4837959.333333333,1359.0,1462.0,1425.0,0,False,False,False,False,True,False,False,False,True,False,False,False,True,False
2026-07-08,2239,英利-KY,TWSE,21.75,2363941,5224588.6,2303001.7,2158023.7,1360.0,1595.0,1645.0,0,False,False,False,False,True,False,False,False,True,False,False,False,True,False
2026-07-08,4175,杏一,TPEx,50.8,4975832,5217681.0,2269303.4,1753120.6166666667,1361.0,1599.0,1686.0,0,False,False,False,False,True,False,False,False,True,False,False,False,True,False
2026-07-08,1783,和康生,TWSE,40.7,2359019,5181052.4,4297259.4,5174893.166666667,1362.0,1425.0,1416.0,0,False,False,False,False,True,False,False,False,True,False,False,False,True,False
2026-07-08,4414,如興,TWSE,8.77,1583152,5115868.6,3105196.35,4819816.783333333,1363.0,1515.0,1426.0,0,False,False,False,False,True,False,False,False,True,False,False,False,True,False
2026-07-08,1437,勤益控,TWSE,30.7,3048460,5102449.0,4078999.6,4249717.466666667,1364.0,1436.0,1456.0,0,False,False,False,False,True,False,False,False,True,False,False,False,True,False
2026-07-08,5344,立衛,TPEx,16.75,2256821,5081470.8,3090691.9,3798659.75,1365.0,1519.0,1484.0,0,False,False,False,False,True,False,False,False,True,False,False,False,True,False
2026-07-08,1103,嘉泥,TWSE,13.45,3721964,5038678.2,4507556.1,4689454.716666667,1366.0,1412.0,1433.0,0,False,False,False,False,True,False,False,False,True,False,False,False,True,False
2026-07-08,6881,潤德,TPEx,223.5,3406778,5027375.6,3822647.95,3371875.716666667,1367.0,1452.0,1526.0,0,False,False,False,False,True,False,False,False,True,False,False,False,True,False
2026-07-08,4543,萬在,TPEx,34.85,5784256,5010235.8,9422617.4,27666768.8,1368.0,1226.0,981.0,0,False,False,False,False,True,False,False,False,True,False,False,False,True,False
2026-07-08,3052,夆典,TWSE,10.85,2236374,4988211.2,4390197.9,6257455.3,1369.0,1418.0,1364.0,0,False,False,False,False,True,False,False,False,True,False,False,False,True,False
2026-07-08,7803,雲象科技-創,TWSE,23.2,2561653,4988188.2,4321816.3,,1370.0,1424.0,,0,False,False,False,False,True,False,False,False,True,False,False,False,True,False
2026-07-08,8084,巨虹,TPEx,48.35,2937119,4976609.0,6211840.25,5370086.5,1371.0,1325.0,1405.0,0,False,False,False,False,True,False,False,False,True,False,False,False,True,False
2026-07-08,6294,智基,TPEx,28.3,404943,4970470.8,2450512.25,2198387.466666667,1372.0,1583.0,1640.0,0,False,False,False,False,True,False,False,False,True,False,False,False,True,False
2026-07-08,3447,展達,TWSE,36.3,4757808,4947722.6,9896213.45,11615010.666666666,1373.0,1210.0,1200.0,0,False,False,False,False,True,False,False,False,True,False,False,False,True,False
2026-07-08,3083,網龍,TPEx,26.9,5204402,4918856.4,10234113.2,6845202.6,1374.0,1196.0,1334.0,0,False,False,False,False,True,False,False,False,True,False,False,False,True,False
2026-07-08,2248,華勝-KY,TWSE,58.2,1936101,4909975.2,3089291.15,4364169.05,1375.0,1520.0,1449.0,0,False,False,False,False,True,False,False,False,True,False,False,False,True,False
2026-07-08,1733,五鼎,TWSE,29.9,5008987,4873588.0,5076090.0,5717512.783333333,1376.0,1379.0,1387.0,0,False,False,False,False,True,False,False,False,True,False,False,False,True,False
2026-07-08,1472,三洋實業,TWSE,87.6,12825914,4865212.8,28187689.35,11111533.466666667,1377.0,967.0,1218.0,0,False,False,False,False,True,False,False,False,True,False,False,False,True,False
2026-07-08,1236,宏亞,TWSE,26.3,8944260,4851044.8,2159918.8,1583259.4833333334,1378.0,1610.0,1703.0,0,False,False,False,False,True,False,False,False,True,False,False,False,True,False
2026-07-08,5531,鄉林,TWSE,7.91,5161178,4827582.8,5679848.1,5741301.783333333,1379.0,1351.0,1381.0,0,False,False,False,False,True,False,False,False,True,False,False,False,True,False
2026-07-08,2514,龍邦,TWSE,13.0,8608593,4804665.4,3812259.15,4050530.35,1380.0,1455.0,1466.0,0,False,False,False,False,True,False,False,False,True,False,False,False,True,False
2026-07-08,3597,映興,TPEx,27.7,1811286,4803065.6,2533220.65,3765374.5833333335,1381.0,1575.0,1490.0,0,False,False,False,False,True,False,False,False,True,False,False,False,True,False
2026-07-08,2459,敦吉,TWSE,63.3,7075483,4773266.2,12158507.65,14078445.3,1382.0,1156.0,1143.0,0,False,False,False,False,True,False,False,False,True,False,False,False,True,False
2026-07-08,6838,台新藥,TWSE,24.15,2999611,4772575.0,4131852.15,4941170.55,1383.0,1433.0,1422.0,0,False,False,False,False,True,False,False,False,True,False,False,False,True,False
2026-07-08,8349,恒耀,TPEx,39.35,2546719,4769334.6,9559430.3,10873400.133333333,1384.0,1220.0,1230.0,0,False,False,False,False,True,False,False,False,True,False,False,False,True,False
2026-07-08,6118,建達,TPEx,17.0,2595787,4754678.6,6117756.7,12964881.1,1385.0,1327.0,1169.0,0,False,False,False,False,True,False,False,False,True,False,False,False,True,False
2026-07-08,3540,曜越,TPEx,24.3,4648064,4739197.8,10106232.9,11620115.466666667,1386.0,1203.0,1199.0,0,False,False,False,False,True,False,False,False,True,False,False,False,True,False
2026-07-08,6641,基士德-KY,TWSE,18.75,1710475,4734763.0,1736385.6,1492642.2666666666,1387.0,1662.0,1718.0,0,False,False,False,False,True,False,False,False,True,False,False,False,True,False
2026-07-08,6266,泰詠,TPEx,25.1,2182364,4729681.8,7913212.95,8922788.433333334,1388.0,1265.0,1276.0,0,False,False,False,False,True,False,False,False,True,False,False,False,True,False
2026-07-08,8059,凱碩,TPEx,16.05,2720184,4705624.0,5815881.55,11666442.816666666,1389.0,1344.0,1197.0,0,False,False,False,False,True,False,False,False,True,False,False,False,True,False
2026-07-08,9103,美德醫療-DR,TWSE,5.09,3762651,4702046.6,7936035.8,11081051.216666667,1390.0,1264.0,1219.0,0,False,False,False,False,True,False,False,False,True,False,False,False,True,False
2026-07-08,1414,東和,TWSE,19.6,1343938,4695830.0,4166186.3,4603008.316666666,1391.0,1431.0,1437.0,0,False,False,False,False,True,False,False,False,True,False,False,False,True,False
2026-07-08,4737,華廣,TWSE,57.0,3303400,4669249.0,4377498.8,6602942.733333333,1392.0,1420.0,1344.0,0,False,False,False,False,True,False,False,False,True,False,False,False,True,False
2026-07-08,6136,富爾特,TWSE,24.0,3105441,4664926.0,5986712.4,16261000.916666666,1393.0,1337.0,1118.0,0,False,False,False,False,True,False,False,False,True,False,False,False,True,False
2026-07-08,1465,偉全,TWSE,13.15,1285014,4633977.2,2282076.5,1617440.2166666666,1394.0,1597.0,1699.0,0,False,False,False,False,True,False,False,False,True,False,False,False,True,False
2026-07-08,3268,海德威,TPEx,21.05,2222453,4614492.4,9851637.85,7900914.166666667,1395.0,1211.0,1307.0,0,False,False,False,False,True,False,False,False,True,False,False,False,True,False
2026-07-08,5324,士開,TPEx,12.0,3758083,4607207.2,4780939.3,3473240.8833333333,1396.0,1397.0,1517.0,0,False,False,False,False,True,False,False,False,True,False,False,False,True,False
2026-07-08,1799,易威,TPEx,33.3,4205821,4587948.6,3930929.0,6454861.116666666,1397.0,1443.0,1356.0,0,False,False,False,False,True,False,False,False,True,False,False,False,True,False
2026-07-08,1445,大宇,TWSE,11.55,808952,4553515.8,2392896.45,1481482.9333333333,1398.0,1588.0,1720.0,0,False,False,False,False,True,False,False,False,True,False,False,False,True,False
2026-07-08,2230,泰茂,TPEx,23.65,9823307,4549539.6,5586683.2,11022149.716666667,1399.0,1357.0,1222.0,0,False,False,False,False,True,False,False,False,True,False,False,False,True,False
2026-07-08,2438,翔耀,TWSE,20.65,2815490,4525661.4,4803967.9,8060856.916666667,1400.0,1394.0,1297.0,0,False,False,False,False,True,False,False,False,True,False,False,False,True,False
2026-07-08,8034,榮群,TPEx,21.35,5025920,4523311.2,5644133.3,12674400.566666666,1401.0,1353.0,1177.0,0,False,False,False,False,True,False,False,False,True,False,False,False,True,False
2026-07-08,6969,成信實業*-創,TWSE,27.5,5281496,4517634.0,2543834.7,2421266.6666666665,1402.0,1572.0,1608.0,0,False,False,False,False,True,False,False,False,True,False,False,False,True,False
2026-07-08,2033,佳大,TWSE,15.9,1945944,4453341.4,4129637.35,3637990.566666667,1403.0,1434.0,1506.0,0,False,False,False,False,True,False,False,False,True,False,False,False,True,False
2026-07-08,6229,研通,TPEx,26.35,4222820,4439520.8,6879119.55,13123345.95,1404.0,1302.0,1166.0,0,False,False,False,False,True,False,False,False,True,False,False,False,True,False
2026-07-08,8446,華研,TPEx,88.2,2360360,4405515.0,5926026.4,15264111.866666667,1405.0,1340.0,1127.0,0,False,False,False,False,True,False,False,False,True,False,False,False,True,False
2026-07-08,3287,廣寰科,TPEx,30.55,9819459,4402452.0,4608922.4,13505962.216666667,1406.0,1404.0,1156.0,0,False,False,False,False,True,False,False,False,True,False,False,False,True,False
2026-07-08,4416,三圓,TPEx,10.75,2964650,4400527.0,10276357.7,7597959.6,1407.0,1195.0,1312.0,0,False,False,False,False,True,False,False,False,True,False,False,False,True,False
2026-07-08,1321,大洋,TWSE,31.55,3118830,4383632.0,7316488.75,7535979.933333334,1408.0,1283.0,1315.0,0,False,False,False,False,True,False,False,False,True,False,False,False,True,False
2026-07-08,5353,台林,TPEx,30.05,5529138,4371823.6,7634942.7,9504329.15,1409.0,1273.0,1257.0,0,False,False,False,False,True,False,False,False,True,False,False,False,True,False
2026-07-08,6216,居易,TWSE,23.0,4009167,4347774.6,5883689.8,6204671.416666667,1410.0,1343.0,1369.0,0,False,False,False,False,True,False,False,False,True,False,False,False,True,False
2026-07-08,2069,運錩,TWSE,18.1,7151837,4329965.8,6790455.85,8040376.75,1411.0,1307.0,1298.0,0,False,False,False,False,True,False,False,False,True,False,False,False,True,False
2026-07-08,4160,訊聯基因,TPEx,42.2,4700679,4327269.4,2699471.25,3041319.55,1412.0,1551.0,1550.0,0,False,False,False,False,True,False,False,False,True,False,False,False,True,False
2026-07-08,4108,懷特,TWSE,12.1,3011935,4306356.0,3095079.2,3571511.3666666667,1413.0,1516.0,1510.0,0,False,False,False,False,True,False,False,False,True,False,False,False,True,False
2026-07-08,6577,勁豐,TPEx,79.9,10920099,4291039.0,6007611.7,4280936.033333333,1414.0,1336.0,1453.0,0,False,False,False,False,True,False,False,False,True,False,False,False,True,False
2026-07-08,4946,辣椒,TPEx,100.5,2774810,4279253.4,12812092.7,8743714.233333332,1415.0,1147.0,1280.0,0,False,False,False,False,True,False,False,False,True,False,False,False,True,False
2026-07-08,5283,禾聯碩,TWSE,53.0,3217092,4259724.8,6922486.15,6821193.4,1416.0,1299.0,1335.0,0,False,False,False,False,True,False,False,False,True,False,False,False,True,False
2026-07-08,7704,明遠精密,TPEx,60.9,1134444,4239750.6,5894538.35,13431772.7,1417.0,1341.0,1160.0,0,False,False,False,False,True,False,False,False,True,False,False,False,True,False
2026-07-08,6281,全國電,TWSE,51.5,1683867,4233574.8,4368922.6,6588305.333333333,1418.0,1421.0,1346.0,0,False,False,False,False,True,False,False,False,True,False,False,False,True,False
2026-07-08,4907,富宇,TPEx,41.9,2536642,4223051.8,5183776.05,3742838.75,1419.0,1370.0,1495.0,0,False,False,False,False,True,False,False,False,True,False,False,False,True,False
2026-07-08,2743,山富,TPEx,65.5,4776976,4212677.0,7049860.35,9268654.95,1420.0,1294.0,1265.0,0,False,False,False,False,True,False,False,False,True,False,False,False,True,False
2026-07-08,1432,大魯閣,TWSE,15.1,3220700,4209237.6,9119694.3,6931525.316666666,1421.0,1231.0,1330.0,0,False,False,False,False,True,False,False,False,True,False,False,False,True,False
2026-07-08,1776,展宇,TWSE,19.85,3900043,4207725.8,6559076.5,5721549.05,1422.0,1316.0,1384.0,0,False,False,False,False,True,False,False,False,True,False,False,False,True,False
2026-07-08,2748,雲品,TWSE,39.45,3072989,4207682.6,4721715.7,6531136.533333333,1423.0,1401.0,1352.0,0,False,False,False,False,True,False,False,False,True,False,False,False,True,False
2026-07-08,2109,華豐,TWSE,14.75,1449403,4179970.2,2919716.15,2689081.25,1424.0,1539.0,1577.0,0,False,False,False,False,True,False,False,False,True,False,False,False,True,False
2026-07-08,1732,毛寶,TWSE,26.7,4522307,4164274.8,3266668.55,5523538.9,1425.0,1506.0,1398.0,0,False,False,False,False,True,False,False,False,True,False,False,False,True,False
2026-07-08,3434,哲固,TPEx,29.7,3892471,4133972.4,8363180.5,8647809.483333332,1426.0,1249.0,1281.0,0,False,False,False,False,True,False,False,False,True,False,False,False,True,False
2026-07-08,4133,亞諾法,TWSE,20.95,3626082,4130186.4,2939121.8,3368545.7,1427.0,1538.0,1527.0,0,False,False,False,False,True,False,False,False,True,False,False,False,True,False
2026-07-08,7705,三商餐飲,TWSE,30.35,2746640,4051255.2,2138952.7,2459045.1666666665,1428.0,1614.0,1601.0,0,False,False,False,False,True,False,False,False,True,False,False,False,True,False
2026-07-08,6283,淳安,TWSE,23.3,2283348,4049814.4,6822106.0,10661904.016666668,1429.0,1305.0,1236.0,0,False,False,False,False,True,False,False,False,True,False,False,False,True,False
2026-07-08,4417,金洲,TPEx,48.25,3961688,4043511.2,5740349.0,7439424.2,1430.0,1346.0,1318.0,0,False,False,False,False,True,False,False,False,True,False,False,False,True,False
2026-07-08,4935,茂林-KY,TWSE,35.85,4137704,4028184.8,5966545.35,6486113.033333333,1431.0,1338.0,1353.0,0,False,False,False,False,True,False,False,False,True,False,False,False,True,False
2026-07-08,3672,康聯訊,TPEx,13.8,4283603,4007632.6,2186624.25,1391247.7333333334,1432.0,1606.0,1733.0,0,False,False,False,False,True,False,False,False,True,False,False,False,True,False
2026-07-08,2506,太設,TWSE,8.9,1656678,4002641.4,2761122.4,1840978.9333333333,1433.0,1546.0,1678.0,0,False,False,False,False,True,False,False,False,True,False,False,False,True,False
2026-07-08,8928,鉅明,TPEx,22.55,992022,4001514.0,1473713.5,1034547.0166666667,1434.0,1694.0,1784.0,0,False,False,False,False,True,False,False,False,True,False,False,False,True,False
2026-07-08,3679,新至陞,TWSE,109.0,692917,3979179.8,11769462.7,10771721.533333333,1435.0,1167.0,1233.0,0,False,False,False,False,True,False,False,False,True,False,False,False,True,False
2026-07-08,5206,坤悅,TPEx,23.1,983596,3974450.4,4533015.6,4425982.466666667,1436.0,1408.0,1444.0,0,False,False,False,False,True,False,False,False,True,False,False,False,True,False
2026-07-08,1452,宏益,TWSE,11.8,1908855,3962363.4,1954587.15,1379720.3,1437.0,1634.0,1736.0,0,False,False,False,False,True,False,False,False,True,False,False,False,True,False
2026-07-08,4401,東隆興,TPEx,15.2,1792218,3932753.8,1663803.1,1700624.0833333333,1438.0,1671.0,1692.0,0,False,False,False,False,True,False,False,False,True,False,False,False,True,False
2026-07-08,1234,黑松,TWSE,33.1,2562149,3919491.2,6116454.0,6263454.966666667,1439.0,1328.0,1363.0,0,False,False,False,False,True,False,False,False,True,False,False,False,True,False
2026-07-08,2029,盛餘,TWSE,20.8,3478302,3897938.0,4721633.8,5272930.45,1440.0,1402.0,1412.0,0,False,False,False,False,True,False,False,False,True,False,False,False,True,False
2026-07-08,4523,永彰,TPEx,25.55,5776090,3893736.4,5421303.15,6225178.983333333,1441.0,1360.0,1367.0,0,False,False,False,False,True,False,False,False,True,False,False,False,True,False
2026-07-08,2911,麗嬰房,TWSE,8.0,4468940,3885019.8,4007680.1,3772018.5,1442.0,1440.0,1489.0,0,False,False,False,False,True,False,False,False,True,False,False,False,True,False
2026-07-08,5481,新華,TPEx,20.8,1719206,3870678.2,5330062.35,4540127.633333334,1443.0,1365.0,1441.0,0,False,False,False,False,True,False,False,False,True,False,False,False,True,False
2026-07-08,3508,位速,TPEx,18.1,5320553,3860766.0,4239605.15,8942271.85,1444.0,1430.0,1274.0,0,False,False,False,False,True,False,False,False,True,False,False,False,True,False
2026-07-08,1777,生泰,TPEx,75.0,1792801,3853191.8,2666810.05,2351054.8833333333,1445.0,1553.0,1616.0,0,False,False,False,False,True,False,False,False,True,False,False,False,True,False
2026-07-08,1780,立弘,TPEx,24.7,3217431,3840922.4,,,1446.0,,,0,False,False,False,False,True,False,False,False,True,False,False,False,True,False
2026-07-08,2704,國賓,TWSE,44.8,4013802,3817943.4,6083608.1,6273015.333333333,1447.0,1332.0,1362.0,0,False,False,False,False,True,False,False,False,True,False,False,False,True,False
2026-07-08,3686,達能,TWSE,16.6,2827112,3781760.2,4380205.25,5358914.0,1448.0,1419.0,1406.0,0,False,False,False,False,True,False,False,False,True,False,False,False,True,False
2026-07-08,1416,廣豐,TWSE,11.0,2818314,3777745.8,3872165.95,3595752.033333333,1449.0,1449.0,1509.0,0,False,False,False,False,True,False,False,False,True,False,False,False,True,False
2026-07-08,3178,公準,TPEx,64.9,2725626,3744431.6,6044581.1,13661111.083333334,1450.0,1335.0,1154.0,0,False,False,False,False,True,False,False,False,True,False,False,False,True,False
2026-07-08,6612,奈米醫材,TPEx,76.1,5598811,3737183.6,5539920.75,3956625.783333333,1451.0,1358.0,1475.0,0,False,False,False,False,True,False,False,False,True,False,False,False,True,False
2026-07-08,4438,廣越,TWSE,61.2,2493528,3736881.0,3818085.2,5533314.416666667,1452.0,1454.0,1396.0,0,False,False,False,False,True,False,False,False,True,False,False,False,True,False
2026-07-08,8443,阿瘦,TWSE,11.5,126945,3735589.2,1437654.6,764390.8833333333,1453.0,1700.0,1828.0,0,False,False,False,False,True,False,False,False,True,False,False,False,True,False
2026-07-08,2505,國揚,TWSE,17.85,3606514,3731330.6,8262223.9,9970165.183333334,1454.0,1254.0,1250.0,0,False,False,False,False,True,False,False,False,True,False,False,False,True,False
2026-07-08,9912,偉聯,TWSE,12.7,130670,3728360.6,2446327.1,1954350.7166666666,1455.0,1584.0,1665.0,0,False,False,False,False,True,False,False,False,True,False,False,False,True,False
2026-07-08,2007,燁興,TWSE,7.27,1787968,3727717.6,2898000.85,3454477.716666667,1456.0,1541.0,1518.0,0,False,False,False,False,True,False,False,False,True,False,False,False,True,False
2026-07-08,1451,年興,TWSE,17.15,3460765,3702378.6,3065293.55,3778693.3,1457.0,1523.0,1487.0,0,False,False,False,False,True,False,False,False,True,False,False,False,True,False
2026-07-08,3516,亞帝歐,TPEx,26.95,1745913,3699228.4,8470247.35,6774403.266666667,1458.0,1244.0,1336.0,0,False,False,False,False,True,False,False,False,True,False,False,False,True,False
2026-07-08,9951,皇田,TPEx,53.2,2326290,3683111.0,3917020.55,5532176.716666667,1459.0,1445.0,1397.0,0,False,False,False,False,True,False,False,False,True,False,False,False,True,False
2026-07-08,1788,杏昌,TPEx,129.5,3443422,3681352.6,6350411.25,5848115.75,1460.0,1321.0,1379.0,0,False,False,False,False,True,False,False,False,True,False,False,False,True,False
2026-07-08,8032,光菱,TPEx,41.8,2172730,3630504.8,10709041.85,12006469.683333334,1461.0,1191.0,1187.0,0,False,False,False,False,True,False,False,False,True,False,False,False,True,False
2026-07-08,2538,基泰,TWSE,9.83,3139797,3603125.4,4521990.1,5191318.933333334,1462.0,1409.0,1414.0,0,False,False,False,False,True,False,False,False,True,False,False,False,True,False
2026-07-08,5272,笙科,TPEx,20.45,2528826,3596123.8,4284199.2,10527715.966666667,1463.0,1428.0,1242.0,0,False,False,False,False,True,False,False,False,True,False,False,False,True,False
2026-07-08,5603,陸海,TPEx,14.6,2351164,3561727.2,5716113.0,3788442.566666667,1464.0,1349.0,1486.0,0,False,False,False,False,True,False,False,False,True,False,False,False,True,False
2026-07-08,7819,精誠金融,TPEx,38.5,3101303,3550315.8,3499219.0,,1465.0,1488.0,,0,False,False,False,False,True,False,False,False,True,False,False,False,True,False
2026-07-08,8916,光隆,TPEx,43.9,2081864,3520543.0,5943719.75,6036078.833333333,1466.0,1339.0,1374.0,0,False,False,False,False,True,False,False,False,True,False,False,False,True,False
2026-07-08,6835,圓裕,TWSE,34.55,1851614,3482000.0,2533386.9,13155521.733333332,1467.0,1574.0,1164.0,0,False,False,False,False,True,False,False,False,True,False,False,False,True,False
2026-07-08,2496,卓越,TWSE,61.3,7825796,3438236.2,1545725.3,1524585.6333333333,1468.0,1681.0,1714.0,0,False,False,False,False,True,False,False,False,True,False,False,False,True,False
2026-07-08,4711,永純,TPEx,17.5,1355480,3436684.8,3903380.65,6471652.0,1469.0,1446.0,1354.0,0,False,False,False,False,True,False,False,False,True,False,False,False,True,False
2026-07-08,6593,台灣銘板,TPEx,33.85,1940133,3398035.6,3091261.75,3227112.2666666666,1470.0,1518.0,1539.0,0,False,False,False,False,True,False,False,False,True,False,False,False,True,False
2026-07-08,3057,喬鼎,TWSE,19.35,4315997,3386649.6,5017708.75,10180340.083333334,1471.0,1382.0,1248.0,0,False,False,False,False,True,False,False,False,True,False,False,False,True,False
2026-07-08,1737,臺鹽,TWSE,31.95,2330183,3373796.0,3654156.25,4033027.0,1472.0,1468.0,1468.0,0,False,False,False,False,True,False,False,False,True,False,False,False,True,False
2026-07-08,1338,廣華-KY,TWSE,17.35,1285514,3366501.8,3210702.2,3518781.816666667,1473.0,1512.0,1514.0,0,False,False,False,False,True,False,False,False,True,False,False,False,True,False
2026-07-08,1506,正道,TWSE,10.1,1558375,3357048.2,3993272.4,3695045.1333333333,1474.0,1441.0,1502.0,0,False,False,False,False,True,False,False,False,True,False,False,False,True,False
2026-07-08,2433,互盛電,TWSE,41.85,1650853,3356712.2,3054568.25,2709345.3,1475.0,1525.0,1575.0,0,False,False,False,False,True,False,False,False,True,False,False,False,True,False
2026-07-08,4126,太醫,TPEx,81.3,4047795,3354451.8,2612077.85,3341739.5,1476.0,1561.0,1531.0,0,False,False,False,False,True,False,False,False,True,False,False,False,True,False
2026-07-08,8432,東生華,TPEx,50.6,3239413,3352000.2,2467734.65,2643647.6166666667,1477.0,1582.0,1581.0,0,False,False,False,False,True,False,False,False,True,False,False,False,True,False
2026-07-08,6629,泰金-KY,TPEx,108.5,999109,3340569.6,3666874.8,7966210.683333334,1478.0,1466.0,1302.0,0,False,False,False,False,True,False,False,False,True,False,False,False,True,False
2026-07-08,3054,立萬利,TWSE,61.2,2163602,3334026.8,7375657.9,28346311.083333332,1479.0,1280.0,969.0,0,False,False,False,False,True,False,False,False,True,False,False,False,True,False
2026-07-08,6918,愛派司,TWSE,74.2,1333842,3311051.8,3322588.6,4344255.233333333,1480.0,1499.0,1450.0,0,False,False,False,False,True,False,False,False,True,False,False,False,True,False
2026-07-08,2516,新建,TWSE,13.75,2460820,3301396.8,3643672.7,4421441.466666667,1481.0,1471.0,1445.0,0,False,False,False,False,True,False,False,False,True,False,False,False,True,False
2026-07-08,5312,寶島科,TPEx,89.2,2090715,3300932.4,6580553.35,5590383.916666667,1482.0,1315.0,1392.0,0,False,False,False,False,True,False,False,False,True,False,False,False,True,False
2026-07-08,6461,益得,TPEx,16.45,4145836,3292567.0,2557296.05,3753737.683333333,1483.0,1568.0,1492.0,0,False,False,False,False,True,False,False,False,True,False,False,False,True,False
2026-07-08,4111,濟生,TPEx,30.4,1713207,3279568.6,2545699.55,3350546.3833333333,1484.0,1571.0,1528.0,0,False,False,False,False,True,False,False,False,True,False,False,False,True,False
2026-07-08,8291,尚茂,TPEx,33.0,3541828,3229617.6,7269850.95,7712736.85,1485.0,1287.0,1310.0,0,False,False,False,False,True,False,False,False,True,False,False,False,True,False
2026-07-08,8068,全達,TPEx,18.45,2882926,3221523.2,5115580.1,8924100.866666667,1486.0,1377.0,1275.0,0,False,False,False,False,True,False,False,False,True,False,False,False,True,False
2026-07-08,4120,友華,TPEx,47.5,2659402,3203262.8,1542127.8,1821777.0166666666,1487.0,1683.0,1679.0,0,False,False,False,False,True,False,False,False,True,False,False,False,True,False
2026-07-08,2450,神腦,TWSE,28.8,2249158,3190560.6,7413825.6,8347793.616666666,1488.0,1279.0,1288.0,0,False,False,False,False,True,False,False,False,True,False,False,False,True,False
2026-07-08,9902,台火,TWSE,13.85,1228990,3167772.0,1991042.25,2339474.6,1489.0,1630.0,1617.0,0,False,False,False,False,True,False,False,False,True,False,False,False,True,False
2026-07-08,6968,萬達寵物,TPEx,43.3,1146060,3160581.4,2526241.95,3267296.0833333335,1490.0,1576.0,1537.0,0,False,False,False,False,True,False,False,False,True,False,False,False,True,False
2026-07-08,6606,建德工業,TWSE,25.15,2182053,3157868.2,3300002.85,3761593.966666667,1491.0,1503.0,1491.0,0,False,False,False,False,True,False,False,False,True,False,False,False,True,False
2026-07-08,3623,富晶通,TPEx,23.85,558860,3149412.0,3577851.1,3792891.1166666667,1492.0,1476.0,1485.0,0,False,False,False,False,True,False,False,False,True,False,False,False,True,False
2026-07-08,4557,永新-KY,TWSE,49.1,1277152,3147816.0,3377810.0,5604271.533333333,1493.0,1496.0,1390.0,0,False,False,False,False,True,False,False,False,True,False,False,False,True,False
2026-07-08,6516,勤崴國際,TPEx,57.8,2756694,3137374.0,3786431.85,5486921.2,1494.0,1457.0,1399.0,0,False,False,False,False,True,False,False,False,True,False,False,False,True,False
2026-07-08,6140,訊達,TPEx,19.85,738592,3134561.6,3643995.3,6090869.85,1495.0,1470.0,1371.0,0,False,False,False,False,True,False,False,False,True,False,False,False,True,False
2026-07-08,1598,岱宇,TWSE,19.0,2560464,3132521.2,4349971.85,6455378.616666666,1496.0,1422.0,1355.0,0,False,False,False,False,True,False,False,False,True,False,False,False,True,False
2026-07-08,1459,聯發,TWSE,11.8,1222989,3093130.2,2141414.55,2184505.783333333,1497.0,1613.0,1641.0,0,False,False,False,False,True,False,False,False,True,False,False,False,True,False
2026-07-08,6219,富旺,TPEx,12.7,3291003,3092239.6,4506975.9,5575499.816666666,1498.0,1413.0,1393.0,0,False,False,False,False,True,False,False,False,True,False,False,False,True,False
2026-07-08,7823,奧義賽博-KY創,TWSE,83.8,6911823,3075100.0,2060262.7,4159854.05,1499.0,1621.0,1462.0,0,False,False,False,False,True,False,False,False,True,False,False,False,True,False
2026-07-08,3465,進泰電子,TPEx,34.4,5630749,3068526.2,5217986.95,2766262.0833333335,1500.0,1369.0,1569.0,0,False,False,False,False,True,False,False,False,True,False,False,False,True,False
2026-07-08,4580,捷流閥業,TPEx,81.9,2207517,3059985.6,4154019.75,5384088.85,1501.0,1432.0,1404.0,0,False,False,False,False,True,False,False,False,True,False,False,False,True,False
2026-07-08,6194,育富,TPEx,31.9,1658507,3043210.0,3520970.8,6089565.716666667,1502.0,1482.0,1372.0,0,False,False,False,False,True,False,False,False,True,False,False,False,True,False
2026-07-08,5547,久舜,TPEx,20.25,940307,3036216.6,1460935.2,1179562.4166666667,1503.0,1697.0,1765.0,0,False,False,False,False,True,False,False,False,True,False,False,False,True,False
2026-07-08,4102,永日,TPEx,20.4,5465537,3031608.6,2004362.95,1641079.8166666667,1504.0,1629.0,1697.0,0,False,False,False,False,True,False,False,False,True,False,False,False,True,False
2026-07-08,8472,夠麻吉,TPEx,79.6,6928132,3026997.0,2100476.05,2685510.2666666666,1505.0,1617.0,1578.0,0,False,False,False,False,True,False,False,False,True,False,False,False,True,False
2026-07-08,6221,晉泰,TPEx,22.25,2503552,3017785.8,3288128.6,6420229.283333333,1506.0,1504.0,1357.0,0,False,False,False,False,True,False,False,False,True,False,False,False,True,False
2026-07-08,2718,全心投控,TPEx,50.1,1788648,3007084.6,3758409.2,3343602.0166666666,1507.0,1458.0,1530.0,0,False,False,False,False,True,False,False,False,True,False,False,False,True,False
2026-07-08,6899,創為精密,TPEx,58.2,425362,2995299.8,3820099.9,9875668.433333334,1508.0,1453.0,1253.0,0,False,False,False,False,True,False,False,False,True,False,False,False,True,False
2026-07-08,8931,大汽電,TPEx,43.15,2460909,2994349.4,3414489.75,3396758.5,1509.0,1493.0,1522.0,0,False,False,False,False,True,False,False,False,True,False,False,False,True,False
2026-07-08,7736,虎山,TWSE,70.6,927590,2972549.6,2074509.95,2761213.5833333335,1510.0,1619.0,1570.0,0,False,False,False,False,True,False,False,False,True,False,False,False,True,False
2026-07-08,4744,皇將,TPEx,29.25,1188269,2940108.0,12203988.35,11629206.166666666,1511.0,1155.0,1198.0,0,False,False,False,False,True,False,False,False,True,False,False,False,True,False
2026-07-08,1457,宜進,TWSE,14.4,997574,2924360.6,3263142.75,3693164.6166666667,1512.0,1507.0,1504.0,0,False,False,False,False,True,False,False,False,True,False,False,False,True,False
2026-07-08,3325,旭品,TPEx,12.95,1420836,2905260.2,3061429.15,5476056.25,1513.0,1524.0,1401.0,0,False,False,False,False,True,False,False,False,True,False,False,False,True,False
2026-07-08,1235,興泰,TWSE,35.95,541086,2898226.2,1315033.55,2010301.1333333333,1514.0,1719.0,1659.0,0,False,False,False,False,True,False,False,False,True,False,False,False,True,False
2026-07-08,8087,麗升能源,TPEx,31.25,382552,2887668.6,2901890.7,3143194.216666667,1515.0,1540.0,1546.0,0,False,False,False,False,True,False,False,False,True,False,False,False,True,False
2026-07-08,4911,德英,TPEx,33.6,1589722,2882413.4,1239052.05,1456468.6,1516.0,1733.0,1724.0,0,False,False,False,False,True,False,False,False,True,False,False,False,True,False
2026-07-08,6123,上奇,TPEx,42.0,1152868,2881952.8,4730253.75,4968359.283333333,1517.0,1400.0,1421.0,0,False,False,False,False,True,False,False,False,True,False,False,False,True,False
2026-07-08,2616,山隆,TWSE,13.55,2900504,2873970.4,3317135.05,5341016.766666667,1518.0,1501.0,1410.0,0,False,False,False,False,True,False,False,False,True,False,False,False,True,False
2026-07-08,1535,中宇,TWSE,49.75,1990295,2853886.4,4752335.6,4813762.833333333,1519.0,1399.0,1427.0,0,False,False,False,False,True,False,False,False,True,False,False,False,True,False
2026-07-08,6982,大井泵浦,TPEx,52.8,1716619,2829588.0,3278921.6,5347102.816666666,1520.0,1505.0,1409.0,0,False,False,False,False,True,False,False,False,True,False,False,False,True,False
2026-07-08,2524,京城,TWSE,35.0,2234548,2826718.6,9933594.8,6336777.4,1521.0,1208.0,1360.0,0,False,False,False,False,True,False,False,False,True,False,False,False,True,False
2026-07-08,1463,強盛新,TWSE,17.8,1146621,2814973.8,1324383.4,1955449.8,1522.0,1716.0,1664.0,0,False,False,False,False,True,False,False,False,True,False,False,False,True,False
2026-07-08,5907,大洋-KY,TWSE,5.02,1899896,2801092.4,1963842.5,1814370.8833333333,1523.0,1633.0,1680.0,0,False,False,False,False,True,False,False,False,True,False,False,False,True,False
2026-07-08,6754,匯僑設計,TWSE,41.75,478299,2781851.8,1499222.9,1290313.55,1524.0,1688.0,1749.0,0,False,False,False,False,True,False,False,False,True,False,False,False,True,False
2026-07-08,5533,皇鼎,TWSE,14.1,7317681,2769454.0,2504237.75,2403356.0833333335,1525.0,1577.0,1610.0,0,False,False,False,False,True,False,False,False,True,False,False,False,True,False
2026-07-08,1315,達新,TWSE,63.8,736733,2761433.0,2157658.9,2308155.966666667,1526.0,1611.0,1625.0,0,False,False,False,False,True,False,False,False,True,False,False,False,True,False
2026-07-08,8085,福華,TPEx,12.25,1568376,2753797.2,4279288.45,7507215.533333333,1527.0,1429.0,1316.0,0,False,False,False,False,True,False,False,False,True,False,False,False,True,False
2026-07-08,2923,鼎固-KY,TWSE,28.6,4783579,2744528.2,3239463.1,3038877.7666666666,1528.0,1510.0,1551.0,0,False,False,False,False,True,False,False,False,True,False,False,False,True,False
2026-07-08,6506,雙邦,TPEx,18.8,2414667,2740653.4,2660413.15,5188401.7,1529.0,1554.0,1415.0,0,False,False,False,False,True,False,False,False,True,False,False,False,True,False
2026-07-08,8403,盛弘,TPEx,19.25,1449008,2738063.2,2880449.45,4648608.666666667,1530.0,1544.0,1435.0,0,False,False,False,False,True,False,False,False,True,False,False,False,True,False
2026-07-08,2752,豆府,TPEx,178.0,2364441,2703737.4,3014593.8,5214327.166666667,1531.0,1528.0,1413.0,0,False,False,False,False,True,False,False,False,True,False,False,False,True,False
2026-07-08,1731,美吾華,TWSE,20.65,1915618,2701851.4,3654310.5,3218322.6333333333,1532.0,1467.0,1540.0,0,False,False,False,False,True,False,False,False,True,False,False,False,True,False
2026-07-08,1599,宏佳騰,TPEx,23.5,2034695,2693852.2,1764670.6,1493487.7,1533.0,1658.0,1717.0,0,False,False,False,False,True,False,False,False,True,False,False,False,True,False
2026-07-08,3522,御嵿,TPEx,13.55,876076,2687745.8,5024432.8,2853130.05,1534.0,1381.0,1564.0,0,False,False,False,False,True,False,False,False,True,False,False,False,True,False
2026-07-08,3666,光耀,TPEx,25.2,1483675,2687561.4,2110825.85,3776136.05,1535.0,1616.0,1488.0,0,False,False,False,False,True,False,False,False,True,False,False,False,True,False
2026-07-08,3297,杭特,TPEx,30.6,697098,2643638.6,4721110.3,5553923.3,1536.0,1403.0,1395.0,0,False,False,False,False,True,False,False,False,True,False,False,False,True,False
2026-07-08,2732,六角,TPEx,65.7,979773,2641933.2,2653280.55,3405851.9166666665,1537.0,1556.0,1521.0,0,False,False,False,False,True,False,False,False,True,False,False,False,True,False
2026-07-08,8937,合騏*,TPEx,26.35,3355513,2606097.8,7304871.65,19473488.75,1538.0,1284.0,1064.0,0,False,False,False,False,True,False,False,False,True,False,False,False,True,False
2026-07-08,6028,公勝保經,TPEx,79.4,247162,2598162.4,1871322.7,2227742.8333333335,1539.0,1640.0,1638.0,0,False,False,False,False,True,False,False,False,True,False,False,False,True,False
2026-07-08,1323,永裕,TWSE,20.4,2720088,2591379.8,2160624.15,3394861.4166666665,1540.0,1609.0,1523.0,0,False,False,False,False,True,False,False,False,True,False,False,False,True,False
2026-07-08,8171,天宇,TPEx,20.6,2387530,2577050.4,5719716.25,5886856.966666667,1541.0,1348.0,1378.0,0,False,False,False,False,True,False,False,False,True,False,False,False,True,False
2026-07-08,1531,高林股,TWSE,13.05,1094962,2576554.8,2550770.0,2734949.3,1542.0,1569.0,1573.0,0,False,False,False,False,True,False,False,False,True,False,False,False,True,False
2026-07-08,5450,南良,TPEx,15.35,1042193,2555592.6,3750044.65,2044690.1,1543.0,1459.0,1658.0,0,False,False,False,False,True,False,False,False,True,False,False,False,True,False
2026-07-08,1340,勝悅-KY,TWSE,5.72,1059124,2515412.4,1409404.7,1665583.4333333333,1544.0,1703.0,1695.0,0,False,False,False,False,True,False,False,False,True,False,False,False,True,False
2026-07-08,6931,青松健康,TWSE,39.85,1859514,2502609.4,2367569.0,5717922.416666667,1545.0,1590.0,1386.0,0,False,False,False,False,True,False,False,False,True,False,False,False,True,False
2026-07-08,4116,明基醫,TPEx,38.35,1531838,2490378.6,2005914.6,1925257.8666666667,1546.0,1628.0,1670.0,0,False,False,False,False,True,False,False,False,True,False,False,False,True,False
2026-07-08,2643,捷迅,TPEx,61.8,2638263,2470230.8,4074833.15,2827369.6666666665,1547.0,1437.0,1566.0,0,False,False,False,False,True,False,False,False,True,False,False,False,True,False
2026-07-08,8467,波力-KY,TWSE,113.0,1820927,2460849.4,1842289.95,3716099.4,1548.0,1648.0,1500.0,0,False,False,False,False,True,False,False,False,True,False,False,False,True,False
2026-07-08,6248,沛波,TPEx,18.1,1289621,2448964.2,2577560.55,2528844.45,1549.0,1567.0,1595.0,0,False,False,False,False,True,False,False,False,True,False,False,False,True,False
2026-07-08,6796,晉弘,TWSE,57.9,2060623,2442166.0,3521181.45,5568289.816666666,1550.0,1481.0,1394.0,0,False,False,False,False,True,False,False,False,True,False,False,False,True,False
2026-07-08,3040,遠見,TWSE,37.6,882157,2434986.4,8722390.55,7760712.633333334,1551.0,1240.0,1308.0,0,False,False,False,False,True,False,False,False,True,False,False,False,True,False
2026-07-08,9931,欣高,TWSE,33.2,961733,2431105.8,2549255.25,3181365.966666667,1552.0,1570.0,1543.0,0,False,False,False,False,True,False,False,False,True,False,False,False,True,False
2026-07-08,6441,廣錠,TPEx,22.15,984579,2430407.8,2472567.55,11477226.433333334,1553.0,1580.0,1205.0,0,False,False,False,False,True,False,False,False,True,False,False,False,True,False
2026-07-08,6614,資拓宏宇,TWSE,39.95,897461,2428986.0,3020090.35,4167012.55,1554.0,1527.0,1461.0,0,False,False,False,False,True,False,False,False,True,False,False,False,True,False
2026-07-08,3171,炎洲流通,TPEx,69.9,3571430,2424551.2,3309430.15,5695100.733333333,1555.0,1502.0,1388.0,0,False,False,False,False,True,False,False,False,True,False,False,False,True,False
2026-07-08,7757,金色三麥,TPEx,94.4,927533,2421116.6,3500686.75,3938474.183333333,1556.0,1487.0,1477.0,0,False,False,False,False,True,False,False,False,True,False,False,False,True,False
2026-07-08,8047,星雲,TPEx,45.25,5117579,2405408.6,2946583.4,7475983.066666666,1557.0,1537.0,1317.0,0,False,False,False,False,True,False,False,False,True,False,False,False,True,False
2026-07-08,2380,虹光,TWSE,20.8,1331361,2355958.0,3390923.75,2563150.4166666665,1558.0,1495.0,1592.0,0,False,False,False,False,True,False,False,False,True,False,False,False,True,False
2026-07-08,8410,森田,TPEx,32.45,1366900,2334690.0,2766522.35,2129482.6666666665,1559.0,1545.0,1647.0,0,False,False,False,False,True,False,False,False,True,False,False,False,True,False
2026-07-08,6666,羅麗芬-KY,TWSE,43.9,1385435,2325083.6,2635545.05,1580762.7833333334,1560.0,1559.0,1704.0,0,False,False,False,False,True,False,False,False,True,False,False,False,True,False
2026-07-08,5487,通泰,TPEx,28.6,2095041,2319596.2,3086276.05,2280748.216666667,1561.0,1521.0,1628.0,0,False,False,False,False,True,False,False,False,True,False,False,False,True,False
2026-07-08,3512,皇龍,TPEx,20.85,2716752,2313360.6,2347861.45,1943492.0666666667,1562.0,1592.0,1668.0,0,False,False,False,False,True,False,False,False,True,False,False,False,True,False
2026-07-08,6201,亞弘電,TWSE,48.6,840733,2276311.4,1987896.95,2435130.533333333,1563.0,1631.0,1605.0,0,False,False,False,False,True,False,False,False,True,False,False,False,True,False
2026-07-08,2314,台揚,TWSE,13.6,1453226,2253589.4,3842044.45,6716658.1,1564.0,1451.0,1338.0,0,False,False,False,False,True,False,False,False,True,False,False,False,True,False
2026-07-08,5201,凱衛,TPEx,26.9,1997157,2253225.0,2735205.2,4625788.7,1565.0,1549.0,1436.0,0,False,False,False,False,True,False,False,False,True,False,False,False,True,False
2026-07-08,6598,ABC-KY,TWSE,22.75,1331463,2251744.2,2975530.7,3919899.316666667,1566.0,1533.0,1479.0,0,False,False,False,False,True,False,False,False,True,False,False,False,True,False
2026-07-08,4106,雃博,TWSE,23.5,1324436,2245253.8,3246226.3,3639653.5833333335,1567.0,1509.0,1505.0,0,False,False,False,False,True,False,False,False,True,False,False,False,True,False
2026-07-08,1726,永記,TWSE,78.3,1721446,2191647.2,2654259.45,3019717.35,1568.0,1555.0,1552.0,0,False,False,False,False,True,False,False,False,True,False,False,False,True,False
2026-07-08,1473,台南,TWSE,20.3,792324,2190380.8,2259264.2,2746247.1166666667,1569.0,1602.0,1572.0,0,False,False,False,False,True,False,False,False,True,False,False,False,True,False
2026-07-08,1626,艾美特-KY,TWSE,10.9,554486,2166885.6,3629806.4,2761202.3833333333,1570.0,1474.0,1571.0,0,False,False,False,False,True,False,False,False,True,False,False,False,True,False
2026-07-08,1539,巨庭,TWSE,15.9,1523177,2144905.4,1729478.85,1733280.1,1571.0,1663.0,1687.0,0,False,False,False,False,True,False,False,False,True,False,False,False,True,False
2026-07-08,1109,信大,TWSE,14.7,1599375,2132270.0,2495433.45,2819313.4,1572.0,1578.0,1567.0,0,False,False,False,False,True,False,False,False,True,False,False,False,True,False
2026-07-08,8279,生展,TPEx,88.0,1401290,2112913.6,2379791.4,2236274.05,1573.0,1589.0,1634.0,0,False,False,False,False,True,False,False,False,True,False,False,False,True,False
2026-07-08,6965,中傑-KY,TWSE,79.3,904406,2110631.4,3518533.9,4806939.833333333,1574.0,1483.0,1428.0,0,False,False,False,False,True,False,False,False,True,False,False,False,True,False
2026-07-08,2706,第一店,TWSE,12.6,698856,2096309.6,1756725.55,1801909.9833333334,1575.0,1659.0,1683.0,0,False,False,False,False,True,False,False,False,True,False,False,False,True,False
2026-07-08,6431,光麗-KY,TWSE,18.2,1468366,2093054.0,2045430.55,2632926.433333333,1576.0,1622.0,1584.0,0,False,False,False,False,True,False,False,False,True,False,False,False,True,False
2026-07-08,4942,嘉彰,TWSE,37.35,2229072,2093022.4,2597768.05,3950076.1666666665,1577.0,1563.0,1476.0,0,False,False,False,False,True,False,False,False,True,False,False,False,True,False
2026-07-08,1530,亞崴,TWSE,28.55,1330701,2092376.0,3423669.15,6729744.1,1578.0,1492.0,1337.0,0,False,False,False,False,True,False,False,False,True,False,False,False,True,False
2026-07-08,6728,上洋,TPEx,109.5,1209072,2085641.4,2979934.15,4206318.9,1579.0,1532.0,1458.0,0,False,False,False,False,True,False,False,False,True,False,False,False,True,False
2026-07-08,6951,青新-創,TWSE,78.6,2553455,2075087.0,3679330.5,4690799.0,1580.0,1464.0,1432.0,0,False,False,False,False,True,False,False,False,True,False,False,False,True,False
2026-07-08,6184,大豐電,TWSE,42.85,1788399,2069047.4,4334183.75,3493432.05,1581.0,1423.0,1515.0,0,False,False,False,False,True,False,False,False,True,False,False,False,True,False
2026-07-08,4113,聯上,TPEx,15.0,1105787,2055126.6,9647433.25,6577742.266666667,1582.0,1218.0,1348.0,0,False,False,False,False,True,False,False,False,True,False,False,False,True,False
2026-07-08,9950,萬國通,TPEx,10.5,510200,2053349.2,1348463.5,2967875.816666667,1583.0,1710.0,1556.0,0,False,False,False,False,True,False,False,False,True,False,False,False,True,False
2026-07-08,7791,皇家可口,TWSE,62.5,1128133,2053304.8,3674839.15,5104616.233333333,1584.0,1465.0,1418.0,0,False,False,False,False,True,False,False,False,True,False,False,False,True,False
2026-07-08,6470,宇智,TPEx,48.35,2300425,2050037.8,3216577.9,3752664.6333333333,1585.0,1511.0,1493.0,0,False,False,False,False,True,False,False,False,True,False,False,False,True,False
2026-07-08,3492,長盛,TPEx,22.7,1270422,2045234.4,1357007.95,1904486.2833333334,1586.0,1709.0,1673.0,0,False,False,False,False,True,False,False,False,True,False,False,False,True,False
2026-07-08,8487,愛爾達-創,TWSE,77.8,949415,2033487.0,5112694.6,4657184.35,1587.0,1378.0,1434.0,0,False,False,False,False,True,False,False,False,True,False,False,False,True,False
2026-07-08,1435,中福,TWSE,27.05,1430880,2024007.8,1133299.85,795463.1833333333,1588.0,1750.0,1822.0,0,False,False,False,False,True,False,False,False,True,False,False,False,True,False
2026-07-08,6183,關貿,TWSE,90.0,2318885,2000872.6,2890328.15,3483281.65,1589.0,1542.0,1516.0,0,False,False,False,False,True,False,False,False,True,False,False,False,True,False
2026-07-08,1614,三洋電,TWSE,31.85,1176744,1993077.2,1782618.45,2086764.15,1590.0,1656.0,1653.0,0,False,False,False,False,True,False,False,False,True,False,False,False,True,False
2026-07-08,6856,鑫傳,TPEx,43.0,1274692,1982152.6,1246937.85,650799.7666666667,1591.0,1729.0,1845.0,0,False,False,False,False,True,False,False,False,True,False,False,False,True,False
2026-07-08,8367,建新國際,TWSE,40.45,363343,1980934.4,1944520.95,2256918.0,1592.0,1635.0,1629.0,0,False,False,False,False,True,False,False,False,True,False,False,False,True,False
2026-07-08,6843,進典,TPEx,40.5,402576,1974007.2,2299642.6,1405426.35,1593.0,1596.0,1729.0,0,False,False,False,False,True,False,False,False,True,False,False,False,True,False
2026-07-08,2754,亞洲藏壽司,TPEx,68.8,1537075,1961303.8,2029130.5,5089653.216666667,1594.0,1623.0,1419.0,0,False,False,False,False,True,False,False,False,True,False,False,False,True,False
2026-07-08,8024,佑華,TPEx,15.3,1532813,1960512.6,4925612.05,2323230.3833333333,1595.0,1386.0,1623.0,0,False,False,False,False,True,False,False,False,True,False,False,False,True,False
2026-07-08,4702,中美實,TPEx,9.96,1849632,1957351.4,1864101.0,1577972.1166666667,1596.0,1642.0,1707.0,0,False,False,False,False,True,False,False,False,True,False,False,False,True,False
2026-07-08,4554,橙的,TPEx,31.35,1160347,1949478.0,2131354.35,2970049.15,1597.0,1615.0,1555.0,0,False,False,False,False,True,False,False,False,True,False,False,False,True,False
2026-07-08,3073,天方能源,TPEx,22.6,1669085,1947660.8,2157068.8,3190593.716666667,1598.0,1612.0,1542.0,0,False,False,False,False,True,False,False,False,True,False,False,False,True,False
2026-07-08,1752,南光,TWSE,31.85,1401293,1941339.0,2028106.1,2860439.85,1599.0,1624.0,1563.0,0,False,False,False,False,True,False,False,False,True,False,False,False,True,False
2026-07-08,1593,祺驊,TPEx,30.1,1723195,1921883.6,1332335.0,1148816.7,1600.0,1713.0,1769.0,0,False,False,False,False,True,False,False,False,True,False,False,False,True,False
2026-07-08,2849,安泰銀,TWSE,14.4,1589182,1917881.0,2208095.15,2060559.75,1601.0,1604.0,1657.0,0,False,False,False,False,True,False,False,False,True,False,False,False,True,False
2026-07-08,3557,嘉威,TWSE,26.0,1465737,1910337.0,3631792.05,3864913.8833333333,1602.0,1473.0,1480.0,0,False,False,False,False,True,False,False,False,True,False,False,False,True,False
2026-07-08,2227,裕日車,TWSE,49.25,835320,1904558.8,1860477.65,2332391.5,1603.0,1644.0,1621.0,0,False,False,False,False,True,False,False,False,True,False,False,False,True,False
2026-07-08,8277,商丞,TPEx,8.7,783422,1899680.6,3799603.6,4734455.816666666,1604.0,1456.0,1431.0,0,False,False,False,False,True,False,False,False,True,False,False,False,True,False
2026-07-08,3272,東碩,TPEx,15.95,2430377,1891419.6,1600556.6,3373451.1666666665,1605.0,1675.0,1525.0,0,False,False,False,False,True,False,False,False,True,False,False,False,True,False
2026-07-08,5523,豐謙,TPEx,30.4,273150,1886023.0,1103150.4,1980865.5333333334,1606.0,1757.0,1660.0,0,False,False,False,False,True,False,False,False,True,False,False,False,True,False
2026-07-08,5014,建錩,TPEx,10.95,745531,1877772.6,2741347.25,3726682.1666666665,1607.0,1547.0,1497.0,0,False,False,False,False,True,False,False,False,True,False,False,False,True,False
2026-07-08,6582,申豐,TWSE,32.7,1061730,1852160.2,2974830.1,2599265.9833333334,1608.0,1534.0,1589.0,0,False,False,False,False,True,False,False,False,True,False,False,False,True,False
2026-07-08,1817,凱撒衛,TWSE,38.7,348059,1850347.6,2676429.95,2528835.3666666667,1609.0,1552.0,1596.0,0,False,False,False,False,True,False,False,False,True,False,False,False,True,False
2026-07-08,5525,順天,TWSE,21.8,1372975,1840650.6,2996862.7,2936585.8,1610.0,1530.0,1558.0,0,False,False,False,False,True,False,False,False,True,False,False,False,True,False
2026-07-08,5465,富驊,TPEx,24.95,799080,1840539.8,3436244.95,4417808.95,1611.0,1490.0,1446.0,0,False,False,False,False,True,False,False,False,True,False,False,False,True,False
2026-07-08,4121,優盛,TPEx,13.45,964104,1838972.0,1324125.55,2127976.55,1612.0,1717.0,1649.0,0,False,False,False,False,True,False,False,False,True,False,False,False,True,False
2026-07-08,4552,力達-KY,TWSE,19.8,1357300,1833434.0,1864240.1,2541629.55,1613.0,1641.0,1594.0,0,False,False,False,False,True,False,False,False,True,False,False,False,True,False
2026-07-08,4550,長佳,TPEx,25.9,2573737,1829105.4,1361771.75,1070143.9,1614.0,1708.0,1780.0,0,False,False,False,False,True,False,False,False,True,False,False,False,True,False
2026-07-08,1525,江申,TWSE,66.9,866090,1802359.2,1924838.6,2870768.1666666665,1615.0,1637.0,1561.0,0,False,False,False,False,True,False,False,False,True,False,False,False,True,False
2026-07-08,1526,日馳,TWSE,14.45,978200,1801991.0,1482495.0,2132893.433333333,1616.0,1693.0,1646.0,0,False,False,False,False,True,False,False,False,True,False,False,False,True,False
2026-07-08,2947,振宇五金,TPEx,69.0,1208715,1792415.0,1225239.75,1323588.4333333333,1617.0,1736.0,1742.0,0,False,False,False,False,True,False,False,False,True,False,False,False,True,False
2026-07-08,2949,欣新網,TPEx,76.7,2567837,1784821.0,1192475.9,886312.6833333333,1618.0,1739.0,1802.0,0,False,False,False,False,True,False,False,False,True,False,False,False,True,False
2026-07-08,1796,金穎生技,TPEx,38.2,5564157,1767011.6,836288.85,872238.5,1619.0,1798.0,1807.0,0,False,False,False,False,True,False,False,False,True,False,False,False,True,False
2026-07-08,2012,春雨,TWSE,16.1,1525738,1754798.0,3512109.55,1946716.8666666667,1620.0,1486.0,1667.0,0,False,False,False,False,True,False,False,False,True,False,False,False,True,False
2026-07-08,6474,華豫寧,TPEx,37.35,1551734,1754539.0,2591113.55,3150676.4833333334,1621.0,1566.0,1545.0,0,False,False,False,False,True,False,False,False,True,False,False,False,True,False
2026-07-08,7753,星亞,TPEx,42.75,432313,1748637.6,3142452.45,3046813.9,1622.0,1514.0,1549.0,0,False,False,False,False,True,False,False,False,True,False,False,False,True,False
2026-07-08,4439,冠星-KY,TWSE,95.0,3733658,1744963.6,1593838.8,2231186.8833333333,1623.0,1678.0,1636.0,0,False,False,False,False,True,False,False,False,True,False,False,False,True,False
2026-07-08,1324,地球,TWSE,10.5,704250,1744592.0,1136101.25,1408740.2333333334,1624.0,1749.0,1728.0,0,False,False,False,False,True,False,False,False,True,False,False,False,True,False
2026-07-08,3710,連展投控,TPEx,5.91,1470545,1739529.4,2471155.0,4850745.583333333,1625.0,1581.0,1424.0,0,False,False,False,False,True,False,False,False,True,False,False,False,True,False
2026-07-08,8429,金麗-KY,TWSE,6.3,1028079,1734534.2,1717529.0,2404505.05,1626.0,1664.0,1609.0,0,False,False,False,False,True,False,False,False,True,False,False,False,True,False
2026-07-08,8107,大億金茂,TPEx,12.65,570445,1733183.2,1577685.85,1980645.8,1627.0,1679.0,1661.0,0,False,False,False,False,True,False,False,False,True,False,False,False,True,False
2026-07-08,6955,邦睿生技-創,TWSE,118.0,1440910,1732479.0,2208245.4,2246038.6333333333,1628.0,1603.0,1631.0,0,False,False,False,False,True,False,False,False,True,False,False,False,True,False
2026-07-08,8440,綠電,TPEx,21.3,1002283,1708803.4,1986181.65,5627736.933333334,1629.0,1632.0,1389.0,0,False,False,False,False,True,False,False,False,True,False,False,False,True,False
2026-07-08,6649,台生材,TPEx,39.4,4266442,1699489.0,1616826.7,1891663.6666666667,1630.0,1674.0,1674.0,0,False,False,False,False,True,False,False,False,True,False,False,False,True,False
2026-07-08,4995,晶達,TPEx,45.3,1359058,1697161.6,1383403.75,2561954.683333333,1631.0,1706.0,1593.0,0,False,False,False,False,True,False,False,False,True,False,False,False,True,False
2026-07-08,6921,嘉雨思-創,TWSE,67.9,541760,1690586.4,2713534.5,5419630.4,1632.0,1550.0,1402.0,0,False,False,False,False,True,False,False,False,True,False,False,False,True,False
2026-07-08,4205,中華食,TPEx,73.1,914511,1668939.6,2272360.65,2925956.2666666666,1633.0,1598.0,1559.0,0,False,False,False,False,True,False,False,False,True,False,False,False,True,False
2026-07-08,8092,建暐,TPEx,14.0,830989,1663172.4,1150522.5,3600691.7,1634.0,1745.0,1508.0,0,False,False,False,False,True,False,False,False,True,False,False,False,True,False
2026-07-08,3521,台鋼建設,TPEx,12.4,1083558,1647795.4,1386411.35,1499931.0,1635.0,1705.0,1716.0,0,False,False,False,False,True,False,False,False,True,False,False,False,True,False
2026-07-08,2008,高興昌,TWSE,29.55,396964,1643215.4,1175133.9,2395268.25,1636.0,1742.0,1613.0,0,False,False,False,False,True,False,False,False,True,False,False,False,True,False
2026-07-08,5514,三豐,TPEx,13.6,44641,1637709.2,1569828.5,880624.5666666667,1637.0,1680.0,1804.0,0,False,False,False,False,True,False,False,False,True,False,False,False,True,False
2026-07-08,2065,世豐,TPEx,32.6,1662403,1637178.0,1789758.6,3610900.6333333333,1638.0,1655.0,1507.0,0,False,False,False,False,True,False,False,False,True,False,False,False,True,False
2026-07-08,5398,慕康生醫,TPEx,15.85,1700284,1626522.2,1122598.35,1363119.65,1639.0,1751.0,1738.0,0,False,False,False,False,True,False,False,False,True,False,False,False,True,False
2026-07-08,6508,惠光,TPEx,25.2,2140867,1623641.2,1837345.9,1926501.85,1640.0,1649.0,1669.0,0,False,False,False,False,True,False,False,False,True,False,False,False,True,False
2026-07-08,6844,諾貝兒,TPEx,62.9,895662,1611651.2,2180242.95,1756221.8666666667,1641.0,1608.0,1685.0,0,False,False,False,False,True,False,False,False,True,False,False,False,True,False
2026-07-08,6887,寶綠特-KY,TWSE,33.9,1052150,1590692.8,955077.6,1579666.9,1642.0,1772.0,1705.0,0,False,False,False,False,True,False,False,False,True,False,False,False,True,False
2026-07-08,8463,潤泰材,TWSE,21.55,2050995,1588191.6,1790720.45,1693385.85,1643.0,1654.0,1693.0,0,False,False,False,False,True,False,False,False,True,False,False,False,True,False
2026-07-08,3224,三顧,TPEx,37.75,1299722,1586102.0,2958322.2,12433480.866666667,1644.0,1536.0,1181.0,0,False,False,False,False,True,False,False,False,True,False,False,False,True,False
2026-07-08,2596,綠意,TPEx,31.55,316446,1580523.6,1846131.9,3716870.55,1645.0,1647.0,1499.0,0,False,False,False,False,True,False,False,False,True,False,False,False,True,False
2026-07-08,2028,威致,TWSE,15.95,925896,1579231.4,2265956.5,3279584.6,1646.0,1601.0,1534.0,0,False,False,False,False,True,False,False,False,True,False,False,False,True,False
2026-07-08,5548,安倉,TPEx,23.8,785683,1567364.8,1112662.4,1316070.25,1647.0,1755.0,1744.0,0,False,False,False,False,True,False,False,False,True,False,False,False,True,False
2026-07-08,2642,宅配通,TWSE,20.9,835833,1551416.2,4435663.35,3256053.183333333,1648.0,1416.0,1538.0,0,False,False,False,False,True,False,False,False,True,False,False,False,True,False
2026-07-08,8466,美吉吉-KY,TWSE,17.5,893179,1548317.8,1445217.2,2172011.3833333333,1649.0,1699.0,1642.0,0,False,False,False,False,True,False,False,False,True,False,False,False,True,False
2026-07-08,3631,晟楠,TPEx,32.95,1422084,1534022.8,2592849.0,9147936.65,1650.0,1565.0,1267.0,0,False,False,False,False,True,False,False,False,True,False,False,False,True,False
2026-07-08,4924,欣厚-KY,TPEx,13.2,614054,1531318.4,2630982.45,2166131.0,1651.0,1560.0,1644.0,0,False,False,False,False,True,False,False,False,True,False,False,False,True,False
2026-07-08,6128,上福,TWSE,20.25,1486312,1528236.8,3038344.85,3350129.15,1652.0,1526.0,1529.0,0,False,False,False,False,True,False,False,False,True,False,False,False,True,False
2026-07-08,5345,馥鴻,TPEx,25.5,1215837,1505173.2,4924686.65,2123559.5833333335,1653.0,1387.0,1650.0,0,False,False,False,False,True,False,False,False,True,False,False,False,True,False
2026-07-08,6874,倍力,TPEx,81.1,2209770,1504126.2,3647625.35,5740401.6,1654.0,1469.0,1383.0,0,False,False,False,False,True,False,False,False,True,False,False,False,True,False
2026-07-08,1295,生合,TPEx,49.0,1028643,1491529.8,2885379.1,4013432.5833333335,1655.0,1543.0,1470.0,0,False,False,False,False,True,False,False,False,True,False,False,False,True,False
2026-07-08,2115,六暉-KY,TWSE,21.35,1548187,1483656.4,2333898.1,2861956.9,1656.0,1594.0,1562.0,0,False,False,False,False,True,False,False,False,True,False,False,False,True,False
2026-07-08,6581,鋼聯,TWSE,106.5,1840023,1479303.8,2351445.0,2996353.033333333,1657.0,1591.0,1553.0,0,False,False,False,False,True,False,False,False,True,False,False,False,True,False
2026-07-08,1336,台翰,TPEx,14.4,1130802,1478477.2,3940461.55,2459066.7666666666,1658.0,1442.0,1600.0,0,False,False,False,False,True,False,False,False,True,False,False,False,True,False
2026-07-08,6846,綠茵,TPEx,63.2,2021484,1477841.0,1532058.0,1397080.5666666667,1659.0,1686.0,1732.0,0,False,False,False,False,True,False,False,False,True,False,False,False,True,False
2026-07-08,5007,三星,TWSE,55.5,891724,1476852.4,3545865.55,4239740.9,1660.0,1480.0,1457.0,0,False,False,False,False,True,False,False,False,True,False,False,False,True,False
2026-07-08,8080,泰霖,TPEx,27.65,615874,1472952.6,1141302.4,1207971.2,1661.0,1748.0,1759.0,0,False,False,False,False,True,False,False,False,True,False,False,False,True,False
2026-07-08,5364,力麗店,TPEx,8.9,508643,1471683.2,1246418.3,1544026.5666666667,1662.0,1730.0,1712.0,0,False,False,False,False,True,False,False,False,True,False,False,False,True,False
2026-07-08,3191,雲嘉南,TPEx,18.65,2051812,1460291.8,2073942.45,3384554.45,1663.0,1620.0,1524.0,0,False,False,False,False,True,False,False,False,True,False,False,False,True,False
2026-07-08,4999,鑫禾,TWSE,20.1,1213250,1448621.0,1679353.5,3164711.433333333,1664.0,1670.0,1544.0,0,False,False,False,False,True,False,False,False,True,False,False,False,True,False
2026-07-08,6916,華凌,TWSE,20.3,345300,1448588.4,4505861.95,2448255.2333333334,1665.0,1414.0,1603.0,0,False,False,False,False,True,False,False,False,True,False,False,False,True,False
2026-07-08,1906,寶隆,TWSE,11.3,856578,1448346.6,1894686.4,2444406.4,1666.0,1639.0,1604.0,0,False,False,False,False,True,False,False,False,True,False,False,False,True,False
2026-07-08,2432,倚天酷碁-創,TWSE,28.35,422728,1431828.4,3451709.45,2892979.95,1667.0,1489.0,1560.0,0,False,False,False,False,True,False,False,False,True,False,False,False,True,False
2026-07-08,6504,南六,TWSE,36.25,1199140,1421552.4,1496051.95,2078227.25,1668.0,1689.0,1655.0,0,False,False,False,False,True,False,False,False,True,False,False,False,True,False
2026-07-08,2064,晉椿,TPEx,13.5,27013,1401960.6,1533854.05,887404.2333333333,1669.0,1685.0,1801.0,0,False,False,False,False,True,False,False,False,True,False,False,False,True,False
2026-07-08,4173,久裕,TPEx,18.15,713727,1379534.6,1855337.05,2602678.0,1670.0,1645.0,1587.0,0,False,False,False,False,True,False,False,False,True,False,False,False,True,False
2026-07-08,3150,鈺寶-創,TWSE,18.25,1085927,1377075.6,1740896.85,2117943.283333333,1671.0,1661.0,1652.0,0,False,False,False,False,True,False,False,False,True,False,False,False,True,False
2026-07-08,7842,天能綠電,TPEx,96.0,288194,1366571.0,3012664.5,,1672.0,1529.0,,0,False,False,False,False,True,False,False,False,True,False,False,False,True,False
2026-07-08,3232,昱捷,TPEx,21.75,1436123,1356463.2,1910137.4,2673714.066666667,1673.0,1638.0,1579.0,0,False,False,False,False,True,False,False,False,True,False,False,False,True,False
2026-07-08,7770,君曜,TPEx,43.5,262332,1354889.0,907211.65,1026760.8833333333,1674.0,1784.0,1786.0,0,False,False,False,False,True,False,False,False,True,False,False,False,True,False
2026-07-08,6020,大展證,TPEx,22.65,908201,1345720.4,2207596.7,3928537.7666666666,1675.0,1605.0,1478.0,0,False,False,False,False,True,False,False,False,True,False,False,False,True,False
2026-07-08,3332,幸康,TPEx,65.6,1047964,1337763.8,1324891.1,2403169.75,1676.0,1715.0,1611.0,0,False,False,False,False,True,False,False,False,True,False,False,False,True,False
2026-07-08,8066,來思達,TPEx,15.05,268533,1337593.0,1345211.65,1462623.8333333333,1677.0,1711.0,1723.0,0,False,False,False,False,True,False,False,False,True,False,False,False,True,False
2026-07-08,6124,業強,TPEx,29.1,845257,1332277.2,2418918.7,4285851.033333333,1678.0,1586.0,1452.0,0,False,False,False,False,True,False,False,False,True,False,False,False,True,False
2026-07-08,1805,寶徠,TWSE,10.1,942474,1328047.2,1544651.25,2245654.966666667,1679.0,1682.0,1632.0,0,False,False,False,False,True,False,False,False,True,False,False,False,True,False
2026-07-08,9937,全國,TWSE,55.2,1329974,1321043.0,2493563.95,2706950.7666666666,1680.0,1579.0,1576.0,0,False,False,False,False,True,False,False,False,True,False,False,False,True,False
2026-07-08,4994,傳奇,TWSE,91.0,1099510,1318754.2,2182959.05,3088949.433333333,1681.0,1607.0,1547.0,0,False,False,False,False,True,False,False,False,True,False,False,False,True,False
2026-07-08,7794,宏碁智新,TPEx,29.9,1284930,1312281.2,1508629.35,,1682.0,1687.0,,0,False,False,False,False,True,False,False,False,True,False,False,False,True,False
2026-07-08,6482,弘煜科,TPEx,28.05,169356,1311255.8,1146632.45,967643.3,1683.0,1746.0,1792.0,0,False,False,False,False,True,False,False,False,True,False,False,False,True,False
2026-07-08,5538,東明-KY,TWSE,32.7,890624,1297194.4,3258557.05,2625489.316666667,1684.0,1508.0,1586.0,0,False,False,False,False,True,False,False,False,True,False,False,False,True,False
2026-07-08,2509,全坤建,TWSE,13.2,1292347,1295919.6,4453967.55,3843193.0833333335,1685.0,1415.0,1481.0,0,False,False,False,False,True,False,False,False,True,False,False,False,True,False
2026-07-08,7708,全家餐飲,TPEx,93.9,582783,1292003.0,1082724.1,1203109.0166666666,1686.0,1760.0,1760.0,0,False,False,False,False,True,False,False,False,True,False,False,False,True,False
2026-07-08,2929,淘帝-KY,TWSE,5.89,869625,1286972.8,1323033.4,2453449.5166666666,1687.0,1718.0,1602.0,0,False,False,False,False,True,False,False,False,True,False,False,False,True,False
2026-07-08,4930,燦星網,TWSE,16.85,929443,1272337.6,1096084.85,1620296.95,1688.0,1758.0,1698.0,0,False,False,False,False,True,False,False,False,True,False,False,False,True,False
2026-07-08,8906,花王,TPEx,28.0,597660,1256787.8,3373088.05,2510114.6,1689.0,1497.0,1598.0,0,False,False,False,False,True,False,False,False,True,False,False,False,True,False
2026-07-08,6936,永鴻生技,TWSE,33.0,1075033,1248707.0,919217.7,1578635.6833333333,1690.0,1780.0,1706.0,0,False,False,False,False,True,False,False,False,True,False,False,False,True,False
2026-07-08,5516,雙喜,TPEx,10.3,439782,1248142.2,1034688.25,815330.4666666667,1691.0,1767.0,1818.0,0,False,False,False,False,True,False,False,False,True,False,False,False,True,False
2026-07-08,3168,眾福科,TWSE,44.8,226050,1243975.4,3879747.3,4434964.033333333,1692.0,1448.0,1443.0,0,False,False,False,False,True,False,False,False,True,False,False,False,True,False
2026-07-08,4433,興采,TPEx,21.2,1445060,1243631.4,907657.9,942448.5666666667,1693.0,1783.0,1795.0,0,False,False,False,False,True,False,False,False,True,False,False,False,True,False
2026-07-08,4420,光明,TPEx,36.6,355349,1236901.4,2337555.6,2628294.933333333,1694.0,1593.0,1585.0,0,False,False,False,False,True,False,False,False,True,False,False,False,True,False
2026-07-08,6590,普鴻,TPEx,68.8,1494428,1235272.8,908713.95,977011.0333333333,1695.0,1782.0,1791.0,0,False,False,False,False,True,False,False,False,True,False,False,False,True,False
2026-07-08,7732,金興精密,TWSE,35.55,931216,1233435.2,1079668.95,826653.85,1696.0,1761.0,1817.0,0,False,False,False,False,True,False,False,False,True,False,False,False,True,False
2026-07-08,5223,安力-KY,TPEx,25.0,1252550,1207157.8,1393712.5,1211020.7333333334,1697.0,1704.0,1758.0,0,False,False,False,False,True,False,False,False,True,False,False,False,True,False
2026-07-08,1456,怡華,TWSE,13.85,237338,1201405.0,1932095.55,1491791.6333333333,1698.0,1636.0,1719.0,0,False,False,False,False,True,False,False,False,True,False,False,False,True,False
2026-07-08,3310,佳穎,TPEx,68.6,137715,1200420.8,1598485.3,13126316.883333333,1699.0,1676.0,1165.0,0,False,False,False,False,True,False,False,False,True,False,False,False,True,False
2026-07-08,2734,易飛網,TPEx,15.1,686734,1199766.0,1537783.15,1971849.25,1700.0,1684.0,1662.0,0,False,False,False,False,True,False,False,False,True,False,False,False,True,False
2026-07-08,2424,隴華,TWSE,10.5,4873103,1198633.2,1289126.05,3985771.1166666667,1701.0,1723.0,1473.0,0,False,False,False,False,True,False,False,False,True,False,False,False,True,False
2026-07-08,2726,雅茗-KY,TPEx,9.0,245051,1195411.0,818150.3,991090.8,1702.0,1802.0,1790.0,0,False,False,False,False,True,False,False,False,True,False,False,False,True,False
2026-07-08,4138,曜亞,TPEx,51.2,309627,1193713.2,1343527.7,3318008.966666667,1703.0,1712.0,1532.0,0,False,False,False,False,True,False,False,False,True,False,False,False,True,False
2026-07-08,6276,安鈦克,TPEx,22.05,677377,1186467.8,2647296.35,2311853.316666667,1704.0,1557.0,1624.0,0,False,False,False,False,True,False,False,False,True,False,False,False,True,False
2026-07-08,4527,方土霖,TPEx,39.25,1050810,1172191.2,1813767.9,2230448.683333333,1705.0,1651.0,1637.0,0,False,False,False,False,True,False,False,False,True,False,False,False,True,False
2026-07-08,7839,達人網,TPEx,44.75,1106718,1171863.6,,,1706.0,,,0,False,False,False,False,True,False,False,False,True,False,False,False,True,False
2026-07-08,3373,熱映,TPEx,16.6,1309036,1167154.2,1246158.75,1376509.2833333334,1707.0,1731.0,1737.0,0,False,False,False,False,True,False,False,False,True,False,False,False,True,False
2026-07-08,4148,全宇生技-KY,TWSE,29.9,795750,1163968.6,1493908.7,2293897.2333333334,1708.0,1691.0,1626.0,0,False,False,False,False,True,False,False,False,True,False,False,False,True,False
2026-07-08,6578,達邦蛋白,TPEx,16.5,1844645,1163933.4,1229720.55,2335416.4166666665,1709.0,1735.0,1619.0,0,False,False,False,False,True,False,False,False,True,False,False,False,True,False
2026-07-08,6160,欣技,TPEx,16.4,546543,1155569.4,1807484.05,2660388.466666667,1710.0,1653.0,1580.0,0,False,False,False,False,True,False,False,False,True,False,False,False,True,False
2026-07-08,1418,東華,TWSE,18.3,80359,1136301.4,630313.45,604183.4166666666,1711.0,1837.0,1853.0,0,False,False,False,False,True,False,False,False,True,False,False,False,True,False
2026-07-08,8435,鉅邁,TPEx,52.6,633304,1129882.2,2414544.8,2235838.9833333334,1712.0,1587.0,1635.0,0,False,False,False,False,True,False,False,False,True,False,False,False,True,False
2026-07-08,8481,政伸,TWSE,42.3,1054461,1124148.0,937164.35,1249821.0166666666,1713.0,1777.0,1753.0,0,False,False,False,False,True,False,False,False,True,False,False,False,True,False
2026-07-08,1423,利華,TWSE,36.75,2048497,1111869.6,27443264.6,13503943.533333333,1714.0,976.0,1157.0,0,False,False,False,False,True,False,False,False,True,False,False,False,True,False
2026-07-08,6722,輝創,TWSE,35.2,1014362,1111143.8,2610293.65,3747642.0,1715.0,1562.0,1494.0,0,False,False,False,False,True,False,False,False,True,False,False,False,True,False
2026-07-08,1583,程泰,TWSE,48.3,1133156,1105142.8,1711887.55,3308244.9,1716.0,1665.0,1533.0,0,False,False,False,False,True,False,False,False,True,False,False,False,True,False
2026-07-08,4161,聿新科,TPEx,23.2,233051,1102729.2,1429670.85,2333323.1666666665,1717.0,1701.0,1620.0,0,False,False,False,False,True,False,False,False,True,False,False,False,True,False
2026-07-08,9928,中視,TWSE,18.5,482201,1095157.8,1060300.4,885997.55,1718.0,1764.0,1803.0,0,False,False,False,False,True,False,False,False,True,False,False,False,True,False
2026-07-08,6762,達亞,TPEx,168.0,2314500,1094205.8,1040630.15,1288087.45,1719.0,1766.0,1750.0,0,False,False,False,False,True,False,False,False,True,False,False,False,True,False
2026-07-08,9944,新麗,TWSE,17.85,1219783,1091577.6,1118173.7,1544574.4666666666,1720.0,1752.0,1711.0,0,False,False,False,False,True,False,False,False,True,False,False,False,True,False
2026-07-08,1220,台榮,TWSE,11.6,1419087,1091172.8,1311616.9,1539160.4166666667,1721.0,1720.0,1713.0,0,False,False,False,False,True,False,False,False,True,False,False,False,True,False
2026-07-08,1512,瑞利,TWSE,7.08,634756,1090791.4,899415.45,868919.6166666667,1722.0,1786.0,1809.0,0,False,False,False,False,True,False,False,False,True,False,False,False,True,False
2026-07-08,4139,馬光-KY,TPEx,24.65,864119,1083616.0,554995.9,412474.85,1723.0,1855.0,1887.0,0,False,False,False,False,True,False,False,False,True,False,False,False,True,False
2026-07-08,2910,統領,TWSE,21.95,353171,1075141.0,555771.8,391539.3333333333,1724.0,1854.0,1890.0,0,False,False,False,False,True,False,False,False,True,False,False,False,True,False
2026-07-08,2945,三商家購,TWSE,41.25,218738,1074455.6,1254280.25,4795204.583333333,1725.0,1726.0,1430.0,0,False,False,False,False,True,False,False,False,True,False,False,False,True,False
2026-07-08,8102,傑霖科技,TPEx,68.0,2851543,1069664.4,1377406.6,4367340.15,1726.0,1707.0,1448.0,0,False,False,False,False,True,False,False,False,True,False,False,False,True,False
2026-07-08,4171,瑞基,TPEx,17.05,735322,1067330.2,1494413.9,2635286.15,1727.0,1690.0,1583.0,0,False,False,False,False,True,False,False,False,True,False,False,False,True,False
2026-07-08,6527,明達醫,TPEx,73.6,698603,1066118.8,1299554.5,2601040.6666666665,1728.0,1722.0,1588.0,0,False,False,False,False,True,False,False,False,True,False,False,False,True,False
2026-07-08,6246,臺龍,TPEx,15.15,727121,1061582.0,3325509.8,2642610.9,1729.0,1498.0,1582.0,0,False,False,False,False,True,False,False,False,True,False,False,False,True,False
2026-07-08,9918,欣天然,TWSE,43.1,697595,1055375.4,2008183.9,3815758.9833333334,1730.0,1627.0,1483.0,0,False,False,False,False,True,False,False,False,True,False,False,False,True,False
2026-07-08,4745,合富-KY,TPEx,13.85,2200494,1053937.2,3514463.2,5354820.75,1731.0,1485.0,1407.0,0,False,False,False,False,True,False,False,False,True,False,False,False,True,False
2026-07-08,8424,惠普,TPEx,68.9,69254,1043746.6,2015134.7,2129154.2,1732.0,1626.0,1648.0,0,False,False,False,False,True,False,False,False,True,False,False,False,True,False
2026-07-08,8201,無敵,TWSE,12.95,453921,1037634.0,1185593.9,1888698.9333333333,1733.0,1741.0,1675.0,0,False,False,False,False,True,False,False,False,True,False,False,False,True,False
2026-07-08,6697,東捷資訊,TPEx,40.65,53683,1033967.0,1595222.5,3271751.283333333,1734.0,1677.0,1536.0,0,False,False,False,False,True,False,False,False,True,False,False,False,True,False
2026-07-08,2736,富野,TPEx,11.85,1209401,1029047.2,760490.5,1162453.85,1735.0,1816.0,1767.0,0,False,False,False,False,True,False,False,False,True,False,False,False,True,False
2026-07-08,2926,誠品生活,TPEx,32.4,459115,1026370.6,735601.75,806788.85,1736.0,1822.0,1819.0,0,False,False,False,False,True,False,False,False,True,False,False,False,True,False
2026-07-08,8401,白紗科,TPEx,22.95,529529,1021877.4,909983.65,1423243.9,1737.0,1781.0,1727.0,0,False,False,False,False,True,False,False,False,True,False,False,False,True,False
2026-07-08,5245,智晶,TPEx,25.9,1416145,1021145.2,2595567.1,4188220.3666666667,1738.0,1564.0,1460.0,0,False,False,False,False,True,False,False,False,True,False,False,False,True,False
2026-07-08,1240,茂生農經,TPEx,57.8,1638072,1014789.2,782985.8,1103801.1166666667,1739.0,1810.0,1774.0,0,False,False,False,False,True,False,False,False,True,False,False,False,True,False
2026-07-08,3523,迎輝,TPEx,15.5,415802,995093.8,2084542.75,1472075.0666666667,1740.0,1618.0,1721.0,0,False,False,False,False,True,False,False,False,True,False,False,False,True,False
2026-07-08,3158,嘉實,TPEx,83.0,709820,991398.2,896428.1,1381296.3333333333,1741.0,1787.0,1735.0,0,False,False,False,False,True,False,False,False,True,False,False,False,True,False
2026-07-08,4442,竣邦-KY,TPEx,49.75,284012,986635.8,1461558.65,2486343.4166666665,1742.0,1696.0,1599.0,0,False,False,False,False,True,False,False,False,True,False,False,False,True,False
2026-07-08,2702,華園,TWSE,13.05,895743,978999.0,759223.3,2802542.5,1743.0,1817.0,1568.0,0,False,False,False,False,True,False,False,False,True,False,False,False,True,False
2026-07-08,4535,至興,TPEx,29.05,552314,974652.0,743032.85,515815.88333333336,1744.0,1820.0,1866.0,0,False,False,False,False,True,False,False,False,True,False,False,False,True,False
2026-07-08,3432,台端,TWSE,18.05,393706,967482.4,1065600.55,3695495.9833333334,1745.0,1763.0,1501.0,0,False,False,False,False,True,False,False,False,True,False,False,False,True,False
2026-07-08,6961,旅天下,TPEx,53.7,421457,956223.0,3575801.7,4188784.9166666665,1746.0,1477.0,1459.0,0,False,False,False,False,True,False,False,False,True,False,False,False,True,False
2026-07-08,5220,萬達光電,TPEx,20.6,971669,949616.4,1301183.15,1905353.4,1747.0,1721.0,1672.0,0,False,False,False,False,True,False,False,False,True,False,False,False,True,False
2026-07-08,1203,味王,TWSE,43.4,1611364,948762.2,906577.35,1212512.6333333333,1748.0,1785.0,1757.0,0,False,False,False,False,True,False,False,False,True,False,False,False,True,False
2026-07-08,2904,匯僑,TWSE,14.0,608141,944059.2,737503.85,1123850.8333333333,1749.0,1821.0,1773.0,0,False,False,False,False,True,False,False,False,True,False,False,False,True,False
2026-07-08,7718,友鋮,TPEx,46.7,1812544,936794.2,1107366.25,1463135.3,1750.0,1756.0,1722.0,0,False,False,False,False,True,False,False,False,True,False,False,False,True,False
2026-07-08,2701,萬企,TWSE,10.75,608551,924884.2,837168.3,1160835.2,1751.0,1797.0,1768.0,0,False,False,False,False,True,False,False,False,True,False,False,False,True,False
2026-07-08,4905,台聯電,TPEx,67.2,1019958,924093.0,1094524.85,4322757.466666667,1752.0,1759.0,1451.0,0,False,False,False,False,True,False,False,False,True,False,False,False,True,False
2026-07-08,6721,信實,TPEx,54.7,461544,920873.2,934405.4,779359.2,1753.0,1778.0,1824.0,0,False,False,False,False,True,False,False,False,True,False,False,False,True,False
2026-07-08,6751,智聯服務,TPEx,42.6,792503,917119.0,1219942.1,1811068.7166666666,1754.0,1737.0,1681.0,0,False,False,False,False,True,False,False,False,True,False,False,False,True,False
2026-07-08,6708,天擎,TPEx,39.0,389831,901946.0,1145792.75,1960732.9166666667,1755.0,1747.0,1663.0,0,False,False,False,False,True,False,False,False,True,False,False,False,True,False
2026-07-08,3684,榮昌,TPEx,52.9,751945,893453.4,4117680.65,5597248.016666667,1756.0,1435.0,1391.0,0,False,False,False,False,True,False,False,False,True,False,False,False,True,False
2026-07-08,7547,碩網,TPEx,57.8,1012424,889148.6,1836992.0,21337413.533333335,1757.0,1650.0,1051.0,0,False,False,False,False,True,False,False,False,True,False,False,False,True,False
2026-07-08,6771,平和環保-創,TWSE,39.3,202594,888653.2,1488327.55,1566998.8333333333,1758.0,1692.0,1708.0,0,False,False,False,False,True,False,False,False,True,False,False,False,True,False
2026-07-08,3713,新晶投控,TPEx,14.5,732968,881784.8,1188775.05,2399237.7666666666,1759.0,1740.0,1612.0,0,False,False,False,False,True,False,False,False,True,False,False,False,True,False
2026-07-08,8416,實威,TPEx,171.0,810117,872644.2,1808327.45,3071153.4833333334,1760.0,1652.0,1548.0,0,False,False,False,False,True,False,False,False,True,False,False,False,True,False
2026-07-08,7723,築間,TPEx,22.95,261732,872249.8,2267838.6,3722616.3666666667,1761.0,1600.0,1498.0,0,False,False,False,False,True,False,False,False,True,False,False,False,True,False
2026-07-08,4735,豪展,TPEx,31.1,280106,857203.6,1159365.6,1077123.7333333334,1762.0,1744.0,1777.0,0,False,False,False,False,True,False,False,False,True,False,False,False,True,False
2026-07-08,3164,景岳,TWSE,16.55,954531,852144.8,857975.45,1268822.1166666667,1763.0,1793.0,1752.0,0,False,False,False,False,True,False,False,False,True,False,False,False,True,False
2026-07-08,1259,安心,TPEx,58.3,1348481,849805.6,606265.05,651777.2666666667,1764.0,1840.0,1844.0,0,False,False,False,False,True,False,False,False,True,False,False,False,True,False
2026-07-08,3252,海灣,TPEx,17.55,792217,848722.4,420921.65,442567.25,1765.0,1884.0,1880.0,0,False,False,False,False,True,False,False,False,True,False,False,False,True,False
2026-07-08,1438,三地開發,TWSE,21.95,675674,847966.0,4891270.55,2980480.9166666665,1766.0,1390.0,1554.0,0,False,False,False,False,True,False,False,False,True,False,False,False,True,False
2026-07-08,4747,強生,TPEx,48.8,567729,837799.0,1628628.05,2358003.9833333334,1767.0,1673.0,1615.0,0,False,False,False,False,True,False,False,False,True,False,False,False,True,False
2026-07-08,1233,天仁,TWSE,27.8,642813,836162.6,713488.2,1221172.6666666667,1768.0,1824.0,1756.0,0,False,False,False,False,True,False,False,False,True,False,False,False,True,False
2026-07-08,5212,凌網,TPEx,47.75,47750,829884.2,743512.0,955268.2833333333,1769.0,1819.0,1794.0,0,False,False,False,False,True,False,False,False,True,False,False,False,True,False
2026-07-08,5455,昇益,TPEx,27.5,3470170,828138.2,845563.55,6929293.533333333,1770.0,1795.0,1331.0,0,False,False,False,False,True,False,False,False,True,False,False,False,True,False
2026-07-08,2722,夏都,TWSE,22.6,590187,825654.8,1247419.3,1340652.75,1771.0,1728.0,1739.0,0,False,False,False,False,True,False,False,False,True,False,False,False,True,False
2026-07-08,8433,弘帆,TPEx,52.6,740546,817646.2,1662394.8,4585884.616666666,1772.0,1672.0,1440.0,0,False,False,False,False,True,False,False,False,True,False,False,False,True,False
2026-07-08,3499,環天科,TPEx,14.8,192114,815750.0,939261.0,1867309.0,1773.0,1776.0,1677.0,0,False,False,False,False,True,False,False,False,True,False,False,False,True,False
2026-07-08,2756,聯發國際,TPEx,58.6,472058,800154.0,3516722.4,2337645.1666666665,1774.0,1484.0,1618.0,0,False,False,False,False,True,False,False,False,True,False,False,False,True,False
2026-07-08,3266,昇陽,TWSE,13.4,742961,796553.8,1060035.55,1337754.8666666667,1775.0,1765.0,1740.0,0,False,False,False,False,True,False,False,False,True,False,False,False,True,False
2026-07-08,5701,劍湖山,TPEx,4.98,426300,789968.0,2023065.2,2293002.7333333334,1776.0,1625.0,1627.0,0,False,False,False,False,True,False,False,False,True,False,False,False,True,False
2026-07-08,3541,西柏,TPEx,22.05,486816,786588.6,818901.7,1548634.8,1777.0,1801.0,1709.0,0,False,False,False,False,True,False,False,False,True,False,False,False,True,False
2026-07-08,7811,民盛,TPEx,80.5,1699295,785687.2,760761.5,2837729.4,1778.0,1815.0,1565.0,0,False,False,False,False,True,False,False,False,True,False,False,False,True,False
2026-07-08,8426,紅木-KY,TPEx,19.9,1024763,773413.4,948164.75,1163492.5833333333,1779.0,1774.0,1766.0,0,False,False,False,False,True,False,False,False,True,False,False,False,True,False
2026-07-08,8489,三貝德,TPEx,21.85,712048,766444.0,1162129.25,3527294.5833333335,1780.0,1743.0,1513.0,0,False,False,False,False,True,False,False,False,True,False,False,False,True,False
2026-07-08,8940,新天地,TWSE,16.4,616821,761755.8,1114522.15,1199407.05,1781.0,1753.0,1762.0,0,False,False,False,False,True,False,False,False,True,False,False,False,True,False
2026-07-08,6952,大武山,TWSE,35.1,497119,755589.6,806846.85,841505.95,1782.0,1803.0,1814.0,0,False,False,False,False,True,False,False,False,True,False,False,False,True,False
2026-07-08,6910,德鴻,TPEx,27.15,324689,754631.2,650596.6,1518409.3,1783.0,1834.0,1715.0,0,False,False,False,False,True,False,False,False,True,False,False,False,True,False
2026-07-08,1781,合世,TPEx,12.0,202399,752084.2,748182.85,796363.2,1784.0,1818.0,1820.0,0,False,False,False,False,True,False,False,False,True,False,False,False,True,False
2026-07-08,8411,福貞-KY,TWSE,12.4,617817,747019.6,1684778.35,1389383.2833333334,1785.0,1669.0,1734.0,0,False,False,False,False,True,False,False,False,True,False,False,False,True,False
2026-07-08,6872,浩宇生醫,TPEx,16.9,893056,746860.0,827000.95,940565.5666666667,1786.0,1800.0,1796.0,0,False,False,False,False,True,False,False,False,True,False,False,False,True,False
2026-07-08,3095,及成,TPEx,37.7,1502234,743693.0,670073.45,1759439.0833333333,1787.0,1829.0,1684.0,0,False,False,False,False,True,False,False,False,True,False,False,False,True,False
2026-07-08,5016,松和,TPEx,24.15,517437,742061.4,793112.9,4413242.216666667,1788.0,1806.0,1447.0,0,False,False,False,False,True,False,False,False,True,False,False,False,True,False
2026-07-08,3494,誠研,TWSE,7.84,521138,736902.8,831732.9,1071365.4166666667,1789.0,1799.0,1778.0,0,False,False,False,False,True,False,False,False,True,False,False,False,True,False
2026-07-08,4754,國碳科,TPEx,36.8,501862,731629.8,1861318.65,1592284.7666666666,1790.0,1643.0,1701.0,0,False,False,False,False,True,False,False,False,True,False,False,False,True,False
2026-07-08,9926,新海,TWSE,49.35,286742,730495.0,946336.75,1950753.8333333333,1791.0,1775.0,1666.0,0,False,False,False,False,True,False,False,False,True,False,False,False,True,False
2026-07-08,4190,佐登-KY,TWSE,26.0,583603,721733.2,1744987.2,1672501.05,1792.0,1660.0,1694.0,0,False,False,False,False,True,False,False,False,True,False,False,False,True,False
2026-07-08,6804,明係,TPEx,15.9,339565,713429.4,598724.2,758909.35,1793.0,1841.0,1829.0,0,False,False,False,False,True,False,False,False,True,False,False,False,True,False
2026-07-08,1521,大億,TWSE,26.1,520263,708684.0,1250310.25,1732755.55,1794.0,1727.0,1688.0,0,False,False,False,False,True,False,False,False,True,False,False,False,True,False
2026-07-08,7747,昕奇雲端,TPEx,129.0,1286194,706723.0,3071648.7,1713687.5666666667,1795.0,1522.0,1690.0,0,False,False,False,False,True,False,False,False,True,False,False,False,True,False
2026-07-08,9962,有益,TPEx,9.83,790542,703072.0,658548.2,876894.5666666667,1796.0,1832.0,1805.0,0,False,False,False,False,True,False,False,False,True,False,False,False,True,False
2026-07-08,4432,銘旺實,TPEx,16.65,349250,700314.0,591479.45,1126189.6,1797.0,1842.0,1772.0,0,False,False,False,False,True,False,False,False,True,False,False,False,True,False
2026-07-08,5015,華祺,TPEx,22.0,572513,695380.6,576070.2,1071296.5333333334,1798.0,1848.0,1779.0,0,False,False,False,False,True,False,False,False,True,False,False,False,True,False
2026-07-08,4153,鈺緯,TPEx,31.0,281759,691068.4,668237.9,2524523.0,1799.0,1831.0,1597.0,0,False,False,False,False,True,False,False,False,True,False,False,False,True,False
2026-07-08,6655,科定,TWSE,120.5,120500,683467.6,880145.85,1199514.1166666667,1800.0,1789.0,1761.0,0,False,False,False,False,True,False,False,False,True,False,False,False,True,False
2026-07-08,4972,湯石照明,TPEx,16.95,209891,682072.8,574997.7,874579.35,1801.0,1849.0,1806.0,0,False,False,False,False,True,False,False,False,True,False,False,False,True,False
2026-07-08,8437,大地-KY,TPEx,10.05,458263,675750.4,866555.55,1103578.8666666667,1802.0,1791.0,1775.0,0,False,False,False,False,True,False,False,False,True,False,False,False,True,False
2026-07-08,6988,威力暘-創,TWSE,13.6,378700,674987.4,582692.2,906028.1333333333,1803.0,1846.0,1798.0,0,False,False,False,False,True,False,False,False,True,False,False,False,True,False
2026-07-08,8477,創業家,TPEx,16.0,224899,662440.6,893942.4,1918159.4166666667,1804.0,1788.0,1671.0,0,False,False,False,False,True,False,False,False,True,False,False,False,True,False
2026-07-08,1453,大將,TWSE,11.2,410541,661572.8,1773378.25,1304509.9,1805.0,1657.0,1745.0,0,False,False,False,False,True,False,False,False,True,False,False,False,True,False
2026-07-08,6222,立軒,TPEx,20.9,765150,656430.8,631017.45,617275.2166666667,1806.0,1836.0,1852.0,0,False,False,False,False,True,False,False,False,True,False,False,False,True,False
2026-07-08,6855,數泓科,TPEx,122.0,839049,655611.0,1013029.95,2063731.2833333334,1807.0,1768.0,1656.0,0,False,False,False,False,True,False,False,False,True,False,False,False,True,False
2026-07-08,1475,業旺,TWSE,27.2,942487,654455.8,672077.35,1233469.2833333334,1808.0,1828.0,1755.0,0,False,False,False,False,True,False,False,False,True,False,False,False,True,False
2026-07-08,6645,金萬林-創,TWSE,15.8,768451,627966.2,1275535.0,1100270.0666666667,1809.0,1724.0,1776.0,0,False,False,False,False,True,False,False,False,True,False,False,False,True,False
2026-07-08,1813,寶利徠,TPEx,11.95,52531,625985.6,791508.65,722522.6333333333,1810.0,1808.0,1834.0,0,False,False,False,False,True,False,False,False,True,False,False,False,True,False
2026-07-08,1516,川飛,TWSE,18.3,206045,622044.4,952267.2,1426628.8166666667,1811.0,1773.0,1726.0,0,False,False,False,False,True,False,False,False,True,False,False,False,True,False
2026-07-08,5348,正能量智能,TPEx,17.1,1642504,620539.2,862220.55,440329.15,1812.0,1792.0,1883.0,0,False,False,False,False,True,False,False,False,True,False,False,False,True,False
2026-07-08,6971,惠民實業,TPEx,27.4,27400,619563.0,1414658.1,1597158.9166666667,1813.0,1702.0,1700.0,0,False,False,False,False,True,False,False,False,True,False,False,False,True,False
2026-07-08,6195,詩肯,TPEx,25.8,490836,618264.2,1700644.05,1656436.2333333334,1814.0,1666.0,1696.0,0,False,False,False,False,True,False,False,False,True,False,False,False,True,False
2026-07-08,1468,昶和,TWSE,12.2,553924,613212.0,582718.7,624006.0333333333,1815.0,1845.0,1851.0,0,False,False,False,False,True,False,False,False,True,False,False,False,True,False
2026-07-08,1441,大東,TWSE,9.3,188143,610175.4,507172.6,1298043.7833333334,1816.0,1865.0,1748.0,0,False,False,False,False,True,False,False,False,True,False,False,False,True,False
2026-07-08,4706,大恭,TPEx,32.0,705665,609588.2,637560.65,628097.6,1817.0,1835.0,1849.0,0,False,False,False,False,True,False,False,False,True,False,False,False,True,False
2026-07-08,7713,威力德生醫,TPEx,70.7,566800,607547.4,1257756.6,1586431.95,1818.0,1725.0,1702.0,0,False,False,False,False,True,False,False,False,True,False,False,False,True,False
2026-07-08,6615,慧智,TPEx,36.75,457897,601596.4,1467674.7,1131233.15,1819.0,1695.0,1771.0,0,False,False,False,False,True,False,False,False,True,False,False,False,True,False
2026-07-08,6730,常廣,TPEx,37.0,95859,597515.4,766672.05,1317664.8666666667,1820.0,1814.0,1743.0,0,False,False,False,False,True,False,False,False,True,False,False,False,True,False
2026-07-08,5601,台聯櫃,TPEx,31.5,220700,597071.0,407638.0,387109.48333333334,1821.0,1888.0,1891.0,0,False,False,False,False,True,False,False,False,True,False,False,False,True,False
2026-07-08,4581,光隆精密-KY,TWSE,50.5,854941,595632.4,656209.95,899526.3666666667,1822.0,1833.0,1800.0,0,False,False,False,False,True,False,False,False,True,False,False,False,True,False
2026-07-08,5902,德記,TPEx,33.55,503733,595325.6,1331758.3,2330307.25,1823.0,1714.0,1622.0,0,False,False,False,False,True,False,False,False,True,False,False,False,True,False
2026-07-08,8450,霹靂,TPEx,15.45,224549,592039.6,1233944.6,1008520.5,1824.0,1734.0,1789.0,0,False,False,False,False,True,False,False,False,True,False,False,False,True,False
2026-07-08,8272,全景軟體,TPEx,67.5,317502,591932.0,1004863.5,1547593.1833333333,1825.0,1769.0,1710.0,0,False,False,False,False,True,False,False,False,True,False,False,False,True,False
2026-07-08,4402,郡都開發,TPEx,16.0,758428,589558.8,1244431.7,1195028.15,1826.0,1732.0,1763.0,0,False,False,False,False,True,False,False,False,True,False,False,False,True,False
2026-07-08,3593,力銘,TWSE,14.5,411565,583296.2,555977.95,965922.7333333333,1827.0,1853.0,1793.0,0,False,False,False,False,True,False,False,False,True,False,False,False,True,False
2026-07-08,4131,浩泰,TPEx,32.8,448192,582927.0,540817.0,1723261.85,1828.0,1860.0,1689.0,0,False,False,False,False,True,False,False,False,True,False,False,False,True,False
2026-07-08,6671,三能-KY,TWSE,24.6,291450,581325.0,1700288.85,1872634.05,1829.0,1667.0,1676.0,0,False,False,False,False,True,False,False,False,True,False,False,False,True,False
2026-07-08,2901,欣欣,TWSE,24.3,573474,577513.0,500369.3,756845.9833333333,1830.0,1869.0,1830.0,0,False,False,False,False,True,False,False,False,True,False,False,False,True,False
2026-07-08,6264,富裔,TPEx,6.17,166975,573831.2,488298.1,505032.65,1831.0,1875.0,1871.0,0,False,False,False,False,True,False,False,False,True,False,False,False,True,False
2026-07-08,3646,艾恩特,TPEx,23.6,142743,571122.2,573176.4,683442.4333333333,1832.0,1850.0,1839.0,0,False,False,False,False,True,False,False,False,True,False,False,False,True,False
2026-07-08,4528,江興鍛,TPEx,15.5,278627,568397.6,782170.35,900050.0666666667,1833.0,1812.0,1799.0,0,False,False,False,False,True,False,False,False,True,False,False,False,True,False
2026-07-08,8933,愛地雅,TPEx,4.55,685122,567444.0,1114220.15,2170866.716666667,1834.0,1754.0,1643.0,0,False,False,False,False,True,False,False,False,True,False,False,False,True,False
2026-07-08,2751,王座,TPEx,52.6,333476,553790.6,700931.7,855989.1,1835.0,1825.0,1810.0,0,False,False,False,False,True,False,False,False,True,False,False,False,True,False
2026-07-08,4198,欣大健康,TPEx,41.75,249464,550330.6,668864.5,489847.38333333336,1836.0,1830.0,1872.0,0,False,False,False,False,True,False,False,False,True,False,False,False,True,False
2026-07-08,4584,君帆,TPEx,39.8,238950,543450.0,378320.35,516576.4,1837.0,1893.0,1865.0,0,False,False,False,False,True,False,False,False,True,False,False,False,True,False
2026-07-08,6154,順發,TPEx,13.9,271019,542338.6,782653.75,1033893.5833333334,1838.0,1811.0,1785.0,0,False,False,False,False,True,False,False,False,True,False,False,False,True,False
2026-07-08,4304,勝昱,TPEx,19.25,592940,531367.0,838102.1,1039659.8666666667,1839.0,1796.0,1782.0,0,False,False,False,False,True,False,False,False,True,False,False,False,True,False
2026-07-08,6958,日盛台駿,TWSE,16.65,826386,531243.0,924646.3,1810124.0833333333,1840.0,1779.0,1682.0,0,False,False,False,False,True,False,False,False,True,False,False,False,True,False
2026-07-08,3259,鑫創,TPEx,15.8,491173,528288.2,714037.3,1037628.6166666667,1841.0,1823.0,1783.0,0,False,False,False,False,True,False,False,False,True,False,False,False,True,False
2026-07-08,3118,進階,TPEx,31.7,518151,523479.0,957423.6,1402887.4,1842.0,1770.0,1731.0,0,False,False,False,False,True,False,False,False,True,False,False,False,True,False
2026-07-08,6171,大城地產,TPEx,23.65,53307,520976.2,624946.05,778522.15,1843.0,1839.0,1825.0,0,False,False,False,False,True,False,False,False,True,False,False,False,True,False
2026-07-08,1541,錩泰,TWSE,21.5,195479,520317.8,588254.3,1192957.8333333333,1844.0,1844.0,1764.0,0,False,False,False,False,True,False,False,False,True,False,False,False,True,False
2026-07-08,6556,勝品,TPEx,72.0,448529,516424.8,493493.05,747608.0333333333,1845.0,1872.0,1831.0,0,False,False,False,False,True,False,False,False,True,False,False,False,True,False
2026-07-08,5310,天剛,TPEx,23.8,239805,510642.0,570803.25,481949.7833333333,1846.0,1851.0,1874.0,0,False,False,False,False,True,False,False,False,True,False,False,False,True,False
2026-07-08,1454,台富,TWSE,12.75,483314,508686.2,443818.35,1145880.15,1847.0,1880.0,1770.0,0,False,False,False,False,True,False,False,False,True,False,False,False,True,False
2026-07-08,6692,進能服,TPEx,25.8,557913,508671.8,867711.95,1271187.7333333334,1848.0,1790.0,1751.0,0,False,False,False,False,True,False,False,False,True,False,False,False,True,False
2026-07-08,5529,鉅陞,TPEx,21.5,151929,507654.8,1449214.9,2424669.3833333333,1849.0,1698.0,1607.0,0,False,False,False,False,True,False,False,False,True,False,False,False,True,False
2026-07-08,2063,世鎧,TPEx,24.05,534959,504166.0,778656.4,778077.6,1850.0,1813.0,1826.0,0,False,False,False,False,True,False,False,False,True,False,False,False,True,False
2026-07-08,2254,巨鎧精密-創,TWSE,59.4,236753,498985.8,694434.95,2081965.5166666666,1851.0,1826.0,1654.0,0,False,False,False,False,True,False,False,False,True,False,False,False,True,False
2026-07-08,8929,富堡,TPEx,14.5,358732,497400.4,506898.6,738035.8166666667,1852.0,1866.0,1832.0,0,False,False,False,False,True,False,False,False,True,False,False,False,True,False
2026-07-08,4767,誠泰科技,TPEx,27.3,355224,492290.6,348366.35,449899.13333333336,1853.0,1898.0,1877.0,0,False,False,False,False,True,False,False,False,True,False,False,False,True,False
2026-07-08,7743,金利食安,TPEx,20.4,41400,489803.2,361691.9,275830.7833333333,1854.0,1894.0,1912.0,0,False,False,False,False,True,False,False,False,True,False,False,False,True,False
2026-07-08,1413,宏洲,TWSE,9.33,155821,488239.6,297978.0,289536.7,1855.0,1906.0,1910.0,0,False,False,False,False,True,False,False,False,True,False,False,False,True,False
2026-07-08,5906,台南-KY,TWSE,35.5,524505,484623.6,1195037.3,594479.1166666667,1856.0,1738.0,1855.0,0,False,False,False,False,True,False,False,False,True,False,False,False,True,False
2026-07-08,7584,樂意,TPEx,28.55,618410,462249.2,541134.25,671082.5333333333,1857.0,1859.0,1841.0,0,False,False,False,False,True,False,False,False,True,False,False,False,True,False
2026-07-08,6674,鋐寶科技,TWSE,16.85,670235,453149.2,453929.1,702560.9333333333,1858.0,1877.0,1836.0,0,False,False,False,False,True,False,False,False,True,False,False,False,True,False
2026-07-08,5604,中連,TPEx,30.8,293953,450955.6,529988.85,850751.7666666667,1859.0,1864.0,1812.0,0,False,False,False,False,True,False,False,False,True,False,False,False,True,False
2026-07-08,2719,燦星旅,TPEx,24.0,365557,450222.8,533744.4,796131.5666666667,1860.0,1862.0,1821.0,0,False,False,False,False,True,False,False,False,True,False,False,False,True,False
2026-07-08,1213,大飲,TWSE,7.6,31018,448576.0,256281.85,216281.5,1861.0,1917.0,1921.0,0,False,False,False,False,True,False,False,False,True,False,False,False,True,False
2026-07-08,8093,保銳,TPEx,20.4,72185,445064.6,360074.75,447977.7,1862.0,1896.0,1879.0,0,False,False,False,False,True,False,False,False,True,False,False,False,True,False
2026-07-08,4558,寶緯,TPEx,18.5,131596,444786.0,787091.45,1337358.5,1863.0,1809.0,1741.0,0,False,False,False,False,True,False,False,False,True,False,False,False,True,False
2026-07-08,3288,點晶,TPEx,18.6,228806,440696.4,1846350.5,1299908.4,1864.0,1646.0,1746.0,0,False,False,False,False,True,False,False,False,True,False,False,False,True,False
2026-07-08,5546,永固-KY,TWSE,16.1,601047,440198.0,395699.35,597637.75,1865.0,1890.0,1854.0,0,False,False,False,False,True,False,False,False,True,False,False,False,True,False
2026-07-08,2937,集雅社,TPEx,48.7,623461,430028.8,414290.05,394099.55,1866.0,1886.0,1889.0,0,False,False,False,False,True,False,False,False,True,False,False,False,True,False
2026-07-08,6908,宏碁遊戲-創,TWSE,37.0,229400,428073.0,551798.4,847018.5666666667,1867.0,1857.0,1813.0,0,False,False,False,False,True,False,False,False,True,False,False,False,True,False
2026-07-08,6807,峰源-KY,TWSE,33.25,199898,424180.0,543282.9,678178.1666666666,1868.0,1858.0,1840.0,0,False,False,False,False,True,False,False,False,True,False,False,False,True,False
2026-07-08,4568,科際精密,TPEx,41.35,574100,422457.0,581005.9,649108.4666666667,1869.0,1847.0,1846.0,0,False,False,False,False,True,False,False,False,True,False,False,False,True,False
2026-07-08,2939,永邑-KY,TWSE,19.45,289269,404321.6,438694.95,448918.1666666667,1870.0,1882.0,1878.0,0,False,False,False,False,True,False,False,False,True,False,False,False,True,False
2026-07-08,8423,保綠-KY,TPEx,17.85,474187,398256.4,310978.7,423978.7166666667,1871.0,1902.0,1885.0,0,False,False,False,False,True,False,False,False,True,False,False,False,True,False
2026-07-08,6616,特昇-KY,TPEx,8.98,276540,396779.2,383602.95,521525.0333333333,1872.0,1892.0,1864.0,0,False,False,False,False,True,False,False,False,True,False,False,False,True,False
2026-07-08,4188,安克,TPEx,10.65,330570,395604.6,428761.8,568182.0166666667,1873.0,1883.0,1858.0,0,False,False,False,False,True,False,False,False,True,False,False,False,True,False
2026-07-08,1341,富林-KY,TWSE,57.6,236126,392065.2,799393.1,639792.6166666667,1874.0,1804.0,1848.0,0,False,False,False,False,True,False,False,False,True,False,False,False,True,False
2026-07-08,6228,全譜,TPEx,18.75,453430,388351.2,792149.65,511923.4,1875.0,1807.0,1867.0,0,False,False,False,False,True,False,False,False,True,False,False,False,True,False
2026-07-08,2235,謚源,TPEx,30.2,332212,387635.0,286837.8,379627.18333333335,1876.0,1908.0,1895.0,0,False,False,False,False,True,False,False,False,True,False,False,False,True,False
2026-07-08,4406,新昕纖,TPEx,9.88,971267,387381.2,241463.15,417941.3333333333,1877.0,1921.0,1886.0,0,False,False,False,False,True,False,False,False,True,False,False,False,True,False
2026-07-08,3226,龍鋒,TPEx,46.5,100470,373098.4,551929.4,1428730.3666666667,1878.0,1856.0,1725.0,0,False,False,False,False,True,False,False,False,True,False,False,False,True,False
2026-07-08,4430,耀億,TPEx,17.2,105806,372211.4,418348.05,701562.8333333334,1879.0,1885.0,1837.0,0,False,False,False,False,True,False,False,False,True,False,False,False,True,False
2026-07-08,6997,博弘,TPEx,72.4,362300,361205.8,404001.95,737515.4,1880.0,1889.0,1833.0,0,False,False,False,False,True,False,False,False,True,False,False,False,True,False
2026-07-08,6496,科懋,TPEx,24.9,192290,347782.6,266965.65,402476.3333333333,1881.0,1913.0,1888.0,0,False,False,False,False,True,False,False,False,True,False,False,False,True,False
2026-07-08,4950,金耘國際,TPEx,16.3,245200,341537.6,493952.85,869466.6,1882.0,1870.0,1808.0,0,False,False,False,False,True,False,False,False,True,False,False,False,True,False
2026-07-08,5520,力泰,TPEx,82.5,331392,341503.8,279314.65,484070.06666666665,1883.0,1909.0,1873.0,0,False,False,False,False,True,False,False,False,True,False,False,False,True,False
2026-07-08,4192,杏國,TPEx,20.35,450919,332306.4,271802.05,298704.3,1884.0,1911.0,1907.0,0,False,False,False,False,True,False,False,False,True,False,False,False,True,False
2026-07-08,3018,隆銘綠能,TWSE,12.1,240844,329241.6,358322.25,383100.5833333333,1885.0,1897.0,1894.0,0,False,False,False,False,True,False,False,False,True,False,False,False,True,False
2026-07-08,1742,台蠟,TPEx,15.25,185171,323534.4,449950.4,531591.0666666667,1886.0,1878.0,1860.0,0,False,False,False,False,True,False,False,False,True,False,False,False,True,False
2026-07-08,1439,雋揚,TWSE,23.7,314512,320609.4,673183.7,1299107.7833333334,1887.0,1827.0,1747.0,0,False,False,False,False,True,False,False,False,True,False,False,False,True,False
2026-07-08,6884,海柏特,TPEx,32.75,482421,319630.8,627764.35,564019.5666666667,1888.0,1838.0,1859.0,0,False,False,False,False,True,False,False,False,True,False,False,False,True,False
2026-07-08,6210,慶生,TPEx,19.15,269076,318760.4,501897.35,1049409.7166666666,1889.0,1867.0,1781.0,0,False,False,False,False,True,False,False,False,True,False,False,False,True,False
2026-07-08,5704,老爺知,TPEx,21.65,503383,318441.4,297837.65,654302.3833333333,1890.0,1907.0,1843.0,0,False,False,False,False,True,False,False,False,True,False,False,False,True,False
2026-07-08,4943,康控-KY,TWSE,8.6,563380,318042.6,501374.95,452588.95,1891.0,1868.0,1876.0,0,False,False,False,False,True,False,False,False,True,False,False,False,True,False
2026-07-08,7716,昱臺國際,TPEx,25.0,27550,317590.0,182399.85,661116.1,1892.0,1932.0,1842.0,0,False,False,False,False,True,False,False,False,True,False,False,False,True,False
2026-07-08,6767,台微醫,TPEx,27.5,240900,317044.2,448209.4,442425.5833333333,1893.0,1879.0,1881.0,0,False,False,False,False,True,False,False,False,True,False,False,False,True,False
2026-07-08,2740,華軒,TPEx,33.2,83278,311400.8,244814.85,319021.76666666666,1894.0,1920.0,1905.0,0,False,False,False,False,True,False,False,False,True,False,False,False,True,False
2026-07-08,6240,松崗,TPEx,18.2,148227,307308.4,247058.2,697903.0833333334,1895.0,1919.0,1838.0,0,False,False,False,False,True,False,False,False,True,False,False,False,True,False
2026-07-08,4530,宏易,TPEx,26.05,222872,296310.2,1693624.3,1010099.0166666667,1896.0,1668.0,1788.0,0,False,False,False,False,True,False,False,False,True,False,False,False,True,False
2026-07-08,8409,商之器,TPEx,19.05,152759,293916.4,240090.65,356244.75,1897.0,1922.0,1900.0,0,False,False,False,False,True,False,False,False,True,False,False,False,True,False
2026-07-08,8455,大拓-KY,TPEx,26.65,266700,293295.4,796509.65,2254877.4833333334,1898.0,1805.0,1630.0,0,False,False,False,False,True,False,False,False,True,False,False,False,True,False
2026-07-08,4154,樂威科-KY,TPEx,11.85,69900,273404.2,186669.35,364233.81666666665,1899.0,1929.0,1898.0,0,False,False,False,False,True,False,False,False,True,False,False,False,True,False
2026-07-08,6242,立康,TPEx,36.0,87316,268196.0,559742.15,508453.75,1900.0,1852.0,1870.0,0,False,False,False,False,True,False,False,False,True,False,False,False,True,False
2026-07-08,5355,佳總,TPEx,6.14,18432,260532.0,470211.3,569066.95,1901.0,1876.0,1857.0,0,False,False,False,False,True,False,False,False,True,False,False,False,True,False
2026-07-08,6225,天瀚,TWSE,23.0,335123,258852.6,531897.85,833704.0666666667,1902.0,1863.0,1816.0,0,False,False,False,False,True,False,False,False,True,False,False,False,True,False
2026-07-08,6542,隆中,TPEx,45.3,283800,257593.6,386632.0,624447.5666666667,1903.0,1891.0,1850.0,0,False,False,False,False,True,False,False,False,True,False,False,False,True,False
2026-07-08,6169,昱泉,TPEx,14.75,352565,255714.8,847357.9,775067.5,1904.0,1794.0,1827.0,0,False,False,False,False,True,False,False,False,True,False,False,False,True,False
2026-07-08,6904,伯鑫,TPEx,128.0,391499,255375.6,334232.15,456446.95,1905.0,1899.0,1875.0,0,False,False,False,False,True,False,False,False,True,False,False,False,True,False
2026-07-08,4538,大詠城,TPEx,18.7,185800,250449.2,957035.8,792477.0833333334,1906.0,1771.0,1823.0,0,False,False,False,False,True,False,False,False,True,False,False,False,True,False
2026-07-08,8342,益張,TPEx,91.0,366661,244573.6,439479.15,522387.9,1907.0,1881.0,1863.0,0,False,False,False,False,True,False,False,False,True,False,False,False,True,False
2026-07-08,6198,瑞築,TPEx,20.7,20700,237043.0,262730.4,528364.5,1908.0,1914.0,1861.0,0,False,False,False,False,True,False,False,False,True,False,False,False,True,False
2026-07-08,4419,皇家美食,TPEx,46.95,46995,235493.6,2646088.35,1238571.7833333334,1909.0,1558.0,1754.0,0,False,False,False,False,True,False,False,False,True,False,False,False,True,False
2026-07-08,3115,富榮綱,TPEx,8.88,321759,234129.6,159991.35,259367.3,1910.0,1936.0,1914.0,0,False,False,False,False,True,False,False,False,True,False,False,False,True,False
2026-07-08,8101,華冠,TWSE,13.15,201130,226398.4,176897.75,182041.48333333334,1911.0,1934.0,1924.0,0,False,False,False,False,True,False,False,False,True,False,False,False,True,False
2026-07-08,4305,世坤,TPEx,42.45,229547,215643.2,491930.65,351885.01666666666,1912.0,1873.0,1901.0,0,False,False,False,False,True,False,False,False,True,False,False,False,True,False
2026-07-08,5543,桓鼎-KY,TPEx,28.6,451650,213556.4,536065.0,853741.3166666667,1913.0,1861.0,1811.0,0,False,False,False,False,True,False,False,False,True,False,False,False,True,False
2026-07-08,6680,鑫創電子,TPEx,50.4,50400,212049.2,591275.75,528080.7666666667,1914.0,1843.0,1862.0,0,False,False,False,False,True,False,False,False,True,False,False,False,True,False
2026-07-08,8905,裕國,TPEx,29.7,31048,202220.6,262716.95,511134.3,1915.0,1915.0,1868.0,0,False,False,False,False,True,False,False,False,True,False,False,False,True,False
2026-07-08,8482,商億-KY,TWSE,48.3,145897,192614.2,361233.6,345646.4166666667,1916.0,1895.0,1902.0,0,False,False,False,False,True,False,False,False,True,False,False,False,True,False
2026-07-08,4413,飛寶企業,TPEx,14.55,15994,191809.0,218895.4,254642.48333333334,1917.0,1925.0,1915.0,0,False,False,False,False,True,False,False,False,True,False,False,False,True,False
2026-07-08,6661,威健生技,TPEx,17.8,56200,188011.2,268428.35,200363.75,1918.0,1912.0,1922.0,0,False,False,False,False,True,False,False,False,True,False,False,False,True,False
2026-07-08,3531,先益,TPEx,22.7,91149,185078.8,184362.2,294524.3333333333,1919.0,1931.0,1909.0,0,False,False,False,False,True,False,False,False,True,False,False,False,True,False
2026-07-08,5878,台名,TPEx,38.85,175276,184252.0,412401.75,569107.65,1920.0,1887.0,1856.0,0,False,False,False,False,True,False,False,False,True,False,False,False,True,False
2026-07-08,5205,中茂,TPEx,22.5,45940,181628.8,169576.45,153459.05,1921.0,1935.0,1930.0,0,False,False,False,False,True,False,False,False,True,False,False,False,True,False
2026-07-08,2067,嘉鋼,TPEx,6.54,185406,177470.4,213409.45,383134.68333333335,1922.0,1926.0,1893.0,0,False,False,False,False,True,False,False,False,True,False,False,False,True,False
2026-07-08,6865,偉康科技,TPEx,27.0,62107,166175.6,1079553.7,1010696.8166666667,1923.0,1762.0,1787.0,0,False,False,False,False,True,False,False,False,True,False,False,False,True,False
2026-07-08,2712,遠雄來,TWSE,14.85,104164,166125.2,180015.6,298452.9166666667,1924.0,1933.0,1908.0,0,False,False,False,False,True,False,False,False,True,False,False,False,True,False
2026-07-08,3632,研勤,TPEx,8.59,94251,160063.4,143302.75,321987.6666666667,1925.0,1937.0,1904.0,0,False,False,False,False,True,False,False,False,True,False,False,False,True,False
2026-07-08,3664,安瑞-KY,TPEx,7.48,116447,158849.8,229730.55,648520.1166666667,1926.0,1924.0,1847.0,0,False,False,False,False,True,False,False,False,True,False,False,False,True,False
2026-07-08,8923,時報,TPEx,19.25,20402,157132.4,206795.25,181068.2,1927.0,1927.0,1926.0,0,False,False,False,False,True,False,False,False,True,False,False,False,True,False
2026-07-08,1443,立益物流,TWSE,26.4,226838,153307.8,493697.4,835816.9166666666,1928.0,1871.0,1815.0,0,False,False,False,False,True,False,False,False,True,False,False,False,True,False
2026-07-08,4529,淳紳,TPEx,4.75,121637,151100.8,315707.6,708749.6833333333,1929.0,1901.0,1835.0,0,False,False,False,False,True,False,False,False,True,False,False,False,True,False
2026-07-08,8941,關中,TPEx,43.1,99817,147485.4,331322.15,509969.2,1930.0,1900.0,1869.0,0,False,False,False,False,True,False,False,False,True,False,False,False,True,False
2026-07-08,6929,佑全,TPEx,22.8,138255,140007.2,261691.55,368943.61666666664,1931.0,1916.0,1896.0,0,False,False,False,False,True,False,False,False,True,False,False,False,True,False
2026-07-08,7782,光速火箭,TPEx,26.95,41724,139523.2,490661.95,909310.2333333333,1932.0,1874.0,1797.0,0,False,False,False,False,True,False,False,False,True,False,False,False,True,False
2026-07-08,2724,藝舍-KY,TPEx,11.85,165761,136713.4,138667.8,246711.66666666666,1933.0,1940.0,1917.0,0,False,False,False,False,True,False,False,False,True,False,False,False,True,False
2026-07-08,6144,得利影,TPEx,14.2,100080,136296.8,109665.4,318375.06666666665,1934.0,1946.0,1906.0,0,False,False,False,False,True,False,False,False,True,False,False,False,True,False
2026-07-08,8488,吉源-KY,TWSE,10.1,182650,130999.2,305860.5,441155.45,1935.0,1904.0,1882.0,0,False,False,False,False,True,False,False,False,True,False,False,False,True,False
2026-07-08,6512,啟發電,TPEx,20.3,194272,130266.0,230945.2,253511.86666666667,1936.0,1923.0,1916.0,0,False,False,False,False,True,False,False,False,True,False,False,False,True,False
2026-07-08,2024,志聯,TWSE,13.55,111783,129068.2,204613.0,286939.43333333335,1937.0,1928.0,1911.0,0,False,False,False,False,True,False,False,False,True,False,False,False,True,False
2026-07-08,5301,寶得利,TPEx,6.2,57792,124927.0,89281.95,146781.98333333334,1938.0,1949.0,1931.0,0,False,False,False,False,True,False,False,False,True,False,False,False,True,False
2026-07-08,2941,米斯特,TPEx,32.45,230296,118604.6,308362.25,336972.38333333336,1939.0,1903.0,1903.0,0,False,False,False,False,True,False,False,False,True,False,False,False,True,False
2026-07-08,9929,秋雨,TWSE,11.0,72385,111730.6,298133.0,358944.81666666665,1940.0,1905.0,1899.0,0,False,False,False,False,True,False,False,False,True,False,False,False,True,False
2026-07-08,2035,唐榮,TPEx,27.6,59649,104222.4,272663.55,385737.7166666667,1941.0,1910.0,1892.0,0,False,False,False,False,True,False,False,False,True,False,False,False,True,False
2026-07-08,1538,正峰,TWSE,10.05,146514,98813.2,94756.0,262577.38333333336,1942.0,1948.0,1913.0,0,False,False,False,False,True,False,False,False,True,False,False,False,True,False
2026-07-08,6103,合邦,TPEx,29.85,45775,94496.6,111798.1,364567.8,1943.0,1945.0,1897.0,0,False,False,False,False,True,False,False,False,True,False,False,False,True,False
2026-07-08,4183,福永生技,TPEx,14.0,182584,82003.8,122070.7,167670.11666666667,1944.0,1941.0,1928.0,0,False,False,False,False,True,False,False,False,True,False,False,False,True,False
2026-07-08,9110,越南控-DR,TWSE,3.27,89550,81120.4,107862.45,217973.21666666667,1945.0,1947.0,1920.0,0,False,False,False,False,True,False,False,False,True,False,False,False,True,False
2026-07-08,8067,志旭,TPEx,12.75,133185,80643.2,185961.3,183214.78333333333,1946.0,1930.0,1923.0,0,False,False,False,False,True,False,False,False,True,False,False,False,True,False
2026-07-08,8921,沈氏,TPEx,17.5,36449,75388.4,63052.55,116743.53333333334,1947.0,1952.0,1933.0,0,False,False,False,False,True,False,False,False,True,False,False,False,True,False
2026-07-08,2321,東訊,TWSE,12.6,58935,74777.6,75730.2,167882.43333333332,1948.0,1951.0,1927.0,0,False,False,False,False,True,False,False,False,True,False,False,False,True,False
2026-07-08,6662,樂斯科,TPEx,29.7,29700,73943.0,120572.6,241570.31666666668,1949.0,1942.0,1918.0,0,False,False,False,False,True,False,False,False,True,False,False,False,True,False
2026-07-08,3067,全域,TPEx,18.5,55117,71102.6,88686.35,181304.98333333334,1950.0,1950.0,1925.0,0,False,False,False,False,True,False,False,False,True,False,False,False,True,False
2026-07-08,3085,新零售,TPEx,12.15,176876,62715.4,140997.5,233109.56666666668,1951.0,1939.0,1919.0,0,False,False,False,False,True,False,False,False,True,False,False,False,True,False
2026-07-08,1470,大統新創,TWSE,21.8,130770,60194.4,250638.65,425117.8,1952.0,1918.0,1884.0,0,False,False,False,False,True,False,False,False,True,False,False,False,True,False
2026-07-08,5703,亞都,TPEx,13.9,27750,54974.0,114214.65,166631.36666666667,1953.0,1943.0,1929.0,0,False,False,False,False,True,False,False,False,True,False,False,False,True,False
2026-07-08,2924,宏太-KY,TPEx,18.4,18400,33509.2,143153.35,100873.46666666666,1954.0,1938.0,1934.0,0,False,False,False,False,True,False,False,False,True,False,False,False,True,False
2026-07-08,4609,唐鋒,TPEx,4.88,10160,21672.0,113705.65,137141.16666666666,1955.0,1944.0,1932.0,0,False,False,False,False,True,False,False,False,True,False,False,False,True,False
