signal_date,exit_date,base_asset,policy_id,exception_definition,state_action,selected_asset_type,selected_ticker,original_consensus4_recommendation,original_exposure_type,path_type,state_hold_semantics,base_entry_adjusted_close,base_exit_adjusted_close,base_interval_return,selected_entry_price,selected_exit_price,selected_interval_return,cumulative_return_before_cost_proxy,drawdown_before_cost_proxy,path_ready,blocked_reason,source_quality,stock_exception_cost_field_available,stock_exception_net_return_local_ep05_cost_unit_notional,cash_condition_status,diagnostic_only,formal_model_changed,trade_decision_changed,active_in_trade_decision,report_changed,portfolio_replay_executed,ready_for_strategy_replay,ready_for_formal,not_live_rule,forward_returns_live_rule_usage
2015-01-09,2015-01-16,0050,consensus4_else_base,consensus4_ultra_strict_stock_exception,stock_exception,stock,2330,2330,stock,signal_date_interval_state_hold_approximation,base is continuously held between exceptions; interval rows decompose path for Experiments,11.65059757232666,11.536118507385254,-0.009826025165724173,0.8713600039482117,0.881820023059845,0.0120042451618596,0.012004245161859606,0.0,True,,benchmark_features_adjusted_close_reference_only,True,0.0081136822025501,blocked_no_bear_cash_classifier,True,False,False,False,False,False,False,False,True,False
2015-01-16,2015-01-23,0050,consensus4_else_base,consensus4_ultra_strict_stock_exception,stock_exception,stock,2330,2330,stock,signal_date_interval_state_hold_approximation,base is continuously held between exceptions; interval rows decompose path for Experiments,11.536118507385254,12.09971523284912,0.04885497016202289,0.881820023059845,0.8500000238418579,-0.0360844598510864,-0.024513381391812583,-0.03608445985108644,True,,benchmark_features_adjusted_close_reference_only,True,-0.0397907588391652,blocked_no_bear_cash_classifier,True,False,False,False,False,False,False,False,True,False
2015-01-23,2015-01-30,0050,consensus4_else_base,consensus4_ultra_strict_stock_exception,stock_exception,stock,2317,2317,stock,signal_date_interval_state_hold_approximation,base is continuously held between exceptions; interval rows decompose path for Experiments,12.09971523284912,11.976428031921388,-0.010189264669057896,0.8500000238418579,0.8554499745368958,0.0064117065202009,-0.01825884747891371,-0.029904116297390648,True,,benchmark_features_adjusted_close_reference_only,True,0.002543080804254,blocked_no_bear_cash_classifier,True,False,False,False,False,False,False,False,True,False
2015-01-30,2015-02-06,0050,consensus4_else_base,consensus4_ultra_strict_stock_exception,stock_exception,stock,2603,2603,stock,signal_date_interval_state_hold_approximation,base is continuously held between exceptions; interval rows decompose path for Experiments,11.976428031921388,12.1085205078125,0.011029371657311993,0.8554499745368958,0.8495500087738037,-0.0068969150022899,-0.0250298327621018,-0.036594785151358944,True,,benchmark_features_adjusted_close_reference_only,True,-0.0107146480262029,blocked_no_bear_cash_classifier,True,False,False,False,False,False,False,False,True,False
2015-02-06,2015-02-13,0050,consensus4_else_base,consensus4_ultra_strict_stock_exception,base_hold,base_asset,0050,00631L,00631L_reference,signal_date_interval_state_hold_approximation,base is continuously held between exceptions; interval rows decompose path for Experiments,12.1085205078125,12.23180866241455,0.010181933831016288,12.1085205078125,12.23180866241455,0.010181933831016288,-0.015102751032070594,-0.02678545700131396,True,,benchmark_features_adjusted_close_exact_reference,False,,blocked_no_bear_cash_classifier,True,False,False,False,False,False,False,False,True,False
2015-02-13,2015-02-26,0050,consensus4_else_base,consensus4_ultra_strict_stock_exception,base_hold,base_asset,0050,00631L,00631L_reference,signal_date_interval_state_hold_approximation,base is continuously held between exceptions; interval rows decompose path for Experiments,12.23180866241455,12.381516456604004,0.012239219752469666,12.23180866241455,12.381516456604004,0.012239219752469666,-0.00304837716834927,-0.01487407034325372,True,,benchmark_features_adjusted_close_exact_reference,False,,blocked_no_bear_cash_classifier,True,False,False,False,False,False,False,False,True,False
2015-02-26,2015-03-06,0050,consensus4_else_base,consensus4_ultra_strict_stock_exception,base_hold,base_asset,0050,00631L,00631L_reference,signal_date_interval_state_hold_approximation,base is continuously held between exceptions; interval rows decompose path for Experiments,12.381516456604004,12.29345417022705,-0.007112399089853283,12.381516456604004,12.29345417022705,-0.007112399089853283,-0.010139094983204866,-0.021880679108735257,True,,benchmark_features_adjusted_close_exact_reference,False,,blocked_no_bear_cash_classifier,True,False,False,False,False,False,False,False,True,False
2015-03-06,2015-03-13,0050,consensus4_else_base,consensus4_ultra_strict_stock_exception,base_hold,base_asset,0050,00631L,00631L_reference,signal_date_interval_state_hold_approximation,base is continuously held between exceptions; interval rows decompose path for Experiments,12.29345417022705,12.23180866241455,-0.005014498525711009,12.29345417022705,12.23180866241455,-0.005014498525711009,-0.015102751032070594,-0.02678545700131396,True,,benchmark_features_adjusted_close_exact_reference,False,,blocked_no_bear_cash_classifier,True,False,False,False,False,False,False,False,True,False
2015-03-13,2015-03-20,0050,consensus4_else_base,consensus4_ultra_strict_stock_exception,base_hold,base_asset,0050,00631L,00631L_reference,signal_date_interval_state_hold_approximation,base is continuously held between exceptions; interval rows decompose path for Experiments,12.23180866241455,12.425542831420898,0.01583855457138128,12.23180866241455,12.425542831420898,0.01583855457138128,0.0004965977929112242,-0.011371145352367384,True,,benchmark_features_adjusted_close_exact_reference,False,,blocked_no_bear_cash_classifier,True,False,False,False,False,False,False,False,True,False
2015-03-20,2015-03-27,0050,consensus4_else_base,consensus4_ultra_strict_stock_exception,base_hold,base_asset,0050,00631L,00631L_reference,signal_date_interval_state_hold_approximation,base is continuously held between exceptions; interval rows decompose path for Experiments,12.425542831420898,12.1085205078125,-0.025513760477870906,12.425542831420898,12.1085205078125,-0.025513760477870906,-0.02502983276210191,-0.036594785151359055,True,,benchmark_features_adjusted_close_exact_reference,False,,blocked_no_bear_cash_classifier,True,False,False,False,False,False,False,False,True,False
2015-03-27,2015-04-02,0050,consensus4_else_base,consensus4_ultra_strict_stock_exception,base_hold,base_asset,0050,00631L,00631L_reference,signal_date_interval_state_hold_approximation,base is continuously held between exceptions; interval rows decompose path for Experiments,12.1085205078125,12.240612983703612,0.010909051671992742,12.1085205078125,12.240612983703612,0.010909051671992742,-0.014393832829052267,-0.026084947881507947,True,,benchmark_features_adjusted_close_exact_reference,False,,blocked_no_bear_cash_classifier,True,False,False,False,False,False,False,False,True,False
2015-04-02,2015-04-10,0050,consensus4_else_base,consensus4_ultra_strict_stock_exception,base_hold,base_asset,0050,00631L,00631L_reference,signal_date_interval_state_hold_approximation,base is continuously held between exceptions; interval rows decompose path for Experiments,12.240612983703612,12.267032623291016,0.0021583591951299663,12.240612983703612,12.267032623291016,0.0021583591951299663,-0.012266540695362038,-0.023982889373492466,True,,benchmark_features_adjusted_close_exact_reference,False,,blocked_no_bear_cash_classifier,True,False,False,False,False,False,False,False,True,False
2015-04-10,2015-04-17,0050,consensus4_else_base,consensus4_ultra_strict_stock_exception,base_hold,base_asset,0050,00631L,00631L_reference,signal_date_interval_state_hold_approximation,base is continuously held between exceptions; interval rows decompose path for Experiments,12.267032623291016,12.161358833312988,-0.00861445414088069,12.267032623291016,12.161358833312988,-0.00861445414088069,-0.020775325283955315,-0.03239074401369946,True,,benchmark_features_adjusted_close_exact_reference,False,,blocked_no_bear_cash_classifier,True,False,False,False,False,False,False,False,True,False
2015-04-17,2015-04-24,0050,consensus4_else_base,consensus4_ultra_strict_stock_exception,base_hold,base_asset,0050,00631L,00631L_reference,signal_date_interval_state_hold_approximation,base is continuously held between exceptions; interval rows decompose path for Experiments,12.161358833312988,12.716147422790527,0.045618963890600384,12.161358833312988,12.716147422790527,0.045618963890600384,0.023895889792700853,0.0,True,,benchmark_features_adjusted_close_exact_reference,False,,blocked_no_bear_cash_classifier,True,False,False,False,False,False,False,False,True,False
2015-04-24,2015-04-30,0050,consensus4_else_base,consensus4_ultra_strict_stock_exception,base_hold,base_asset,0050,00631L,00631L_reference,signal_date_interval_state_hold_approximation,base is continuously held between exceptions; interval rows decompose path for Experiments,12.716147422790527,12.584057807922363,-0.010387549819643183,12.716147422790527,12.584057807922363,-0.010387549819643183,0.013260120227351235,-0.010387549819643183,True,,benchmark_features_adjusted_close_exact_reference,False,,blocked_no_bear_cash_classifier,True,False,False,False,False,False,False,False,True,False
2015-04-30,2015-05-08,0050,consensus4_else_base,consensus4_ultra_strict_stock_exception,stock_exception,stock,2316,2316,stock,signal_date_interval_state_hold_approximation,base is continuously held between exceptions; interval rows decompose path for Experiments,12.584057807922363,12.41673755645752,-0.013296208108604435,23.0,23.0,0.0,0.013260120227351235,-0.010387549819643183,True,,official_unadjusted_ohlcv_twse_stock_day,True,-0.0058417106126406,blocked_no_bear_cash_classifier,True,False,False,False,False,False,False,False,True,False
2015-05-08,2015-05-15,0050,consensus4_else_base,consensus4_ultra_strict_stock_exception,base_hold,base_asset,0050,00631L,00631L_reference,signal_date_interval_state_hold_approximation,base is continuously held between exceptions; interval rows decompose path for Experiments,12.41673755645752,12.3286771774292,-0.007092070572315756,12.41673755645752,12.3286771774292,-0.007092070572315756,0.006074007946585747,-0.017405951155564647,True,,benchmark_features_adjusted_close_exact_reference,False,,blocked_no_bear_cash_classifier,True,False,False,False,False,False,False,False,True,False
2015-05-15,2015-05-22,0050,consensus4_else_base,consensus4_ultra_strict_stock_exception,stock_exception,stock,3008,3008,stock,signal_date_interval_state_hold_approximation,base is continuously held between exceptions; interval rows decompose path for Experiments,12.3286771774292,12.451964378356934,0.01000003480936651,3080.0,3460.0,0.1233766233766233,0.13020002191402158,0.0,True,,official_unadjusted_ohlcv_twse_stock_day,True,0.1168148641806308,blocked_no_bear_cash_classifier,True,False,False,False,False,False,False,False,True,False
2015-05-22,2015-05-29,0050,consensus4_else_base,consensus4_ultra_strict_stock_exception,base_hold,base_asset,0050,00631L,00631L_reference,signal_date_interval_state_hold_approximation,base is continuously held between exceptions; interval rows decompose path for Experiments,12.451964378356934,12.52241325378418,0.005657651538876429,12.451964378356934,12.52241325378418,0.005657651538876429,0.13659429980724158,0.0,True,,benchmark_features_adjusted_close_exact_reference,False,,blocked_no_bear_cash_classifier,True,False,False,False,False,False,False,False,True,False
2015-05-29,2015-06-05,0050,consensus4_else_base,consensus4_ultra_strict_stock_exception,base_hold,base_asset,0050,00631L,00631L_reference,signal_date_interval_state_hold_approximation,base is continuously held between exceptions; interval rows decompose path for Experiments,12.52241325378418,12.055682182312012,-0.03727165539207267,12.52241325378418,12.055682182312012,-0.03727165539207267,0.09423154874423201,-0.03727165539207267,True,,benchmark_features_adjusted_close_exact_reference,False,,blocked_no_bear_cash_classifier,True,False,False,False,False,False,False,False,True,False
2015-06-05,2015-06-12,0050,consensus4_else_base,consensus4_ultra_strict_stock_exception,base_hold,base_asset,0050,00631L,00631L_reference,signal_date_interval_state_hold_approximation,base is continuously held between exceptions; interval rows decompose path for Experiments,12.055682182312012,12.117329597473145,0.005113556763430616,12.055682182312012,12.117329597473145,0.005113556763430616,0.09982696388107226,-0.03234868935415636,True,,benchmark_features_adjusted_close_exact_reference,False,,blocked_no_bear_cash_classifier,True,False,False,False,False,False,False,False,True,False
2015-06-12,2015-06-18,0050,consensus4_else_base,consensus4_ultra_strict_stock_exception,base_hold,base_asset,0050,00631L,00631L_reference,signal_date_interval_state_hold_approximation,base is continuously held between exceptions; interval rows decompose path for Experiments,12.117329597473145,12.046875953674316,-0.005814287977568888,12.117329597473145,12.046875953674316,-0.005814287977568888,0.09343225318757242,-0.03797489273612331,True,,benchmark_features_adjusted_close_exact_reference,False,,blocked_no_bear_cash_classifier,True,False,False,False,False,False,False,False,True,False
2015-06-18,2015-06-26,0050,consensus4_else_base,consensus4_ultra_strict_stock_exception,base_hold,base_asset,0050,00631L,00631L_reference,signal_date_interval_state_hold_approximation,base is continuously held between exceptions; interval rows decompose path for Experiments,12.046875953674316,12.407933235168455,0.02997103007307178,12.046875953674316,12.407933235168455,0.02997103007307178,0.12620354413072388,-0.00914200931526743,True,,benchmark_features_adjusted_close_exact_reference,False,,blocked_no_bear_cash_classifier,True,False,False,False,False,False,False,False,True,False
2015-06-26,2015-07-03,0050,consensus4_else_base,consensus4_ultra_strict_stock_exception,base_hold,base_asset,0050,00631L,00631L_reference,signal_date_interval_state_hold_approximation,base is continuously held between exceptions; interval rows decompose path for Experiments,12.407933235168455,12.346288681030272,-0.004968156498735943,12.407933235168455,12.346288681030272,-0.004968156498735943,0.12060838867405144,-0.014064746881012224,True,,benchmark_features_adjusted_close_exact_reference,False,,blocked_no_bear_cash_classifier,True,False,False,False,False,False,False,False,True,False
2015-07-03,2015-07-09,0050,consensus4_else_base,consensus4_ultra_strict_stock_exception,base_hold,base_asset,0050,00631L,00631L_reference,signal_date_interval_state_hold_approximation,base is continuously held between exceptions; interval rows decompose path for Experiments,12.346288681030272,11.817916870117188,-0.04279600328193467,12.346288681030272,11.817916870117188,-0.04279600328193467,0.07265082839459325,-0.056258835209267444,True,,benchmark_features_adjusted_close_exact_reference,False,,blocked_no_bear_cash_classifier,True,False,False,False,False,False,False,False,True,False
2015-07-09,2015-07-17,0050,consensus4_else_base,consensus4_ultra_strict_stock_exception,base_hold,base_asset,0050,00631L,00631L_reference,signal_date_interval_state_hold_approximation,base is continuously held between exceptions; interval rows decompose path for Experiments,11.817916870117188,12.064492225646973,0.020864536300240433,11.817916870117188,12.064492225646973,0.020864536300240433,0.0950311905411152,-0.03656811341846,True,,benchmark_features_adjusted_close_exact_reference,False,,blocked_no_bear_cash_classifier,True,False,False,False,False,False,False,False,True,False
2015-07-17,2015-07-24,0050,consensus4_else_base,consensus4_ultra_strict_stock_exception,base_hold,base_asset,0050,00631L,00631L_reference,signal_date_interval_state_hold_approximation,base is continuously held between exceptions; interval rows decompose path for Experiments,12.064492225646973,11.756272315979004,-0.02554769018896197,12.064492225646973,11.756272315979004,-0.02554769018896197,0.06705567293792059,-0.06118157277501235,True,,benchmark_features_adjusted_close_exact_reference,False,,blocked_no_bear_cash_classifier,True,False,False,False,False,False,False,False,True,False
2015-07-24,2015-07-31,0050,consensus4_else_base,consensus4_ultra_strict_stock_exception,base_hold,base_asset,0050,00631L,00631L_reference,signal_date_interval_state_hold_approximation,base is continuously held between exceptions; interval rows decompose path for Experiments,11.756272315979004,11.65059757232666,-0.008988796857717585,11.756272315979004,11.65059757232666,-0.008988796857717585,0.057464126258006454,-0.06962042090361975,True,,benchmark_features_adjusted_close_exact_reference,False,,blocked_no_bear_cash_classifier,True,False,False,False,False,False,False,False,True,False
2015-07-31,2015-08-07,0050,consensus4_else_base,consensus4_ultra_strict_stock_exception,base_hold,base_asset,0050,00631L,00631L_reference,signal_date_interval_state_hold_approximation,base is continuously held between exceptions; interval rows decompose path for Experiments,11.65059757232666,11.395218849182127,-0.021919796092788157,11.65059757232666,11.395218849182127,-0.021919796092788157,0.03428472823499251,-0.09001415156630654,True,,benchmark_features_adjusted_close_exact_reference,False,,blocked_no_bear_cash_classifier,True,False,False,False,False,False,False,False,True,False
2015-08-07,2015-08-14,0050,consensus4_else_base,consensus4_ultra_strict_stock_exception,base_hold,base_asset,0050,00631L,00631L_reference,signal_date_interval_state_hold_approximation,base is continuously held between exceptions; interval rows decompose path for Experiments,11.395218849182127,11.148645401000977,-0.02163832493650164,11.395218849182127,11.148645401000977,-0.02163832493650164,0.011904539208582365,-0.10970472104233298,True,,benchmark_features_adjusted_close_exact_reference,False,,blocked_no_bear_cash_classifier,True,False,False,False,False,False,False,False,True,False
2015-08-14,2015-08-21,0050,consensus4_else_base,consensus4_ultra_strict_stock_exception,base_hold,base_asset,0050,00631L,00631L_reference,signal_date_interval_state_hold_approximation,base is continuously held between exceptions; interval rows decompose path for Experiments,11.148645401000977,10.53221321105957,-0.05529211556823399,11.148645401000977,10.53221321105957,-0.05529211556823399,-0.044045803517359094,-0.1589310304963134,True,,benchmark_features_adjusted_close_exact_reference,False,,blocked_no_bear_cash_classifier,True,False,False,False,False,False,False,False,True,False
2015-08-21,2015-08-28,0050,consensus4_else_base,consensus4_ultra_strict_stock_exception,base_hold,base_asset,0050,00631L,00631L_reference,signal_date_interval_state_hold_approximation,base is continuously held between exceptions; interval rows decompose path for Experiments,10.53221321105957,10.884458541870115,0.033444568938336916,10.53221321105957,10.884458541870115,0.033444568938336916,-0.012074327491202963,-0.13080184136385142,True,,benchmark_features_adjusted_close_exact_reference,False,,blocked_no_bear_cash_classifier,True,False,False,False,False,False,False,False,True,False
2015-08-28,2015-09-04,0050,consensus4_else_base,consensus4_ultra_strict_stock_exception,base_hold,base_asset,0050,00631L,00631L_reference,signal_date_interval_state_hold_approximation,base is continuously held between exceptions; interval rows decompose path for Experiments,10.884458541870115,10.805204391479492,-0.007281404957880988,10.884458541870115,10.805204391479492,-0.007281404957880988,-0.019267814381026427,-0.13713082514552566,True,,benchmark_features_adjusted_close_exact_reference,False,,blocked_no_bear_cash_classifier,True,False,False,False,False,False,False,False,True,False
2015-09-04,2015-09-11,0050,consensus4_else_base,consensus4_ultra_strict_stock_exception,base_hold,base_asset,0050,00631L,00631L_reference,signal_date_interval_state_hold_approximation,base is continuously held between exceptions; interval rows decompose path for Experiments,10.805204391479492,11.18386936187744,0.03504468371709346,10.805204391479492,11.18386936187744,0.03504468371709346,0.01510163487516425,-0.10689184782352124,True,,benchmark_features_adjusted_close_exact_reference,False,,blocked_no_bear_cash_classifier,True,False,False,False,False,False,False,False,True,False
2015-09-11,2015-09-18,0050,consensus4_else_base,consensus4_ultra_strict_stock_exception,base_hold,base_asset,0050,00631L,00631L_reference,signal_date_interval_state_hold_approximation,base is continuously held between exceptions; interval rows decompose path for Experiments,11.18386936187744,11.421637535095217,0.021259920473343463,11.18386936187744,11.421637535095217,0.021259920473343463,0.03668261490497127,-0.0879044395341545,True,,benchmark_features_adjusted_close_exact_reference,False,,blocked_no_bear_cash_classifier,True,False,False,False,False,False,False,False,True,False
2015-09-18,2015-09-25,0050,consensus4_else_base,consensus4_ultra_strict_stock_exception,base_hold,base_asset,0050,00631L,00631L_reference,signal_date_interval_state_hold_approximation,base is continuously held between exceptions; interval rows decompose path for Experiments,11.421637535095217,10.963716506958008,-0.04009241465859492,11.421637535095217,10.963716506958008,-0.04009241465859492,-0.004880494361155341,-0.12447255295261472,True,,benchmark_features_adjusted_close_exact_reference,False,,blocked_no_bear_cash_classifier,True,False,False,False,False,False,False,False,True,False
2015-09-25,2015-10-02,0050,consensus4_else_base,consensus4_ultra_strict_stock_exception,base_hold,base_asset,0050,00631L,00631L_reference,signal_date_interval_state_hold_approximation,base is continuously held between exceptions; interval rows decompose path for Experiments,10.963716506958008,11.13983917236328,0.01606413895265324,10.963716506958008,11.13983917236328,0.01606413895265324,0.011105243651922558,-0.11040795838638384,True,,benchmark_features_adjusted_close_exact_reference,False,,blocked_no_bear_cash_classifier,True,False,False,False,False,False,False,False,True,False
2015-10-02,2015-10-08,0050,consensus4_else_base,consensus4_ultra_strict_stock_exception,base_hold,base_asset,0050,00631L,00631L_reference,signal_date_interval_state_hold_approximation,base is continuously held between exceptions; interval rows decompose path for Experiments,11.13983917236328,11.395218849182127,0.022924898005028282,11.13983917236328,11.395218849182127,0.022924898005028282,0.03428472823499207,-0.09001415156630688,True,,benchmark_features_adjusted_close_exact_reference,False,,blocked_no_bear_cash_classifier,True,False,False,False,False,False,False,False,True,False
2015-10-08,2015-10-16,0050,consensus4_else_base,consensus4_ultra_strict_stock_exception,stock_exception,stock,6143,6143,stock,signal_date_interval_state_hold_approximation,base is continuously held between exceptions; interval rows decompose path for Experiments,11.395218849182127,11.58014965057373,0.01622880647043279,67.5,65.0,-0.037037037037037,-0.0040221135514890705,-0.12371733113792516,True,,official_unadjusted_ohlcv_tpex_trading_stock,True,-0.0426625523033444,blocked_no_bear_cash_classifier,True,False,False,False,False,False,False,False,True,False
2015-10-16,2015-10-23,0050,consensus4_else_base,consensus4_ultra_strict_stock_exception,stock_exception,stock,8433,8433,stock,signal_date_interval_state_hold_approximation,base is continuously held between exceptions; interval rows decompose path for Experiments,11.58014965057373,11.6065673828125,0.002281294545918078,125.0,116.5,-0.0679999999999999,-0.07174860982998765,-0.18330455262054612,True,,official_unadjusted_ohlcv_tpex_trading_stock,True,-0.0734443418129165,blocked_no_bear_cash_classifier,True,False,False,False,False,False,False,False,True,False
2015-10-23,2015-10-30,0050,consensus4_else_base,consensus4_ultra_strict_stock_exception,base_hold,base_asset,0050,00631L,00631L_reference,signal_date_interval_state_hold_approximation,base is continuously held between exceptions; interval rows decompose path for Experiments,11.6065673828125,11.479421615600586,-0.010954639991165416,11.6065673828125,11.479421615600586,-0.010954639991165416,-0.08191726963059898,-0.19225115722901176,True,,benchmark_features_adjusted_close_exact_reference,False,,blocked_no_bear_cash_classifier,True,False,False,False,False,False,False,False,True,False
2015-10-30,2015-11-06,0050,consensus4_else_base,consensus4_ultra_strict_stock_exception,base_hold,base_asset,0050,00631L,00631L_reference,signal_date_interval_state_hold_approximation,base is continuously held between exceptions; interval rows decompose path for Experiments,11.479421615600586,11.642894744873049,0.014240537088584748,11.479421615600586,11.642894744873049,0.014240537088584748,-0.06884327845838434,-0.18074837987527004,True,,benchmark_features_adjusted_close_exact_reference,False,,blocked_no_bear_cash_classifier,True,False,False,False,False,False,False,False,True,False
2015-11-06,2015-11-13,0050,consensus4_else_base,consensus4_ultra_strict_stock_exception,base_hold,base_asset,0050,00631L,00631L_reference,signal_date_interval_state_hold_approximation,base is continuously held between exceptions; interval rows decompose path for Experiments,11.642894744873049,11.188803672790527,-0.03900156121247089,11.642894744873049,11.188803672790527,-0.03900156121247089,-0.10515984433199332,-0.21270047208598064,True,,benchmark_features_adjusted_close_exact_reference,False,,blocked_no_bear_cash_classifier,True,False,False,False,False,False,False,False,True,False
2015-11-13,2015-11-20,0050,consensus4_else_base,consensus4_ultra_strict_stock_exception,base_hold,base_asset,0050,00631L,00631L_reference,signal_date_interval_state_hold_approximation,base is continuously held between exceptions; interval rows decompose path for Experiments,11.188803672790527,11.315948486328123,0.011363575343340093,11.188803672790527,11.315948486328123,0.011363575343340093,-0.09499126080281373,-0.2037539345827536,True,,benchmark_features_adjusted_close_exact_reference,False,,blocked_no_bear_cash_classifier,True,False,False,False,False,False,False,False,True,False
2015-11-20,2015-11-27,0050,consensus4_else_base,consensus4_ultra_strict_stock_exception,base_hold,base_asset,0050,00631L,00631L_reference,signal_date_interval_state_hold_approximation,base is continuously held between exceptions; interval rows decompose path for Experiments,11.315948486328123,11.2523775100708,-0.005617821284192748,11.315948486328123,11.2523775100708,-0.005617821284192748,-0.1000754381602561,-0.20822710267650935,True,,benchmark_features_adjusted_close_exact_reference,False,,blocked_no_bear_cash_classifier,True,False,False,False,False,False,False,False,True,False
2015-11-27,2015-12-04,0050,consensus4_else_base,consensus4_ultra_strict_stock_exception,base_hold,base_asset,0050,00631L,00631L_reference,signal_date_interval_state_hold_approximation,base is continuously held between exceptions; interval rows decompose path for Experiments,11.2523775100708,11.216047286987305,-0.0032286708343175485,11.2523775100708,11.216047286987305,-0.0032286708343175485,-0.10298099834615404,-0.21078347673750075,True,,benchmark_features_adjusted_close_exact_reference,False,,blocked_no_bear_cash_classifier,True,False,False,False,False,False,False,False,True,False
2015-12-04,2015-12-11,0050,consensus4_else_base,consensus4_ultra_strict_stock_exception,base_hold,base_asset,0050,00631L,00631L_reference,signal_date_interval_state_hold_approximation,base is continuously held between exceptions; interval rows decompose path for Experiments,11.216047286987305,10.87094020843506,-0.030769046324602423,11.216047286987305,10.87094020843506,-0.030769046324602423,-0.13058141756208985,-0.23506691650190625,True,,benchmark_features_adjusted_close_exact_reference,False,,blocked_no_bear_cash_classifier,True,False,False,False,False,False,False,False,True,False
2015-12-11,2015-12-18,0050,consensus4_else_base,consensus4_ultra_strict_stock_exception,base_hold,base_asset,0050,00631L,00631L_reference,signal_date_interval_state_hold_approximation,base is continuously held between exceptions; interval rows decompose path for Experiments,10.87094020843506,11.03441333770752,0.01503762564581268,10.87094020843506,11.03441333770752,0.01503762564581268,-0.11750742638987544,-0.22356413914816475,True,,benchmark_features_adjusted_close_exact_reference,False,,blocked_no_bear_cash_classifier,True,False,False,False,False,False,False,False,True,False
2015-12-18,2015-12-25,0050,consensus4_else_base,consensus4_ultra_strict_stock_exception,base_hold,base_asset,0050,00631L,00631L_reference,signal_date_interval_state_hold_approximation,base is continuously held between exceptions; interval rows decompose path for Experiments,11.03441333770752,11.188803672790527,0.013991712142539914,11.03441333770752,11.188803672790527,0.013991712142539914,-0.10515984433199332,-0.21270047208598064,True,,benchmark_features_adjusted_close_exact_reference,False,,blocked_no_bear_cash_classifier,True,False,False,False,False,False,False,False,True,False
2015-12-25,2015-12-31,0050,consensus4_else_base,consensus4_ultra_strict_stock_exception,base_hold,base_asset,0050,00631L,00631L_reference,signal_date_interval_state_hold_approximation,base is continuously held between exceptions; interval rows decompose path for Experiments,11.188803672790527,11.03441333770752,-0.013798645467205883,11.188803672790527,11.03441333770752,-0.013798645467205883,-0.11750742638987544,-0.22356413914816475,True,,benchmark_features_adjusted_close_exact_reference,False,,blocked_no_bear_cash_classifier,True,False,False,False,False,False,False,False,True,False
2015-12-31,2016-01-08,0050,consensus4_else_base,consensus4_ultra_strict_stock_exception,base_hold,base_asset,0050,00631L,00631L_reference,signal_date_interval_state_hold_approximation,base is continuously held between exceptions; interval rows decompose path for Experiments,11.03441333770752,10.435014724731444,-0.05432084104804846,11.03441333770752,10.435014724731444,-0.05432084104804846,-0.16544516520703423,-0.26574078812950197,True,,benchmark_features_adjusted_close_exact_reference,False,,blocked_no_bear_cash_classifier,True,False,False,False,False,False,False,False,True,False
2016-01-08,2016-01-15,0050,consensus4_else_base,consensus4_ultra_strict_stock_exception,stock_exception,stock,2485,2485,stock,signal_date_interval_state_hold_approximation,base is continuously held between exceptions; interval rows decompose path for Experiments,10.435014724731444,10.298785209655762,-0.013055038125898588,57.5,53.0,-0.0782608695652173,-0.23075815227778795,-0.32320455253675817,True,,official_unadjusted_ohlcv_twse_stock_day,True,-0.0836447699862443,blocked_no_bear_cash_classifier,True,False,False,False,False,False,False,False,True,False
2016-01-15,2016-01-22,0050,consensus4_else_base,consensus4_ultra_strict_stock_exception,stock_exception,stock,2409,2409,stock,signal_date_interval_state_hold_approximation,base is continuously held between exceptions; interval rows decompose path for Experiments,10.298785209655762,10.271540641784668,-0.002645415679273566,9.06,8.88,-0.0198675496688741,-0.24604110289478542,-0.33665081970490196,True,,official_unadjusted_ohlcv_twse_stock_day,True,-0.0255930938240351,blocked_no_bear_cash_classifier,True,False,False,False,False,False,False,False,True,False
2016-01-22,2016-01-29,0050,consensus4_else_base,consensus4_ultra_strict_stock_exception,base_hold,base_asset,0050,00631L,00631L_reference,signal_date_interval_state_hold_approximation,base is continuously held between exceptions; interval rows decompose path for Experiments,10.271540641784668,10.716548919677734,0.04332439440318914,10.271540641784668,10.716548919677734,0.04332439440318914,-0.21337629027280558,-0.30791161819076496,True,,benchmark_features_adjusted_close_exact_reference,False,,blocked_no_bear_cash_classifier,True,False,False,False,False,False,False,False,True,False
2016-01-29,2016-02-03,0050,consensus4_else_base,consensus4_ultra_strict_stock_exception,base_hold,base_asset,0050,00631L,00631L_reference,signal_date_interval_state_hold_approximation,base is continuously held between exceptions; interval rows decompose path for Experiments,10.716548919677734,10.707468032836914,-0.0008473704462960141,10.716548919677734,10.707468032836914,-0.0008473704462960141,-0.21404285195678419,-0.30849807343173496,True,,benchmark_features_adjusted_close_exact_reference,False,,blocked_no_bear_cash_classifier,True,False,False,False,False,False,False,False,True,False
2016-02-03,2016-02-19,0050,consensus4_else_base,consensus4_ultra_strict_stock_exception,base_hold,base_asset,0050,00631L,00631L_reference,signal_date_interval_state_hold_approximation,base is continuously held between exceptions; interval rows decompose path for Experiments,10.707468032836914,11.052576065063477,0.032230591879257586,10.707468032836914,11.052576065063477,0.032230591879257586,-0.18871098788361806,-0.28621055705279286,True,,benchmark_features_adjusted_close_exact_reference,False,,blocked_no_bear_cash_classifier,True,False,False,False,False,False,False,False,True,False
2016-02-19,2016-02-26,0050,consensus4_else_base,consensus4_ultra_strict_stock_exception,base_hold,base_asset,0050,00631L,00631L_reference,signal_date_interval_state_hold_approximation,base is continuously held between exceptions; interval rows decompose path for Experiments,11.052576065063477,11.125231742858888,0.006573641960725629,11.052576065063477,11.125231742858888,0.006573641960725629,-0.18337786439129422,-0.2815183608195122,True,,benchmark_features_adjusted_close_exact_reference,False,,blocked_no_bear_cash_classifier,True,False,False,False,False,False,False,False,True,False
2016-02-26,2016-03-04,0050,consensus4_else_base,consensus4_ultra_strict_stock_exception,stock_exception,stock,3324,3324,stock,signal_date_interval_state_hold_approximation,base is continuously held between exceptions; interval rows decompose path for Experiments,11.125231742858888,11.461257934570312,0.030203972328676665,69.0,76.5,0.108695652173913,-0.0946145887816523,-0.20342253047380698,True,,official_unadjusted_ohlcv_tpex_trading_stock,True,0.1022186537883486,blocked_no_bear_cash_classifier,True,False,False,False,False,False,False,False,True,False
2016-03-04,2016-03-11,0050,consensus4_else_base,consensus4_ultra_strict_stock_exception,base_hold,base_asset,0050,00631L,00631L_reference,signal_date_interval_state_hold_approximation,base is continuously held between exceptions; interval rows decompose path for Experiments,11.461257934570312,11.542993545532228,0.007131469462473117,11.461257934570312,11.542993545532228,0.007131469462473117,-0.08815786036978002,-0.19774176257538678,True,,benchmark_features_adjusted_close_exact_reference,False,,blocked_no_bear_cash_classifier,True,False,False,False,False,False,False,False,True,False
2016-03-11,2016-03-18,0050,consensus4_else_base,consensus4_ultra_strict_stock_exception,base_hold,base_asset,0050,00631L,00631L_reference,signal_date_interval_state_hold_approximation,base is continuously held between exceptions; interval rows decompose path for Experiments,11.542993545532228,11.751876831054688,0.018096110397922693,11.542993545532228,11.751876831054688,0.018096110397922693,-0.07165706434555352,-0.18322400894330815,True,,benchmark_features_adjusted_close_exact_reference,False,,blocked_no_bear_cash_classifier,True,False,False,False,False,False,False,False,True,False
2016-03-18,2016-03-25,0050,consensus4_else_base,consensus4_ultra_strict_stock_exception,base_hold,base_asset,0050,00631L,00631L_reference,signal_date_interval_state_hold_approximation,base is continuously held between exceptions; interval rows decompose path for Experiments,11.751876831054688,11.633813858032228,-0.010046307897856321,11.751876831054688,11.633813858032228,-0.010046307897856321,-0.08098348331193794,-0.19142959203304044,True,,benchmark_features_adjusted_close_exact_reference,False,,blocked_no_bear_cash_classifier,True,False,False,False,False,False,False,False,True,False
2016-03-25,2016-04-01,0050,consensus4_else_base,consensus4_ultra_strict_stock_exception,base_hold,base_asset,0050,00631L,00631L_reference,signal_date_interval_state_hold_approximation,base is continuously held between exceptions; interval rows decompose path for Experiments,11.633813858032228,11.606569290161133,-0.0023418431997934697,11.633813858032228,11.606569290161133,-0.0023418431997934697,-0.08313567589204174,-0.19332313714449212,True,,benchmark_features_adjusted_close_exact_reference,False,,blocked_no_bear_cash_classifier,True,False,False,False,False,False,False,False,True,False
2016-04-01,2016-04-08,0050,consensus4_else_base,consensus4_ultra_strict_stock_exception,base_hold,base_asset,0050,00631L,00631L_reference,signal_date_interval_state_hold_approximation,base is continuously held between exceptions; interval rows decompose path for Experiments,11.606569290161133,11.397686004638672,-0.01799698776618952,11.606569290161133,11.397686004638672,-0.01799698776618952,-0.09963647191626823,-0.20784089077657075,True,,benchmark_features_adjusted_close_exact_reference,False,,blocked_no_bear_cash_classifier,True,False,False,False,False,False,False,False,True,False
2016-04-08,2016-04-15,0050,consensus4_else_base,consensus4_ultra_strict_stock_exception,base_hold,base_asset,0050,00631L,00631L_reference,signal_date_interval_state_hold_approximation,base is continuously held between exceptions; interval rows decompose path for Experiments,11.397686004638672,11.670141220092772,0.02390443247368057,11.397686004638672,11.670141220092772,0.02390443247368057,-0.07811379275742591,-0.18890477684172835,True,,benchmark_features_adjusted_close_exact_reference,False,,blocked_no_bear_cash_classifier,True,False,False,False,False,False,False,False,True,False
2016-04-15,2016-04-22,0050,consensus4_else_base,consensus4_ultra_strict_stock_exception,base_hold,base_asset,0050,00631L,00631L_reference,signal_date_interval_state_hold_approximation,base is continuously held between exceptions; interval rows decompose path for Experiments,11.670141220092772,11.479421615600586,-0.016342527557748787,11.670141220092772,11.479421615600586,-0.016342527557748787,-0.09317974350439617,-0.20216012287815077,True,,benchmark_features_adjusted_close_exact_reference,False,,blocked_no_bear_cash_classifier,True,False,False,False,False,False,False,False,True,False
2016-04-22,2016-04-29,0050,consensus4_else_base,consensus4_ultra_strict_stock_exception,base_hold,base_asset,0050,00631L,00631L_reference,signal_date_interval_state_hold_approximation,base is continuously held between exceptions; interval rows decompose path for Experiments,11.479421615600586,11.188803672790527,-0.02531642730284489,11.479421615600586,11.188803672790527,-0.02531642730284489,-0.11613719260471433,-0.22235857812661686,True,,benchmark_features_adjusted_close_exact_reference,False,,blocked_no_bear_cash_classifier,True,False,False,False,False,False,False,False,True,False
2016-04-29,2016-05-06,0050,consensus4_else_base,consensus4_ultra_strict_stock_exception,base_hold,base_asset,0050,00631L,00631L_reference,signal_date_interval_state_hold_approximation,base is continuously held between exceptions; interval rows decompose path for Experiments,11.188803672790527,10.843693733215332,-0.03084422156896449,11.188803672790527,10.843693733215332,-0.03084422156896449,-0.14339925287258148,-0.2463443224440841,True,,benchmark_features_adjusted_close_exact_reference,False,,blocked_no_bear_cash_classifier,True,False,False,False,False,False,False,False,True,False
2016-05-06,2016-05-13,0050,consensus4_else_base,consensus4_ultra_strict_stock_exception,base_hold,base_asset,0050,00631L,00631L_reference,signal_date_interval_state_hold_approximation,base is continuously held between exceptions; interval rows decompose path for Experiments,10.843693733215332,10.743794441223145,-0.009212662626775003,10.843693733215332,10.743794441223145,-0.009212662626775003,-0.15129082656170978,-0.2532874979381602,True,,benchmark_features_adjusted_close_exact_reference,False,,blocked_no_bear_cash_classifier,True,False,False,False,False,False,False,False,True,False
2016-05-13,2016-05-20,0050,consensus4_else_base,consensus4_ultra_strict_stock_exception,base_hold,base_asset,0050,00631L,00631L_reference,signal_date_interval_state_hold_approximation,base is continuously held between exceptions; interval rows decompose path for Experiments,10.743794441223145,10.898184776306152,0.014370186988185818,10.743794441223145,10.898184776306152,0.014370186988185818,-0.1390947170408129,-0.24255709965711547,True,,benchmark_features_adjusted_close_exact_reference,False,,blocked_no_bear_cash_classifier,True,False,False,False,False,False,False,False,True,False
2016-05-20,2016-05-27,0050,consensus4_else_base,consensus4_ultra_strict_stock_exception,base_hold,base_asset,0050,00631L,00631L_reference,signal_date_interval_state_hold_approximation,base is continuously held between exceptions; interval rows decompose path for Experiments,10.898184776306152,11.370443344116213,0.04333369065615433,10.898184776306152,11.370443344116213,0.04333369065615433,-0.10178851382481047,-0.2097343033239566,True,,benchmark_features_adjusted_close_exact_reference,False,,blocked_no_bear_cash_classifier,True,False,False,False,False,False,False,False,True,False
2016-05-27,2016-06-03,0050,consensus4_else_base,consensus4_ultra_strict_stock_exception,base_hold,base_asset,0050,00631L,00631L_reference,signal_date_interval_state_hold_approximation,base is continuously held between exceptions; interval rows decompose path for Experiments,11.370443344116213,11.597484588623049,0.019967668597928645,11.370443344116213,11.597484588623049,0.019967668597928645,-0.08385332453801131,-0.19395453978841815,True,,benchmark_features_adjusted_close_exact_reference,False,,blocked_no_bear_cash_classifier,True,False,False,False,False,False,False,False,True,False
2016-06-03,2016-06-08,0050,consensus4_else_base,consensus4_ultra_strict_stock_exception,base_hold,base_asset,0050,00631L,00631L_reference,signal_date_interval_state_hold_approximation,base is continuously held between exceptions; interval rows decompose path for Experiments,11.597484588623049,11.851777076721191,0.021926520889503864,11.597484588623049,11.851777076721191,0.021926520889503864,-0.0637654153206445,-0.1762807671671991,True,,benchmark_features_adjusted_close_exact_reference,False,,blocked_no_bear_cash_classifier,True,False,False,False,False,False,False,False,True,False
2016-06-08,2016-06-17,0050,consensus4_else_base,consensus4_ultra_strict_stock_exception,base_hold,base_asset,0050,00631L,00631L_reference,signal_date_interval_state_hold_approximation,base is continuously held between exceptions; interval rows decompose path for Experiments,11.851777076721191,11.633813858032228,-0.018390762606991462,11.851777076721191,11.633813858032228,-0.018390762606991462,-0.08098348331193772,-0.19142959203304022,True,,benchmark_features_adjusted_close_exact_reference,False,,blocked_no_bear_cash_classifier,True,False,False,False,False,False,False,False,True,False
2016-06-17,2016-06-24,0050,consensus4_else_base,consensus4_ultra_strict_stock_exception,base_hold,base_asset,0050,00631L,00631L_reference,signal_date_interval_state_hold_approximation,base is continuously held between exceptions; interval rows decompose path for Experiments,11.633813858032228,11.461257934570312,-0.014832274743916352,11.633813858032228,11.461257934570312,-0.014832274743916352,-0.09461458878165208,-0.20342253047380676,True,,benchmark_features_adjusted_close_exact_reference,False,,blocked_no_bear_cash_classifier,True,False,False,False,False,False,False,False,True,False
2016-06-24,2016-07-01,0050,consensus4_else_base,consensus4_ultra_strict_stock_exception,base_hold,base_asset,0050,00631L,00631L_reference,signal_date_interval_state_hold_approximation,base is continuously held between exceptions; interval rows decompose path for Experiments,11.461257934570312,12.033413887023926,0.04992086869695456,11.461257934570312,12.033413887023926,0.04992086869695456,-0.0494169625480827,-0.1636566912106373,True,,benchmark_features_adjusted_close_exact_reference,False,,blocked_no_bear_cash_classifier,True,False,False,False,False,False,False,False,True,False
2016-07-01,2016-07-07,0050,consensus4_else_base,consensus4_ultra_strict_stock_exception,base_hold,base_asset,0050,00631L,00631L_reference,signal_date_interval_state_hold_approximation,base is continuously held between exceptions; interval rows decompose path for Experiments,12.033413887023926,11.933511734008787,-0.008302062403327315,12.033413887023926,11.933511734008787,-0.008302062403327315,-0.05730876224455295,-0.17060006555081186,True,,benchmark_features_adjusted_close_exact_reference,False,,blocked_no_bear_cash_classifier,True,False,False,False,False,False,False,False,True,False
2016-07-07,2016-07-15,0050,consensus4_else_base,consensus4_ultra_strict_stock_exception,base_hold,base_asset,0050,00631L,00631L_reference,signal_date_interval_state_hold_approximation,base is continuously held between exceptions; interval rows decompose path for Experiments,11.933511734008787,12.442096710205078,0.04261821562104773,11.933511734008787,12.442096710205078,0.04261821562104773,-0.01713294380981889,-0.13525252030837343,True,,benchmark_features_adjusted_close_exact_reference,False,,blocked_no_bear_cash_classifier,True,False,False,False,False,False,False,False,True,False
2016-07-15,2016-07-22,0050,consensus4_else_base,consensus4_ultra_strict_stock_exception,base_hold,base_asset,0050,00631L,00631L_reference,signal_date_interval_state_hold_approximation,base is continuously held between exceptions; interval rows decompose path for Experiments,12.442096710205078,12.58740520477295,0.011678778742226559,12.442096710205078,12.58740520477295,0.011678778742226559,-0.005654256927550172,-0.12515332582515692,True,,benchmark_features_adjusted_close_exact_reference,False,,blocked_no_bear_cash_classifier,True,False,False,False,False,False,False,False,True,False
2016-07-22,2016-07-29,0050,consensus4_else_base,consensus4_ultra_strict_stock_exception,base_hold,base_asset,0050,00631L,00631L_reference,signal_date_interval_state_hold_approximation,base is continuously held between exceptions; interval rows decompose path for Experiments,12.58740520477295,12.604893684387209,0.0013893633620079004,12.58740520477295,12.604893684387209,0.0013893633620079004,-0.004272749382956742,-0.12393784590868384,True,,benchmark_features_adjusted_close_exact_reference,False,,blocked_no_bear_cash_classifier,True,False,False,False,False,False,False,False,True,False
2016-07-29,2016-08-05,0050,consensus4_else_base,consensus4_ultra_strict_stock_exception,base_hold,base_asset,0050,00631L,00631L_reference,signal_date_interval_state_hold_approximation,base is continuously held between exceptions; interval rows decompose path for Experiments,12.604893684387209,12.797967910766602,0.0153174022101068,12.604893684387209,12.797967910766602,0.0153174022101068,0.010979205406308257,-0.11051884953341462,True,,benchmark_features_adjusted_close_exact_reference,False,,blocked_no_bear_cash_classifier,True,False,False,False,False,False,False,False,True,False
2016-08-05,2016-08-12,0050,consensus4_else_base,consensus4_ultra_strict_stock_exception,base_hold,base_asset,0050,00631L,00631L_reference,signal_date_interval_state_hold_approximation,base is continuously held between exceptions; interval rows decompose path for Experiments,12.797967910766602,12.908291816711426,0.008620423704298608,12.797967910766602,12.908291816711426,0.008620423704298608,0.01969427451314587,-0.10285114513940563,True,,benchmark_features_adjusted_close_exact_reference,False,,blocked_no_bear_cash_classifier,True,False,False,False,False,False,False,False,True,False
2016-08-12,2016-08-19,0050,consensus4_else_base,consensus4_ultra_strict_stock_exception,base_hold,base_asset,0050,00631L,00631L_reference,signal_date_interval_state_hold_approximation,base is continuously held between exceptions; interval rows decompose path for Experiments,12.908291816711426,12.72441577911377,-0.01424480018026908,12.908291816711426,12.72441577911377,-0.01424480018026908,0.005168933327741598,-0.11563085130885209,True,,benchmark_features_adjusted_close_exact_reference,False,,blocked_no_bear_cash_classifier,True,False,False,False,False,False,False,False,True,False
2016-08-19,2016-08-26,0050,consensus4_else_base,consensus4_ultra_strict_stock_exception,base_hold,base_asset,0050,00631L,00631L_reference,signal_date_interval_state_hold_approximation,base is continuously held between exceptions; interval rows decompose path for Experiments,12.72441577911377,12.889907836914062,0.013005866884036932,12.72441577911377,12.889907836914062,0.013005866884036932,0.01824202667057162,-0.10412886388462594,True,,benchmark_features_adjusted_close_exact_reference,False,,blocked_no_bear_cash_classifier,True,False,False,False,False,False,False,False,True,False
2016-08-26,2016-09-02,0050,consensus4_else_base,consensus4_ultra_strict_stock_exception,base_hold,base_asset,0050,00631L,00631L_reference,signal_date_interval_state_hold_approximation,base is continuously held between exceptions; interval rows decompose path for Experiments,12.889907836914062,12.715221405029297,-0.013552186260362475,12.889907836914062,12.715221405029297,-0.013552186260362475,0.004442621067002994,-0.11626987638654407,True,,benchmark_features_adjusted_close_exact_reference,False,,blocked_no_bear_cash_classifier,True,False,False,False,False,False,False,False,True,False
2016-09-02,2016-09-09,0050,consensus4_else_base,consensus4_ultra_strict_stock_exception,stock_exception,stock,6451,6451,stock,signal_date_interval_state_hold_approximation,base is continuously held between exceptions; interval rows decompose path for Experiments,12.715221405029297,12.945069313049316,0.018076595027209486,143.0,168.0,0.1748251748251748,0.1800444778968986,0.0,True,,official_unadjusted_ohlcv_twse_stock_day,True,0.1679628209429772,blocked_no_bear_cash_classifier,True,False,False,False,False,False,False,False,True,False
2016-09-09,2016-09-14,0050,consensus4_else_base,consensus4_ultra_strict_stock_exception,base_hold,base_asset,0050,00631L,00631L_reference,signal_date_interval_state_hold_approximation,base is continuously held between exceptions; interval rows decompose path for Experiments,12.945069313049316,12.586505889892578,-0.02769884150371349,12.945069313049316,12.586505889892578,-0.02769884150371349,0.14735861293630004,-0.02769884150371349,True,,benchmark_features_adjusted_close_exact_reference,False,,blocked_no_bear_cash_classifier,True,False,False,False,False,False,False,False,True,False
2016-09-14,2016-09-23,0050,consensus4_else_base,consensus4_ultra_strict_stock_exception,base_hold,base_asset,0050,00631L,00631L_reference,signal_date_interval_state_hold_approximation,base is continuously held between exceptions; interval rows decompose path for Experiments,12.586505889892578,13.220891952514648,0.05040207887492465,12.586505889892578,13.220891952514648,0.05040207887492465,0.20518787224333956,0.0,True,,benchmark_features_adjusted_close_exact_reference,False,,blocked_no_bear_cash_classifier,True,False,False,False,False,False,False,False,True,False
2016-09-23,2016-09-30,0050,consensus4_else_base,consensus4_ultra_strict_stock_exception,base_hold,base_asset,0050,00631L,00631L_reference,signal_date_interval_state_hold_approximation,base is continuously held between exceptions; interval rows decompose path for Experiments,13.220891952514648,13.04620361328125,-0.013213052482451637,13.220891952514648,13.04620361328125,-0.013213052482451637,0.18926366163617403,-0.013213052482451748,True,,benchmark_features_adjusted_close_exact_reference,False,,blocked_no_bear_cash_classifier,True,False,False,False,False,False,False,False,True,False
2016-09-30,2016-10-07,0050,consensus4_else_base,consensus4_ultra_strict_stock_exception,base_hold,base_asset,0050,00631L,00631L_reference,signal_date_interval_state_hold_approximation,base is continuously held between exceptions; interval rows decompose path for Experiments,13.04620361328125,13.174919128417969,0.009866128028669152,13.04620361328125,13.174919128417969,0.009866128028669152,0.20099708918172032,-0.003477286121223999,True,,benchmark_features_adjusted_close_exact_reference,False,,blocked_no_bear_cash_classifier,True,False,False,False,False,False,False,False,True,False
2016-10-07,2016-10-14,0050,consensus4_else_base,consensus4_ultra_strict_stock_exception,base_hold,base_asset,0050,00631L,00631L_reference,signal_date_interval_state_hold_approximation,base is continuously held between exceptions; interval rows decompose path for Experiments,13.174919128417969,13.138144493103027,-0.0027912608006541717,13.174919128417969,13.138144493103027,-0.0027912608006541717,0.1976447930849876,-0.006258840909435293,True,,benchmark_features_adjusted_close_exact_reference,False,,blocked_no_bear_cash_classifier,True,False,False,False,False,False,False,False,True,False
2016-10-14,2016-10-21,0050,consensus4_else_base,consensus4_ultra_strict_stock_exception,base_hold,base_asset,0050,00631L,00631L_reference,signal_date_interval_state_hold_approximation,base is continuously held between exceptions; interval rows decompose path for Experiments,13.138144493103027,13.349603652954102,0.0160950551245711,13.138144493103027,13.349603652954102,0.0160950551245711,0.21692095204934603,0.0,True,,benchmark_features_adjusted_close_exact_reference,False,,blocked_no_bear_cash_classifier,True,False,False,False,False,False,False,False,True,False
2016-10-21,2016-10-28,0050,consensus4_else_base,consensus4_ultra_strict_stock_exception,base_hold,base_asset,0050,00631L,00631L_reference,signal_date_interval_state_hold_approximation,base is continuously held between exceptions; interval rows decompose path for Experiments,13.349603652954102,13.349603652954102,0.0,13.349603652954102,13.349603652954102,0.0,0.21692095204934603,0.0,True,,benchmark_features_adjusted_close_exact_reference,False,,blocked_no_bear_cash_classifier,True,False,False,False,False,False,False,False,True,False
2016-10-28,2016-11-04,0050,consensus4_else_base,consensus4_ultra_strict_stock_exception,base_hold,base_asset,0050,00631L,00631L_reference,signal_date_interval_state_hold_approximation,base is continuously held between exceptions; interval rows decompose path for Experiments,13.349603652954102,13.055399894714355,-0.02203838899551469,13.349603652954102,13.055399894714355,-0.02203838899551469,0.19010197473129042,-0.02203838899551469,True,,benchmark_features_adjusted_close_exact_reference,False,,blocked_no_bear_cash_classifier,True,False,False,False,False,False,False,False,True,False
2016-11-04,2016-11-11,0050,consensus4_else_base,consensus4_ultra_strict_stock_exception,base_hold,base_asset,0050,00631L,00631L_reference,signal_date_interval_state_hold_approximation,base is continuously held between exceptions; interval rows decompose path for Experiments,13.055399894714355,12.880711555480955,-0.013380542966295872,13.055399894714355,12.880711555480955,-0.013380542966295872,0.1741777641241249,-0.035124046350948124,True,,benchmark_features_adjusted_close_exact_reference,False,,blocked_no_bear_cash_classifier,True,False,False,False,False,False,False,False,True,False
2016-11-11,2016-11-18,0050,consensus4_else_base,consensus4_ultra_strict_stock_exception,base_hold,base_asset,0050,00631L,00631L_reference,signal_date_interval_state_hold_approximation,base is continuously held between exceptions; interval rows decompose path for Experiments,12.880711555480955,12.945069313049316,0.0049964442795844555,12.880711555480955,12.945069313049316,0.0049964442795844555,0.18004447789689815,-0.030303097411829683,True,,benchmark_features_adjusted_close_exact_reference,False,,blocked_no_bear_cash_classifier,True,False,False,False,False,False,False,False,True,False
2016-11-18,2016-11-25,0050,consensus4_else_base,consensus4_ultra_strict_stock_exception,base_hold,base_asset,0050,00631L,00631L_reference,signal_date_interval_state_hold_approximation,base is continuously held between exceptions; interval rows decompose path for Experiments,12.945069313049316,13.119756698608398,0.013494511410841792,12.945069313049316,13.119756698608398,0.013494511410841792,0.1959686015691786,-0.01721751149479578,True,,benchmark_features_adjusted_close_exact_reference,False,,blocked_no_bear_cash_classifier,True,False,False,False,False,False,False,False,True,False
2016-11-25,2016-12-02,0050,consensus4_else_base,consensus4_ultra_strict_stock_exception,base_hold,base_asset,0050,00631L,00631L_reference,signal_date_interval_state_hold_approximation,base is continuously held between exceptions; interval rows decompose path for Experiments,13.119756698608398,13.09217357635498,-0.0021024111107443844,13.119756698608398,13.09217357635498,-0.0021024111107443844,0.19345418389313807,-0.019283724318074236,True,,benchmark_features_adjusted_close_exact_reference,False,,blocked_no_bear_cash_classifier,True,False,False,False,False,False,False,False,True,False
2016-12-02,2016-12-09,0050,consensus4_else_base,consensus4_ultra_strict_stock_exception,base_hold,base_asset,0050,00631L,00631L_reference,signal_date_interval_state_hold_approximation,base is continuously held between exceptions; interval rows decompose path for Experiments,13.09217357635498,13.450737953186035,0.027387688892136053,13.09217357635498,13.450737953186035,0.027387688892136053,0.22614013578862147,0.0,True,,benchmark_features_adjusted_close_exact_reference,False,,blocked_no_bear_cash_classifier,True,False,False,False,False,False,False,False,True,False
2016-12-09,2016-12-16,0050,consensus4_else_base,consensus4_ultra_strict_stock_exception,base_hold,base_asset,0050,00631L,00631L_reference,signal_date_interval_state_hold_approximation,base is continuously held between exceptions; interval rows decompose path for Experiments,13.450737953186035,13.294441223144531,-0.01161993718006249,13.450737953186035,13.294441223144531,-0.01161993718006249,0.21189246443680432,-0.0116199371800626,True,,benchmark_features_adjusted_close_exact_reference,False,,blocked_no_bear_cash_classifier,True,False,False,False,False,False,False,False,True,False
2016-12-16,2016-12-23,0050,consensus4_else_base,consensus4_ultra_strict_stock_exception,base_hold,base_asset,0050,00631L,00631L_reference,signal_date_interval_state_hold_approximation,base is continuously held between exceptions; interval rows decompose path for Experiments,13.294441223144531,12.972652435302734,-0.0242047621589081,13.294441223144531,12.972652435302734,-0.0242047621589081,0.18255889557293847,-0.03554344152322575,True,,benchmark_features_adjusted_close_exact_reference,False,,blocked_no_bear_cash_classifier,True,False,False,False,False,False,False,False,True,False
2016-12-23,2016-12-30,0050,consensus4_else_base,consensus4_ultra_strict_stock_exception,base_hold,base_asset,0050,00631L,00631L_reference,signal_date_interval_state_hold_approximation,base is continuously held between exceptions; interval rows decompose path for Experiments,12.972652435302734,13.20250129699707,0.017717954199469865,12.972652435302734,13.20250129699707,0.017717954199469865,0.20351141992287536,-0.01845524439275603,True,,benchmark_features_adjusted_close_exact_reference,False,,blocked_no_bear_cash_classifier,True,False,False,False,False,False,False,False,True,False
2016-12-30,2017-01-06,0050,consensus4_else_base,consensus4_ultra_strict_stock_exception,base_hold,base_asset,0050,00631L,00631L_reference,signal_date_interval_state_hold_approximation,base is continuously held between exceptions; interval rows decompose path for Experiments,13.20250129699707,13.35880184173584,0.011838707016398553,13.20250129699707,13.35880184173584,0.011838707016398553,0.21775943901423211,-0.006835023607639323,True,,benchmark_features_adjusted_close_exact_reference,False,,blocked_no_bear_cash_classifier,True,False,False,False,False,False,False,False,True,False
2017-01-06,2017-01-13,0050,consensus4_else_base,consensus4_ultra_strict_stock_exception,base_hold,base_asset,0050,00631L,00631L_reference,signal_date_interval_state_hold_approximation,base is continuously held between exceptions; interval rows decompose path for Experiments,13.35880184173584,13.349603652954102,-0.0006885489350549889,13.35880184173584,13.349603652954102,-0.0006885489350549889,0.2169209520493458,-0.007518866294468185,True,,benchmark_features_adjusted_close_exact_reference,False,,blocked_no_bear_cash_classifier,True,False,False,False,False,False,False,False,True,False
2017-01-13,2017-01-20,0050,consensus4_else_base,consensus4_ultra_strict_stock_exception,stock_exception,stock,3529,3529,stock,signal_date_interval_state_hold_approximation,base is continuously held between exceptions; interval rows decompose path for Experiments,13.349603652954102,13.266862869262695,-0.006197995524241384,442.5,401.0,-0.0937853107344632,0.10279164242211913,-0.10059901781713376,True,,official_unadjusted_ohlcv_tpex_trading_stock,True,-0.099079299702357,blocked_no_bear_cash_classifier,True,False,False,False,False,False,False,False,True,False
2017-01-20,2017-01-24,0050,consensus4_else_base,consensus4_ultra_strict_stock_exception,base_hold,base_asset,0050,00631L,00631L_reference,signal_date_interval_state_hold_approximation,base is continuously held between exceptions; interval rows decompose path for Experiments,13.266862869262695,13.47832202911377,0.015938896929506452,13.266862869262695,13.47832202911377,0.015938896929506452,0.1203689247454065,-0.08626355826382415,True,,benchmark_features_adjusted_close_exact_reference,False,,blocked_no_bear_cash_classifier,True,False,False,False,False,False,False,False,True,False
2017-01-24,2017-02-03,0050,consensus4_else_base,consensus4_ultra_strict_stock_exception,base_hold,base_asset,0050,00631L,00631L_reference,signal_date_interval_state_hold_approximation,base is continuously held between exceptions; interval rows decompose path for Experiments,13.47832202911377,13.395573616027832,-0.006139370531969557,13.47832202911377,13.395573616027832,-0.006139370531969557,0.11349056478389019,-0.09187332484820587,True,,benchmark_features_adjusted_close_exact_reference,False,,blocked_no_bear_cash_classifier,True,False,False,False,False,False,False,False,True,False
2017-02-03,2017-02-10,0050,consensus4_else_base,consensus4_ultra_strict_stock_exception,stock_exception,stock,3346,3346,stock,signal_date_interval_state_hold_approximation,base is continuously held between exceptions; interval rows decompose path for Experiments,13.395573616027832,13.70421314239502,0.023040411348857814,79.5,88.0,0.1069182389937106,0.23254301510669606,0.0,True,,official_unadjusted_ohlcv_twse_stock_day,True,0.1004517783529862,blocked_no_bear_cash_classifier,True,False,False,False,False,False,False,False,True,False
2017-02-10,2017-02-17,0050,consensus4_else_base,consensus4_ultra_strict_stock_exception,base_hold,base_asset,0050,00631L,00631L_reference,signal_date_interval_state_hold_approximation,base is continuously held between exceptions; interval rows decompose path for Experiments,13.70421314239502,13.807747840881348,0.007554953897063621,13.70421314239502,13.807747840881348,0.007554953897063621,0.24185482076197484,0.0,True,,benchmark_features_adjusted_close_exact_reference,False,,blocked_no_bear_cash_classifier,True,False,False,False,False,False,False,False,True,False
2017-02-17,2017-02-24,0050,consensus4_else_base,consensus4_ultra_strict_stock_exception,base_hold,base_asset,0050,00631L,00631L_reference,signal_date_interval_state_hold_approximation,base is continuously held between exceptions; interval rows decompose path for Experiments,13.807747840881348,13.770098686218262,-0.002726668758507911,13.807747840881348,13.770098686218262,-0.002726668758507911,0.2384686940196008,-0.0027266687585077998,True,,benchmark_features_adjusted_close_exact_reference,False,,blocked_no_bear_cash_classifier,True,False,False,False,False,False,False,False,True,False
2017-02-24,2017-03-03,0050,consensus4_else_base,consensus4_ultra_strict_stock_exception,base_hold,base_asset,0050,00631L,00631L_reference,signal_date_interval_state_hold_approximation,base is continuously held between exceptions; interval rows decompose path for Experiments,13.770098686218262,13.572442054748535,-0.014354046109164798,13.770098686218262,13.572442054748535,-0.014354046109164798,0.22069165728088636,-0.017041576138588588,True,,benchmark_features_adjusted_close_exact_reference,False,,blocked_no_bear_cash_classifier,True,False,False,False,False,False,False,False,True,False
2017-03-03,2017-03-10,0050,consensus4_else_base,consensus4_ultra_strict_stock_exception,base_hold,base_asset,0050,00631L,00631L_reference,signal_date_interval_state_hold_approximation,base is continuously held between exceptions; interval rows decompose path for Experiments,13.572442054748535,13.553617477416992,-0.0013869705433707802,13.572442054748535,13.553617477416992,-0.0013869705433707802,0.21899859390969922,-0.018404910517842654,True,,benchmark_features_adjusted_close_exact_reference,False,,blocked_no_bear_cash_classifier,True,False,False,False,False,False,False,False,True,False
2017-03-10,2017-03-17,0050,consensus4_else_base,consensus4_ultra_strict_stock_exception,base_hold,base_asset,0050,00631L,00631L_reference,signal_date_interval_state_hold_approximation,base is continuously held between exceptions; interval rows decompose path for Experiments,13.553617477416992,13.930108070373535,0.027777867686161972,13.553617477416992,13.930108070373535,0.027777867686161972,0.2528597755609403,0.0,True,,benchmark_features_adjusted_close_exact_reference,False,,blocked_no_bear_cash_classifier,True,False,False,False,False,False,False,False,True,False
2017-03-17,2017-03-24,0050,consensus4_else_base,consensus4_ultra_strict_stock_exception,base_hold,base_asset,0050,00631L,00631L_reference,signal_date_interval_state_hold_approximation,base is continuously held between exceptions; interval rows decompose path for Experiments,13.930108070373535,13.977168083190918,0.0033782948832585813,13.930108070373535,13.977168083190918,0.0033782948832585813,0.25709230533015837,0.0,True,,benchmark_features_adjusted_close_exact_reference,False,,blocked_no_bear_cash_classifier,True,False,False,False,False,False,False,False,True,False
2017-03-24,2017-03-31,0050,consensus4_else_base,consensus4_ultra_strict_stock_exception,base_hold,base_asset,0050,00631L,00631L_reference,signal_date_interval_state_hold_approximation,base is continuously held between exceptions; interval rows decompose path for Experiments,13.977168083190918,13.873632431030272,-0.007407484230311234,13.977168083190918,13.873632431030272,-0.007407484230311234,0.2477804139023796,-0.007407484230311234,True,,benchmark_features_adjusted_close_exact_reference,False,,blocked_no_bear_cash_classifier,True,False,False,False,False,False,False,False,True,False
2017-03-31,2017-04-07,0050,consensus4_else_base,consensus4_ultra_strict_stock_exception,base_hold,base_asset,0050,00631L,00631L_reference,signal_date_interval_state_hold_approximation,base is continuously held between exceptions; interval rows decompose path for Experiments,13.873632431030272,13.948932647705078,0.005427577604433909,13.873632431030272,13.948932647705078,0.005427577604433909,0.25455283893212743,-0.002020111321391016,True,,benchmark_features_adjusted_close_exact_reference,False,,blocked_no_bear_cash_classifier,True,False,False,False,False,False,False,False,True,False
2017-04-07,2017-04-14,0050,consensus4_else_base,consensus4_ultra_strict_stock_exception,base_hold,base_asset,0050,00631L,00631L_reference,signal_date_interval_state_hold_approximation,base is continuously held between exceptions; interval rows decompose path for Experiments,13.948932647705078,13.845396995544434,-0.00742247846308719,13.948932647705078,13.845396995544434,-0.00742247846308719,0.24524094750434888,-0.009427595551702028,True,,benchmark_features_adjusted_close_exact_reference,False,,blocked_no_bear_cash_classifier,True,False,False,False,False,False,False,False,True,False
2017-04-14,2017-04-21,0050,consensus4_else_base,consensus4_ultra_strict_stock_exception,base_hold,base_asset,0050,00631L,00631L_reference,signal_date_interval_state_hold_approximation,base is continuously held between exceptions; interval rows decompose path for Experiments,13.845396995544434,13.835986137390137,-0.0006797102428572899,13.845396995544434,13.835986137390137,-0.0006797102428572899,0.24439454447750486,-0.0101008977612973,True,,benchmark_features_adjusted_close_exact_reference,False,,blocked_no_bear_cash_classifier,True,False,False,False,False,False,False,False,True,False
2017-04-21,2017-04-28,0050,consensus4_else_base,consensus4_ultra_strict_stock_exception,base_hold,base_asset,0050,00631L,00631L_reference,signal_date_interval_state_hold_approximation,base is continuously held between exceptions; interval rows decompose path for Experiments,13.835986137390137,14.03364372253418,0.014285760565334593,13.835986137390137,14.03364372253418,0.014285760565334593,0.2621716669887191,0.0,True,,benchmark_features_adjusted_close_exact_reference,False,,blocked_no_bear_cash_classifier,True,False,False,False,False,False,False,False,True,False
2017-04-28,2017-05-05,0050,consensus4_else_base,consensus4_ultra_strict_stock_exception,base_hold,base_asset,0050,00631L,00631L_reference,signal_date_interval_state_hold_approximation,base is continuously held between exceptions; interval rows decompose path for Experiments,14.03364372253418,14.146588325500488,0.008048130991450853,14.03364372253418,14.146588325500488,0.008048130991450853,0.2723297898983421,0.0,True,,benchmark_features_adjusted_close_exact_reference,False,,blocked_no_bear_cash_classifier,True,False,False,False,False,False,False,False,True,False
2017-05-05,2017-05-12,0050,consensus4_else_base,consensus4_ultra_strict_stock_exception,base_hold,base_asset,0050,00631L,00631L_reference,signal_date_interval_state_hold_approximation,base is continuously held between exceptions; interval rows decompose path for Experiments,14.146588325500488,14.36306858062744,0.015302647546244552,14.146588325500488,14.36306858062744,0.015302647546244552,0.2917998042357439,0.0,True,,benchmark_features_adjusted_close_exact_reference,False,,blocked_no_bear_cash_classifier,True,False,False,False,False,False,False,False,True,False
2017-05-12,2017-05-19,0050,consensus4_else_base,consensus4_ultra_strict_stock_exception,stock_exception,stock,1569,1569,stock,signal_date_interval_state_hold_approximation,base is continuously held between exceptions; interval rows decompose path for Experiments,14.36306858062744,14.278359413146973,-0.005897706816962556,38.7,36.95,-0.0452196382428941,0.23338508440596217,-0.0452196382428941,True,,official_unadjusted_ohlcv_tpex_trading_stock,True,-0.0507974231528979,blocked_no_bear_cash_classifier,True,False,False,False,False,False,False,False,True,False
2017-05-19,2017-05-26,0050,consensus4_else_base,consensus4_ultra_strict_stock_exception,base_hold,base_asset,0050,00631L,00631L_reference,signal_date_interval_state_hold_approximation,base is continuously held between exceptions; interval rows decompose path for Experiments,14.278359413146973,14.485428810119627,0.014502324180325044,14.278359413146973,14.485428810119627,0.014502324180325044,0.251272034739195,-0.031373103915684486,True,,benchmark_features_adjusted_close_exact_reference,False,,blocked_no_bear_cash_classifier,True,False,False,False,False,False,False,False,True,False
2017-05-26,2017-06-02,0050,consensus4_else_base,consensus4_ultra_strict_stock_exception,base_hold,base_asset,0050,00631L,00631L_reference,signal_date_interval_state_hold_approximation,base is continuously held between exceptions; interval rows decompose path for Experiments,14.485428810119627,14.532488822937012,0.003248782858572108,14.485428810119627,14.532488822937012,0.003248782858572108,0.25533714587706635,-0.028226245459333832,True,,benchmark_features_adjusted_close_exact_reference,False,,blocked_no_bear_cash_classifier,True,False,False,False,False,False,False,False,True,False
2017-06-02,2017-06-09,0050,consensus4_else_base,consensus4_ultra_strict_stock_exception,base_hold,base_asset,0050,00631L,00631L_reference,signal_date_interval_state_hold_approximation,base is continuously held between exceptions; interval rows decompose path for Experiments,14.532488822937012,14.68308448791504,0.010362689200237973,14.532488822937012,14.68308448791504,0.010362689200237973,0.26834581456130424,-0.018156056068080573,True,,benchmark_features_adjusted_close_exact_reference,False,,blocked_no_bear_cash_classifier,True,False,False,False,False,False,False,False,True,False
2017-06-09,2017-06-16,0050,consensus4_else_base,consensus4_ultra_strict_stock_exception,base_hold,base_asset,0050,00631L,00631L_reference,signal_date_interval_state_hold_approximation,base is continuously held between exceptions; interval rows decompose path for Experiments,14.68308448791504,14.626611709594728,-0.0038461113784908907,14.68308448791504,14.626611709594728,-0.0038461113784908907,0.26346761529205875,-0.021932337232739463,True,,benchmark_features_adjusted_close_exact_reference,False,,blocked_no_bear_cash_classifier,True,False,False,False,False,False,False,False,True,False
2017-06-16,2017-06-23,0050,consensus4_else_base,consensus4_ultra_strict_stock_exception,base_hold,base_asset,0050,00631L,00631L_reference,signal_date_interval_state_hold_approximation,base is continuously held between exceptions; interval rows decompose path for Experiments,14.626611709594728,15.003101348876951,0.025740044704629428,14.626611709594728,15.003101348876951,0.025740044704629428,0.2959893281925279,0.0,True,,benchmark_features_adjusted_close_exact_reference,False,,blocked_no_bear_cash_classifier,True,False,False,False,False,False,False,False,True,False
2017-06-23,2017-06-30,0050,consensus4_else_base,consensus4_ultra_strict_stock_exception,base_hold,base_asset,0050,00631L,00631L_reference,signal_date_interval_state_hold_approximation,base is continuously held between exceptions; interval rows decompose path for Experiments,15.003101348876951,15.134873390197754,0.008782986814300564,15.003101348876951,15.134873390197754,0.008782986814300564,0.30737198537351706,0.0,True,,benchmark_features_adjusted_close_exact_reference,False,,blocked_no_bear_cash_classifier,True,False,False,False,False,False,False,False,True,False
2017-06-30,2017-07-07,0050,consensus4_else_base,consensus4_ultra_strict_stock_exception,base_hold,base_asset,0050,00631L,00631L_reference,signal_date_interval_state_hold_approximation,base is continuously held between exceptions; interval rows decompose path for Experiments,15.134873390197754,15.050167083740234,-0.005596763466312216,15.134873390197754,15.050167083740234,-0.005596763466312216,0.30005493360889846,-0.005596763466312216,True,,benchmark_features_adjusted_close_exact_reference,False,,blocked_no_bear_cash_classifier,True,False,False,False,False,False,False,False,True,False
2017-07-07,2017-07-14,0050,consensus4_else_base,consensus4_ultra_strict_stock_exception,base_hold,base_asset,0050,00631L,00631L_reference,signal_date_interval_state_hold_approximation,base is continuously held between exceptions; interval rows decompose path for Experiments,15.050167083740234,15.445478439331056,0.026266243649740284,15.050167083740234,15.445478439331056,0.026266243649740284,0.3342024932531167,0.0,True,,benchmark_features_adjusted_close_exact_reference,False,,blocked_no_bear_cash_classifier,True,False,False,False,False,False,False,False,True,False
2017-07-14,2017-07-21,0050,consensus4_else_base,consensus4_ultra_strict_stock_exception,base_hold,base_asset,0050,00631L,00631L_reference,signal_date_interval_state_hold_approximation,base is continuously held between exceptions; interval rows decompose path for Experiments,15.445478439331056,15.45488739013672,0.0006091718584582129,15.445478439331056,15.45488739013672,0.0006091718584582129,0.3350152518654912,0.0,True,,benchmark_features_adjusted_close_exact_reference,False,,blocked_no_bear_cash_classifier,True,False,False,False,False,False,False,False,True,False
2017-07-21,2017-07-28,0050,consensus4_else_base,consensus4_ultra_strict_stock_exception,base_hold,base_asset,0050,00631L,00631L_reference,signal_date_interval_state_hold_approximation,base is continuously held between exceptions; interval rows decompose path for Experiments,15.45488739013672,15.45488739013672,0.0,15.45488739013672,15.45488739013672,0.0,0.3350152518654912,0.0,True,,benchmark_features_adjusted_close_exact_reference,False,,blocked_no_bear_cash_classifier,True,False,False,False,False,False,False,False,True,False
2017-07-28,2017-08-04,0050,consensus4_else_base,consensus4_ultra_strict_stock_exception,base_hold,base_asset,0050,00631L,00631L_reference,signal_date_interval_state_hold_approximation,base is continuously held between exceptions; interval rows decompose path for Experiments,15.45488739013672,15.635258674621582,0.011670824893876164,15.45488739013672,15.635258674621582,0.011670824893876164,0.35059598110066736,0.0,True,,benchmark_features_adjusted_close_exact_reference,False,,blocked_no_bear_cash_classifier,True,False,False,False,False,False,False,False,True,False
2017-08-04,2017-08-11,0050,consensus4_else_base,consensus4_ultra_strict_stock_exception,base_hold,base_asset,0050,00631L,00631L_reference,signal_date_interval_state_hold_approximation,base is continuously held between exceptions; interval rows decompose path for Experiments,15.635258674621582,15.426411628723145,-0.013357441040449669,15.635258674621582,15.426411628723145,-0.013357441040449669,0.332555474913647,-0.013357441040449558,True,,benchmark_features_adjusted_close_exact_reference,False,,blocked_no_bear_cash_classifier,True,False,False,False,False,False,False,False,True,False
2017-08-11,2017-08-18,0050,consensus4_else_base,consensus4_ultra_strict_stock_exception,base_hold,base_asset,0050,00631L,00631L_reference,signal_date_interval_state_hold_approximation,base is continuously held between exceptions; interval rows decompose path for Experiments,15.426411628723145,15.407421112060549,-0.001231039150234814,15.426411628723145,15.407421112060549,-0.001231039150234814,0.3309150469541686,-0.01457203665781659,True,,benchmark_features_adjusted_close_exact_reference,False,,blocked_no_bear_cash_classifier,True,False,False,False,False,False,False,False,True,False
2017-08-18,2017-08-25,0050,consensus4_else_base,consensus4_ultra_strict_stock_exception,base_hold,base_asset,0050,00631L,00631L_reference,signal_date_interval_state_hold_approximation,base is continuously held between exceptions; interval rows decompose path for Experiments,15.407421112060549,15.701709747314451,0.019100447317788927,15.407421112060549,15.701709747314451,0.019100447317788927,0.3563361196929693,0.0,True,,benchmark_features_adjusted_close_exact_reference,False,,blocked_no_bear_cash_classifier,True,False,False,False,False,False,False,False,True,False
2017-08-25,2017-09-01,0050,consensus4_else_base,consensus4_ultra_strict_stock_exception,stock_exception,stock,2603,2603,stock,signal_date_interval_state_hold_approximation,base is continuously held between exceptions; interval rows decompose path for Experiments,15.701709747314451,15.758671760559082,0.0036277586429320774,22.0,22.4,0.018181818181818,0.38099677641465957,0.0,True,,official_unadjusted_ohlcv_twse_stock_day,True,0.0122333143268561,blocked_no_bear_cash_classifier,True,False,False,False,False,False,False,False,True,False
2017-09-01,2017-09-08,0050,consensus4_else_base,consensus4_ultra_strict_stock_exception,base_hold,base_asset,0050,00631L,00631L_reference,signal_date_interval_state_hold_approximation,base is continuously held between exceptions; interval rows decompose path for Experiments,15.758671760559082,15.701709747314451,-0.0036146455811837397,15.758671760559082,15.701709747314451,-0.0036146455811837397,0.37600496251916327,-0.0036146455811837397,True,,benchmark_features_adjusted_close_exact_reference,False,,blocked_no_bear_cash_classifier,True,False,False,False,False,False,False,False,True,False
2017-09-08,2017-09-15,0050,consensus4_else_base,consensus4_ultra_strict_stock_exception,base_hold,base_asset,0050,00631L,00631L_reference,signal_date_interval_state_hold_approximation,base is continuously held between exceptions; interval rows decompose path for Experiments,15.701709747314451,15.635258674621582,-0.004232091521385706,15.701709747314451,15.635258674621582,-0.004232091521385706,0.3701815835839013,-0.007831439591652556,True,,benchmark_features_adjusted_close_exact_reference,False,,blocked_no_bear_cash_classifier,True,False,False,False,False,False,False,False,True,False
2017-09-15,2017-09-22,0050,consensus4_else_base,consensus4_ultra_strict_stock_exception,base_hold,base_asset,0050,00631L,00631L_reference,signal_date_interval_state_hold_approximation,base is continuously held between exceptions; interval rows decompose path for Experiments,15.635258674621582,15.492865562438965,-0.009107179813644062,15.635258674621582,15.492865562438965,-0.009107179813644062,0.3577030935248591,-0.016867297076735732,True,,benchmark_features_adjusted_close_exact_reference,False,,blocked_no_bear_cash_classifier,True,False,False,False,False,False,False,False,True,False
2017-09-22,2017-09-29,0050,consensus4_else_base,consensus4_ultra_strict_stock_exception,base_hold,base_asset,0050,00631L,00631L_reference,signal_date_interval_state_hold_approximation,base is continuously held between exceptions; interval rows decompose path for Experiments,15.492865562438965,15.31248950958252,-0.011642523594456944,15.492865562438965,15.31248950958252,-0.011642523594456944,0.34189600322422864,-0.028313442767002095,True,,benchmark_features_adjusted_close_exact_reference,False,,blocked_no_bear_cash_classifier,True,False,False,False,False,False,False,False,True,False
2017-09-29,2017-10-06,0050,consensus4_else_base,consensus4_ultra_strict_stock_exception,base_hold,base_asset,0050,00631L,00631L_reference,signal_date_interval_state_hold_approximation,base is continuously held between exceptions; interval rows decompose path for Experiments,15.31248950958252,15.58779525756836,0.017979163206188975,15.31248950958252,15.58779525756836,0.017979163206188975,0.36602217047192975,-0.010843331569250214,True,,benchmark_features_adjusted_close_exact_reference,False,,blocked_no_bear_cash_classifier,True,False,False,False,False,False,False,False,True,False
2017-10-06,2017-10-13,0050,consensus4_else_base,consensus4_ultra_strict_stock_exception,base_hold,base_asset,0050,00631L,00631L_reference,signal_date_interval_state_hold_approximation,base is continuously held between exceptions; interval rows decompose path for Experiments,15.58779525756836,15.958027839660645,0.023751439890931758,15.58779525756836,15.958027839660645,0.023751439890931758,0.39846716394357395,0.0,True,,benchmark_features_adjusted_close_exact_reference,False,,blocked_no_bear_cash_classifier,True,False,False,False,False,False,False,False,True,False
2017-10-13,2017-10-20,0050,consensus4_else_base,consensus4_ultra_strict_stock_exception,base_hold,base_asset,0050,00631L,00631L_reference,signal_date_interval_state_hold_approximation,base is continuously held between exceptions; interval rows decompose path for Experiments,15.958027839660645,16.052963256835938,0.005949069529716411,15.958027839660645,16.052963256835938,0.005949069529716411,0.4067867423368996,0.0,True,,benchmark_features_adjusted_close_exact_reference,False,,blocked_no_bear_cash_classifier,True,False,False,False,False,False,False,False,True,False
2017-10-20,2017-10-27,0050,consensus4_else_base,consensus4_ultra_strict_stock_exception,base_hold,base_asset,0050,00631L,00631L_reference,signal_date_interval_state_hold_approximation,base is continuously held between exceptions; interval rows decompose path for Experiments,16.052963256835938,16.0054931640625,-0.0029570922211650252,16.052963256835938,16.0054931640625,-0.0029570922211650252,0.402626744204297,-0.0029570922211650252,True,,benchmark_features_adjusted_close_exact_reference,False,,blocked_no_bear_cash_classifier,True,False,False,False,False,False,False,False,True,False
2017-10-27,2017-11-03,0050,consensus4_else_base,consensus4_ultra_strict_stock_exception,stock_exception,stock,6121,6121,stock,signal_date_interval_state_hold_approximation,base is continuously held between exceptions; interval rows decompose path for Experiments,16.0054931640625,16.081438064575195,0.004744927240556196,171.0,181.0,0.0584795321637428,0.484651700005718,0.0,True,,official_unadjusted_ohlcv_tpex_trading_stock,True,0.0522960024449145,blocked_no_bear_cash_classifier,True,False,False,False,False,False,False,False,True,False
2017-11-03,2017-11-10,0050,consensus4_else_base,consensus4_ultra_strict_stock_exception,base_hold,base_asset,0050,00631L,00631L_reference,signal_date_interval_state_hold_approximation,base is continuously held between exceptions; interval rows decompose path for Experiments,16.081438064575195,16.052963256835938,-0.001770663023102581,16.081438064575195,16.052963256835938,-0.001770663023102581,0.48202288213833144,-0.001770663023102581,True,,benchmark_features_adjusted_close_exact_reference,False,,blocked_no_bear_cash_classifier,True,False,False,False,False,False,False,False,True,False
2017-11-10,2017-11-17,0050,consensus4_else_base,consensus4_ultra_strict_stock_exception,base_hold,base_asset,0050,00631L,00631L_reference,signal_date_interval_state_hold_approximation,base is continuously held between exceptions; interval rows decompose path for Experiments,16.052963256835938,16.014986038208008,-0.002365745066522651,16.052963256835938,16.014986038208008,-0.002365745066522651,0.47851679381643897,-0.004132219152313876,True,,benchmark_features_adjusted_close_exact_reference,False,,blocked_no_bear_cash_classifier,True,False,False,False,False,False,False,False,True,False
2017-11-17,2017-11-24,0050,consensus4_else_base,consensus4_ultra_strict_stock_exception,base_hold,base_asset,0050,00631L,00631L_reference,signal_date_interval_state_hold_approximation,base is continuously held between exceptions; interval rows decompose path for Experiments,16.014986038208008,16.1668758392334,0.009484229375100073,16.014986038208008,16.1668758392334,0.009484229375100073,0.49253938622393156,0.0,True,,benchmark_features_adjusted_close_exact_reference,False,,blocked_no_bear_cash_classifier,True,False,False,False,False,False,False,False,True,False
2017-11-24,2017-12-01,0050,consensus4_else_base,consensus4_ultra_strict_stock_exception,stock_exception,stock,6573,6573,stock,signal_date_interval_state_hold_approximation,base is continuously held between exceptions; interval rows decompose path for Experiments,16.1668758392334,15.682722091674805,-0.029947267015168144,72.7,70.0,-0.0371389270976616,0.4371080747685723,-0.037138927097661645,True,,official_unadjusted_ohlcv_twse_stock_day,True,-0.0427640530110688,blocked_no_bear_cash_classifier,True,False,False,False,False,False,False,False,True,False
2017-12-01,2017-12-08,0050,consensus4_else_base,consensus4_ultra_strict_stock_exception,base_hold,base_asset,0050,00631L,00631L_reference,signal_date_interval_state_hold_approximation,base is continuously held between exceptions; interval rows decompose path for Experiments,15.682722091674805,15.35995864868164,-0.02058083036263858,15.682722091674805,15.35995864868164,-0.02058083036263858,0.4075311972689821,-0.056955407501852906,True,,benchmark_features_adjusted_close_exact_reference,False,,blocked_no_bear_cash_classifier,True,False,False,False,False,False,False,False,True,False
2017-12-08,2017-12-15,0050,consensus4_else_base,consensus4_ultra_strict_stock_exception,base_hold,base_asset,0050,00631L,00631L_reference,signal_date_interval_state_hold_approximation,base is continuously held between exceptions; interval rows decompose path for Experiments,15.35995864868164,15.397932052612305,0.0024722334740090446,15.35995864868164,15.397932052612305,0.0024722334740090446,0.4110109430105826,-0.05462398109279576,True,,benchmark_features_adjusted_close_exact_reference,False,,blocked_no_bear_cash_classifier,True,False,False,False,False,False,False,False,True,False
2017-12-15,2017-12-22,0050,consensus4_else_base,consensus4_ultra_strict_stock_exception,base_hold,base_asset,0050,00631L,00631L_reference,signal_date_interval_state_hold_approximation,base is continuously held between exceptions; interval rows decompose path for Experiments,15.397932052612305,15.43590259552002,0.0024659508028723742,15.397932052612305,15.43590259552002,0.0024659508028723742,0.4144904265783613,-0.052292730339955185,True,,benchmark_features_adjusted_close_exact_reference,False,,blocked_no_bear_cash_classifier,True,False,False,False,False,False,False,False,True,False
2017-12-22,2017-12-29,0050,consensus4_else_base,consensus4_ultra_strict_stock_exception,base_hold,base_asset,0050,00631L,00631L_reference,signal_date_interval_state_hold_approximation,base is continuously held between exceptions; interval rows decompose path for Experiments,15.43590259552002,15.597288131713867,0.010455205660645062,15.43590259552002,15.597288131713867,0.010455205660645062,0.4292792148932516,-0.04238425592957107,True,,benchmark_features_adjusted_close_exact_reference,False,,blocked_no_bear_cash_classifier,True,False,False,False,False,False,False,False,True,False
2017-12-29,2018-01-05,0050,consensus4_else_base,consensus4_ultra_strict_stock_exception,base_hold,base_asset,0050,00631L,00631L_reference,signal_date_interval_state_hold_approximation,base is continuously held between exceptions; interval rows decompose path for Experiments,15.597288131713867,15.90106964111328,0.019476559439953967,15.597288131713867,15.90106964111328,0.019476559439953967,0.4571166564784108,-0.023733195969547483,True,,benchmark_features_adjusted_close_exact_reference,False,,blocked_no_bear_cash_classifier,True,False,False,False,False,False,False,False,True,False
2018-01-05,2018-01-12,0050,consensus4_else_base,consensus4_ultra_strict_stock_exception,base_hold,base_asset,0050,00631L,00631L_reference,signal_date_interval_state_hold_approximation,base is continuously held between exceptions; interval rows decompose path for Experiments,15.90106964111328,15.967516899108888,0.00417879170994917,15.90106964111328,15.967516899108888,0.00417879170994917,0.4632056434829317,-0.019653580342166466,True,,benchmark_features_adjusted_close_exact_reference,False,,blocked_no_bear_cash_classifier,True,False,False,False,False,False,False,False,True,False
2018-01-12,2018-01-19,0050,consensus4_else_base,consensus4_ultra_strict_stock_exception,base_hold,base_asset,0050,00631L,00631L_reference,signal_date_interval_state_hold_approximation,base is continuously held between exceptions; interval rows decompose path for Experiments,15.967516899108888,16.54660415649414,0.03626658177625419,15.967516899108888,16.54660415649414,0.03626658177625419,0.516271110607782,0.0,True,,benchmark_features_adjusted_close_exact_reference,False,,blocked_no_bear_cash_classifier,True,False,False,False,False,False,False,False,True,False
2018-01-19,2018-01-26,0050,consensus4_else_base,consensus4_ultra_strict_stock_exception,base_hold,base_asset,0050,00631L,00631L_reference,signal_date_interval_state_hold_approximation,base is continuously held between exceptions; interval rows decompose path for Experiments,16.54660415649414,16.613054275512695,0.004015936949363308,16.54660415649414,16.613054275512695,0.004015936949363308,0.5223603597861239,0.0,True,,benchmark_features_adjusted_close_exact_reference,False,,blocked_no_bear_cash_classifier,True,False,False,False,False,False,False,False,True,False
2018-01-26,2018-02-02,0050,consensus4_else_base,consensus4_ultra_strict_stock_exception,base_hold,base_asset,0050,00631L,00631L_reference,signal_date_interval_state_hold_approximation,base is continuously held between exceptions; interval rows decompose path for Experiments,16.613054275512695,16.5351505279541,-0.0046893091581252655,16.613054275512695,16.5351505279541,-0.0046893091581252655,0.515221541409012,-0.0046893091581252655,True,,benchmark_features_adjusted_close_exact_reference,False,,blocked_no_bear_cash_classifier,True,False,False,False,False,False,False,False,True,False
2018-02-02,2018-02-09,0050,consensus4_else_base,consensus4_ultra_strict_stock_exception,base_hold,base_asset,0050,00631L,00631L_reference,signal_date_interval_state_hold_approximation,base is continuously held between exceptions; interval rows decompose path for Experiments,16.5351505279541,15.39580535888672,-0.06890443284088765,16.5351505279541,15.39580535888672,-0.06890443284088765,0.41081606046992847,-0.07327062781105675,True,,benchmark_features_adjusted_close_exact_reference,False,,blocked_no_bear_cash_classifier,True,False,False,False,False,False,False,False,True,False
2018-02-09,2018-02-12,0050,consensus4_else_base,consensus4_ultra_strict_stock_exception,base_hold,base_asset,0050,00631L,00631L_reference,signal_date_interval_state_hold_approximation,base is continuously held between exceptions; interval rows decompose path for Experiments,15.39580535888672,15.5223970413208,0.008222478752045959,15.39580535888672,15.5223970413208,0.008222478752045959,0.42241646555018764,-0.06565061523933624,True,,benchmark_features_adjusted_close_exact_reference,False,,blocked_no_bear_cash_classifier,True,False,False,False,False,False,False,False,True,False
2018-02-12,2018-02-23,0050,consensus4_else_base,consensus4_ultra_strict_stock_exception,base_hold,base_asset,0050,00631L,00631L_reference,signal_date_interval_state_hold_approximation,base is continuously held between exceptions; interval rows decompose path for Experiments,15.5223970413208,15.97034740447998,0.0288583240054181,15.5223970413208,15.97034740447998,0.0288583240054181,0.4634650207836766,-0.03868685795964999,True,,benchmark_features_adjusted_close_exact_reference,False,,blocked_no_bear_cash_classifier,True,False,False,False,False,False,False,False,True,False
2018-02-23,2018-03-02,0050,consensus4_else_base,consensus4_ultra_strict_stock_exception,base_hold,base_asset,0050,00631L,00631L_reference,signal_date_interval_state_hold_approximation,base is continuously held between exceptions; interval rows decompose path for Experiments,15.97034740447998,15.80479907989502,-0.010365981427462367,15.97034740447998,15.80479907989502,-0.010365981427462367,0.44829476955849223,-0.04865181213601566,True,,benchmark_features_adjusted_close_exact_reference,False,,blocked_no_bear_cash_classifier,True,False,False,False,False,False,False,False,True,False
2018-03-02,2018-03-09,0050,consensus4_else_base,consensus4_ultra_strict_stock_exception,base_hold,base_asset,0050,00631L,00631L_reference,signal_date_interval_state_hold_approximation,base is continuously held between exceptions; interval rows decompose path for Experiments,15.80479907989502,16.135894775390625,0.020949060713893353,15.80479907989502,16.135894775390625,0.020949060713893353,0.47863518461758736,-0.028721961188400535,True,,benchmark_features_adjusted_close_exact_reference,False,,blocked_no_bear_cash_classifier,True,False,False,False,False,False,False,False,True,False
2018-03-09,2018-03-16,0050,consensus4_else_base,consensus4_ultra_strict_stock_exception,base_hold,base_asset,0050,00631L,00631L_reference,signal_date_interval_state_hold_approximation,base is continuously held between exceptions; interval rows decompose path for Experiments,16.135894775390625,16.340389251708984,0.01267326536054525,16.135894775390625,16.340389251708984,0.01267326536054525,0.4973743206836849,-0.016412696863671195,True,,benchmark_features_adjusted_close_exact_reference,False,,blocked_no_bear_cash_classifier,True,False,False,False,False,False,False,False,True,False
2018-03-16,2018-03-23,0050,consensus4_else_base,consensus4_ultra_strict_stock_exception,stock_exception,stock,6150,6150,stock,signal_date_interval_state_hold_approximation,base is continuously held between exceptions; interval rows decompose path for Experiments,16.340389251708984,15.989825248718262,-0.02145383427472869,270.0,388.5,0.4388888888888889,1.154555272539302,0.0,True,,official_unadjusted_ohlcv_tpex_trading_stock,True,0.4304828536757105,blocked_no_bear_cash_classifier,True,False,False,False,False,False,False,False,True,False
2018-03-23,2018-03-30,0050,consensus4_else_base,consensus4_ultra_strict_stock_exception,base_hold,base_asset,0050,00631L,00631L_reference,signal_date_interval_state_hold_approximation,base is continuously held between exceptions; interval rows decompose path for Experiments,15.989825248718262,16.135894775390625,0.009135154662435863,15.989825248718262,16.135894775390625,0.009135154662435863,1.174237468182715,0.0,True,,benchmark_features_adjusted_close_exact_reference,False,,blocked_no_bear_cash_classifier,True,False,False,False,False,False,False,False,True,False
2018-03-30,2018-04-03,0050,consensus4_else_base,consensus4_ultra_strict_stock_exception,base_hold,base_asset,0050,00631L,00631L_reference,signal_date_interval_state_hold_approximation,base is continuously held between exceptions; interval rows decompose path for Experiments,16.135894775390625,15.87296199798584,-0.016294899109393857,16.135894775390625,15.87296199798584,-0.016294899109393857,1.1388084879988138,-0.016294899109393857,True,,benchmark_features_adjusted_close_exact_reference,False,,blocked_no_bear_cash_classifier,True,False,False,False,False,False,False,False,True,False
2018-04-03,2018-04-13,0050,consensus4_else_base,consensus4_ultra_strict_stock_exception,base_hold,base_asset,0050,00631L,00631L_reference,signal_date_interval_state_hold_approximation,base is continuously held between exceptions; interval rows decompose path for Experiments,15.87296199798584,16.067726135253906,0.012270182294443988,15.87296199798584,16.067726135253906,0.012270182294443988,1.1650520580394632,-0.004224658197491737,True,,benchmark_features_adjusted_close_exact_reference,False,,blocked_no_bear_cash_classifier,True,False,False,False,False,False,False,False,True,False
2018-04-13,2018-04-20,0050,consensus4_else_base,consensus4_ultra_strict_stock_exception,base_hold,base_asset,0050,00631L,00631L_reference,signal_date_interval_state_hold_approximation,base is continuously held between exceptions; interval rows decompose path for Experiments,16.067726135253906,15.726896286010742,-0.02121207732657049,16.067726135253906,15.726896286010742,-0.02121207732657049,1.1191268063682793,-0.02534712174769882,True,,benchmark_features_adjusted_close_exact_reference,False,,blocked_no_bear_cash_classifier,True,False,False,False,False,False,False,False,True,False
2018-04-20,2018-04-27,0050,consensus4_else_base,consensus4_ultra_strict_stock_exception,base_hold,base_asset,0050,00631L,00631L_reference,signal_date_interval_state_hold_approximation,base is continuously held between exceptions; interval rows decompose path for Experiments,15.726896286010742,15.425020217895508,-0.019194891517390955,15.726896286010742,15.425020217895508,-0.019194891517390955,1.078450397208445,-0.04405547801286469,True,,benchmark_features_adjusted_close_exact_reference,False,,blocked_no_bear_cash_classifier,True,False,False,False,False,False,False,False,True,False
2018-04-27,2018-05-04,0050,consensus4_else_base,consensus4_ultra_strict_stock_exception,base_hold,base_asset,0050,00631L,00631L_reference,signal_date_interval_state_hold_approximation,base is continuously held between exceptions; interval rows decompose path for Experiments,15.425020217895508,15.37632656097412,-0.0031567969593255807,15.425020217895508,15.37632656097412,-0.0031567969593255807,1.0718891513144282,-0.047073200773157575,True,,benchmark_features_adjusted_close_exact_reference,False,,blocked_no_bear_cash_classifier,True,False,False,False,False,False,False,False,True,False
2018-05-04,2018-05-11,0050,consensus4_else_base,consensus4_ultra_strict_stock_exception,base_hold,base_asset,0050,00631L,00631L_reference,signal_date_interval_state_hold_approximation,base is continuously held between exceptions; interval rows decompose path for Experiments,15.37632656097412,15.892446517944336,0.03356588161181184,15.37632656097412,15.892446517944336,0.03356588161181184,1.1414339372802456,-0.015087372645586683,True,,benchmark_features_adjusted_close_exact_reference,False,,blocked_no_bear_cash_classifier,True,False,False,False,False,False,False,False,True,False
2018-05-11,2018-05-18,0050,consensus4_else_base,consensus4_ultra_strict_stock_exception,base_hold,base_asset,0050,00631L,00631L_reference,signal_date_interval_state_hold_approximation,base is continuously held between exceptions; interval rows decompose path for Experiments,15.892446517944336,15.765846252441406,-0.007966065222241525,15.892446517944336,15.765846252441406,-0.007966065222241525,1.1243751348667494,-0.022933250873301225,True,,benchmark_features_adjusted_close_exact_reference,False,,blocked_no_bear_cash_classifier,True,False,False,False,False,False,False,False,True,False
2018-05-18,2018-05-25,0050,consensus4_else_base,consensus4_ultra_strict_stock_exception,stock_exception,stock,4190,4190,stock,signal_date_interval_state_hold_approximation,base is continuously held between exceptions; interval rows decompose path for Experiments,15.765846252441406,15.94113063812256,0.011117981418473422,112.0,133.0,0.1875,1.5226954726542647,0.0,True,,official_unadjusted_ohlcv_twse_stock_day,True,0.1805632534121061,blocked_no_bear_cash_classifier,True,False,False,False,False,False,False,False,True,False
2018-05-25,2018-06-01,0050,consensus4_else_base,consensus4_ultra_strict_stock_exception,base_hold,base_asset,0050,00631L,00631L_reference,signal_date_interval_state_hold_approximation,base is continuously held between exceptions; interval rows decompose path for Experiments,15.94113063812256,15.84375286102295,-0.006108586605942268,15.94113063812256,15.84375286102295,-0.006108586605942268,1.5072853688791379,-0.006108586605942157,True,,benchmark_features_adjusted_close_exact_reference,False,,blocked_no_bear_cash_classifier,True,False,False,False,False,False,False,False,True,False
2018-06-01,2018-06-08,0050,consensus4_else_base,consensus4_ultra_strict_stock_exception,base_hold,base_asset,0050,00631L,00631L_reference,signal_date_interval_state_hold_approximation,base is continuously held between exceptions; interval rows decompose path for Experiments,15.84375286102295,16.077468872070312,0.014751303753438805,15.84375286102295,16.077468872070312,0.014751303753438805,1.544271096952027,0.0,True,,benchmark_features_adjusted_close_exact_reference,False,,blocked_no_bear_cash_classifier,True,False,False,False,False,False,False,False,True,False
2018-06-08,2018-06-15,0050,consensus4_else_base,consensus4_ultra_strict_stock_exception,stock_exception,stock,3090,3090,stock,signal_date_interval_state_hold_approximation,base is continuously held between exceptions; interval rows decompose path for Experiments,16.077468872070312,15.960610389709473,-0.007268462672246012,93.7,87.8,-0.0629669156883672,1.3840661933018992,-0.06296691568836721,True,,official_unadjusted_ohlcv_twse_stock_day,True,-0.0684405717884136,blocked_no_bear_cash_classifier,True,False,False,False,False,False,False,False,True,False
2018-06-15,2018-06-22,0050,consensus4_else_base,consensus4_ultra_strict_stock_exception,base_hold,base_asset,0050,00631L,00631L_reference,signal_date_interval_state_hold_approximation,base is continuously held between exceptions; interval rows decompose path for Experiments,15.960610389709473,15.80479907989502,-0.00976224004032522,15.960610389709473,15.80479907989502,-0.00976224004032522,1.3607923668508617,-0.07211445758314361,True,,benchmark_features_adjusted_close_exact_reference,False,,blocked_no_bear_cash_classifier,True,False,False,False,False,False,False,False,True,False
2018-06-22,2018-06-29,0050,consensus4_else_base,consensus4_ultra_strict_stock_exception,base_hold,base_asset,0050,00631L,00631L_reference,signal_date_interval_state_hold_approximation,base is continuously held between exceptions; interval rows decompose path for Experiments,15.80479907989502,15.863224983215332,0.0036967191436576563,15.80479907989502,15.863224983215332,0.0036967191436576563,1.3695195531876,-0.06868432533536806,True,,benchmark_features_adjusted_close_exact_reference,False,,blocked_no_bear_cash_classifier,True,False,False,False,False,False,False,False,True,False
2018-06-29,2018-07-06,0050,consensus4_else_base,consensus4_ultra_strict_stock_exception,stock_exception,stock,8163,8163,stock,signal_date_interval_state_hold_approximation,base is continuously held between exceptions; interval rows decompose path for Experiments,15.863224983215332,15.765846252441406,-0.006138646515885693,81.0,71.2,-0.1209876543209875,1.082836940579718,-0.18136202424540981,True,,official_unadjusted_ohlcv_twse_stock_day,True,-0.1261232112006551,blocked_no_bear_cash_classifier,True,False,False,False,False,False,False,False,True,False
2018-07-06,2018-07-13,0050,consensus4_else_base,consensus4_ultra_strict_stock_exception,base_hold,base_asset,0050,00631L,00631L_reference,signal_date_interval_state_hold_approximation,base is continuously held between exceptions; interval rows decompose path for Experiments,15.765846252441406,16.233272552490234,0.029648031102450068,15.765846252441406,16.233272552490234,0.029648031102450068,1.1445889549753576,-0.15709102007859088,True,,benchmark_features_adjusted_close_exact_reference,False,,blocked_no_bear_cash_classifier,True,False,False,False,False,False,False,False,True,False
2018-07-13,2018-07-20,0050,consensus4_else_base,consensus4_ultra_strict_stock_exception,base_hold,base_asset,0050,00631L,00631L_reference,signal_date_interval_state_hold_approximation,base is continuously held between exceptions; interval rows decompose path for Experiments,16.233272552490234,16.48646354675293,0.015597039564511972,16.233272552490234,16.48646354675293,0.015597039564511972,1.1780381937557238,-0.14394413536947415,True,,benchmark_features_adjusted_close_exact_reference,False,,blocked_no_bear_cash_classifier,True,False,False,False,False,False,False,False,True,False
2018-07-20,2018-07-27,0050,consensus4_else_base,consensus4_ultra_strict_stock_exception,base_hold,base_asset,0050,00631L,00631L_reference,signal_date_interval_state_hold_approximation,base is continuously held between exceptions; interval rows decompose path for Experiments,16.48646354675293,16.83013343811035,0.020845579792344804,16.48646354675293,16.83013343811035,0.020845579792344804,1.2234406627144332,-0.1260991545366139,True,,benchmark_features_adjusted_close_exact_reference,False,,blocked_no_bear_cash_classifier,True,False,False,False,False,False,False,False,True,False
2018-07-27,2018-08-03,0050,consensus4_else_base,consensus4_ultra_strict_stock_exception,base_hold,base_asset,0050,00631L,00631L_reference,signal_date_interval_state_hold_approximation,base is continuously held between exceptions; interval rows decompose path for Experiments,16.83013343811035,16.800676345825195,-0.0017502589859716977,16.83013343811035,16.800676345825195,-0.0017502589859716977,1.2195490657147423,-0.12762870734423448,True,,benchmark_features_adjusted_close_exact_reference,False,,blocked_no_bear_cash_classifier,True,False,False,False,False,False,False,False,True,False
2018-08-03,2018-08-10,0050,consensus4_else_base,consensus4_ultra_strict_stock_exception,base_hold,base_asset,0050,00631L,00631L_reference,signal_date_interval_state_hold_approximation,base is continuously held between exceptions; interval rows decompose path for Experiments,16.800676345825195,16.83013343811035,0.0017533277636454514,16.800676345825195,16.83013343811035,0.0017533277636454514,1.2234406627144332,-0.1260991545366139,True,,benchmark_features_adjusted_close_exact_reference,False,,blocked_no_bear_cash_classifier,True,False,False,False,False,False,False,False,True,False
2018-08-10,2018-08-17,0050,consensus4_else_base,consensus4_ultra_strict_stock_exception,base_hold,base_asset,0050,00631L,00631L_reference,signal_date_interval_state_hold_approximation,base is continuously held between exceptions; interval rows decompose path for Experiments,16.83013343811035,16.427547454833984,-0.02392054612976191,16.83013343811035,16.427547454833984,-0.02392054612976191,1.1702547477751843,-0.1470033400233587,True,,benchmark_features_adjusted_close_exact_reference,False,,blocked_no_bear_cash_classifier,True,False,False,False,False,False,False,False,True,False
2018-08-17,2018-08-24,0050,consensus4_else_base,consensus4_ultra_strict_stock_exception,base_hold,base_asset,0050,00631L,00631L_reference,signal_date_interval_state_hold_approximation,base is continuously held between exceptions; interval rows decompose path for Experiments,16.427547454833984,16.653390884399414,0.013747848252233963,16.427547454833984,16.653390884399414,0.013747848252233963,1.200091080716288,-0.13527647138233745,True,,benchmark_features_adjusted_close_exact_reference,False,,blocked_no_bear_cash_classifier,True,False,False,False,False,False,False,False,True,False
2018-08-24,2018-08-31,0050,consensus4_else_base,consensus4_ultra_strict_stock_exception,base_hold,base_asset,0050,00631L,00631L_reference,signal_date_interval_state_hold_approximation,base is continuously held between exceptions; interval rows decompose path for Experiments,16.653390884399414,17.07561492919922,0.025353638050694904,16.653390884399414,17.07561492919922,0.025353638050694904,1.255871393655331,-0.1133525840238454,True,,benchmark_features_adjusted_close_exact_reference,False,,blocked_no_bear_cash_classifier,True,False,False,False,False,False,False,False,True,False
2018-08-31,2018-09-07,0050,consensus4_else_base,consensus4_ultra_strict_stock_exception,base_hold,base_asset,0050,00631L,00631L_reference,signal_date_interval_state_hold_approximation,base is continuously held between exceptions; interval rows decompose path for Experiments,17.07561492919922,16.967605590820312,-0.006325355709105973,17.07561492919922,16.967605590820312,-0.006325355709105973,1.2416022046564645,-0.11896094431845416,True,,benchmark_features_adjusted_close_exact_reference,False,,blocked_no_bear_cash_classifier,True,False,False,False,False,False,False,False,True,False
2018-09-07,2018-09-14,0050,consensus4_else_base,consensus4_ultra_strict_stock_exception,base_hold,base_asset,0050,00631L,00631L_reference,signal_date_interval_state_hold_approximation,base is continuously held between exceptions; interval rows decompose path for Experiments,16.967605590820312,16.98724365234375,0.001157385549677148,16.967605590820312,16.98724365234375,0.001157385549677148,1.2441966026562583,-0.11794124244670723,True,,benchmark_features_adjusted_close_exact_reference,False,,blocked_no_bear_cash_classifier,True,False,False,False,False,False,False,False,True,False
2018-09-14,2018-09-21,0050,consensus4_else_base,consensus4_ultra_strict_stock_exception,base_hold,base_asset,0050,00631L,00631L_reference,signal_date_interval_state_hold_approximation,base is continuously held between exceptions; interval rows decompose path for Experiments,16.98724365234375,17.05597686767578,0.004046166449290123,16.98724365234375,17.05597686767578,0.004046166449290123,1.2532769956555367,-0.11437228589559267,True,,benchmark_features_adjusted_close_exact_reference,False,,blocked_no_bear_cash_classifier,True,False,False,False,False,False,False,False,True,False
2018-09-21,2018-09-28,0050,consensus4_else_base,consensus4_ultra_strict_stock_exception,base_hold,base_asset,0050,00631L,00631L_reference,signal_date_interval_state_hold_approximation,base is continuously held between exceptions; interval rows decompose path for Experiments,17.05597686767578,17.0657958984375,0.000575694423010642,17.05597686767578,17.0657958984375,0.000575694423010642,1.2545741946554338,-0.11386243495971904,True,,benchmark_features_adjusted_close_exact_reference,False,,blocked_no_bear_cash_classifier,True,False,False,False,False,False,False,False,True,False
2018-09-28,2018-10-05,0050,consensus4_else_base,consensus4_ultra_strict_stock_exception,base_hold,base_asset,0050,00631L,00631L_reference,signal_date_interval_state_hold_approximation,base is continuously held between exceptions; interval rows decompose path for Experiments,17.0657958984375,16.38827133178711,-0.03970073067101565,17.0657958984375,16.38827133178711,-0.03970073067101565,1.1650659517755964,-0.1490427437668529,True,,benchmark_features_adjusted_close_exact_reference,False,,blocked_no_bear_cash_classifier,True,False,False,False,False,False,False,False,True,False
2018-10-05,2018-10-12,0050,consensus4_else_base,consensus4_ultra_strict_stock_exception,base_hold,base_asset,0050,00631L,00631L_reference,signal_date_interval_state_hold_approximation,base is continuously held between exceptions; interval rows decompose path for Experiments,16.38827133178711,15.720561981201172,-0.04074312275333347,16.38827133178711,15.720561981201172,-0.04074312275333347,1.0768544039333405,-0.1837133997153998,True,,benchmark_features_adjusted_close_exact_reference,False,,blocked_no_bear_cash_classifier,True,False,False,False,False,False,False,False,True,False
2018-10-12,2018-10-19,0050,consensus4_else_base,consensus4_ultra_strict_stock_exception,base_hold,base_asset,0050,00631L,00631L_reference,signal_date_interval_state_hold_approximation,base is continuously held between exceptions; interval rows decompose path for Experiments,15.720561981201172,15.573275566101074,-0.009369029890675895,15.720561981201172,15.573275566101074,-0.009369029890675895,1.0573962929443073,-0.1913612132728244,True,,benchmark_features_adjusted_close_exact_reference,False,,blocked_no_bear_cash_classifier,True,False,False,False,False,False,False,False,True,False
2018-10-19,2018-10-26,0050,consensus4_else_base,consensus4_ultra_strict_stock_exception,base_hold,base_asset,0050,00631L,00631L_reference,signal_date_interval_state_hold_approximation,base is continuously held between exceptions; interval rows decompose path for Experiments,15.573275566101074,14.807376861572266,-0.049180321845454844,15.573275566101074,14.807376861572266,-0.049180321845454844,0.9562128810936605,-0.231130329060785,True,,benchmark_features_adjusted_close_exact_reference,False,,blocked_no_bear_cash_classifier,True,False,False,False,False,False,False,False,True,False
2018-10-26,2018-11-02,0050,consensus4_else_base,consensus4_ultra_strict_stock_exception,base_hold,base_asset,0050,00631L,00631L_reference,signal_date_interval_state_hold_approximation,base is continuously held between exceptions; interval rows decompose path for Experiments,14.807376861572266,15.445629119873049,0.04310366814240818,14.807376861572266,15.445629119873049,0.04310366814240818,1.040532831936226,-0.19798922591985846,True,,benchmark_features_adjusted_close_exact_reference,False,,blocked_no_bear_cash_classifier,True,False,False,False,False,False,False,False,True,False
2018-11-02,2018-11-09,0050,consensus4_else_base,consensus4_ultra_strict_stock_exception,base_hold,base_asset,0050,00631L,00631L_reference,signal_date_interval_state_hold_approximation,base is continuously held between exceptions; interval rows decompose path for Experiments,15.445629119873049,15.278700828552246,-0.0108074776381899,15.445629119873049,15.278700828552246,-0.0108074776381899,1.018479818985083,-0.2066569394263169,True,,benchmark_features_adjusted_close_exact_reference,False,,blocked_no_bear_cash_classifier,True,False,False,False,False,False,False,False,True,False
2018-11-09,2018-11-16,0050,consensus4_else_base,consensus4_ultra_strict_stock_exception,stock_exception,stock,3563,3563,stock,signal_date_interval_state_hold_approximation,base is continuously held between exceptions; interval rows decompose path for Experiments,15.278700828552246,15.111773490905762,-0.010925492914589774,370.0,401.0,0.0837837837837838,1.1875956957108604,-0.1401876559728461,True,,official_unadjusted_ohlcv_tpex_trading_stock,True,0.0774517686894767,blocked_no_bear_cash_classifier,True,False,False,False,False,False,False,False,True,False
2018-11-16,2018-11-23,0050,consensus4_else_base,consensus4_ultra_strict_stock_exception,base_hold,base_asset,0050,00631L,00631L_reference,signal_date_interval_state_hold_approximation,base is continuously held between exceptions; interval rows decompose path for Experiments,15.111773490905762,14.797558784484863,-0.020792708851147923,15.111773490905762,14.797558784484863,-0.020792708851147923,1.1421096553259202,-0.15806548370882567,True,,benchmark_features_adjusted_close_exact_reference,False,,blocked_no_bear_cash_classifier,True,False,False,False,False,False,False,False,True,False
2018-11-23,2018-11-30,0050,consensus4_else_base,consensus4_ultra_strict_stock_exception,base_hold,base_asset,0050,00631L,00631L_reference,signal_date_interval_state_hold_approximation,base is continuously held between exceptions; interval rows decompose path for Experiments,14.797558784484863,15.07249641418457,0.01857993157546889,14.797558784484863,15.07249641418457,0.01857993157546889,1.181909906149027,-0.14242239800511025,True,,benchmark_features_adjusted_close_exact_reference,False,,blocked_no_bear_cash_classifier,True,False,False,False,False,False,False,False,True,False
2018-11-30,2018-12-07,0050,consensus4_else_base,consensus4_ultra_strict_stock_exception,base_hold,base_asset,0050,00631L,00631L_reference,signal_date_interval_state_hold_approximation,base is continuously held between exceptions; interval rows decompose path for Experiments,15.07249641418457,14.817194938659668,-0.016938234285107545,15.07249641418457,14.817194938659668,-0.016938234285107545,1.1449522049696776,-0.15694824834536047,True,,benchmark_features_adjusted_close_exact_reference,False,,blocked_no_bear_cash_classifier,True,False,False,False,False,False,False,False,True,False
2018-12-07,2018-12-14,0050,consensus4_else_base,consensus4_ultra_strict_stock_exception,base_hold,base_asset,0050,00631L,00631L_reference,signal_date_interval_state_hold_approximation,base is continuously held between exceptions; interval rows decompose path for Experiments,14.817194938659668,14.797558784484863,-0.0013252274979235201,14.817194938659668,14.797558784484863,-0.0013252274979235201,1.1421096553259202,-0.15806548370882567,True,,benchmark_features_adjusted_close_exact_reference,False,,blocked_no_bear_cash_classifier,True,False,False,False,False,False,False,False,True,False
2018-12-14,2018-12-21,0050,consensus4_else_base,consensus4_ultra_strict_stock_exception,base_hold,base_asset,0050,00631L,00631L_reference,signal_date_interval_state_hold_approximation,base is continuously held between exceptions; interval rows decompose path for Experiments,14.797558784484863,14.768099784851074,-0.0019908013249236856,14.797558784484863,14.768099784851074,-0.0019908013249236856,1.1378451405859655,-0.15974160805935722,True,,benchmark_features_adjusted_close_exact_reference,False,,blocked_no_bear_cash_classifier,True,False,False,False,False,False,False,False,True,False
2018-12-21,2018-12-28,0050,consensus4_else_base,consensus4_ultra_strict_stock_exception,base_hold,base_asset,0050,00631L,00631L_reference,signal_date_interval_state_hold_approximation,base is continuously held between exceptions; interval rows decompose path for Experiments,14.768099784851074,14.82701587677002,0.0039894158881144115,14.768099784851074,14.82701587677002,0.0039894158881144115,1.1463738939561474,-0.15638946788042773,True,,benchmark_features_adjusted_close_exact_reference,False,,blocked_no_bear_cash_classifier,True,False,False,False,False,False,False,False,True,False
2018-12-28,2019-01-04,0050,consensus4_else_base,consensus4_ultra_strict_stock_exception,base_hold,base_asset,0050,00631L,00631L_reference,signal_date_interval_state_hold_approximation,base is continuously held between exceptions; interval rows decompose path for Experiments,14.82701587677002,14.17894458770752,-0.043708814669704,14.82701587677002,14.17894458770752,-0.043708814669704,1.0525584352133275,-0.19326268428225235,True,,benchmark_features_adjusted_close_exact_reference,False,,blocked_no_bear_cash_classifier,True,False,False,False,False,False,False,False,True,False
2019-01-04,2019-01-11,0050,consensus4_else_base,consensus4_ultra_strict_stock_exception,base_hold,base_asset,0050,00631L,00631L_reference,signal_date_interval_state_hold_approximation,base is continuously held between exceptions; interval rows decompose path for Experiments,14.17894458770752,14.82701587677002,0.045706595794467564,14.17894458770752,14.82701587677002,0.045706595794467564,1.1463738939561479,-0.1563894678804275,True,,benchmark_features_adjusted_close_exact_reference,False,,blocked_no_bear_cash_classifier,True,False,False,False,False,False,False,False,True,False
2019-01-11,2019-01-18,0050,consensus4_else_base,consensus4_ultra_strict_stock_exception,base_hold,base_asset,0050,00631L,00631L_reference,signal_date_interval_state_hold_approximation,base is continuously held between exceptions; interval rows decompose path for Experiments,14.82701587677002,14.915385246276855,0.005960023934774794,14.82701587677002,14.915385246276855,0.005960023934774794,1.1591663337371023,-0.15136152891736676,True,,benchmark_features_adjusted_close_exact_reference,False,,blocked_no_bear_cash_classifier,True,False,False,False,False,False,False,False,True,False
2019-01-18,2019-01-25,0050,consensus4_else_base,consensus4_ultra_strict_stock_exception,base_hold,base_asset,0050,00631L,00631L_reference,signal_date_interval_state_hold_approximation,base is continuously held between exceptions; interval rows decompose path for Experiments,14.915385246276855,15.185378074645996,0.018101632905293874,14.915385246276855,15.185378074645996,0.018101632905293874,1.1982507700918807,-0.13599978684451908,True,,benchmark_features_adjusted_close_exact_reference,False,,blocked_no_bear_cash_classifier,True,False,False,False,False,False,False,False,True,False
2019-01-25,2019-01-30,0050,consensus4_else_base,consensus4_ultra_strict_stock_exception,base_hold,base_asset,0050,00631L,00631L_reference,signal_date_interval_state_hold_approximation,base is continuously held between exceptions; interval rows decompose path for Experiments,15.185378074645996,15.053772926330566,-0.008666570411912322,15.185378074645996,15.053772926330566,-0.008666570411912322,1.1791994750098391,-0.14348770552773815,True,,benchmark_features_adjusted_close_exact_reference,False,,blocked_no_bear_cash_classifier,True,False,False,False,False,False,False,False,True,False
2019-01-30,2019-02-15,0050,consensus4_else_base,consensus4_ultra_strict_stock_exception,base_hold,base_asset,0050,00631L,00631L_reference,signal_date_interval_state_hold_approximation,base is continuously held between exceptions; interval rows decompose path for Experiments,15.053772926330566,15.1954984664917,0.009414619235636357,15.053772926330566,15.1954984664917,0.009414619235636357,1.1997158083055552,-0.13542396840464066,True,,benchmark_features_adjusted_close_exact_reference,False,,blocked_no_bear_cash_classifier,True,False,False,False,False,False,False,False,True,False
2019-02-15,2019-02-22,0050,consensus4_else_base,consensus4_ultra_strict_stock_exception,base_hold,base_asset,0050,00631L,00631L_reference,signal_date_interval_state_hold_approximation,base is continuously held between exceptions; interval rows decompose path for Experiments,15.1954984664917,15.580199241638184,0.02531675917014531,15.1954984664917,15.580199241638184,0.02531675917014531,1.2554054836671886,-0.11353570522846101,True,,benchmark_features_adjusted_close_exact_reference,False,,blocked_no_bear_cash_classifier,True,False,False,False,False,False,False,False,True,False
2019-02-22,2019-02-27,0050,consensus4_else_base,consensus4_ultra_strict_stock_exception,base_hold,base_asset,0050,00631L,00631L_reference,signal_date_interval_state_hold_approximation,base is continuously held between exceptions; interval rows decompose path for Experiments,15.580199241638184,15.72192668914795,0.009096638965373272,15.580199241638184,15.72192668914795,0.009096638965373272,1.2759220930726323,-0.10547185958323002,True,,benchmark_features_adjusted_close_exact_reference,False,,blocked_no_bear_cash_classifier,True,False,False,False,False,False,False,False,True,False
2019-02-27,2019-03-08,0050,consensus4_else_base,consensus4_ultra_strict_stock_exception,base_hold,base_asset,0050,00631L,00631L_reference,signal_date_interval_state_hold_approximation,base is continuously held between exceptions; interval rows decompose path for Experiments,15.72192668914795,15.387850761413574,-0.021249045001906164,15.72192668914795,15.387850761413574,-0.021249045001906164,1.2275609220960995,-0.12447972829441734,True,,benchmark_features_adjusted_close_exact_reference,False,,blocked_no_bear_cash_classifier,True,False,False,False,False,False,False,False,True,False
2019-03-08,2019-03-15,0050,consensus4_else_base,consensus4_ultra_strict_stock_exception,base_hold,base_asset,0050,00631L,00631L_reference,signal_date_interval_state_hold_approximation,base is continuously held between exceptions; interval rows decompose path for Experiments,15.387850761413574,15.711804389953612,0.021052558512744346,15.387850761413574,15.711804389953612,0.021052558512744346,1.2744567787492302,-0.10604778654524183,True,,benchmark_features_adjusted_close_exact_reference,False,,blocked_no_bear_cash_classifier,True,False,False,False,False,False,False,False,True,False
2019-03-15,2019-03-22,0050,consensus4_else_base,consensus4_ultra_strict_stock_exception,base_hold,base_asset,0050,00631L,00631L_reference,signal_date_interval_state_hold_approximation,base is continuously held between exceptions; interval rows decompose path for Experiments,15.711804389953612,16.066125869750977,0.02255129143689727,15.711804389953612,16.066125869750977,0.02255129143689727,1.3257487164274306,-0.08588800964896415,True,,benchmark_features_adjusted_close_exact_reference,False,,blocked_no_bear_cash_classifier,True,False,False,False,False,False,False,False,True,False
2019-03-22,2019-03-29,0050,consensus4_else_base,consensus4_ultra_strict_stock_exception,base_hold,base_asset,0050,00631L,00631L_reference,signal_date_interval_state_hold_approximation,base is continuously held between exceptions; interval rows decompose path for Experiments,16.066125869750977,16.025632858276367,-0.002520396752950238,16.066125869750977,16.025632858276367,-0.002520396752950238,1.3198869069143688,-0.08819193454127783,True,,benchmark_features_adjusted_close_exact_reference,False,,blocked_no_bear_cash_classifier,True,False,False,False,False,False,False,False,True,False
2019-03-29,2019-04-03,0050,consensus4_else_base,consensus4_ultra_strict_stock_exception,base_hold,base_asset,0050,00631L,00631L_reference,signal_date_interval_state_hold_approximation,base is continuously held between exceptions; interval rows decompose path for Experiments,16.025632858276367,16.228105545043945,0.01263430209328753,16.025632858276367,16.228105545043945,0.01263430209328753,1.3491970589185875,-0.07667187599117609,True,,benchmark_features_adjusted_close_exact_reference,False,,blocked_no_bear_cash_classifier,True,False,False,False,False,False,False,False,True,False
2019-04-03,2019-04-12,0050,consensus4_else_base,consensus4_ultra_strict_stock_exception,base_hold,base_asset,0050,00631L,00631L_reference,signal_date_interval_state_hold_approximation,base is continuously held between exceptions; interval rows decompose path for Experiments,16.228105545043945,16.420455932617188,0.01185291696799351,16.228105545043945,16.420455932617188,0.01185291696799351,1.3770418965994042,-0.06572774440308626,True,,benchmark_features_adjusted_close_exact_reference,False,,blocked_no_bear_cash_classifier,True,False,False,False,False,False,False,False,True,False
2019-04-12,2019-04-19,0050,consensus4_else_base,consensus4_ultra_strict_stock_exception,base_hold,base_asset,0050,00631L,00631L_reference,signal_date_interval_state_hold_approximation,base is continuously held between exceptions; interval rows decompose path for Experiments,16.420455932617188,16.76465606689453,0.020961667306303777,16.420455932617188,16.76465606689453,0.020961667306303777,1.4268686580090661,-0.04614384020775386,True,,benchmark_features_adjusted_close_exact_reference,False,,blocked_no_bear_cash_classifier,True,False,False,False,False,False,False,False,True,False
2019-04-19,2019-04-26,0050,consensus4_else_base,consensus4_ultra_strict_stock_exception,base_hold,base_asset,0050,00631L,00631L_reference,signal_date_interval_state_hold_approximation,base is continuously held between exceptions; interval rows decompose path for Experiments,16.76465606689453,16.69379234313965,-0.004226971521045342,16.76465606689453,16.69379234313965,-0.004226971521045342,1.416610353306344,-0.050175763030369414,True,,benchmark_features_adjusted_close_exact_reference,False,,blocked_no_bear_cash_classifier,True,False,False,False,False,False,False,False,True,False
2019-04-26,2019-05-03,0050,consensus4_else_base,consensus4_ultra_strict_stock_exception,base_hold,base_asset,0050,00631L,00631L_reference,signal_date_interval_state_hold_approximation,base is continuously held between exceptions; interval rows decompose path for Experiments,16.69379234313965,16.957006454467773,0.01576718494622309,16.69379234313965,16.957006454467773,0.01576718494622309,1.4547134956898828,-0.03519970861966393,True,,benchmark_features_adjusted_close_exact_reference,False,,blocked_no_bear_cash_classifier,True,False,False,False,False,False,False,False,True,False
2019-05-03,2019-05-10,0050,consensus4_else_base,consensus4_ultra_strict_stock_exception,base_hold,base_asset,0050,00631L,00631L_reference,signal_date_interval_state_hold_approximation,base is continuously held between exceptions; interval rows decompose path for Experiments,16.957006454467773,16.50143814086914,-0.026866081275719544,16.957006454467773,16.50143814086914,-0.026866081275719544,1.3887649634060728,-0.06112011166272602,True,,benchmark_features_adjusted_close_exact_reference,False,,blocked_no_bear_cash_classifier,True,False,False,False,False,False,False,False,True,False
2019-05-10,2019-05-17,0050,consensus4_else_base,consensus4_ultra_strict_stock_exception,base_hold,base_asset,0050,00631L,00631L_reference,signal_date_interval_state_hold_approximation,base is continuously held between exceptions; interval rows decompose path for Experiments,16.50143814086914,15.843414306640623,-0.03987675671726987,16.50143814086914,15.843414306640623,-0.03987675671726987,1.293508764105591,-0.09855959655668889,True,,benchmark_features_adjusted_close_exact_reference,False,,blocked_no_bear_cash_classifier,True,False,False,False,False,False,False,False,True,False
2019-05-17,2019-05-24,0050,consensus4_else_base,consensus4_ultra_strict_stock_exception,base_hold,base_asset,0050,00631L,00631L_reference,signal_date_interval_state_hold_approximation,base is continuously held between exceptions; interval rows decompose path for Experiments,15.843414306640623,15.661184310913086,-0.011501939682985962,15.843414306640623,15.661184310913086,-0.011501939682985962,1.2671289646384487,-0.1089279097049004,True,,benchmark_features_adjusted_close_exact_reference,False,,blocked_no_bear_cash_classifier,True,False,False,False,False,False,False,False,True,False
2019-05-24,2019-05-31,0050,consensus4_else_base,consensus4_ultra_strict_stock_exception,stock_exception,stock,2633,2633,stock,signal_date_interval_state_hold_approximation,base is continuously held between exceptions; interval rows decompose path for Experiments,15.661184310913086,15.883902549743652,0.014221034272316802,42.95,43.5,0.0128055878928987,1.2961608838596628,-0.09751720773371753,True,,official_unadjusted_ohlcv_twse_stock_day,True,0.0068895448901917,blocked_no_bear_cash_classifier,True,False,False,False,False,False,False,False,True,False
2019-05-31,2019-06-06,0050,consensus4_else_base,consensus4_ultra_strict_stock_exception,base_hold,base_asset,0050,00631L,00631L_reference,signal_date_interval_state_hold_approximation,base is continuously held between exceptions; interval rows decompose path for Experiments,15.883902549743652,15.732049942016602,-0.00956015735122362,15.883902549743652,15.732049942016602,-0.00956015735122362,1.2742092245062397,-0.1061450852345549,True,,benchmark_features_adjusted_close_exact_reference,False,,blocked_no_bear_cash_classifier,True,False,False,False,False,False,False,False,True,False
2019-06-06,2019-06-14,0050,consensus4_else_base,consensus4_ultra_strict_stock_exception,base_hold,base_asset,0050,00631L,00631L_reference,signal_date_interval_state_hold_approximation,base is continuously held between exceptions; interval rows decompose path for Experiments,15.732049942016602,15.975018501281738,0.015444176706827406,15.732049942016602,15.975018501281738,0.015444176706827406,1.309332513637811,-0.09234023198065122,True,,benchmark_features_adjusted_close_exact_reference,False,,blocked_no_bear_cash_classifier,True,False,False,False,False,False,False,False,True,False
2019-06-14,2019-06-21,0050,consensus4_else_base,consensus4_ultra_strict_stock_exception,base_hold,base_asset,0050,00631L,00631L_reference,signal_date_interval_state_hold_approximation,base is continuously held between exceptions; interval rows decompose path for Experiments,15.975018501281738,16.369836807250977,0.024714732313928733,15.975018501281738,16.369836807250977,0.024714732313928733,1.3664070485362214,-0.06990766378193047,True,,benchmark_features_adjusted_close_exact_reference,False,,blocked_no_bear_cash_classifier,True,False,False,False,False,False,False,False,True,False
2019-06-21,2019-06-28,0050,consensus4_else_base,consensus4_ultra_strict_stock_exception,base_hold,base_asset,0050,00631L,00631L_reference,signal_date_interval_state_hold_approximation,base is continuously held between exceptions; interval rows decompose path for Experiments,16.369836807250977,16.37995719909668,0.0006182341317673146,16.369836807250977,16.37995719909668,0.0006182341317673146,1.3678700421432812,-0.06933264895398528,True,,benchmark_features_adjusted_close_exact_reference,False,,blocked_no_bear_cash_classifier,True,False,False,False,False,False,False,False,True,False
2019-06-28,2019-07-05,0050,consensus4_else_base,consensus4_ultra_strict_stock_exception,base_hold,base_asset,0050,00631L,00631L_reference,signal_date_interval_state_hold_approximation,base is continuously held between exceptions; interval rows decompose path for Experiments,16.37995719909668,16.58243179321289,0.01236111863145628,16.37995719909668,16.58243179321289,0.01236111863145628,1.3971395646380858,-0.05782855942128229,True,,benchmark_features_adjusted_close_exact_reference,False,,blocked_no_bear_cash_classifier,True,False,False,False,False,False,False,False,True,False
2019-07-05,2019-07-12,0050,consensus4_else_base,consensus4_ultra_strict_stock_exception,base_hold,base_asset,0050,00631L,00631L_reference,signal_date_interval_state_hold_approximation,base is continuously held between exceptions; interval rows decompose path for Experiments,16.58243179321289,16.75452995300293,0.010378342690393394,16.58243179321289,16.75452995300293,0.010378342690393394,1.4220179005166003,-0.048050381337854664,True,,benchmark_features_adjusted_close_exact_reference,False,,blocked_no_bear_cash_classifier,True,False,False,False,False,False,False,False,True,False
2019-07-12,2019-07-19,0050,consensus4_else_base,consensus4_ultra_strict_stock_exception,base_hold,base_asset,0050,00631L,00631L_reference,signal_date_interval_state_hold_approximation,base is continuously held between exceptions; interval rows decompose path for Experiments,16.75452995300293,16.9486083984375,0.011583640124728456,16.75452995300293,16.9486083984375,0.011583640124728456,1.450073684251835,-0.03702333953839987,True,,benchmark_features_adjusted_close_exact_reference,False,,blocked_no_bear_cash_classifier,True,False,False,False,False,False,False,False,True,False
2019-07-19,2019-07-26,0050,consensus4_else_base,consensus4_ultra_strict_stock_exception,base_hold,base_asset,0050,00631L,00631L_reference,signal_date_interval_state_hold_approximation,base is continuously held between exceptions; interval rows decompose path for Experiments,16.9486083984375,16.999656677246094,0.0030119451466763536,16.9486083984375,16.999656677246094,0.0030119451466763536,1.4574531717941168,-0.03412290665955997,True,,benchmark_features_adjusted_close_exact_reference,False,,blocked_no_bear_cash_classifier,True,False,False,False,False,False,False,False,True,False
2019-07-26,2019-08-02,0050,consensus4_else_base,consensus4_ultra_strict_stock_exception,base_hold,base_asset,0050,00631L,00631L_reference,signal_date_interval_state_hold_approximation,base is continuously held between exceptions; interval rows decompose path for Experiments,16.999656677246094,16.529996871948242,-0.027627605322552595,16.999656677246094,16.529996871948242,-0.027627605322552595,1.3895596254651341,-0.06080777778446389,True,,benchmark_features_adjusted_close_exact_reference,False,,blocked_no_bear_cash_classifier,True,False,False,False,False,False,False,False,True,False
2019-08-02,2019-08-08,0050,consensus4_else_base,consensus4_ultra_strict_stock_exception,base_hold,base_asset,0050,00631L,00631L_reference,signal_date_interval_state_hold_approximation,base is continuously held between exceptions; interval rows decompose path for Experiments,16.529996871948242,16.468740463256836,-0.0037057725519210605,16.529996871948242,16.468740463256836,-0.0037057725519210605,1.3807044609939068,-0.06428821054252787,True,,benchmark_features_adjusted_close_exact_reference,False,,blocked_no_bear_cash_classifier,True,False,False,False,False,False,False,False,True,False
2019-08-08,2019-08-16,0050,consensus4_else_base,consensus4_ultra_strict_stock_exception,base_hold,base_asset,0050,00631L,00631L_reference,signal_date_interval_state_hold_approximation,base is continuously held between exceptions; interval rows decompose path for Experiments,16.468740463256836,16.407480239868164,-0.0037197880144719253,16.468740463256836,16.407480239868164,-0.0037197880144719253,1.3718487450739016,-0.06776886004195193,True,,benchmark_features_adjusted_close_exact_reference,False,,blocked_no_bear_cash_classifier,True,False,False,False,False,False,False,False,True,False
2019-08-16,2019-08-23,0050,consensus4_else_base,consensus4_ultra_strict_stock_exception,base_hold,base_asset,0050,00631L,00631L_reference,signal_date_interval_state_hold_approximation,base is continuously held between exceptions; interval rows decompose path for Experiments,16.407480239868164,16.540205001831055,0.008089283669553637,16.407480239868164,16.540205001831055,0.008089283669553637,1.3910353023940791,-0.06022777790523992,True,,benchmark_features_adjusted_close_exact_reference,False,,blocked_no_bear_cash_classifier,True,False,False,False,False,False,False,False,True,False
2019-08-23,2019-08-30,0050,consensus4_else_base,consensus4_ultra_strict_stock_exception,base_hold,base_asset,0050,00631L,00631L_reference,signal_date_interval_state_hold_approximation,base is continuously held between exceptions; interval rows decompose path for Experiments,16.540205001831055,16.713777542114258,0.010493977569443036,16.540205001831055,16.713777542114258,0.010493977569443036,1.416126773225149,-0.05036582928619193,True,,benchmark_features_adjusted_close_exact_reference,False,,blocked_no_bear_cash_classifier,True,False,False,False,False,False,False,False,True,False
2019-08-30,2019-09-06,0050,consensus4_else_base,consensus4_ultra_strict_stock_exception,base_hold,base_asset,0050,00631L,00631L_reference,signal_date_interval_state_hold_approximation,base is continuously held between exceptions; interval rows decompose path for Experiments,16.713777542114258,17.050708770751953,0.020158891536561363,16.713777542114258,17.050708770751953,0.020158891536561363,1.464833210785177,-0.03122225703935977,True,,benchmark_features_adjusted_close_exact_reference,False,,blocked_no_bear_cash_classifier,True,False,False,False,False,False,False,False,True,False
2019-09-06,2019-09-12,0050,consensus4_else_base,consensus4_ultra_strict_stock_exception,base_hold,base_asset,0050,00631L,00631L_reference,signal_date_interval_state_hold_approximation,base is continuously held between exceptions; interval rows decompose path for Experiments,17.050708770751953,17.132387161254883,0.0047903223027911945,17.050708770751953,17.132387161254883,0.0047903223027911945,1.4766405562874616,-0.026581499410807674,True,,benchmark_features_adjusted_close_exact_reference,False,,blocked_no_bear_cash_classifier,True,False,False,False,False,False,False,False,True,False
2019-09-12,2019-09-20,0050,consensus4_else_base,consensus4_ultra_strict_stock_exception,stock_exception,stock,3661,3661,stock,signal_date_interval_state_hold_approximation,base is continuously held between exceptions; interval rows decompose path for Experiments,17.132387161254883,17.29574966430664,0.009535303020772545,132.5,164.0,0.2377358490566037,2.0654268017444806,0.0,True,,official_unadjusted_ohlcv_twse_stock_day,True,0.2305052164339514,blocked_no_bear_cash_classifier,True,False,False,False,False,False,False,False,True,False
2019-09-20,2019-09-27,0050,consensus4_else_base,consensus4_ultra_strict_stock_exception,base_hold,base_asset,0050,00631L,00631L_reference,signal_date_interval_state_hold_approximation,base is continuously held between exceptions; interval rows decompose path for Experiments,17.29574966430664,17.27532958984375,-0.001180641189842846,17.29574966430664,17.27532958984375,-0.001180641189842846,2.0618076325978927,-0.001180641189842846,True,,benchmark_features_adjusted_close_exact_reference,False,,blocked_no_bear_cash_classifier,True,False,False,False,False,False,False,False,True,False
2019-09-27,2019-10-04,0050,consensus4_else_base,consensus4_ultra_strict_stock_exception,base_hold,base_asset,0050,00631L,00631L_reference,signal_date_interval_state_hold_approximation,base is continuously held between exceptions; interval rows decompose path for Experiments,17.27532958984375,17.38764190673828,0.006501312539967996,17.27532958984375,17.38764190673828,0.006501312539967996,2.081713400954671,0.0,True,,benchmark_features_adjusted_close_exact_reference,False,,blocked_no_bear_cash_classifier,True,False,False,False,False,False,False,False,True,False
2019-10-04,2019-10-09,0050,consensus4_else_base,consensus4_ultra_strict_stock_exception,base_hold,base_asset,0050,00631L,00631L_reference,signal_date_interval_state_hold_approximation,base is continuously held between exceptions; interval rows decompose path for Experiments,17.38764190673828,17.520370483398438,0.007633500699638862,17.38764190673828,17.520370483398438,0.007633500699638862,2.105237662356945,0.0,True,,benchmark_features_adjusted_close_exact_reference,False,,blocked_no_bear_cash_classifier,True,False,False,False,False,False,False,False,True,False
2019-10-09,2019-10-18,0050,consensus4_else_base,consensus4_ultra_strict_stock_exception,base_hold,base_asset,0050,00631L,00631L_reference,signal_date_interval_state_hold_approximation,base is continuously held between exceptions; interval rows decompose path for Experiments,17.520370483398438,17.959394454956055,0.02505791598263385,17.520370483398438,17.959394454956055,0.02505791598263385,2.1830484468063958,0.0,True,,benchmark_features_adjusted_close_exact_reference,False,,blocked_no_bear_cash_classifier,True,False,False,False,False,False,False,False,True,False
2019-10-18,2019-10-25,0050,consensus4_else_base,consensus4_ultra_strict_stock_exception,base_hold,base_asset,0050,00631L,00631L_reference,signal_date_interval_state_hold_approximation,base is continuously held between exceptions; interval rows decompose path for Experiments,17.959394454956055,18.13297462463379,0.00966514601108015,17.959394454956055,18.13297462463379,0.00966514601108015,2.2138130748051217,0.0,True,,benchmark_features_adjusted_close_exact_reference,False,,blocked_no_bear_cash_classifier,True,False,False,False,False,False,False,False,True,False
2019-10-25,2019-11-01,0050,consensus4_else_base,consensus4_ultra_strict_stock_exception,base_hold,base_asset,0050,00631L,00631L_reference,signal_date_interval_state_hold_approximation,base is continuously held between exceptions; interval rows decompose path for Experiments,18.13297462463379,18.3984317779541,0.014639470843337943,18.13297462463379,18.3984317779541,0.014639470843337943,2.2608615976096695,0.0,True,,benchmark_features_adjusted_close_exact_reference,False,,blocked_no_bear_cash_classifier,True,False,False,False,False,False,False,False,True,False
2019-11-01,2019-11-08,0050,consensus4_else_base,consensus4_ultra_strict_stock_exception,base_hold,base_asset,0050,00631L,00631L_reference,signal_date_interval_state_hold_approximation,base is continuously held between exceptions; interval rows decompose path for Experiments,18.3984317779541,18.898719787597656,0.027191883291000085,18.3984317779541,18.898719787597656,0.027191883291000085,2.349530565599976,0.0,True,,benchmark_features_adjusted_close_exact_reference,False,,blocked_no_bear_cash_classifier,True,False,False,False,False,False,False,False,True,False
2019-11-08,2019-11-15,0050,consensus4_else_base,consensus4_ultra_strict_stock_exception,base_hold,base_asset,0050,00631L,00631L_reference,signal_date_interval_state_hold_approximation,base is continuously held between exceptions; interval rows decompose path for Experiments,18.898719787597656,18.84766960144043,-0.0027012510228723308,18.898719787597656,18.84766960144043,-0.0027012510228723308,2.3404826427335066,-0.002701251022872442,True,,benchmark_features_adjusted_close_exact_reference,False,,blocked_no_bear_cash_classifier,True,False,False,False,False,False,False,False,True,False
2019-11-15,2019-11-22,0050,consensus4_else_base,consensus4_ultra_strict_stock_exception,base_hold,base_asset,0050,00631L,00631L_reference,signal_date_interval_state_hold_approximation,base is continuously held between exceptions; interval rows decompose path for Experiments,18.84766960144043,18.898719787597656,0.002708567543720397,18.84766960144043,18.898719787597656,0.002708567543720397,2.349530565599976,0.0,True,,benchmark_features_adjusted_close_exact_reference,False,,blocked_no_bear_cash_classifier,True,False,False,False,False,False,False,False,True,False
2019-11-22,2019-11-29,0050,consensus4_else_base,consensus4_ultra_strict_stock_exception,base_hold,base_asset,0050,00631L,00631L_reference,signal_date_interval_state_hold_approximation,base is continuously held between exceptions; interval rows decompose path for Experiments,18.898719787597656,18.684310913085938,-0.01134515337131059,18.898719787597656,18.684310913085938,-0.01134515337131059,2.3115296276113515,-0.01134515337131059,True,,benchmark_features_adjusted_close_exact_reference,False,,blocked_no_bear_cash_classifier,True,False,False,False,False,False,False,False,True,False
2019-11-29,2019-12-06,0050,consensus4_else_base,consensus4_ultra_strict_stock_exception,base_hold,base_asset,0050,00631L,00631L_reference,signal_date_interval_state_hold_approximation,base is continuously held between exceptions; interval rows decompose path for Experiments,18.684310913085938,19.00081825256348,0.016939738422778516,18.684310913085938,19.00081825256348,0.016939738422778516,2.367626073282369,0.0,True,,benchmark_features_adjusted_close_exact_reference,False,,blocked_no_bear_cash_classifier,True,False,False,False,False,False,False,False,True,False
2019-12-06,2019-12-13,0050,consensus4_else_base,consensus4_ultra_strict_stock_exception,stock_exception,stock,8040,8040,stock,signal_date_interval_state_hold_approximation,base is continuously held between exceptions; interval rows decompose path for Experiments,19.00081825256348,19.786989212036133,0.04137563703955682,24.9,25.7,0.0321285140562248,2.475822894913931,0.0,True,,official_unadjusted_ohlcv_tpex_trading_stock,True,0.0260992261902978,blocked_no_bear_cash_classifier,True,False,False,False,False,False,False,False,True,False
2019-12-13,2019-12-20,0050,consensus4_else_base,consensus4_ultra_strict_stock_exception,base_hold,base_asset,0050,00631L,00631L_reference,signal_date_interval_state_hold_approximation,base is continuously held between exceptions; interval rows decompose path for Experiments,19.786989212036133,19.797197341918945,0.0005159011193376362,19.786989212036133,19.797197341918945,0.0005159011193376362,2.4776160758360364,0.0,True,,benchmark_features_adjusted_close_exact_reference,False,,blocked_no_bear_cash_classifier,True,False,False,False,False,False,False,False,True,False
2019-12-20,2019-12-27,0050,consensus4_else_base,consensus4_ultra_strict_stock_exception,base_hold,base_asset,0050,00631L,00631L_reference,signal_date_interval_state_hold_approximation,base is continuously held between exceptions; interval rows decompose path for Experiments,19.797197341918945,20.01161193847656,0.010830553075490634,19.797197341918945,20.01161193847656,0.010830553075490634,2.515280581321558,0.0,True,,benchmark_features_adjusted_close_exact_reference,False,,blocked_no_bear_cash_classifier,True,False,False,False,False,False,False,False,True,False
2019-12-27,2020-01-03,0050,consensus4_else_base,consensus4_ultra_strict_stock_exception,base_hold,base_asset,0050,00631L,00631L_reference,signal_date_interval_state_hold_approximation,base is continuously held between exceptions; interval rows decompose path for Experiments,20.01161193847656,19.94013977050781,-0.0035715347763329852,20.01161193847656,19.94013977050781,-0.0035715347763329852,2.5027256344768003,-0.0035715347763329852,True,,benchmark_features_adjusted_close_exact_reference,False,,blocked_no_bear_cash_classifier,True,False,False,False,False,False,False,False,True,False
2020-01-03,2020-01-10,0050,consensus4_else_base,consensus4_ultra_strict_stock_exception,base_hold,base_asset,0050,00631L,00631L_reference,signal_date_interval_state_hold_approximation,base is continuously held between exceptions; interval rows decompose path for Experiments,19.94013977050781,19.868667602539062,-0.0035843363582865884,19.94013977050781,19.868667602539062,-0.0035843363582865884,2.490170687632043,-0.007143069552665748,True,,benchmark_features_adjusted_close_exact_reference,False,,blocked_no_bear_cash_classifier,True,False,False,False,False,False,False,False,True,False
2020-01-10,2020-01-17,0050,consensus4_else_base,consensus4_ultra_strict_stock_exception,stock_exception,stock,3260,3260,stock,signal_date_interval_state_hold_approximation,base is continuously held between exceptions; interval rows decompose path for Experiments,19.868667602539062,19.868667602539062,0.0,73.0,75.1,0.0287671232876711,2.5905728580981697,0.0,True,,official_unadjusted_ohlcv_tpex_trading_stock,True,0.0227574175212381,blocked_no_bear_cash_classifier,True,False,False,False,False,False,False,False,True,False
2020-01-17,2020-01-20,0050,consensus4_else_base,consensus4_ultra_strict_stock_exception,base_hold,base_asset,0050,00631L,00631L_reference,signal_date_interval_state_hold_approximation,base is continuously held between exceptions; interval rows decompose path for Experiments,19.868667602539062,19.95035552978516,0.004111394325991835,19.868667602539062,19.95035552978516,0.004111394325991835,2.605335118974015,0.0,True,,benchmark_features_adjusted_close_exact_reference,False,,blocked_no_bear_cash_classifier,True,False,False,False,False,False,False,False,True,False
2020-01-20,2020-01-31,0050,consensus4_else_base,consensus4_ultra_strict_stock_exception,base_hold,base_asset,0050,00631L,00631L_reference,signal_date_interval_state_hold_approximation,base is continuously held between exceptions; interval rows decompose path for Experiments,19.95035552978516,18.96462631225586,-0.0494091053193334,19.95035552978516,18.96462631225586,-0.0494091053193334,2.427198736369136,-0.04940910531933351,True,,benchmark_features_adjusted_close_exact_reference,False,,blocked_no_bear_cash_classifier,True,False,False,False,False,False,False,False,True,False
2020-01-31,2020-02-07,0050,consensus4_else_base,consensus4_ultra_strict_stock_exception,base_hold,base_asset,0050,00631L,00631L_reference,signal_date_interval_state_hold_approximation,base is continuously held between exceptions; interval rows decompose path for Experiments,18.96462631225586,19.228166580200195,0.013896412384040602,18.96462631225586,19.228166580200195,0.013896412384040602,2.4748245033317846,-0.036199302238336784,True,,benchmark_features_adjusted_close_exact_reference,False,,blocked_no_bear_cash_classifier,True,False,False,False,False,False,False,False,True,False
2020-02-07,2020-02-14,0050,consensus4_else_base,consensus4_ultra_strict_stock_exception,base_hold,base_asset,0050,00631L,00631L_reference,signal_date_interval_state_hold_approximation,base is continuously held between exceptions; interval rows decompose path for Experiments,19.228166580200195,19.597129821777344,0.01918868551706221,19.228166580200195,19.597129821777344,0.01918868551706221,2.5415018179532,-0.017705233747863147,True,,benchmark_features_adjusted_close_exact_reference,False,,blocked_no_bear_cash_classifier,True,False,False,False,False,False,False,False,True,False
2020-02-14,2020-02-21,0050,consensus4_else_base,consensus4_ultra_strict_stock_exception,base_hold,base_asset,0050,00631L,00631L_reference,signal_date_interval_state_hold_approximation,base is continuously held between exceptions; interval rows decompose path for Experiments,19.597129821777344,19.23870658874512,-0.01828957792757613,19.597129821777344,19.23870658874512,-0.01828957792757613,2.4767292444730926,-0.03567099042308175,True,,benchmark_features_adjusted_close_exact_reference,False,,blocked_no_bear_cash_classifier,True,False,False,False,False,False,False,False,True,False
2020-02-21,2020-02-27,0050,consensus4_else_base,consensus4_ultra_strict_stock_exception,stock_exception,stock,3706,3706,stock,signal_date_interval_state_hold_approximation,base is continuously held between exceptions; interval rows decompose path for Experiments,19.23870658874512,18.69053840637207,-0.028492985214179423,34.2,34.05,-0.0043859649122808,2.461480431997333,-0.03990050362298059,True,,official_unadjusted_ohlcv_twse_stock_day,True,-0.0102025786330082,blocked_no_bear_cash_classifier,True,False,False,False,False,False,False,False,True,False
2020-02-27,2020-03-06,0050,consensus4_else_base,consensus4_ultra_strict_stock_exception,base_hold,base_asset,0050,00631L,00631L_reference,signal_date_interval_state_hold_approximation,base is continuously held between exceptions; interval rows decompose path for Experiments,18.69053840637207,18.62728881835937,-0.0033840431258596038,18.69053840637207,18.62728881835937,-0.0033840431258596038,2.449766632936135,-0.04314952172383646,True,,benchmark_features_adjusted_close_exact_reference,False,,blocked_no_bear_cash_classifier,True,False,False,False,False,False,False,False,True,False
2020-03-06,2020-03-13,0050,consensus4_else_base,consensus4_ultra_strict_stock_exception,base_hold,base_asset,0050,00631L,00631L_reference,signal_date_interval_state_hold_approximation,base is continuously held between exceptions; interval rows decompose path for Experiments,18.62728881835937,17.077648162841797,-0.0831919594219328,18.62728881835937,17.077648162841797,-0.0831919594219328,2.162773787193774,-0.12275178788544405,True,,benchmark_features_adjusted_close_exact_reference,False,,blocked_no_bear_cash_classifier,True,False,False,False,False,False,False,False,True,False
2020-03-13,2020-03-20,0050,consensus4_else_base,consensus4_ultra_strict_stock_exception,base_hold,base_asset,0050,00631L,00631L_reference,signal_date_interval_state_hold_approximation,base is continuously held between exceptions; interval rows decompose path for Experiments,17.077648162841797,15.601801872253418,-0.0864197620489443,17.077648162841797,15.601801872253418,-0.0864197620489443,1.8894476290898496,-0.19856336963424592,True,,benchmark_features_adjusted_close_exact_reference,False,,blocked_no_bear_cash_classifier,True,False,False,False,False,False,False,False,True,False
2020-03-20,2020-03-27,0050,consensus4_else_base,consensus4_ultra_strict_stock_exception,base_hold,base_asset,0050,00631L,00631L_reference,signal_date_interval_state_hold_approximation,base is continuously held between exceptions; interval rows decompose path for Experiments,15.601801872253418,16.149974822998047,0.03513523343220459,15.601801872253418,16.149974822998047,0.03513523343220459,1.9909690460280518,-0.17040470654522555,True,,benchmark_features_adjusted_close_exact_reference,False,,blocked_no_bear_cash_classifier,True,False,False,False,False,False,False,False,True,False
2020-03-27,2020-04-01,0050,consensus4_else_base,consensus4_ultra_strict_stock_exception,base_hold,base_asset,0050,00631L,00631L_reference,signal_date_interval_state_hold_approximation,base is continuously held between exceptions; interval rows decompose path for Experiments,16.149974822998047,16.00239372253418,-0.00913816288144964,16.149974822998047,16.00239372253418,-0.00913816288144964,1.9636370837120736,-0.17798568346249932,True,,benchmark_features_adjusted_close_exact_reference,False,,blocked_no_bear_cash_classifier,True,False,False,False,False,False,False,False,True,False
2020-04-01,2020-04-10,0050,consensus4_else_base,consensus4_ultra_strict_stock_exception,base_hold,base_asset,0050,00631L,00631L_reference,signal_date_interval_state_hold_approximation,base is continuously held between exceptions; interval rows decompose path for Experiments,16.00239372253418,16.71923065185547,0.04479560631681356,16.00239372253418,16.71923065185547,0.04479560631681356,2.096395003779949,-0.1411630537521008,True,,benchmark_features_adjusted_close_exact_reference,False,,blocked_no_bear_cash_classifier,True,False,False,False,False,False,False,False,True,False
2020-04-10,2020-04-17,0050,consensus4_else_base,consensus4_ultra_strict_stock_exception,base_hold,base_asset,0050,00631L,00631L_reference,signal_date_interval_state_hold_approximation,base is continuously held between exceptions; interval rows decompose path for Experiments,16.71923065185547,17.552026748657227,0.0498106709658519,16.71923065185547,17.552026748657227,0.0498106709658519,2.25062851649354,-0.09838380920922973,True,,benchmark_features_adjusted_close_exact_reference,False,,blocked_no_bear_cash_classifier,True,False,False,False,False,False,False,False,True,False
2020-04-17,2020-04-24,0050,consensus4_else_base,consensus4_ultra_strict_stock_exception,stock_exception,stock,6415,6415,stock,signal_date_interval_state_hold_approximation,base is continuously held between exceptions; interval rows decompose path for Experiments,17.552026748657227,17.05656623840332,-0.028228108203618762,1200.0,1210.0,0.0083333333333333,2.2777170874643193,-0.09087034095264002,True,,official_unadjusted_ohlcv_twse_stock_day,True,0.0024434978581932,blocked_no_bear_cash_classifier,True,False,False,False,False,False,False,False,True,False
2020-04-24,2020-04-30,0050,consensus4_else_base,consensus4_ultra_strict_stock_exception,base_hold,base_asset,0050,00631L,00631L_reference,signal_date_interval_state_hold_approximation,base is continuously held between exceptions; interval rows decompose path for Experiments,17.05656623840332,18.02640724182129,0.056860272452397,17.05656623840332,18.02640724182129,0.056860272452397,2.464088974079418,-0.039176980844652265,True,,benchmark_features_adjusted_close_exact_reference,False,,blocked_no_bear_cash_classifier,True,False,False,False,False,False,False,False,True,False
2020-04-30,2020-05-08,0050,consensus4_else_base,consensus4_ultra_strict_stock_exception,base_hold,base_asset,0050,00631L,00631L_reference,signal_date_interval_state_hold_approximation,base is continuously held between exceptions; interval rows decompose path for Experiments,18.02640724182129,17.783946990966797,-0.013450281445544165,18.02640724182129,17.783946990966797,-0.013450281445544165,2.4174960024256436,-0.052100320871649064,True,,benchmark_features_adjusted_close_exact_reference,False,,blocked_no_bear_cash_classifier,True,False,False,False,False,False,False,False,True,False
2020-05-08,2020-05-15,0050,consensus4_else_base,consensus4_ultra_strict_stock_exception,base_hold,base_asset,0050,00631L,00631L_reference,signal_date_interval_state_hold_approximation,base is continuously held between exceptions; interval rows decompose path for Experiments,17.783946990966797,17.67852783203125,-0.005927770645576813,17.783946990966797,17.67852783203125,-0.005927770645576813,2.3972378699410886,-0.05771925276453782,True,,benchmark_features_adjusted_close_exact_reference,False,,blocked_no_bear_cash_classifier,True,False,False,False,False,False,False,False,True,False
2020-05-15,2020-05-22,0050,consensus4_else_base,consensus4_ultra_strict_stock_exception,base_hold,base_asset,0050,00631L,00631L_reference,signal_date_interval_state_hold_approximation,base is continuously held between exceptions; interval rows decompose path for Experiments,17.67852783203125,17.48877716064453,-0.01073339778004112,17.67852783203125,17.48877716064453,-0.01073339778004112,2.3607739645295913,-0.06783312684509046,True,,benchmark_features_adjusted_close_exact_reference,False,,blocked_no_bear_cash_classifier,True,False,False,False,False,False,False,False,True,False
2020-05-22,2020-05-29,0050,consensus4_else_base,consensus4_ultra_strict_stock_exception,base_hold,base_asset,0050,00631L,00631L_reference,signal_date_interval_state_hold_approximation,base is continuously held between exceptions; interval rows decompose path for Experiments,17.48877716064453,17.80503273010254,0.018083343766863713,17.48877716064453,17.80503273010254,0.018083343766863713,2.4215479954529053,-0.05097643282974773,True,,benchmark_features_adjusted_close_exact_reference,False,,blocked_no_bear_cash_classifier,True,False,False,False,False,False,False,False,True,False
2020-05-29,2020-06-05,0050,consensus4_else_base,consensus4_ultra_strict_stock_exception,base_hold,base_asset,0050,00631L,00631L_reference,signal_date_interval_state_hold_approximation,base is continuously held between exceptions; interval rows decompose path for Experiments,17.80503273010254,18.62728881835937,0.04618110512465745,17.80503273010254,18.62728881835937,0.04618110512465745,2.579558863119977,-0.007149475708480901,True,,benchmark_features_adjusted_close_exact_reference,False,,blocked_no_bear_cash_classifier,True,False,False,False,False,False,False,False,True,False
2020-06-05,2020-06-12,0050,consensus4_else_base,consensus4_ultra_strict_stock_exception,base_hold,base_asset,0050,00631L,00631L_reference,signal_date_interval_state_hold_approximation,base is continuously held between exceptions; interval rows decompose path for Experiments,18.62728881835937,18.606204986572266,-0.0011318787179767087,18.62728881835937,18.606204986572266,-0.0011318787179767087,2.5755072366230665,-0.008273262087058475,True,,benchmark_features_adjusted_close_exact_reference,False,,blocked_no_bear_cash_classifier,True,False,False,False,False,False,False,False,True,False
2020-06-12,2020-06-19,0050,consensus4_else_base,consensus4_ultra_strict_stock_exception,base_hold,base_asset,0050,00631L,00631L_reference,signal_date_interval_state_hold_approximation,base is continuously held between exceptions; interval rows decompose path for Experiments,18.606204986572266,18.73270606994629,0.006798865403520926,18.606204986572266,18.73270606994629,0.006798865403520926,2.5998166290741818,-0.001530645478915571,True,,benchmark_features_adjusted_close_exact_reference,False,,blocked_no_bear_cash_classifier,True,False,False,False,False,False,False,False,True,False
2020-06-19,2020-06-24,0050,consensus4_else_base,consensus4_ultra_strict_stock_exception,base_hold,base_asset,0050,00631L,00631L_reference,signal_date_interval_state_hold_approximation,base is continuously held between exceptions; interval rows decompose path for Experiments,18.73270606994629,18.97516822814941,0.012943253222347462,18.73270606994629,18.97516822814941,0.012943253222347462,2.646409967258306,0.0,True,,benchmark_features_adjusted_close_exact_reference,False,,blocked_no_bear_cash_classifier,True,False,False,False,False,False,False,False,True,False
2020-06-24,2020-07-03,0050,consensus4_else_base,consensus4_ultra_strict_stock_exception,base_hold,base_asset,0050,00631L,00631L_reference,signal_date_interval_state_hold_approximation,base is continuously held between exceptions; interval rows decompose path for Experiments,18.97516822814941,19.512794494628903,0.0283331488825449,18.97516822814941,19.512794494628903,0.0283331488825449,2.749724243747431,0.0,True,,benchmark_features_adjusted_close_exact_reference,False,,blocked_no_bear_cash_classifier,True,False,False,False,False,False,False,False,True,False
2020-07-03,2020-07-10,0050,consensus4_else_base,consensus4_ultra_strict_stock_exception,base_hold,base_asset,0050,00631L,00631L_reference,signal_date_interval_state_hold_approximation,base is continuously held between exceptions; interval rows decompose path for Experiments,19.512794494628903,19.955551147460938,0.022690581451770386,19.512794494628903,19.955551147460938,0.022690581451770386,2.8348076671218605,0.0,True,,benchmark_features_adjusted_close_exact_reference,False,,blocked_no_bear_cash_classifier,True,False,False,False,False,False,False,False,True,False
2020-07-10,2020-07-17,0050,consensus4_else_base,consensus4_ultra_strict_stock_exception,base_hold,base_asset,0050,00631L,00631L_reference,signal_date_interval_state_hold_approximation,base is continuously held between exceptions; interval rows decompose path for Experiments,19.955551147460938,20.49318122863769,0.026941379729577664,19.955551147460938,20.49318122863769,0.026941379729577664,2.9381226766716866,0.0,True,,benchmark_features_adjusted_close_exact_reference,False,,blocked_no_bear_cash_classifier,True,False,False,False,False,False,False,False,True,False
2020-07-17,2020-07-24,0050,consensus4_else_base,consensus4_ultra_strict_stock_exception,base_hold,base_asset,0050,00631L,00631L_reference,signal_date_interval_state_hold_approximation,base is continuously held between exceptions; interval rows decompose path for Experiments,20.49318122863769,20.91814422607422,0.02073679985041421,20.49318122863769,20.91814422607422,0.02073679985041421,3.019786738404205,0.0,True,,benchmark_features_adjusted_close_exact_reference,False,,blocked_no_bear_cash_classifier,True,False,False,False,False,False,False,False,True,False
2020-07-24,2020-07-31,0050,consensus4_else_base,consensus4_ultra_strict_stock_exception,base_hold,base_asset,0050,00631L,00631L_reference,signal_date_interval_state_hold_approximation,base is continuously held between exceptions; interval rows decompose path for Experiments,20.91814422607422,22.04369163513184,0.0538072305503392,20.91814422607422,22.04369163513184,0.0538072305503392,3.236080330200716,0.0,True,,benchmark_features_adjusted_close_exact_reference,False,,blocked_no_bear_cash_classifier,True,False,False,False,False,False,False,False,True,False
2020-07-31,2020-08-07,0050,consensus4_else_base,consensus4_ultra_strict_stock_exception,base_hold,base_asset,0050,00631L,00631L_reference,signal_date_interval_state_hold_approximation,base is continuously held between exceptions; interval rows decompose path for Experiments,22.04369163513184,22.22420310974121,0.008188804198371313,22.04369163513184,22.22420310974121,0.008188804198371313,3.2707687625933017,0.0,True,,benchmark_features_adjusted_close_exact_reference,False,,blocked_no_bear_cash_classifier,True,False,False,False,False,False,False,False,True,False
2020-08-07,2020-08-14,0050,consensus4_else_base,consensus4_ultra_strict_stock_exception,base_hold,base_asset,0050,00631L,00631L_reference,signal_date_interval_state_hold_approximation,base is continuously held between exceptions; interval rows decompose path for Experiments,22.22420310974121,22.192344665527344,-0.001433502207325632,22.22420310974121,22.192344665527344,-0.001433502207325632,3.2646466061451465,-0.001433502207325743,True,,benchmark_features_adjusted_close_exact_reference,False,,blocked_no_bear_cash_classifier,True,False,False,False,False,False,False,False,True,False
2020-08-14,2020-08-21,0050,consensus4_else_base,consensus4_ultra_strict_stock_exception,base_hold,base_asset,0050,00631L,00631L_reference,signal_date_interval_state_hold_approximation,base is continuously held between exceptions; interval rows decompose path for Experiments,22.192344665527344,21.8313217163086,-0.01626790475093609,22.192344665527344,21.8313217163086,-0.01626790475093609,3.195269741359974,-0.017678086880892896,True,,benchmark_features_adjusted_close_exact_reference,False,,blocked_no_bear_cash_classifier,True,False,False,False,False,False,False,False,True,False
2020-08-21,2020-08-28,0050,consensus4_else_base,consensus4_ultra_strict_stock_exception,base_hold,base_asset,0050,00631L,00631L_reference,signal_date_interval_state_hold_approximation,base is continuously held between exceptions; interval rows decompose path for Experiments,21.8313217163086,21.97997665405273,0.006809250473968298,21.8313217163086,21.97997665405273,0.006809250473968298,3.2238363838347546,-0.010989210928397108,True,,benchmark_features_adjusted_close_exact_reference,False,,blocked_no_bear_cash_classifier,True,False,False,False,False,False,False,False,True,False
2020-08-28,2020-09-04,0050,consensus4_else_base,consensus4_ultra_strict_stock_exception,base_hold,base_asset,0050,00631L,00631L_reference,signal_date_interval_state_hold_approximation,base is continuously held between exceptions; interval rows decompose path for Experiments,21.97997665405273,21.77823066711425,-0.009178626079263008,21.97997665405273,21.77823066711425,-0.009178626079263008,3.185067369047549,-0.020066971149642177,True,,benchmark_features_adjusted_close_exact_reference,False,,blocked_no_bear_cash_classifier,True,False,False,False,False,False,False,False,True,False
2020-09-04,2020-09-11,0050,consensus4_else_base,consensus4_ultra_strict_stock_exception,base_hold,base_asset,0050,00631L,00631L_reference,signal_date_interval_state_hold_approximation,base is continuously held between exceptions; interval rows decompose path for Experiments,21.77823066711425,21.9268856048584,0.006825850089310581,21.77823066711425,21.9268856048584,0.006825850089310581,3.213634011522333,-0.013378095197145501,True,,benchmark_features_adjusted_close_exact_reference,False,,blocked_no_bear_cash_classifier,True,False,False,False,False,False,False,False,True,False
2020-09-11,2020-09-18,0050,consensus4_else_base,consensus4_ultra_strict_stock_exception,base_hold,base_asset,0050,00631L,00631L_reference,signal_date_interval_state_hold_approximation,base is continuously held between exceptions; interval rows decompose path for Experiments,21.9268856048584,22.36224174499512,0.019854900872938286,21.9268856048584,22.36224174499512,0.019854900872938286,3.2972952971359506,0.0,True,,benchmark_features_adjusted_close_exact_reference,False,,blocked_no_bear_cash_classifier,True,False,False,False,False,False,False,False,True,False
2020-09-18,2020-09-25,0050,consensus4_else_base,consensus4_ultra_strict_stock_exception,base_hold,base_asset,0050,00631L,00631L_reference,signal_date_interval_state_hold_approximation,base is continuously held between exceptions; interval rows decompose path for Experiments,22.36224174499512,21.374732971191406,-0.04415965022937507,22.36224174499512,21.374732971191406,-0.04415965022937507,3.1075282398820887,-0.04415965022937507,True,,benchmark_features_adjusted_close_exact_reference,False,,blocked_no_bear_cash_classifier,True,False,False,False,False,False,False,False,True,False
2020-09-25,2020-09-30,0050,consensus4_else_base,consensus4_ultra_strict_stock_exception,base_hold,base_asset,0050,00631L,00631L_reference,signal_date_interval_state_hold_approximation,base is continuously held between exceptions; interval rows decompose path for Experiments,21.374732971191406,21.87379646301269,0.02334829129766991,21.374732971191406,21.87379646301269,0.02334829129766991,3.203432005740261,-0.021842411308863774,True,,benchmark_features_adjusted_close_exact_reference,False,,blocked_no_bear_cash_classifier,True,False,False,False,False,False,False,False,True,False
2020-09-30,2020-10-08,0050,consensus4_else_base,consensus4_ultra_strict_stock_exception,base_hold,base_asset,0050,00631L,00631L_reference,signal_date_interval_state_hold_approximation,base is continuously held between exceptions; interval rows decompose path for Experiments,21.87379646301269,22.553367614746094,0.031067819108700157,21.87379646301269,22.553367614746094,0.031067819108700157,3.33402347093032,0.0,True,,benchmark_features_adjusted_close_exact_reference,False,,blocked_no_bear_cash_classifier,True,False,False,False,False,False,False,False,True,False
2020-10-08,2020-10-16,0050,consensus4_else_base,consensus4_ultra_strict_stock_exception,base_hold,base_asset,0050,00631L,00631L_reference,signal_date_interval_state_hold_approximation,base is continuously held between exceptions; interval rows decompose path for Experiments,22.553367614746094,22.351619720458984,-0.008945355644147779,22.553367614746094,22.351619720458984,-0.008945355644147779,3.2952540896127642,-0.008945355644147779,True,,benchmark_features_adjusted_close_exact_reference,False,,blocked_no_bear_cash_classifier,True,False,False,False,False,False,False,False,True,False
2020-10-16,2020-10-23,0050,consensus4_else_base,consensus4_ultra_strict_stock_exception,base_hold,base_asset,0050,00631L,00631L_reference,signal_date_interval_state_hold_approximation,base is continuously held between exceptions; interval rows decompose path for Experiments,22.351619720458984,22.53213119506836,0.008075990772344221,22.351619720458984,22.53213119506836,0.008075990772344221,3.329942522005351,-0.0009416074814410091,True,,benchmark_features_adjusted_close_exact_reference,False,,blocked_no_bear_cash_classifier,True,False,False,False,False,False,False,False,True,False
2020-10-23,2020-10-30,0050,consensus4_else_base,consensus4_ultra_strict_stock_exception,base_hold,base_asset,0050,00631L,00631L_reference,signal_date_interval_state_hold_approximation,base is continuously held between exceptions; interval rows decompose path for Experiments,22.53213119506836,21.87379646301269,-0.029217597144106766,22.53213119506836,21.87379646301269,-0.029217597144106766,3.203432005740261,-0.03013169311748709,True,,benchmark_features_adjusted_close_exact_reference,False,,blocked_no_bear_cash_classifier,True,False,False,False,False,False,False,False,True,False
2020-10-30,2020-11-06,0050,consensus4_else_base,consensus4_ultra_strict_stock_exception,base_hold,base_asset,0050,00631L,00631L_reference,signal_date_interval_state_hold_approximation,base is continuously held between exceptions; interval rows decompose path for Experiments,21.87379646301269,22.6595516204834,0.035922212168307155,21.87379646301269,22.6595516204834,0.035922212168307155,3.3544285820855153,0.0,True,,benchmark_features_adjusted_close_exact_reference,False,,blocked_no_bear_cash_classifier,True,False,False,False,False,False,False,False,True,False
2020-11-06,2020-11-13,0050,consensus4_else_base,consensus4_ultra_strict_stock_exception,base_hold,base_asset,0050,00631L,00631L_reference,signal_date_interval_state_hold_approximation,base is continuously held between exceptions; interval rows decompose path for Experiments,22.6595516204834,23.20108795166016,0.023898810543419247,22.6595516204834,23.20108795166016,0.023898810543419247,3.458494245793627,0.0,True,,benchmark_features_adjusted_close_exact_reference,False,,blocked_no_bear_cash_classifier,True,False,False,False,False,False,False,False,True,False
2020-11-13,2020-11-20,0050,consensus4_else_base,consensus4_ultra_strict_stock_exception,base_hold,base_asset,0050,00631L,00631L_reference,signal_date_interval_state_hold_approximation,base is continuously held between exceptions; interval rows decompose path for Experiments,23.20108795166016,24.209829330444336,0.0434781929574124,23.20108795166016,24.209829330444336,0.0434781929574124,3.652341518911755,0.0,True,,benchmark_features_adjusted_close_exact_reference,False,,blocked_no_bear_cash_classifier,True,False,False,False,False,False,False,False,True,False
2020-11-20,2020-11-27,0050,consensus4_else_base,consensus4_ultra_strict_stock_exception,base_hold,base_asset,0050,00631L,00631L_reference,signal_date_interval_state_hold_approximation,base is continuously held between exceptions; interval rows decompose path for Experiments,24.209829330444336,24.347869873046875,0.005701838733284781,24.209829330444336,24.347869873046875,0.005701838733284781,3.678868419984755,0.0,True,,benchmark_features_adjusted_close_exact_reference,False,,blocked_no_bear_cash_classifier,True,False,False,False,False,False,False,False,True,False
2020-11-27,2020-12-04,0050,consensus4_else_base,consensus4_ultra_strict_stock_exception,base_hold,base_asset,0050,00631L,00631L_reference,signal_date_interval_state_hold_approximation,base is continuously held between exceptions; interval rows decompose path for Experiments,24.347869873046875,24.910642623901367,0.02311383927172539,24.347869873046875,24.910642623901367,0.02311383927172539,3.787015032617834,0.0,True,,benchmark_features_adjusted_close_exact_reference,False,,blocked_no_bear_cash_classifier,True,False,False,False,False,False,False,False,True,False
2020-12-04,2020-12-11,0050,consensus4_else_base,consensus4_ultra_strict_stock_exception,base_hold,base_asset,0050,00631L,00631L_reference,signal_date_interval_state_hold_approximation,base is continuously held between exceptions; interval rows decompose path for Experiments,24.910642623901367,25.21857452392578,0.012361459504419248,24.910642623901367,25.21857452392578,0.012361459504419248,3.846189525090586,0.0,True,,benchmark_features_adjusted_close_exact_reference,False,,blocked_no_bear_cash_classifier,True,False,False,False,False,False,False,False,True,False
2020-12-11,2020-12-18,0050,consensus4_else_base,consensus4_ultra_strict_stock_exception,base_hold,base_asset,0050,00631L,00631L_reference,signal_date_interval_state_hold_approximation,base is continuously held between exceptions; interval rows decompose path for Experiments,25.21857452392578,25.101770401000977,-0.00463167031165812,25.21857452392578,25.101770401000977,-0.00463167031165812,3.823743572942555,-0.004631670311658231,True,,benchmark_features_adjusted_close_exact_reference,False,,blocked_no_bear_cash_classifier,True,False,False,False,False,False,False,False,True,False
2020-12-18,2020-12-25,0050,consensus4_else_base,consensus4_ultra_strict_stock_exception,base_hold,base_asset,0050,00631L,00631L_reference,signal_date_interval_state_hold_approximation,base is continuously held between exceptions; interval rows decompose path for Experiments,25.101770401000977,25.261045455932617,0.006345172168624735,25.101770401000977,25.261045455932617,0.006345172168624735,3.854351056410173,0.0,True,,benchmark_features_adjusted_close_exact_reference,False,,blocked_no_bear_cash_classifier,True,False,False,False,False,False,False,False,True,False
2020-12-25,2020-12-31,0050,consensus4_else_base,consensus4_ultra_strict_stock_exception,base_hold,base_asset,0050,00631L,00631L_reference,signal_date_interval_state_hold_approximation,base is continuously held between exceptions; interval rows decompose path for Experiments,25.261045455932617,25.96185874938965,0.027742845983139697,25.261045455932617,25.96185874938965,0.027742845983139697,3.9890245701162517,0.0,True,,benchmark_features_adjusted_close_exact_reference,False,,blocked_no_bear_cash_classifier,True,False,False,False,False,False,False,False,True,False
2020-12-31,2021-01-08,0050,consensus4_else_base,consensus4_ultra_strict_stock_exception,base_hold,base_asset,0050,00631L,00631L_reference,signal_date_interval_state_hold_approximation,base is continuously held between exceptions; interval rows decompose path for Experiments,25.96185874938965,27.86254119873047,0.07321056892297828,25.96185874938965,27.86254119873047,0.07321056892297828,4.3542738972651795,0.0,True,,benchmark_features_adjusted_close_exact_reference,False,,blocked_no_bear_cash_classifier,True,False,False,False,False,False,False,False,True,False
2021-01-08,2021-01-15,0050,consensus4_else_base,consensus4_ultra_strict_stock_exception,base_hold,base_asset,0050,00631L,00631L_reference,signal_date_interval_state_hold_approximation,base is continuously held between exceptions; interval rows decompose path for Experiments,27.86254119873047,28.563352584838867,0.025152457599249,27.86254119873047,28.563352584838867,0.025152457599249,4.488947044440907,0.0,True,,benchmark_features_adjusted_close_exact_reference,False,,blocked_no_bear_cash_classifier,True,False,False,False,False,False,False,False,True,False
2021-01-15,2021-01-22,0050,consensus4_else_base,consensus4_ultra_strict_stock_exception,base_hold,base_asset,0050,00631L,00631L_reference,signal_date_interval_state_hold_approximation,base is continuously held between exceptions; interval rows decompose path for Experiments,28.563352584838867,29.825984954833984,0.044204627809177666,28.563352584838867,29.825984954833984,0.044204627809177666,4.731583905604704,0.0,True,,benchmark_features_adjusted_close_exact_reference,False,,blocked_no_bear_cash_classifier,True,False,False,False,False,False,False,False,True,False
2021-01-22,2021-01-29,0050,consensus4_else_base,consensus4_ultra_strict_stock_exception,base_hold,base_asset,0050,00631L,00631L_reference,signal_date_interval_state_hold_approximation,base is continuously held between exceptions; interval rows decompose path for Experiments,29.825984954833984,27.81877899169922,-0.06729722308162878,29.825984954833984,27.81877899169922,-0.06729722308162878,4.3458642248981505,-0.06729722308162889,True,,benchmark_features_adjusted_close_exact_reference,False,,blocked_no_bear_cash_classifier,True,False,False,False,False,False,False,False,True,False
2021-01-29,2021-02-05,0050,consensus4_else_base,consensus4_ultra_strict_stock_exception,base_hold,base_asset,0050,00631L,00631L_reference,signal_date_interval_state_hold_approximation,base is continuously held between exceptions; interval rows decompose path for Experiments,27.81877899169922,29.25094985961914,0.05148216132517036,27.81877899169922,29.25094985961914,0.05148216132517036,4.621080869346814,-0.019279668251882875,True,,benchmark_features_adjusted_close_exact_reference,False,,blocked_no_bear_cash_classifier,True,False,False,False,False,False,False,False,True,False
2021-02-05,2021-02-19,0050,consensus4_else_base,consensus4_ultra_strict_stock_exception,base_hold,base_asset,0050,00631L,00631L_reference,signal_date_interval_state_hold_approximation,base is continuously held between exceptions; interval rows decompose path for Experiments,29.25094985961914,30.129779815673828,0.030044492923216426,29.25094985961914,30.129779815673828,0.030044492923216426,4.789963393746731,0.0,True,,benchmark_features_adjusted_close_exact_reference,False,,blocked_no_bear_cash_classifier,True,False,False,False,False,False,False,False,True,False
2021-02-19,2021-02-26,0050,consensus4_else_base,consensus4_ultra_strict_stock_exception,base_hold,base_asset,0050,00631L,00631L_reference,signal_date_interval_state_hold_approximation,base is continuously held between exceptions; interval rows decompose path for Experiments,30.129779815673828,28.947153091430664,-0.039251090830340174,30.129779815673828,28.947153091430664,-0.039251090830340174,4.562701014674434,-0.039251090830340174,True,,benchmark_features_adjusted_close_exact_reference,False,,blocked_no_bear_cash_classifier,True,False,False,False,False,False,False,False,True,False
2021-02-26,2021-03-05,0050,consensus4_else_base,consensus4_ultra_strict_stock_exception,base_hold,base_asset,0050,00631L,00631L_reference,signal_date_interval_state_hold_approximation,base is continuously held between exceptions; interval rows decompose path for Experiments,28.947153091430664,28.632509231567383,-0.010869596014138838,28.947153091430664,28.632509231567383,-0.010869596014138838,4.502236701897482,-0.04969404334403904,True,,benchmark_features_adjusted_close_exact_reference,False,,blocked_no_bear_cash_classifier,True,False,False,False,False,False,False,False,True,False
2021-03-05,2021-03-12,0050,consensus4_else_base,consensus4_ultra_strict_stock_exception,base_hold,base_asset,0050,00631L,00631L_reference,signal_date_interval_state_hold_approximation,base is continuously held between exceptions; interval rows decompose path for Experiments,28.632509231567383,29.34859275817871,0.02500945763502438,28.632509231567383,29.34859275817871,0.02500945763502438,4.639844657591464,-0.025927406780740347,True,,benchmark_features_adjusted_close_exact_reference,False,,blocked_no_bear_cash_classifier,True,False,False,False,False,False,False,False,True,False
2021-03-12,2021-03-19,0050,consensus4_else_base,consensus4_ultra_strict_stock_exception,base_hold,base_asset,0050,00631L,00631L_reference,signal_date_interval_state_hold_approximation,base is continuously held between exceptions; interval rows decompose path for Experiments,29.34859275817871,28.81695938110352,-0.01811444185605937,29.34859275817871,28.81695938110352,-0.01811444185605937,4.537682019464317,-0.0435721881341915,True,,benchmark_features_adjusted_close_exact_reference,False,,blocked_no_bear_cash_classifier,True,False,False,False,False,False,False,False,True,False
2021-03-19,2021-03-26,0050,consensus4_else_base,consensus4_ultra_strict_stock_exception,base_hold,base_asset,0050,00631L,00631L_reference,signal_date_interval_state_hold_approximation,base is continuously held between exceptions; interval rows decompose path for Experiments,28.81695938110352,29.15329933166504,0.011671597482351803,28.81695938110352,29.15329933166504,0.011671597482351803,4.602315614980761,-0.03240914769316727,True,,benchmark_features_adjusted_close_exact_reference,False,,blocked_no_bear_cash_classifier,True,False,False,False,False,False,False,False,True,False
2021-03-26,2021-04-01,0050,consensus4_else_base,consensus4_ultra_strict_stock_exception,base_hold,base_asset,0050,00631L,00631L_reference,signal_date_interval_state_hold_approximation,base is continuously held between exceptions; interval rows decompose path for Experiments,29.15329933166504,29.457090377807617,0.01042046880136871,29.15329933166504,29.457090377807617,0.01042046880136871,4.660694370062089,-0.02232639740421427,True,,benchmark_features_adjusted_close_exact_reference,False,,blocked_no_bear_cash_classifier,True,False,False,False,False,False,False,False,True,False
2021-04-01,2021-04-09,0050,consensus4_else_base,consensus4_ultra_strict_stock_exception,base_hold,base_asset,0050,00631L,00631L_reference,signal_date_interval_state_hold_approximation,base is continuously held between exceptions; interval rows decompose path for Experiments,29.457090377807617,29.93448066711425,0.01620629475565205,29.457090377807617,29.93448066711425,0.01620629475565205,4.752433251544975,-0.006481930825726789,True,,benchmark_features_adjusted_close_exact_reference,False,,blocked_no_bear_cash_classifier,True,False,False,False,False,False,False,False,True,False
2021-04-09,2021-04-16,0050,consensus4_else_base,consensus4_ultra_strict_stock_exception,base_hold,base_asset,0050,00631L,00631L_reference,signal_date_interval_state_hold_approximation,base is continuously held between exceptions; interval rows decompose path for Experiments,29.93448066711425,30.216577529907227,0.009423810151578227,29.93448066711425,30.216577529907227,0.009423810151578227,4.806643090417161,0.0,True,,benchmark_features_adjusted_close_exact_reference,False,,blocked_no_bear_cash_classifier,True,False,False,False,False,False,False,False,True,False
2021-04-16,2021-04-23,0050,consensus4_else_base,consensus4_ultra_strict_stock_exception,base_hold,base_asset,0050,00631L,00631L_reference,signal_date_interval_state_hold_approximation,base is continuously held between exceptions; interval rows decompose path for Experiments,30.216577529907227,30.194869995117188,-0.0007183981961078612,30.216577529907227,30.194869995117188,-0.0007183981961078612,4.802471608495563,-0.0007183981961078612,True,,benchmark_features_adjusted_close_exact_reference,False,,blocked_no_bear_cash_classifier,True,False,False,False,False,False,False,False,True,False
2021-04-23,2021-04-29,0050,consensus4_else_base,consensus4_ultra_strict_stock_exception,base_hold,base_asset,0050,00631L,00631L_reference,signal_date_interval_state_hold_approximation,base is continuously held between exceptions; interval rows decompose path for Experiments,30.194869995117188,30.509521484375,0.010420693624734856,30.194869995117188,30.509521484375,0.010420693624734856,4.8629373873939175,0.0,True,,benchmark_features_adjusted_close_exact_reference,False,,blocked_no_bear_cash_classifier,True,False,False,False,False,False,False,False,True,False
2021-04-29,2021-05-07,0050,consensus4_else_base,consensus4_ultra_strict_stock_exception,base_hold,base_asset,0050,00631L,00631L_reference,signal_date_interval_state_hold_approximation,base is continuously held between exceptions; interval rows decompose path for Experiments,30.509521484375,30.24912071228028,-0.008535065757359739,30.509521484375,30.24912071228028,-0.008535065757359739,4.812896831261227,-0.008535065757359739,True,,benchmark_features_adjusted_close_exact_reference,False,,blocked_no_bear_cash_classifier,True,False,False,False,False,False,False,False,True,False
2021-05-07,2021-05-14,0050,consensus4_else_base,consensus4_ultra_strict_stock_exception,base_hold,base_asset,0050,00631L,00631L_reference,signal_date_interval_state_hold_approximation,base is continuously held between exceptions; interval rows decompose path for Experiments,30.24912071228028,27.981523513793945,-0.07496406986685589,30.24912071228028,27.981523513793945,-0.07496406986685589,4.377138427073735,-0.08285931235846278,True,,benchmark_features_adjusted_close_exact_reference,False,,blocked_no_bear_cash_classifier,True,False,False,False,False,False,False,False,True,False
2021-05-14,2021-05-21,0050,consensus4_else_base,consensus4_ultra_strict_stock_exception,base_hold,base_asset,0050,00631L,00631L_reference,signal_date_interval_state_hold_approximation,base is continuously held between exceptions; interval rows decompose path for Experiments,27.981523513793945,28.719310760498047,0.02636694339893242,27.981523513793945,28.719310760498047,0.02636694339893242,4.518917131628613,-0.05867711575856038,True,,benchmark_features_adjusted_close_exact_reference,False,,blocked_no_bear_cash_classifier,True,False,False,False,False,False,False,False,True,False
2021-05-21,2021-05-28,0050,consensus4_else_base,consensus4_ultra_strict_stock_exception,base_hold,base_asset,0050,00631L,00631L_reference,signal_date_interval_state_hold_approximation,base is continuously held between exceptions; interval rows decompose path for Experiments,28.719310760498047,29.46794509887696,0.02606728081401677,28.719310760498047,29.46794509887696,0.02606728081401677,4.662780294288064,-0.03413938779837855,True,,benchmark_features_adjusted_close_exact_reference,False,,blocked_no_bear_cash_classifier,True,False,False,False,False,False,False,False,True,False
2021-05-28,2021-06-04,0050,consensus4_else_base,consensus4_ultra_strict_stock_exception,base_hold,base_asset,0050,00631L,00631L_reference,signal_date_interval_state_hold_approximation,base is continuously held between exceptions; interval rows decompose path for Experiments,29.46794509887696,29.717485427856445,0.008468195801986766,29.46794509887696,29.717485427856445,0.008468195801986766,4.710733826603727,-0.025960291016828507,True,,benchmark_features_adjusted_close_exact_reference,False,,blocked_no_bear_cash_classifier,True,False,False,False,False,False,False,False,True,False
2021-06-04,2021-06-11,0050,consensus4_else_base,consensus4_ultra_strict_stock_exception,base_hold,base_asset,0050,00631L,00631L_reference,signal_date_interval_state_hold_approximation,base is continuously held between exceptions; interval rows decompose path for Experiments,29.717485427856445,29.96703147888184,0.00839728016797392,29.717485427856445,29.96703147888184,0.00839728016797392,4.758688458510444,-0.0177810066857651,True,,benchmark_features_adjusted_close_exact_reference,False,,blocked_no_bear_cash_classifier,True,False,False,False,False,False,False,False,True,False
2021-06-11,2021-06-18,0050,consensus4_else_base,consensus4_ultra_strict_stock_exception,base_hold,base_asset,0050,00631L,00631L_reference,signal_date_interval_state_hold_approximation,base is continuously held between exceptions; interval rows decompose path for Experiments,29.96703147888184,29.945331573486328,-0.000724125958582289,29.96703147888184,29.945331573486328,-0.000724125958582289,4.754518442710248,-0.01849225695583656,True,,benchmark_features_adjusted_close_exact_reference,False,,blocked_no_bear_cash_classifier,True,False,False,False,False,False,False,False,True,False
2021-06-18,2021-06-25,0050,consensus4_else_base,consensus4_ultra_strict_stock_exception,stock_exception,stock,2636,2636,stock,signal_date_interval_state_hold_approximation,base is continuously held between exceptions; interval rows decompose path for Experiments,29.945331573486328,29.717485427856445,-0.00760873677657381,189.5,222.0,0.1715039577836412,5.741441130774011,0.0,True,,official_unadjusted_ohlcv_twse_stock_day,True,0.1646612573289934,blocked_no_bear_cash_classifier,True,False,False,False,False,False,False,False,True,False
2021-06-25,2021-07-02,0050,consensus4_else_base,consensus4_ultra_strict_stock_exception,base_hold,base_asset,0050,00631L,00631L_reference,signal_date_interval_state_hold_approximation,base is continuously held between exceptions; interval rows decompose path for Experiments,29.717485427856445,30.01043128967285,0.009857693462240524,29.717485427856445,30.01043128967285,0.009857693462240524,5.807896190934922,0.0,True,,benchmark_features_adjusted_close_exact_reference,False,,blocked_no_bear_cash_classifier,True,False,False,False,False,False,False,False,True,False
2021-07-02,2021-07-09,0050,consensus4_else_base,consensus4_ultra_strict_stock_exception,base_hold,base_asset,0050,00631L,00631L_reference,signal_date_interval_state_hold_approximation,base is continuously held between exceptions; interval rows decompose path for Experiments,30.01043128967285,29.891082763671875,-0.003976901393018206,30.01043128967285,29.891082763671875,-0.003976901393018206,5.780821859089669,-0.003976901393018206,True,,benchmark_features_adjusted_close_exact_reference,False,,blocked_no_bear_cash_classifier,True,False,False,False,False,False,False,False,True,False
2021-07-09,2021-07-16,0050,consensus4_else_base,consensus4_ultra_strict_stock_exception,stock_exception,stock,2351,2351,stock,signal_date_interval_state_hold_approximation,base is continuously held between exceptions; interval rows decompose path for Experiments,29.891082763671875,30.35761833190918,0.015607851074712853,149.5,146.5,-0.020066889632107,5.644751855228338,-0.02396398698379376,True,,official_unadjusted_ohlcv_twse_stock_day,True,-0.0257909617779624,blocked_no_bear_cash_classifier,True,False,False,False,False,False,False,False,True,False
2021-07-16,2021-07-23,0050,consensus4_else_base,consensus4_ultra_strict_stock_exception,base_hold,base_asset,0050,00631L,00631L_reference,signal_date_interval_state_hold_approximation,base is continuously held between exceptions; interval rows decompose path for Experiments,30.35761833190918,29.945772171020508,-0.013566484576814641,30.35761833190918,29.945772171020508,-0.013566484576814641,5.554605931667623,-0.0372053645007937,True,,benchmark_features_adjusted_close_exact_reference,False,,blocked_no_bear_cash_classifier,True,False,False,False,False,False,False,False,True,False
2021-07-23,2021-07-30,0050,consensus4_else_base,consensus4_ultra_strict_stock_exception,base_hold,base_asset,0050,00631L,00631L_reference,signal_date_interval_state_hold_approximation,base is continuously held between exceptions; interval rows decompose path for Experiments,29.945772171020508,29.597694396972656,-0.011623603227192691,29.945772171020508,29.597694396972656,-0.011623603227192691,5.478417793007314,-0.04839650733310619,True,,benchmark_features_adjusted_close_exact_reference,False,,blocked_no_bear_cash_classifier,True,False,False,False,False,False,False,False,True,False
2021-07-30,2021-08-06,0050,consensus4_else_base,consensus4_ultra_strict_stock_exception,base_hold,base_asset,0050,00631L,00631L_reference,signal_date_interval_state_hold_approximation,base is continuously held between exceptions; interval rows decompose path for Experiments,29.597694396972656,30.19596099853516,0.020213283965243356,29.597694396972656,30.19596099853516,0.020213283965243356,5.609367891502856,-0.029161475713512908,True,,benchmark_features_adjusted_close_exact_reference,False,,blocked_no_bear_cash_classifier,True,False,False,False,False,False,False,False,True,False
2021-08-06,2021-08-13,0050,consensus4_else_base,consensus4_ultra_strict_stock_exception,base_hold,base_asset,0050,00631L,00631L_reference,signal_date_interval_state_hold_approximation,base is continuously held between exceptions; interval rows decompose path for Experiments,30.19596099853516,29.51067352294922,-0.022694673490245454,30.19596099853516,29.51067352294922,-0.022694673490245454,5.459370445228287,-0.051194339033946434,True,,benchmark_features_adjusted_close_exact_reference,False,,blocked_no_bear_cash_classifier,True,False,False,False,False,False,False,False,True,False
2021-08-13,2021-08-20,0050,consensus4_else_base,consensus4_ultra_strict_stock_exception,base_hold,base_asset,0050,00631L,00631L_reference,signal_date_interval_state_hold_approximation,base is continuously held between exceptions; interval rows decompose path for Experiments,29.51067352294922,28.44468116760254,-0.03612226452634848,29.51067352294922,28.44468116760254,-0.03612226452634848,5.226043357332073,-0.08546734810345913,True,,benchmark_features_adjusted_close_exact_reference,False,,blocked_no_bear_cash_classifier,True,False,False,False,False,False,False,False,True,False
2021-08-20,2021-08-27,0050,consensus4_else_base,consensus4_ultra_strict_stock_exception,base_hold,base_asset,0050,00631L,00631L_reference,signal_date_interval_state_hold_approximation,base is continuously held between exceptions; interval rows decompose path for Experiments,28.44468116760254,30.05455017089844,0.05659648613426849,28.44468116760254,30.05455017089844,0.05659648613426849,5.578415533876672,-0.03370801355106079,True,,benchmark_features_adjusted_close_exact_reference,False,,blocked_no_bear_cash_classifier,True,False,False,False,False,False,False,False,True,False
2021-08-27,2021-09-03,0050,consensus4_else_base,consensus4_ultra_strict_stock_exception,base_hold,base_asset,0050,00631L,00631L_reference,signal_date_interval_state_hold_approximation,base is continuously held between exceptions; interval rows decompose path for Experiments,30.05455017089844,30.870361328125,0.027144347614175945,30.05455017089844,30.870361328125,0.027144347614175945,5.756982331878715,-0.00747864797409814,True,,benchmark_features_adjusted_close_exact_reference,False,,blocked_no_bear_cash_classifier,True,False,False,False,False,False,False,False,True,False
2021-09-03,2021-09-10,0050,consensus4_else_base,consensus4_ultra_strict_stock_exception,base_hold,base_asset,0050,00631L,00631L_reference,signal_date_interval_state_hold_approximation,base is continuously held between exceptions; interval rows decompose path for Experiments,30.870361328125,30.88124084472656,0.0003524259559490872,30.870361328125,30.88124084472656,0.0003524259559490872,5.759363667836359,-0.007128857687810575,True,,benchmark_features_adjusted_close_exact_reference,False,,blocked_no_bear_cash_classifier,True,False,False,False,False,False,False,False,True,False
2021-09-10,2021-09-17,0050,consensus4_else_base,consensus4_ultra_strict_stock_exception,base_hold,base_asset,0050,00631L,00631L_reference,signal_date_interval_state_hold_approximation,base is continuously held between exceptions; interval rows decompose path for Experiments,30.88124084472656,30.565793991088867,-0.010214837390239095,30.88124084472656,30.565793991088867,-0.010214837390239095,5.690317867107921,-0.017270874955990445,True,,benchmark_features_adjusted_close_exact_reference,False,,blocked_no_bear_cash_classifier,True,False,False,False,False,False,False,False,True,False
2021-09-17,2021-09-24,0050,consensus4_else_base,consensus4_ultra_strict_stock_exception,base_hold,base_asset,0050,00631L,00631L_reference,signal_date_interval_state_hold_approximation,base is continuously held between exceptions; interval rows decompose path for Experiments,30.565793991088867,30.380878448486328,-0.006049754266368779,30.565793991088867,30.380878448486328,-0.006049754266368779,5.649843088048021,-0.023216144672910333,True,,benchmark_features_adjusted_close_exact_reference,False,,blocked_no_bear_cash_classifier,True,False,False,False,False,False,False,False,True,False
2021-09-24,2021-10-01,0050,consensus4_else_base,consensus4_ultra_strict_stock_exception,base_hold,base_asset,0050,00631L,00631L_reference,signal_date_interval_state_hold_approximation,base is continuously held between exceptions; interval rows decompose path for Experiments,30.380878448486328,29.14083671569824,-0.04081651999927183,30.380878448486328,29.14083671569824,-0.04081651999927183,5.37841963465269,-0.06308506243883438,True,,benchmark_features_adjusted_close_exact_reference,False,,blocked_no_bear_cash_classifier,True,False,False,False,False,False,False,False,True,False
2021-10-01,2021-10-08,0050,consensus4_else_base,consensus4_ultra_strict_stock_exception,base_hold,base_asset,0050,00631L,00631L_reference,signal_date_interval_state_hold_approximation,base is continuously held between exceptions; interval rows decompose path for Experiments,29.14083671569824,29.19523048400879,0.0018665822413139743,29.14083671569824,29.19523048400879,0.0018665822413139743,5.3903254794703805,-0.06133623365476093,True,,benchmark_features_adjusted_close_exact_reference,False,,blocked_no_bear_cash_classifier,True,False,False,False,False,False,False,False,True,False
2021-10-08,2021-10-15,0050,consensus4_else_base,consensus4_ultra_strict_stock_exception,base_hold,base_asset,0050,00631L,00631L_reference,signal_date_interval_state_hold_approximation,base is continuously held between exceptions; interval rows decompose path for Experiments,29.19523048400879,29.64120483398437,0.015275589285717706,29.19523048400879,29.64120483398437,0.015275589285717706,5.487941466896827,-0.04699759148268612,True,,benchmark_features_adjusted_close_exact_reference,False,,blocked_no_bear_cash_classifier,True,False,False,False,False,False,False,False,True,False
2021-10-15,2021-10-22,0050,consensus4_else_base,consensus4_ultra_strict_stock_exception,base_hold,base_asset,0050,00631L,00631L_reference,signal_date_interval_state_hold_approximation,base is continuously held between exceptions; interval rows decompose path for Experiments,29.64120483398437,29.69559097290039,0.0018348153936598166,29.64120483398437,29.69559097290039,0.0018348153936598166,5.499845641773454,-0.04524900799334364,True,,benchmark_features_adjusted_close_exact_reference,False,,blocked_no_bear_cash_classifier,True,False,False,False,False,False,False,False,True,False
2021-10-22,2021-10-29,0050,consensus4_else_base,consensus4_ultra_strict_stock_exception,base_hold,base_asset,0050,00631L,00631L_reference,signal_date_interval_state_hold_approximation,base is continuously held between exceptions; interval rows decompose path for Experiments,29.69559097290039,29.54331016540528,-0.005128061187065769,29.69559097290039,29.54331016540528,-0.005128061187065769,5.4665140356159565,-0.050145029498765537,True,,benchmark_features_adjusted_close_exact_reference,False,,blocked_no_bear_cash_classifier,True,False,False,False,False,False,False,False,True,False
2021-10-29,2021-11-05,0050,consensus4_else_base,consensus4_ultra_strict_stock_exception,base_hold,base_asset,0050,00631L,00631L_reference,signal_date_interval_state_hold_approximation,base is continuously held between exceptions; interval rows decompose path for Experiments,29.54331016540528,30.043672561645508,0.016936571881716267,29.54331016540528,30.043672561645508,0.016936571881716267,5.576034615404294,-0.03405774251366578,True,,benchmark_features_adjusted_close_exact_reference,False,,blocked_no_bear_cash_classifier,True,False,False,False,False,False,False,False,True,False
2021-11-05,2021-11-12,0050,consensus4_else_base,consensus4_ultra_strict_stock_exception,base_hold,base_asset,0050,00631L,00631L_reference,signal_date_interval_state_hold_approximation,base is continuously held between exceptions; interval rows decompose path for Experiments,30.043672561645508,30.391752243041992,0.011585790008936891,30.043672561645508,30.391752243041992,0.011585790008936891,5.652223171549868,-0.022866538357670718,True,,benchmark_features_adjusted_close_exact_reference,False,,blocked_no_bear_cash_classifier,True,False,False,False,False,False,False,False,True,False
2021-11-12,2021-11-19,0050,consensus4_else_base,consensus4_ultra_strict_stock_exception,base_hold,base_asset,0050,00631L,00631L_reference,signal_date_interval_state_hold_approximation,base is continuously held between exceptions; interval rows decompose path for Experiments,30.391752243041992,31.066162109375,0.022190555547431767,30.391752243041992,31.066162109375,0.022190555547431767,5.799839699352058,-0.0011834039998424029,True,,benchmark_features_adjusted_close_exact_reference,False,,blocked_no_bear_cash_classifier,True,False,False,False,False,False,False,False,True,False
2021-11-19,2021-11-26,0050,consensus4_else_base,consensus4_ultra_strict_stock_exception,base_hold,base_asset,0050,00631L,00631L_reference,signal_date_interval_state_hold_approximation,base is continuously held between exceptions; interval rows decompose path for Experiments,31.066162109375,30.05455017089844,-0.032563144907148955,31.066162109375,30.05455017089844,-0.032563144907148955,5.578415533876672,-0.03370801355106079,True,,benchmark_features_adjusted_close_exact_reference,False,,blocked_no_bear_cash_classifier,True,False,False,False,False,False,False,False,True,False
2021-11-26,2021-12-03,0050,consensus4_else_base,consensus4_ultra_strict_stock_exception,base_hold,base_asset,0050,00631L,00631L_reference,signal_date_interval_state_hold_approximation,base is continuously held between exceptions; interval rows decompose path for Experiments,30.05455017089844,30.837730407714844,0.026058624479921466,30.05455017089844,30.837730407714844,0.026058624479921466,5.749839993946846,-0.008527773538230532,True,,benchmark_features_adjusted_close_exact_reference,False,,blocked_no_bear_cash_classifier,True,False,False,False,False,False,False,False,True,False
2021-12-03,2021-12-10,0050,consensus4_else_base,consensus4_ultra_strict_stock_exception,base_hold,base_asset,0050,00631L,00631L_reference,signal_date_interval_state_hold_approximation,base is continuously held between exceptions; interval rows decompose path for Experiments,30.837730407714844,30.88124084472656,0.0014109480962589682,30.837730407714844,30.88124084472656,0.0014109480962589682,5.759363667836358,-0.007128857687810686,True,,benchmark_features_adjusted_close_exact_reference,False,,blocked_no_bear_cash_classifier,True,False,False,False,False,False,False,False,True,False
2021-12-10,2021-12-17,0050,consensus4_else_base,consensus4_ultra_strict_stock_exception,base_hold,base_asset,0050,00631L,00631L_reference,signal_date_interval_state_hold_approximation,base is continuously held between exceptions; interval rows decompose path for Experiments,30.88124084472656,30.870361328125,-0.00035230179565204356,30.88124084472656,30.870361328125,-0.00035230179565204356,5.7569823318787146,-0.0074786479740983625,True,,benchmark_features_adjusted_close_exact_reference,False,,blocked_no_bear_cash_classifier,True,False,False,False,False,False,False,False,True,False
2021-12-17,2021-12-24,0050,consensus4_else_base,consensus4_ultra_strict_stock_exception,base_hold,base_asset,0050,00631L,00631L_reference,signal_date_interval_state_hold_approximation,base is continuously held between exceptions; interval rows decompose path for Experiments,30.870361328125,31.12054443359375,0.008104314128672518,30.870361328125,31.12054443359375,0.008104314128672518,5.8117430392581495,0.0,True,,benchmark_features_adjusted_close_exact_reference,False,,blocked_no_bear_cash_classifier,True,False,False,False,False,False,False,False,True,False
2021-12-24,2021-12-30,0050,consensus4_else_base,consensus4_ultra_strict_stock_exception,base_hold,base_asset,0050,00631L,00631L_reference,signal_date_interval_state_hold_approximation,base is continuously held between exceptions; interval rows decompose path for Experiments,31.12054443359375,31.653539657592773,0.01712679625950475,31.12054443359375,31.653539657592773,0.01712679625950475,5.9284063744636235,0.0,True,,benchmark_features_adjusted_close_exact_reference,False,,blocked_no_bear_cash_classifier,True,False,False,False,False,False,False,False,True,False
2021-12-30,2022-01-07,0050,consensus4_else_base,consensus4_ultra_strict_stock_exception,stock_exception,stock,8478,8478,stock,signal_date_interval_state_hold_approximation,base is continuously held between exceptions; interval rows decompose path for Experiments,31.653539657592773,31.89284896850586,0.007560270146775849,151.0,134.0,-0.1125827814569536,5.148387113762421,-0.11258278145695355,True,,official_unadjusted_ohlcv_twse_stock_day,True,-0.1177663687013592,blocked_no_bear_cash_classifier,True,False,False,False,False,False,False,False,True,False
2022-01-07,2022-01-14,0050,consensus4_else_base,consensus4_ultra_strict_stock_exception,base_hold,base_asset,0050,00631L,00631L_reference,signal_date_interval_state_hold_approximation,base is continuously held between exceptions; interval rows decompose path for Experiments,31.89284896850586,32.69778823852539,0.025238863759534436,31.89284896850586,32.69778823852539,0.025238863759534436,5.3035654184675485,-0.09018537918028058,True,,benchmark_features_adjusted_close_exact_reference,False,,blocked_no_bear_cash_classifier,True,False,False,False,False,False,False,False,True,False
2022-01-14,2022-01-21,0050,consensus4_else_base,consensus4_ultra_strict_stock_exception,base_hold,base_asset,0050,00631L,00631L_reference,signal_date_interval_state_hold_approximation,base is continuously held between exceptions; interval rows decompose path for Experiments,32.69778823852539,31.71417617797852,-0.03008191420690509,32.69778823852539,31.71417617797852,-0.03008191420690509,5.113942104351594,-0.11755434454796732,True,,benchmark_features_adjusted_close_exact_reference,False,,blocked_no_bear_cash_classifier,True,False,False,False,False,False,False,False,True,False
2022-01-21,2022-01-26,0050,consensus4_else_base,consensus4_ultra_strict_stock_exception,base_hold,base_asset,0050,00631L,00631L_reference,signal_date_interval_state_hold_approximation,base is continuously held between exceptions; interval rows decompose path for Experiments,31.71417617797852,31.469623565673828,-0.0077111450391229575,31.71417617797852,31.469623565673828,-0.0077111450391229575,5.066796610024138,-0.12435901098630187,True,,benchmark_features_adjusted_close_exact_reference,False,,blocked_no_bear_cash_classifier,True,False,False,False,False,False,False,False,True,False
2022-01-26,2022-02-11,0050,consensus4_else_base,consensus4_ultra_strict_stock_exception,base_hold,base_asset,0050,00631L,00631L_reference,signal_date_interval_state_hold_approximation,base is continuously held between exceptions; interval rows decompose path for Experiments,31.469623565673828,32.22551727294922,0.024019788660576635,31.469623565673828,32.22551727294922,0.024019788660576635,5.2125197824436205,-0.10332629948765448,True,,benchmark_features_adjusted_close_exact_reference,False,,blocked_no_bear_cash_classifier,True,False,False,False,False,False,False,False,True,False
2022-02-11,2022-02-18,0050,consensus4_else_base,consensus4_ultra_strict_stock_exception,base_hold,base_asset,0050,00631L,00631L_reference,signal_date_interval_state_hold_approximation,base is continuously held between exceptions; interval rows decompose path for Experiments,32.22551727294922,32.03654861450195,-0.005863944924350051,32.22551727294922,32.03654861450195,-0.005863944924350051,5.176089908597936,-0.10858434468257205,True,,benchmark_features_adjusted_close_exact_reference,False,,blocked_no_bear_cash_classifier,True,False,False,False,False,False,False,False,True,False
2022-02-18,2022-02-25,0050,consensus4_else_base,consensus4_ultra_strict_stock_exception,stock_exception,stock,6719,6719,stock,signal_date_interval_state_hold_approximation,base is continuously held between exceptions; interval rows decompose path for Experiments,32.03654861450195,30.791542053222656,-0.038862068953199325,808.0,776.0,-0.0396039603960396,4.931492288455443,-0.14388793499217323,True,,official_unadjusted_ohlcv_twse_stock_day,True,-0.0452144027494704,blocked_no_bear_cash_classifier,True,False,False,False,False,False,False,False,True,False
2022-02-25,2022-03-04,0050,consensus4_else_base,consensus4_ultra_strict_stock_exception,base_hold,base_asset,0050,00631L,00631L_reference,signal_date_interval_state_hold_approximation,base is continuously held between exceptions; interval rows decompose path for Experiments,30.791542053222656,30.780426025390625,-0.0003610091307807428,30.791542053222656,30.780426025390625,-0.0003610091307807428,4.929350965580155,-0.1441969992646126,True,,benchmark_features_adjusted_close_exact_reference,False,,blocked_no_bear_cash_classifier,True,False,False,False,False,False,False,False,True,False
2022-03-04,2022-03-11,0050,consensus4_else_base,consensus4_ultra_strict_stock_exception,base_hold,base_asset,0050,00631L,00631L_reference,signal_date_interval_state_hold_approximation,base is continuously held between exceptions; interval rows decompose path for Experiments,30.780426025390625,29.880022048950195,-0.029252485839464715,30.780426025390625,29.880022048950195,-0.029252485839464715,4.755902710422305,-0.16923136442499598,True,,benchmark_features_adjusted_close_exact_reference,False,,blocked_no_bear_cash_classifier,True,False,False,False,False,False,False,False,True,False
2022-03-11,2022-03-18,0050,consensus4_else_base,consensus4_ultra_strict_stock_exception,base_hold,base_asset,0050,00631L,00631L_reference,signal_date_interval_state_hold_approximation,base is continuously held between exceptions; interval rows decompose path for Experiments,29.880022048950195,30.25796890258789,0.012648814415817222,29.880022048950195,30.25796890258789,0.012648814415817222,4.828708055601936,-0.15872312613112605,True,,benchmark_features_adjusted_close_exact_reference,False,,blocked_no_bear_cash_classifier,True,False,False,False,False,False,False,False,True,False
2022-03-18,2022-03-25,0050,consensus4_else_base,consensus4_ultra_strict_stock_exception,base_hold,base_asset,0050,00631L,00631L_reference,signal_date_interval_state_hold_approximation,base is continuously held between exceptions; interval rows decompose path for Experiments,30.25796890258789,30.724851608276367,0.015430074212567035,30.25796890258789,30.724851608276367,0.015430074212567035,4.918645453463261,-0.14574216153401287,True,,benchmark_features_adjusted_close_exact_reference,False,,blocked_no_bear_cash_classifier,True,False,False,False,False,False,False,False,True,False
2022-03-25,2022-04-01,0050,consensus4_else_base,consensus4_ultra_strict_stock_exception,base_hold,base_asset,0050,00631L,00631L_reference,signal_date_interval_state_hold_approximation,base is continuously held between exceptions; interval rows decompose path for Experiments,30.724851608276367,30.446945190429688,-0.009045004395458855,30.724851608276367,30.446945190429688,-0.009045004395458855,4.865111279321524,-0.15346892743779295,True,,benchmark_features_adjusted_close_exact_reference,False,,blocked_no_bear_cash_classifier,True,False,False,False,False,False,False,False,True,False
2022-04-01,2022-04-08,0050,consensus4_else_base,consensus4_ultra_strict_stock_exception,base_hold,base_asset,0050,00631L,00631L_reference,signal_date_interval_state_hold_approximation,base is continuously held between exceptions; interval rows decompose path for Experiments,30.446945190429688,29.913373947143555,-0.01752462324049009,30.446945190429688,29.913373947143555,-0.01752462324049009,4.762327413887865,-0.16830406554581356,True,,benchmark_features_adjusted_close_exact_reference,False,,blocked_no_bear_cash_classifier,True,False,False,False,False,False,False,False,True,False
2022-04-08,2022-04-15,0050,consensus4_else_base,consensus4_ultra_strict_stock_exception,stock_exception,stock,4736,4736,stock,signal_date_interval_state_hold_approximation,base is continuously held between exceptions; interval rows decompose path for Experiments,29.913373947143555,29.40203094482422,-0.017094126634557227,232.0,294.5,0.2693965517241379,6.314678549094725,0.0,True,,official_unadjusted_ohlcv_tpex_trading_stock,True,0.2619806360445201,blocked_no_bear_cash_classifier,True,False,False,False,False,False,False,False,True,False
2022-04-15,2022-04-22,0050,consensus4_else_base,consensus4_ultra_strict_stock_exception,base_hold,base_asset,0050,00631L,00631L_reference,signal_date_interval_state_hold_approximation,base is continuously held between exceptions; interval rows decompose path for Experiments,29.40203094482422,29.25752639770508,-0.004914781138429358,29.40203094482422,29.25752639770508,-0.004914781138429358,6.278728504927961,-0.004914781138429247,True,,benchmark_features_adjusted_close_exact_reference,False,,blocked_no_bear_cash_classifier,True,False,False,False,False,False,False,False,True,False
2022-04-22,2022-04-29,0050,consensus4_else_base,consensus4_ultra_strict_stock_exception,base_hold,base_asset,0050,00631L,00631L_reference,signal_date_interval_state_hold_approximation,base is continuously held between exceptions; interval rows decompose path for Experiments,29.25752639770508,28.62390899658203,-0.021656560862669205,29.25752639770508,28.62390899658203,-0.021656560862669205,6.121096278058143,-0.026464904744247453,True,,benchmark_features_adjusted_close_exact_reference,False,,blocked_no_bear_cash_classifier,True,False,False,False,False,False,False,False,True,False
2022-04-29,2022-05-06,0050,consensus4_else_base,consensus4_ultra_strict_stock_exception,stock_exception,stock,4736,4736,stock,signal_date_interval_state_hold_approximation,base is continuously held between exceptions; interval rows decompose path for Experiments,28.62390899658203,28.15703582763672,-0.016310601357804155,290.0,247.0,-0.1482758620689654,5.065209588552971,-0.1708166602476865,True,,official_unadjusted_ohlcv_tpex_trading_stock,True,-0.1532518762264754,blocked_no_bear_cash_classifier,True,False,False,False,False,False,False,False,True,False
2022-05-06,2022-05-13,0050,consensus4_else_base,consensus4_ultra_strict_stock_exception,base_hold,base_asset,0050,00631L,00631L_reference,signal_date_interval_state_hold_approximation,base is continuously held between exceptions; interval rows decompose path for Experiments,28.15703582763672,27.201051712036133,-0.03395187339507755,28.15703582763672,27.201051712036133,-0.03395187339507755,4.85928436048781,-0.19896898802026464,True,,benchmark_features_adjusted_close_exact_reference,False,,blocked_no_bear_cash_classifier,True,False,False,False,False,False,False,False,True,False
2022-05-13,2022-05-20,0050,consensus4_else_base,consensus4_ultra_strict_stock_exception,base_hold,base_asset,0050,00631L,00631L_reference,signal_date_interval_state_hold_approximation,base is continuously held between exceptions; interval rows decompose path for Experiments,27.201051712036133,27.71238899230957,0.018798437857723505,27.201051712036133,27.71238899230957,0.018798437857723505,4.969429753429171,-0.18391085631945414,True,,benchmark_features_adjusted_close_exact_reference,False,,blocked_no_bear_cash_classifier,True,False,False,False,False,False,False,False,True,False
2022-05-20,2022-05-27,0050,consensus4_else_base,consensus4_ultra_strict_stock_exception,base_hold,base_asset,0050,00631L,00631L_reference,signal_date_interval_state_hold_approximation,base is continuously held between exceptions; interval rows decompose path for Experiments,27.71238899230957,27.90136337280273,0.00681912990415956,27.71238899230957,27.90136337280273,0.00681912990415956,5.01013607037156,-0.17834583843532215,True,,benchmark_features_adjusted_close_exact_reference,False,,blocked_no_bear_cash_classifier,True,False,False,False,False,False,False,False,True,False
2022-05-27,2022-06-02,0050,consensus4_else_base,consensus4_ultra_strict_stock_exception,base_hold,base_asset,0050,00631L,00631L_reference,signal_date_interval_state_hold_approximation,base is continuously held between exceptions; interval rows decompose path for Experiments,27.90136337280273,28.41270446777344,0.018326742250493355,27.90136337280273,28.41270446777344,0.018326742250493355,5.120282285023653,-0.16328759439728113,True,,benchmark_features_adjusted_close_exact_reference,False,,blocked_no_bear_cash_classifier,True,False,False,False,False,False,False,False,True,False
2022-06-02,2022-06-10,0050,consensus4_else_base,consensus4_ultra_strict_stock_exception,base_hold,base_asset,0050,00631L,00631L_reference,signal_date_interval_state_hold_approximation,base is continuously held between exceptions; interval rows decompose path for Experiments,28.41270446777344,28.25707626342773,-0.0054774160806208005,28.41270446777344,28.25707626342773,-0.0054774160806208005,5.086758952417726,-0.16787061638258438,True,,benchmark_features_adjusted_close_exact_reference,False,,blocked_no_bear_cash_classifier,True,False,False,False,False,False,False,False,True,False
2022-06-10,2022-06-17,0050,consensus4_else_base,consensus4_ultra_strict_stock_exception,stock_exception,stock,1522,1522,stock,signal_date_interval_state_hold_approximation,base is continuously held between exceptions; interval rows decompose path for Experiments,28.25707626342773,26.86756706237793,-0.04917384898904775,30.7,27.2,-0.1140065146579805,4.39282877868932,-0.26273878715329957,True,,official_unadjusted_ohlcv_twse_stock_day,True,-0.1191827253426422,blocked_no_bear_cash_classifier,True,False,False,False,False,False,False,False,True,False
2022-06-17,2022-06-24,0050,consensus4_else_base,consensus4_ultra_strict_stock_exception,base_hold,base_asset,0050,00631L,00631L_reference,signal_date_interval_state_hold_approximation,base is continuously held between exceptions; interval rows decompose path for Experiments,26.86756706237793,26.26729965209961,-0.02234171069098634,26.86756706237793,26.26729965209961,-0.02234171069098634,4.272343758309818,-0.2792104638744063,True,,benchmark_features_adjusted_close_exact_reference,False,,blocked_no_bear_cash_classifier,True,False,False,False,False,False,False,False,True,False
2022-06-24,2022-07-01,0050,consensus4_else_base,consensus4_ultra_strict_stock_exception,base_hold,base_asset,0050,00631L,00631L_reference,signal_date_interval_state_hold_approximation,base is continuously held between exceptions; interval rows decompose path for Experiments,26.26729965209961,24.79997444152832,-0.055861288750859606,26.26729965209961,24.79997444152832,-0.055861288750859606,3.9778238412330804,-0.3194746962805163,True,,benchmark_features_adjusted_close_exact_reference,False,,blocked_no_bear_cash_classifier,True,False,False,False,False,False,False,False,True,False
2022-07-01,2022-07-08,0050,consensus4_else_base,consensus4_ultra_strict_stock_exception,stock_exception,stock,5904,5904,stock,signal_date_interval_state_hold_approximation,base is continuously held between exceptions; interval rows decompose path for Experiments,24.79997444152832,25.177921295166016,0.015239808191286341,337.5,364.0,0.0785185185185184,4.368675194692862,-0.2660408576180976,True,,official_unadjusted_ohlcv_tpex_trading_stock,True,0.0722175606832484,blocked_no_bear_cash_classifier,True,False,False,False,False,False,False,False,True,False
2022-07-08,2022-07-15,0050,consensus4_else_base,consensus4_ultra_strict_stock_exception,base_hold,base_asset,0050,00631L,00631L_reference,signal_date_interval_state_hold_approximation,base is continuously held between exceptions; interval rows decompose path for Experiments,25.177921295166016,25.67814826965332,0.019867683619431364,25.177921295166016,25.67814826965332,0.019867683619431364,4.4753383349165095,-0.25145878958766477,True,,benchmark_features_adjusted_close_exact_reference,False,,blocked_no_bear_cash_classifier,True,False,False,False,False,False,False,False,True,False
2022-07-15,2022-07-22,0050,consensus4_else_base,consensus4_ultra_strict_stock_exception,base_hold,base_asset,0050,00631L,00631L_reference,signal_date_interval_state_hold_approximation,base is continuously held between exceptions; interval rows decompose path for Experiments,25.67814826965332,26.37825393676757,0.027264647737143877,25.67814826965332,26.37825393676757,0.027264647737143877,4.624621505859688,-0.23105007716903725,True,,benchmark_features_adjusted_close_exact_reference,False,,blocked_no_bear_cash_classifier,True,False,False,False,False,False,False,False,True,False
2022-07-22,2022-07-29,0050,consensus4_else_base,consensus4_ultra_strict_stock_exception,base_hold,base_asset,0050,00631L,00631L_reference,signal_date_interval_state_hold_approximation,base is continuously held between exceptions; interval rows decompose path for Experiments,26.37825393676757,26.649263381958008,0.010273972107482265,26.37825393676757,26.649263381958008,0.010273972107482265,4.682408710326035,-0.2231499071098213,True,,benchmark_features_adjusted_close_exact_reference,False,,blocked_no_bear_cash_classifier,True,False,False,False,False,False,False,False,True,False
2022-07-29,2022-08-05,0050,consensus4_else_base,consensus4_ultra_strict_stock_exception,stock_exception,stock,2419,2419,stock,signal_date_interval_state_hold_approximation,base is continuously held between exceptions; interval rows decompose path for Experiments,26.649263381958008,27.040889739990234,0.014695579101723366,29.6,28.05,-0.0523648648648649,4.384850146102881,-0.26382955724427315,True,,official_unadjusted_ohlcv_twse_stock_day,True,-0.0579004850999868,blocked_no_bear_cash_classifier,True,False,False,False,False,False,False,False,True,False
2022-08-05,2022-08-12,0050,consensus4_else_base,consensus4_ultra_strict_stock_exception,base_hold,base_asset,0050,00631L,00631L_reference,signal_date_interval_state_hold_approximation,base is continuously held between exceptions; interval rows decompose path for Experiments,27.040889739990234,27.33505821228028,0.01087865359160145,27.040889739990234,27.33505821228028,0.01087865359160145,4.4434300654850185,-0.2558210140131578,True,,benchmark_features_adjusted_close_exact_reference,False,,blocked_no_bear_cash_classifier,True,False,False,False,False,False,False,False,True,False
2022-08-12,2022-08-19,0050,consensus4_else_base,consensus4_ultra_strict_stock_exception,stock_exception,stock,6796,6796,stock,signal_date_interval_state_hold_approximation,base is continuously held between exceptions; interval rows decompose path for Experiments,27.33505821228028,27.504772186279297,0.006208656029961235,114.5,116.0,0.0131004366812226,4.514741376386569,-0.2460719443277407,True,,official_unadjusted_ohlcv_twse_stock_day,True,0.0071817794614988,blocked_no_bear_cash_classifier,True,False,False,False,False,False,False,False,True,False
2022-08-19,2022-08-26,0050,consensus4_else_base,consensus4_ultra_strict_stock_exception,base_hold,base_asset,0050,00631L,00631L_reference,signal_date_interval_state_hold_approximation,base is continuously held between exceptions; interval rows decompose path for Experiments,27.504772186279297,27.06351852416992,-0.016042803740417666,27.504772186279297,27.06351852416992,-0.016042803740417666,4.426269462806038,-0.25816706415928536,True,,benchmark_features_adjusted_close_exact_reference,False,,blocked_no_bear_cash_classifier,True,False,False,False,False,False,False,False,True,False
2022-08-26,2022-09-02,0050,consensus4_else_base,consensus4_ultra_strict_stock_exception,base_hold,base_asset,0050,00631L,00631L_reference,signal_date_interval_state_hold_approximation,base is continuously held between exceptions; interval rows decompose path for Experiments,27.06351852416992,25.7737045288086,-0.04765876965367266,27.06351852416992,25.7737045288086,-0.04765876965367266,4.167660136399407,-0.29352190917002585,True,,benchmark_features_adjusted_close_exact_reference,False,,blocked_no_bear_cash_classifier,True,False,False,False,False,False,False,False,True,False
2022-09-02,2022-09-08,0050,consensus4_else_base,consensus4_ultra_strict_stock_exception,base_hold,base_asset,0050,00631L,00631L_reference,signal_date_interval_state_hold_approximation,base is continuously held between exceptions; interval rows decompose path for Experiments,25.7737045288086,25.57004737854004,-0.007901741483880342,25.7737045288086,25.57004737854004,-0.007901741483880342,4.126826621925025,-0.29910431640778967,True,,benchmark_features_adjusted_close_exact_reference,False,,blocked_no_bear_cash_classifier,True,False,False,False,False,False,False,False,True,False
2022-09-08,2022-09-16,0050,consensus4_else_base,consensus4_ultra_strict_stock_exception,stock_exception,stock,8069,8069,stock,signal_date_interval_state_hold_approximation,base is continuously held between exceptions; interval rows decompose path for Experiments,25.57004737854004,25.468217849731445,-0.003982375445031661,240.5,234.5,-0.0249480249480249,3.9989224234570404,-0.3165902794080111,True,,official_unadjusted_ohlcv_tpex_trading_stock,True,-0.0306433638498777,blocked_no_bear_cash_classifier,True,False,False,False,False,False,False,False,True,False
2022-09-16,2022-09-23,0050,consensus4_else_base,consensus4_ultra_strict_stock_exception,base_hold,base_asset,0050,00631L,00631L_reference,signal_date_interval_state_hold_approximation,base is continuously held between exceptions; interval rows decompose path for Experiments,25.468217849731445,24.82330894470215,-0.025322105725434474,25.468217849731445,24.82330894470215,-0.025322105725434474,3.872339181337016,-0.3338956526066311,True,,benchmark_features_adjusted_close_exact_reference,False,,blocked_no_bear_cash_classifier,True,False,False,False,False,False,False,False,True,False
2022-09-23,2022-09-30,0050,consensus4_else_base,consensus4_ultra_strict_stock_exception,base_hold,base_asset,0050,00631L,00631L_reference,signal_date_interval_state_hold_approximation,base is continuously held between exceptions; interval rows decompose path for Experiments,24.82330894470215,23.409040451049805,-0.056973407405227494,24.82330894470215,23.409040451049805,-0.056973407405227494,3.594745416142249,-0.3718458869650668,True,,benchmark_features_adjusted_close_exact_reference,False,,blocked_no_bear_cash_classifier,True,False,False,False,False,False,False,False,True,False
2022-09-30,2022-10-07,0050,consensus4_else_base,consensus4_ultra_strict_stock_exception,base_hold,base_asset,0050,00631L,00631L_reference,signal_date_interval_state_hold_approximation,base is continuously held between exceptions; interval rows decompose path for Experiments,23.409040451049805,24.03131675720215,0.026582734454817736,23.409040451049805,24.03131675720215,0.026582734454817736,3.7168863134270493,-0.3551478329815576,True,,benchmark_features_adjusted_close_exact_reference,False,,blocked_no_bear_cash_classifier,True,False,False,False,False,False,False,False,True,False
2022-10-07,2022-10-14,0050,consensus4_else_base,consensus4_ultra_strict_stock_exception,base_hold,base_asset,0050,00631L,00631L_reference,signal_date_interval_state_hold_approximation,base is continuously held between exceptions; interval rows decompose path for Experiments,24.03131675720215,23.046985626220703,-0.040960349402678564,24.03131675720215,23.046985626220703,-0.040960349402678564,3.5236810019363647,-0.3815612030557075,True,,benchmark_features_adjusted_close_exact_reference,False,,blocked_no_bear_cash_classifier,True,False,False,False,False,False,False,False,True,False
2022-10-14,2022-10-21,0050,consensus4_else_base,consensus4_ultra_strict_stock_exception,base_hold,base_asset,0050,00631L,00631L_reference,signal_date_interval_state_hold_approximation,base is continuously held between exceptions; interval rows decompose path for Experiments,23.046985626220703,22.37944793701172,-0.028964208163063332,23.046985626220703,22.37944793701172,-0.028964208163063332,3.392656163732985,-0.39947379310651643,True,,benchmark_features_adjusted_close_exact_reference,False,,blocked_no_bear_cash_classifier,True,False,False,False,False,False,False,False,True,False
2022-10-21,2022-10-28,0050,consensus4_else_base,consensus4_ultra_strict_stock_exception,base_hold,base_asset,0050,00631L,00631L_reference,signal_date_interval_state_hold_approximation,base is continuously held between exceptions; interval rows decompose path for Experiments,22.37944793701172,22.11922073364257,-0.011627954545687325,22.37944793701172,22.11922073364257,-0.011627954545687325,3.3415785575262644,-0.40645668454376793,True,,benchmark_features_adjusted_close_exact_reference,False,,blocked_no_bear_cash_classifier,True,False,False,False,False,False,False,False,True,False
2022-10-28,2022-11-04,0050,consensus4_else_base,consensus4_ultra_strict_stock_exception,base_hold,base_asset,0050,00631L,00631L_reference,signal_date_interval_state_hold_approximation,base is continuously held between exceptions; interval rows decompose path for Experiments,22.11922073364257,22.36813163757324,0.011253149779914429,22.11922073364257,22.36813163757324,0.011253149779914429,3.390434991315372,-0.39977745271407195,True,,benchmark_features_adjusted_close_exact_reference,False,,blocked_no_bear_cash_classifier,True,False,False,False,False,False,False,False,True,False
2022-11-04,2022-11-11,0050,consensus4_else_base,consensus4_ultra_strict_stock_exception,stock_exception,stock,2468,2468,stock,signal_date_interval_state_hold_approximation,base is continuously held between exceptions; interval rows decompose path for Experiments,22.36813163757324,24.6649112701416,0.1026808885866135,26.4,27.2,0.0303030303030302,3.523478475900686,-0.3815888906751045,True,,official_unadjusted_ohlcv_twse_stock_day,True,0.0242842999859597,blocked_no_bear_cash_classifier,True,False,False,False,False,False,False,False,True,False
2022-11-11,2022-11-18,0050,consensus4_else_base,consensus4_ultra_strict_stock_exception,base_hold,base_asset,0050,00631L,00631L_reference,signal_date_interval_state_hold_approximation,base is continuously held between exceptions; interval rows decompose path for Experiments,24.6649112701416,25.8528995513916,0.048165114734798786,24.6649112701416,25.8528995513916,0.048165114734798786,3.7413523356928353,-0.3518030486411967,True,,benchmark_features_adjusted_close_exact_reference,False,,blocked_no_bear_cash_classifier,True,False,False,False,False,False,False,False,True,False
2022-11-18,2022-11-25,0050,consensus4_else_base,consensus4_ultra_strict_stock_exception,base_hold,base_asset,0050,00631L,00631L_reference,signal_date_interval_state_hold_approximation,base is continuously held between exceptions; interval rows decompose path for Experiments,25.8528995513916,26.40729522705078,0.02144423586055111,25.8528995513916,26.40729522705078,0.02144423586055111,3.843027013477407,-0.3379029603321684,True,,benchmark_features_adjusted_close_exact_reference,False,,blocked_no_bear_cash_classifier,True,False,False,False,False,False,False,False,True,False
2022-11-25,2022-12-02,0050,consensus4_else_base,consensus4_ultra_strict_stock_exception,base_hold,base_asset,0050,00631L,00631L_reference,signal_date_interval_state_hold_approximation,base is continuously held between exceptions; interval rows decompose path for Experiments,26.40729522705078,26.54306602478028,0.005141412498407716,26.40729522705078,26.54306602478028,0.005141412498407716,3.8679270130946257,-0.33449884633726146,True,,benchmark_features_adjusted_close_exact_reference,False,,blocked_no_bear_cash_classifier,True,False,False,False,False,False,False,False,True,False
2022-12-02,2022-12-09,0050,consensus4_else_base,consensus4_ultra_strict_stock_exception,base_hold,base_asset,0050,00631L,00631L_reference,signal_date_interval_state_hold_approximation,base is continuously held between exceptions; interval rows decompose path for Experiments,26.54306602478028,26.02261543273925,-0.019607779732572883,26.54306602478028,26.02261543273925,-0.019607779732572883,3.7724777724676253,-0.34754784637005354,True,,benchmark_features_adjusted_close_exact_reference,False,,blocked_no_bear_cash_classifier,True,False,False,False,False,False,False,False,True,False
2022-12-09,2022-12-16,0050,consensus4_else_base,consensus4_ultra_strict_stock_exception,base_hold,base_asset,0050,00631L,00631L_reference,signal_date_interval_state_hold_approximation,base is continuously held between exceptions; interval rows decompose path for Experiments,26.02261543273925,25.57004737854004,-0.017391336215568542,26.02261543273925,25.57004737854004,-0.017391336215568542,3.689478006945313,-0.35889486113840374,True,,benchmark_features_adjusted_close_exact_reference,False,,blocked_no_bear_cash_classifier,True,False,False,False,False,False,False,False,True,False
2022-12-16,2022-12-23,0050,consensus4_else_base,consensus4_ultra_strict_stock_exception,base_hold,base_asset,0050,00631L,00631L_reference,signal_date_interval_state_hold_approximation,base is continuously held between exceptions; interval rows decompose path for Experiments,25.57004737854004,25.04959297180176,-0.020354065013390432,25.57004737854004,25.04959297180176,-0.020354065013390432,3.5940280667130837,-0.3719439568152113,True,,benchmark_features_adjusted_close_exact_reference,False,,blocked_no_bear_cash_classifier,True,False,False,False,False,False,False,False,True,False
2022-12-23,2022-12-29,0050,consensus4_else_base,consensus4_ultra_strict_stock_exception,base_hold,base_asset,0050,00631L,00631L_reference,signal_date_interval_state_hold_approximation,base is continuously held between exceptions; interval rows decompose path for Experiments,25.04959297180176,24.778053283691406,-0.010840083845515047,25.04959297180176,24.778053283691406,-0.010840083845515047,3.544228417281264,-0.3787521369830169,True,,benchmark_features_adjusted_close_exact_reference,False,,blocked_no_bear_cash_classifier,True,False,False,False,False,False,False,False,True,False
2015-01-09,2015-01-16,00631L,consensus4_else_base,consensus4_ultra_strict_stock_exception,stock_exception,stock,2330,2330,stock,signal_date_interval_state_hold_approximation,base is continuously held between exceptions; interval rows decompose path for Experiments,0.8713600039482117,0.881820023059845,0.012004245161859606,0.8713600039482117,0.881820023059845,0.0120042451618596,0.012004245161859606,0.0,True,,benchmark_features_adjusted_close_reference_only,True,0.0081136822025501,blocked_no_bear_cash_classifier,True,False,False,False,False,False,False,False,True,False
2015-01-16,2015-01-23,00631L,consensus4_else_base,consensus4_ultra_strict_stock_exception,stock_exception,stock,2330,2330,stock,signal_date_interval_state_hold_approximation,base is continuously held between exceptions; interval rows decompose path for Experiments,0.881820023059845,0.8500000238418579,-0.03608445985108644,0.881820023059845,0.8500000238418579,-0.0360844598510864,-0.024513381391812583,-0.03608445985108644,True,,benchmark_features_adjusted_close_reference_only,True,-0.0397907588391652,blocked_no_bear_cash_classifier,True,False,False,False,False,False,False,False,True,False
2015-01-23,2015-01-30,00631L,consensus4_else_base,consensus4_ultra_strict_stock_exception,stock_exception,stock,2317,2317,stock,signal_date_interval_state_hold_approximation,base is continuously held between exceptions; interval rows decompose path for Experiments,0.8500000238418579,0.8554499745368958,0.006411706520200955,0.8500000238418579,0.8554499745368958,0.0064117065202009,-0.01825884747891371,-0.029904116297390648,True,,benchmark_features_adjusted_close_reference_only,True,0.002543080804254,blocked_no_bear_cash_classifier,True,False,False,False,False,False,False,False,True,False
2015-01-30,2015-02-06,00631L,consensus4_else_base,consensus4_ultra_strict_stock_exception,stock_exception,stock,2603,2603,stock,signal_date_interval_state_hold_approximation,base is continuously held between exceptions; interval rows decompose path for Experiments,0.8554499745368958,0.8495500087738037,-0.0068969150022899495,0.8554499745368958,0.8495500087738037,-0.0068969150022899,-0.0250298327621018,-0.036594785151358944,True,,benchmark_features_adjusted_close_reference_only,True,-0.0107146480262029,blocked_no_bear_cash_classifier,True,False,False,False,False,False,False,False,True,False
2015-02-06,2015-02-13,00631L,consensus4_else_base,consensus4_ultra_strict_stock_exception,base_hold,base_asset,00631L,00631L,00631L_reference,signal_date_interval_state_hold_approximation,base is continuously held between exceptions; interval rows decompose path for Experiments,0.8495500087738037,0.8445500135421753,-0.005885463103985078,0.8495500087738037,0.8445500135421753,-0.005885463103985078,-0.030767983708866575,-0.042264870997537396,True,,benchmark_features_adjusted_close_exact_reference,False,,blocked_no_bear_cash_classifier,True,False,False,False,False,False,False,False,True,False
2015-02-13,2015-02-26,00631L,consensus4_else_base,consensus4_ultra_strict_stock_exception,base_hold,base_asset,00631L,00631L,00631L_reference,signal_date_interval_state_hold_approximation,base is continuously held between exceptions; interval rows decompose path for Experiments,0.8445500135421753,0.8336399793624878,-0.01291816234059262,0.8445500135421753,0.8336399793624878,-0.01291816234059262,-0.0432886802410154,-0.05463704887327969,True,,benchmark_features_adjusted_close_exact_reference,False,,blocked_no_bear_cash_classifier,True,False,False,False,False,False,False,False,True,False
2015-02-26,2015-03-06,00631L,consensus4_else_base,consensus4_ultra_strict_stock_exception,base_hold,base_asset,00631L,00631L,00631L_reference,signal_date_interval_state_hold_approximation,base is continuously held between exceptions; interval rows decompose path for Experiments,0.8336399793624878,0.836359977722168,0.0032627974029750817,0.8336399793624878,0.836359977722168,0.0032627974029750817,-0.04016712503150888,-0.05155252109147446,True,,benchmark_features_adjusted_close_exact_reference,False,,blocked_no_bear_cash_classifier,True,False,False,False,False,False,False,False,True,False
2015-03-06,2015-03-13,00631L,consensus4_else_base,consensus4_ultra_strict_stock_exception,base_hold,base_asset,00631L,00631L,00631L_reference,signal_date_interval_state_hold_approximation,base is continuously held between exceptions; interval rows decompose path for Experiments,0.836359977722168,0.8395500183105469,0.003814195649422425,0.836359977722168,0.8395500183105469,0.003814195649422425,-0.03650613465563146,-0.04793495684371596,True,,benchmark_features_adjusted_close_exact_reference,False,,blocked_no_bear_cash_classifier,True,False,False,False,False,False,False,False,True,False
2015-03-13,2015-03-20,00631L,consensus4_else_base,consensus4_ultra_strict_stock_exception,base_hold,base_asset,00631L,00631L,00631L_reference,signal_date_interval_state_hold_approximation,base is continuously held between exceptions; interval rows decompose path for Experiments,0.8395500183105469,0.8263599872589111,-0.015710834094409876,0.8395500183105469,0.8263599872589111,-0.015710834094409876,-0.05164342692503854,-0.06289269278383147,True,,benchmark_features_adjusted_close_exact_reference,False,,blocked_no_bear_cash_classifier,True,False,False,False,False,False,False,False,True,False
2015-03-20,2015-03-27,00631L,consensus4_else_base,consensus4_ultra_strict_stock_exception,base_hold,base_asset,00631L,00631L,00631L_reference,signal_date_interval_state_hold_approximation,base is continuously held between exceptions; interval rows decompose path for Experiments,0.8263599872589111,0.8436400294303894,0.02091103446186593,0.8263599872589111,0.8436400294303894,0.02091103446186593,-0.03181230994333095,-0.04329680958816784,True,,benchmark_features_adjusted_close_exact_reference,False,,blocked_no_bear_cash_classifier,True,False,False,False,False,False,False,False,True,False
2015-03-27,2015-04-02,00631L,consensus4_else_base,consensus4_ultra_strict_stock_exception,base_hold,base_asset,00631L,00631L,00631L_reference,signal_date_interval_state_hold_approximation,base is continuously held between exceptions; interval rows decompose path for Experiments,0.8436400294303894,0.8368200063705444,-0.008084043930975837,0.8436400294303894,0.8368200063705444,-0.008084043930975837,-0.03963918176317904,-0.051030840208361794,True,,benchmark_features_adjusted_close_exact_reference,False,,blocked_no_bear_cash_classifier,True,False,False,False,False,False,False,False,True,False
2015-04-02,2015-04-10,00631L,consensus4_else_base,consensus4_ultra_strict_stock_exception,base_hold,base_asset,00631L,00631L,00631L_reference,signal_date_interval_state_hold_approximation,base is continuously held between exceptions; interval rows decompose path for Experiments,0.8368200063705444,0.8359100222587585,-0.0010874311140488535,0.8368200063705444,0.8359100222587585,-0.0010874311140488535,-0.0406835079976432,-0.052062778798992015,True,,benchmark_features_adjusted_close_exact_reference,False,,blocked_no_bear_cash_classifier,True,False,False,False,False,False,False,False,True,False
2015-04-10,2015-04-17,00631L,consensus4_else_base,consensus4_ultra_strict_stock_exception,base_hold,base_asset,00631L,00631L,00631L_reference,signal_date_interval_state_hold_approximation,base is continuously held between exceptions; interval rows decompose path for Experiments,0.8359100222587585,0.8390899896621704,0.0038041982016427944,0.8359100222587585,0.8390899896621704,0.0038041982016427944,-0.03703407792396152,-0.048456637726828844,True,,benchmark_features_adjusted_close_exact_reference,False,,blocked_no_bear_cash_classifier,True,False,False,False,False,False,False,False,True,False
2015-04-17,2015-04-24,00631L,consensus4_else_base,consensus4_ultra_strict_stock_exception,base_hold,base_asset,00631L,00631L,00631L_reference,signal_date_interval_state_hold_approximation,base is continuously held between exceptions; interval rows decompose path for Experiments,0.8390899896621704,0.81045001745224,-0.0341321819623438,0.8390899896621704,0.81045001745224,-0.0341321819623438,-0.06990220599979702,-0.08093488891299716,True,,benchmark_features_adjusted_close_exact_reference,False,,blocked_no_bear_cash_classifier,True,False,False,False,False,False,False,False,True,False
2015-04-24,2015-04-30,00631L,consensus4_else_base,consensus4_ultra_strict_stock_exception,base_hold,base_asset,00631L,00631L,00631L_reference,signal_date_interval_state_hold_approximation,base is continuously held between exceptions; interval rows decompose path for Experiments,0.81045001745224,0.8127300143241882,0.0028132479768656626,0.81045001745224,0.8127300143241882,0.0028132479768656626,-0.06728561026253876,-0.07834933084862383,True,,benchmark_features_adjusted_close_exact_reference,False,,blocked_no_bear_cash_classifier,True,False,False,False,False,False,False,False,True,False
2015-04-30,2015-05-08,00631L,consensus4_else_base,consensus4_ultra_strict_stock_exception,stock_exception,stock,2316,2316,stock,signal_date_interval_state_hold_approximation,base is continuously held between exceptions; interval rows decompose path for Experiments,0.8127300143241882,0.8227300047874451,0.012304197318924182,23.0,23.0,0.0,-0.06728561026253876,-0.07834933084862383,True,,official_unadjusted_ohlcv_twse_stock_day,True,-0.0058417106126406,blocked_no_bear_cash_classifier,True,False,False,False,False,False,False,False,True,False
2015-05-08,2015-05-15,00631L,consensus4_else_base,consensus4_ultra_strict_stock_exception,base_hold,base_asset,00631L,00631L,00631L_reference,signal_date_interval_state_hold_approximation,base is continuously held between exceptions; interval rows decompose path for Experiments,0.8227300047874451,0.8381800055503845,0.018778944092273653,0.8227300047874451,0.8381800055503845,0.018778944092273653,-0.04977021888359989,-0.06104170446002355,True,,benchmark_features_adjusted_close_exact_reference,False,,blocked_no_bear_cash_classifier,True,False,False,False,False,False,False,False,True,False
2015-05-15,2015-05-22,00631L,consensus4_else_base,consensus4_ultra_strict_stock_exception,stock_exception,stock,3008,3008,stock,signal_date_interval_state_hold_approximation,base is continuously held between exceptions; interval rows decompose path for Experiments,0.8381800055503845,0.834089994430542,-0.004879633363667368,3080.0,3460.0,0.1233766233766233,0.06746592294244946,0.0,True,,official_unadjusted_ohlcv_twse_stock_day,True,0.1168148641806308,blocked_no_bear_cash_classifier,True,False,False,False,False,False,False,False,True,False
2015-05-22,2015-05-29,00631L,consensus4_else_base,consensus4_ultra_strict_stock_exception,base_hold,base_asset,00631L,00631L,00631L_reference,signal_date_interval_state_hold_approximation,base is continuously held between exceptions; interval rows decompose path for Experiments,0.834089994430542,0.8254500031471252,-0.010358584015044525,0.834089994430542,0.8254500031471252,-0.010358584015044525,0.056408487496453,-0.010358584015044525,True,,benchmark_features_adjusted_close_exact_reference,False,,blocked_no_bear_cash_classifier,True,False,False,False,False,False,False,False,True,False
2015-05-29,2015-06-05,00631L,consensus4_else_base,consensus4_ultra_strict_stock_exception,base_hold,base_asset,00631L,00631L,00631L_reference,signal_date_interval_state_hold_approximation,base is continuously held between exceptions; interval rows decompose path for Experiments,0.8254500031471252,0.8586400151252747,0.0402083855492259,0.8254500031471252,0.8586400151252747,0.0402083855492259,0.09888496725918494,0.0,True,,benchmark_features_adjusted_close_exact_reference,False,,blocked_no_bear_cash_classifier,True,False,False,False,False,False,False,False,True,False
2015-06-05,2015-06-12,00631L,consensus4_else_base,consensus4_ultra_strict_stock_exception,base_hold,base_asset,00631L,00631L,00631L_reference,signal_date_interval_state_hold_approximation,base is continuously held between exceptions; interval rows decompose path for Experiments,0.8586400151252747,0.8627300262451172,0.004763359554406321,0.8586400151252747,0.8627300262451172,0.004763359554406321,0.10411935146717255,0.0,True,,benchmark_features_adjusted_close_exact_reference,False,,blocked_no_bear_cash_classifier,True,False,False,False,False,False,False,False,True,False
2015-06-12,2015-06-18,00631L,consensus4_else_base,consensus4_ultra_strict_stock_exception,base_hold,base_asset,00631L,00631L,00631L_reference,signal_date_interval_state_hold_approximation,base is continuously held between exceptions; interval rows decompose path for Experiments,0.8627300262451172,0.8686400055885315,0.006850323002129066,0.8627300262451172,0.8686400055885315,0.006850323002129066,0.11168292565762394,0.0,True,,benchmark_features_adjusted_close_exact_reference,False,,blocked_no_bear_cash_classifier,True,False,False,False,False,False,False,False,True,False
2015-06-18,2015-06-26,00631L,consensus4_else_base,consensus4_ultra_strict_stock_exception,base_hold,base_asset,00631L,00631L,00631L_reference,signal_date_interval_state_hold_approximation,base is continuously held between exceptions; interval rows decompose path for Experiments,0.8686400055885315,0.8454499840736389,-0.02669693010418117,0.8686400055885315,0.8454499840736389,-0.02669693010418117,0.08200440429333078,-0.02669693010418117,True,,benchmark_features_adjusted_close_exact_reference,False,,blocked_no_bear_cash_classifier,True,False,False,False,False,False,False,False,True,False
2015-06-26,2015-07-03,00631L,consensus4_else_base,consensus4_ultra_strict_stock_exception,base_hold,base_asset,00631L,00631L,00631L_reference,signal_date_interval_state_hold_approximation,base is continuously held between exceptions; interval rows decompose path for Experiments,0.8454499840736389,0.8477299809455872,0.0026967850433476936,0.8454499840736389,0.8477299809455872,0.0026967850433476936,0.08492233758766532,-0.024072140942641762,True,,benchmark_features_adjusted_close_exact_reference,False,,blocked_no_bear_cash_classifier,True,False,False,False,False,False,False,False,True,False
2015-07-03,2015-07-09,00631L,consensus4_else_base,consensus4_ultra_strict_stock_exception,base_hold,base_asset,00631L,00631L,00631L_reference,signal_date_interval_state_hold_approximation,base is continuously held between exceptions; interval rows decompose path for Experiments,0.8477299809455872,0.881820023059845,0.04021332603600092,0.8477299809455872,0.881820023059845,0.04021332603600092,0.12855067327281833,0.0,True,,benchmark_features_adjusted_close_exact_reference,False,,blocked_no_bear_cash_classifier,True,False,False,False,False,False,False,False,True,False
2015-07-09,2015-07-17,00631L,consensus4_else_base,consensus4_ultra_strict_stock_exception,base_hold,base_asset,00631L,00631L,00631L_reference,signal_date_interval_state_hold_approximation,base is continuously held between exceptions; interval rows decompose path for Experiments,0.881820023059845,0.8686400055885315,-0.014946380357275024,0.881820023059845,0.8686400055885315,-0.014946380357275024,0.11168292565762394,-0.014946380357275024,True,,benchmark_features_adjusted_close_exact_reference,False,,blocked_no_bear_cash_classifier,True,False,False,False,False,False,False,False,True,False
2015-07-17,2015-07-24,00631L,consensus4_else_base,consensus4_ultra_strict_stock_exception,base_hold,base_asset,00631L,00631L,00631L_reference,signal_date_interval_state_hold_approximation,base is continuously held between exceptions; interval rows decompose path for Experiments,0.8686400055885315,0.8881800174713135,0.022494948145455274,0.8686400055885315,0.8881800174713135,0.022494948145455274,0.13669017542448025,0.0,True,,benchmark_features_adjusted_close_exact_reference,False,,blocked_no_bear_cash_classifier,True,False,False,False,False,False,False,False,True,False
2015-07-24,2015-07-31,00631L,consensus4_else_base,consensus4_ultra_strict_stock_exception,base_hold,base_asset,00631L,00631L,00631L_reference,signal_date_interval_state_hold_approximation,base is continuously held between exceptions; interval rows decompose path for Experiments,0.8881800174713135,0.9036399722099304,0.017406330287222715,0.8881800174713135,0.9036399722099304,0.017406330287222715,0.1564757800521599,0.0,True,,benchmark_features_adjusted_close_exact_reference,False,,blocked_no_bear_cash_classifier,True,False,False,False,False,False,False,False,True,False
2015-07-31,2015-08-07,00631L,consensus4_else_base,consensus4_ultra_strict_stock_exception,base_hold,base_asset,00631L,00631L,00631L_reference,signal_date_interval_state_hold_approximation,base is continuously held between exceptions; interval rows decompose path for Experiments,0.9036399722099304,0.9200000166893004,0.018104604690472037,0.9036399722099304,0.9200000166893004,0.018104604690472037,0.17741331688410944,0.0,True,,benchmark_features_adjusted_close_exact_reference,False,,blocked_no_bear_cash_classifier,True,False,False,False,False,False,False,False,True,False
2015-08-07,2015-08-14,00631L,consensus4_else_base,consensus4_ultra_strict_stock_exception,base_hold,base_asset,00631L,00631L,00631L_reference,signal_date_interval_state_hold_approximation,base is continuously held between exceptions; interval rows decompose path for Experiments,0.9200000166893004,0.9295499920845032,0.01038040784995764,0.9200000166893004,0.9295499920845032,0.01038040784995764,0.1896353473213379,0.0,True,,benchmark_features_adjusted_close_exact_reference,False,,blocked_no_bear_cash_classifier,True,False,False,False,False,False,False,False,True,False
2015-08-14,2015-08-21,00631L,consensus4_else_base,consensus4_ultra_strict_stock_exception,base_hold,base_asset,00631L,00631L,00631L_reference,signal_date_interval_state_hold_approximation,base is continuously held between exceptions; interval rows decompose path for Experiments,0.9295499920845032,0.9890900254249572,0.0640525349335288,0.9295499920845032,0.9890900254249572,0.0640525349335288,0.2658345069637986,0.0,True,,benchmark_features_adjusted_close_exact_reference,False,,blocked_no_bear_cash_classifier,True,False,False,False,False,False,False,False,True,False
2015-08-21,2015-08-28,00631L,consensus4_else_base,consensus4_ultra_strict_stock_exception,base_hold,base_asset,00631L,00631L,00631L_reference,signal_date_interval_state_hold_approximation,base is continuously held between exceptions; interval rows decompose path for Experiments,0.9890900254249572,0.7627300024032593,-0.22885684538618567,0.9890900254249572,0.7627300024032593,-0.22885684538618567,-0.023860385080914037,-0.22885684538618567,True,,benchmark_features_adjusted_close_exact_reference,False,,blocked_no_bear_cash_classifier,True,False,False,False,False,False,False,False,True,False
2015-08-28,2015-09-04,00631L,consensus4_else_base,consensus4_ultra_strict_stock_exception,base_hold,base_asset,00631L,00631L,00631L_reference,signal_date_interval_state_hold_approximation,base is continuously held between exceptions; interval rows decompose path for Experiments,0.7627300024032593,0.760450005531311,-0.00298925814477502,0.7627300024032593,0.760450005531311,-0.00298925814477502,-0.026778318375248467,-0.23116199134190252,True,,benchmark_features_adjusted_close_exact_reference,False,,blocked_no_bear_cash_classifier,True,False,False,False,False,False,False,False,True,False
2015-09-04,2015-09-11,00631L,consensus4_else_base,consensus4_ultra_strict_stock_exception,base_hold,base_asset,00631L,00631L,00631L_reference,signal_date_interval_state_hold_approximation,base is continuously held between exceptions; interval rows decompose path for Experiments,0.760450005531311,0.8309100270271301,0.09265569200251389,0.760450005531311,0.8309100270271301,0.09265569200251389,0.06339621000754314,-0.15992477361185176,True,,benchmark_features_adjusted_close_exact_reference,False,,blocked_no_bear_cash_classifier,True,False,False,False,False,False,False,False,True,False
2015-09-11,2015-09-18,00631L,consensus4_else_base,consensus4_ultra_strict_stock_exception,base_hold,base_asset,00631L,00631L,00631L_reference,signal_date_interval_state_hold_approximation,base is continuously held between exceptions; interval rows decompose path for Experiments,0.8309100270271301,0.8672699928283691,0.04375920932297506,0.8309100270271301,0.8672699928283691,0.04375920932297506,0.10992958735452163,-0.12316374593328705,True,,benchmark_features_adjusted_close_exact_reference,False,,blocked_no_bear_cash_classifier,True,False,False,False,False,False,False,False,True,False
2015-09-18,2015-09-25,00631L,consensus4_else_base,consensus4_ultra_strict_stock_exception,base_hold,base_asset,00631L,00631L,00631L_reference,signal_date_interval_state_hold_approximation,base is continuously held between exceptions; interval rows decompose path for Experiments,0.8672699928283691,0.7972699999809265,-0.08071303449477873,0.8672699928283691,0.7972699999809265,-0.08071303449477873,0.020343802283600665,-0.19393586075404623,True,,benchmark_features_adjusted_close_exact_reference,False,,blocked_no_bear_cash_classifier,True,False,False,False,False,False,False,False,True,False
2015-09-25,2015-10-02,00631L,consensus4_else_base,consensus4_ultra_strict_stock_exception,base_hold,base_asset,00631L,00631L,00631L_reference,signal_date_interval_state_hold_approximation,base is continuously held between exceptions; interval rows decompose path for Experiments,0.7972699999809265,0.8259099721908569,0.03592255096844932,0.7972699999809265,0.8259099721908569,0.03592255096844932,0.05699715452647469,-0.16497998062814423,True,,benchmark_features_adjusted_close_exact_reference,False,,blocked_no_bear_cash_classifier,True,False,False,False,False,False,False,False,True,False
2015-10-02,2015-10-08,00631L,consensus4_else_base,consensus4_ultra_strict_stock_exception,base_hold,base_asset,00631L,00631L,00631L_reference,signal_date_interval_state_hold_approximation,base is continuously held between exceptions; interval rows decompose path for Experiments,0.8259099721908569,0.857729971408844,0.03852720065067072,0.8259099721908569,0.857729971408844,0.03852720065067072,0.0977202959861041,-0.13280899679447777,True,,benchmark_features_adjusted_close_exact_reference,False,,blocked_no_bear_cash_classifier,True,False,False,False,False,False,False,False,True,False
2015-10-08,2015-10-16,00631L,consensus4_else_base,consensus4_ultra_strict_stock_exception,stock_exception,stock,6143,6143,stock,signal_date_interval_state_hold_approximation,base is continuously held between exceptions; interval rows decompose path for Experiments,0.857729971408844,0.8918200135231018,0.03974449214857678,67.5,65.0,-0.037037037037037,0.05706398872735963,-0.16492718209838597,True,,official_unadjusted_ohlcv_tpex_trading_stock,True,-0.0426625523033444,blocked_no_bear_cash_classifier,True,False,False,False,False,False,False,False,True,False
2015-10-16,2015-10-23,00631L,consensus4_else_base,consensus4_ultra_strict_stock_exception,stock_exception,stock,8433,8433,stock,signal_date_interval_state_hold_approximation,base is continuously held between exceptions; interval rows decompose path for Experiments,0.8918200135231018,0.9045500159263612,0.014274183366854487,125.0,116.5,-0.0679999999999999,-0.014816362506100633,-0.22171213371569554,True,,official_unadjusted_ohlcv_tpex_trading_stock,True,-0.0734443418129165,blocked_no_bear_cash_classifier,True,False,False,False,False,False,False,False,True,False
2015-10-23,2015-10-30,00631L,consensus4_else_base,consensus4_ultra_strict_stock_exception,base_hold,base_asset,00631L,00631L,00631L_reference,signal_date_interval_state_hold_approximation,base is continuously held between exceptions; interval rows decompose path for Experiments,0.9045500159263612,0.8845499753952026,-0.022110486074864766,0.9045500159263612,0.8845499753952026,-0.022110486074864766,-0.03659925160409416,-0.23892045674541096,True,,benchmark_features_adjusted_close_exact_reference,False,,blocked_no_bear_cash_classifier,True,False,False,False,False,False,False,False,True,False
2015-10-30,2015-11-06,00631L,consensus4_else_base,consensus4_ultra_strict_stock_exception,base_hold,base_asset,00631L,00631L,00631L_reference,signal_date_interval_state_hold_approximation,base is continuously held between exceptions; interval rows decompose path for Experiments,0.8845499753952026,0.9109100103378296,0.029800503844737314,0.8845499753952026,0.9109100103378296,0.029800503844737314,-0.007889423897499137,-0.21623990289050155,True,,benchmark_features_adjusted_close_exact_reference,False,,blocked_no_bear_cash_classifier,True,False,False,False,False,False,False,False,True,False
2015-11-06,2015-11-13,00631L,consensus4_else_base,consensus4_ultra_strict_stock_exception,base_hold,base_asset,00631L,00631L,00631L_reference,signal_date_interval_state_hold_approximation,base is continuously held between exceptions; interval rows decompose path for Experiments,0.9109100103378296,0.8377299904823303,-0.08033726605810265,0.9109100103378296,0.8377299904823303,-0.08033726605810265,-0.08759287520890324,-0.2792050463377117,True,,benchmark_features_adjusted_close_exact_reference,False,,blocked_no_bear_cash_classifier,True,False,False,False,False,False,False,False,True,False
2015-11-13,2015-11-20,00631L,consensus4_else_base,consensus4_ultra_strict_stock_exception,base_hold,base_asset,00631L,00631L,00631L_reference,signal_date_interval_state_hold_approximation,base is continuously held between exceptions; interval rows decompose path for Experiments,0.8377299904823303,0.8540899753570557,0.019528947346514336,0.8377299904823303,0.8540899753570557,0.019528947346514336,-0.06977452451027333,-0.26512867964000764,True,,benchmark_features_adjusted_close_exact_reference,False,,blocked_no_bear_cash_classifier,True,False,False,False,False,False,False,False,True,False
2015-11-20,2015-11-27,00631L,consensus4_else_base,consensus4_ultra_strict_stock_exception,base_hold,base_asset,00631L,00631L,00631L_reference,signal_date_interval_state_hold_approximation,base is continuously held between exceptions; interval rows decompose path for Experiments,0.8540899753570557,0.8468199968338013,-0.008511958614448312,0.8540899753570557,0.8468199968338013,-0.008511958614448312,-0.07769256525974744,-0.27138387390585694,True,,benchmark_features_adjusted_close_exact_reference,False,,blocked_no_bear_cash_classifier,True,False,False,False,False,False,False,False,True,False
2015-11-27,2015-12-04,00631L,consensus4_else_base,consensus4_ultra_strict_stock_exception,base_hold,base_asset,00631L,00631L,00631L_reference,signal_date_interval_state_hold_approximation,base is continuously held between exceptions; interval rows decompose path for Experiments,0.8468199968338013,0.8431800007820129,-0.00429842949552206,0.8468199968338013,0.8431800007820129,-0.00429842949552206,-0.08165703874117425,-0.27451577895317303,True,,benchmark_features_adjusted_close_exact_reference,False,,blocked_no_bear_cash_classifier,True,False,False,False,False,False,False,False,True,False
2015-12-04,2015-12-11,00631L,consensus4_else_base,consensus4_ultra_strict_stock_exception,base_hold,base_asset,00631L,00631L,00631L_reference,signal_date_interval_state_hold_approximation,base is continuously held between exceptions; interval rows decompose path for Experiments,0.8431800007820129,0.7845500111579895,-0.06953436937504054,0.8431800007820129,0.7845500111579895,-0.06953436937504054,-0.14551343742231393,-0.32496186675520655,True,,benchmark_features_adjusted_close_exact_reference,False,,blocked_no_bear_cash_classifier,True,False,False,False,False,False,False,False,True,False
2015-12-11,2015-12-18,00631L,consensus4_else_base,consensus4_ultra_strict_stock_exception,base_hold,base_asset,00631L,00631L,00631L_reference,signal_date_interval_state_hold_approximation,base is continuously held between exceptions; interval rows decompose path for Experiments,0.7845500111579895,0.8140900135040283,0.03765215974242109,0.7845500111579895,0.8140900135040283,0.03765215974242109,-0.11334017287038656,-0.29954522313004783,True,,benchmark_features_adjusted_close_exact_reference,False,,blocked_no_bear_cash_classifier,True,False,False,False,False,False,False,False,True,False
2015-12-18,2015-12-25,00631L,consensus4_else_base,consensus4_ultra_strict_stock_exception,base_hold,base_asset,00631L,00631L,00631L_reference,signal_date_interval_state_hold_approximation,base is continuously held between exceptions; interval rows decompose path for Experiments,0.8140900135040283,0.8345500230789185,0.025132367717945137,0.8140900135040283,0.8345500230789185,0.025132367717945137,-0.09105631205423548,-0.281941136107961,True,,benchmark_features_adjusted_close_exact_reference,False,,blocked_no_bear_cash_classifier,True,False,False,False,False,False,False,False,True,False
2015-12-25,2015-12-31,00631L,consensus4_else_base,consensus4_ultra_strict_stock_exception,base_hold,base_asset,00631L,00631L,00631L_reference,signal_date_interval_state_hold_approximation,base is continuously held between exceptions; interval rows decompose path for Experiments,0.8345500230789185,0.8168200254440308,-0.021244978904291556,0.8345500230789185,0.8168200254440308,-0.021244978904291556,-0.11036680152983225,-0.29719628152338695,True,,benchmark_features_adjusted_close_exact_reference,False,,blocked_no_bear_cash_classifier,True,False,False,False,False,False,False,False,True,False
2015-12-31,2016-01-08,00631L,consensus4_else_base,consensus4_ultra_strict_stock_exception,base_hold,base_asset,00631L,00631L,00631L_reference,signal_date_interval_state_hold_approximation,base is continuously held between exceptions; interval rows decompose path for Experiments,0.8168200254440308,0.7372699975967407,-0.0973899088774739,0.8168200254440308,0.7372699975967407,-0.0973899088774739,-0.19700809766321759,-0.3656422716245742,True,,benchmark_features_adjusted_close_exact_reference,False,,blocked_no_bear_cash_classifier,True,False,False,False,False,False,False,False,True,False
2016-01-08,2016-01-15,00631L,consensus4_else_base,consensus4_ultra_strict_stock_exception,stock_exception,stock,2485,2485,stock,signal_date_interval_state_hold_approximation,base is continuously held between exceptions; interval rows decompose path for Experiments,0.7372699975967407,0.7004500031471252,-0.04994099118319828,57.5,53.0,-0.0782608695652173,-0.25985094219392224,-0.41528765906265097,True,,official_unadjusted_ohlcv_twse_stock_day,True,-0.0836447699862443,blocked_no_bear_cash_classifier,True,False,False,False,False,False,False,False,True,False
2016-01-15,2016-01-22,00631L,consensus4_else_base,consensus4_ultra_strict_stock_exception,stock_exception,stock,2409,2409,stock,signal_date_interval_state_hold_approximation,base is continuously held between exceptions; interval rows decompose path for Experiments,0.7004500031471252,0.711359977722168,0.015575664966841485,9.06,8.88,-0.0198675496688741,-0.2745558903622548,-0.4269044605382274,True,,official_unadjusted_ohlcv_twse_stock_day,True,-0.0255930938240351,blocked_no_bear_cash_classifier,True,False,False,False,False,False,False,False,True,False
2016-01-22,2016-01-29,00631L,consensus4_else_base,consensus4_ultra_strict_stock_exception,base_hold,base_asset,00631L,00631L,00631L_reference,signal_date_interval_state_hold_approximation,base is continuously held between exceptions; interval rows decompose path for Experiments,0.711359977722168,0.7690899968147278,0.08115443783809151,0.711359977722168,0.7690899968147278,0.08115443783809151,-0.21568288146164882,-0.38039521420568945,True,,benchmark_features_adjusted_close_exact_reference,False,,blocked_no_bear_cash_classifier,True,False,False,False,False,False,False,False,True,False
2016-01-29,2016-02-03,00631L,consensus4_else_base,consensus4_ultra_strict_stock_exception,base_hold,base_asset,00631L,00631L,00631L_reference,signal_date_interval_state_hold_approximation,base is continuously held between exceptions; interval rows decompose path for Experiments,0.7690899968147278,0.7713599801063538,0.002951518419206378,0.7690899968147278,0.7713599801063538,0.002951518419206378,-0.213367955039784,-0.3785664392677891,True,,benchmark_features_adjusted_close_exact_reference,False,,blocked_no_bear_cash_classifier,True,False,False,False,False,False,False,False,True,False
2016-02-03,2016-02-19,00631L,consensus4_else_base,consensus4_ultra_strict_stock_exception,base_hold,base_asset,00631L,00631L,00631L_reference,signal_date_interval_state_hold_approximation,base is continuously held between exceptions; interval rows decompose path for Experiments,0.7713599801063538,0.8227300047874451,0.06659669415829494,0.7713599801063538,0.8227300047874451,0.06659669415829494,-0.1609808613264544,-0.33718101848400583,True,,benchmark_features_adjusted_close_exact_reference,False,,blocked_no_bear_cash_classifier,True,False,False,False,False,False,False,False,True,False
2016-02-19,2016-02-26,00631L,consensus4_else_base,consensus4_ultra_strict_stock_exception,base_hold,base_asset,00631L,00631L,00631L_reference,signal_date_interval_state_hold_approximation,base is continuously held between exceptions; interval rows decompose path for Experiments,0.8227300047874451,0.8354499936103821,0.015460708554349223,0.8227300047874451,0.8354499936103821,0.015460708554349223,-0.14800903095190154,-0.3269333673864965,True,,benchmark_features_adjusted_close_exact_reference,False,,blocked_no_bear_cash_classifier,True,False,False,False,False,False,False,False,True,False
2016-02-26,2016-03-04,00631L,consensus4_else_base,consensus4_ultra_strict_stock_exception,stock_exception,stock,3324,3324,stock,signal_date_interval_state_hold_approximation,base is continuously held between exceptions; interval rows decompose path for Experiments,0.8354499936103821,0.885450005531311,0.05984800084186337,69.0,76.5,0.108695652173913,-0.05540131692493433,-0.2537739507980722,True,,official_unadjusted_ohlcv_tpex_trading_stock,True,0.1022186537883486,blocked_no_bear_cash_classifier,True,False,False,False,False,False,False,False,True,False
2016-03-04,2016-03-11,00631L,consensus4_else_base,consensus4_ultra_strict_stock_exception,base_hold,base_asset,00631L,00631L,00631L_reference,signal_date_interval_state_hold_approximation,base is continuously held between exceptions; interval rows decompose path for Experiments,0.885450005531311,0.9040899872779846,0.02105142202296184,0.885450005531311,0.9040899872779846,0.02105142202296184,-0.03551617140518715,-0.2380648313117949,True,,benchmark_features_adjusted_close_exact_reference,False,,blocked_no_bear_cash_classifier,True,False,False,False,False,False,False,False,True,False
2016-03-11,2016-03-18,00631L,consensus4_else_base,consensus4_ultra_strict_stock_exception,base_hold,base_asset,00631L,00631L,00631L_reference,signal_date_interval_state_hold_approximation,base is continuously held between exceptions; interval rows decompose path for Experiments,0.9040899872779846,0.9272699952125548,0.025639049498114685,0.9040899872779846,0.9272699952125548,0.025639049498114685,-0.010787722783713538,-0.21852953780744355,True,,benchmark_features_adjusted_close_exact_reference,False,,blocked_no_bear_cash_classifier,True,False,False,False,False,False,False,False,True,False
2016-03-18,2016-03-25,00631L,consensus4_else_base,consensus4_ultra_strict_stock_exception,base_hold,base_asset,00631L,00631L,00631L_reference,signal_date_interval_state_hold_approximation,base is continuously held between exceptions; interval rows decompose path for Experiments,0.9272699952125548,0.909089982509613,-0.019605953817986355,0.9272699952125548,0.909089982509613,-0.019605953817986355,-0.030182173007001212,-0.23385101159931132,True,,benchmark_features_adjusted_close_exact_reference,False,,blocked_no_bear_cash_classifier,True,False,False,False,False,False,False,False,True,False
2016-03-25,2016-04-01,00631L,consensus4_else_base,consensus4_ultra_strict_stock_exception,base_hold,base_asset,00631L,00631L,00631L_reference,signal_date_interval_state_hold_approximation,base is continuously held between exceptions; interval rows decompose path for Experiments,0.909089982509613,0.8990899920463562,-0.011000000721216985,0.909089982509613,0.8990899920463562,-0.011000000721216985,-0.040850169803373304,-0.2422786510242786,True,,benchmark_features_adjusted_close_exact_reference,False,,blocked_no_bear_cash_classifier,True,False,False,False,False,False,False,False,True,False
2016-04-01,2016-04-08,00631L,consensus4_else_base,consensus4_ultra_strict_stock_exception,base_hold,base_asset,00631L,00631L,00631L_reference,signal_date_interval_state_hold_approximation,base is continuously held between exceptions; interval rows decompose path for Experiments,0.8990899920463562,0.865909993648529,-0.036903979236058926,0.8990899920463562,0.865909993648529,-0.036903979236058926,-0.076246615221219,-0.2702415839535971,True,,benchmark_features_adjusted_close_exact_reference,False,,blocked_no_bear_cash_classifier,True,False,False,False,False,False,False,False,True,False
2016-04-08,2016-04-15,00631L,consensus4_else_base,consensus4_ultra_strict_stock_exception,base_hold,base_asset,00631L,00631L,00631L_reference,signal_date_interval_state_hold_approximation,base is continuously held between exceptions; interval rows decompose path for Experiments,0.865909993648529,0.913640022277832,0.05512123543948433,0.865909993648529,0.913640022277832,0.05512123543948433,-0.025328187410807224,-0.2300163984887582,True,,benchmark_features_adjusted_close_exact_reference,False,,blocked_no_bear_cash_classifier,True,False,False,False,False,False,False,False,True,False
2016-04-15,2016-04-22,00631L,consensus4_else_base,consensus4_ultra_strict_stock_exception,base_hold,base_asset,00631L,00631L,00631L_reference,signal_date_interval_state_hold_approximation,base is continuously held between exceptions; interval rows decompose path for Experiments,0.913640022277832,0.8768200278282166,-0.04030033005539546,0.913640022277832,0.8768200278282166,-0.04030033005539546,-0.06460778315384219,-0.26104699176690327,True,,benchmark_features_adjusted_close_exact_reference,False,,blocked_no_bear_cash_classifier,True,False,False,False,False,False,False,False,True,False
2016-04-22,2016-04-29,00631L,consensus4_else_base,consensus4_ultra_strict_stock_exception,base_hold,base_asset,00631L,00631L,00631L_reference,signal_date_interval_state_hold_approximation,base is continuously held between exceptions; interval rows decompose path for Experiments,0.8768200278282166,0.8381800055503845,-0.04406836186616192,0.8768200278282166,0.8381800055503845,-0.04406836186616192,-0.10582898585261002,-0.2936114403358083,True,,benchmark_features_adjusted_close_exact_reference,False,,blocked_no_bear_cash_classifier,True,False,False,False,False,False,False,False,True,False
2016-04-29,2016-05-06,00631L,consensus4_else_base,consensus4_ultra_strict_stock_exception,base_hold,base_asset,00631L,00631L,00631L_reference,signal_date_interval_state_hold_approximation,base is continuously held between exceptions; interval rows decompose path for Experiments,0.8381800055503845,0.7922700047492981,-0.05477343827945402,0.8381800055503845,0.7922700047492981,-0.05477343827945402,-0.15480580670728894,-0.3323027705098873,True,,benchmark_features_adjusted_close_exact_reference,False,,blocked_no_bear_cash_classifier,True,False,False,False,False,False,False,False,True,False
2016-05-06,2016-05-13,00631L,consensus4_else_base,consensus4_ultra_strict_stock_exception,base_hold,base_asset,00631L,00631L,00631L_reference,signal_date_interval_state_hold_approximation,base is continuously held between exceptions; interval rows decompose path for Experiments,0.7922700047492981,0.7727299928665161,-0.024663324075944404,0.7922700047492981,0.7727299928665161,-0.024663324075944404,-0.1756511050035735,-0.34877040366541223,True,,benchmark_features_adjusted_close_exact_reference,False,,blocked_no_bear_cash_classifier,True,False,False,False,False,False,False,False,True,False
2016-05-13,2016-05-20,00631L,consensus4_else_base,consensus4_ultra_strict_stock_exception,base_hold,base_asset,00631L,00631L,00631L_reference,signal_date_interval_state_hold_approximation,base is continuously held between exceptions; interval rows decompose path for Experiments,0.7727299928665161,0.7959100008010864,0.029997551730303496,0.7727299928665161,0.7959100008010864,0.029997551730303496,-0.15092265638209967,-0.3292351101610608,True,,benchmark_features_adjusted_close_exact_reference,False,,blocked_no_bear_cash_classifier,True,False,False,False,False,False,False,False,True,False
2016-05-20,2016-05-27,00631L,consensus4_else_base,consensus4_ultra_strict_stock_exception,base_hold,base_asset,00631L,00631L,00631L_reference,signal_date_interval_state_hold_approximation,base is continuously held between exceptions; interval rows decompose path for Experiments,0.7959100008010864,0.8631799817085266,0.08451958241476132,0.7959100008010864,0.8631799817085266,0.08451958241476132,-0.0791589938616799,-0.2725423417733902,True,,benchmark_features_adjusted_close_exact_reference,False,,blocked_no_bear_cash_classifier,True,False,False,False,False,False,False,False,True,False
2016-05-27,2016-06-03,00631L,consensus4_else_base,consensus4_ultra_strict_stock_exception,base_hold,base_asset,00631L,00631L,00631L_reference,signal_date_interval_state_hold_approximation,base is continuously held between exceptions; interval rows decompose path for Experiments,0.8631799817085266,0.8881800174713135,0.028962714952336155,0.8631799817085266,0.8881800174713135,0.028962714952336155,-0.05248893828447332,-0.25147319297827897,True,,benchmark_features_adjusted_close_exact_reference,False,,blocked_no_bear_cash_classifier,True,False,False,False,False,False,False,False,True,False
2016-06-03,2016-06-08,00631L,consensus4_else_base,consensus4_ultra_strict_stock_exception,base_hold,base_asset,00631L,00631L,00631L_reference,signal_date_interval_state_hold_approximation,base is continuously held between exceptions; interval rows decompose path for Experiments,0.8881800174713135,0.9218199849128724,0.03787516807384761,0.8881800174713135,0.9218199849128724,0.03787516807384761,-0.016601797570167998,-0.22312261435455083,True,,benchmark_features_adjusted_close_exact_reference,False,,blocked_no_bear_cash_classifier,True,False,False,False,False,False,False,False,True,False
2016-06-08,2016-06-17,00631L,consensus4_else_base,consensus4_ultra_strict_stock_exception,base_hold,base_asset,00631L,00631L,00631L_reference,signal_date_interval_state_hold_approximation,base is continuously held between exceptions; interval rows decompose path for Experiments,0.9218199849128724,0.8913599848747253,-0.033043327912907094,0.9218199849128724,0.8913599848747253,-0.033043327912907094,-0.04909654684202036,-0.2487932285565554,True,,benchmark_features_adjusted_close_exact_reference,False,,blocked_no_bear_cash_classifier,True,False,False,False,False,False,False,False,True,False
2016-06-17,2016-06-24,00631L,consensus4_else_base,consensus4_ultra_strict_stock_exception,base_hold,base_asset,00631L,00631L,00631L_reference,signal_date_interval_state_hold_approximation,base is continuously held between exceptions; interval rows decompose path for Experiments,0.8913599848747253,0.8595499992370605,-0.03568702452145134,0.8913599848747253,0.8595499992370605,-0.03568702452145134,-0.08303146169240194,-0.27560156302973793,True,,benchmark_features_adjusted_close_exact_reference,False,,blocked_no_bear_cash_classifier,True,False,False,False,False,False,False,False,True,False
2016-06-24,2016-07-01,00631L,consensus4_else_base,consensus4_ultra_strict_stock_exception,base_hold,base_asset,00631L,00631L,00631L_reference,signal_date_interval_state_hold_approximation,base is continuously held between exceptions; interval rows decompose path for Experiments,0.8595499992370605,0.9422699809074402,0.09623638152964009,0.8595499992370605,0.9422699809074402,0.09623638152964009,0.005214272410844378,-0.20588807866999292,True,,benchmark_features_adjusted_close_exact_reference,False,,blocked_no_bear_cash_classifier,True,False,False,False,False,False,False,False,True,False
2016-07-01,2016-07-07,00631L,consensus4_else_base,consensus4_ultra_strict_stock_exception,base_hold,base_asset,00631L,00631L,00631L_reference,signal_date_interval_state_hold_approximation,base is continuously held between exceptions; interval rows decompose path for Experiments,0.9422699809074402,0.9277300238609314,-0.015430776042028138,0.9422699809074402,0.9277300238609314,-0.015430776042028138,-0.010296963900977674,-0.21814184188034091,True,,benchmark_features_adjusted_close_exact_reference,False,,blocked_no_bear_cash_classifier,True,False,False,False,False,False,False,False,True,False
2016-07-07,2016-07-15,00631L,consensus4_else_base,consensus4_ultra_strict_stock_exception,base_hold,base_asset,00631L,00631L,00631L_reference,signal_date_interval_state_hold_approximation,base is continuously held between exceptions; interval rows decompose path for Experiments,0.9277300238609314,1.0077300071716309,0.08623196539200473,0.9277300238609314,1.0077300071716309,0.08623196539200473,0.0750470740562752,-0.15072067624790997,True,,benchmark_features_adjusted_close_exact_reference,False,,blocked_no_bear_cash_classifier,True,False,False,False,False,False,False,False,True,False
2016-07-15,2016-07-22,00631L,consensus4_else_base,consensus4_ultra_strict_stock_exception,base_hold,base_asset,00631L,00631L,00631L_reference,signal_date_interval_state_hold_approximation,base is continuously held between exceptions; interval rows decompose path for Experiments,1.0077300071716309,1.041820049285889,0.0338285472017823,1.0077300071716309,1.041820049285889,0.0338285472017823,0.11141435474512584,-0.12199079055686468,True,,benchmark_features_adjusted_close_exact_reference,False,,blocked_no_bear_cash_classifier,True,False,False,False,False,False,False,False,True,False
2016-07-22,2016-07-29,00631L,consensus4_else_base,consensus4_ultra_strict_stock_exception,base_hold,base_asset,00631L,00631L,00631L_reference,signal_date_interval_state_hold_approximation,base is continuously held between exceptions; interval rows decompose path for Experiments,1.041820049285889,1.040910005569458,-0.0008735133452794086,1.041820049285889,1.040910005569458,-0.0008735133452794086,0.1104435194741209,-0.12275774331859146,True,,benchmark_features_adjusted_close_exact_reference,False,,blocked_no_bear_cash_classifier,True,False,False,False,False,False,False,False,True,False
2016-07-29,2016-08-05,00631L,consensus4_else_base,consensus4_ultra_strict_stock_exception,base_hold,base_asset,00631L,00631L,00631L_reference,signal_date_interval_state_hold_approximation,base is continuously held between exceptions; interval rows decompose path for Experiments,1.040910005569458,1.070449948310852,0.028378959356081257,1.040910005569458,1.070449948310852,0.028378959356081257,0.14195675098050087,-0.09786252097079273,True,,benchmark_features_adjusted_close_exact_reference,False,,blocked_no_bear_cash_classifier,True,False,False,False,False,False,False,False,True,False
2016-08-05,2016-08-12,00631L,consensus4_else_base,consensus4_ultra_strict_stock_exception,base_hold,base_asset,00631L,00631L,00631L_reference,signal_date_interval_state_hold_approximation,base is continuously held between exceptions; interval rows decompose path for Experiments,1.070449948310852,1.087730050086975,0.016142839563298317,1.070449948310852,1.087730050086975,0.016142839563298317,0.16039117559980443,-0.0832994603827858,True,,benchmark_features_adjusted_close_exact_reference,False,,blocked_no_bear_cash_classifier,True,False,False,False,False,False,False,False,True,False
2016-08-12,2016-08-19,00631L,consensus4_else_base,consensus4_ultra_strict_stock_exception,base_hold,base_asset,00631L,00631L,00631L_reference,signal_date_interval_state_hold_approximation,base is continuously held between exceptions; interval rows decompose path for Experiments,1.087730050086975,1.0590900182724,-0.026330091562961955,1.087730050086975,1.0590900182724,-0.026330091562961955,0.12983796969740857,-0.1074362695267237,True,,benchmark_features_adjusted_close_exact_reference,False,,blocked_no_bear_cash_classifier,True,False,False,False,False,False,False,False,True,False
2016-08-19,2016-08-26,00631L,consensus4_else_base,consensus4_ultra_strict_stock_exception,base_hold,base_asset,00631L,00631L,00631L_reference,signal_date_interval_state_hold_approximation,base is continuously held between exceptions; interval rows decompose path for Experiments,1.0590900182724,1.087730050086975,0.027042112870908852,1.0590900182724,1.087730050086975,0.027042112870908852,0.16039117559980443,-0.0832994603827858,True,,benchmark_features_adjusted_close_exact_reference,False,,blocked_no_bear_cash_classifier,True,False,False,False,False,False,False,False,True,False
2016-08-26,2016-09-02,00631L,consensus4_else_base,consensus4_ultra_strict_stock_exception,base_hold,base_asset,00631L,00631L,00631L_reference,signal_date_interval_state_hold_approximation,base is continuously held between exceptions; interval rows decompose path for Experiments,1.087730050086975,1.0518200397491455,-0.03301371542963094,1.087730050086975,1.0518200397491455,-0.03301371542963094,0.12208235154149749,-0.11356315113189774,True,,benchmark_features_adjusted_close_exact_reference,False,,blocked_no_bear_cash_classifier,True,False,False,False,False,False,False,False,True,False
2016-09-02,2016-09-09,00631L,consensus4_else_base,consensus4_ultra_strict_stock_exception,stock_exception,stock,6451,6451,stock,signal_date_interval_state_hold_approximation,base is continuously held between exceptions; interval rows decompose path for Experiments,1.0518200397491455,1.0990899801254272,0.0449410912417636,143.0,168.0,0.1748251748251748,0.318250594817983,0.0,True,,official_unadjusted_ohlcv_twse_stock_day,True,0.1679628209429772,blocked_no_bear_cash_classifier,True,False,False,False,False,False,False,False,True,False
2016-09-09,2016-09-14,00631L,consensus4_else_base,consensus4_ultra_strict_stock_exception,base_hold,base_asset,00631L,00631L,00631L_reference,signal_date_interval_state_hold_approximation,base is continuously held between exceptions; interval rows decompose path for Experiments,1.0990899801254272,1.0368200540542605,-0.0566558946011505,1.0990899801254272,1.0368200540542605,-0.0566558946011505,0.24356392806007143,-0.0566558946011505,True,,benchmark_features_adjusted_close_exact_reference,False,,blocked_no_bear_cash_classifier,True,False,False,False,False,False,False,False,True,False
2016-09-14,2016-09-23,00631L,consensus4_else_base,consensus4_ultra_strict_stock_exception,base_hold,base_asset,00631L,00631L,00631L_reference,signal_date_interval_state_hold_approximation,base is continuously held between exceptions; interval rows decompose path for Experiments,1.0368200540542605,1.1359100341796875,0.095571048937525,1.0368200540542605,1.1359100341796875,0.095571048937525,0.3624126370856413,0.0,True,,benchmark_features_adjusted_close_exact_reference,False,,blocked_no_bear_cash_classifier,True,False,False,False,False,False,False,False,True,False
2016-09-23,2016-09-30,00631L,consensus4_else_base,consensus4_ultra_strict_stock_exception,base_hold,base_asset,00631L,00631L,00631L_reference,signal_date_interval_state_hold_approximation,base is continuously held between exceptions; interval rows decompose path for Experiments,1.1359100341796875,1.1172699928283691,-0.016409786682428207,1.1359100341796875,1.1172699928283691,-0.016409786682428207,0.34005573633762154,-0.016409786682428096,True,,benchmark_features_adjusted_close_exact_reference,False,,blocked_no_bear_cash_classifier,True,False,False,False,False,False,False,False,True,False
2016-09-30,2016-10-07,00631L,consensus4_else_base,consensus4_ultra_strict_stock_exception,base_hold,base_asset,00631L,00631L,00631L_reference,signal_date_interval_state_hold_approximation,base is continuously held between exceptions; interval rows decompose path for Experiments,1.1172699928283691,1.1377300024032593,0.018312502534052255,1.1172699928283691,1.1377300024032593,0.018312502534052255,0.36459551040507554,0.0,True,,benchmark_features_adjusted_close_exact_reference,False,,blocked_no_bear_cash_classifier,True,False,False,False,False,False,False,False,True,False
2016-10-07,2016-10-14,00631L,consensus4_else_base,consensus4_ultra_strict_stock_exception,base_hold,base_asset,00631L,00631L,00631L_reference,signal_date_interval_state_hold_approximation,base is continuously held between exceptions; interval rows decompose path for Experiments,1.1377300024032593,1.122730016708374,-0.013184134779956946,1.1377300024032593,1.122730016708374,-0.013184134779956946,0.34660449927577086,-0.013184134779956946,True,,benchmark_features_adjusted_close_exact_reference,False,,blocked_no_bear_cash_classifier,True,False,False,False,False,False,False,False,True,False
2016-10-14,2016-10-21,00631L,consensus4_else_base,consensus4_ultra_strict_stock_exception,base_hold,base_asset,00631L,00631L,00631L_reference,signal_date_interval_state_hold_approximation,base is continuously held between exceptions; interval rows decompose path for Experiments,1.122730016708374,1.1559100151062012,0.02955296278183117,1.122730016708374,1.1559100151062012,0.02955296278183117,0.38640065192471407,0.0,True,,benchmark_features_adjusted_close_exact_reference,False,,blocked_no_bear_cash_classifier,True,False,False,False,False,False,False,False,True,False
2016-10-21,2016-10-28,00631L,consensus4_else_base,consensus4_ultra_strict_stock_exception,base_hold,base_asset,00631L,00631L,00631L_reference,signal_date_interval_state_hold_approximation,base is continuously held between exceptions; interval rows decompose path for Experiments,1.1559100151062012,1.1554499864578247,-0.00039797963713827933,1.1559100151062012,1.1554499864578247,-0.00039797963713827933,0.3858488926963328,-0.00039797963713827933,True,,benchmark_features_adjusted_close_exact_reference,False,,blocked_no_bear_cash_classifier,True,False,False,False,False,False,False,False,True,False
2016-10-28,2016-11-04,00631L,consensus4_else_base,consensus4_ultra_strict_stock_exception,base_hold,base_asset,00631L,00631L,00631L_reference,signal_date_interval_state_hold_approximation,base is continuously held between exceptions; interval rows decompose path for Experiments,1.1554499864578247,1.1027300357818604,-0.04562720264300135,1.1554499864578247,1.1027300357818604,-0.04562720264300135,0.3226164844366981,-0.046007023582588236,True,,benchmark_features_adjusted_close_exact_reference,False,,blocked_no_bear_cash_classifier,True,False,False,False,False,False,False,False,True,False
2016-11-04,2016-11-11,00631L,consensus4_else_base,consensus4_ultra_strict_stock_exception,base_hold,base_asset,00631L,00631L,00631L_reference,signal_date_interval_state_hold_approximation,base is continuously held between exceptions; interval rows decompose path for Experiments,1.1027300357818604,1.0750000476837158,-0.02514666980888336,1.1027300357818604,1.0750000476837158,-0.02514666980888336,0.2893570844187823,-0.06999676996055071,True,,benchmark_features_adjusted_close_exact_reference,False,,blocked_no_bear_cash_classifier,True,False,False,False,False,False,False,False,True,False
2016-11-11,2016-11-18,00631L,consensus4_else_base,consensus4_ultra_strict_stock_exception,base_hold,base_asset,00631L,00631L,00631L_reference,signal_date_interval_state_hold_approximation,base is continuously held between exceptions; interval rows decompose path for Experiments,1.0750000476837158,1.0859099626541138,0.01014875766183021,1.0750000476837158,1.0859099626541138,0.01014875766183021,0.30244245700811234,-0.06055839255416107,True,,benchmark_features_adjusted_close_exact_reference,False,,blocked_no_bear_cash_classifier,True,False,False,False,False,False,False,False,True,False
2016-11-18,2016-11-25,00631L,consensus4_else_base,consensus4_ultra_strict_stock_exception,base_hold,base_asset,00631L,00631L,00631L_reference,signal_date_interval_state_hold_approximation,base is continuously held between exceptions; interval rows decompose path for Experiments,1.0859099626541138,1.1209100484848022,0.03223111218645003,1.0859099626541138,1.1209100484848022,0.03223111218645003,0.3444216259563364,-0.030279144711955364,True,,benchmark_features_adjusted_close_exact_reference,False,,blocked_no_bear_cash_classifier,True,False,False,False,False,False,False,False,True,False
2016-11-25,2016-12-02,00631L,consensus4_else_base,consensus4_ultra_strict_stock_exception,base_hold,base_asset,00631L,00631L,00631L_reference,signal_date_interval_state_hold_approximation,base is continuously held between exceptions; interval rows decompose path for Experiments,1.1209100484848022,1.1154500246047974,-0.004871063371575168,1.1209100484848022,1.1154500246047974,-0.004871063371575168,0.33787286301818686,-0.03500271645080155,True,,benchmark_features_adjusted_close_exact_reference,False,,blocked_no_bear_cash_classifier,True,False,False,False,False,False,False,False,True,False
2016-12-02,2016-12-09,00631L,consensus4_else_base,consensus4_ultra_strict_stock_exception,base_hold,base_asset,00631L,00631L,00631L_reference,signal_date_interval_state_hold_approximation,base is continuously held between exceptions; interval rows decompose path for Experiments,1.1154500246047974,1.1754499673843384,0.05378989775969467,1.1154500246047974,1.1754499673843384,0.05378989775969467,0.40983690753540514,0.0,True,,benchmark_features_adjusted_close_exact_reference,False,,blocked_no_bear_cash_classifier,True,False,False,False,False,False,False,False,True,False
2016-12-09,2016-12-16,00631L,consensus4_else_base,consensus4_ultra_strict_stock_exception,base_hold,base_asset,00631L,00631L,00631L_reference,signal_date_interval_state_hold_approximation,base is continuously held between exceptions; interval rows decompose path for Experiments,1.1754499673843384,1.1572699546813965,-0.01546642835287737,1.1754499673843384,1.1572699546813965,-0.01546642835287737,0.3880317660157666,-0.01546642835287737,True,,benchmark_features_adjusted_close_exact_reference,False,,blocked_no_bear_cash_classifier,True,False,False,False,False,False,False,False,True,False
2016-12-16,2016-12-23,00631L,consensus4_else_base,consensus4_ultra_strict_stock_exception,base_hold,base_asset,00631L,00631L,00631L_reference,signal_date_interval_state_hold_approximation,base is continuously held between exceptions; interval rows decompose path for Experiments,1.1572699546813965,1.102270007133484,-0.04752559878136142,1.1572699546813965,1.102270007133484,-0.04752559878136142,0.32206472520831686,-0.06225697586575918,True,,benchmark_features_adjusted_close_exact_reference,False,,blocked_no_bear_cash_classifier,True,False,False,False,False,False,False,False,True,False
2016-12-23,2016-12-30,00631L,consensus4_else_base,consensus4_ultra_strict_stock_exception,base_hold,base_asset,00631L,00631L,00631L_reference,signal_date_interval_state_hold_approximation,base is continuously held between exceptions; interval rows decompose path for Experiments,1.102270007133484,1.1368199586868286,0.031344363295517486,1.102270007133484,1.1368199586868286,0.031344363295517486,0.3635040022554348,-0.03286401783945836,True,,benchmark_features_adjusted_close_exact_reference,False,,blocked_no_bear_cash_classifier,True,False,False,False,False,False,False,False,True,False
2016-12-30,2017-01-06,00631L,consensus4_else_base,consensus4_ultra_strict_stock_exception,base_hold,base_asset,00631L,00631L,00631L_reference,signal_date_interval_state_hold_approximation,base is continuously held between exceptions; interval rows decompose path for Experiments,1.1368199586868286,1.1640900373458862,0.023988036496612963,1.1368199586868286,1.1640900373458862,0.023988036496612963,0.396211786024816,-0.009664324602203678,True,,benchmark_features_adjusted_close_exact_reference,False,,blocked_no_bear_cash_classifier,True,False,False,False,False,False,False,False,True,False
2017-01-06,2017-01-13,00631L,consensus4_else_base,consensus4_ultra_strict_stock_exception,base_hold,base_asset,00631L,00631L,00631L_reference,signal_date_interval_state_hold_approximation,base is continuously held between exceptions; interval rows decompose path for Experiments,1.1640900373458862,1.166820049285889,0.0023451896781343518,1.1640900373458862,1.166820049285889,0.0023451896781343518,0.399486167493891,-0.007341799598372445,True,,benchmark_features_adjusted_close_exact_reference,False,,blocked_no_bear_cash_classifier,True,False,False,False,False,False,False,False,True,False
2017-01-13,2017-01-20,00631L,consensus4_else_base,consensus4_ultra_strict_stock_exception,stock_exception,stock,3529,3529,stock,signal_date_interval_state_hold_approximation,base is continuously held between exceptions; interval rows decompose path for Experiments,1.166820049285889,1.152269959449768,-0.012469866150333742,442.5,401.0,-0.0937853107344632,0.2682349224068934,-0.10043855737615215,True,,official_unadjusted_ohlcv_tpex_trading_stock,True,-0.099079299702357,blocked_no_bear_cash_classifier,True,False,False,False,False,False,False,False,True,False
2017-01-20,2017-01-24,00631L,consensus4_else_base,consensus4_ultra_strict_stock_exception,base_hold,base_asset,00631L,00631L,00631L_reference,signal_date_interval_state_hold_approximation,base is continuously held between exceptions; interval rows decompose path for Experiments,1.152269959449768,1.1840900182724,0.02761510752031282,1.152269959449768,1.1840900182724,0.02761510752031282,0.3032573661501754,-0.07559707141696692,True,,benchmark_features_adjusted_close_exact_reference,False,,blocked_no_bear_cash_classifier,True,False,False,False,False,False,False,False,True,False
2017-01-24,2017-02-03,00631L,consensus4_else_base,consensus4_ultra_strict_stock_exception,base_hold,base_asset,00631L,00631L,00631L_reference,signal_date_interval_state_hold_approximation,base is continuously held between exceptions; interval rows decompose path for Experiments,1.1840900182724,1.1759099960327148,-0.006908277338254942,1.1840900182724,1.1759099960327148,-0.006908277338254942,0.2942541028216863,-0.08198310321991353,True,,benchmark_features_adjusted_close_exact_reference,False,,blocked_no_bear_cash_classifier,True,False,False,False,False,False,False,False,True,False
2017-02-03,2017-02-10,00631L,consensus4_else_base,consensus4_ultra_strict_stock_exception,stock_exception,stock,3346,3346,stock,signal_date_interval_state_hold_approximation,base is continuously held between exceptions; interval rows decompose path for Experiments,1.1759099960327148,1.2322700023651123,0.04792884363815664,79.5,88.0,0.1069182389937106,0.4326334723057659,0.0,True,,official_unadjusted_ohlcv_twse_stock_day,True,0.1004517783529862,blocked_no_bear_cash_classifier,True,False,False,False,False,False,False,False,True,False
2017-02-10,2017-02-17,00631L,consensus4_else_base,consensus4_ultra_strict_stock_exception,base_hold,base_asset,00631L,00631L,00631L_reference,signal_date_interval_state_hold_approximation,base is continuously held between exceptions; interval rows decompose path for Experiments,1.2322700023651123,1.2572699785232544,0.02028774222383034,1.2322700023651123,1.2572699785232544,0.02028774222383034,0.46169837089313615,0.0,True,,benchmark_features_adjusted_close_exact_reference,False,,blocked_no_bear_cash_classifier,True,False,False,False,False,False,False,False,True,False
2017-02-17,2017-02-24,00631L,consensus4_else_base,consensus4_ultra_strict_stock_exception,base_hold,base_asset,00631L,00631L,00631L_reference,signal_date_interval_state_hold_approximation,base is continuously held between exceptions; interval rows decompose path for Experiments,1.2572699785232544,1.2518199682235718,-0.004334797134092128,1.2572699785232544,1.2518199682235718,-0.004334797134092128,0.45536220498408153,-0.004334797134092017,True,,benchmark_features_adjusted_close_exact_reference,False,,blocked_no_bear_cash_classifier,True,False,False,False,False,False,False,False,True,False
2017-02-24,2017-03-03,00631L,consensus4_else_base,consensus4_ultra_strict_stock_exception,base_hold,base_asset,00631L,00631L,00631L_reference,signal_date_interval_state_hold_approximation,base is continuously held between exceptions; interval rows decompose path for Experiments,1.2518199682235718,1.2186399698257446,-0.02650540751871222,1.2518199682235718,1.2186399698257446,-0.02650540751871222,0.4167872366536469,-0.030725309088254216,True,,benchmark_features_adjusted_close_exact_reference,False,,blocked_no_bear_cash_classifier,True,False,False,False,False,False,False,False,True,False
2017-03-03,2017-03-10,00631L,consensus4_else_base,consensus4_ultra_strict_stock_exception,base_hold,base_asset,00631L,00631L,00631L_reference,signal_date_interval_state_hold_approximation,base is continuously held between exceptions; interval rows decompose path for Experiments,1.2186399698257446,1.2154500484466553,-0.002617607708653713,1.2186399698257446,1.2154500484466553,-0.002617607708653713,0.41307864346146017,-0.03326248999098769,True,,benchmark_features_adjusted_close_exact_reference,False,,blocked_no_bear_cash_classifier,True,False,False,False,False,False,False,False,True,False
2017-03-10,2017-03-17,00631L,consensus4_else_base,consensus4_ultra_strict_stock_exception,base_hold,base_asset,00631L,00631L,00631L_reference,signal_date_interval_state_hold_approximation,base is continuously held between exceptions; interval rows decompose path for Experiments,1.2154500484466553,1.2822699546813965,0.05497544413292599,1.2154500484466553,1.2822699546813965,0.05497544413292599,0.4907632694805064,0.0,True,,benchmark_features_adjusted_close_exact_reference,False,,blocked_no_bear_cash_classifier,True,False,False,False,False,False,False,False,True,False
2017-03-17,2017-03-24,00631L,consensus4_else_base,consensus4_ultra_strict_stock_exception,base_hold,base_asset,00631L,00631L,00631L_reference,signal_date_interval_state_hold_approximation,base is continuously held between exceptions; interval rows decompose path for Experiments,1.2822699546813965,1.287269949913025,0.0038993311926043273,1.2822699546813965,1.287269949913025,0.0038993311926043273,0.4965762491979806,0.0,True,,benchmark_features_adjusted_close_exact_reference,False,,blocked_no_bear_cash_classifier,True,False,False,False,False,False,False,False,True,False
2017-03-24,2017-03-31,00631L,consensus4_else_base,consensus4_ultra_strict_stock_exception,base_hold,base_asset,00631L,00631L,00631L_reference,signal_date_interval_state_hold_approximation,base is continuously held between exceptions; interval rows decompose path for Experiments,1.287269949913025,1.2722699642181396,-0.011652556401164138,1.287269949913025,1.2722699642181396,-0.011652556401164138,0.4791373100455585,-0.011652556401164138,True,,benchmark_features_adjusted_close_exact_reference,False,,blocked_no_bear_cash_classifier,True,False,False,False,False,False,False,False,True,False
2017-03-31,2017-04-07,00631L,consensus4_else_base,consensus4_ultra_strict_stock_exception,base_hold,base_asset,00631L,00631L,00631L_reference,signal_date_interval_state_hold_approximation,base is continuously held between exceptions; interval rows decompose path for Experiments,1.2722699642181396,1.2804499864578247,0.006429470528852788,1.2722699642181396,1.2804499864578247,0.006429470528852788,0.48864737978862305,-0.00529800564027838,True,,benchmark_features_adjusted_close_exact_reference,False,,blocked_no_bear_cash_classifier,True,False,False,False,False,False,False,False,True,False
2017-04-07,2017-04-14,00631L,consensus4_else_base,consensus4_ultra_strict_stock_exception,base_hold,base_asset,00631L,00631L,00631L_reference,signal_date_interval_state_hold_approximation,base is continuously held between exceptions; interval rows decompose path for Experiments,1.2804499864578247,1.2540899515151978,-0.020586540061239056,1.2804499864578247,1.2540899515151978,-0.020586540061239056,0.458001280867546,-0.02577547809615921,True,,benchmark_features_adjusted_close_exact_reference,False,,blocked_no_bear_cash_classifier,True,False,False,False,False,False,False,False,True,False
2017-04-14,2017-04-21,00631L,consensus4_else_base,consensus4_ultra_strict_stock_exception,base_hold,base_asset,00631L,00631L,00631L_reference,signal_date_interval_state_hold_approximation,base is continuously held between exceptions; interval rows decompose path for Experiments,1.2540899515151978,1.2513600587844849,-0.0021767918062134406,1.2540899515151978,1.2513600587844849,-0.0021767918062134406,0.45482751562590473,-0.027896162052851725,True,,benchmark_features_adjusted_close_exact_reference,False,,blocked_no_bear_cash_classifier,True,False,False,False,False,False,False,False,True,False
2017-04-21,2017-04-28,00631L,consensus4_else_base,consensus4_ultra_strict_stock_exception,base_hold,base_asset,00631L,00631L,00631L_reference,signal_date_interval_state_hold_approximation,base is continuously held between exceptions; interval rows decompose path for Experiments,1.2513600587844849,1.2895499467849731,0.030518704614548975,1.2513600587844849,1.2895499467849731,0.030518704614548975,0.4992269668404099,0.0,True,,benchmark_features_adjusted_close_exact_reference,False,,blocked_no_bear_cash_classifier,True,False,False,False,False,False,False,False,True,False
2017-04-28,2017-05-05,00631L,consensus4_else_base,consensus4_ultra_strict_stock_exception,base_hold,base_asset,00631L,00631L,00631L_reference,signal_date_interval_state_hold_approximation,base is continuously held between exceptions; interval rows decompose path for Experiments,1.2895499467849731,1.3022700548171997,0.009863990195912553,1.2895499467849731,1.3022700548171997,0.009863990195912553,0.5140153269427714,0.0,True,,benchmark_features_adjusted_close_exact_reference,False,,blocked_no_bear_cash_classifier,True,False,False,False,False,False,False,False,True,False
2017-05-05,2017-05-12,00631L,consensus4_else_base,consensus4_ultra_strict_stock_exception,base_hold,base_asset,00631L,00631L,00631L_reference,signal_date_interval_state_hold_approximation,base is continuously held between exceptions; interval rows decompose path for Experiments,1.3022700548171997,1.3386399745941162,0.02792809344143432,1.3022700548171997,1.3386399745941162,0.02792809344143432,0.5562988884653928,0.0,True,,benchmark_features_adjusted_close_exact_reference,False,,blocked_no_bear_cash_classifier,True,False,False,False,False,False,False,False,True,False
2017-05-12,2017-05-19,00631L,consensus4_else_base,consensus4_ultra_strict_stock_exception,stock_exception,stock,1569,1569,stock,signal_date_interval_state_hold_approximation,base is continuously held between exceptions; interval rows decompose path for Experiments,1.3386399745941162,1.328179955482483,-0.007813915100514546,38.7,36.95,-0.0452196382428941,0.4859236157311695,-0.0452196382428941,True,,official_unadjusted_ohlcv_tpex_trading_stock,True,-0.0507974231528979,blocked_no_bear_cash_classifier,True,False,False,False,False,False,False,False,True,False
2017-05-19,2017-05-26,00631L,consensus4_else_base,consensus4_ultra_strict_stock_exception,base_hold,base_asset,00631L,00631L,00631L_reference,signal_date_interval_state_hold_approximation,base is continuously held between exceptions; interval rows decompose path for Experiments,1.328179955482483,1.3709100484848022,0.03217191527845098,1.328179955482483,1.3709100484848022,0.03217191527845098,0.5337286244067223,-0.014502525334915695,True,,benchmark_features_adjusted_close_exact_reference,False,,blocked_no_bear_cash_classifier,True,False,False,False,False,False,False,False,True,False
2017-05-26,2017-06-02,00631L,consensus4_else_base,consensus4_ultra_strict_stock_exception,base_hold,base_asset,00631L,00631L,00631L_reference,signal_date_interval_state_hold_approximation,base is continuously held between exceptions; interval rows decompose path for Experiments,1.3709100484848022,1.3763600587844849,0.003975468927159831,1.3709100484848022,1.3763600587844849,0.003975468927159831,0.5398259148957467,-0.010584710746590176,True,,benchmark_features_adjusted_close_exact_reference,False,,blocked_no_bear_cash_classifier,True,False,False,False,False,False,False,False,True,False
2017-06-02,2017-06-09,00631L,consensus4_else_base,consensus4_ultra_strict_stock_exception,base_hold,base_asset,00631L,00631L,00631L_reference,signal_date_interval_state_hold_approximation,base is continuously held between exceptions; interval rows decompose path for Experiments,1.3763600587844849,1.399999976158142,0.01717567813943588,1.3763600587844849,1.399999976158142,0.01717567813943588,0.5662734692007585,0.0,True,,benchmark_features_adjusted_close_exact_reference,False,,blocked_no_bear_cash_classifier,True,False,False,False,False,False,False,False,True,False
2017-06-09,2017-06-16,00631L,consensus4_else_base,consensus4_ultra_strict_stock_exception,base_hold,base_asset,00631L,00631L,00631L_reference,signal_date_interval_state_hold_approximation,base is continuously held between exceptions; interval rows decompose path for Experiments,1.399999976158142,1.3899999856948853,-0.007142850452539706,1.399999976158142,1.3899999856948853,-0.007142850452539706,0.5550858120424769,-0.007142850452539706,True,,benchmark_features_adjusted_close_exact_reference,False,,blocked_no_bear_cash_classifier,True,False,False,False,False,False,False,False,True,False
2017-06-16,2017-06-23,00631L,consensus4_else_base,consensus4_ultra_strict_stock_exception,base_hold,base_asset,00631L,00631L,00631L_reference,signal_date_interval_state_hold_approximation,base is continuously held between exceptions; interval rows decompose path for Experiments,1.3899999856948853,1.4604500532150269,0.050683502334658126,1.3899999856948853,1.4604500532150269,0.050683502334658126,0.6339030074277254,0.0,True,,benchmark_features_adjusted_close_exact_reference,False,,blocked_no_bear_cash_classifier,True,False,False,False,False,False,False,False,True,False
2017-06-23,2017-06-30,00631L,consensus4_else_base,consensus4_ultra_strict_stock_exception,base_hold,base_asset,00631L,00631L,00631L_reference,signal_date_interval_state_hold_approximation,base is continuously held between exceptions; interval rows decompose path for Experiments,1.4604500532150269,1.4777300357818604,0.011831957230439727,1.4604500532150269,1.4777300357818604,0.011831957230439727,0.653235277930297,0.0,True,,benchmark_features_adjusted_close_exact_reference,False,,blocked_no_bear_cash_classifier,True,False,False,False,False,False,False,False,True,False
2017-06-30,2017-07-07,00631L,consensus4_else_base,consensus4_ultra_strict_stock_exception,base_hold,base_asset,00631L,00631L,00631L_reference,signal_date_interval_state_hold_approximation,base is continuously held between exceptions; interval rows decompose path for Experiments,1.4777300357818604,1.4631799459457395,-0.009846243551801748,1.4777300357818604,1.4631799459457395,-0.009846243551801748,0.6369571207353646,-0.009846243551801748,True,,benchmark_features_adjusted_close_exact_reference,False,,blocked_no_bear_cash_classifier,True,False,False,False,False,False,False,False,True,False
2017-07-07,2017-07-14,00631L,consensus4_else_base,consensus4_ultra_strict_stock_exception,base_hold,base_asset,00631L,00631L,00631L_reference,signal_date_interval_state_hold_approximation,base is continuously held between exceptions; interval rows decompose path for Experiments,1.4631799459457395,1.5299999713897705,0.04566767445738962,1.4631799459457395,1.5299999713897705,0.04566767445738962,0.711713145625813,0.0,True,,benchmark_features_adjusted_close_exact_reference,False,,blocked_no_bear_cash_classifier,True,False,False,False,False,False,False,False,True,False
2017-07-14,2017-07-21,00631L,consensus4_else_base,consensus4_ultra_strict_stock_exception,base_hold,base_asset,00631L,00631L,00631L_reference,signal_date_interval_state_hold_approximation,base is continuously held between exceptions; interval rows decompose path for Experiments,1.5299999713897705,1.540910005569458,0.007130741427254783,1.5299999713897705,1.540910005569458,0.007130741427254783,0.7239189294649035,0.0,True,,benchmark_features_adjusted_close_exact_reference,False,,blocked_no_bear_cash_classifier,True,False,False,False,False,False,False,False,True,False
2017-07-21,2017-07-28,00631L,consensus4_else_base,consensus4_ultra_strict_stock_exception,base_hold,base_asset,00631L,00631L,00631L_reference,signal_date_interval_state_hold_approximation,base is continuously held between exceptions; interval rows decompose path for Experiments,1.540910005569458,1.5368200540542605,-0.002654244245552828,1.540910005569458,1.5368200540542605,-0.002654244245552828,0.7193432275665717,-0.002654244245552828,True,,benchmark_features_adjusted_close_exact_reference,False,,blocked_no_bear_cash_classifier,True,False,False,False,False,False,False,False,True,False
2017-07-28,2017-08-04,00631L,consensus4_else_base,consensus4_ultra_strict_stock_exception,base_hold,base_asset,00631L,00631L,00631L_reference,signal_date_interval_state_hold_approximation,base is continuously held between exceptions; interval rows decompose path for Experiments,1.5368200540542605,1.5668200254440308,0.0195208094211341,1.5368200540542605,1.5668200254440308,0.0195208094211341,0.7529061990414163,0.0,True,,benchmark_features_adjusted_close_exact_reference,False,,blocked_no_bear_cash_classifier,True,False,False,False,False,False,False,False,True,False
2017-08-04,2017-08-11,00631L,consensus4_else_base,consensus4_ultra_strict_stock_exception,base_hold,base_asset,00631L,00631L,00631L_reference,signal_date_interval_state_hold_approximation,base is continuously held between exceptions; interval rows decompose path for Experiments,1.5668200254440308,1.5304499864578247,-0.023212646248824242,1.5668200254440308,1.5304499864578247,-0.023212646248824242,0.7122166075356968,-0.023212646248824242,True,,benchmark_features_adjusted_close_exact_reference,False,,blocked_no_bear_cash_classifier,True,False,False,False,False,False,False,False,True,False
2017-08-11,2017-08-18,00631L,consensus4_else_base,consensus4_ultra_strict_stock_exception,base_hold,base_asset,00631L,00631L,00631L_reference,signal_date_interval_state_hold_approximation,base is continuously held between exceptions; interval rows decompose path for Experiments,1.5304499864578247,1.526360034942627,-0.002672384953045004,1.5304499864578247,1.526360034942627,-0.002672384953045004,0.7076409056373647,-0.02582299807531352,True,,benchmark_features_adjusted_close_exact_reference,False,,blocked_no_bear_cash_classifier,True,False,False,False,False,False,False,False,True,False
2017-08-18,2017-08-25,00631L,consensus4_else_base,consensus4_ultra_strict_stock_exception,base_hold,base_asset,00631L,00631L,00631L_reference,signal_date_interval_state_hold_approximation,base is continuously held between exceptions; interval rows decompose path for Experiments,1.526360034942627,1.5872700214385986,0.0399053860829508,1.526360034942627,1.5872700214385986,0.0399053860829508,0.7757849752678636,0.0,True,,benchmark_features_adjusted_close_exact_reference,False,,blocked_no_bear_cash_classifier,True,False,False,False,False,False,False,False,True,False
2017-08-25,2017-09-01,00631L,consensus4_else_base,consensus4_ultra_strict_stock_exception,stock_exception,stock,2603,2603,stock,signal_date_interval_state_hold_approximation,base is continuously held between exceptions; interval rows decompose path for Experiments,1.5872700214385986,1.608180046081543,0.013173577501320644,22.0,22.4,0.018181818181818,0.8080719748181882,0.0,True,,official_unadjusted_ohlcv_twse_stock_day,True,0.0122333143268561,blocked_no_bear_cash_classifier,True,False,False,False,False,False,False,False,True,False
2017-09-01,2017-09-08,00631L,consensus4_else_base,consensus4_ultra_strict_stock_exception,base_hold,base_asset,00631L,00631L,00631L_reference,signal_date_interval_state_hold_approximation,base is continuously held between exceptions; interval rows decompose path for Experiments,1.608180046081543,1.5954500436782837,-0.007915781839401004,1.608180046081543,1.5954500436782837,-0.007915781839401004,0.7937596715155923,-0.007915781839401004,True,,benchmark_features_adjusted_close_exact_reference,False,,blocked_no_bear_cash_classifier,True,False,False,False,False,False,False,False,True,False
2017-09-08,2017-09-15,00631L,consensus4_else_base,consensus4_ultra_strict_stock_exception,base_hold,base_asset,00631L,00631L,00631L_reference,signal_date_interval_state_hold_approximation,base is continuously held between exceptions; interval rows decompose path for Experiments,1.5954500436782837,1.5895500183105469,-0.00369803203247554,1.5954500436782837,1.5895500183105469,-0.00369803203247554,0.7871262907917649,-0.011584541057072406,True,,benchmark_features_adjusted_close_exact_reference,False,,blocked_no_bear_cash_classifier,True,False,False,False,False,False,False,False,True,False
2017-09-15,2017-09-22,00631L,consensus4_else_base,consensus4_ultra_strict_stock_exception,base_hold,base_asset,00631L,00631L,00631L_reference,signal_date_interval_state_hold_approximation,base is continuously held between exceptions; interval rows decompose path for Experiments,1.5895500183105469,1.5590900182724,-0.019162655900895387,1.5895500183105469,1.5590900182724,-0.019162655900895387,0.7528802046298788,-0.03052520638392131,True,,benchmark_features_adjusted_close_exact_reference,False,,blocked_no_bear_cash_classifier,True,False,False,False,False,False,False,False,True,False
2017-09-22,2017-09-29,00631L,consensus4_else_base,consensus4_ultra_strict_stock_exception,base_hold,base_asset,00631L,00631L,00631L_reference,signal_date_interval_state_hold_approximation,base is continuously held between exceptions; interval rows decompose path for Experiments,1.5590900182724,1.5231800079345703,-0.02303267285209154,1.5590900182724,1.5231800079345703,-0.02303267285209154,0.7125066883277316,-0.052854802143629365,True,,benchmark_features_adjusted_close_exact_reference,False,,blocked_no_bear_cash_classifier,True,False,False,False,False,False,False,False,True,False
2017-09-29,2017-10-06,00631L,consensus4_else_base,consensus4_ultra_strict_stock_exception,base_hold,base_asset,00631L,00631L,00631L_reference,signal_date_interval_state_hold_approximation,base is continuously held between exceptions; interval rows decompose path for Experiments,1.5231800079345703,1.575909972190857,0.03461834056487412,1.5231800079345703,1.575909972190857,0.03461834056487412,0.7717908280838857,-0.02006620711985252,True,,benchmark_features_adjusted_close_exact_reference,False,,blocked_no_bear_cash_classifier,True,False,False,False,False,False,False,False,True,False
2017-10-06,2017-10-13,00631L,consensus4_else_base,consensus4_ultra_strict_stock_exception,base_hold,base_asset,00631L,00631L,00631L_reference,signal_date_interval_state_hold_approximation,base is continuously held between exceptions; interval rows decompose path for Experiments,1.575909972190857,1.6404500007629397,0.040954134253213814,1.575909972190857,1.6404500007629397,0.040954134253213814,0.844352987525846,0.0,True,,benchmark_features_adjusted_close_exact_reference,False,,blocked_no_bear_cash_classifier,True,False,False,False,False,False,False,False,True,False
2017-10-13,2017-10-20,00631L,consensus4_else_base,consensus4_ultra_strict_stock_exception,base_hold,base_asset,00631L,00631L,00631L_reference,signal_date_interval_state_hold_approximation,base is continuously held between exceptions; interval rows decompose path for Experiments,1.6404500007629397,1.6631799936294556,0.013855949803983414,1.6404500007629397,1.6631799936294556,0.013855949803983414,0.8699082499418309,0.0,True,,benchmark_features_adjusted_close_exact_reference,False,,blocked_no_bear_cash_classifier,True,False,False,False,False,False,False,False,True,False
2017-10-20,2017-10-27,00631L,consensus4_else_base,consensus4_ultra_strict_stock_exception,base_hold,base_asset,00631L,00631L,00631L_reference,signal_date_interval_state_hold_approximation,base is continuously held between exceptions; interval rows decompose path for Experiments,1.6631799936294556,1.645449995994568,-0.010660299969215248,1.6631799936294556,1.645449995994568,-0.010660299969215248,0.8499744670825407,-0.010660299969215248,True,,benchmark_features_adjusted_close_exact_reference,False,,blocked_no_bear_cash_classifier,True,False,False,False,False,False,False,False,True,False
2017-10-27,2017-11-03,00631L,consensus4_else_base,consensus4_ultra_strict_stock_exception,stock_exception,stock,6121,6121,stock,signal_date_interval_state_hold_approximation,base is continuously held between exceptions; interval rows decompose path for Experiments,1.645449995994568,1.6686400175094604,0.01409342220750709,171.0,181.0,0.0584795321637428,0.958160108432397,0.0,True,,official_unadjusted_ohlcv_tpex_trading_stock,True,0.0522960024449145,blocked_no_bear_cash_classifier,True,False,False,False,False,False,False,False,True,False
2017-11-03,2017-11-10,00631L,consensus4_else_base,consensus4_ultra_strict_stock_exception,base_hold,base_asset,00631L,00631L,00631L_reference,signal_date_interval_state_hold_approximation,base is continuously held between exceptions; interval rows decompose path for Experiments,1.6686400175094604,1.6559100151062012,-0.007628968662911184,1.6686400175094604,1.6559100151062012,-0.007628968662911184,0.9432213663282034,-0.007628968662911184,True,,benchmark_features_adjusted_close_exact_reference,False,,blocked_no_bear_cash_classifier,True,False,False,False,False,False,False,False,True,False
2017-11-10,2017-11-17,00631L,consensus4_else_base,consensus4_ultra_strict_stock_exception,base_hold,base_asset,00631L,00631L,00631L_reference,signal_date_interval_state_hold_approximation,base is continuously held between exceptions; interval rows decompose path for Experiments,1.6559100151062012,1.6531800031661987,-0.001648647520153701,1.6559100151062012,1.6531800031661987,-0.001648647520153701,0.9400176792414967,-0.00926503870279749,True,,benchmark_features_adjusted_close_exact_reference,False,,blocked_no_bear_cash_classifier,True,False,False,False,False,False,False,False,True,False
2017-11-17,2017-11-24,00631L,consensus4_else_base,consensus4_ultra_strict_stock_exception,base_hold,base_asset,00631L,00631L,00631L_reference,signal_date_interval_state_hold_approximation,base is continuously held between exceptions; interval rows decompose path for Experiments,1.6531800031661987,1.6918200254440308,0.023373148842732228,1.6531800031661987,1.6918200254440308,0.023373148842732228,0.9853620012159401,0.0,True,,benchmark_features_adjusted_close_exact_reference,False,,blocked_no_bear_cash_classifier,True,False,False,False,False,False,False,False,True,False
2017-11-24,2017-12-01,00631L,consensus4_else_base,consensus4_ultra_strict_stock_exception,stock_exception,stock,6573,6573,stock,signal_date_interval_state_hold_approximation,base is continuously held between exceptions; interval rows decompose path for Experiments,1.6918200254440308,1.5940899848937988,-0.05776621572060059,72.7,70.0,-0.0371389270976616,0.9116277865903137,-0.037138927097661645,True,,official_unadjusted_ohlcv_twse_stock_day,True,-0.0427640530110688,blocked_no_bear_cash_classifier,True,False,False,False,False,False,False,False,True,False
2017-12-01,2017-12-08,00631L,consensus4_else_base,consensus4_ultra_strict_stock_exception,base_hold,base_asset,00631L,00631L,00631L_reference,signal_date_interval_state_hold_approximation,base is continuously held between exceptions; interval rows decompose path for Experiments,1.5940899848937988,1.5345499515533447,-0.0373504845427034,1.5940899848937988,1.5345499515533447,-0.0373504845427034,0.8402275624958699,-0.07310225471787124,True,,benchmark_features_adjusted_close_exact_reference,False,,blocked_no_bear_cash_classifier,True,False,False,False,False,False,False,False,True,False
2017-12-08,2017-12-15,00631L,consensus4_else_base,consensus4_ultra_strict_stock_exception,base_hold,base_asset,00631L,00631L,00631L_reference,signal_date_interval_state_hold_approximation,base is continuously held between exceptions; interval rows decompose path for Experiments,1.5345499515533447,1.546820044517517,0.007995890229413494,1.5345499515533447,1.546820044517517,0.007995890229413494,0.8549418200827281,-0.06569088209270435,True,,benchmark_features_adjusted_close_exact_reference,False,,blocked_no_bear_cash_classifier,True,False,False,False,False,False,False,False,True,False
2017-12-15,2017-12-22,00631L,consensus4_else_base,consensus4_ultra_strict_stock_exception,base_hold,base_asset,00631L,00631L,00631L_reference,signal_date_interval_state_hold_approximation,base is continuously held between exceptions; interval rows decompose path for Experiments,1.546820044517517,1.5590900182724,0.007932386057687868,1.546820044517517,1.5590900182724,0.007932386057687868,0.8696559347141746,-0.05827958147224588,True,,benchmark_features_adjusted_close_exact_reference,False,,blocked_no_bear_cash_classifier,True,False,False,False,False,False,False,False,True,False
2017-12-22,2017-12-29,00631L,consensus4_else_base,consensus4_ultra_strict_stock_exception,base_hold,base_asset,00631L,00631L,00631L_reference,signal_date_interval_state_hold_approximation,base is continuously held between exceptions; interval rows decompose path for Experiments,1.5590900182724,1.5895500183105469,0.019537037426420767,1.5590900182724,1.5895500183105469,0.019537037426420767,0.9061834726852152,-0.039881154410244535,True,,benchmark_features_adjusted_close_exact_reference,False,,blocked_no_bear_cash_classifier,True,False,False,False,False,False,False,False,True,False
2017-12-29,2018-01-05,00631L,consensus4_else_base,consensus4_ultra_strict_stock_exception,base_hold,base_asset,00631L,00631L,00631L_reference,signal_date_interval_state_hold_approximation,base is continuously held between exceptions; interval rows decompose path for Experiments,1.5895500183105469,1.6559100151062012,0.04174766193654289,1.5895500183105469,1.6559100151062012,0.04174766193654289,0.9857621758919028,0.0,True,,benchmark_features_adjusted_close_exact_reference,False,,blocked_no_bear_cash_classifier,True,False,False,False,False,False,False,False,True,False
2018-01-05,2018-01-12,00631L,consensus4_else_base,consensus4_ultra_strict_stock_exception,base_hold,base_asset,00631L,00631L,00631L_reference,signal_date_interval_state_hold_approximation,base is continuously held between exceptions; interval rows decompose path for Experiments,1.6559100151062012,1.6686400175094604,0.007687617254034773,1.6559100151062012,1.6686400175094604,0.007687617254034773,1.0010279554576993,0.0,True,,benchmark_features_adjusted_close_exact_reference,False,,blocked_no_bear_cash_classifier,True,False,False,False,False,False,False,False,True,False
2018-01-12,2018-01-19,00631L,consensus4_else_base,consensus4_ultra_strict_stock_exception,base_hold,base_asset,00631L,00631L,00631L_reference,signal_date_interval_state_hold_approximation,base is continuously held between exceptions; interval rows decompose path for Experiments,1.6686400175094604,1.7718199491500854,0.06183474599550043,1.6686400175094604,1.7718199491500854,0.06183474599550043,1.1247610108133217,0.0,True,,benchmark_features_adjusted_close_exact_reference,False,,blocked_no_bear_cash_classifier,True,False,False,False,False,False,False,False,True,False
2018-01-19,2018-01-26,00631L,consensus4_else_base,consensus4_ultra_strict_stock_exception,base_hold,base_asset,00631L,00631L,00631L_reference,signal_date_interval_state_hold_approximation,base is continuously held between exceptions; interval rows decompose path for Experiments,1.7718199491500854,1.7795499563217163,0.004362749824178724,1.7718199491500854,1.7795499563217163,0.004362749824178724,1.1340308115396693,0.0,True,,benchmark_features_adjusted_close_exact_reference,False,,blocked_no_bear_cash_classifier,True,False,False,False,False,False,False,False,True,False
2018-01-26,2018-02-02,00631L,consensus4_else_base,consensus4_ultra_strict_stock_exception,base_hold,base_asset,00631L,00631L,00631L_reference,signal_date_interval_state_hold_approximation,base is continuously held between exceptions; interval rows decompose path for Experiments,1.7795499563217163,1.7640899419784546,-0.00868759783244144,1.7795499563217163,1.7640899419784546,-0.00868759783244144,1.115491210086974,-0.00868759783244144,True,,benchmark_features_adjusted_close_exact_reference,False,,blocked_no_bear_cash_classifier,True,False,False,False,False,False,False,False,True,False
2018-02-02,2018-02-09,00631L,consensus4_else_base,consensus4_ultra_strict_stock_exception,base_hold,base_asset,00631L,00631L,00631L_reference,signal_date_interval_state_hold_approximation,base is continuously held between exceptions; interval rows decompose path for Experiments,1.7640899419784546,1.527269959449768,-0.13424484596465025,1.7640899419784546,1.527269959449768,-0.13424484596465025,0.8314974184492767,-0.14176617856427276,True,,benchmark_features_adjusted_close_exact_reference,False,,blocked_no_bear_cash_classifier,True,False,False,False,False,False,False,False,True,False
2018-02-09,2018-02-12,00631L,consensus4_else_base,consensus4_ultra_strict_stock_exception,base_hold,base_asset,00631L,00631L,00631L_reference,signal_date_interval_state_hold_approximation,base is continuously held between exceptions; interval rows decompose path for Experiments,1.527269959449768,1.5499999523162842,0.014882760396010886,1.527269959449768,1.5499999523162842,0.014882760396010886,0.8587551556939699,-0.12899329023609196,True,,benchmark_features_adjusted_close_exact_reference,False,,blocked_no_bear_cash_classifier,True,False,False,False,False,False,False,False,True,False
2018-02-12,2018-02-23,00631L,consensus4_else_base,consensus4_ultra_strict_stock_exception,base_hold,base_asset,00631L,00631L,00631L_reference,signal_date_interval_state_hold_approximation,base is continuously held between exceptions; interval rows decompose path for Experiments,1.5499999523162842,1.6504499912261963,0.06480647870975864,1.5499999523162842,1.6504499912261963,0.06480647870975864,0.9792145321181052,-0.0725464124437204,True,,benchmark_features_adjusted_close_exact_reference,False,,blocked_no_bear_cash_classifier,True,False,False,False,False,False,False,False,True,False
2018-02-23,2018-03-02,00631L,consensus4_else_base,consensus4_ultra_strict_stock_exception,base_hold,base_asset,00631L,00631L,00631L_reference,signal_date_interval_state_hold_approximation,base is continuously held between exceptions; interval rows decompose path for Experiments,1.6504499912261963,1.6159100532531738,-0.02092758832841768,1.6504499912261963,1.6159100532531738,-0.02092758832841768,0.9377943451763155,-0.09195577931781229,True,,benchmark_features_adjusted_close_exact_reference,False,,blocked_no_bear_cash_classifier,True,False,False,False,False,False,False,False,True,False
2018-03-02,2018-03-09,00631L,consensus4_else_base,consensus4_ultra_strict_stock_exception,base_hold,base_asset,00631L,00631L,00631L_reference,signal_date_interval_state_hold_approximation,base is continuously held between exceptions; interval rows decompose path for Experiments,1.6159100532531738,1.679550051689148,0.03938337923441537,1.6159100532531738,1.679550051689148,0.03938337923441537,1.0141112347507,-0.05619392941306656,True,,benchmark_features_adjusted_close_exact_reference,False,,blocked_no_bear_cash_classifier,True,False,False,False,False,False,False,False,True,False
2018-03-09,2018-03-16,00631L,consensus4_else_base,consensus4_ultra_strict_stock_exception,base_hold,base_asset,00631L,00631L,00631L_reference,signal_date_interval_state_hold_approximation,base is continuously held between exceptions; interval rows decompose path for Experiments,1.679550051689148,1.7181799411773682,0.023000141882862923,1.679550051689148,1.7181799411773682,0.023000141882862923,1.0604360789178342,-0.03448625587965981,True,,benchmark_features_adjusted_close_exact_reference,False,,blocked_no_bear_cash_classifier,True,False,False,False,False,False,False,False,True,False
2018-03-16,2018-03-23,00631L,consensus4_else_base,consensus4_ultra_strict_stock_exception,stock_exception,stock,6150,6150,stock,signal_date_interval_state_hold_approximation,base is continuously held between exceptions; interval rows decompose path for Experiments,1.7181799411773682,1.643180012702942,-0.04365079970787766,270.0,388.5,0.4388888888888889,1.9647385802206614,0.0,True,,official_unadjusted_ohlcv_tpex_trading_stock,True,0.4304828536757105,blocked_no_bear_cash_classifier,True,False,False,False,False,False,False,False,True,False
2018-03-23,2018-03-30,00631L,consensus4_else_base,consensus4_ultra_strict_stock_exception,base_hold,base_asset,00631L,00631L,00631L_reference,signal_date_interval_state_hold_approximation,base is continuously held between exceptions; interval rows decompose path for Experiments,1.643180012702942,1.6868200302124023,0.026558269436149695,1.643180012702942,1.6868200302124023,0.026558269436149695,2.0434769062419096,0.0,True,,benchmark_features_adjusted_close_exact_reference,False,,blocked_no_bear_cash_classifier,True,False,False,False,False,False,False,False,True,False
2018-03-30,2018-04-03,00631L,consensus4_else_base,consensus4_ultra_strict_stock_exception,base_hold,base_asset,00631L,00631L,00631L_reference,signal_date_interval_state_hold_approximation,base is continuously held between exceptions; interval rows decompose path for Experiments,1.6868200302124023,1.647729992866516,-0.023173804345306692,1.6868200302124023,1.647729992866516,-0.023173804345306692,1.9729479678872002,-0.023173804345306692,True,,benchmark_features_adjusted_close_exact_reference,False,,blocked_no_bear_cash_classifier,True,False,False,False,False,False,False,False,True,False
2018-04-03,2018-04-13,00631L,consensus4_else_base,consensus4_ultra_strict_stock_exception,base_hold,base_asset,00631L,00631L,00631L_reference,signal_date_interval_state_hold_approximation,base is continuously held between exceptions; interval rows decompose path for Experiments,1.647729992866516,1.688639998435974,0.024828100323820657,1.647729992866516,1.688639998435974,0.024828100323820657,2.0467606182914024,0.0,True,,benchmark_features_adjusted_close_exact_reference,False,,blocked_no_bear_cash_classifier,True,False,False,False,False,False,False,False,True,False
2018-04-13,2018-04-20,00631L,consensus4_else_base,consensus4_ultra_strict_stock_exception,base_hold,base_asset,00631L,00631L,00631L_reference,signal_date_interval_state_hold_approximation,base is continuously held between exceptions; interval rows decompose path for Experiments,1.688639998435974,1.6295499801635742,-0.034992667665771915,1.688639998435974,1.6295499801635742,-0.034992667665771915,1.9401463365183695,-0.034992667665771915,True,,benchmark_features_adjusted_close_exact_reference,False,,blocked_no_bear_cash_classifier,True,False,False,False,False,False,False,False,True,False
2018-04-20,2018-04-27,00631L,consensus4_else_base,consensus4_ultra_strict_stock_exception,base_hold,base_asset,00631L,00631L,00631L_reference,signal_date_interval_state_hold_approximation,base is continuously held between exceptions; interval rows decompose path for Experiments,1.6295499801635742,1.5609099864959717,-0.042122054863706904,1.6295499801635742,1.5609099864959717,-0.042122054863706904,1.8163013312242158,-0.07564075946223381,True,,benchmark_features_adjusted_close_exact_reference,False,,blocked_no_bear_cash_classifier,True,False,False,False,False,False,False,False,True,False
2018-04-27,2018-05-04,00631L,consensus4_else_base,consensus4_ultra_strict_stock_exception,base_hold,base_asset,00631L,00631L,00631L_reference,signal_date_interval_state_hold_approximation,base is continuously held between exceptions; interval rows decompose path for Experiments,1.5609099864959717,1.554550051689148,-0.004074504527388445,1.5609099864959717,1.554550051689148,-0.004074504527388445,1.8048262986996524,-0.07940706537273834,True,,benchmark_features_adjusted_close_exact_reference,False,,blocked_no_bear_cash_classifier,True,False,False,False,False,False,False,False,True,False
2018-05-04,2018-05-11,00631L,consensus4_else_base,consensus4_ultra_strict_stock_exception,base_hold,base_asset,00631L,00631L,00631L_reference,signal_date_interval_state_hold_approximation,base is continuously held between exceptions; interval rows decompose path for Experiments,1.554550051689148,1.6486400365829468,0.060525542288948575,1.554550051689148,1.6486400365829468,0.060525542288948575,1.9745899314547533,-0.023687678777048804,True,,benchmark_features_adjusted_close_exact_reference,False,,blocked_no_bear_cash_classifier,True,False,False,False,False,False,False,False,True,False
2018-05-11,2018-05-18,00631L,consensus4_else_base,consensus4_ultra_strict_stock_exception,base_hold,base_asset,00631L,00631L,00631L_reference,signal_date_interval_state_hold_approximation,base is continuously held between exceptions; interval rows decompose path for Experiments,1.6486400365829468,1.6377300024032593,-0.006617596283965188,1.6486400365829468,1.6377300024032593,-0.006617596283965188,1.9549052961780382,-0.030148519565963094,True,,benchmark_features_adjusted_close_exact_reference,False,,blocked_no_bear_cash_classifier,True,False,False,False,False,False,False,False,True,False
2018-05-18,2018-05-25,00631L,consensus4_else_base,consensus4_ultra_strict_stock_exception,stock_exception,stock,4190,4190,stock,signal_date_interval_state_hold_approximation,base is continuously held between exceptions; interval rows decompose path for Experiments,1.6377300024032593,1.6749999523162842,0.02275707830859397,112.0,133.0,0.1875,2.5089500392114203,0.0,True,,official_unadjusted_ohlcv_twse_stock_day,True,0.1805632534121061,blocked_no_bear_cash_classifier,True,False,False,False,False,False,False,False,True,False
2018-05-25,2018-06-01,00631L,consensus4_else_base,consensus4_ultra_strict_stock_exception,base_hold,base_asset,00631L,00631L,00631L_reference,signal_date_interval_state_hold_approximation,base is continuously held between exceptions; interval rows decompose path for Experiments,1.6749999523162842,1.6631799936294556,-0.0070566919542196516,1.6749999523162842,1.6631799936294556,-0.0070566919542196516,2.4841884597019583,-0.0070566919542196516,True,,benchmark_features_adjusted_close_exact_reference,False,,blocked_no_bear_cash_classifier,True,False,False,False,False,False,False,False,True,False
2018-06-01,2018-06-08,00631L,consensus4_else_base,consensus4_ultra_strict_stock_exception,base_hold,base_asset,00631L,00631L,00631L_reference,signal_date_interval_state_hold_approximation,base is continuously held between exceptions; interval rows decompose path for Experiments,1.6631799936294556,1.7209099531173706,0.034710590380500284,1.6631799936294556,1.7209099531173706,0.034710590380500284,2.6051266981351393,0.0,True,,benchmark_features_adjusted_close_exact_reference,False,,blocked_no_bear_cash_classifier,True,False,False,False,False,False,False,False,True,False
2018-06-08,2018-06-15,00631L,consensus4_else_base,consensus4_ultra_strict_stock_exception,stock_exception,stock,3090,3090,stock,signal_date_interval_state_hold_approximation,base is continuously held between exceptions; interval rows decompose path for Experiments,1.7209099531173706,1.7004499435424805,-0.011889064583435971,93.7,87.8,-0.0629669156883672,2.378122989287782,-0.06296691568836721,True,,official_unadjusted_ohlcv_twse_stock_day,True,-0.0684405717884136,blocked_no_bear_cash_classifier,True,False,False,False,False,False,False,False,True,False
2018-06-15,2018-06-22,00631L,consensus4_else_base,consensus4_ultra_strict_stock_exception,base_hold,base_asset,00631L,00631L,00631L_reference,signal_date_interval_state_hold_approximation,base is continuously held between exceptions; interval rows decompose path for Experiments,1.7004499435424805,1.6581799983978271,-0.02485809435624664,1.7004499435424805,1.6581799983978271,-0.02485809435624664,2.2941492892730606,-0.08625977251311057,True,,benchmark_features_adjusted_close_exact_reference,False,,blocked_no_bear_cash_classifier,True,False,False,False,False,False,False,False,True,False
2018-06-22,2018-06-29,00631L,consensus4_else_base,consensus4_ultra_strict_stock_exception,base_hold,base_asset,00631L,00631L,00631L_reference,signal_date_interval_state_hold_approximation,base is continuously held between exceptions; interval rows decompose path for Experiments,1.6581799983978271,1.6699999570846558,0.007128272381918377,1.6581799983978271,1.6699999570846558,0.007128272381918377,2.317630882673702,-0.07974638328526795,True,,benchmark_features_adjusted_close_exact_reference,False,,blocked_no_bear_cash_classifier,True,False,False,False,False,False,False,False,True,False
2018-06-29,2018-07-06,00631L,consensus4_else_base,consensus4_ultra_strict_stock_exception,stock_exception,stock,8163,8163,stock,signal_date_interval_state_hold_approximation,base is continuously held between exceptions; interval rows decompose path for Experiments,1.6699999570846558,1.6381800174713137,-0.01905385654553582,81.0,71.2,-0.1209876543209875,1.9162385042761438,-0.19108570975198835,True,,official_unadjusted_ohlcv_twse_stock_day,True,-0.1261232112006551,blocked_no_bear_cash_classifier,True,False,False,False,False,False,False,False,True,False
2018-07-06,2018-07-13,00631L,consensus4_else_base,consensus4_ultra_strict_stock_exception,base_hold,base_asset,00631L,00631L,00631L_reference,signal_date_interval_state_hold_approximation,base is continuously held between exceptions; interval rows decompose path for Experiments,1.6381800174713137,1.727270007133484,0.054383516287598965,1.6381800174713137,1.727270007133484,0.054383516287598965,2.074833808471969,-0.147094106273014,True,,benchmark_features_adjusted_close_exact_reference,False,,blocked_no_bear_cash_classifier,True,False,False,False,False,False,False,False,True,False
2018-07-13,2018-07-20,00631L,consensus4_else_base,consensus4_ultra_strict_stock_exception,base_hold,base_asset,00631L,00631L,00631L_reference,signal_date_interval_state_hold_approximation,base is continuously held between exceptions; interval rows decompose path for Experiments,1.727270007133484,1.7586400508880615,0.018161632880222323,1.727270007133484,1.7586400508880615,0.018161632880222323,2.1306778112691327,-0.1316039425497666,True,,benchmark_features_adjusted_close_exact_reference,False,,blocked_no_bear_cash_classifier,True,False,False,False,False,False,False,False,True,False
2018-07-20,2018-07-27,00631L,consensus4_else_base,consensus4_ultra_strict_stock_exception,base_hold,base_asset,00631L,00631L,00631L_reference,signal_date_interval_state_hold_approximation,base is continuously held between exceptions; interval rows decompose path for Experiments,1.7586400508880615,1.8272700309753416,0.039024461004754096,1.7586400508880615,1.8272700309753416,0.039024461004754096,2.252850825433454,-0.09771525446911766,True,,benchmark_features_adjusted_close_exact_reference,False,,blocked_no_bear_cash_classifier,True,False,False,False,False,False,False,False,True,False
2018-07-27,2018-08-03,00631L,consensus4_else_base,consensus4_ultra_strict_stock_exception,base_hold,base_asset,00631L,00631L,00631L_reference,signal_date_interval_state_hold_approximation,base is continuously held between exceptions; interval rows decompose path for Experiments,1.8272700309753416,1.8227299451828003,-0.0024846277318508747,1.8272700309753416,1.8227299451828003,-0.0024846277318508747,2.244768702065008,-0.09995709616988979,True,,benchmark_features_adjusted_close_exact_reference,False,,blocked_no_bear_cash_classifier,True,False,False,False,False,False,False,False,True,False
2018-08-03,2018-08-10,00631L,consensus4_else_base,consensus4_ultra_strict_stock_exception,base_hold,base_asset,00631L,00631L,00631L_reference,signal_date_interval_state_hold_approximation,base is continuously held between exceptions; interval rows decompose path for Experiments,1.8227299451828003,1.8240900039672847,0.0007461658201637356,1.8227299451828003,1.8240900039672847,0.0007461658201637356,2.247189837564826,-0.09928551491837079,True,,benchmark_features_adjusted_close_exact_reference,False,,blocked_no_bear_cash_classifier,True,False,False,False,False,False,False,False,True,False
2018-08-10,2018-08-17,00631L,consensus4_else_base,consensus4_ultra_strict_stock_exception,base_hold,base_asset,00631L,00631L,00631L_reference,signal_date_interval_state_hold_approximation,base is continuously held between exceptions; interval rows decompose path for Experiments,1.8240900039672847,1.7386399507522583,-0.04684530534632492,1.8240900039672847,1.7386399507522583,-0.04684530534632492,2.0950742381066187,-0.14147976000187745,True,,benchmark_features_adjusted_close_exact_reference,False,,blocked_no_bear_cash_classifier,True,False,False,False,False,False,False,False,True,False
2018-08-17,2018-08-24,00631L,consensus4_else_base,consensus4_ultra_strict_stock_exception,base_hold,base_asset,00631L,00631L,00631L_reference,signal_date_interval_state_hold_approximation,base is continuously held between exceptions; interval rows decompose path for Experiments,1.7386399507522583,1.784999966621399,0.026664529277083515,1.7386399507522583,1.784999966621399,0.026664529277083515,2.1776029357433595,-0.1185877219274788,True,,benchmark_features_adjusted_close_exact_reference,False,,blocked_no_bear_cash_classifier,True,False,False,False,False,False,False,False,True,False
2018-08-24,2018-08-31,00631L,consensus4_else_base,consensus4_ultra_strict_stock_exception,base_hold,base_asset,00631L,00631L,00631L_reference,signal_date_interval_state_hold_approximation,base is continuously held between exceptions; interval rows decompose path for Experiments,1.784999966621399,1.8572700023651123,0.04048741573956671,1.784999966621399,1.8572700023651123,0.04048741573956671,2.3062558668580686,-0.08290161658719808,True,,benchmark_features_adjusted_close_exact_reference,False,,blocked_no_bear_cash_classifier,True,False,False,False,False,False,False,False,True,False
2018-08-31,2018-09-07,00631L,consensus4_else_base,consensus4_ultra_strict_stock_exception,base_hold,base_asset,00631L,00631L,00631L_reference,signal_date_interval_state_hold_approximation,base is continuously held between exceptions; interval rows decompose path for Experiments,1.8572700023651123,1.8159099817276,-0.0222692557274079,1.8572700023651123,1.8159099817276,-0.0222692557274079,2.2326280094587636,-0.10332471501461016,True,,benchmark_features_adjusted_close_exact_reference,False,,blocked_no_bear_cash_classifier,True,False,False,False,False,False,False,False,True,False
2018-09-07,2018-09-14,00631L,consensus4_else_base,consensus4_ultra_strict_stock_exception,base_hold,base_asset,00631L,00631L,00631L_reference,signal_date_interval_state_hold_approximation,base is continuously held between exceptions; interval rows decompose path for Experiments,1.8159099817276,1.8450000286102293,0.016019542364624106,1.8159099817276,1.8450000286102293,0.016019542364624106,2.2844132308053586,-0.08896038729947531,True,,benchmark_features_adjusted_close_exact_reference,False,,blocked_no_bear_cash_classifier,True,False,False,False,False,False,False,False,True,False
2018-09-14,2018-09-21,00631L,consensus4_else_base,consensus4_ultra_strict_stock_exception,base_hold,base_asset,00631L,00631L,00631L_reference,signal_date_interval_state_hold_approximation,base is continuously held between exceptions; interval rows decompose path for Experiments,1.8450000286102293,1.848639965057373,0.001972865252411804,1.8450000286102293,1.848639965057373,0.001972865252411804,2.290892935542976,-0.08716302890400784,True,,benchmark_features_adjusted_close_exact_reference,False,,blocked_no_bear_cash_classifier,True,False,False,False,False,False,False,False,True,False
2018-09-21,2018-09-28,00631L,consensus4_else_base,consensus4_ultra_strict_stock_exception,base_hold,base_asset,00631L,00631L,00631L_reference,signal_date_interval_state_hold_approximation,base is continuously held between exceptions; interval rows decompose path for Experiments,1.848639965057373,1.850000023841858,0.0007357077690586245,1.848639965057373,1.850000023841858,0.0007357077690586245,2.293314071042795,-0.08649144765248862,True,,benchmark_features_adjusted_close_exact_reference,False,,blocked_no_bear_cash_classifier,True,False,False,False,False,False,False,False,True,False
2018-09-28,2018-10-05,00631L,consensus4_else_base,consensus4_ultra_strict_stock_exception,base_hold,base_asset,00631L,00631L,00631L_reference,signal_date_interval_state_hold_approximation,base is continuously held between exceptions; interval rows decompose path for Experiments,1.850000023841858,1.7168200016021729,-0.07198920028288047,1.850000023841858,1.7168200016021729,-0.07198920028288047,2.0562310247880666,-0.15225419778755778,True,,benchmark_features_adjusted_close_exact_reference,False,,blocked_no_bear_cash_classifier,True,False,False,False,False,False,False,False,True,False
2018-10-05,2018-10-12,00631L,consensus4_else_base,consensus4_ultra_strict_stock_exception,base_hold,base_asset,00631L,00631L,00631L_reference,signal_date_interval_state_hold_approximation,base is continuously held between exceptions; interval rows decompose path for Experiments,1.7168200016021729,1.5354499816894531,-0.10564300261149184,1.7168200016021729,1.5354499816894531,-0.10564300261149184,1.7333616026550587,-0.24181260978456798,True,,benchmark_features_adjusted_close_exact_reference,False,,blocked_no_bear_cash_classifier,True,False,False,False,False,False,False,False,True,False
2018-10-12,2018-10-19,00631L,consensus4_else_base,consensus4_ultra_strict_stock_exception,base_hold,base_asset,00631L,00631L,00631L_reference,signal_date_interval_state_hold_approximation,base is continuously held between exceptions; interval rows decompose path for Experiments,1.5354499816894531,1.5154500007629397,-0.013025485144431359,1.5354499816894531,1.5154500007629397,-0.013025485144431359,1.697758241705316,-0.2516883683725143,True,,benchmark_features_adjusted_close_exact_reference,False,,blocked_no_bear_cash_classifier,True,False,False,False,False,False,False,False,True,False
2018-10-19,2018-10-26,00631L,consensus4_else_base,consensus4_ultra_strict_stock_exception,base_hold,base_asset,00631L,00631L,00631L_reference,signal_date_interval_state_hold_approximation,base is continuously held between exceptions; interval rows decompose path for Experiments,1.5154500007629397,1.371359944343567,-0.09508070628976995,1.5154500007629397,1.371359944343567,-0.09508070628976995,1.4412534826849268,-0.3228383668325058,True,,benchmark_features_adjusted_close_exact_reference,False,,blocked_no_bear_cash_classifier,True,False,False,False,False,False,False,False,True,False
2018-10-26,2018-11-02,00631L,consensus4_else_base,consensus4_ultra_strict_stock_exception,base_hold,base_asset,00631L,00631L,00631L_reference,signal_date_interval_state_hold_approximation,base is continuously held between exceptions; interval rows decompose path for Experiments,1.371359944343567,1.4922699928283691,0.08816798899772338,1.371359944343567,1.4922699928283691,0.08816798899772338,1.6564938928869455,-0.26313438740971373,True,,benchmark_features_adjusted_close_exact_reference,False,,blocked_no_bear_cash_classifier,True,False,False,False,False,False,False,False,True,False
2018-11-02,2018-11-09,00631L,consensus4_else_base,consensus4_ultra_strict_stock_exception,base_hold,base_asset,00631L,00631L,00631L_reference,signal_date_interval_state_hold_approximation,base is continuously held between exceptions; interval rows decompose path for Experiments,1.4922699928283691,1.4645500183105469,-0.018575709925844786,1.4922699928283691,1.4645500183105469,-0.018575709925844786,1.6071476329128993,-0.27682218928352087,True,,benchmark_features_adjusted_close_exact_reference,False,,blocked_no_bear_cash_classifier,True,False,False,False,False,False,False,False,True,False
2018-11-09,2018-11-16,00631L,consensus4_else_base,consensus4_ultra_strict_stock_exception,stock_exception,stock,3563,3563,stock,signal_date_interval_state_hold_approximation,base is continuously held between exceptions; interval rows decompose path for Experiments,1.4645500183105469,1.4604500532150269,-0.0027994708574375915,370.0,401.0,0.0837837837837838,1.8255843264812772,-0.21623161595322127,True,,official_unadjusted_ohlcv_tpex_trading_stock,True,0.0774517686894767,blocked_no_bear_cash_classifier,True,False,False,False,False,False,False,False,True,False
2018-11-16,2018-11-23,00631L,consensus4_else_base,consensus4_ultra_strict_stock_exception,base_hold,base_asset,00631L,00631L,00631L_reference,signal_date_interval_state_hold_approximation,base is continuously held between exceptions; interval rows decompose path for Experiments,1.4604500532150269,1.418179988861084,-0.028943176975405494,1.4604500532150269,1.418179988861084,-0.028943176975405494,1.7438029392609975,-0.23891636300041486,True,,benchmark_features_adjusted_close_exact_reference,False,,blocked_no_bear_cash_classifier,True,False,False,False,False,False,False,False,True,False
2018-11-23,2018-11-30,00631L,consensus4_else_base,consensus4_ultra_strict_stock_exception,base_hold,base_asset,00631L,00631L,00631L_reference,signal_date_interval_state_hold_approximation,base is continuously held between exceptions; interval rows decompose path for Experiments,1.418179988861084,1.479550004005432,0.04327378444652363,1.418179988861084,1.479550004005432,0.04327378444652363,1.8625376762183157,-0.20598139374711855,True,,benchmark_features_adjusted_close_exact_reference,False,,blocked_no_bear_cash_classifier,True,False,False,False,False,False,False,False,True,False
2018-11-30,2018-12-07,00631L,consensus4_else_base,consensus4_ultra_strict_stock_exception,base_hold,base_asset,00631L,00631L,00631L_reference,signal_date_interval_state_hold_approximation,base is continuously held between exceptions; interval rows decompose path for Experiments,1.479550004005432,1.442729949951172,-0.024885981517745792,1.479550004005432,1.442729949951172,-0.024885981517745792,1.791300616514096,-0.22574132610707398,True,,benchmark_features_adjusted_close_exact_reference,False,,blocked_no_bear_cash_classifier,True,False,False,False,False,False,False,False,True,False
2018-12-07,2018-12-14,00631L,consensus4_else_base,consensus4_ultra_strict_stock_exception,base_hold,base_asset,00631L,00631L,00631L_reference,signal_date_interval_state_hold_approximation,base is continuously held between exceptions; interval rows decompose path for Experiments,1.442729949951172,1.4354499578475952,-0.0050459839028248465,1.442729949951172,1.4354499578475952,-0.0050459839028248465,1.7772157585352208,-0.22964822291216014,True,,benchmark_features_adjusted_close_exact_reference,False,,blocked_no_bear_cash_classifier,True,False,False,False,False,False,False,False,True,False
2018-12-14,2018-12-21,00631L,consensus4_else_base,consensus4_ultra_strict_stock_exception,base_hold,base_asset,00631L,00631L,00631L_reference,signal_date_interval_state_hold_approximation,base is continuously held between exceptions; interval rows decompose path for Experiments,1.4354499578475952,1.4236400127410889,-0.008227347140833063,1.4354499578475952,1.4236400127410889,-0.008227347140833063,1.7543666404047595,-0.23598617440281955,True,,benchmark_features_adjusted_close_exact_reference,False,,blocked_no_bear_cash_classifier,True,False,False,False,False,False,False,False,True,False
2018-12-21,2018-12-28,00631L,consensus4_else_base,consensus4_ultra_strict_stock_exception,base_hold,base_asset,00631L,00631L,00631L_reference,signal_date_interval_state_hold_approximation,base is continuously held between exceptions; interval rows decompose path for Experiments,1.4236400127410889,1.4245500564575195,0.0006392372427623805,1.4236400127410889,1.4245500564575195,0.0006392372427623805,1.7561273341415284,-0.23549778831151247,True,,benchmark_features_adjusted_close_exact_reference,False,,blocked_no_bear_cash_classifier,True,False,False,False,False,False,False,False,True,False
2018-12-28,2019-01-04,00631L,consensus4_else_base,consensus4_ultra_strict_stock_exception,base_hold,base_asset,00631L,00631L,00631L_reference,signal_date_interval_state_hold_approximation,base is continuously held between exceptions; interval rows decompose path for Experiments,1.4245500564575195,1.3350000381469729,-0.06286196676951739,1.4245500564575195,1.3350000381469729,-0.06286196676951739,1.582871749250165,-0.28355590093789673,True,,benchmark_features_adjusted_close_exact_reference,False,,blocked_no_bear_cash_classifier,True,False,False,False,False,False,False,False,True,False
2019-01-04,2019-01-11,00631L,consensus4_else_base,consensus4_ultra_strict_stock_exception,base_hold,base_asset,00631L,00631L,00631L_reference,signal_date_interval_state_hold_approximation,base is continuously held between exceptions; interval rows decompose path for Experiments,1.3350000381469729,1.4409099817276,0.0793332888047209,1.3350000381469729,1.4409099817276,0.0793332888047209,1.7877794596789829,-0.22671803431456483,True,,benchmark_features_adjusted_close_exact_reference,False,,blocked_no_bear_cash_classifier,True,False,False,False,False,False,False,False,True,False
2019-01-11,2019-01-18,00631L,consensus4_else_base,consensus4_ultra_strict_stock_exception,base_hold,base_asset,00631L,00631L,00631L_reference,signal_date_interval_state_hold_approximation,base is continuously held between exceptions; interval rows decompose path for Experiments,1.4409099817276,1.467270016670227,0.0182940192495733,1.4409099817276,1.467270016670227,0.0182940192495733,1.8387791507779152,-0.21257159914896762,True,,benchmark_features_adjusted_close_exact_reference,False,,blocked_no_bear_cash_classifier,True,False,False,False,False,False,False,False,True,False
2019-01-18,2019-01-25,00631L,consensus4_else_base,consensus4_ultra_strict_stock_exception,base_hold,base_asset,00631L,00631L,00631L_reference,signal_date_interval_state_hold_approximation,base is continuously held between exceptions; interval rows decompose path for Experiments,1.467270016670227,1.5127300024032593,0.03098269930997266,1.467270016670227,1.5127300024032593,0.03098269930997266,1.9267321916138869,-0.18817494177726746,True,,benchmark_features_adjusted_close_exact_reference,False,,blocked_no_bear_cash_classifier,True,False,False,False,False,False,False,False,True,False
2019-01-25,2019-01-30,00631L,consensus4_else_base,consensus4_ultra_strict_stock_exception,base_hold,base_asset,00631L,00631L,00631L_reference,signal_date_interval_state_hold_approximation,base is continuously held between exceptions; interval rows decompose path for Experiments,1.5127300024032593,1.4954500198364258,-0.011423044786168735,1.5127300024032593,1.4954500198364258,-0.011423044786168735,1.8932999987119596,-0.19744845577587977,True,,benchmark_features_adjusted_close_exact_reference,False,,blocked_no_bear_cash_classifier,True,False,False,False,False,False,False,False,True,False
2019-01-30,2019-02-15,00631L,consensus4_else_base,consensus4_ultra_strict_stock_exception,base_hold,base_asset,00631L,00631L,00631L_reference,signal_date_interval_state_hold_approximation,base is continuously held between exceptions; interval rows decompose path for Experiments,1.4954500198364258,1.527269959449768,0.021277835562048875,1.4954500198364258,1.527269959449768,0.021277835562048875,1.9548631603162288,-0.18037189598781067,True,,benchmark_features_adjusted_close_exact_reference,False,,blocked_no_bear_cash_classifier,True,False,False,False,False,False,False,False,True,False
2019-02-15,2019-02-22,00631L,consensus4_else_base,consensus4_ultra_strict_stock_exception,base_hold,base_asset,00631L,00631L,00631L_reference,signal_date_interval_state_hold_approximation,base is continuously held between exceptions; interval rows decompose path for Experiments,1.527269959449768,1.6059099435806274,0.05149055911450717,1.527269959449768,1.6059099435806274,0.05149055911450717,2.107010716547771,-0.13816878664625953,True,,benchmark_features_adjusted_close_exact_reference,False,,blocked_no_bear_cash_classifier,True,False,False,False,False,False,False,False,True,False
2019-02-22,2019-02-27,00631L,consensus4_else_base,consensus4_ultra_strict_stock_exception,base_hold,base_asset,00631L,00631L,00631L_reference,signal_date_interval_state_hold_approximation,base is continuously held between exceptions; interval rows decompose path for Experiments,1.6059099435806274,1.627269983291626,0.013300895107089872,1.6059099435806274,1.627269983291626,0.013300895107089872,2.148336740185177,-0.12670566007742545,True,,benchmark_features_adjusted_close_exact_reference,False,,blocked_no_bear_cash_classifier,True,False,False,False,False,False,False,False,True,False
2019-02-27,2019-03-08,00631L,consensus4_else_base,consensus4_ultra_strict_stock_exception,base_hold,base_asset,00631L,00631L,00631L_reference,signal_date_interval_state_hold_approximation,base is continuously held between exceptions; interval rows decompose path for Experiments,1.627269983291626,1.5750000476837158,-0.03212124364401969,1.627269983291626,1.5750000476837158,-0.03212124364401969,2.0472082486802705,-0.15475696034302178,True,,benchmark_features_adjusted_close_exact_reference,False,,blocked_no_bear_cash_classifier,True,False,False,False,False,False,False,False,True,False
2019-03-08,2019-03-15,00631L,consensus4_else_base,consensus4_ultra_strict_stock_exception,base_hold,base_asset,00631L,00631L,00631L_reference,signal_date_interval_state_hold_approximation,base is continuously held between exceptions; interval rows decompose path for Experiments,1.5750000476837158,1.640910029411316,0.04184760617914329,1.5750000476837158,1.640910029411316,0.04184760617914329,2.1747266194168793,-0.11938556249379462,True,,benchmark_features_adjusted_close_exact_reference,False,,blocked_no_bear_cash_classifier,True,False,False,False,False,False,False,False,True,False
2019-03-15,2019-03-22,00631L,consensus4_else_base,consensus4_ultra_strict_stock_exception,base_hold,base_asset,00631L,00631L,00631L_reference,signal_date_interval_state_hold_approximation,base is continuously held between exceptions; interval rows decompose path for Experiments,1.640910029411316,1.7054500579833984,0.03933185087255309,1.640910029411316,1.7054500579833984,0.03933185087255309,2.2995944933729087,-0.08474936676158329,True,,benchmark_features_adjusted_close_exact_reference,False,,blocked_no_bear_cash_classifier,True,False,False,False,False,False,False,False,True,False
2019-03-22,2019-03-29,00631L,consensus4_else_base,consensus4_ultra_strict_stock_exception,base_hold,base_asset,00631L,00631L,00631L_reference,signal_date_interval_state_hold_approximation,base is continuously held between exceptions; interval rows decompose path for Experiments,1.7054500579833984,1.6968200206756592,-0.005060269731934408,1.7054500579833984,1.6968200206756592,-0.005060269731934408,2.2828976552304363,-0.08938078183809339,True,,benchmark_features_adjusted_close_exact_reference,False,,blocked_no_bear_cash_classifier,True,False,False,False,False,False,False,False,True,False
2019-03-29,2019-04-03,00631L,consensus4_else_base,consensus4_ultra_strict_stock_exception,base_hold,base_asset,00631L,00631L,00631L_reference,signal_date_interval_state_hold_approximation,base is continuously held between exceptions; interval rows decompose path for Experiments,1.6968200206756592,1.73363995552063,0.021699375535603194,1.6968200206756592,1.73363995552063,0.021699375535603194,2.3541344842962326,-0.06962091345326082,True,,benchmark_features_adjusted_close_exact_reference,False,,blocked_no_bear_cash_classifier,True,False,False,False,False,False,False,False,True,False
2019-04-03,2019-04-12,00631L,consensus4_else_base,consensus4_ultra_strict_stock_exception,base_hold,base_asset,00631L,00631L,00631L_reference,signal_date_interval_state_hold_approximation,base is continuously held between exceptions; interval rows decompose path for Experiments,1.73363995552063,1.7722699642181396,0.022282601744667563,1.73363995552063,1.7722699642181396,0.022282601744667563,2.4288733272078615,-0.04888964679617225,True,,benchmark_features_adjusted_close_exact_reference,False,,blocked_no_bear_cash_classifier,True,False,False,False,False,False,False,False,True,False
2019-04-12,2019-04-19,00631L,consensus4_else_base,consensus4_ultra_strict_stock_exception,base_hold,base_asset,00631L,00631L,00631L_reference,signal_date_interval_state_hold_approximation,base is continuously held between exceptions; interval rows decompose path for Experiments,1.7722699642181396,1.8345500230789185,0.03514140628583884,1.7722699642181396,1.8345500230789185,0.03514140628583884,2.549368757901949,-0.015466291451568859,True,,benchmark_features_adjusted_close_exact_reference,False,,blocked_no_bear_cash_classifier,True,False,False,False,False,False,False,False,True,False
2019-04-19,2019-04-26,00631L,consensus4_else_base,consensus4_ultra_strict_stock_exception,base_hold,base_asset,00631L,00631L,00631L_reference,signal_date_interval_state_hold_approximation,base is continuously held between exceptions; interval rows decompose path for Experiments,1.8345500230789185,1.8218200206756592,-0.006939032592796046,1.8345500230789185,1.8218200206756592,-0.006939032592796046,2.5247395724070154,-0.022298002943892836,True,,benchmark_features_adjusted_close_exact_reference,False,,blocked_no_bear_cash_classifier,True,False,False,False,False,False,False,False,True,False
2019-04-26,2019-05-03,00631L,consensus4_else_base,consensus4_ultra_strict_stock_exception,base_hold,base_asset,00631L,00631L,00631L_reference,signal_date_interval_state_hold_approximation,base is continuously held between exceptions; interval rows decompose path for Experiments,1.8218200206756592,1.880910038948059,0.0324346080303175,1.8218200206756592,1.880910038948059,0.0324346080303175,2.6390631188469857,0.0,True,,benchmark_features_adjusted_close_exact_reference,False,,blocked_no_bear_cash_classifier,True,False,False,False,False,False,False,False,True,False
2019-05-03,2019-05-10,00631L,consensus4_else_base,consensus4_ultra_strict_stock_exception,base_hold,base_asset,00631L,00631L,00631L_reference,signal_date_interval_state_hold_approximation,base is continuously held between exceptions; interval rows decompose path for Experiments,1.880910038948059,1.7640899419784546,-0.062108285112316586,1.880910038948059,1.7640899419784546,-0.062108285112316586,2.413047149119921,-0.062108285112316586,True,,benchmark_features_adjusted_close_exact_reference,False,,blocked_no_bear_cash_classifier,True,False,False,False,False,False,False,False,True,False
2019-05-10,2019-05-17,00631L,consensus4_else_base,consensus4_ultra_strict_stock_exception,base_hold,base_asset,00631L,00631L,00631L_reference,signal_date_interval_state_hold_approximation,base is continuously held between exceptions; interval rows decompose path for Experiments,1.7640899419784546,1.6554499864578247,-0.06158413635009363,1.7640899419784546,1.6554499864578247,-0.06158413635009363,2.2028575881192216,-0.11986753636358283,True,,benchmark_features_adjusted_close_exact_reference,False,,blocked_no_bear_cash_classifier,True,False,False,False,False,False,False,False,True,False
2019-05-17,2019-05-24,00631L,consensus4_else_base,consensus4_ultra_strict_stock_exception,base_hold,base_asset,00631L,00631L,00631L_reference,signal_date_interval_state_hold_approximation,base is continuously held between exceptions; interval rows decompose path for Experiments,1.6554499864578247,1.6186399459838867,-0.022235670527685714,1.6554499864578247,1.6186399459838867,-0.022235670527685714,2.1316399020427044,-0.13943787184572254,True,,benchmark_features_adjusted_close_exact_reference,False,,blocked_no_bear_cash_classifier,True,False,False,False,False,False,False,False,True,False
2019-05-24,2019-05-31,00631L,consensus4_else_base,consensus4_ultra_strict_stock_exception,stock_exception,stock,2633,2633,stock,signal_date_interval_state_hold_approximation,base is continuously held between exceptions; interval rows decompose path for Experiments,1.6186399459838867,1.6586400270462036,0.02471215489372036,42.95,43.5,0.0128055878928987,2.171742392057221,-0.12841786787634302,True,,official_unadjusted_ohlcv_twse_stock_day,True,0.0068895448901917,blocked_no_bear_cash_classifier,True,False,False,False,False,False,False,False,True,False
2019-05-31,2019-06-06,00631L,consensus4_else_base,consensus4_ultra_strict_stock_exception,base_hold,base_asset,00631L,00631L,00631L_reference,signal_date_interval_state_hold_approximation,base is continuously held between exceptions; interval rows decompose path for Experiments,1.6586400270462036,1.6295499801635742,-0.017538493228355656,1.6586400270462036,1.6295499801635742,-0.017538493228355656,2.116114809592037,-0.14370410519854948,True,,benchmark_features_adjusted_close_exact_reference,False,,blocked_no_bear_cash_classifier,True,False,False,False,False,False,False,False,True,False
2019-06-06,2019-06-14,00631L,consensus4_else_base,consensus4_ultra_strict_stock_exception,base_hold,base_asset,00631L,00631L,00631L_reference,signal_date_interval_state_hold_approximation,base is continuously held between exceptions; interval rows decompose path for Experiments,1.6295499801635742,1.6799999475479126,0.030959447699342224,1.6295499801635742,1.6799999475479126,0.030959447699342224,2.2125880030647473,-0.11719365722828257,True,,benchmark_features_adjusted_close_exact_reference,False,,blocked_no_bear_cash_classifier,True,False,False,False,False,False,False,False,True,False
2019-06-14,2019-06-21,00631L,consensus4_else_base,consensus4_ultra_strict_stock_exception,base_hold,base_asset,00631L,00631L,00631L_reference,signal_date_interval_state_hold_approximation,base is continuously held between exceptions; interval rows decompose path for Experiments,1.6799999475479126,1.7613600492477417,0.048428633476197636,1.6799999475479126,1.7613600492477417,0.048428633476197636,2.3681692499751996,-0.07444055242372849,True,,benchmark_features_adjusted_close_exact_reference,False,,blocked_no_bear_cash_classifier,True,False,False,False,False,False,False,False,True,False
2019-06-21,2019-06-28,00631L,consensus4_else_base,consensus4_ultra_strict_stock_exception,base_hold,base_asset,00631L,00631L,00631L_reference,signal_date_interval_state_hold_approximation,base is continuously held between exceptions; interval rows decompose path for Experiments,1.7613600492477417,1.7613600492477417,0.0,1.7613600492477417,1.7613600492477417,0.0,2.3681692499751996,-0.07444055242372849,True,,benchmark_features_adjusted_close_exact_reference,False,,blocked_no_bear_cash_classifier,True,False,False,False,False,False,False,False,True,False
2019-06-28,2019-07-05,00631L,consensus4_else_base,consensus4_ultra_strict_stock_exception,base_hold,base_asset,00631L,00631L,00631L_reference,signal_date_interval_state_hold_approximation,base is continuously held between exceptions; interval rows decompose path for Experiments,1.7613600492477417,1.806820034980774,0.025809592849825203,1.7613600492477417,1.806820034980774,0.025809592849825203,2.4551003269663605,-0.050552239923475906,True,,benchmark_features_adjusted_close_exact_reference,False,,blocked_no_bear_cash_classifier,True,False,False,False,False,False,False,False,True,False
2019-07-05,2019-07-12,00631L,consensus4_else_base,consensus4_ultra_strict_stock_exception,base_hold,base_asset,00631L,00631L,00631L_reference,signal_date_interval_state_hold_approximation,base is continuously held between exceptions; interval rows decompose path for Experiments,1.806820034980774,1.837730050086975,0.01710741219809986,1.806820034980774,1.837730050086975,0.01710741219809986,2.5142081524455637,-0.034309645731284144,True,,benchmark_features_adjusted_close_exact_reference,False,,blocked_no_bear_cash_classifier,True,False,False,False,False,False,False,False,True,False
2019-07-12,2019-07-19,00631L,consensus4_else_base,consensus4_ultra_strict_stock_exception,base_hold,base_asset,00631L,00631L,00631L_reference,signal_date_interval_state_hold_approximation,base is continuously held between exceptions; interval rows decompose path for Experiments,1.837730050086975,1.8681800365448,0.01656934676362498,1.837730050086975,1.8681800365448,0.01656934676362498,2.572436285922992,-0.018308787385117986,True,,benchmark_features_adjusted_close_exact_reference,False,,blocked_no_bear_cash_classifier,True,False,False,False,False,False,False,False,True,False
2019-07-19,2019-07-26,00631L,consensus4_else_base,consensus4_ultra_strict_stock_exception,base_hold,base_asset,00631L,00631L,00631L_reference,signal_date_interval_state_hold_approximation,base is continuously held between exceptions; interval rows decompose path for Experiments,1.8681800365448,1.8818199634552,0.007301184384577386,1.8681800365448,1.8818199634552,0.007301184384577386,2.5985193019486705,-0.011141278833097346,True,,benchmark_features_adjusted_close_exact_reference,False,,blocked_no_bear_cash_classifier,True,False,False,False,False,False,False,False,True,False
2019-07-26,2019-08-02,00631L,consensus4_else_base,consensus4_ultra_strict_stock_exception,base_hold,base_asset,00631L,00631L,00631L_reference,signal_date_interval_state_hold_approximation,base is continuously held between exceptions; interval rows decompose path for Experiments,1.8818199634552,1.7786400318145752,-0.054829863453662475,1.8818199634552,1.7786400318145752,-0.054829863453662475,2.401212979987456,-0.06536026748964197,True,,benchmark_features_adjusted_close_exact_reference,False,,blocked_no_bear_cash_classifier,True,False,False,False,False,False,False,False,True,False
2019-08-02,2019-08-08,00631L,consensus4_else_base,consensus4_ultra_strict_stock_exception,base_hold,base_asset,00631L,00631L,00631L_reference,signal_date_interval_state_hold_approximation,base is continuously held between exceptions; interval rows decompose path for Experiments,1.7786400318145752,1.7699999809265137,-0.004857672566408455,1.7786400318145752,1.7699999809265137,-0.004857672566408455,2.384691001002059,-0.06990044127773276,True,,benchmark_features_adjusted_close_exact_reference,False,,blocked_no_bear_cash_classifier,True,False,False,False,False,False,False,False,True,False
2019-08-08,2019-08-16,00631L,consensus4_else_base,consensus4_ultra_strict_stock_exception,base_hold,base_asset,00631L,00631L,00631L_reference,signal_date_interval_state_hold_approximation,base is continuously held between exceptions; interval rows decompose path for Experiments,1.7699999809265137,1.7545499801635742,-0.008728814084422831,1.7699999809265137,1.7545499801635742,-0.008728814084422831,2.355146662521093,-0.07801910740582318,True,,benchmark_features_adjusted_close_exact_reference,False,,blocked_no_bear_cash_classifier,True,False,False,False,False,False,False,False,True,False
2019-08-16,2019-08-23,00631L,consensus4_else_base,consensus4_ultra_strict_stock_exception,base_hold,base_asset,00631L,00631L,00631L_reference,signal_date_interval_state_hold_approximation,base is continuously held between exceptions; interval rows decompose path for Experiments,1.7545499801635742,1.788640022277832,0.019429507565854376,1.7545499801635742,1.788640022277832,0.019429507565854376,2.420335509985098,-0.060105472677591365,True,,benchmark_features_adjusted_close_exact_reference,False,,blocked_no_bear_cash_classifier,True,False,False,False,False,False,False,False,True,False
2019-08-23,2019-08-30,00631L,consensus4_else_base,consensus4_ultra_strict_stock_exception,base_hold,base_asset,00631L,00631L,00631L_reference,signal_date_interval_state_hold_approximation,base is continuously held between exceptions; interval rows decompose path for Experiments,1.788640022277832,1.8163599967956543,0.015497793951027017,1.788640022277832,1.8163599967956543,0.015497793951027017,2.4733431649622277,-0.0455391809574508,True,,benchmark_features_adjusted_close_exact_reference,False,,blocked_no_bear_cash_classifier,True,False,False,False,False,False,False,False,True,False
2019-08-30,2019-09-06,00631L,consensus4_else_base,consensus4_ultra_strict_stock_exception,base_hold,base_asset,00631L,00631L,00631L_reference,signal_date_interval_state_hold_approximation,base is continuously held between exceptions; interval rows decompose path for Experiments,1.8163599967956543,1.8849999904632568,0.03778986202553147,1.8163599967956543,1.8849999904632568,0.03778986202553147,2.604600323933473,-0.009470238297057065,True,,benchmark_features_adjusted_close_exact_reference,False,,blocked_no_bear_cash_classifier,True,False,False,False,False,False,False,False,True,False
2019-09-06,2019-09-12,00631L,consensus4_else_base,consensus4_ultra_strict_stock_exception,base_hold,base_asset,00631L,00631L,00631L_reference,signal_date_interval_state_hold_approximation,base is continuously held between exceptions; interval rows decompose path for Experiments,1.8849999904632568,1.9054499864578247,0.010848804296037295,1.8849999904632568,1.9054499864578247,0.010848804296037295,2.6437059274132597,0.0,True,,benchmark_features_adjusted_close_exact_reference,False,,blocked_no_bear_cash_classifier,True,False,False,False,False,False,False,False,True,False
2019-09-12,2019-09-20,00631L,consensus4_else_base,consensus4_ultra_strict_stock_exception,stock_exception,stock,3661,3661,stock,signal_date_interval_state_hold_approximation,base is continuously held between exceptions; interval rows decompose path for Experiments,1.9054499864578247,1.940000057220459,0.018132237008677388,132.5,164.0,0.2377358490566037,3.5099454497794307,0.0,True,,official_unadjusted_ohlcv_twse_stock_day,True,0.2305052164339514,blocked_no_bear_cash_classifier,True,False,False,False,False,False,False,False,True,False
2019-09-20,2019-09-27,00631L,consensus4_else_base,consensus4_ultra_strict_stock_exception,base_hold,base_asset,00631L,00631L,00631L_reference,signal_date_interval_state_hold_approximation,base is continuously held between exceptions; interval rows decompose path for Experiments,1.940000057220459,1.917269945144653,-0.01171655227081414,1.940000057220459,1.917269945144653,-0.01171655227081414,3.457104438178569,-0.011716552270814251,True,,benchmark_features_adjusted_close_exact_reference,False,,blocked_no_bear_cash_classifier,True,False,False,False,False,False,False,False,True,False
2019-09-27,2019-10-04,00631L,consensus4_else_base,consensus4_ultra_strict_stock_exception,base_hold,base_asset,00631L,00631L,00631L_reference,signal_date_interval_state_hold_approximation,base is continuously held between exceptions; interval rows decompose path for Experiments,1.917269945144653,1.945449948310852,0.014697984098464012,1.917269945144653,1.945449948310852,0.014697984098464012,3.5226148883361112,0.0,True,,benchmark_features_adjusted_close_exact_reference,False,,blocked_no_bear_cash_classifier,True,False,False,False,False,False,False,False,True,False
2019-10-04,2019-10-09,00631L,consensus4_else_base,consensus4_ultra_strict_stock_exception,base_hold,base_asset,00631L,00631L,00631L_reference,signal_date_interval_state_hold_approximation,base is continuously held between exceptions; interval rows decompose path for Experiments,1.945449948310852,1.9600000381469729,0.007479035813156676,1.945449948310852,1.9600000381469729,0.007479035813156676,3.556439687055093,0.0,True,,benchmark_features_adjusted_close_exact_reference,False,,blocked_no_bear_cash_classifier,True,False,False,False,False,False,False,False,True,False
2019-10-09,2019-10-18,00631L,consensus4_else_base,consensus4_ultra_strict_stock_exception,base_hold,base_asset,00631L,00631L,00631L_reference,signal_date_interval_state_hold_approximation,base is continuously held between exceptions; interval rows decompose path for Experiments,1.9600000381469729,2.0604500770568848,0.051250018854529955,1.9600000381469729,2.0604500770568848,0.051250018854529955,3.789957306926195,0.0,True,,benchmark_features_adjusted_close_exact_reference,False,,blocked_no_bear_cash_classifier,True,False,False,False,False,False,False,False,True,False
2019-10-18,2019-10-25,00631L,consensus4_else_base,consensus4_ultra_strict_stock_exception,base_hold,base_asset,00631L,00631L,00631L_reference,signal_date_interval_state_hold_approximation,base is continuously held between exceptions; interval rows decompose path for Experiments,2.0604500770568848,2.1013600826263428,0.019854888029072315,2.0604500770568848,2.1013600826263428,0.019854888029072315,3.8850613729192514,0.0,True,,benchmark_features_adjusted_close_exact_reference,False,,blocked_no_bear_cash_classifier,True,False,False,False,False,False,False,False,True,False
2019-10-25,2019-11-01,00631L,consensus4_else_base,consensus4_ultra_strict_stock_exception,base_hold,base_asset,00631L,00631L,00631L_reference,signal_date_interval_state_hold_approximation,base is continuously held between exceptions; interval rows decompose path for Experiments,2.1013600826263428,2.149549961090088,0.022932708611993702,2.1013600826263428,2.149549961090088,0.022932708611993702,3.997089061936115,0.0,True,,benchmark_features_adjusted_close_exact_reference,False,,blocked_no_bear_cash_classifier,True,False,False,False,False,False,False,False,True,False
2019-11-01,2019-11-08,00631L,consensus4_else_base,consensus4_ultra_strict_stock_exception,base_hold,base_asset,00631L,00631L,00631L_reference,signal_date_interval_state_hold_approximation,base is continuously held between exceptions; interval rows decompose path for Experiments,2.149549961090088,2.2440900802612305,0.043981354647462556,2.149549961090088,2.2440900802612305,0.043981354647462556,4.216867808174083,0.0,True,,benchmark_features_adjusted_close_exact_reference,False,,blocked_no_bear_cash_classifier,True,False,False,False,False,False,False,False,True,False
2019-11-08,2019-11-15,00631L,consensus4_else_base,consensus4_ultra_strict_stock_exception,base_hold,base_asset,00631L,00631L,00631L_reference,signal_date_interval_state_hold_approximation,base is continuously held between exceptions; interval rows decompose path for Experiments,2.2440900802612305,2.2272698879241943,-0.007495328500840781,2.2440900802612305,2.2272698879241943,-0.007495328500840781,4.177765670206357,-0.007495328500840781,True,,benchmark_features_adjusted_close_exact_reference,False,,blocked_no_bear_cash_classifier,True,False,False,False,False,False,False,False,True,False
2019-11-15,2019-11-22,00631L,consensus4_else_base,consensus4_ultra_strict_stock_exception,base_hold,base_asset,00631L,00631L,00631L_reference,signal_date_interval_state_hold_approximation,base is continuously held between exceptions; interval rows decompose path for Experiments,2.2272698879241943,2.2395501136779785,0.005513577775358547,2.2272698879241943,2.2395501136779785,0.005513577775358547,4.206313683931621,-0.0020230768021234358,True,,benchmark_features_adjusted_close_exact_reference,False,,blocked_no_bear_cash_classifier,True,False,False,False,False,False,False,False,True,False
2019-11-22,2019-11-29,00631L,consensus4_else_base,consensus4_ultra_strict_stock_exception,base_hold,base_asset,00631L,00631L,00631L_reference,signal_date_interval_state_hold_approximation,base is continuously held between exceptions; interval rows decompose path for Experiments,2.2395501136779785,2.199090003967285,-0.01806617742714689,2.2395501136779785,2.199090003967285,-0.01806617742714689,4.11225549717633,-0.020052704964814483,True,,benchmark_features_adjusted_close_exact_reference,False,,blocked_no_bear_cash_classifier,True,False,False,False,False,False,False,False,True,False
2019-11-29,2019-12-06,00631L,consensus4_else_base,consensus4_ultra_strict_stock_exception,base_hold,base_asset,00631L,00631L,00631L_reference,signal_date_interval_state_hold_approximation,base is continuously held between exceptions; interval rows decompose path for Experiments,2.199090003967285,2.259999990463257,0.02769781427139706,2.199090003967285,2.259999990463257,0.02769781427139706,4.253853800445048,0.0,True,,benchmark_features_adjusted_close_exact_reference,False,,blocked_no_bear_cash_classifier,True,False,False,False,False,False,False,False,True,False
2019-12-06,2019-12-13,00631L,consensus4_else_base,consensus4_ultra_strict_stock_exception,stock_exception,stock,8040,8040,stock,signal_date_interval_state_hold_approximation,base is continuously held between exceptions; interval rows decompose path for Experiments,2.259999990463257,2.42044997215271,0.07099556741881408,24.9,25.7,0.0321285140562248,4.422652316121997,0.0,True,,official_unadjusted_ohlcv_tpex_trading_stock,True,0.0260992261902978,blocked_no_bear_cash_classifier,True,False,False,False,False,False,False,False,True,False
2019-12-13,2019-12-20,00631L,consensus4_else_base,consensus4_ultra_strict_stock_exception,base_hold,base_asset,00631L,00631L,00631L_reference,signal_date_interval_state_hold_approximation,base is continuously held between exceptions; interval rows decompose path for Experiments,2.42044997215271,2.4340898990631104,0.005635285615207097,2.42044997215271,2.4340898990631104,0.005635285615207097,4.453210510715309,0.0,True,,benchmark_features_adjusted_close_exact_reference,False,,blocked_no_bear_cash_classifier,True,False,False,False,False,False,False,False,True,False
2019-12-20,2019-12-27,00631L,consensus4_else_base,consensus4_ultra_strict_stock_exception,base_hold,base_asset,00631L,00631L,00631L_reference,signal_date_interval_state_hold_approximation,base is continuously held between exceptions; interval rows decompose path for Experiments,2.4340898990631104,2.4795498847961426,0.01867637910601827,2.4340898990631104,2.4795498847961426,0.01867637910601827,4.555056737558351,0.0,True,,benchmark_features_adjusted_close_exact_reference,False,,blocked_no_bear_cash_classifier,True,False,False,False,False,False,False,False,True,False
2019-12-27,2020-01-03,00631L,consensus4_else_base,consensus4_ultra_strict_stock_exception,base_hold,base_asset,00631L,00631L,00631L_reference,signal_date_interval_state_hold_approximation,base is continuously held between exceptions; interval rows decompose path for Experiments,2.4795498847961426,2.463639974594116,-0.006416450945222474,2.4795498847961426,2.463639974594116,-0.006416450945222474,4.5194129885038805,-0.006416450945222363,True,,benchmark_features_adjusted_close_exact_reference,False,,blocked_no_bear_cash_classifier,True,False,False,False,False,False,False,False,True,False
2020-01-03,2020-01-10,00631L,consensus4_else_base,consensus4_ultra_strict_stock_exception,base_hold,base_asset,00631L,00631L,00631L_reference,signal_date_interval_state_hold_approximation,base is continuously held between exceptions; interval rows decompose path for Experiments,2.463639974594116,2.4409101009368896,-0.00922613445618059,2.463639974594116,2.4409101009368896,-0.00922613445618059,4.4684901421527545,-0.015583386362250762,True,,benchmark_features_adjusted_close_exact_reference,False,,blocked_no_bear_cash_classifier,True,False,False,False,False,False,False,False,True,False
2020-01-10,2020-01-17,00631L,consensus4_else_base,consensus4_ultra_strict_stock_exception,stock_exception,stock,3260,3260,stock,signal_date_interval_state_hold_approximation,base is continuously held between exceptions; interval rows decompose path for Experiments,2.4409101009368896,2.463639974594116,0.009312048669265716,73.0,75.1,0.0287671232876711,4.625802872269477,0.0,True,,official_unadjusted_ohlcv_tpex_trading_stock,True,0.0227574175212381,blocked_no_bear_cash_classifier,True,False,False,False,False,False,False,False,True,False
2020-01-17,2020-01-20,00631L,consensus4_else_base,consensus4_ultra_strict_stock_exception,base_hold,base_asset,00631L,00631L,00631L_reference,signal_date_interval_state_hold_approximation,base is continuously held between exceptions; interval rows decompose path for Experiments,2.463639974594116,2.481820106506348,0.007379378521095381,2.463639974594116,2.481820106506348,0.007379378521095381,4.66731780114902,0.0,True,,benchmark_features_adjusted_close_exact_reference,False,,blocked_no_bear_cash_classifier,True,False,False,False,False,False,False,False,True,False
2020-01-20,2020-01-31,00631L,consensus4_else_base,consensus4_ultra_strict_stock_exception,base_hold,base_asset,00631L,00631L,00631L_reference,signal_date_interval_state_hold_approximation,base is continuously held between exceptions; interval rows decompose path for Experiments,2.481820106506348,2.221359968185425,-0.1049472270927696,2.481820106506348,2.221359968185425,-0.1049472270927696,4.0725485128649375,-0.10494722709276971,True,,benchmark_features_adjusted_close_exact_reference,False,,blocked_no_bear_cash_classifier,True,False,False,False,False,False,False,False,True,False
2020-01-31,2020-02-07,00631L,consensus4_else_base,consensus4_ultra_strict_stock_exception,base_hold,base_asset,00631L,00631L,00631L_reference,signal_date_interval_state_hold_approximation,base is continuously held between exceptions; interval rows decompose path for Experiments,2.221359968185425,2.266819953918457,0.020464934267347745,2.221359968185425,2.266819953918457,0.020464934267347745,4.176357884748651,-0.0866300309294159,True,,benchmark_features_adjusted_close_exact_reference,False,,blocked_no_bear_cash_classifier,True,False,False,False,False,False,False,False,True,False
2020-02-07,2020-02-14,00631L,consensus4_else_base,consensus4_ultra_strict_stock_exception,base_hold,base_asset,00631L,00631L,00631L_reference,signal_date_interval_state_hold_approximation,base is continuously held between exceptions; interval rows decompose path for Experiments,2.266819953918457,2.356820106506348,0.03970326466921881,2.266819953918457,2.356820106506348,0.03970326466921881,4.381876191869424,-0.050366261306490356,True,,benchmark_features_adjusted_close_exact_reference,False,,blocked_no_bear_cash_classifier,True,False,False,False,False,False,False,False,True,False
2020-02-14,2020-02-21,00631L,consensus4_else_base,consensus4_ultra_strict_stock_exception,base_hold,base_asset,00631L,00631L,00631L_reference,signal_date_interval_state_hold_approximation,base is continuously held between exceptions; interval rows decompose path for Experiments,2.356820106506348,2.299999952316284,-0.02410882104798895,2.356820106506348,2.299999952316284,-0.02410882104798895,4.252125501857211,-0.07326081117378491,True,,benchmark_features_adjusted_close_exact_reference,False,,blocked_no_bear_cash_classifier,True,False,False,False,False,False,False,False,True,False
2020-02-21,2020-02-27,00631L,consensus4_else_base,consensus4_ultra_strict_stock_exception,stock_exception,stock,3706,3706,stock,signal_date_interval_state_hold_approximation,base is continuously held between exceptions; interval rows decompose path for Experiments,2.299999952316284,2.1481800079345703,-0.06600867283880552,34.2,34.05,-0.0043859649122808,4.22908986369117,-0.0773254567388123,True,,official_unadjusted_ohlcv_twse_stock_day,True,-0.0102025786330082,blocked_no_bear_cash_classifier,True,False,False,False,False,False,False,False,True,False
2020-02-27,2020-03-06,00631L,consensus4_else_base,consensus4_ultra_strict_stock_exception,base_hold,base_asset,00631L,00631L,00631L_reference,signal_date_interval_state_hold_approximation,base is continuously held between exceptions; interval rows decompose path for Experiments,2.1481800079345703,2.142729997634888,-0.0025370361327039515,2.1481800079345703,2.142729997634888,-0.0025370361327039515,4.2158234737658296,-0.0796663153937921,True,,benchmark_features_adjusted_close_exact_reference,False,,blocked_no_bear_cash_classifier,True,False,False,False,False,False,False,False,True,False
2020-03-06,2020-03-13,00631L,consensus4_else_base,consensus4_ultra_strict_stock_exception,base_hold,base_asset,00631L,00631L,00631L_reference,signal_date_interval_state_hold_approximation,base is continuously held between exceptions; interval rows decompose path for Experiments,2.142729997634888,1.7109099626541138,-0.2015279738732414,2.142729997634888,1.7109099626541138,-0.2015279738732414,3.1646891370173105,-0.2651392981397759,True,,benchmark_features_adjusted_close_exact_reference,False,,blocked_no_bear_cash_classifier,True,False,False,False,False,False,False,False,True,False
2020-03-13,2020-03-20,00631L,consensus4_else_base,consensus4_ultra_strict_stock_exception,base_hold,base_asset,00631L,00631L,00631L_reference,signal_date_interval_state_hold_approximation,base is continuously held between exceptions; interval rows decompose path for Experiments,1.7109099626541138,1.3840899467468262,-0.19102116595328933,1.7109099626541138,1.3840899467468262,-0.19102116595328933,2.3691453622312655,-0.4055132462223685,True,,benchmark_features_adjusted_close_exact_reference,False,,blocked_no_bear_cash_classifier,True,False,False,False,False,False,False,False,True,False
2020-03-20,2020-03-27,00631L,consensus4_else_base,consensus4_ultra_strict_stock_exception,base_hold,base_asset,00631L,00631L,00631L_reference,signal_date_interval_state_hold_approximation,base is continuously held between exceptions; interval rows decompose path for Experiments,1.3840899467468262,1.5449999570846558,0.11625690275117839,1.3840899467468262,1.5449999570846558,0.11625690275117839,2.7608317669627693,-0.33640005750157864,True,,benchmark_features_adjusted_close_exact_reference,False,,blocked_no_bear_cash_classifier,True,False,False,False,False,False,False,False,True,False
2020-03-27,2020-04-01,00631L,consensus4_else_base,consensus4_ultra_strict_stock_exception,base_hold,base_asset,00631L,00631L,00631L_reference,signal_date_interval_state_hold_approximation,base is continuously held between exceptions; interval rows decompose path for Experiments,1.5449999570846558,1.5440900325775146,-0.0005889479174213674,1.5449999570846558,1.5440900325775146,-0.0005889479174213674,2.7586168329258447,-0.33679088330571394,True,,benchmark_features_adjusted_close_exact_reference,False,,blocked_no_bear_cash_classifier,True,False,False,False,False,False,False,False,True,False
2020-04-01,2020-04-10,00631L,consensus4_else_base,consensus4_ultra_strict_stock_exception,base_hold,base_asset,00631L,00631L,00631L_reference,signal_date_interval_state_hold_approximation,base is continuously held between exceptions; interval rows decompose path for Experiments,1.5440900325775146,1.7163599729537964,0.11156728995181409,1.5440900325775146,1.7163599729537964,0.11156728995181409,3.177955526942651,-0.2627984394847961,True,,benchmark_features_adjusted_close_exact_reference,False,,blocked_no_bear_cash_classifier,True,False,False,False,False,False,False,False,True,False
2020-04-10,2020-04-17,00631L,consensus4_else_base,consensus4_ultra_strict_stock_exception,base_hold,base_asset,00631L,00631L,00631L_reference,signal_date_interval_state_hold_approximation,base is continuously held between exceptions; interval rows decompose path for Experiments,1.7163599729537964,1.88864004611969,0.1003752568695746,1.7163599729537964,1.88864004611969,0.1003752568695746,3.5973188861491785,-0.18880164348343131,True,,benchmark_features_adjusted_close_exact_reference,False,,blocked_no_bear_cash_classifier,True,False,False,False,False,False,False,False,True,False
2020-04-17,2020-04-24,00631L,consensus4_else_base,consensus4_ultra_strict_stock_exception,stock_exception,stock,6415,6415,stock,signal_date_interval_state_hold_approximation,base is continuously held between exceptions; interval rows decompose path for Experiments,1.88864004611969,1.792269945144653,-0.051026187426785885,1200.0,1210.0,0.0083333333333333,3.635629876867088,-0.18204165717912668,True,,official_unadjusted_ohlcv_twse_stock_day,True,0.0024434978581932,blocked_no_bear_cash_classifier,True,False,False,False,False,False,False,False,True,False
2020-04-24,2020-04-30,00631L,consensus4_else_base,consensus4_ultra_strict_stock_exception,base_hold,base_asset,00631L,00631L,00631L_reference,signal_date_interval_state_hold_approximation,base is continuously held between exceptions; interval rows decompose path for Experiments,1.792269945144653,2.031359910964966,0.13340064451117928,1.792269945144653,2.031359910964966,0.13340064451117928,4.254025890156436,-0.07292548706352608,True,,benchmark_features_adjusted_close_exact_reference,False,,blocked_no_bear_cash_classifier,True,False,False,False,False,False,False,False,True,False
2020-04-30,2020-05-08,00631L,consensus4_else_base,consensus4_ultra_strict_stock_exception,base_hold,base_asset,00631L,00631L,00631L_reference,signal_date_interval_state_hold_approximation,base is continuously held between exceptions; interval rows decompose path for Experiments,2.031359910964966,2.0,-0.015437890053697445,2.031359910964966,2.0,-0.015437890053697445,4.172914816124921,-0.08723756146582451,True,,benchmark_features_adjusted_close_exact_reference,False,,blocked_no_bear_cash_classifier,True,False,False,False,False,False,False,False,True,False
2020-05-08,2020-05-15,00631L,consensus4_else_base,consensus4_ultra_strict_stock_exception,base_hold,base_asset,00631L,00631L,00631L_reference,signal_date_interval_state_hold_approximation,base is continuously held between exceptions; interval rows decompose path for Experiments,2.0,1.9709099531173704,-0.014545023441314808,2.0,1.9709099531173704,-0.014545023441314808,4.0976746488644595,-0.10051371253065566,True,,benchmark_features_adjusted_close_exact_reference,False,,blocked_no_bear_cash_classifier,True,False,False,False,False,False,False,False,True,False
2020-05-15,2020-05-22,00631L,consensus4_else_base,consensus4_ultra_strict_stock_exception,base_hold,base_asset,00631L,00631L,00631L_reference,signal_date_interval_state_hold_approximation,base is continuously held between exceptions; interval rows decompose path for Experiments,1.9709099531173704,1.9554500579833984,-0.007844039302515649,1.9709099531173704,1.9554500579833984,-0.007844039302515649,4.057688288567329,-0.10756931832163918,True,,benchmark_features_adjusted_close_exact_reference,False,,blocked_no_bear_cash_classifier,True,False,False,False,False,False,False,False,True,False
2020-05-22,2020-05-29,00631L,consensus4_else_base,consensus4_ultra_strict_stock_exception,base_hold,base_asset,00631L,00631L,00631L_reference,signal_date_interval_state_hold_approximation,base is continuously held between exceptions; interval rows decompose path for Experiments,1.9554500579833984,2.0304501056671143,0.038354366237847826,1.9554500579833984,2.0304501056671143,0.038354366237847826,4.251672717503914,-0.07334070511465507,True,,benchmark_features_adjusted_close_exact_reference,False,,blocked_no_bear_cash_classifier,True,False,False,False,False,False,False,False,True,False
2020-05-29,2020-06-05,00631L,consensus4_else_base,consensus4_ultra_strict_stock_exception,base_hold,base_asset,00631L,00631L,00631L_reference,signal_date_interval_state_hold_approximation,base is continuously held between exceptions; interval rows decompose path for Experiments,2.0304501056671143,2.2295498847961426,0.09805696706032241,2.0304501056671143,2.2295498847961426,0.09805696706032241,4.766635816175789,0.0,True,,benchmark_features_adjusted_close_exact_reference,False,,blocked_no_bear_cash_classifier,True,False,False,False,False,False,False,False,True,False
2020-06-05,2020-06-12,00631L,consensus4_else_base,consensus4_ultra_strict_stock_exception,base_hold,base_asset,00631L,00631L,00631L_reference,signal_date_interval_state_hold_approximation,base is continuously held between exceptions; interval rows decompose path for Experiments,2.2295498847961426,2.204090118408203,-0.011419240520948226,2.2295498847961426,2.204090118408203,-0.011419240520948226,4.700785214794164,-0.011419240520948115,True,,benchmark_features_adjusted_close_exact_reference,False,,blocked_no_bear_cash_classifier,True,False,False,False,False,False,False,False,True,False
2020-06-12,2020-06-19,00631L,consensus4_else_base,consensus4_ultra_strict_stock_exception,base_hold,base_asset,00631L,00631L,00631L_reference,signal_date_interval_state_hold_approximation,base is continuously held between exceptions; interval rows decompose path for Experiments,2.204090118408203,2.2727301120758057,0.031142099451529903,2.204090118408203,2.2727301120758057,0.031142099451529903,4.878319634905095,0.0,True,,benchmark_features_adjusted_close_exact_reference,False,,blocked_no_bear_cash_classifier,True,False,False,False,False,False,False,False,True,False
2020-06-19,2020-06-24,00631L,consensus4_else_base,consensus4_ultra_strict_stock_exception,base_hold,base_asset,00631L,00631L,00631L_reference,signal_date_interval_state_hold_approximation,base is continuously held between exceptions; interval rows decompose path for Experiments,2.2727301120758057,2.3204500675201416,0.02099675416398239,2.2727301120758057,2.3204500675201416,0.02099675416398239,5.001745267176508,0.0,True,,benchmark_features_adjusted_close_exact_reference,False,,blocked_no_bear_cash_classifier,True,False,False,False,False,False,False,False,True,False
2020-06-24,2020-07-03,00631L,consensus4_else_base,consensus4_ultra_strict_stock_exception,base_hold,base_asset,00631L,00631L,00631L_reference,signal_date_interval_state_hold_approximation,base is continuously held between exceptions; interval rows decompose path for Experiments,2.3204500675201416,2.450000047683716,0.05582967803397887,2.3204500675201416,2.450000047683716,0.05582967803397887,5.336820773084929,0.0,True,,benchmark_features_adjusted_close_exact_reference,False,,blocked_no_bear_cash_classifier,True,False,False,False,False,False,False,False,True,False
2020-07-03,2020-07-10,00631L,consensus4_else_base,consensus4_ultra_strict_stock_exception,base_hold,base_asset,00631L,00631L,00631L_reference,signal_date_interval_state_hold_approximation,base is continuously held between exceptions; interval rows decompose path for Experiments,2.450000047683716,2.531820058822632,0.03339592226386712,2.450000047683716,2.531820058822632,0.03339592226386712,5.5484447470229314,0.0,True,,benchmark_features_adjusted_close_exact_reference,False,,blocked_no_bear_cash_classifier,True,False,False,False,False,False,False,False,True,False
2020-07-10,2020-07-17,00631L,consensus4_else_base,consensus4_ultra_strict_stock_exception,base_hold,base_asset,00631L,00631L,00631L_reference,signal_date_interval_state_hold_approximation,base is continuously held between exceptions; interval rows decompose path for Experiments,2.531820058822632,2.625,0.03680354014601628,2.531820058822632,2.625,0.03680354014601628,5.789450696163959,0.0,True,,benchmark_features_adjusted_close_exact_reference,False,,blocked_no_bear_cash_classifier,True,False,False,False,False,False,False,False,True,False
2020-07-17,2020-07-24,00631L,consensus4_else_base,consensus4_ultra_strict_stock_exception,base_hold,base_asset,00631L,00631L,00631L_reference,signal_date_interval_state_hold_approximation,base is continuously held between exceptions; interval rows decompose path for Experiments,2.625,2.693180084228516,0.025973365420387085,2.625,2.693180084228516,0.025973365420387085,5.965795580099127,0.0,True,,benchmark_features_adjusted_close_exact_reference,False,,blocked_no_bear_cash_classifier,True,False,False,False,False,False,False,False,True,False
2020-07-24,2020-07-31,00631L,consensus4_else_base,consensus4_ultra_strict_stock_exception,base_hold,base_asset,00631L,00631L,00631L_reference,signal_date_interval_state_hold_approximation,base is continuously held between exceptions; interval rows decompose path for Experiments,2.693180084228516,2.906820058822632,0.07932628636503325,2.693180084228516,2.906820058822632,0.07932628636503325,6.518366275046353,0.0,True,,benchmark_features_adjusted_close_exact_reference,False,,blocked_no_bear_cash_classifier,True,False,False,False,False,False,False,False,True,False
2020-07-31,2020-08-07,00631L,consensus4_else_base,consensus4_ultra_strict_stock_exception,base_hold,base_asset,00631L,00631L,00631L_reference,signal_date_interval_state_hold_approximation,base is continuously held between exceptions; interval rows decompose path for Experiments,2.906820058822632,2.9727299213409424,0.02267421484115073,2.906820058822632,2.9727299213409424,0.02267421484115073,6.688839327221216,0.0,True,,benchmark_features_adjusted_close_exact_reference,False,,blocked_no_bear_cash_classifier,True,False,False,False,False,False,False,False,True,False
2020-08-07,2020-08-14,00631L,consensus4_else_base,consensus4_ultra_strict_stock_exception,base_hold,base_asset,00631L,00631L,00631L_reference,signal_date_interval_state_hold_approximation,base is continuously held between exceptions; interval rows decompose path for Experiments,2.9727299213409424,2.9795498847961426,0.002294175265045162,2.9727299213409424,2.9795498847961426,0.002294175265045162,6.706478872222633,0.0,True,,benchmark_features_adjusted_close_exact_reference,False,,blocked_no_bear_cash_classifier,True,False,False,False,False,False,False,False,True,False
2020-08-14,2020-08-21,00631L,consensus4_else_base,consensus4_ultra_strict_stock_exception,base_hold,base_asset,00631L,00631L,00631L_reference,signal_date_interval_state_hold_approximation,base is continuously held between exceptions; interval rows decompose path for Experiments,2.9795498847961426,2.8818199634552,-0.03280022994064724,2.9795498847961426,2.8818199634552,-0.03280022994064724,6.4537045931809915,-0.03280022994064724,True,,benchmark_features_adjusted_close_exact_reference,False,,blocked_no_bear_cash_classifier,True,False,False,False,False,False,False,False,True,False
2020-08-21,2020-08-28,00631L,consensus4_else_base,consensus4_ultra_strict_stock_exception,base_hold,base_asset,00631L,00631L,00631L_reference,signal_date_interval_state_hold_approximation,base is continuously held between exceptions; interval rows decompose path for Experiments,2.8818199634552,2.9318199157714844,0.01735013045587208,2.8818199634552,2.9318199157714844,0.01735013045587208,6.583027340252214,-0.01601918775322797,True,,benchmark_features_adjusted_close_exact_reference,False,,blocked_no_bear_cash_classifier,True,False,False,False,False,False,False,False,True,False
2020-08-28,2020-09-04,00631L,consensus4_else_base,consensus4_ultra_strict_stock_exception,base_hold,base_asset,00631L,00631L,00631L_reference,signal_date_interval_state_hold_approximation,base is continuously held between exceptions; interval rows decompose path for Experiments,2.9318199157714844,2.900000095367432,-0.010853265656898037,2.9318199157714844,2.900000095367432,-0.010853265656898037,6.500726730044936,-0.026698592909832564,True,,benchmark_features_adjusted_close_exact_reference,False,,blocked_no_bear_cash_classifier,True,False,False,False,False,False,False,False,True,False
2020-09-04,2020-09-11,00631L,consensus4_else_base,consensus4_ultra_strict_stock_exception,base_hold,base_asset,00631L,00631L,00631L_reference,signal_date_interval_state_hold_approximation,base is continuously held between exceptions; interval rows decompose path for Experiments,2.900000095367432,2.92726993560791,0.009403392877138206,2.900000095367432,2.92726993560791,0.009403392877138206,6.571259010351601,-0.01754625739109228,True,,benchmark_features_adjusted_close_exact_reference,False,,blocked_no_bear_cash_classifier,True,False,False,False,False,False,False,False,True,False
2020-09-11,2020-09-18,00631L,consensus4_else_base,consensus4_ultra_strict_stock_exception,base_hold,base_asset,00631L,00631L,00631L_reference,signal_date_interval_state_hold_approximation,base is continuously held between exceptions; interval rows decompose path for Experiments,2.92726993560791,3.034090042114258,0.03649137553286974,2.92726993560791,3.034090042114258,0.03649137553286974,6.847544666154965,0.0,True,,benchmark_features_adjusted_close_exact_reference,False,,blocked_no_bear_cash_classifier,True,False,False,False,False,False,False,False,True,False
2020-09-18,2020-09-25,00631L,consensus4_else_base,consensus4_ultra_strict_stock_exception,base_hold,base_asset,00631L,00631L,00631L_reference,signal_date_interval_state_hold_approximation,base is continuously held between exceptions; interval rows decompose path for Experiments,3.034090042114258,2.75,-0.09363269981147104,3.034090042114258,2.75,-0.09363269981147104,6.112757872171766,-0.09363269981147104,True,,benchmark_features_adjusted_close_exact_reference,False,,blocked_no_bear_cash_classifier,True,False,False,False,False,False,False,False,True,False
2020-09-25,2020-09-30,00631L,consensus4_else_base,consensus4_ultra_strict_stock_exception,base_hold,base_asset,00631L,00631L,00631L_reference,signal_date_interval_state_hold_approximation,base is continuously held between exceptions; interval rows decompose path for Experiments,2.75,2.877269983291626,0.04627999392422755,2.75,2.877269983291626,0.04627999392422755,6.441936263280377,-0.05168602666562738,True,,benchmark_features_adjusted_close_exact_reference,False,,blocked_no_bear_cash_classifier,True,False,False,False,False,False,False,False,True,False
2020-09-30,2020-10-08,00631L,consensus4_else_base,consensus4_ultra_strict_stock_exception,base_hold,base_asset,00631L,00631L,00631L_reference,signal_date_interval_state_hold_approximation,base is continuously held between exceptions; interval rows decompose path for Experiments,2.877269983291626,3.05226993560791,0.06082152642348926,2.877269983291626,3.05226993560791,0.06082152642348926,6.894566186359407,0.0,True,,benchmark_features_adjusted_close_exact_reference,False,,blocked_no_bear_cash_classifier,True,False,False,False,False,False,False,False,True,False
2020-10-08,2020-10-16,00631L,consensus4_else_base,consensus4_ultra_strict_stock_exception,base_hold,base_asset,00631L,00631L,00631L_reference,signal_date_interval_state_hold_approximation,base is continuously held between exceptions; interval rows decompose path for Experiments,3.05226993560791,2.9840900897979736,-0.022337423376139642,3.05226993560791,2.9840900897979736,-0.022337423376139642,6.718221919083741,-0.022337423376139642,True,,benchmark_features_adjusted_close_exact_reference,False,,blocked_no_bear_cash_classifier,True,False,False,False,False,False,False,False,True,False
2020-10-16,2020-10-23,00631L,consensus4_else_base,consensus4_ultra_strict_stock_exception,base_hold,base_asset,00631L,00631L,00631L_reference,signal_date_interval_state_hold_approximation,base is continuously held between exceptions; interval rows decompose path for Experiments,2.9840900897979736,3.068180084228516,0.028179442275563238,2.9840900897979736,3.068180084228516,0.028179442275563238,6.935717108122549,0.0,True,,benchmark_features_adjusted_close_exact_reference,False,,blocked_no_bear_cash_classifier,True,False,False,False,False,False,False,False,True,False
2020-10-23,2020-10-30,00631L,consensus4_else_base,consensus4_ultra_strict_stock_exception,base_hold,base_asset,00631L,00631L,00631L_reference,signal_date_interval_state_hold_approximation,base is continuously held between exceptions; interval rows decompose path for Experiments,3.068180084228516,2.886359930038452,-0.059259935596571056,3.068180084228516,2.886359930038452,-0.059259935596571056,6.465447023382599,-0.059259935596571056,True,,benchmark_features_adjusted_close_exact_reference,False,,blocked_no_bear_cash_classifier,True,False,False,False,False,False,False,False,True,False
2020-10-30,2020-11-06,00631L,consensus4_else_base,consensus4_ultra_strict_stock_exception,base_hold,base_asset,00631L,00631L,00631L_reference,signal_date_interval_state_hold_approximation,base is continuously held between exceptions; interval rows decompose path for Experiments,2.886359930038452,3.115910053253174,0.07952927866888171,2.886359930038452,3.115910053253174,0.07952927866888171,7.059168640092967,0.0,True,,benchmark_features_adjusted_close_exact_reference,False,,blocked_no_bear_cash_classifier,True,False,False,False,False,False,False,False,True,False
2020-11-06,2020-11-13,00631L,consensus4_else_base,consensus4_ultra_strict_stock_exception,base_hold,base_asset,00631L,00631L,00631L_reference,signal_date_interval_state_hold_approximation,base is continuously held between exceptions; interval rows decompose path for Experiments,3.115910053253174,3.2727301120758057,0.0503288144209757,3.115910053253174,3.2727301120758057,0.0503288144209757,7.464777042967553,0.0,True,,benchmark_features_adjusted_close_exact_reference,False,,blocked_no_bear_cash_classifier,True,False,False,False,False,False,False,False,True,False
2020-11-13,2020-11-20,00631L,consensus4_else_base,consensus4_ultra_strict_stock_exception,base_hold,base_asset,00631L,00631L,00631L_reference,signal_date_interval_state_hold_approximation,base is continuously held between exceptions; interval rows decompose path for Experiments,3.2727301120758057,3.5227301120758057,0.076388822615572,3.2727301120758057,3.5227301120758057,0.076388822615572,8.111391394983167,0.0,True,,benchmark_features_adjusted_close_exact_reference,False,,blocked_no_bear_cash_classifier,True,False,False,False,False,False,False,False,True,False
2020-11-20,2020-11-27,00631L,consensus4_else_base,consensus4_ultra_strict_stock_exception,base_hold,base_asset,00631L,00631L,00631L_reference,signal_date_interval_state_hold_approximation,base is continuously held between exceptions; interval rows decompose path for Experiments,3.5227301120758057,3.6022698879241943,0.02257901494517811,3.5227301120758057,3.6022698879241943,0.02257901494517811,8.317117637461859,0.0,True,,benchmark_features_adjusted_close_exact_reference,False,,blocked_no_bear_cash_classifier,True,False,False,False,False,False,False,False,True,False
2020-11-27,2020-12-04,00631L,consensus4_else_base,consensus4_ultra_strict_stock_exception,base_hold,base_asset,00631L,00631L,00631L_reference,signal_date_interval_state_hold_approximation,base is continuously held between exceptions; interval rows decompose path for Experiments,3.6022698879241943,3.75,0.04101028425744491,3.6022698879241943,3.75,0.04101028425744491,8.699215280234224,0.0,True,,benchmark_features_adjusted_close_exact_reference,False,,blocked_no_bear_cash_classifier,True,False,False,False,False,False,False,False,True,False
2020-12-04,2020-12-11,00631L,consensus4_else_base,consensus4_ultra_strict_stock_exception,base_hold,base_asset,00631L,00631L,00631L_reference,signal_date_interval_state_hold_approximation,base is continuously held between exceptions; interval rows decompose path for Experiments,3.75,3.80226993560791,0.013938649495442768,3.75,3.80226993560791,0.013938649495442768,8.834409242406252,0.0,True,,benchmark_features_adjusted_close_exact_reference,False,,blocked_no_bear_cash_classifier,True,False,False,False,False,False,False,False,True,False
2020-12-11,2020-12-18,00631L,consensus4_else_base,consensus4_ultra_strict_stock_exception,base_hold,base_asset,00631L,00631L,00631L_reference,signal_date_interval_state_hold_approximation,base is continuously held between exceptions; interval rows decompose path for Experiments,3.80226993560791,3.799999952316284,-0.0005970074008601056,3.80226993560791,3.799999952316284,-0.0005970074008601056,8.828538027305449,-0.0005970074008601056,True,,benchmark_features_adjusted_close_exact_reference,False,,blocked_no_bear_cash_classifier,True,False,False,False,False,False,False,False,True,False
2020-12-18,2020-12-25,00631L,consensus4_else_base,consensus4_ultra_strict_stock_exception,base_hold,base_asset,00631L,00631L,00631L_reference,signal_date_interval_state_hold_approximation,base is continuously held between exceptions; interval rows decompose path for Experiments,3.799999952316284,3.877269983291626,0.020334218932882342,3.799999952316284,3.877269983291626,0.020334218932882342,9.028393671342837,0.0,True,,benchmark_features_adjusted_close_exact_reference,False,,blocked_no_bear_cash_classifier,True,False,False,False,False,False,False,False,True,False
2020-12-25,2020-12-31,00631L,consensus4_else_base,consensus4_ultra_strict_stock_exception,base_hold,base_asset,00631L,00631L,00631L_reference,signal_date_interval_state_hold_approximation,base is continuously held between exceptions; interval rows decompose path for Experiments,3.877269983291626,4.090909957885742,0.05510061860916515,3.877269983291626,4.090909957885742,0.05510061860916515,9.580964366290065,0.0,True,,benchmark_features_adjusted_close_exact_reference,False,,blocked_no_bear_cash_classifier,True,False,False,False,False,False,False,False,True,False
2020-12-31,2021-01-08,00631L,consensus4_else_base,consensus4_ultra_strict_stock_exception,base_hold,base_asset,00631L,00631L,00631L_reference,signal_date_interval_state_hold_approximation,base is continuously held between exceptions; interval rows decompose path for Experiments,4.090909957885742,4.561359882354736,0.11499884605432165,4.090909957885742,4.561359882354736,0.11499884605432165,10.797763058555319,0.0,True,,benchmark_features_adjusted_close_exact_reference,False,,blocked_no_bear_cash_classifier,True,False,False,False,False,False,False,False,True,False
2021-01-08,2021-01-15,00631L,consensus4_else_base,consensus4_ultra_strict_stock_exception,base_hold,base_asset,00631L,00631L,00631L_reference,signal_date_interval_state_hold_approximation,base is continuously held between exceptions; interval rows decompose path for Experiments,4.561359882354736,4.681819915771484,0.02640879836794685,4.561359882354736,4.681819915771484,0.02640879836794685,11.109327804361518,0.0,True,,benchmark_features_adjusted_close_exact_reference,False,,blocked_no_bear_cash_classifier,True,False,False,False,False,False,False,False,True,False
2021-01-15,2021-01-22,00631L,consensus4_else_base,consensus4_ultra_strict_stock_exception,base_hold,base_asset,00631L,00631L,00631L_reference,signal_date_interval_state_hold_approximation,base is continuously held between exceptions; interval rows decompose path for Experiments,4.681819915771484,4.977270126342773,0.0631058468472947,4.681819915771484,4.977270126342773,0.0631058468472947,11.873497190207244,0.0,True,,benchmark_features_adjusted_close_exact_reference,False,,blocked_no_bear_cash_classifier,True,False,False,False,False,False,False,False,True,False
2021-01-22,2021-01-29,00631L,consensus4_else_base,consensus4_ultra_strict_stock_exception,base_hold,base_asset,00631L,00631L,00631L_reference,signal_date_interval_state_hold_approximation,base is continuously held between exceptions; interval rows decompose path for Experiments,4.977270126342773,4.413640022277832,-0.11324081067689384,4.977270126342773,4.413640022277832,-0.11324081067689384,10.415691932141462,-0.11324081067689373,True,,benchmark_features_adjusted_close_exact_reference,False,,blocked_no_bear_cash_classifier,True,False,False,False,False,False,False,False,True,False
2021-01-29,2021-02-05,00631L,consensus4_else_base,consensus4_ultra_strict_stock_exception,base_hold,base_asset,00631L,00631L,00631L_reference,signal_date_interval_state_hold_approximation,base is continuously held between exceptions; interval rows decompose path for Experiments,4.413640022277832,4.827270030975342,0.09371629915664026,4.413640022277832,4.827270030975342,0.09371629915664026,11.485528332334075,-0.030137021210389747,True,,benchmark_features_adjusted_close_exact_reference,False,,blocked_no_bear_cash_classifier,True,False,False,False,False,False,False,False,True,False
2021-02-05,2021-02-19,00631L,consensus4_else_base,consensus4_ultra_strict_stock_exception,base_hold,base_asset,00631L,00631L,00631L_reference,signal_date_interval_state_hold_approximation,base is continuously held between exceptions; interval rows decompose path for Experiments,4.827270030975342,5.1795501708984375,0.07297709422978316,4.827270030975342,5.1795501708984375,0.07297709422978316,12.396685909951447,0.0,True,,benchmark_features_adjusted_close_exact_reference,False,,blocked_no_bear_cash_classifier,True,False,False,False,False,False,False,False,True,False
2021-02-19,2021-02-26,00631L,consensus4_else_base,consensus4_ultra_strict_stock_exception,base_hold,base_asset,00631L,00631L,00631L_reference,signal_date_interval_state_hold_approximation,base is continuously held between exceptions; interval rows decompose path for Experiments,5.1795501708984375,4.872729778289795,-0.05923688013150796,5.1795501708984375,4.872729778289795,-0.05923688013150796,11.603108032544192,-0.05923688013150796,True,,benchmark_features_adjusted_close_exact_reference,False,,blocked_no_bear_cash_classifier,True,False,False,False,False,False,False,False,True,False
2021-02-26,2021-03-05,00631L,consensus4_else_base,consensus4_ultra_strict_stock_exception,base_hold,base_asset,00631L,00631L,00631L_reference,signal_date_interval_state_hold_approximation,base is continuously held between exceptions; interval rows decompose path for Experiments,4.872729778289795,4.829549789428711,-0.00886156032158203,4.872729778289795,4.829549789428711,-0.00886156032158203,11.491424830474386,-0.06757350926654226,True,,benchmark_features_adjusted_close_exact_reference,False,,blocked_no_bear_cash_classifier,True,False,False,False,False,False,False,False,True,False
2021-03-05,2021-03-12,00631L,consensus4_else_base,consensus4_ultra_strict_stock_exception,base_hold,base_asset,00631L,00631L,00631L_reference,signal_date_interval_state_hold_approximation,base is continuously held between exceptions; interval rows decompose path for Experiments,4.829549789428711,5.068180084228516,0.049410463750086286,4.829549789428711,5.068180084228516,0.049410463750086286,12.108631924247469,-0.021501883946536626,True,,benchmark_features_adjusted_close_exact_reference,False,,blocked_no_bear_cash_classifier,True,False,False,False,False,False,False,False,True,False
2021-03-12,2021-03-19,00631L,consensus4_else_base,consensus4_ultra_strict_stock_exception,base_hold,base_asset,00631L,00631L,00631L_reference,signal_date_interval_state_hold_approximation,base is continuously held between exceptions; interval rows decompose path for Experiments,5.068180084228516,4.956820011138916,-0.0219723986201944,5.068180084228516,4.956820011138916,-0.0219723986201944,11.820603838242498,-0.043001834601572586,True,,benchmark_features_adjusted_close_exact_reference,False,,blocked_no_bear_cash_classifier,True,False,False,False,False,False,False,False,True,False
2021-03-19,2021-03-26,00631L,consensus4_else_base,consensus4_ultra_strict_stock_exception,base_hold,base_asset,00631L,00631L,00631L_reference,signal_date_interval_state_hold_approximation,base is continuously held between exceptions; interval rows decompose path for Experiments,4.956820011138916,5.120450019836426,0.033011085399470286,4.956820011138916,5.120450019836426,0.033011085399470286,12.243825886419497,-0.011410286436468686,True,,benchmark_features_adjusted_close_exact_reference,False,,blocked_no_bear_cash_classifier,True,False,False,False,False,False,False,False,True,False
2021-03-26,2021-04-01,00631L,consensus4_else_base,consensus4_ultra_strict_stock_exception,base_hold,base_asset,00631L,00631L,00631L_reference,signal_date_interval_state_hold_approximation,base is continuously held between exceptions; interval rows decompose path for Experiments,5.120450019836426,5.272729873657227,0.029739545006957302,5.120450019836426,5.272729873657227,0.029739545006957302,12.637691242432975,0.0,True,,benchmark_features_adjusted_close_exact_reference,False,,blocked_no_bear_cash_classifier,True,False,False,False,False,False,False,False,True,False
2021-04-01,2021-04-09,00631L,consensus4_else_base,consensus4_ultra_strict_stock_exception,base_hold,base_asset,00631L,00631L,00631L_reference,signal_date_interval_state_hold_approximation,base is continuously held between exceptions; interval rows decompose path for Experiments,5.272729873657227,5.470449924468994,0.037498611829061224,5.272729873657227,5.470449924468994,0.037498611829061224,13.149085732577557,0.0,True,,benchmark_features_adjusted_close_exact_reference,False,,blocked_no_bear_cash_classifier,True,False,False,False,False,False,False,False,True,False
2021-04-09,2021-04-16,00631L,consensus4_else_base,consensus4_ultra_strict_stock_exception,base_hold,base_asset,00631L,00631L,00631L_reference,signal_date_interval_state_hold_approximation,base is continuously held between exceptions; interval rows decompose path for Experiments,5.470449924468994,5.643179893493652,0.03157509371432998,5.470449924468994,5.643179893493652,0.03157509371432998,13.595844440555783,0.0,True,,benchmark_features_adjusted_close_exact_reference,False,,blocked_no_bear_cash_classifier,True,False,False,False,False,False,False,False,True,False
2021-04-16,2021-04-23,00631L,consensus4_else_base,consensus4_ultra_strict_stock_exception,base_hold,base_asset,00631L,00631L,00631L_reference,signal_date_interval_state_hold_approximation,base is continuously held between exceptions; interval rows decompose path for Experiments,5.643179893493652,5.731820106506348,0.01570749376869829,5.643179893493652,5.731820106506348,0.01570749376869829,13.825108576154703,0.0,True,,benchmark_features_adjusted_close_exact_reference,False,,blocked_no_bear_cash_classifier,True,False,False,False,False,False,False,False,True,False
2021-04-23,2021-04-29,00631L,consensus4_else_base,consensus4_ultra_strict_stock_exception,base_hold,base_asset,00631L,00631L,00631L_reference,signal_date_interval_state_hold_approximation,base is continuously held between exceptions; interval rows decompose path for Experiments,5.731820106506348,5.9295501708984375,0.034496906866920085,5.731820106506348,5.9295501708984375,0.034496906866920085,14.33652896599829,0.0,True,,benchmark_features_adjusted_close_exact_reference,False,,blocked_no_bear_cash_classifier,True,False,False,False,False,False,False,False,True,False
2021-04-29,2021-05-07,00631L,consensus4_else_base,consensus4_ultra_strict_stock_exception,base_hold,base_asset,00631L,00631L,00631L_reference,signal_date_interval_state_hold_approximation,base is continuously held between exceptions; interval rows decompose path for Experiments,5.9295501708984375,5.747729778289795,-0.030663437759747225,5.9295501708984375,5.747729778289795,-0.030663437759747225,13.86625826459884,-0.030663437759747225,True,,benchmark_features_adjusted_close_exact_reference,False,,blocked_no_bear_cash_classifier,True,False,False,False,False,False,False,False,True,False
2021-05-07,2021-05-14,00631L,consensus4_else_base,consensus4_ultra_strict_stock_exception,base_hold,base_asset,00631L,00631L,00631L_reference,signal_date_interval_state_hold_approximation,base is continuously held between exceptions; interval rows decompose path for Experiments,5.747729778289795,4.781819820404053,-0.16805069047159404,5.747729778289795,4.781819820404053,-0.16805069047159404,11.367973298503964,-0.19356111634358308,True,,benchmark_features_adjusted_close_exact_reference,False,,blocked_no_bear_cash_classifier,True,False,False,False,False,False,False,False,True,False
2021-05-14,2021-05-21,00631L,consensus4_else_base,consensus4_ultra_strict_stock_exception,base_hold,base_asset,00631L,00631L,00631L_reference,signal_date_interval_state_hold_approximation,base is continuously held between exceptions; interval rows decompose path for Experiments,4.781819820404053,5.077270030975342,0.0617861445365635,4.781819820404053,5.077270030975342,0.0617861445365635,12.132142684349688,-0.14373436691808272,True,,benchmark_features_adjusted_close_exact_reference,False,,blocked_no_bear_cash_classifier,True,False,False,False,False,False,False,False,True,False
2021-05-21,2021-05-28,00631L,consensus4_else_base,consensus4_ultra_strict_stock_exception,base_hold,base_asset,00631L,00631L,00631L_reference,signal_date_interval_state_hold_approximation,base is continuously held between exceptions; interval rows decompose path for Experiments,5.077270030975342,5.454549789428711,0.07430760155588856,5.077270030975342,5.454549789428711,0.07430760155588856,13.10796071051342,-0.08010732142903099,True,,benchmark_features_adjusted_close_exact_reference,False,,blocked_no_bear_cash_classifier,True,False,False,False,False,False,False,False,True,False
2021-05-28,2021-06-04,00631L,consensus4_else_base,consensus4_ultra_strict_stock_exception,base_hold,base_asset,00631L,00631L,00631L_reference,signal_date_interval_state_hold_approximation,base is continuously held between exceptions; interval rows decompose path for Experiments,5.454549789428711,5.6113600730896,0.02874852915721804,5.454549789428711,5.6113600730896,0.02874852915721804,13.513543830348503,-0.05366175993762212,True,,benchmark_features_adjusted_close_exact_reference,False,,blocked_no_bear_cash_classifier,True,False,False,False,False,False,False,False,True,False
2021-06-04,2021-06-11,00631L,consensus4_else_base,consensus4_ultra_strict_stock_exception,base_hold,base_asset,00631L,00631L,00631L_reference,signal_date_interval_state_hold_approximation,base is continuously held between exceptions; interval rows decompose path for Experiments,5.6113600730896,5.672729969024658,0.010936723919994007,5.6113600730896,5.672729969024658,0.010936723919994007,13.672274452321757,-0.043311919871126814,True,,benchmark_features_adjusted_close_exact_reference,False,,blocked_no_bear_cash_classifier,True,False,False,False,False,False,False,False,True,False
2021-06-11,2021-06-18,00631L,consensus4_else_base,consensus4_ultra_strict_stock_exception,base_hold,base_asset,00631L,00631L,00631L_reference,signal_date_interval_state_hold_approximation,base is continuously held between exceptions; interval rows decompose path for Experiments,5.672729969024658,5.761360168457031,0.015623905935295612,5.672729969024658,5.761360168457031,0.015623905935295612,13.901512688221672,-0.028364715297774845,True,,benchmark_features_adjusted_close_exact_reference,False,,blocked_no_bear_cash_classifier,True,False,False,False,False,False,False,False,True,False
2021-06-18,2021-06-25,00631L,consensus4_else_base,consensus4_ultra_strict_stock_exception,stock_exception,stock,2636,2636,stock,signal_date_interval_state_hold_approximation,base is continuously held between exceptions; interval rows decompose path for Experiments,5.761360168457031,5.8477301597595215,0.014991250117525778,189.5,222.0,0.1715039577836412,16.457181091214835,0.0,True,,official_unadjusted_ohlcv_twse_stock_day,True,0.1646612573289934,blocked_no_bear_cash_classifier,True,False,False,False,False,False,False,False,True,False
2021-06-25,2021-07-02,00631L,consensus4_else_base,consensus4_ultra_strict_stock_exception,base_hold,base_asset,00631L,00631L,00631L_reference,signal_date_interval_state_hold_approximation,base is continuously held between exceptions; interval rows decompose path for Experiments,5.8477301597595215,6.0,0.026039135883578535,5.8477301597595215,6.0,0.026039135883578535,16.911751001793217,0.0,True,,benchmark_features_adjusted_close_exact_reference,False,,blocked_no_bear_cash_classifier,True,False,False,False,False,False,False,False,True,False
2021-07-02,2021-07-09,00631L,consensus4_else_base,consensus4_ultra_strict_stock_exception,base_hold,base_asset,00631L,00631L,00631L_reference,signal_date_interval_state_hold_approximation,base is continuously held between exceptions; interval rows decompose path for Experiments,6.0,5.977270126342773,-0.003788312276204464,6.0,5.977270126342773,-0.003788312276204464,16.843895695584806,-0.003788312276204464,True,,benchmark_features_adjusted_close_exact_reference,False,,blocked_no_bear_cash_classifier,True,False,False,False,False,False,False,False,True,False
2021-07-09,2021-07-16,00631L,consensus4_else_base,consensus4_ultra_strict_stock_exception,stock_exception,stock,2351,2351,stock,signal_date_interval_state_hold_approximation,base is continuously held between exceptions; interval rows decompose path for Experiments,5.977270126342773,6.163640022277832,0.031179768020470844,149.5,146.5,-0.020066889632107,16.485824210054677,-0.02377918226397291,True,,official_unadjusted_ohlcv_twse_stock_day,True,-0.0257909617779624,blocked_no_bear_cash_classifier,True,False,False,False,False,False,False,False,True,False
2021-07-16,2021-07-23,00631L,consensus4_else_base,consensus4_ultra_strict_stock_exception,base_hold,base_asset,00631L,00631L,00631L_reference,signal_date_interval_state_hold_approximation,base is continuously held between exceptions; interval rows decompose path for Experiments,6.163640022277832,5.963640213012695,-0.032448327375099506,6.163640022277832,5.963640213012695,-0.032448327375099506,15.918438461663381,-0.055455914948258855,True,,benchmark_features_adjusted_close_exact_reference,False,,blocked_no_bear_cash_classifier,True,False,False,False,False,False,False,False,True,False
2021-07-23,2021-07-30,00631L,consensus4_else_base,consensus4_ultra_strict_stock_exception,base_hold,base_asset,00631L,00631L,00631L_reference,signal_date_interval_state_hold_approximation,base is continuously held between exceptions; interval rows decompose path for Experiments,5.963640213012695,5.786359786987305,-0.029726881517527448,5.963640213012695,5.786359786987305,-0.029726881517527448,15.415506046051934,-0.08353426505267336,True,,benchmark_features_adjusted_close_exact_reference,False,,blocked_no_bear_cash_classifier,True,False,False,False,False,False,False,False,True,False
2021-07-30,2021-08-06,00631L,consensus4_else_base,consensus4_ultra_strict_stock_exception,base_hold,base_asset,00631L,00631L,00631L_reference,signal_date_interval_state_hold_approximation,base is continuously held between exceptions; interval rows decompose path for Experiments,5.786359786987305,5.995450019836426,0.03613502107479305,5.786359786987305,5.995450019836426,0.03613502107479305,16.008680702979415,-0.05041775640602597,True,,benchmark_features_adjusted_close_exact_reference,False,,blocked_no_bear_cash_classifier,True,False,False,False,False,False,False,False,True,False
2021-08-06,2021-08-13,00631L,consensus4_else_base,consensus4_ultra_strict_stock_exception,base_hold,base_asset,00631L,00631L,00631L_reference,signal_date_interval_state_hold_approximation,base is continuously held between exceptions; interval rows decompose path for Experiments,5.995450019836426,5.659090042114258,-0.05610254052811614,5.995450019836426,5.659090042114258,-0.05610254052811614,15.054450504510726,-0.10369173271203636,True,,benchmark_features_adjusted_close_exact_reference,False,,blocked_no_bear_cash_classifier,True,False,False,False,False,False,False,False,True,False
2021-08-13,2021-08-20,00631L,consensus4_else_base,consensus4_ultra_strict_stock_exception,base_hold,base_asset,00631L,00631L,00631L_reference,signal_date_interval_state_hold_approximation,base is continuously held between exceptions; interval rows decompose path for Experiments,5.659090042114258,5.25,-0.07228901450053982,5.659090042114258,5.25,-0.07228901450053982,13.893890099191951,-0.16848497404296958,True,,benchmark_features_adjusted_close_exact_reference,False,,blocked_no_bear_cash_classifier,True,False,False,False,False,False,False,False,True,False
2021-08-20,2021-08-27,00631L,consensus4_else_base,consensus4_ultra_strict_stock_exception,base_hold,base_asset,00631L,00631L,00631L_reference,signal_date_interval_state_hold_approximation,base is continuously held between exceptions; interval rows decompose path for Experiments,5.25,5.881820201873779,0.12034670511881518,5.25,5.881820201873779,0.12034670511881518,15.686320699031445,-0.06841488041225507,True,,benchmark_features_adjusted_close_exact_reference,False,,blocked_no_bear_cash_classifier,True,False,False,False,False,False,False,False,True,False
2021-08-27,2021-09-03,00631L,consensus4_else_base,consensus4_ultra_strict_stock_exception,base_hold,base_asset,00631L,00631L,00631L_reference,signal_date_interval_state_hold_approximation,base is continuously held between exceptions; interval rows decompose path for Experiments,5.881820201873779,6.131820201873779,0.04250384939008467,5.881820201873779,6.131820201873779,0.04250384939008467,16.395553560897728,-0.028818926795253552,True,,benchmark_features_adjusted_close_exact_reference,False,,blocked_no_bear_cash_classifier,True,False,False,False,False,False,False,False,True,False
2021-09-03,2021-09-10,00631L,consensus4_else_base,consensus4_ultra_strict_stock_exception,base_hold,base_asset,00631L,00631L,00631L_reference,signal_date_interval_state_hold_approximation,base is continuously held between exceptions; interval rows decompose path for Experiments,6.131820201873779,6.093180179595947,-0.006301558265851326,6.131820201873779,6.093180179595947,-0.006301558265851326,16.285934466566992,-0.034938880914745396,True,,benchmark_features_adjusted_close_exact_reference,False,,blocked_no_bear_cash_classifier,True,False,False,False,False,False,False,False,True,False
2021-09-10,2021-09-17,00631L,consensus4_else_base,consensus4_ultra_strict_stock_exception,base_hold,base_asset,00631L,00631L,00631L_reference,signal_date_interval_state_hold_approximation,base is continuously held between exceptions; interval rows decompose path for Experiments,6.093180179595947,6.0159101486206055,-0.012681396035865378,6.093180179595947,6.0159101486206055,-0.012681396035865378,16.06672468574644,-0.04717720316468099,True,,benchmark_features_adjusted_close_exact_reference,False,,blocked_no_bear_cash_classifier,True,False,False,False,False,False,False,False,True,False
2021-09-17,2021-09-24,00631L,consensus4_else_base,consensus4_ultra_strict_stock_exception,base_hold,base_asset,00631L,00631L,00631L_reference,signal_date_interval_state_hold_approximation,base is continuously held between exceptions; interval rows decompose path for Experiments,6.0159101486206055,5.938640117645264,-0.012844279430114014,6.0159101486206055,5.938640117645264,-0.012844279430114014,15.847514904925887,-0.05941552541461659,True,,benchmark_features_adjusted_close_exact_reference,False,,blocked_no_bear_cash_classifier,True,False,False,False,False,False,False,False,True,False
2021-09-24,2021-10-01,00631L,consensus4_else_base,consensus4_ultra_strict_stock_exception,base_hold,base_asset,00631L,00631L,00631L_reference,signal_date_interval_state_hold_approximation,base is continuously held between exceptions; interval rows decompose path for Experiments,5.938640117645264,5.436359882354736,-0.0845783252293939,5.938640117645264,5.436359882354736,-0.0845783252293939,14.422580309990005,-0.13896858501181775,True,,benchmark_features_adjusted_close_exact_reference,False,,blocked_no_bear_cash_classifier,True,False,False,False,False,False,False,False,True,False
2021-10-01,2021-10-08,00631L,consensus4_else_base,consensus4_ultra_strict_stock_exception,base_hold,base_asset,00631L,00631L,00631L_reference,signal_date_interval_state_hold_approximation,base is continuously held between exceptions; interval rows decompose path for Experiments,5.436359882354736,5.522729873657227,0.015887467564983826,5.436359882354736,5.522729873657227,0.015887467564983826,14.66760605443333,-0.1252889763337608,True,,benchmark_features_adjusted_close_exact_reference,False,,blocked_no_bear_cash_classifier,True,False,False,False,False,False,False,False,True,False
2021-10-08,2021-10-15,00631L,consensus4_else_base,consensus4_ultra_strict_stock_exception,base_hold,base_asset,00631L,00631L,00631L_reference,signal_date_interval_state_hold_approximation,base is continuously held between exceptions; interval rows decompose path for Experiments,5.522729873657227,5.631820201873779,0.0197529719381897,5.522729873657227,5.631820201873779,0.0197529719381897,14.977087837165163,-0.10801083402925638,True,,benchmark_features_adjusted_close_exact_reference,False,,blocked_no_bear_cash_classifier,True,False,False,False,False,False,False,False,True,False
2021-10-15,2021-10-22,00631L,consensus4_else_base,consensus4_ultra_strict_stock_exception,base_hold,base_asset,00631L,00631L,00631L_reference,signal_date_interval_state_hold_approximation,base is continuously held between exceptions; interval rows decompose path for Experiments,5.631820201873779,5.6954498291015625,0.011298234841839117,5.631820201873779,5.6954498291015625,0.011298234841839117,15.157600727638147,-0.09793293095574263,True,,benchmark_features_adjusted_close_exact_reference,False,,blocked_no_bear_cash_classifier,True,False,False,False,False,False,False,False,True,False
2021-10-22,2021-10-29,00631L,consensus4_else_base,consensus4_ultra_strict_stock_exception,base_hold,base_asset,00631L,00631L,00631L_reference,signal_date_interval_state_hold_approximation,base is continuously held between exceptions; interval rows decompose path for Experiments,5.6954498291015625,5.724999904632568,0.005188365522950766,5.6954498291015625,5.724999904632568,0.005188365522950766,15.24143226618703,-0.09325267727532416,True,,benchmark_features_adjusted_close_exact_reference,False,,blocked_no_bear_cash_classifier,True,False,False,False,False,False,False,False,True,False
2021-10-29,2021-11-05,00631L,consensus4_else_base,consensus4_ultra_strict_stock_exception,base_hold,base_asset,00631L,00631L,00631L_reference,signal_date_interval_state_hold_approximation,base is continuously held between exceptions; interval rows decompose path for Experiments,5.724999904632568,5.943180084228516,0.03811007567343361,5.724999904632568,5.943180084228516,0.03811007567343361,15.860394478896364,-0.05869646818960339,True,,benchmark_features_adjusted_close_exact_reference,False,,blocked_no_bear_cash_classifier,True,False,False,False,False,False,False,False,True,False
2021-11-05,2021-11-12,00631L,consensus4_else_base,consensus4_ultra_strict_stock_exception,base_hold,base_asset,00631L,00631L,00631L_reference,signal_date_interval_state_hold_approximation,base is continuously held between exceptions; interval rows decompose path for Experiments,5.943180084228516,6.1090898513793945,0.027915991909980287,5.943180084228516,6.1090898513793945,0.027915991909980287,16.33106911476831,-0.03241904641074855,True,,benchmark_features_adjusted_close_exact_reference,False,,blocked_no_bear_cash_classifier,True,False,False,False,False,False,False,False,True,False
2021-11-12,2021-11-19,00631L,consensus4_else_base,consensus4_ultra_strict_stock_exception,base_hold,base_asset,00631L,00631L,00631L_reference,signal_date_interval_state_hold_approximation,base is continuously held between exceptions; interval rows decompose path for Experiments,6.1090898513793945,6.345449924468994,0.03868989961511704,6.1090898513793945,6.345449924468994,0.03868989961511704,17.001606439041353,0.0,True,,benchmark_features_adjusted_close_exact_reference,False,,blocked_no_bear_cash_classifier,True,False,False,False,False,False,False,False,True,False
2021-11-19,2021-11-26,00631L,consensus4_else_base,consensus4_ultra_strict_stock_exception,base_hold,base_asset,00631L,00631L,00631L_reference,signal_date_interval_state_hold_approximation,base is continuously held between exceptions; interval rows decompose path for Experiments,6.345449924468994,5.970449924468994,-0.05909746424031248,6.345449924468994,5.970449924468994,-0.05909746424031248,15.937757146241928,-0.05909746424031248,True,,benchmark_features_adjusted_close_exact_reference,False,,blocked_no_bear_cash_classifier,True,False,False,False,False,False,False,False,True,False
2021-11-26,2021-12-03,00631L,consensus4_else_base,consensus4_ultra_strict_stock_exception,base_hold,base_asset,00631L,00631L,00631L_reference,signal_date_interval_state_hold_approximation,base is continuously held between exceptions; interval rows decompose path for Experiments,5.970449924468994,6.254549980163574,0.04758436286857348,5.970449924468994,6.254549980163574,0.04758436286857348,16.743729528468478,-0.014325216554762599,True,,benchmark_features_adjusted_close_exact_reference,False,,blocked_no_bear_cash_classifier,True,False,False,False,False,False,False,False,True,False
2021-12-03,2021-12-10,00631L,consensus4_else_base,consensus4_ultra_strict_stock_exception,base_hold,base_asset,00631L,00631L,00631L_reference,signal_date_interval_state_hold_approximation,base is continuously held between exceptions; interval rows decompose path for Experiments,6.254549980163574,6.329549789428711,0.01199123989783435,6.254549980163574,6.329549789428711,0.01199123989783435,16.95649884592663,-0.002505753765224772,True,,benchmark_features_adjusted_close_exact_reference,False,,blocked_no_bear_cash_classifier,True,False,False,False,False,False,False,False,True,False
2021-12-10,2021-12-17,00631L,consensus4_else_base,consensus4_ultra_strict_stock_exception,base_hold,base_asset,00631L,00631L,00631L_reference,signal_date_interval_state_hold_approximation,base is continuously held between exceptions; interval rows decompose path for Experiments,6.329549789428711,6.3090901374816895,-0.0032324024026467724,6.329549789428711,6.3090901374816895,-0.0032324024026467724,16.898456215913935,-0.005730056563380326,True,,benchmark_features_adjusted_close_exact_reference,False,,blocked_no_bear_cash_classifier,True,False,False,False,False,False,False,False,True,False
2021-12-17,2021-12-24,00631L,consensus4_else_base,consensus4_ultra_strict_stock_exception,base_hold,base_asset,00631L,00631L,00631L_reference,signal_date_interval_state_hold_approximation,base is continuously held between exceptions; interval rows decompose path for Experiments,6.3090901374816895,6.440909862518311,0.0208936189155855,6.3090901374816895,6.440909862518311,0.0208936189155855,17.27241973926653,0.0,True,,benchmark_features_adjusted_close_exact_reference,False,,blocked_no_bear_cash_classifier,True,False,False,False,False,False,False,False,True,False
2021-12-24,2021-12-30,00631L,consensus4_else_base,consensus4_ultra_strict_stock_exception,base_hold,base_asset,00631L,00631L,00631L_reference,signal_date_interval_state_hold_approximation,base is continuously held between exceptions; interval rows decompose path for Experiments,6.440909862518311,6.636360168457031,0.03034513913571546,6.440909862518311,6.636360168457031,0.03034513913571546,17.826898858600767,0.0,True,,benchmark_features_adjusted_close_exact_reference,False,,blocked_no_bear_cash_classifier,True,False,False,False,False,False,False,False,True,False
2021-12-30,2022-01-07,00631L,consensus4_else_base,consensus4_ultra_strict_stock_exception,stock_exception,stock,8478,8478,stock,signal_date_interval_state_hold_approximation,base is continuously held between exceptions; interval rows decompose path for Experiments,6.636360168457031,6.602270126342773,-0.0051368583453758054,151.0,134.0,-0.1125827814569536,15.707314218890748,-0.11258278145695366,True,,official_unadjusted_ohlcv_twse_stock_day,True,-0.1177663687013592,blocked_no_bear_cash_classifier,True,False,False,False,False,False,False,False,True,False
2022-01-07,2022-01-14,00631L,consensus4_else_base,consensus4_ultra_strict_stock_exception,base_hold,base_asset,00631L,00631L,00631L_reference,signal_date_interval_state_hold_approximation,base is continuously held between exceptions; interval rows decompose path for Experiments,6.602270126342773,6.788640022277832,0.0282281537060185,6.602270126342773,6.788640022277832,0.0282281537060185,16.178930852676345,-0.08753263181055304,True,,benchmark_features_adjusted_close_exact_reference,False,,blocked_no_bear_cash_classifier,True,False,False,False,False,False,False,False,True,False
2022-01-14,2022-01-21,00631L,consensus4_else_base,consensus4_ultra_strict_stock_exception,base_hold,base_asset,00631L,00631L,00631L_reference,signal_date_interval_state_hold_approximation,base is continuously held between exceptions; interval rows decompose path for Experiments,6.788640022277832,6.4295501708984375,-0.05289569784242398,6.788640022277832,6.4295501708984375,-0.05289569784242398,15.270239317037284,-0.13579823000937374,True,,benchmark_features_adjusted_close_exact_reference,False,,blocked_no_bear_cash_classifier,True,False,False,False,False,False,False,False,True,False
2022-01-21,2022-01-26,00631L,consensus4_else_base,consensus4_ultra_strict_stock_exception,base_hold,base_asset,00631L,00631L,00631L_reference,signal_date_interval_state_hold_approximation,base is continuously held between exceptions; interval rows decompose path for Experiments,6.4295501708984375,6.2659101486206055,-0.02545123965569207,6.4295501708984375,6.2659101486206055,-0.02545123965569207,14.856141556923903,-0.15779323636827847,True,,benchmark_features_adjusted_close_exact_reference,False,,blocked_no_bear_cash_classifier,True,False,False,False,False,False,False,False,True,False
2022-01-26,2022-02-11,00631L,consensus4_else_base,consensus4_ultra_strict_stock_exception,base_hold,base_asset,00631L,00631L,00631L_reference,signal_date_interval_state_hold_approximation,base is continuously held between exceptions; interval rows decompose path for Experiments,6.2659101486206055,6.706820011138916,0.07036645149075005,6.2659101486206055,6.706820011138916,0.07036645149075005,15.971881972619656,-0.0985301349900054,True,,benchmark_features_adjusted_close_exact_reference,False,,blocked_no_bear_cash_classifier,True,False,False,False,False,False,False,False,True,False
2022-02-11,2022-02-18,00631L,consensus4_else_base,consensus4_ultra_strict_stock_exception,base_hold,base_asset,00631L,00631L,00631L_reference,signal_date_interval_state_hold_approximation,base is continuously held between exceptions; interval rows decompose path for Experiments,6.706820011138916,6.6954498291015625,-0.0016953164120208086,6.706820011138916,6.6954498291015625,-0.0016953164120208086,15.943109262568594,-0.10005841164709894,True,,benchmark_features_adjusted_close_exact_reference,False,,blocked_no_bear_cash_classifier,True,False,False,False,False,False,False,False,True,False
2022-02-18,2022-02-25,00631L,consensus4_else_base,consensus4_ultra_strict_stock_exception,stock_exception,stock,6719,6719,stock,signal_date_interval_state_hold_approximation,base is continuously held between exceptions; interval rows decompose path for Experiments,6.6954498291015625,6.202270030975342,-0.0736589490944477,808.0,776.0,-0.0396039603960396,15.272095034348055,-0.13569966267097622,True,,official_unadjusted_ohlcv_twse_stock_day,True,-0.0452144027494704,blocked_no_bear_cash_classifier,True,False,False,False,False,False,False,False,True,False
2022-02-25,2022-03-04,00631L,consensus4_else_base,consensus4_ultra_strict_stock_exception,base_hold,base_asset,00631L,00631L,00631L_reference,signal_date_interval_state_hold_approximation,base is continuously held between exceptions; interval rows decompose path for Experiments,6.202270030975342,6.270450115203857,0.010992762954210589,6.202270030975342,6.270450115203857,0.010992762954210589,15.450970317829032,-0.1261986139414739,True,,benchmark_features_adjusted_close_exact_reference,False,,blocked_no_bear_cash_classifier,True,False,False,False,False,False,False,False,True,False
2022-03-04,2022-03-11,00631L,consensus4_else_base,consensus4_ultra_strict_stock_exception,base_hold,base_asset,00631L,00631L,00631L_reference,signal_date_interval_state_hold_approximation,base is continuously held between exceptions; interval rows decompose path for Experiments,6.270450115203857,5.900000095367432,-0.059078696589611956,6.270450115203857,5.900000095367432,-0.059078696589611956,14.479068433817298,-0.177821660908008,True,,benchmark_features_adjusted_close_exact_reference,False,,blocked_no_bear_cash_classifier,True,False,False,False,False,False,False,False,True,False
2022-03-11,2022-03-18,00631L,consensus4_else_base,consensus4_ultra_strict_stock_exception,base_hold,base_asset,00631L,00631L,00631L_reference,signal_date_interval_state_hold_approximation,base is continuously held between exceptions; interval rows decompose path for Experiments,5.900000095367432,6.038640022277832,0.0234982923168523,5.900000095367432,6.038640022277832,0.0234982923168523,14.842800108667698,-0.15850187395944038,True,,benchmark_features_adjusted_close_exact_reference,False,,blocked_no_bear_cash_classifier,True,False,False,False,False,False,False,False,True,False
2022-03-18,2022-03-25,00631L,consensus4_else_base,consensus4_ultra_strict_stock_exception,base_hold,base_asset,00631L,00631L,00631L_reference,signal_date_interval_state_hold_approximation,base is continuously held between exceptions; interval rows decompose path for Experiments,6.038640022277832,6.218180179595947,0.02973188609616617,6.038640022277832,6.218180179595947,0.02973188609616617,15.313836436942935,-0.13348254752586508,True,,benchmark_features_adjusted_close_exact_reference,False,,blocked_no_bear_cash_classifier,True,False,False,False,False,False,False,False,True,False
2022-03-25,2022-04-01,00631L,consensus4_else_base,consensus4_ultra_strict_stock_exception,base_hold,base_asset,00631L,00631L,00631L_reference,signal_date_interval_state_hold_approximation,base is continuously held between exceptions; interval rows decompose path for Experiments,6.218180179595947,6.150000095367432,-0.010964636317911558,6.218180179595947,6.150000095367432,-0.010964636317911558,15.134961153461962,-0.14298359625536716,True,,benchmark_features_adjusted_close_exact_reference,False,,blocked_no_bear_cash_classifier,True,False,False,False,False,False,False,False,True,False
2022-04-01,2022-04-08,00631L,consensus4_else_base,consensus4_ultra_strict_stock_exception,base_hold,base_asset,00631L,00631L,00631L_reference,signal_date_interval_state_hold_approximation,base is continuously held between exceptions; interval rows decompose path for Experiments,6.150000095367432,5.952270030975342,-0.03215122948388771,6.150000095367432,5.952270030975342,-0.03215122948388771,14.616202314703393,-0.17053772732361705,True,,benchmark_features_adjusted_close_exact_reference,False,,blocked_no_bear_cash_classifier,True,False,False,False,False,False,False,False,True,False
2022-04-08,2022-04-15,00631L,consensus4_else_base,consensus4_ultra_strict_stock_exception,stock_exception,stock,4736,4736,stock,signal_date_interval_state_hold_approximation,base is continuously held between exceptions; interval rows decompose path for Experiments,5.952270030975342,5.740910053253174,-0.03550913796287136,232.0,294.5,0.2693965517241379,18.823153369310987,0.0,True,,official_unadjusted_ohlcv_tpex_trading_stock,True,0.2619806360445201,blocked_no_bear_cash_classifier,True,False,False,False,False,False,False,False,True,False
2022-04-15,2022-04-22,00631L,consensus4_else_base,consensus4_ultra_strict_stock_exception,base_hold,base_asset,00631L,00631L,00631L_reference,signal_date_interval_state_hold_approximation,base is continuously held between exceptions; interval rows decompose path for Experiments,5.740910053253174,5.754549980163574,0.0023759171949875313,5.740910053253174,5.754549980163574,0.0023759171949875313,18.870251540260007,0.0,True,,benchmark_features_adjusted_close_exact_reference,False,,blocked_no_bear_cash_classifier,True,False,False,False,False,False,False,False,True,False
2022-04-22,2022-04-29,00631L,consensus4_else_base,consensus4_ultra_strict_stock_exception,base_hold,base_asset,00631L,00631L,00631L_reference,signal_date_interval_state_hold_approximation,base is continuously held between exceptions; interval rows decompose path for Experiments,5.754549980163574,5.477270126342773,-0.048184454870773274,5.754549980163574,5.477270126342773,-0.048184454870773274,17.912814301647437,-0.048184454870773163,True,,benchmark_features_adjusted_close_exact_reference,False,,blocked_no_bear_cash_classifier,True,False,False,False,False,False,False,False,True,False
2022-04-29,2022-05-06,00631L,consensus4_else_base,consensus4_ultra_strict_stock_exception,stock_exception,stock,4736,4736,stock,signal_date_interval_state_hold_approximation,base is continuously held between exceptions; interval rows decompose path for Experiments,5.477270126342773,5.331820011138916,-0.026555220365035326,290.0,247.0,-0.1482758620689654,15.108500456920407,-0.1893157253554515,True,,official_unadjusted_ohlcv_tpex_trading_stock,True,-0.1532518762264754,blocked_no_bear_cash_classifier,True,False,False,False,False,False,False,False,True,False
2022-05-06,2022-05-13,00631L,consensus4_else_base,consensus4_ultra_strict_stock_exception,base_hold,base_asset,00631L,00631L,00631L_reference,signal_date_interval_state_hold_approximation,base is continuously held between exceptions; interval rows decompose path for Experiments,5.331820011138916,4.9840898513793945,-0.06521791040077585,5.331820011138916,4.9840898513793945,-0.06521791040077585,14.057937717430114,-0.24218685974253762,True,,benchmark_features_adjusted_close_exact_reference,False,,blocked_no_bear_cash_classifier,True,False,False,False,False,False,False,False,True,False
2022-05-13,2022-05-20,00631L,consensus4_else_base,consensus4_ultra_strict_stock_exception,base_hold,base_asset,00631L,00631L,00631L_reference,signal_date_interval_state_hold_approximation,base is continuously held between exceptions; interval rows decompose path for Experiments,4.9840898513793945,5.1795501708984375,0.03921685309604661,4.9840898513793945,5.1795501708984375,0.03921685309604661,14.64846264882399,-0.21246781314680696,True,,benchmark_features_adjusted_close_exact_reference,False,,blocked_no_bear_cash_classifier,True,False,False,False,False,False,False,False,True,False
2022-05-20,2022-05-27,00631L,consensus4_else_base,consensus4_ultra_strict_stock_exception,base_hold,base_asset,00631L,00631L,00631L_reference,signal_date_interval_state_hold_approximation,base is continuously held between exceptions; interval rows decompose path for Experiments,5.1795501708984375,5.243179798126221,0.012284778625234472,5.1795501708984375,5.243179798126221,0.012284778625234472,14.840700548290043,-0.20279315457106872,True,,benchmark_features_adjusted_close_exact_reference,False,,blocked_no_bear_cash_classifier,True,False,False,False,False,False,False,False,True,False
2022-05-27,2022-06-02,00631L,consensus4_else_base,consensus4_ultra_strict_stock_exception,base_hold,base_asset,00631L,00631L,00631L_reference,signal_date_interval_state_hold_approximation,base is continuously held between exceptions; interval rows decompose path for Experiments,5.243179798126221,5.438640117645264,0.03727896563625288,5.243179798126221,5.438640117645264,0.03727896563625288,15.43122547968392,-0.17307410797533795,True,,benchmark_features_adjusted_close_exact_reference,False,,blocked_no_bear_cash_classifier,True,False,False,False,False,False,False,False,True,False
2022-06-02,2022-06-10,00631L,consensus4_else_base,consensus4_ultra_strict_stock_exception,base_hold,base_asset,00631L,00631L,00631L_reference,signal_date_interval_state_hold_approximation,base is continuously held between exceptions; interval rows decompose path for Experiments,5.438640117645264,5.397729873657227,-0.007522145812756897,5.438640117645264,5.397729873657227,-0.007522145812756897,15.307627405743453,-0.17929436511149144,True,,benchmark_features_adjusted_close_exact_reference,False,,blocked_no_bear_cash_classifier,True,False,False,False,False,False,False,False,True,False
2022-06-10,2022-06-17,00631L,consensus4_else_base,consensus4_ultra_strict_stock_exception,stock_exception,stock,1522,1522,stock,signal_date_interval_state_hold_approximation,base is continuously held between exceptions; interval rows decompose path for Experiments,5.397729873657227,4.868179798126221,-0.09810607198322241,30.7,27.2,-0.1140065146579805,13.448451642873678,-0.2728601541052954,True,,official_unadjusted_ohlcv_twse_stock_day,True,-0.1191827253426422,blocked_no_bear_cash_classifier,True,False,False,False,False,False,False,False,True,False
2022-06-17,2022-06-24,00631L,consensus4_else_base,consensus4_ultra_strict_stock_exception,base_hold,base_asset,00631L,00631L,00631L_reference,signal_date_interval_state_hold_approximation,base is continuously held between exceptions; interval rows decompose path for Experiments,4.868179798126221,4.727270126342773,-0.028945042629215156,4.868179798126221,4.727270126342773,-0.028945042629215156,13.030240594144546,-0.29390724794211853,True,,benchmark_features_adjusted_close_exact_reference,False,,blocked_no_bear_cash_classifier,True,False,False,False,False,False,False,False,True,False
2022-06-24,2022-07-01,00631L,consensus4_else_base,consensus4_ultra_strict_stock_exception,base_hold,base_asset,00631L,00631L,00631L_reference,signal_date_interval_state_hold_approximation,base is continuously held between exceptions; interval rows decompose path for Experiments,4.727270126342773,4.19773006439209,-0.11201815166004891,4.727270126342773,4.19773006439209,-0.11201815166004891,11.458598975442687,-0.37300245292819967,True,,benchmark_features_adjusted_close_exact_reference,False,,blocked_no_bear_cash_classifier,True,False,False,False,False,False,False,False,True,False
2022-07-01,2022-07-08,00631L,consensus4_else_base,consensus4_ultra_strict_stock_exception,stock_exception,stock,5904,5904,stock,signal_date_interval_state_hold_approximation,base is continuously held between exceptions; interval rows decompose path for Experiments,4.19773006439209,4.3090901374816895,0.026528640808571424,337.5,364.0,0.0785185185185184,12.436829709810779,-0.3237715344173768,True,,official_unadjusted_ohlcv_tpex_trading_stock,True,0.0722175606832484,blocked_no_bear_cash_classifier,True,False,False,False,False,False,False,False,True,False
2022-07-08,2022-07-15,00631L,consensus4_else_base,consensus4_ultra_strict_stock_exception,base_hold,base_asset,00631L,00631L,00631L_reference,signal_date_interval_state_hold_approximation,base is continuously held between exceptions; interval rows decompose path for Experiments,4.3090901374816895,4.400000095367432,0.021097251388403793,4.3090901374816895,4.400000095367432,0.021097251388403793,12.720309884061828,-0.3095049724829857,True,,benchmark_features_adjusted_close_exact_reference,False,,blocked_no_bear_cash_classifier,True,False,False,False,False,False,False,False,True,False
2022-07-15,2022-07-22,00631L,consensus4_else_base,consensus4_ultra_strict_stock_exception,base_hold,base_asset,00631L,00631L,00631L_reference,signal_date_interval_state_hold_approximation,base is continuously held between exceptions; interval rows decompose path for Experiments,4.400000095367432,4.650000095367432,0.05681818058668098,4.400000095367432,4.650000095367432,0.05681818058668098,13.499872928759677,-0.27027230131531876,True,,benchmark_features_adjusted_close_exact_reference,False,,blocked_no_bear_cash_classifier,True,False,False,False,False,False,False,False,True,False
2022-07-22,2022-07-29,00631L,consensus4_else_base,consensus4_ultra_strict_stock_exception,base_hold,base_asset,00631L,00631L,00631L_reference,signal_date_interval_state_hold_approximation,base is continuously held between exceptions; interval rows decompose path for Experiments,4.650000095367432,4.7363600730896,0.018572037838924915,4.650000095367432,4.7363600730896,0.018572037838924915,13.769165117452205,-0.2567197708832353,True,,benchmark_features_adjusted_close_exact_reference,False,,blocked_no_bear_cash_classifier,True,False,False,False,False,False,False,False,True,False
2022-07-29,2022-08-05,00631L,consensus4_else_base,consensus4_ultra_strict_stock_exception,stock_exception,stock,2419,2419,stock,signal_date_interval_state_hold_approximation,base is continuously held between exceptions; interval rows decompose path for Experiments,4.7363600730896,4.818180084228516,0.017274871394130198,29.6,28.05,-0.0523648648648649,12.995779781909944,-0.2956415396376605,True,,official_unadjusted_ohlcv_twse_stock_day,True,-0.0579004850999868,blocked_no_bear_cash_classifier,True,False,False,False,False,False,False,False,True,False
2022-08-05,2022-08-12,00631L,consensus4_else_base,consensus4_ultra_strict_stock_exception,base_hold,base_asset,00631L,00631L,00631L_reference,signal_date_interval_state_hold_approximation,base is continuously held between exceptions; interval rows decompose path for Experiments,4.818180084228516,4.974999904632568,0.03254752160828844,4.818180084228516,4.974999904632568,0.03254752160828844,13.451307726786505,-0.2727164174290364,True,,benchmark_features_adjusted_close_exact_reference,False,,blocked_no_bear_cash_classifier,True,False,False,False,False,False,False,False,True,False
2022-08-12,2022-08-19,00631L,consensus4_else_base,consensus4_ultra_strict_stock_exception,stock_exception,stock,6796,6796,stock,signal_date_interval_state_hold_approximation,base is continuously held between exceptions; interval rows decompose path for Experiments,4.974999904632568,5.036359786987305,0.012333644930847099,114.5,116.0,0.0131004366812226,13.640626168622134,-0.2631886849062728,True,,official_unadjusted_ohlcv_twse_stock_day,True,0.0071817794614988,blocked_no_bear_cash_classifier,True,False,False,False,False,False,False,False,True,False
2022-08-19,2022-08-26,00631L,consensus4_else_base,consensus4_ultra_strict_stock_exception,base_hold,base_asset,00631L,00631L,00631L_reference,signal_date_interval_state_hold_approximation,base is continuously held between exceptions; interval rows decompose path for Experiments,5.036359786987305,4.9454498291015625,-0.018050727456094484,5.036359786987305,4.9454498291015625,-0.018050727456094484,13.37635221586577,-0.2764886651415963,True,,benchmark_features_adjusted_close_exact_reference,False,,blocked_no_bear_cash_classifier,True,False,False,False,False,False,False,False,True,False
2022-08-26,2022-09-02,00631L,consensus4_else_base,consensus4_ultra_strict_stock_exception,base_hold,base_asset,00631L,00631L,00631L_reference,signal_date_interval_state_hold_approximation,base is continuously held between exceptions; interval rows decompose path for Experiments,4.9454498291015625,4.518179893493652,-0.08639657672667811,4.9454498291015625,4.518179893493652,-0.08639657672667811,12.134284598597974,-0.33899756769631173,True,,benchmark_features_adjusted_close_exact_reference,False,,blocked_no_bear_cash_classifier,True,False,False,False,False,False,False,False,True,False
2022-09-02,2022-09-08,00631L,consensus4_else_base,consensus4_ultra_strict_stock_exception,base_hold,base_asset,00631L,00631L,00631L_reference,signal_date_interval_state_hold_approximation,base is continuously held between exceptions; interval rows decompose path for Experiments,4.518179893493652,4.459090232849121,-0.013078200079997382,4.518179893493652,4.459090232849121,-0.013078200079997382,11.962511796709881,-0.3476422897593443,True,,benchmark_features_adjusted_close_exact_reference,False,,blocked_no_bear_cash_classifier,True,False,False,False,False,False,False,False,True,False
2022-09-08,2022-09-16,00631L,consensus4_else_base,consensus4_ultra_strict_stock_exception,stock_exception,stock,8069,8069,stock,signal_date_interval_state_hold_approximation,base is continuously held between exceptions; interval rows decompose path for Experiments,4.459090232849121,4.4295501708984375,-0.006624683603186243,240.5,234.5,-0.0249480249480249,11.639122729016496,-0.3639173261894646,True,,official_unadjusted_ohlcv_tpex_trading_stock,True,-0.0306433638498777,blocked_no_bear_cash_classifier,True,False,False,False,False,False,False,False,True,False
2022-09-16,2022-09-23,00631L,consensus4_else_base,consensus4_ultra_strict_stock_exception,base_hold,base_asset,00631L,00631L,00631L_reference,signal_date_interval_state_hold_approximation,base is continuously held between exceptions; interval rows decompose path for Experiments,4.4295501708984375,4.213640213012695,-0.048743088926781364,4.4295501708984375,4.213640213012695,-0.048743088926781364,11.02305284587954,-0.39492196052379636,True,,benchmark_features_adjusted_close_exact_reference,False,,blocked_no_bear_cash_classifier,True,False,False,False,False,False,False,False,True,False
2022-09-23,2022-09-30,00631L,consensus4_else_base,consensus4_ultra_strict_stock_exception,base_hold,base_asset,00631L,00631L,00631L_reference,signal_date_interval_state_hold_approximation,base is continuously held between exceptions; interval rows decompose path for Experiments,4.213640213012695,3.781820058822632,-0.10248149636898352,4.213640213012695,3.781820058822632,-0.10248149636898352,9.79091239931044,-0.45693126342932855,True,,benchmark_features_adjusted_close_exact_reference,False,,blocked_no_bear_cash_classifier,True,False,False,False,False,False,False,False,True,False
2022-09-30,2022-10-07,00631L,consensus4_else_base,consensus4_ultra_strict_stock_exception,base_hold,base_asset,00631L,00631L,00631L_reference,signal_date_interval_state_hold_approximation,base is continuously held between exceptions; interval rows decompose path for Experiments,3.781820058822632,3.94773006439209,0.04387041239109335,3.781820058822632,3.94773006439209,0.04387041239109335,10.264314176344351,-0.4331066139992632,True,,benchmark_features_adjusted_close_exact_reference,False,,blocked_no_bear_cash_classifier,True,False,False,False,False,False,False,False,True,False
2022-10-07,2022-10-14,00631L,consensus4_else_base,consensus4_ultra_strict_stock_exception,base_hold,base_asset,00631L,00631L,00631L_reference,signal_date_interval_state_hold_approximation,base is continuously held between exceptions; interval rows decompose path for Experiments,3.94773006439209,3.634089946746826,-0.07944821771737853,3.94773006439209,3.634089946746826,-0.07944821771737853,9.369384491225192,-0.4781452831527916,True,,benchmark_features_adjusted_close_exact_reference,False,,blocked_no_bear_cash_classifier,True,False,False,False,False,False,False,False,True,False
2022-10-14,2022-10-21,00631L,consensus4_else_base,consensus4_ultra_strict_stock_exception,base_hold,base_asset,00631L,00631L,00631L_reference,signal_date_interval_state_hold_approximation,base is continuously held between exceptions; interval rows decompose path for Experiments,3.634089946746826,3.4363598823547363,-0.05440978822472309,3.634089946746826,3.4363598823547363,-0.05440978822472309,8.805188477036902,-0.506539287780521,True,,benchmark_features_adjusted_close_exact_reference,False,,blocked_no_bear_cash_classifier,True,False,False,False,False,False,False,False,True,False
2022-10-21,2022-10-28,00631L,consensus4_else_base,consensus4_ultra_strict_stock_exception,base_hold,base_asset,00631L,00631L,00631L_reference,signal_date_interval_state_hold_approximation,base is continuously held between exceptions; interval rows decompose path for Experiments,3.4363598823547363,3.404550075531006,-0.009256832204062704,3.4363598823547363,3.404550075531006,-0.009256832204062704,8.714423492575762,-0.5111071707928341,True,,benchmark_features_adjusted_close_exact_reference,False,,blocked_no_bear_cash_classifier,True,False,False,False,False,False,False,False,True,False
2022-10-28,2022-11-04,00631L,consensus4_else_base,consensus4_ultra_strict_stock_exception,base_hold,base_asset,00631L,00631L,00631L_reference,signal_date_interval_state_hold_approximation,base is continuously held between exceptions; interval rows decompose path for Experiments,3.404550075531006,3.543179988861084,0.040719011397844174,3.404550075531006,3.543179988861084,0.040719011397844174,9.10998521349344,-0.4911999381080232,True,,benchmark_features_adjusted_close_exact_reference,False,,blocked_no_bear_cash_classifier,True,False,False,False,False,False,False,False,True,False
2022-11-04,2022-11-11,00631L,consensus4_else_base,consensus4_ultra_strict_stock_exception,stock_exception,stock,2468,2468,stock,signal_date_interval_state_hold_approximation,base is continuously held between exceptions; interval rows decompose path for Experiments,3.543179988861084,4.120450019836426,0.16292427502699325,26.4,27.2,0.0303030303030302,9.41634840178112,-0.4757817544143269,True,,official_unadjusted_ohlcv_twse_stock_day,True,0.0242842999859597,blocked_no_bear_cash_classifier,True,False,False,False,False,False,False,False,True,False
2022-11-11,2022-11-18,00631L,consensus4_else_base,consensus4_ultra_strict_stock_exception,base_hold,base_asset,00631L,00631L,00631L_reference,signal_date_interval_state_hold_approximation,base is continuously held between exceptions; interval rows decompose path for Experiments,4.120450019836426,4.418179988861084,0.0722566631293533,4.120450019836426,4.418179988861084,0.0722566631293533,10.168998979286595,-0.43790349323678235,True,,benchmark_features_adjusted_close_exact_reference,False,,blocked_no_bear_cash_classifier,True,False,False,False,False,False,False,False,True,False
2022-11-18,2022-11-25,00631L,consensus4_else_base,consensus4_ultra_strict_stock_exception,base_hold,base_asset,00631L,00631L,00631L_reference,signal_date_interval_state_hold_approximation,base is continuously held between exceptions; interval rows decompose path for Experiments,4.418179988861084,4.581820011138916,0.03703788045991652,4.418179988861084,4.581820011138916,0.03703788045991652,10.582675028338342,-0.41708463001234963,True,,benchmark_features_adjusted_close_exact_reference,False,,blocked_no_bear_cash_classifier,True,False,False,False,False,False,False,False,True,False
2022-11-25,2022-12-02,00631L,consensus4_else_base,consensus4_ultra_strict_stock_exception,base_hold,base_asset,00631L,00631L,00631L_reference,signal_date_interval_state_hold_approximation,base is continuously held between exceptions; interval rows decompose path for Experiments,4.581820011138916,4.6840901374816895,0.02232085199639955,4.581820011138916,4.6840901374816895,0.02232085199639955,10.841210203368275,-0.4040734623124288,True,,benchmark_features_adjusted_close_exact_reference,False,,blocked_no_bear_cash_classifier,True,False,False,False,False,False,False,False,True,False
2022-12-02,2022-12-09,00631L,consensus4_else_base,consensus4_ultra_strict_stock_exception,base_hold,base_asset,00631L,00631L,00631L_reference,signal_date_interval_state_hold_approximation,base is continuously held between exceptions; interval rows decompose path for Experiments,4.6840901374816895,4.545450210571289,-0.02959804846644931,4.6840901374816895,4.545450210571289,-0.02959804846644931,10.490733489867567,-0.42171172485734887,True,,benchmark_features_adjusted_close_exact_reference,False,,blocked_no_bear_cash_classifier,True,False,False,False,False,False,False,False,True,False
2022-12-09,2022-12-16,00631L,consensus4_else_base,consensus4_ultra_strict_stock_exception,base_hold,base_asset,00631L,00631L,00631L_reference,signal_date_interval_state_hold_approximation,base is continuously held between exceptions; interval rows decompose path for Experiments,4.545450210571289,4.406819820404053,-0.03049871492263312,4.545450210571289,4.406819820404053,-0.03049871492263312,10.140280884908144,-0.43934877410402573,True,,benchmark_features_adjusted_close_exact_reference,False,,blocked_no_bear_cash_classifier,True,False,False,False,False,False,False,False,True,False
2022-12-16,2022-12-23,00631L,consensus4_else_base,consensus4_ultra_strict_stock_exception,base_hold,base_asset,00631L,00631L,00631L_reference,signal_date_interval_state_hold_approximation,base is continuously held between exceptions; interval rows decompose path for Experiments,4.406819820404053,4.259089946746826,-0.03352301198547336,4.406819820404053,4.259089946746826,-0.03352301198547336,9.766825115281828,-0.45814349186940684,True,,benchmark_features_adjusted_close_exact_reference,False,,blocked_no_bear_cash_classifier,True,False,False,False,False,False,False,False,True,False
2022-12-23,2022-12-29,00631L,consensus4_else_base,consensus4_ultra_strict_stock_exception,base_hold,base_asset,00631L,00631L,00631L_reference,signal_date_interval_state_hold_approximation,base is continuously held between exceptions; interval rows decompose path for Experiments,4.259089946746826,4.168179988861084,-0.02134492556448142,4.259089946746826,4.168179988861084,-0.02134492556448142,9.537008034630349,-0.4697093787020842,True,,benchmark_features_adjusted_close_exact_reference,False,,blocked_no_bear_cash_classifier,True,False,False,False,False,False,False,False,True,False
