trade_date,benchmark,state_hold_path_type,adjusted_close,daily_return,cumulative_return,drawdown,mdd_to_date,source_quality,cash_proxy,diagnostic_only,formal_model_changed,trade_decision_changed,active_in_trade_decision,report_changed,portfolio_replay_executed,ready_for_strategy_replay,ready_for_formal,not_live_rule,forward_returns_live_rule_usage
2015-01-05,0050,buy_hold_daily_state_hold_reference,11.721049308776855,0.0,0.0,0.0,0.0,benchmark_features_adjusted_close_exact_reference,False,True,False,False,False,False,False,False,False,True,False
2015-01-06,0050,buy_hold_daily_state_hold_reference,11.430444717407228,-0.024793393809206088,-0.024793393809206088,-0.024793393809206088,-0.024793393809206088,benchmark_features_adjusted_close_exact_reference,False,True,False,False,False,False,False,False,False,True,False
2015-01-07,0050,buy_hold_daily_state_hold_reference,11.448057174682615,0.001540837448657184,-0.023290758950209378,-0.023290758950209378,-0.024793393809206088,benchmark_features_adjusted_close_exact_reference,False,True,False,False,False,False,False,False,False,True,False
2015-01-08,0050,buy_hold_daily_state_hold_reference,11.712242126464844,0.023076837209240475,-0.0007513987937425304,-0.0007513987937425304,-0.024793393809206088,benchmark_features_adjusted_close_exact_reference,False,True,False,False,False,False,False,False,False,True,False
2015-01-09,0050,buy_hold_daily_state_hold_reference,11.65059757232666,-0.005263258176578578,-0.006010702164476078,-0.006010702164476078,-0.024793393809206088,benchmark_features_adjusted_close_exact_reference,False,True,False,False,False,False,False,False,False,True,False
2015-01-12,0050,buy_hold_daily_state_hold_reference,11.58014965057373,-0.006046721751016726,-0.012021078871975899,-0.012021078871975899,-0.024793393809206088,benchmark_features_adjusted_close_exact_reference,False,True,False,False,False,False,False,False,False,True,False
2015-01-13,0050,buy_hold_daily_state_hold_reference,11.615374565124512,0.003041835866865128,-0.009015809153981924,-0.009015809153981924,-0.024793393809206088,benchmark_features_adjusted_close_exact_reference,False,True,False,False,False,False,False,False,False,True,False
2015-01-14,0050,buy_hold_daily_state_hold_reference,11.553729057312012,-0.005307233741526751,-0.014275193888959481,-0.014275193888959481,-0.024793393809206088,benchmark_features_adjusted_close_exact_reference,False,True,False,False,False,False,False,False,False,True,False
2015-01-15,0050,buy_hold_daily_state_hold_reference,11.588955879211426,0.003048956897350852,-0.011269761442477377,-0.011269761442477377,-0.024793393809206088,benchmark_features_adjusted_close_exact_reference,False,True,False,False,False,False,False,False,False,True,False
2015-01-16,0050,buy_hold_daily_state_hold_reference,11.536118507385254,-0.004559286649883032,-0.015777666019468395,-0.015777666019468395,-0.024793393809206088,benchmark_features_adjusted_close_exact_reference,False,True,False,False,False,False,False,False,False,True,False
2015-01-19,0050,buy_hold_daily_state_hold_reference,11.66821002960205,0.011450257045490186,-0.0045080673054790354,-0.0045080673054790354,-0.024793393809206088,benchmark_features_adjusted_close_exact_reference,False,True,False,False,False,False,False,False,False,True,False
2015-01-20,0050,buy_hold_daily_state_hold_reference,11.756272315979004,0.007547197569596431,0.0030051069895058458,0.0,-0.024793393809206088,benchmark_features_adjusted_close_exact_reference,False,True,False,False,False,False,False,False,False,True,False
2015-01-21,0050,buy_hold_daily_state_hold_reference,11.844334602355955,0.007490664048097839,0.010518281284490616,0.0,-0.024793393809206088,benchmark_features_adjusted_close_exact_reference,False,True,False,False,False,False,False,False,False,True,False
2015-01-22,0050,buy_hold_daily_state_hold_reference,11.90597915649414,0.0052045603411037256,0.015777584655224386,0.0,-0.024793393809206088,benchmark_features_adjusted_close_exact_reference,False,True,False,False,False,False,False,False,False,True,False
2015-01-23,0050,buy_hold_daily_state_hold_reference,12.09971523284912,0.01627216659868802,0.03230648673994696,0.0,-0.024793393809206088,benchmark_features_adjusted_close_exact_reference,False,True,False,False,False,False,False,False,False,True,False
2015-01-26,0050,buy_hold_daily_state_hold_reference,12.09971523284912,0.0,0.03230648673994696,0.0,-0.024793393809206088,benchmark_features_adjusted_close_exact_reference,False,True,False,False,False,False,False,False,False,True,False
2015-01-27,0050,buy_hold_daily_state_hold_reference,12.178969383239746,0.006550083937137741,0.039068180876945524,0.0,-0.024793393809206088,benchmark_features_adjusted_close_exact_reference,False,True,False,False,False,False,False,False,False,True,False
2015-01-28,0050,buy_hold_daily_state_hold_reference,12.178969383239746,0.0,0.039068180876945524,0.0,-0.024793393809206088,benchmark_features_adjusted_close_exact_reference,False,True,False,False,False,False,False,False,False,True,False
2015-01-29,0050,buy_hold_daily_state_hold_reference,12.029266357421877,-0.012291928906881466,0.026296028668203464,-0.012291928906881466,-0.024793393809206088,benchmark_features_adjusted_close_exact_reference,False,True,False,False,False,False,False,False,False,True,False
2015-01-30,0050,buy_hold_daily_state_hold_reference,11.976428031921388,-0.004392481131477166,0.021788042726968326,-0.016630417972565814,-0.024793393809206088,benchmark_features_adjusted_close_exact_reference,False,True,False,False,False,False,False,False,False,True,False
2015-02-02,0050,buy_hold_daily_state_hold_reference,12.002847671508787,0.0022059698865957156,0.024042076379707567,-0.014461134287219068,-0.024793393809206088,benchmark_features_adjusted_close_exact_reference,False,True,False,False,False,False,False,False,False,True,False
2015-02-03,0050,buy_hold_daily_state_hold_reference,12.090909004211426,0.007336703348462148,0.03155516931044855,-0.007230527991104685,-0.024793393809206088,benchmark_features_adjusted_close_exact_reference,False,True,False,False,False,False,False,False,False,True,False
2015-02-04,0050,buy_hold_daily_state_hold_reference,12.223003387451172,0.010925099444031527,0.04282501211717005,0.0,-0.024793393809206088,benchmark_features_adjusted_close_exact_reference,False,True,False,False,False,False,False,False,False,True,False
2015-02-05,0050,buy_hold_daily_state_hold_reference,12.170165061950684,-0.0043228594336098825,0.03831702617593513,-0.004322859433609771,-0.024793393809206088,benchmark_features_adjusted_close_exact_reference,False,True,False,False,False,False,False,False,False,True,False
2015-02-06,0050,buy_hold_daily_state_hold_reference,12.1085205078125,-0.005065219232803342,0.033057722805201584,-0.009366182435669335,-0.024793393809206088,benchmark_features_adjusted_close_exact_reference,False,True,False,False,False,False,False,False,False,True,False
2015-02-09,0050,buy_hold_daily_state_hold_reference,12.064492225646973,-0.003636140529069576,0.029301379750441114,-0.012968266209182011,-0.024793393809206088,benchmark_features_adjusted_close_exact_reference,False,True,False,False,False,False,False,False,False,True,False
2015-02-10,0050,buy_hold_daily_state_hold_reference,12.02045726776123,-0.003649963633954867,0.025544467145972583,-0.01657089614307783,-0.024793393809206088,benchmark_features_adjusted_close_exact_reference,False,True,False,False,False,False,False,False,False,True,False
2015-02-11,0050,buy_hold_daily_state_hold_reference,12.152551651000977,0.010989131303184463,0.03681430995269408,-0.005763864593420931,-0.024793393809206088,benchmark_features_adjusted_close_exact_reference,False,True,False,False,False,False,False,False,False,True,False
2015-02-12,0050,buy_hold_daily_state_hold_reference,12.152551651000977,0.0,0.03681430995269408,-0.005763864593420931,-0.024793393809206088,benchmark_features_adjusted_close_exact_reference,False,True,False,False,False,False,False,False,False,True,False
2015-02-13,0050,buy_hold_daily_state_hold_reference,12.23180866241455,0.006521841148237062,0.04357624818242445,0.0,-0.024793393809206088,benchmark_features_adjusted_close_exact_reference,False,True,False,False,False,False,False,False,False,True,False
2015-02-24,0050,buy_hold_daily_state_hold_reference,12.372705459594728,0.011518884988212852,0.05559708296166832,0.0,-0.024793393809206088,benchmark_features_adjusted_close_exact_reference,False,True,False,False,False,False,False,False,False,True,False
2015-02-25,0050,buy_hold_daily_state_hold_reference,12.469573974609377,0.007829210460960967,0.06386157468615172,0.0,-0.024793393809206088,benchmark_features_adjusted_close_exact_reference,False,True,False,False,False,False,False,False,False,True,False
2015-02-26,0050,buy_hold_daily_state_hold_reference,12.381516456604004,-0.007061790417593694,0.056348807212387,-0.007061790417593583,-0.024793393809206088,benchmark_features_adjusted_close_exact_reference,False,True,False,False,False,False,False,False,False,True,False
2015-03-02,0050,buy_hold_daily_state_hold_reference,12.3286771774292,-0.004267593501975364,0.05184073990690785,-0.011299247068670693,-0.024793393809206088,benchmark_features_adjusted_close_exact_reference,False,True,False,False,False,False,False,False,False,True,False
2015-03-03,0050,buy_hold_daily_state_hold_reference,12.311063766479492,-0.0014286537554858425,0.0503380236836668,-0.012711758112397775,-0.024793393809206088,benchmark_features_adjusted_close_exact_reference,False,True,False,False,False,False,False,False,False,True,False
2015-03-04,0050,buy_hold_daily_state_hold_reference,12.319869041442873,0.0007152326663562025,0.05108925974892142,-0.012005617310690275,-0.024793393809206088,benchmark_features_adjusted_close_exact_reference,False,True,False,False,False,False,False,False,False,True,False
2015-03-05,0050,buy_hold_daily_state_hold_reference,12.275838851928713,-0.00357391700886156,0.04733275396567316,-0.01553662723964322,-0.024793393809206088,benchmark_features_adjusted_close_exact_reference,False,True,False,False,False,False,False,False,False,True,False
2015-03-06,0050,buy_hold_daily_state_hold_reference,12.29345417022705,0.0014349584179798036,0.048835632917402005,-0.014123963235708081,-0.024793393809206088,benchmark_features_adjusted_close_exact_reference,False,True,False,False,False,False,False,False,False,True,False
2015-03-09,0050,buy_hold_daily_state_hold_reference,12.170165061950684,-0.010028841899858865,0.03831702617593513,-0.024011158141276412,-0.024793393809206088,benchmark_features_adjusted_close_exact_reference,False,True,False,False,False,False,False,False,False,True,False
2015-03-10,0050,buy_hold_daily_state_hold_reference,12.143744468688965,-0.0021709313823787824,0.03606291115895144,-0.026129962946919272,-0.026129962946919272,benchmark_features_adjusted_close_exact_reference,False,True,False,False,False,False,False,False,False,True,False
2015-03-11,0050,buy_hold_daily_state_hold_reference,12.161358833312988,0.0014504887408854916,0.0375657087464365,-0.02471737542308805,-0.026129962946919272,benchmark_features_adjusted_close_exact_reference,False,True,False,False,False,False,False,False,False,True,False
2015-03-12,0050,buy_hold_daily_state_hold_reference,12.267032623291016,0.008689307784304434,0.046581436536174525,-0.016242844521454747,-0.026129962946919272,benchmark_features_adjusted_close_exact_reference,False,True,False,False,False,False,False,False,False,True,False
2015-03-13,0050,buy_hold_daily_state_hold_reference,12.23180866241455,-0.0028714328850472093,0.04357624818242445,-0.019067637168596496,-0.026129962946919272,benchmark_features_adjusted_close_exact_reference,False,True,False,False,False,False,False,False,False,True,False
2015-03-16,0050,buy_hold_daily_state_hold_reference,12.134943008422852,-0.00791916033557194,0.035312000550673295,-0.026835797828209773,-0.026835797828209773,benchmark_features_adjusted_close_exact_reference,False,True,False,False,False,False,False,False,False,True,False
2015-03-17,0050,buy_hold_daily_state_hold_reference,12.178969383239746,0.0036280660557148625,0.039068180876945524,-0.023305093819673384,-0.026835797828209773,benchmark_features_adjusted_close_exact_reference,False,True,False,False,False,False,False,False,False,True,False
2015-03-18,0050,buy_hold_daily_state_hold_reference,12.311063766479492,0.010846105206695933,0.0503380236836668,-0.012711758112397775,-0.026835797828209773,benchmark_features_adjusted_close_exact_reference,False,True,False,False,False,False,False,False,False,True,False
2015-03-19,0050,buy_hold_daily_state_hold_reference,12.443153381347656,0.010729342108341422,0.06160745966916803,-0.002118804805642749,-0.026835797828209773,benchmark_features_adjusted_close_exact_reference,False,True,False,False,False,False,False,False,False,True,False
2015-03-20,0050,buy_hold_daily_state_hold_reference,12.425542831420898,-0.0014152803061284747,0.06010498753865923,-0.0035310864090571936,-0.026835797828209773,benchmark_features_adjusted_close_exact_reference,False,True,False,False,False,False,False,False,False,True,False
2015-03-23,0050,buy_hold_daily_state_hold_reference,12.46076774597168,0.0028348793311232523,0.06311025725665309,-0.0007062172818115275,-0.026835797828209773,benchmark_features_adjusted_close_exact_reference,False,True,False,False,False,False,False,False,False,True,False
2015-03-24,0050,buy_hold_daily_state_hold_reference,12.41673755645752,-0.0035335053514976567,0.059353751473404825,-0.0042372272107644715,-0.026835797828209773,benchmark_features_adjusted_close_exact_reference,False,True,False,False,False,False,False,False,False,True,False
2015-03-25,0050,buy_hold_daily_state_hold_reference,12.372705459594728,-0.0035461888972511124,0.05559708296166832,-0.007768390099925804,-0.026835797828209773,benchmark_features_adjusted_close_exact_reference,False,True,False,False,False,False,False,False,False,True,False
2015-03-26,0050,buy_hold_daily_state_hold_reference,12.223003387451172,-0.012099380578680652,0.04282501211717005,-0.019773777970303774,-0.026835797828209773,benchmark_features_adjusted_close_exact_reference,False,True,False,False,False,False,False,False,False,True,False
2015-03-27,0050,buy_hold_daily_state_hold_reference,12.1085205078125,-0.009366182435669335,0.033057722805201584,-0.0289547555940608,-0.0289547555940608,benchmark_features_adjusted_close_exact_reference,False,True,False,False,False,False,False,False,False,True,False
2015-03-30,0050,buy_hold_daily_state_hold_reference,12.117329597473145,0.0007275116439668938,0.03380928432743224,-0.028248308871936856,-0.0289547555940608,benchmark_features_adjusted_close_exact_reference,False,True,False,False,False,False,False,False,False,True,False
2015-03-31,0050,buy_hold_daily_state_hold_reference,12.161358833312988,0.003633575820948698,0.0375657087464365,-0.02471737542308805,-0.0289547555940608,benchmark_features_adjusted_close_exact_reference,False,True,False,False,False,False,False,False,False,True,False
2015-04-01,0050,buy_hold_daily_state_hold_reference,12.090909004211426,-0.005792924135137212,0.03155516931044855,-0.030367113677579605,-0.030367113677579605,benchmark_features_adjusted_close_exact_reference,False,True,False,False,False,False,False,False,False,True,False
2015-04-02,0050,buy_hold_daily_state_hold_reference,12.240612983703612,0.012381532227232928,0.04432740288343484,-0.018361572846993357,-0.030367113677579605,benchmark_features_adjusted_close_exact_reference,False,True,False,False,False,False,False,False,False,True,False
2015-04-07,0050,buy_hold_daily_state_hold_reference,12.25822639465332,0.0014389321003089872,0.04583011910667589,-0.016949061803266385,-0.030367113677579605,benchmark_features_adjusted_close_exact_reference,False,True,False,False,False,False,False,False,False,True,False
2015-04-08,0050,buy_hold_daily_state_hold_reference,12.152551651000977,-0.008620720506388735,0.03681430995269408,-0.025423669185003495,-0.030367113677579605,benchmark_features_adjusted_close_exact_reference,False,True,False,False,False,False,False,False,False,True,False
2015-04-09,0050,buy_hold_daily_state_hold_reference,12.170165061950684,0.0014493590692334912,0.03831702617593513,-0.024011158141276412,-0.030367113677579605,benchmark_features_adjusted_close_exact_reference,False,True,False,False,False,False,False,False,False,True,False
2015-04-10,0050,buy_hold_daily_state_hold_reference,12.267032623291016,0.007959428721569406,0.046581436536174525,-0.016242844521454747,-0.030367113677579605,benchmark_features_adjusted_close_exact_reference,False,True,False,False,False,False,False,False,False,True,False
2015-04-13,0050,buy_hold_daily_state_hold_reference,12.302255630493164,0.002871355142177734,0.04958654352568037,-0.013418128354417358,-0.030367113677579605,benchmark_features_adjusted_close_exact_reference,False,True,False,False,False,False,False,False,False,True,False
2015-04-14,0050,buy_hold_daily_state_hold_reference,12.240612983703612,-0.005010678418741477,0.04432740288343484,-0.018361572846993357,-0.030367113677579605,benchmark_features_adjusted_close_exact_reference,False,True,False,False,False,False,False,False,False,True,False
2015-04-15,0050,buy_hold_daily_state_hold_reference,12.090909004211426,-0.012230104790625473,0.03155516931044855,-0.030367113677579605,-0.030367113677579605,benchmark_features_adjusted_close_exact_reference,False,True,False,False,False,False,False,False,False,True,False
2015-04-16,0050,buy_hold_daily_state_hold_reference,12.275838851928713,0.015294949920876322,0.04733275396567316,-0.01553662723964322,-0.030367113677579605,benchmark_features_adjusted_close_exact_reference,False,True,False,False,False,False,False,False,False,True,False
2015-04-17,0050,buy_hold_daily_state_hold_reference,12.161358833312988,-0.009325637131326281,0.0375657087464365,-0.02471737542308805,-0.030367113677579605,benchmark_features_adjusted_close_exact_reference,False,True,False,False,False,False,False,False,False,True,False
2015-04-20,0050,buy_hold_daily_state_hold_reference,12.143744468688965,-0.0014483878705867648,0.03606291115895144,-0.026129962946919272,-0.030367113677579605,benchmark_features_adjusted_close_exact_reference,False,True,False,False,False,False,False,False,False,True,False
2015-04-21,0050,buy_hold_daily_state_hold_reference,12.143744468688965,0.0,0.03606291115895144,-0.026129962946919272,-0.030367113677579605,benchmark_features_adjusted_close_exact_reference,False,True,False,False,False,False,False,False,False,True,False
2015-04-22,0050,buy_hold_daily_state_hold_reference,12.267032623291016,0.010152400268297335,0.046581436536174525,-0.016242844521454747,-0.030367113677579605,benchmark_features_adjusted_close_exact_reference,False,True,False,False,False,False,False,False,False,True,False
2015-04-23,0050,buy_hold_daily_state_hold_reference,12.592862129211426,0.02656139556536008,0.07438010006337459,0.0,-0.030367113677579605,benchmark_features_adjusted_close_exact_reference,False,True,False,False,False,False,False,False,False,True,False
2015-04-24,0050,buy_hold_daily_state_hold_reference,12.716147422790527,0.009790093174538939,0.08489838134786543,0.0,-0.030367113677579605,benchmark_features_adjusted_close_exact_reference,False,True,False,False,False,False,False,False,False,True,False
2015-04-27,0050,buy_hold_daily_state_hold_reference,12.813018798828123,0.007617981517261896,0.09316311716508086,0.0,-0.030367113677579605,benchmark_features_adjusted_close_exact_reference,False,True,False,False,False,False,False,False,False,True,False
2015-04-28,0050,buy_hold_daily_state_hold_reference,12.786599159240724,-0.002061937159556382,0.09090908351234162,-0.002061937159556493,-0.030367113677579605,benchmark_features_adjusted_close_exact_reference,False,True,False,False,False,False,False,False,False,True,False
2015-04-29,0050,buy_hold_daily_state_hold_reference,12.645697593688965,-0.011019471541808046,0.07888784191187748,-0.013058687243513778,-0.030367113677579605,benchmark_features_adjusted_close_exact_reference,False,True,False,False,False,False,False,False,False,True,False
2015-04-30,0050,buy_hold_daily_state_hold_reference,12.584057807922363,-0.004874368164344167,0.0736289453623642,-0.01786940255849001,-0.030367113677579605,benchmark_features_adjusted_close_exact_reference,False,True,False,False,False,False,False,False,False,True,False
2015-05-04,0050,buy_hold_daily_state_hold_reference,12.610475540161133,0.002099301564089995,0.07588281628661564,-0.015807614259140457,-0.030367113677579605,benchmark_features_adjusted_close_exact_reference,False,True,False,False,False,False,False,False,False,True,False
2015-05-05,0050,buy_hold_daily_state_hold_reference,12.54002285003662,-0.0055868384899633305,0.06987203275789544,-0.021306138161326316,-0.030367113677579605,benchmark_features_adjusted_close_exact_reference,False,True,False,False,False,False,False,False,False,True,False
2015-05-06,0050,buy_hold_daily_state_hold_reference,12.557636260986328,0.0014045756662761644,0.0713747489811365,-0.019931488578253997,-0.030367113677579605,benchmark_features_adjusted_close_exact_reference,False,True,False,False,False,False,False,False,False,True,False
2015-05-07,0050,buy_hold_daily_state_hold_reference,12.407933235168455,-0.011921274251505909,0.05860259677239421,-0.03161515408817761,-0.03161515408817761,benchmark_features_adjusted_close_exact_reference,False,True,False,False,False,False,False,False,False,True,False
2015-05-08,0050,buy_hold_daily_state_hold_reference,12.41673755645752,0.0007095719425787017,0.059353751473404825,-0.030928015371900264,-0.03161515408817761,benchmark_features_adjusted_close_exact_reference,False,True,False,False,False,False,False,False,False,True,False
2015-05-11,0050,buy_hold_daily_state_hold_reference,12.478381156921388,0.004964556928386488,0.06461297347989436,-0.026117002336509598,-0.03161515408817761,benchmark_features_adjusted_close_exact_reference,False,True,False,False,False,False,False,False,False,True,False
2015-05-12,0050,buy_hold_daily_state_hold_reference,12.451964378356934,-0.0021170036587480068,0.06235918391988671,-0.02817871620575574,-0.03161515408817761,benchmark_features_adjusted_close_exact_reference,False,True,False,False,False,False,False,False,False,True,False
2015-05-13,0050,buy_hold_daily_state_hold_reference,12.52241325378418,0.005657651538876429,0.06836964199163065,-0.022680490023984312,-0.03161515408817761,benchmark_features_adjusted_close_exact_reference,False,True,False,False,False,False,False,False,False,True,False
2015-05-14,0050,buy_hold_daily_state_hold_reference,12.346288681030272,-0.014064746881012335,0.05334329340166066,-0.03642624155367191,-0.03642624155367191,benchmark_features_adjusted_close_exact_reference,False,True,False,False,False,False,False,False,False,True,False
2015-05-15,0050,buy_hold_daily_state_hold_reference,12.3286771774292,-0.0014264613485129862,0.05184073990690785,-0.03780074227653696,-0.03780074227653696,benchmark_features_adjusted_close_exact_reference,False,True,False,False,False,False,False,False,False,True,False
2015-05-18,0050,buy_hold_daily_state_hold_reference,12.372705459594728,0.0035712089409019043,0.05559708296166832,-0.03436452768442577,-0.03780074227653696,benchmark_features_adjusted_close_exact_reference,False,True,False,False,False,False,False,False,False,True,False
2015-05-19,0050,buy_hold_daily_state_hold_reference,12.557636260986328,0.014946674516379987,0.0713747489811365,-0.019931488578253997,-0.03780074227653696,benchmark_features_adjusted_close_exact_reference,False,True,False,False,False,False,False,False,False,True,False
2015-05-20,0050,buy_hold_daily_state_hold_reference,12.469573974609377,-0.007012648284019818,0.06386157468615172,-0.02680436434309763,-0.03780074227653696,benchmark_features_adjusted_close_exact_reference,False,True,False,False,False,False,False,False,False,True,False
2015-05-21,0050,buy_hold_daily_state_hold_reference,12.355094909667969,-0.009180671703340582,0.054094610831159295,-0.035738953977187404,-0.03780074227653696,benchmark_features_adjusted_close_exact_reference,False,True,False,False,False,False,False,False,False,True,False
2015-05-22,0050,buy_hold_daily_state_hold_reference,12.451964378356934,0.007840447151333807,0.06235918391988671,-0.02817871620575574,-0.03780074227653696,benchmark_features_adjusted_close_exact_reference,False,True,False,False,False,False,False,False,False,True,False
2015-05-25,0050,buy_hold_daily_state_hold_reference,12.451964378356934,0.0,0.06235918391988671,-0.02817871620575574,-0.03780074227653696,benchmark_features_adjusted_close_exact_reference,False,True,False,False,False,False,False,False,False,True,False
2015-05-26,0050,buy_hold_daily_state_hold_reference,12.504802703857422,0.004243372683616631,0.06686716986112184,-0.024054916316745834,-0.03780074227653696,benchmark_features_adjusted_close_exact_reference,False,True,False,False,False,False,False,False,False,True,False
2015-05-27,0050,buy_hold_daily_state_hold_reference,12.53121566772461,0.0021122255578682747,0.06912063396415302,-0.021993500167914237,-0.03780074227653696,benchmark_features_adjusted_close_exact_reference,False,True,False,False,False,False,False,False,False,True,False
2015-05-28,0050,buy_hold_daily_state_hold_reference,12.592862129211426,0.004919431850941125,0.07438010006337459,-0.017182263842212886,-0.03780074227653696,benchmark_features_adjusted_close_exact_reference,False,True,False,False,False,False,False,False,False,True,False
2015-05-29,0050,buy_hold_daily_state_hold_reference,12.52241325378418,-0.0055943497756421046,0.06836964199163065,-0.022680490023984312,-0.03780074227653696,benchmark_features_adjusted_close_exact_reference,False,True,False,False,False,False,False,False,False,True,False
2015-06-01,0050,buy_hold_daily_state_hold_reference,12.41673755645752,-0.008438924285997795,0.059353751473404825,-0.030928015371900264,-0.03780074227653696,benchmark_features_adjusted_close_exact_reference,False,True,False,False,False,False,False,False,False,True,False
2015-06-02,0050,buy_hold_daily_state_hold_reference,12.399123191833496,-0.0014185984477752545,0.057850953885919765,-0.03230273938507622,-0.03780074227653696,benchmark_features_adjusted_close_exact_reference,False,True,False,False,False,False,False,False,False,True,False
2015-06-03,0050,buy_hold_daily_state_hold_reference,12.319869041442873,-0.006391915715687313,0.05108925974892142,-0.038488178713228405,-0.038488178713228405,benchmark_features_adjusted_close_exact_reference,False,True,False,False,False,False,False,False,False,True,False
2015-06-04,0050,buy_hold_daily_state_hold_reference,12.082101821899414,-0.0192994924494434,0.03080377051670613,-0.05704486884820292,-0.05704486884820292,benchmark_features_adjusted_close_exact_reference,False,True,False,False,False,False,False,False,False,True,False
2015-06-05,0050,buy_hold_daily_state_hold_reference,12.055682182312012,-0.002186675793405035,0.028549736863966446,-0.05910680600775975,-0.05910680600775975,benchmark_features_adjusted_close_exact_reference,False,True,False,False,False,False,False,False,False,True,False
2015-06-08,0050,buy_hold_daily_state_hold_reference,12.134943008422852,0.00657456168072601,0.035312000550673295,-0.05292084566888233,-0.05910680600775975,benchmark_features_adjusted_close_exact_reference,False,True,False,False,False,False,False,False,False,True,False
2015-06-09,0050,buy_hold_daily_state_hold_reference,12.03807258605957,-0.007982766980944467,0.027047346097701652,-0.060481157870417745,-0.060481157870417745,benchmark_features_adjusted_close_exact_reference,False,True,False,False,False,False,False,False,False,True,False
2015-06-10,0050,buy_hold_daily_state_hold_reference,12.090909004211426,0.004389109450381845,0.03155516931044855,-0.05635750684161511,-0.060481157870417745,benchmark_features_adjusted_close_exact_reference,False,True,False,False,False,False,False,False,False,True,False
2015-06-11,0050,buy_hold_daily_state_hold_reference,12.126132011413574,0.002913181067683235,0.034560276299954396,-0.0536085053958848,-0.060481157870417745,benchmark_features_adjusted_close_exact_reference,False,True,False,False,False,False,False,False,False,True,False
2015-06-12,0050,buy_hold_daily_state_hold_reference,12.117329597473145,-0.0007259045120195928,0.03380928432743224,-0.05429549525195465,-0.060481157870417745,benchmark_features_adjusted_close_exact_reference,False,True,False,False,False,False,False,False,False,True,False
2015-06-15,0050,buy_hold_daily_state_hold_reference,12.090909004211426,-0.002180397343258589,0.03155516931044855,-0.05635750684161511,-0.060481157870417745,benchmark_features_adjusted_close_exact_reference,False,True,False,False,False,False,False,False,False,True,False
2015-06-16,0050,buy_hold_daily_state_hold_reference,12.011652946472168,-0.006555012341226907,0.02479331244496219,-0.06254309502997435,-0.06254309502997435,benchmark_features_adjusted_close_exact_reference,False,True,False,False,False,False,False,False,False,True,False
2015-06-17,0050,buy_hold_daily_state_hold_reference,12.064492225646973,0.004399001487161991,0.029301379750441114,-0.05841922071086103,-0.06254309502997435,benchmark_features_adjusted_close_exact_reference,False,True,False,False,False,False,False,False,False,True,False
2015-06-18,0050,buy_hold_daily_state_hold_reference,12.046875953674316,-0.0014601751688485543,0.027798419434468036,-0.059794093584244035,-0.06254309502997435,benchmark_features_adjusted_close_exact_reference,False,True,False,False,False,False,False,False,False,True,False
2015-06-22,0050,buy_hold_daily_state_hold_reference,12.214195251464844,0.013889019728761776,0.0420735319591834,-0.04673555520093742,-0.06254309502997435,benchmark_features_adjusted_close_exact_reference,False,True,False,False,False,False,False,False,False,True,False
2015-06-23,0050,buy_hold_daily_state_hold_reference,12.249420166015623,0.0028839324921186016,0.04507880167717726,-0.04398640489500005,-0.06254309502997435,benchmark_features_adjusted_close_exact_reference,False,True,False,False,False,False,False,False,False,True,False
2015-06-24,0050,buy_hold_daily_state_hold_reference,12.267032623291016,0.0014378196711919422,0.046581436536174525,-0.04261182974203104,-0.06254309502997435,benchmark_features_adjusted_close_exact_reference,False,True,False,False,False,False,False,False,False,True,False
2015-06-25,0050,buy_hold_daily_state_hold_reference,12.407933235168455,0.011486120254536214,0.05860259677239421,-0.03161515408817761,-0.06254309502997435,benchmark_features_adjusted_close_exact_reference,False,True,False,False,False,False,False,False,False,True,False
2015-06-26,0050,buy_hold_daily_state_hold_reference,12.407933235168455,0.0,0.05860259677239421,-0.03161515408817761,-0.06254309502997435,benchmark_features_adjusted_close_exact_reference,False,True,False,False,False,False,False,False,False,True,False
2015-06-29,0050,buy_hold_daily_state_hold_reference,12.117329597473145,-0.023420793148019037,0.03380928432743224,-0.05429549525195465,-0.06254309502997435,benchmark_features_adjusted_close_exact_reference,False,True,False,False,False,False,False,False,False,True,False
2015-06-30,0050,buy_hold_daily_state_hold_reference,12.223003387451172,0.008720881042970419,0.04282501211717005,-0.04604811876424586,-0.06254309502997435,benchmark_features_adjusted_close_exact_reference,False,True,False,False,False,False,False,False,False,True,False
2015-07-01,0050,buy_hold_daily_state_hold_reference,12.337481498718262,0.0093657923211099,0.052591894607918244,-0.03711360356025972,-0.06254309502997435,benchmark_features_adjusted_close_exact_reference,False,True,False,False,False,False,False,False,False,True,False
2015-07-02,0050,buy_hold_daily_state_hold_reference,12.346288681030272,0.0007138557665051781,0.05334329340166066,-0.03642624155367191,-0.06254309502997435,benchmark_features_adjusted_close_exact_reference,False,True,False,False,False,False,False,False,False,True,False
2015-07-03,0050,buy_hold_daily_state_hold_reference,12.346288681030272,0.0,0.05334329340166066,-0.03642624155367191,-0.06254309502997435,benchmark_features_adjusted_close_exact_reference,False,True,False,False,False,False,False,False,False,True,False
2015-07-06,0050,buy_hold_daily_state_hold_reference,12.205391883850098,-0.011412077007129873,0.04132245862241701,-0.04742261948711102,-0.06254309502997435,benchmark_features_adjusted_close_exact_reference,False,True,False,False,False,False,False,False,False,True,False
2015-07-07,0050,buy_hold_daily_state_hold_reference,12.25822639465332,0.004328784467226399,0.04583011910667589,-0.043299117318515545,-0.06254309502997435,benchmark_features_adjusted_close_exact_reference,False,True,False,False,False,False,False,False,False,True,False
2015-07-08,0050,buy_hold_daily_state_hold_reference,11.888367652893066,-0.030172288376202228,0.014275031160471352,-0.07216497224054852,-0.07216497224054852,benchmark_features_adjusted_close_exact_reference,False,True,False,False,False,False,False,False,False,True,False
2015-07-09,0050,buy_hold_daily_state_hold_reference,11.817916870117188,-0.005926026586058231,0.008264410360239394,-0.077663347282527,-0.077663347282527,benchmark_features_adjusted_close_exact_reference,False,True,False,False,False,False,False,False,False,True,False
2015-07-10,0050,buy_hold_daily_state_hold_reference,11.817916870117188,0.0,0.008264410360239394,-0.077663347282527,-0.077663347282527,benchmark_features_adjusted_close_exact_reference,False,True,False,False,False,False,False,False,False,True,False
2015-07-13,0050,buy_hold_daily_state_hold_reference,11.99404239654541,0.01490326327083702,0.023290840314453165,-0.06391752132273609,-0.077663347282527,benchmark_features_adjusted_close_exact_reference,False,True,False,False,False,False,False,False,False,True,False
2015-07-14,0050,buy_hold_daily_state_hold_reference,11.99404239654541,0.0,0.023290840314453165,-0.06391752132273609,-0.077663347282527,benchmark_features_adjusted_close_exact_reference,False,True,False,False,False,False,False,False,False,True,False
2015-07-15,0050,buy_hold_daily_state_hold_reference,12.02045726776123,0.0022023326533704424,0.025544467145972583,-0.061855956313697225,-0.077663347282527,benchmark_features_adjusted_close_exact_reference,False,True,False,False,False,False,False,False,False,True,False
2015-07-16,0050,buy_hold_daily_state_hold_reference,12.082101821899414,0.005128303588209926,0.03080377051670613,-0.05704486884820292,-0.077663347282527,benchmark_features_adjusted_close_exact_reference,False,True,False,False,False,False,False,False,False,True,False
2015-07-17,0050,buy_hold_daily_state_hold_reference,12.064492225646973,-0.0014574944419457614,0.029301379750441114,-0.05841922071086103,-0.077663347282527,benchmark_features_adjusted_close_exact_reference,False,True,False,False,False,False,False,False,False,True,False
2015-07-20,0050,buy_hold_daily_state_hold_reference,11.976428031921388,-0.007299452979742882,0.021788042726968326,-0.06529224533591182,-0.077663347282527,benchmark_features_adjusted_close_exact_reference,False,True,False,False,False,False,False,False,False,True,False
2015-07-21,0050,buy_hold_daily_state_hold_reference,12.090909004211426,0.009558857781711394,0.03155516931044855,-0.05635750684161511,-0.077663347282527,benchmark_features_adjusted_close_exact_reference,False,True,False,False,False,False,False,False,False,True,False
2015-07-22,0050,buy_hold_daily_state_hold_reference,11.941204071044922,-0.012381611102553092,0.01878285437321825,-0.06804132121174578,-0.077663347282527,benchmark_features_adjusted_close_exact_reference,False,True,False,False,False,False,False,False,False,True,False
2015-07-23,0050,buy_hold_daily_state_hold_reference,11.82672119140625,-0.009587214066316019,0.009015565061249786,-0.07697620856624987,-0.077663347282527,benchmark_features_adjusted_close_exact_reference,False,True,False,False,False,False,False,False,False,True,False
2015-07-24,0050,buy_hold_daily_state_hold_reference,11.756272315979004,-0.005956754563423483,0.0030051069895058458,-0.0824744347480213,-0.0824744347480213,benchmark_features_adjusted_close_exact_reference,False,True,False,False,False,False,False,False,False,True,False
2015-07-27,0050,buy_hold_daily_state_hold_reference,11.588955879211426,-0.014232099450449343,-0.011269761442477377,-0.09553274984101723,-0.09553274984101723,benchmark_features_adjusted_close_exact_reference,False,True,False,False,False,False,False,False,False,True,False
2015-07-28,0050,buy_hold_daily_state_hold_reference,11.597763061523438,0.0007599633999650912,-0.010518362648734847,-0.0948453878344292,-0.09553274984101723,benchmark_features_adjusted_close_exact_reference,False,True,False,False,False,False,False,False,False,True,False
2015-07-29,0050,buy_hold_daily_state_hold_reference,11.518505096435549,-0.0068339010434550485,-0.017280382242709225,-0.1010311248829956,-0.1010311248829956,benchmark_features_adjusted_close_exact_reference,False,True,False,False,False,False,False,False,False,True,False
2015-07-30,0050,buy_hold_daily_state_hold_reference,11.712242126464844,0.016819633138787093,-0.0007513987937425304,-0.08591079820033953,-0.1010311248829956,benchmark_features_adjusted_close_exact_reference,False,True,False,False,False,False,False,False,False,True,False
2015-07-31,0050,buy_hold_daily_state_hold_reference,11.65059757232666,-0.005263258176578578,-0.006010702164476078,-0.09072188566583383,-0.1010311248829956,benchmark_features_adjusted_close_exact_reference,False,True,False,False,False,False,False,False,False,True,False
2015-08-03,0050,buy_hold_daily_state_hold_reference,11.492088317871094,-0.013605246724173958,-0.01953417180271677,-0.10309283875224173,-0.10309283875224173,benchmark_features_adjusted_close_exact_reference,False,True,False,False,False,False,False,False,False,True,False
2015-08-04,0050,buy_hold_daily_state_hold_reference,11.500892639160156,0.0007661202251092458,-0.01878301710170638,-0.1024057000359645,-0.10309283875224173,benchmark_features_adjusted_close_exact_reference,False,True,False,False,False,False,False,False,False,True,False
2015-08-05,0050,buy_hold_daily_state_hold_reference,11.57134246826172,0.006125596622099216,-0.012772477665718318,-0.09690739942408944,-0.10309283875224173,benchmark_features_adjusted_close_exact_reference,False,True,False,False,False,False,False,False,False,True,False
2015-08-06,0050,buy_hold_daily_state_hold_reference,11.448057174682615,-0.010654363909568532,-0.023290758950209378,-0.10652927663466372,-0.10652927663466372,benchmark_features_adjusted_close_exact_reference,False,True,False,False,False,False,False,False,False,True,False
2015-08-07,0050,buy_hold_daily_state_hold_reference,11.395218849182127,-0.004615484068103748,-0.027798744891444405,-0.11065307652367362,-0.11065307652367362,benchmark_features_adjusted_close_exact_reference,False,True,False,False,False,False,False,False,False,True,False
2015-08-10,0050,buy_hold_daily_state_hold_reference,11.368803024291992,-0.0023181498521225308,-0.03005245308720761,-0.11271471596281579,-0.11271471596281579,benchmark_features_adjusted_close_exact_reference,False,True,False,False,False,False,False,False,False,True,False
2015-08-11,0050,buy_hold_daily_state_hold_reference,11.368803024291992,0.0,-0.03005245308720761,-0.11271471596281579,-0.11271471596281579,benchmark_features_adjusted_close_exact_reference,False,True,False,False,False,False,False,False,False,True,False
2015-08-12,0050,buy_hold_daily_state_hold_reference,11.175064086914062,-0.017041278397027626,-0.04658159926466254,-0.12783519150567924,-0.12783519150567924,benchmark_features_adjusted_close_exact_reference,False,True,False,False,False,False,False,False,False,True,False
2015-08-13,0050,buy_hold_daily_state_hold_reference,11.19267749786377,0.0015761351176797334,-0.04507888304142149,-0.12646054192260692,-0.12783519150567924,benchmark_features_adjusted_close_exact_reference,False,True,False,False,False,False,False,False,False,True,False
2015-08-14,0050,buy_hold_daily_state_hold_reference,11.148645401000977,-0.003934009254818349,-0.048835551553157996,-0.12989705423513231,-0.12989705423513231,benchmark_features_adjusted_close_exact_reference,False,True,False,False,False,False,False,False,False,True,False
2015-08-17,0050,buy_hold_daily_state_hold_reference,11.07819652557373,-0.006319052485149523,-0.05484600962490194,-0.13539528041690385,-0.13539528041690385,benchmark_features_adjusted_close_exact_reference,False,True,False,False,False,False,False,False,False,True,False
2015-08-18,0050,buy_hold_daily_state_hold_reference,11.01655387878418,-0.005564321471211553,-0.060105150267147245,-0.14020621902219077,-0.14020621902219077,benchmark_features_adjusted_close_exact_reference,False,True,False,False,False,False,False,False,False,True,False
2015-08-19,0050,buy_hold_daily_state_hold_reference,10.849234580993652,-0.015187988878514247,-0.07438026279186272,-0.1532647574054975,-0.1532647574054975,benchmark_features_adjusted_close_exact_reference,False,True,False,False,False,False,False,False,False,True,False
2015-08-20,0050,buy_hold_daily_state_hold_reference,10.814010620117188,-0.003246677045602109,-0.07738545114561257,-0.15601383328133134,-0.15601383328133134,benchmark_features_adjusted_close_exact_reference,False,True,False,False,False,False,False,False,False,True,False
2015-08-21,0050,buy_hold_daily_state_hold_reference,10.53221321105957,-0.026058547467430082,-0.10142744616107635,-0.17800688686862431,-0.17800688686862431,benchmark_features_adjusted_close_exact_reference,False,True,False,False,False,False,False,False,False,True,False
2015-08-24,0050,buy_hold_daily_state_hold_reference,10.127126693725586,-0.03846167080140528,-0.135988047918007,-0.20962211538690545,-0.20962211538690545,benchmark_features_adjusted_close_exact_reference,False,True,False,False,False,False,False,False,False,True,False
2015-08-25,0050,buy_hold_daily_state_hold_reference,10.56743621826172,0.04347822811468682,-0.09842233917157028,-0.17525788542289378,-0.20962211538690545,benchmark_features_adjusted_close_exact_reference,False,True,False,False,False,False,False,False,False,True,False
2015-08-26,0050,buy_hold_daily_state_hold_reference,10.629080772399902,0.005833444637371343,-0.09316303580083696,-0.1704467979573997,-0.20962211538690545,benchmark_features_adjusted_close_exact_reference,False,True,False,False,False,False,False,False,False,True,False
2015-08-27,0050,buy_hold_daily_state_hold_reference,10.593854904174805,-0.0033141029764838237,-0.09616838688307494,-0.1731960226934408,-0.20962211538690545,benchmark_features_adjusted_close_exact_reference,False,True,False,False,False,False,False,False,False,True,False
2015-08-28,0050,buy_hold_daily_state_hold_reference,10.884458541870115,0.027431340180125607,-0.07137507443811297,-0.15051568152966377,-0.20962211538690545,benchmark_features_adjusted_close_exact_reference,False,True,False,False,False,False,False,False,False,True,False
2015-08-31,0050,buy_hold_daily_state_hold_reference,10.97252082824707,0.008090644659833002,-0.06386190014312787,-0.14364280576481991,-0.20962211538690545,benchmark_features_adjusted_close_exact_reference,False,True,False,False,False,False,False,False,False,True,False
2015-09-01,0050,buy_hold_daily_state_hold_reference,10.875650405883787,-0.008828456457690703,-0.07212655459609951,-0.15120311796635522,-0.20962211538690545,benchmark_features_adjusted_close_exact_reference,False,True,False,False,False,False,False,False,False,True,False
2015-09-02,0050,buy_hold_daily_state_hold_reference,10.937295913696287,0.005668213441207159,-0.06686716986112196,-0.1463919560707575,-0.20962211538690545,benchmark_features_adjusted_close_exact_reference,False,True,False,False,False,False,False,False,False,True,False
2015-09-03,0050,buy_hold_daily_state_hold_reference,10.946105003356934,0.0008054175118015205,-0.06611560833889119,-0.1457044452039622,-0.20962211538690545,benchmark_features_adjusted_close_exact_reference,False,True,False,False,False,False,False,False,False,True,False
2015-09-04,0050,buy_hold_daily_state_hold_reference,10.805204391479492,-0.012872214530577741,-0.07813676857511109,-0.15670112085781573,-0.20962211538690545,benchmark_features_adjusted_close_exact_reference,False,True,False,False,False,False,False,False,False,True,False
2015-09-07,0050,buy_hold_daily_state_hold_reference,10.787591934204102,-0.001629997604606026,-0.07963940343410814,-0.15807569601078453,-0.20962211538690545,benchmark_features_adjusted_close_exact_reference,False,True,False,False,False,False,False,False,False,True,False
2015-09-08,0050,buy_hold_daily_state_hold_reference,10.82281494140625,0.0032651408597008658,-0.07663429644460218,-0.1553266945650542,-0.20962211538690545,benchmark_features_adjusted_close_exact_reference,False,True,False,False,False,False,False,False,False,True,False
2015-09-09,0050,buy_hold_daily_state_hold_reference,11.29835033416748,0.04393823560097232,-0.036063236615927696,-0.11821323986500165,-0.20962211538690545,benchmark_features_adjusted_close_exact_reference,False,True,False,False,False,False,False,False,False,True,False
2015-09-10,0050,buy_hold_daily_state_hold_reference,11.175064086914062,-0.01091188037253421,-0.04658159926466254,-0.12783519150567924,-0.20962211538690545,benchmark_features_adjusted_close_exact_reference,False,True,False,False,False,False,False,False,False,True,False
2015-09-11,0050,buy_hold_daily_state_hold_reference,11.18386936187744,0.0007879395495984376,-0.04583036319940825,-0.12714797835929859,-0.20962211538690545,benchmark_features_adjusted_close_exact_reference,False,True,False,False,False,False,False,False,False,True,False
2015-09-14,0050,buy_hold_daily_state_hold_reference,11.21028995513916,0.002362383930536671,-0.04357624818242445,-0.12508596676963812,-0.20962211538690545,benchmark_features_adjusted_close_exact_reference,False,True,False,False,False,False,False,False,False,True,False
2015-09-15,0050,buy_hold_daily_state_hold_reference,11.12222671508789,-0.007855572014968115,-0.05108950384165345,-0.1319589169645855,-0.20962211538690545,benchmark_features_adjusted_close_exact_reference,False,True,False,False,False,False,False,False,False,True,False
2015-09-16,0050,buy_hold_daily_state_hold_reference,11.254322052001951,0.011876698821007281,-0.039819579670688166,-0.12164945445711284,-0.20962211538690545,benchmark_features_adjusted_close_exact_reference,False,True,False,False,False,False,False,False,False,True,False
2015-09-17,0050,buy_hold_daily_state_hold_reference,11.448057174682615,0.017214286367982723,-0.023290758950209378,-0.10652927663466372,-0.20962211538690545,benchmark_features_adjusted_close_exact_reference,False,True,False,False,False,False,False,False,False,True,False
2015-09-18,0050,buy_hold_daily_state_hold_reference,11.421637535095217,-0.0023077836862857026,-0.02554479260294862,-0.10859121379422021,-0.20962211538690545,benchmark_features_adjusted_close_exact_reference,False,True,False,False,False,False,False,False,False,True,False
2015-09-21,0050,buy_hold_daily_state_hold_reference,11.175064086914062,-0.02158827466057378,-0.04658159926466254,-0.12783519150567924,-0.20962211538690545,benchmark_features_adjusted_close_exact_reference,False,True,False,False,False,False,False,False,False,True,False
2015-09-22,0050,buy_hold_daily_state_hold_reference,11.236706733703612,0.005516088884155224,-0.041322458622417235,-0.12302425290039232,-0.20962211538690545,benchmark_features_adjusted_close_exact_reference,False,True,False,False,False,False,False,False,False,True,False
2015-09-23,0050,buy_hold_daily_state_hold_reference,10.981327056884766,-0.02272727079837855,-0.06311058271362935,-0.1429555181883354,-0.20962211538690545,benchmark_features_adjusted_close_exact_reference,False,True,False,False,False,False,False,False,False,True,False
2015-09-24,0050,buy_hold_daily_state_hold_reference,10.919685363769531,-0.0056133191185292475,-0.06836964199163076,-0.1477663823635189,-0.20962211538690545,benchmark_features_adjusted_close_exact_reference,False,True,False,False,False,False,False,False,False,True,False
2015-09-25,0050,buy_hold_daily_state_hold_reference,10.963716506958008,0.0040322721508596615,-0.06461305484413826,-0.14432994448109704,-0.20962211538690545,benchmark_features_adjusted_close_exact_reference,False,True,False,False,False,False,False,False,False,True,False
2015-09-29,0050,buy_hold_daily_state_hold_reference,10.963716506958008,0.0,-0.06461305484413826,-0.14432994448109704,-0.20962211538690545,benchmark_features_adjusted_close_exact_reference,False,True,False,False,False,False,False,False,False,True,False
2015-09-30,0050,buy_hold_daily_state_hold_reference,10.990134239196776,0.0024095599536892998,-0.06235918391988693,-0.1422681561817476,-0.20962211538690545,benchmark_features_adjusted_close_exact_reference,False,True,False,False,False,False,False,False,False,True,False
2015-10-01,0050,buy_hold_daily_state_hold_reference,11.2014799118042,0.01923049054793613,-0.04432789106889912,-0.12577355206653684,-0.20962211538690545,benchmark_features_adjusted_close_exact_reference,False,True,False,False,False,False,False,False,False,True,False
2015-10-02,0050,buy_hold_daily_state_hold_reference,11.13983917236328,-0.005502910323122778,-0.04958686898265663,-0.13058434181161682,-0.20962211538690545,benchmark_features_adjusted_close_exact_reference,False,True,False,False,False,False,False,False,False,True,False
2015-10-05,0050,buy_hold_daily_state_hold_reference,11.166257858276367,0.0023715500290730773,-0.047332916694160954,-0.12852247908216352,-0.20962211538690545,benchmark_features_adjusted_close_exact_reference,False,True,False,False,False,False,False,False,False,True,False
2015-10-06,0050,buy_hold_daily_state_hold_reference,11.254322052001951,0.007886634434141282,-0.039819579670688166,-0.12164945445711284,-0.20962211538690545,benchmark_features_adjusted_close_exact_reference,False,True,False,False,False,False,False,False,False,True,False
2015-10-07,0050,buy_hold_daily_state_hold_reference,11.421637535095217,0.014866775832445889,-0.02554479260294862,-0.10859121379422021,-0.20962211538690545,benchmark_features_adjusted_close_exact_reference,False,True,False,False,False,False,False,False,False,True,False
2015-10-08,0050,buy_hold_daily_state_hold_reference,11.395218849182127,-0.002313038374043397,-0.027798744891444405,-0.11065307652367362,-0.20962211538690545,benchmark_features_adjusted_close_exact_reference,False,True,False,False,False,False,False,False,False,True,False
2015-10-12,0050,buy_hold_daily_state_hold_reference,11.54492473602295,0.013137605237969252,-0.015026348589969873,-0.0989691877234391,-0.20962211538690545,benchmark_features_adjusted_close_exact_reference,False,True,False,False,False,False,False,False,False,True,False
2015-10-13,0050,buy_hold_daily_state_hold_reference,11.500892639160156,-0.003813978684971575,-0.01878301710170638,-0.1024057000359645,-0.20962211538690545,benchmark_features_adjusted_close_exact_reference,False,True,False,False,False,False,False,False,False,True,False
2015-10-14,0050,buy_hold_daily_state_hold_reference,11.45686149597168,-0.0038284978888118992,-0.022539604249198875,-0.10584213791838648,-0.20962211538690545,benchmark_features_adjusted_close_exact_reference,False,True,False,False,False,False,False,False,False,True,False
2015-10-15,0050,buy_hold_daily_state_hold_reference,11.624180793762209,0.014604287382662395,-0.008264491724483292,-0.09278359953507953,-0.20962211538690545,benchmark_features_adjusted_close_exact_reference,False,True,False,False,False,False,False,False,False,True,False
2015-10-16,0050,buy_hold_daily_state_hold_reference,11.58014965057373,-0.003787892150826311,-0.012021078871975899,-0.09622003741750162,-0.20962211538690545,benchmark_features_adjusted_close_exact_reference,False,True,False,False,False,False,False,False,False,True,False
2015-10-19,0050,buy_hold_daily_state_hold_reference,11.615374565124512,0.003041835866865128,-0.009015809153981924,-0.09347088711156404,-0.20962211538690545,benchmark_features_adjusted_close_exact_reference,False,True,False,False,False,False,False,False,False,True,False
2015-10-20,0050,buy_hold_daily_state_hold_reference,11.615374565124512,0.0,-0.009015809153981924,-0.09347088711156404,-0.20962211538690545,benchmark_features_adjusted_close_exact_reference,False,True,False,False,False,False,False,False,False,True,False
2015-10-21,0050,buy_hold_daily_state_hold_reference,11.536118507385254,-0.006823375113293895,-0.015777666019468395,-0.0996564752999235,-0.20962211538690545,benchmark_features_adjusted_close_exact_reference,False,True,False,False,False,False,False,False,False,True,False
2015-10-22,0050,buy_hold_daily_state_hold_reference,11.536118507385254,0.0,-0.015777666019468395,-0.0996564752999235,-0.20962211538690545,benchmark_features_adjusted_close_exact_reference,False,True,False,False,False,False,False,False,False,True,False
2015-10-23,0050,buy_hold_daily_state_hold_reference,11.6065673828125,0.006106809268832114,-0.009767207947724454,-0.09415824911815207,-0.20962211538690545,benchmark_features_adjusted_close_exact_reference,False,True,False,False,False,False,False,False,False,True,False
2015-10-26,0050,buy_hold_daily_state_hold_reference,11.72463321685791,0.010172330039650346,0.00030576682911576114,-0.08494372786448712,-0.20962211538690545,benchmark_features_adjusted_close_exact_reference,False,True,False,False,False,False,False,False,False,True,False
2015-10-27,0050,buy_hold_daily_state_hold_reference,11.66105842590332,-0.00542232663305664,-0.0051182177715619614,-0.0899054618596331,-0.20962211538690545,benchmark_features_adjusted_close_exact_reference,False,True,False,False,False,False,False,False,False,True,False
2015-10-28,0050,buy_hold_daily_state_hold_reference,11.57932186126709,-0.007009360698739364,-0.012091703035805756,-0.09628464274741155,-0.20962211538690545,benchmark_features_adjusted_close_exact_reference,False,True,False,False,False,False,False,False,False,True,False
2015-10-29,0050,buy_hold_daily_state_hold_reference,11.497586250305176,-0.007058756284797685,-0.01906510693580543,-0.10266374920508636,-0.20962211538690545,benchmark_features_adjusted_close_exact_reference,False,True,False,False,False,False,False,False,False,True,False
2015-10-30,0050,buy_hold_daily_state_hold_reference,11.479421615600586,-0.001579865052467655,-0.020614851692103753,-0.10408141938802973,-0.20962211538690545,benchmark_features_adjusted_close_exact_reference,False,True,False,False,False,False,False,False,False,True,False
2015-11-02,0050,buy_hold_daily_state_hold_reference,11.497586250305176,0.0015823649755928315,-0.01906510693580543,-0.10266374920508636,-0.20962211538690545,benchmark_features_adjusted_close_exact_reference,False,True,False,False,False,False,False,False,False,True,False
2015-11-03,0050,buy_hold_daily_state_hold_reference,11.67922306060791,0.015797821068566753,-0.00356847301526364,-0.08848779167668974,-0.20962211538690545,benchmark_features_adjusted_close_exact_reference,False,True,False,False,False,False,False,False,False,True,False
2015-11-04,0050,buy_hold_daily_state_hold_reference,11.906268119812012,0.01944008244605655,0.015802238021169535,-0.07076791919629766,-0.20962211538690545,benchmark_features_adjusted_close_exact_reference,False,True,False,False,False,False,False,False,False,True,False
2015-11-05,0050,buy_hold_daily_state_hold_reference,11.879020690917969,-0.0022884944820538156,0.013477580204600104,-0.07289446168576441,-0.20962211538690545,benchmark_features_adjusted_close_exact_reference,False,True,False,False,False,False,False,False,False,True,False
2015-11-06,0050,buy_hold_daily_state_hold_reference,11.642894744873049,-0.019877559959588953,-0.006667881163615941,-0.09132305761247261,-0.20962211538690545,benchmark_features_adjusted_close_exact_reference,False,True,False,False,False,False,False,False,False,True,False
2015-11-09,0050,buy_hold_daily_state_hold_reference,11.561161041259766,-0.007020050030880354,-0.01364112233512782,-0.09770201520994048,-0.20962211538690545,benchmark_features_adjusted_close_exact_reference,False,True,False,False,False,False,False,False,False,True,False
2015-11-10,0050,buy_hold_daily_state_hold_reference,11.42492961883545,-0.011783541630302596,-0.025263923232510255,-0.10833428107665222,-0.20962211538690545,benchmark_features_adjusted_close_exact_reference,False,True,False,False,False,False,False,False,False,True,False
2015-11-11,0050,buy_hold_daily_state_hold_reference,11.28870677947998,-0.011923297902062147,-0.03688599185169639,-0.11896587707243167,-0.20962211538690545,benchmark_features_adjusted_close_exact_reference,False,True,False,False,False,False,False,False,False,True,False
2015-11-12,0050,buy_hold_daily_state_hold_reference,11.306866645812988,0.0016086755274764553,-0.03533665391661844,-0.11754857904000637,-0.20962211538690545,benchmark_features_adjusted_close_exact_reference,False,True,False,False,False,False,False,False,False,True,False
2015-11-13,0050,buy_hold_daily_state_hold_reference,11.188803672790527,-0.010441705621970887,-0.04540938460072652,-0.12676287700336053,-0.20962211538690545,benchmark_features_adjusted_close_exact_reference,False,True,False,False,False,False,False,False,False,True,False
2015-11-16,0050,buy_hold_daily_state_hold_reference,11.10706901550293,-0.007305039902198329,-0.0523827071364823,-0.13314190903093193,-0.20962211538690545,benchmark_features_adjusted_close_exact_reference,False,True,False,False,False,False,False,False,False,True,False
2015-11-17,0050,buy_hold_daily_state_hold_reference,11.325031280517578,0.019623742745311423,-0.03378690916032023,-0.11613090885706323,-0.20962211538690545,benchmark_features_adjusted_close_exact_reference,False,True,False,False,False,False,False,False,False,True,False
2015-11-18,0050,buy_hold_daily_state_hold_reference,11.15247917175293,-0.015236347210933476,-0.048508467292102786,-0.1295978452187292,-0.20962211538690545,benchmark_features_adjusted_close_exact_reference,False,True,False,False,False,False,False,False,False,True,False
2015-11-19,0050,buy_hold_daily_state_hold_reference,11.315948486328123,0.014657665982396928,-0.034561822220591454,-0.11683978116358673,-0.20962211538690545,benchmark_features_adjusted_close_exact_reference,False,True,False,False,False,False,False,False,False,True,False
2015-11-20,0050,buy_hold_daily_state_hold_reference,11.315948486328123,0.0,-0.034561822220591454,-0.11683978116358673,-0.20962211538690545,benchmark_features_adjusted_close_exact_reference,False,True,False,False,False,False,False,False,False,True,False
2015-11-23,0050,buy_hold_daily_state_hold_reference,11.370443344116213,0.004815756969372087,-0.02991250658745248,-0.11258669618465311,-0.20962211538690545,benchmark_features_adjusted_close_exact_reference,False,True,False,False,False,False,False,False,False,True,False
2015-11-24,0050,buy_hold_daily_state_hold_reference,11.2523775100708,-0.01038357348717689,-0.03998548136429281,-0.12180121743831818,-0.20962211538690545,benchmark_features_adjusted_close_exact_reference,False,True,False,False,False,False,False,False,False,True,False
2015-11-25,0050,buy_hold_daily_state_hold_reference,11.2523775100708,0.0,-0.03998548136429281,-0.12180121743831818,-0.20962211538690545,benchmark_features_adjusted_close_exact_reference,False,True,False,False,False,False,False,False,False,True,False
2015-11-26,0050,buy_hold_daily_state_hold_reference,11.406767845153809,0.013720685690186807,-0.026813423896076327,-0.10975172796928467,-0.20962211538690545,benchmark_features_adjusted_close_exact_reference,False,True,False,False,False,False,False,False,False,True,False
2015-11-27,0050,buy_hold_daily_state_hold_reference,11.2523775100708,-0.013534976531375698,-0.03998548136429281,-0.12180121743831818,-0.20962211538690545,benchmark_features_adjusted_close_exact_reference,False,True,False,False,False,False,False,False,False,True,False
2015-11-30,0050,buy_hold_daily_state_hold_reference,11.116148948669434,-0.012106646909014862,-0.051608038168943215,-0.13243326001471922,-0.20962211538690545,benchmark_features_adjusted_close_exact_reference,False,True,False,False,False,False,False,False,False,True,False
2015-12-01,0050,buy_hold_daily_state_hold_reference,11.334113121032717,0.01960788519205403,-0.03301207746429291,-0.11542211098064314,-0.20962211538690545,benchmark_features_adjusted_close_exact_reference,False,True,False,False,False,False,False,False,False,True,False
2015-12-02,0050,buy_hold_daily_state_hold_reference,11.315948486328123,-0.001602651615580375,-0.034561822220591454,-0.11683978116358673,-0.20962211538690545,benchmark_features_adjusted_close_exact_reference,False,True,False,False,False,False,False,False,False,True,False
2015-12-03,0050,buy_hold_daily_state_hold_reference,11.334113121032717,0.0016052242307871278,-0.03301207746429291,-0.11542211098064314,-0.20962211538690545,benchmark_features_adjusted_close_exact_reference,False,True,False,False,False,False,False,False,False,True,False
2015-12-04,0050,buy_hold_daily_state_hold_reference,11.216047286987305,-0.010416856862520363,-0.04308505224113335,-0.12463663223430821,-0.20962211538690545,benchmark_features_adjusted_close_exact_reference,False,True,False,False,False,False,False,False,False,True,False
2015-12-07,0050,buy_hold_daily_state_hold_reference,11.352275848388672,0.012145861899086174,-0.03146249543648294,-0.11400458965790727,-0.20962211538690545,benchmark_features_adjusted_close_exact_reference,False,True,False,False,False,False,False,False,False,True,False
2015-12-08,0050,buy_hold_daily_state_hold_reference,11.170641899108888,-0.015999782925074424,-0.04695888526429248,-0.128180323895993,-0.20962211538690545,benchmark_features_adjusted_close_exact_reference,False,True,False,False,False,False,False,False,False,True,False
2015-12-09,0050,buy_hold_daily_state_hold_reference,11.03441333770752,-0.012195231270661022,-0.058581442068943,-0.13881236647239403,-0.20962211538690545,benchmark_features_adjusted_close_exact_reference,False,True,False,False,False,False,False,False,False,True,False
2015-12-10,0050,buy_hold_daily_state_hold_reference,10.998085021972656,-0.0032922743260594967,-0.06168085021729541,-0.14164763240817702,-0.20962211538690545,benchmark_features_adjusted_close_exact_reference,False,True,False,False,False,False,False,False,False,True,False
2015-12-11,0050,buy_hold_daily_state_hold_reference,10.87094020843506,-0.011560631990349068,-0.07252841259743048,-0.15157072824795081,-0.20962211538690545,benchmark_features_adjusted_close_exact_reference,False,True,False,False,False,False,False,False,False,True,False
2015-12-14,0050,buy_hold_daily_state_hold_reference,10.789203643798828,-0.007518812822906562,-0.07950189786167439,-0.15794990913572937,-0.20962211538690545,benchmark_features_adjusted_close_exact_reference,False,True,False,False,False,False,False,False,False,True,False
2015-12-15,0050,buy_hold_daily_state_hold_reference,10.79828643798828,0.0008418410189774406,-0.0787269848014035,-0.1572410368292062,-0.20962211538690545,benchmark_features_adjusted_close_exact_reference,False,True,False,False,False,False,False,False,False,True,False
2015-12-16,0050,buy_hold_daily_state_hold_reference,10.96175765991211,0.015138626194313609,-0.06478017700140382,-0.14448282391385636,-0.20962211538690545,benchmark_features_adjusted_close_exact_reference,False,True,False,False,False,False,False,False,False,True,False
2015-12-17,0050,buy_hold_daily_state_hold_reference,11.088903427124023,0.011599031027377471,-0.05393253325702452,-0.1345596536439787,-0.20962211538690545,benchmark_features_adjusted_close_exact_reference,False,True,False,False,False,False,False,False,False,True,False
2015-12-18,0050,buy_hold_daily_state_hold_reference,11.03441333770752,-0.004913929476851431,-0.058581442068943,-0.13881236647239403,-0.20962211538690545,benchmark_features_adjusted_close_exact_reference,False,True,False,False,False,False,False,False,False,True,False
2015-12-21,0050,buy_hold_daily_state_hold_reference,11.016247749328612,-0.001646266803947971,-0.06013126818948544,-0.14023011108544103,-0.20962211538690545,benchmark_features_adjusted_close_exact_reference,False,True,False,False,False,False,False,False,False,True,False
2015-12-22,0050,buy_hold_daily_state_hold_reference,11.043495178222656,0.0024733856313012836,-0.0578066103729159,-0.13810356859597428,-0.20962211538690545,benchmark_features_adjusted_close_exact_reference,False,True,False,False,False,False,False,False,False,True,False
2015-12-23,0050,buy_hold_daily_state_hold_reference,11.06165885925293,0.0016447402509027764,-0.0562569469808617,-0.13668597284313455,-0.20962211538690545,benchmark_features_adjusted_close_exact_reference,False,True,False,False,False,False,False,False,False,True,False
2015-12-24,0050,buy_hold_daily_state_hold_reference,11.116148948669434,0.004926032352816856,-0.051608038168943215,-0.13243326001471922,-0.20962211538690545,benchmark_features_adjusted_close_exact_reference,False,True,False,False,False,False,False,False,False,True,False
2015-12-25,0050,buy_hold_daily_state_hold_reference,11.188803672790527,0.006535961730684603,-0.04540938460072652,-0.12676287700336053,-0.20962211538690545,benchmark_features_adjusted_close_exact_reference,False,True,False,False,False,False,False,False,False,True,False
2015-12-28,0050,buy_hold_daily_state_hold_reference,11.161558151245115,-0.00243507012386579,-0.047733879688807934,-0.12888927063262023,-0.20962211538690545,benchmark_features_adjusted_close_exact_reference,False,True,False,False,False,False,False,False,False,True,False
2015-12-29,0050,buy_hold_daily_state_hold_reference,11.07982063293457,-0.00732312793634704,-0.05470744631729563,-0.1352685259505021,-0.20962211538690545,benchmark_features_adjusted_close_exact_reference,False,True,False,False,False,False,False,False,False,True,False
2015-12-30,0050,buy_hold_daily_state_hold_reference,10.998085021972656,-0.007376979616344759,-0.06168085021729541,-0.14164763240817702,-0.20962211538690545,benchmark_features_adjusted_close_exact_reference,False,True,False,False,False,False,False,False,False,True,False
2015-12-31,0050,buy_hold_daily_state_hold_reference,11.03441333770752,0.0033031491993638085,-0.058581442068943,-0.13881236647239403,-0.20962211538690545,benchmark_features_adjusted_close_exact_reference,False,True,False,False,False,False,False,False,False,True,False
2016-01-04,0050,buy_hold_daily_state_hold_reference,10.816449165344238,-0.0197531273926852,-0.0771774027735932,-0.15582351550647,-0.20962211538690545,benchmark_features_adjusted_close_exact_reference,False,True,False,False,False,False,False,False,False,True,False
2016-01-05,0050,buy_hold_daily_state_hold_reference,10.725629806518556,-0.008396411561445327,-0.08492580109810799,-0.16291156870077173,-0.20962211538690545,benchmark_features_adjusted_close_exact_reference,False,True,False,False,False,False,False,False,False,True,False
2016-01-06,0050,buy_hold_daily_state_hold_reference,10.61664867401123,-0.010160814280676722,-0.09422370008618919,-0.17141706878770624,-0.20962211538690545,benchmark_features_adjusted_close_exact_reference,False,True,False,False,False,False,False,False,False,True,False
2016-01-07,0050,buy_hold_daily_state_hold_reference,10.41684913635254,-0.01881945459378198,-0.11126991603454095,-0.18701054763883873,-0.20962211538690545,benchmark_features_adjusted_close_exact_reference,False,True,False,False,False,False,False,False,False,True,False
2016-01-08,0050,buy_hold_daily_state_hold_reference,10.435014724731444,0.0017438659369184428,-0.10972008991399895,-0.18559280302579217,-0.20962211538690545,benchmark_features_adjusted_close_exact_reference,False,True,False,False,False,False,False,False,False,True,False
2016-01-11,0050,buy_hold_daily_state_hold_reference,10.271540641784668,-0.015665917802620277,-0.12366714180673044,-0.19835123923145248,-0.20962211538690545,benchmark_features_adjusted_close_exact_reference,False,True,False,False,False,False,False,False,False,True,False
2016-01-12,0050,buy_hold_daily_state_hold_reference,10.262458801269531,-0.0008841751039947443,-0.12444197350275754,-0.19906003710787235,-0.20962211538690545,benchmark_features_adjusted_close_exact_reference,False,True,False,False,False,False,False,False,False,True,False
2016-01-13,0050,buy_hold_daily_state_hold_reference,10.380522727966309,0.01150444829870323,-0.11436916145440534,-0.18984566471441455,-0.20962211538690545,benchmark_features_adjusted_close_exact_reference,False,True,False,False,False,False,False,False,False,True,False
2016-01-14,0050,buy_hold_daily_state_hold_reference,10.298785209655762,-0.007874123534293398,-0.12134272808289326,-0.19622492003229663,-0.20962211538690545,benchmark_features_adjusted_close_exact_reference,False,True,False,False,False,False,False,False,False,True,False
2016-01-15,0050,buy_hold_daily_state_hold_reference,10.298785209655762,0.0,-0.12134272808289326,-0.19622492003229663,-0.20962211538690545,benchmark_features_adjusted_close_exact_reference,False,True,False,False,False,False,False,False,False,True,False
2016-01-18,0050,buy_hold_daily_state_hold_reference,10.371439933776855,0.007054688746491733,-0.11514407451467656,-0.19055453702093805,-0.20962211538690545,benchmark_features_adjusted_close_exact_reference,False,True,False,False,False,False,False,False,False,True,False
2016-01-19,0050,buy_hold_daily_state_hold_reference,10.39868450164795,0.002626883831469362,-0.11281966079083927,-0.1884282178217821,-0.20962211538690545,benchmark_features_adjusted_close_exact_reference,False,True,False,False,False,False,False,False,False,True,False
2016-01-20,0050,buy_hold_daily_state_hold_reference,10.153478622436523,-0.02358047108483452,-0.1337397911265945,-0.2075654627647031,-0.20962211538690545,benchmark_features_adjusted_close_exact_reference,False,True,False,False,False,False,False,False,False,True,False
2016-01-21,0050,buy_hold_daily_state_hold_reference,10.135313987731934,-0.0017890060520194817,-0.13528953588289272,-0.20898313294764637,-0.20962211538690545,benchmark_features_adjusted_close_exact_reference,False,True,False,False,False,False,False,False,False,True,False
2016-01-22,0050,buy_hold_daily_state_hold_reference,10.271540641784668,0.013440792679696667,-0.12366714180673044,-0.19835123923145248,-0.20962211538690545,benchmark_features_adjusted_close_exact_reference,False,True,False,False,False,False,False,False,False,True,False
2016-01-25,0050,buy_hold_daily_state_hold_reference,10.45317554473877,0.01768331638734022,-0.10817067061467678,-0.18417543056326313,-0.20962211538690545,benchmark_features_adjusted_close_exact_reference,False,True,False,False,False,False,False,False,False,True,False
2016-01-26,0050,buy_hold_daily_state_hold_reference,10.353277206420898,-0.009556745497128039,-0.11669365654248665,-0.19197205834367403,-0.20962211538690545,benchmark_features_adjusted_close_exact_reference,False,True,False,False,False,False,False,False,False,True,False
2016-01-27,0050,buy_hold_daily_state_hold_reference,10.39868450164795,0.004385789573845278,-0.11281966079083927,-0.1884282178217821,-0.20962211538690545,benchmark_features_adjusted_close_exact_reference,False,True,False,False,False,False,False,False,False,True,False
2016-01-28,0050,buy_hold_daily_state_hold_reference,10.45317554473877,0.005240186206455721,-0.10817067061467678,-0.18417543056326313,-0.20962211538690545,benchmark_features_adjusted_close_exact_reference,False,True,False,False,False,False,False,False,False,True,False
2016-01-29,0050,buy_hold_daily_state_hold_reference,10.716548919677734,0.02519553735721236,-0.08570055142989119,-0.16362029214708806,-0.20962211538690545,benchmark_features_adjusted_close_exact_reference,False,True,False,False,False,False,False,False,False,True,False
2016-02-01,0050,buy_hold_daily_state_hold_reference,10.816449165344238,0.00932205380811224,-0.0771774027735932,-0.15582351550647,-0.20962211538690545,benchmark_features_adjusted_close_exact_reference,False,True,False,False,False,False,False,False,False,True,False
2016-02-02,0050,buy_hold_daily_state_hold_reference,10.780121803283691,-0.0033585293570221886,-0.08027672955770149,-0.15865870701214924,-0.20962211538690545,benchmark_features_adjusted_close_exact_reference,False,True,False,False,False,False,False,False,False,True,False
2016-02-03,0050,buy_hold_daily_state_hold_reference,10.707468032836914,-0.0067396057087820704,-0.08647530176167417,-0.1643290155934043,-0.20962211538690545,benchmark_features_adjusted_close_exact_reference,False,True,False,False,False,False,False,False,False,True,False
2016-02-15,0050,buy_hold_daily_state_hold_reference,10.716548919677734,0.0008480890919282391,-0.08570055142989119,-0.16362029214708806,-0.20962211538690545,benchmark_features_adjusted_close_exact_reference,False,True,False,False,False,False,False,False,False,True,False
2016-02-16,0050,buy_hold_daily_state_hold_reference,10.943597793579102,0.02118675289994343,-0.06632951493648176,-0.14590012194628155,-0.20962211538690545,benchmark_features_adjusted_close_exact_reference,False,True,False,False,False,False,False,False,False,True,False
2016-02-17,0050,buy_hold_daily_state_hold_reference,10.889102935791016,-0.004979610802222645,-0.07097883056962051,-0.15015320692521494,-0.20962211538690545,benchmark_features_adjusted_close_exact_reference,False,True,False,False,False,False,False,False,False,True,False
2016-02-18,0050,buy_hold_daily_state_hold_reference,11.06165885925293,0.015846661059171874,-0.0562569469808617,-0.13668597284313455,-0.20962211538690545,benchmark_features_adjusted_close_exact_reference,False,True,False,False,False,False,False,False,False,True,False
2016-02-19,0050,buy_hold_daily_state_hold_reference,11.052576065063477,-0.0008211059756064731,-0.05703186004113292,-0.13739484514965805,-0.20962211538690545,benchmark_features_adjusted_close_exact_reference,False,True,False,False,False,False,False,False,False,True,False
2016-02-22,0050,buy_hold_daily_state_hold_reference,11.043495178222656,-0.0008216081741816428,-0.0578066103729159,-0.13810356859597428,-0.20962211538690545,benchmark_features_adjusted_close_exact_reference,False,True,False,False,False,False,False,False,False,True,False
2016-02-23,0050,buy_hold_daily_state_hold_reference,11.052576065063477,0.0008222837692479779,-0.05703186004113292,-0.13739484514965805,-0.20962211538690545,benchmark_features_adjusted_close_exact_reference,False,True,False,False,False,False,False,False,False,True,False
2016-02-24,0050,buy_hold_daily_state_hold_reference,10.952676773071287,-0.009038552768522834,-0.06555492733318702,-0.1451915473601727,-0.20962211538690545,benchmark_features_adjusted_close_exact_reference,False,True,False,False,False,False,False,False,False,True,False
2016-02-25,0050,buy_hold_daily_state_hold_reference,11.09798526763916,0.013266938993866217,-0.05315770156099742,-0.13385085576755884,-0.20962211538690545,benchmark_features_adjusted_close_exact_reference,False,True,False,False,False,False,False,False,False,True,False
2016-02-26,0050,buy_hold_daily_state_hold_reference,11.125231742858888,0.00245508302296793,-0.050833125108671995,-0.13172438770819572,-0.20962211538690545,benchmark_features_adjusted_close_exact_reference,False,True,False,False,False,False,False,False,False,True,False
2016-03-01,0050,buy_hold_daily_state_hold_reference,11.234212875366213,0.009795852798956561,-0.04153522612059091,-0.12321888762126132,-0.20962211538690545,benchmark_features_adjusted_close_exact_reference,False,True,False,False,False,False,False,False,False,True,False
2016-03-02,0050,buy_hold_daily_state_hold_reference,11.325031280517578,0.008084091529946713,-0.03378690916032023,-0.11613090885706323,-0.20962211538690545,benchmark_features_adjusted_close_exact_reference,False,True,False,False,False,False,False,False,False,True,False
2016-03-03,0050,buy_hold_daily_state_hold_reference,11.43401336669922,0.009623115687911854,-0.024488928807994914,-0.10762533434002497,-0.20962211538690545,benchmark_features_adjusted_close_exact_reference,False,True,False,False,False,False,False,False,False,True,False
2016-03-04,0050,buy_hold_daily_state_hold_reference,11.461257934570312,0.002382765088454475,-0.022164515084157843,-0.10549901514086923,-0.20962211538690545,benchmark_features_adjusted_close_exact_reference,False,True,False,False,False,False,False,False,False,True,False
2016-03-07,0050,buy_hold_daily_state_hold_reference,11.461257934570312,0.0,-0.022164515084157843,-0.10549901514086923,-0.20962211538690545,benchmark_features_adjusted_close_exact_reference,False,True,False,False,False,False,False,False,False,True,False
2016-03-08,0050,buy_hold_daily_state_hold_reference,11.452177047729492,-0.0007923115327009844,-0.022939265415940935,-0.10620773858718557,-0.20962211538690545,benchmark_features_adjusted_close_exact_reference,False,True,False,False,False,False,False,False,False,True,False
2016-03-09,0050,buy_hold_daily_state_hold_reference,11.461257934570312,0.0007929397880397371,-0.022164515084157843,-0.10549901514086923,-0.20962211538690545,benchmark_features_adjusted_close_exact_reference,False,True,False,False,False,False,False,False,False,True,False
2016-03-10,0050,buy_hold_daily_state_hold_reference,11.488503456115724,0.002377184223664619,-0.01984001999607643,-0.10337262151160964,-0.20962211538690545,benchmark_features_adjusted_close_exact_reference,False,True,False,False,False,False,False,False,False,True,False
2016-03-11,0050,buy_hold_daily_state_hold_reference,11.542993545532228,0.004743010229717681,-0.015191111184157946,-0.09911990868319431,-0.20962211538690545,benchmark_features_adjusted_close_exact_reference,False,True,False,False,False,False,False,False,False,True,False
2016-03-14,0050,buy_hold_daily_state_hold_reference,11.624730110168455,0.007081054348147209,-0.008217625919914484,-0.09274072779541609,-0.20962211538690545,benchmark_features_adjusted_close_exact_reference,False,True,False,False,False,False,False,False,False,True,False
2016-03-15,0050,buy_hold_daily_state_hold_reference,11.452177047729492,-0.014843618802644398,-0.022939265415940935,-0.10620773858718557,-0.20962211538690545,benchmark_features_adjusted_close_exact_reference,False,True,False,False,False,False,False,False,False,True,False
2016-03-16,0050,buy_hold_daily_state_hold_reference,11.552075386047363,0.008723087138936325,-0.014416279488131067,-0.09841111080677467,-0.20962211538690545,benchmark_features_adjusted_close_exact_reference,False,True,False,False,False,False,False,False,False,True,False
2016-03-17,0050,buy_hold_daily_state_hold_reference,11.67922306060791,0.01100647894958473,-0.00356847301526364,-0.08848779167668974,-0.20962211538690545,benchmark_features_adjusted_close_exact_reference,False,True,False,False,False,False,False,False,False,True,False
2016-03-18,0050,buy_hold_daily_state_hold_reference,11.751876831054688,0.006220770856909752,0.0026300991887089342,-0.0828174830954348,-0.20962211538690545,benchmark_features_adjusted_close_exact_reference,False,True,False,False,False,False,False,False,False,True,False
2016-03-21,0050,buy_hold_daily_state_hold_reference,11.733712196350098,-0.001545679465988714,0.001080354432410724,-0.08423515327837805,-0.20962211538690545,benchmark_features_adjusted_close_exact_reference,False,True,False,False,False,False,False,False,False,True,False
2016-03-22,0050,buy_hold_daily_state_hold_reference,11.697385787963867,-0.0030959007497669555,-0.0020188909874535588,-0.08707027035395376,-0.20962211538690545,benchmark_features_adjusted_close_exact_reference,False,True,False,False,False,False,False,False,False,True,False
2016-03-23,0050,buy_hold_daily_state_hold_reference,11.68830394744873,-0.0007763991612964594,-0.0027937226834806594,-0.08777906823037362,-0.20962211538690545,benchmark_features_adjusted_close_exact_reference,False,True,False,False,False,False,False,False,False,True,False
2016-03-24,0050,buy_hold_daily_state_hold_reference,11.68830394744873,0.0,-0.0027937226834806594,-0.08777906823037362,-0.20962211538690545,benchmark_features_adjusted_close_exact_reference,False,True,False,False,False,False,False,False,False,True,False
2016-03-25,0050,buy_hold_daily_state_hold_reference,11.633813858032228,-0.004661932959776904,-0.0074426314953990325,-0.09203178105878884,-0.20962211538690545,benchmark_features_adjusted_close_exact_reference,False,True,False,False,False,False,False,False,False,True,False
2016-03-28,0050,buy_hold_daily_state_hold_reference,11.642894744873049,0.0007805597503651729,-0.006667881163615941,-0.09132305761247261,-0.20962211538690545,benchmark_features_adjusted_close_exact_reference,False,True,False,False,False,False,False,False,False,True,False
2016-03-29,0050,buy_hold_daily_state_hold_reference,11.561161041259766,-0.007020050030880354,-0.01364112233512782,-0.09770201520994048,-0.20962211538690545,benchmark_features_adjusted_close_exact_reference,False,True,False,False,False,False,False,False,False,True,False
2016-03-30,0050,buy_hold_daily_state_hold_reference,11.751876831054688,0.016496248872781116,0.0026300991887089342,-0.0828174830954348,-0.20962211538690545,benchmark_features_adjusted_close_exact_reference,False,True,False,False,False,False,False,False,False,True,False
2016-03-31,0050,buy_hold_daily_state_hold_reference,11.742795944213867,-0.0007727180067803596,0.0018553488569259535,-0.08352620654175102,-0.20962211538690545,benchmark_features_adjusted_close_exact_reference,False,True,False,False,False,False,False,False,False,True,False
2016-04-01,0050,buy_hold_daily_state_hold_reference,11.606569290161133,-0.01160087041449942,-0.009767045219236326,-0.0941581002579448,-0.20962211538690545,benchmark_features_adjusted_close_exact_reference,False,True,False,False,False,False,False,False,False,True,False
2016-04-06,0050,buy_hold_daily_state_hold_reference,11.334113121032717,-0.02347430686166474,-0.03301207746429291,-0.11542211098064314,-0.20962211538690545,benchmark_features_adjusted_close_exact_reference,False,True,False,False,False,False,False,False,False,True,False
2016-04-07,0050,buy_hold_daily_state_hold_reference,11.28870677947998,-0.004006166258255894,-0.03688599185169639,-0.11896587707243167,-0.20962211538690545,benchmark_features_adjusted_close_exact_reference,False,True,False,False,False,False,False,False,False,True,False
2016-04-08,0050,buy_hold_daily_state_hold_reference,11.397686004638672,0.009653827252984248,-0.027588255592103428,-0.11046052584570443,-0.20962211538690545,benchmark_features_adjusted_close_exact_reference,False,True,False,False,False,False,False,False,False,True,False
2016-04-11,0050,buy_hold_daily_state_hold_reference,11.443095207214355,0.003984072078946799,-0.023714097111968035,-0.10691653646360544,-0.20962211538690545,benchmark_features_adjusted_close_exact_reference,False,True,False,False,False,False,False,False,False,True,False
2016-04-12,0050,buy_hold_daily_state_hold_reference,11.43401336669922,-0.0007936524472338391,-0.024488928807994914,-0.10762533434002497,-0.20962211538690545,benchmark_features_adjusted_close_exact_reference,False,True,False,False,False,False,False,False,False,True,False
2016-04-13,0050,buy_hold_daily_state_hold_reference,11.633813858032228,0.017474222298437425,-0.0074426314953990325,-0.09203178105878884,-0.20962211538690545,benchmark_features_adjusted_close_exact_reference,False,True,False,False,False,False,False,False,False,True,False
2016-04-14,0050,buy_hold_daily_state_hold_reference,11.670141220092772,0.0031225668988559274,-0.004343304711290963,-0.08919658955310983,-0.20962211538690545,benchmark_features_adjusted_close_exact_reference,False,True,False,False,False,False,False,False,False,True,False
2016-04-15,0050,buy_hold_daily_state_hold_reference,11.670141220092772,0.0,-0.004343304711290963,-0.08919658955310983,-0.20962211538690545,benchmark_features_adjusted_close_exact_reference,False,True,False,False,False,False,False,False,False,True,False
2016-04-18,0050,buy_hold_daily_state_hold_reference,11.597484588623049,-0.006225857091140319,-0.010542121007995453,-0.09486712142467535,-0.20962211538690545,benchmark_features_adjusted_close_exact_reference,False,True,False,False,False,False,False,False,False,True,False
2016-04-19,0050,buy_hold_daily_state_hold_reference,11.552075386047363,-0.0039154354747089615,-0.014416279488131067,-0.09841111080677467,-0.20962211538690545,benchmark_features_adjusted_close_exact_reference,False,True,False,False,False,False,False,False,False,True,False
2016-04-20,0050,buy_hold_daily_state_hold_reference,11.379524230957031,-0.01493680999508884,-0.02913775625566961,-0.111877972738337,-0.20962211538690545,benchmark_features_adjusted_close_exact_reference,False,True,False,False,False,False,False,False,False,True,False
2016-04-21,0050,buy_hold_daily_state_hold_reference,11.43401336669922,0.004788349199517095,-0.024488928807994914,-0.10762533434002497,-0.20962211538690545,benchmark_features_adjusted_close_exact_reference,False,True,False,False,False,False,False,False,False,True,False
2016-04-22,0050,buy_hold_daily_state_hold_reference,11.479421615600586,0.003971330751948665,-0.020614851692103753,-0.10408141938802973,-0.20962211538690545,benchmark_features_adjusted_close_exact_reference,False,True,False,False,False,False,False,False,False,True,False
2016-04-25,0050,buy_hold_daily_state_hold_reference,11.488503456115724,0.0007911409493659427,-0.01984001999607643,-0.10337262151160964,-0.20962211538690545,benchmark_features_adjusted_close_exact_reference,False,True,False,False,False,False,False,False,False,True,False
2016-04-26,0050,buy_hold_daily_state_hold_reference,11.533913612365724,0.003952660711942224,-0.015965780151696918,-0.0998285576994069,-0.20962211538690545,benchmark_features_adjusted_close_exact_reference,False,True,False,False,False,False,False,False,False,True,False
2016-04-27,0050,buy_hold_daily_state_hold_reference,11.5157470703125,-0.0015750544579896664,-0.01751568763648348,-0.10124637674255754,-0.20962211538690545,benchmark_features_adjusted_close_exact_reference,False,True,False,False,False,False,False,False,False,True,False
2016-04-28,0050,buy_hold_daily_state_hold_reference,11.334113121032717,-0.015772658792414296,-0.03301207746429291,-0.11542211098064314,-0.20962211538690545,benchmark_features_adjusted_close_exact_reference,False,True,False,False,False,False,False,False,False,True,False
2016-04-29,0050,buy_hold_daily_state_hold_reference,11.188803672790527,-0.012820539789084928,-0.04540938460072652,-0.12676287700336053,-0.20962211538690545,benchmark_features_adjusted_close_exact_reference,False,True,False,False,False,False,False,False,False,True,False
2016-05-03,0050,buy_hold_daily_state_hold_reference,11.03441333770752,-0.013798645467205883,-0.058581442068943,-0.13881236647239403,-0.20962211538690545,benchmark_features_adjusted_close_exact_reference,False,True,False,False,False,False,False,False,False,True,False
2016-05-04,0050,buy_hold_daily_state_hold_reference,10.916349411010742,-0.010699610671037862,-0.0686542541172952,-0.14802673886585183,-0.20962211538690545,benchmark_features_adjusted_close_exact_reference,False,True,False,False,False,False,False,False,False,True,False
2016-05-05,0050,buy_hold_daily_state_hold_reference,10.934511184692385,0.0016637222754452008,-0.0671047534537289,-0.14660929197321915,-0.20962211538690545,benchmark_features_adjusted_close_exact_reference,False,True,False,False,False,False,False,False,False,True,False
2016-05-06,0050,buy_hold_daily_state_hold_reference,10.843693733215332,-0.008305579457835388,-0.0748529890497559,-0.15369719630731404,-0.20962211538690545,benchmark_features_adjusted_close_exact_reference,False,True,False,False,False,False,False,False,False,True,False
2016-05-09,0050,buy_hold_daily_state_hold_reference,10.843693733215332,0.0,-0.0748529890497559,-0.15369719630731404,-0.20962211538690545,benchmark_features_adjusted_close_exact_reference,False,True,False,False,False,False,False,False,False,True,False
2016-05-10,0050,buy_hold_daily_state_hold_reference,10.898184776306152,0.005025136676805042,-0.07020399887359341,-0.14944440904879508,-0.20962211538690545,benchmark_features_adjusted_close_exact_reference,False,True,False,False,False,False,False,False,False,True,False
2016-05-11,0050,buy_hold_daily_state_hold_reference,10.87094020843506,-0.002499917961597098,-0.07252841259743048,-0.15157072824795081,-0.20962211538690545,benchmark_features_adjusted_close_exact_reference,False,True,False,False,False,False,False,False,False,True,False
2016-05-12,0050,buy_hold_daily_state_hold_reference,10.861858367919922,-0.0008354236469897414,-0.07330324429345769,-0.1522795261243708,-0.20962211538690545,benchmark_features_adjusted_close_exact_reference,False,True,False,False,False,False,False,False,False,True,False
2016-05-13,0050,buy_hold_daily_state_hold_reference,10.743794441223145,-0.010869588121814822,-0.08337605634180989,-0.16149389851782858,-0.20962211538690545,benchmark_features_adjusted_close_exact_reference,False,True,False,False,False,False,False,False,False,True,False
2016-05-16,0050,buy_hold_daily_state_hold_reference,10.82553005218506,0.007607704280742977,-0.07640265244180999,-0.15511479206015355,-0.20962211538690545,benchmark_features_adjusted_close_exact_reference,False,True,False,False,False,False,False,False,False,True,False
2016-05-17,0050,buy_hold_daily_state_hold_reference,10.907266616821287,0.0075503521991266975,-0.06942916717756642,-0.14873561117237533,-0.20962211538690545,benchmark_features_adjusted_close_exact_reference,False,True,False,False,False,False,False,False,False,True,False
2016-05-18,0050,buy_hold_daily_state_hold_reference,10.889102935791016,-0.0016652825743032063,-0.07097883056962051,-0.15015320692521494,-0.20962211538690545,benchmark_features_adjusted_close_exact_reference,False,True,False,False,False,False,False,False,False,True,False
2016-05-19,0050,buy_hold_daily_state_hold_reference,10.834614753723145,-0.005003918356651371,-0.07562757665305087,-0.1544057708934231,-0.20962211538690545,benchmark_features_adjusted_close_exact_reference,False,True,False,False,False,False,False,False,False,True,False
2016-05-20,0050,buy_hold_daily_state_hold_reference,10.898184776306152,0.005867308070290456,-0.07020399887359341,-0.14944440904879508,-0.20962211538690545,benchmark_features_adjusted_close_exact_reference,False,True,False,False,False,False,False,False,False,True,False
2016-05-23,0050,buy_hold_daily_state_hold_reference,11.261459350585938,0.03333349376398753,-0.03921064966826582,-0.12109241956189842,-0.20962211538690545,benchmark_features_adjusted_close_exact_reference,False,True,False,False,False,False,False,False,False,True,False
2016-05-24,0050,buy_hold_daily_state_hold_reference,11.143394470214844,-0.010483976960317332,-0.049283543080862025,-0.13030686638545974,-0.20962211538690545,benchmark_features_adjusted_close_exact_reference,False,True,False,False,False,False,False,False,False,True,False
2016-05-25,0050,buy_hold_daily_state_hold_reference,11.261459350585938,0.010595055275721244,-0.03921064966826582,-0.12109241956189842,-0.20962211538690545,benchmark_features_adjusted_close_exact_reference,False,True,False,False,False,False,False,False,False,True,False
2016-05-26,0050,buy_hold_daily_state_hold_reference,11.28870677947998,0.0024195291254702767,-0.03688599185169639,-0.11896587707243167,-0.20962211538690545,benchmark_features_adjusted_close_exact_reference,False,True,False,False,False,False,False,False,False,True,False
2016-05-27,0050,buy_hold_daily_state_hold_reference,11.370443344116213,0.007240560520608952,-0.02991250658745248,-0.11258669618465311,-0.20962211538690545,benchmark_features_adjusted_close_exact_reference,False,True,False,False,False,False,False,False,False,True,False
2016-05-30,0050,buy_hold_daily_state_hold_reference,11.47033977508545,0.008785623211510885,-0.021389683388130742,-0.10479021726444937,-0.20962211538690545,benchmark_features_adjusted_close_exact_reference,False,True,False,False,False,False,False,False,False,True,False
2016-05-31,0050,buy_hold_daily_state_hold_reference,11.47033977508545,0.0,-0.021389683388130742,-0.10479021726444937,-0.20962211538690545,benchmark_features_adjusted_close_exact_reference,False,True,False,False,False,False,False,False,False,True,False
2016-06-01,0050,buy_hold_daily_state_hold_reference,11.570239067077637,0.008709357695678488,-0.012866616096076866,-0.09699351505393494,-0.20962211538690545,benchmark_features_adjusted_close_exact_reference,False,True,False,False,False,False,False,False,False,True,False
2016-06-02,0050,buy_hold_daily_state_hold_reference,11.570239067077637,0.0,-0.012866616096076866,-0.09699351505393494,-0.20962211538690545,benchmark_features_adjusted_close_exact_reference,False,True,False,False,False,False,False,False,False,True,False
2016-06-03,0050,buy_hold_daily_state_hold_reference,11.597484588623049,0.0023547933095813267,-0.010542121007995453,-0.09486712142467535,-0.20962211538690545,benchmark_features_adjusted_close_exact_reference,False,True,False,False,False,False,False,False,False,True,False
2016-06-06,0050,buy_hold_daily_state_hold_reference,11.633813858032228,0.0031325128420363058,-0.0074426314953990325,-0.09203178105878884,-0.20962211538690545,benchmark_features_adjusted_close_exact_reference,False,True,False,False,False,False,False,False,False,True,False
2016-06-07,0050,buy_hold_daily_state_hold_reference,11.788206100463867,0.013270991294487944,0.005729588701305355,-0.0799821427295484,-0.20962211538690545,benchmark_features_adjusted_close_exact_reference,False,True,False,False,False,False,False,False,False,True,False
2016-06-08,0050,buy_hold_daily_state_hold_reference,11.851777076721191,0.005392760842111821,0.01115324784500693,-0.07502070645481673,-0.20962211538690545,benchmark_features_adjusted_close_exact_reference,False,True,False,False,False,False,False,False,False,True,False
2016-06-13,0050,buy_hold_daily_state_hold_reference,11.57932186126709,-0.02298855384221221,-0.012091703035805756,-0.09628464274741155,-0.20962211538690545,benchmark_features_adjusted_close_exact_reference,False,True,False,False,False,False,False,False,False,True,False
2016-06-14,0050,buy_hold_daily_state_hold_reference,11.65197467803955,0.006274358519688938,-0.00589321219607708,-0.09061440859626002,-0.20962211538690545,benchmark_features_adjusted_close_exact_reference,False,True,False,False,False,False,False,False,False,True,False
2016-06-15,0050,buy_hold_daily_state_hold_reference,11.670141220092772,0.0015590955657893701,-0.004343304711290963,-0.08919658955310983,-0.20962211538690545,benchmark_features_adjusted_close_exact_reference,False,True,False,False,False,False,False,False,False,True,False
2016-06-16,0050,buy_hold_daily_state_hold_reference,11.506669044494627,-0.01400772899960201,-0.018290193875534544,-0.1019548768985632,-0.20962211538690545,benchmark_features_adjusted_close_exact_reference,False,True,False,False,False,False,False,False,False,True,False
2016-06-17,0050,buy_hold_daily_state_hold_reference,11.633813858032228,0.011049662856031706,-0.0074426314953990325,-0.09203178105878884,-0.20962211538690545,benchmark_features_adjusted_close_exact_reference,False,True,False,False,False,False,False,False,False,True,False
2016-06-20,0050,buy_hold_daily_state_hold_reference,11.715548515319824,0.007025611573728607,-0.0004693089596433664,-0.08565274903121767,-0.20962211538690545,benchmark_features_adjusted_close_exact_reference,False,True,False,False,False,False,False,False,False,True,False
2016-06-21,0050,buy_hold_daily_state_hold_reference,11.760957717895508,0.003875977511108797,0.003404849520492137,-0.08210875964911846,-0.20962211538690545,benchmark_features_adjusted_close_exact_reference,False,True,False,False,False,False,False,False,False,True,False
2016-06-22,0050,buy_hold_daily_state_hold_reference,11.797285079956056,0.00308880985136728,0.00650417630460054,-0.07927356814343911,-0.20962211538690545,benchmark_features_adjusted_close_exact_reference,False,True,False,False,False,False,False,False,False,True,False
2016-06-23,0050,buy_hold_daily_state_hold_reference,11.770039558410645,-0.002309473862906253,0.004179681216519127,-0.0813999617726987,-0.20962211538690545,benchmark_features_adjusted_close_exact_reference,False,True,False,False,False,False,False,False,False,True,False
2016-06-24,0050,buy_hold_daily_state_hold_reference,11.461257934570312,-0.02623454426877292,-0.022164515084157843,-0.10549901514086923,-0.20962211538690545,benchmark_features_adjusted_close_exact_reference,False,True,False,False,False,False,False,False,False,True,False
2016-06-27,0050,buy_hold_daily_state_hold_reference,11.57932186126709,0.010301131635879424,-0.012091703035805756,-0.09628464274741155,-0.20962211538690545,benchmark_features_adjusted_close_exact_reference,False,True,False,False,False,False,False,False,False,True,False
2016-06-28,0050,buy_hold_daily_state_hold_reference,11.624730110168455,0.003921494664834935,-0.008217625919914484,-0.09274072779541609,-0.20962211538690545,benchmark_features_adjusted_close_exact_reference,False,True,False,False,False,False,False,False,False,True,False
2016-06-29,0050,buy_hold_daily_state_hold_reference,11.751876831054688,0.010937606265371658,0.0026300991887089342,-0.0828174830954348,-0.20962211538690545,benchmark_features_adjusted_close_exact_reference,False,True,False,False,False,False,False,False,False,True,False
2016-06-30,0050,buy_hold_daily_state_hold_reference,11.888104438781738,0.011591987363845258,0.014252574629115333,-0.07218551494913739,-0.20962211538690545,benchmark_features_adjusted_close_exact_reference,False,True,False,False,False,False,False,False,False,True,False
2016-07-01,0050,buy_hold_daily_state_hold_reference,12.033413887023926,0.012223096540787015,0.026649881765548722,-0.06084474892642011,-0.20962211538690545,benchmark_features_adjusted_close_exact_reference,False,True,False,False,False,False,False,False,False,True,False
2016-07-04,0050,buy_hold_daily_state_hold_reference,12.04249668121338,0.0007547977884521107,0.027424794825819943,-0.06013587661989661,-0.20962211538690545,benchmark_features_adjusted_close_exact_reference,False,True,False,False,False,False,False,False,False,True,False
2016-07-05,0050,buy_hold_daily_state_hold_reference,12.006168365478516,-0.003016676416572217,0.02432538667746753,-0.0629711425556796,-0.20962211538690545,benchmark_features_adjusted_close_exact_reference,False,True,False,False,False,False,False,False,False,True,False
2016-07-06,0050,buy_hold_daily_state_hold_reference,11.788206100463867,-0.01815419027783738,0.005729588701305355,-0.0799821427295484,-0.20962211538690545,benchmark_features_adjusted_close_exact_reference,False,True,False,False,False,False,False,False,False,True,False
2016-07-07,0050,buy_hold_daily_state_hold_reference,11.933511734008787,0.012326356725235854,0.018126570380762486,-0.06864167442724556,-0.20962211538690545,benchmark_features_adjusted_close_exact_reference,False,True,False,False,False,False,False,False,False,True,False
2016-07-08,0050,buy_hold_daily_state_hold_reference,11.933511734008787,0.0,0.018126570380762486,-0.06864167442724556,-0.20962211538690545,benchmark_features_adjusted_close_exact_reference,False,True,False,False,False,False,False,False,False,True,False
2016-07-11,0050,buy_hold_daily_state_hold_reference,12.169641494750977,0.019787114305108933,0.03827235720595512,-0.0502127807801227,-0.20962211538690545,benchmark_features_adjusted_close_exact_reference,False,True,False,False,False,False,False,False,False,True,False
2016-07-12,0050,buy_hold_daily_state_hold_reference,12.278621673583984,0.008955085396723739,0.04757017482979209,-0.041707355123291934,-0.20962211538690545,benchmark_features_adjusted_close_exact_reference,False,True,False,False,False,False,False,False,False,True,False
2016-07-13,0050,buy_hold_daily_state_hold_reference,12.287705421447754,0.0007398019179394311,0.04834516925430732,-0.0409984083866648,-0.20962211538690545,benchmark_features_adjusted_close_exact_reference,False,True,False,False,False,False,False,False,False,True,False
2016-07-14,0050,buy_hold_daily_state_hold_reference,12.296788215637209,0.0007391774035858667,0.04912008231457854,-0.04028953608014141,-0.20962211538690545,benchmark_features_adjusted_close_exact_reference,False,True,False,False,False,False,False,False,False,True,False
2016-07-15,0050,buy_hold_daily_state_hold_reference,12.442096710205078,0.011816784352119525,0.0615173080867677,-0.02894884448752788,-0.20962211538690545,benchmark_features_adjusted_close_exact_reference,False,True,False,False,False,False,False,False,False,True,False
2016-07-18,0050,buy_hold_daily_state_hold_reference,12.560155868530272,0.00948868676035608,0.07158971331389963,-0.019734844244588046,-0.20962211538690545,benchmark_features_adjusted_close_exact_reference,False,True,False,False,False,False,False,False,False,True,False
2016-07-19,0050,buy_hold_daily_state_hold_reference,12.578325271606444,0.0014465905731071427,0.0731398648914181,-0.018316801911126834,-0.20962211538690545,benchmark_features_adjusted_close_exact_reference,False,True,False,False,False,False,False,False,False,True,False
2016-07-20,0050,buy_hold_daily_state_hold_reference,12.569238662719728,-0.0007224021235344713,0.07236462637417107,-0.019025971938064323,-0.20962211538690545,benchmark_features_adjusted_close_exact_reference,False,True,False,False,False,False,False,False,False,True,False
2016-07-21,0050,buy_hold_daily_state_hold_reference,12.632814407348633,0.005058042601853829,0.07778869233909269,-0.01406416351281492,-0.20962211538690545,benchmark_features_adjusted_close_exact_reference,False,True,False,False,False,False,False,False,False,True,False
2016-07-22,0050,buy_hold_daily_state_hold_reference,12.58740520477295,-0.003594543631486369,0.0739145338589573,-0.01760815289491402,-0.20962211538690545,benchmark_features_adjusted_close_exact_reference,False,True,False,False,False,False,False,False,False,True,False
2016-07-25,0050,buy_hold_daily_state_hold_reference,12.532912254333496,-0.004329164712898126,0.06926538095430668,-0.021861089013640145,-0.20962211538690545,benchmark_features_adjusted_close_exact_reference,False,True,False,False,False,False,False,False,False,True,False
2016-07-26,0050,buy_hold_daily_state_hold_reference,12.60556983947754,0.005797342522598559,0.07546427861525551,-0.016190482711970766,-0.20962211538690545,benchmark_features_adjusted_close_exact_reference,False,True,False,False,False,False,False,False,False,True,False
2016-07-27,0050,buy_hold_daily_state_hold_reference,12.660058975219728,0.004322623763627131,0.0801131060629301,-0.011937844313658852,-0.20962211538690545,benchmark_features_adjusted_close_exact_reference,False,True,False,False,False,False,False,False,False,True,False
2016-07-28,0050,buy_hold_daily_state_hold_reference,12.696836471557615,0.0029050019758891654,0.08325083677022671,-0.009067521799088762,-0.20962211538690545,benchmark_features_adjusted_close_exact_reference,False,True,False,False,False,False,False,False,False,True,False
2016-07-29,0050,buy_hold_daily_state_hold_reference,12.604893684387209,-0.007241393348364267,0.07540659136622874,-0.016243253655410905,-0.20962211538690545,benchmark_features_adjusted_close_exact_reference,False,True,False,False,False,False,False,False,False,True,False
2016-08-01,0050,buy_hold_daily_state_hold_reference,12.742806434631348,0.010941206938933634,0.0871728374258598,-0.005479767516082812,-0.20962211538690545,benchmark_features_adjusted_close_exact_reference,False,True,False,False,False,False,False,False,False,True,False
2016-08-02,0050,buy_hold_daily_state_hold_reference,12.742806434631348,0.0,0.0871728374258598,-0.005479767516082812,-0.20962211538690545,benchmark_features_adjusted_close_exact_reference,False,True,False,False,False,False,False,False,False,True,False
2016-08-03,0050,buy_hold_daily_state_hold_reference,12.641671180725098,-0.007936654647079378,0.07854432207352535,-0.013372931140840816,-0.20962211538690545,benchmark_features_adjusted_close_exact_reference,False,True,False,False,False,False,False,False,False,True,False
2016-08-04,0050,buy_hold_daily_state_hold_reference,12.669256210327148,0.0021820714372091654,0.08089778283248616,-0.01122004039470581,-0.20962211538690545,benchmark_features_adjusted_close_exact_reference,False,True,False,False,False,False,False,False,False,True,False
2016-08-05,0050,buy_hold_daily_state_hold_reference,12.797967910766602,0.010159373076261247,0.09187902666558512,-0.0011746558947449692,-0.20962211538690545,benchmark_features_adjusted_close_exact_reference,False,True,False,False,False,False,False,False,False,True,False
2016-08-08,0050,buy_hold_daily_state_hold_reference,12.880711555480955,0.0064653736664508354,0.09893843257153878,0.0,-0.20962211538690545,benchmark_features_adjusted_close_exact_reference,False,True,False,False,False,False,False,False,False,True,False
2016-08-09,0050,buy_hold_daily_state_hold_reference,12.945069313049316,0.0049964442795844555,0.10442921721657639,0.0,-0.20962211538690545,benchmark_features_adjusted_close_exact_reference,False,True,False,False,False,False,False,False,False,True,False
2016-08-10,0050,buy_hold_daily_state_hold_reference,12.981846809387209,0.0028410428286249623,0.10756694792387345,0.0,-0.20962211538690545,benchmark_features_adjusted_close_exact_reference,False,True,False,False,False,False,False,False,False,True,False
2016-08-11,0050,buy_hold_daily_state_hold_reference,12.86232566833496,-0.009206790282398347,0.0973698113106225,-0.009206790282398236,-0.20962211538690545,benchmark_features_adjusted_close_exact_reference,False,True,False,False,False,False,False,False,False,True,False
2016-08-12,0050,buy_hold_daily_state_hold_reference,12.908291816711426,0.003573704286591761,0.10129148650927955,-0.005665988341704509,-0.20962211538690545,benchmark_features_adjusted_close_exact_reference,False,True,False,False,False,False,False,False,False,True,False
2016-08-15,0050,buy_hold_daily_state_hold_reference,12.935876846313477,0.002137000773900777,0.10364494726824036,-0.0035410957892747508,-0.20962211538690545,benchmark_features_adjusted_close_exact_reference,False,True,False,False,False,False,False,False,False,True,False
2016-08-16,0050,buy_hold_daily_state_hold_reference,12.86232566833496,-0.005685828556684092,0.0973698113106225,-0.009206790282398236,-0.20962211538690545,benchmark_features_adjusted_close_exact_reference,False,True,False,False,False,False,False,False,False,True,False
2016-08-17,0050,buy_hold_daily_state_hold_reference,12.880711555480955,0.0014294372277681155,0.09893843257153878,-0.0077905135834079875,-0.20962211538690545,benchmark_features_adjusted_close_exact_reference,False,True,False,False,False,False,False,False,False,True,False
2016-08-18,0050,buy_hold_daily_state_hold_reference,12.853132247924805,-0.0021411322998234894,0.09658545999804247,-0.009914965362965877,-0.20962211538690545,benchmark_features_adjusted_close_exact_reference,False,True,False,False,False,False,False,False,False,True,False
2016-08-19,0050,buy_hold_daily_state_hold_reference,12.72441577911377,-0.010014404763618368,0.08560380934372325,-0.019830077650222377,-0.20962211538690545,benchmark_features_adjusted_close_exact_reference,False,True,False,False,False,False,False,False,False,True,False
2016-08-22,0050,buy_hold_daily_state_hold_reference,12.63247776031494,-0.007225323377890502,0.0777599707609451,-0.026912122304481256,-0.20962211538690545,benchmark_features_adjusted_close_exact_reference,False,True,False,False,False,False,False,False,False,True,False
2016-08-23,0050,buy_hold_daily_state_hold_reference,12.761194229125977,0.010189328748743343,0.08874162141526432,-0.016997010017224756,-0.20962211538690545,benchmark_features_adjusted_close_exact_reference,False,True,False,False,False,False,False,False,False,True,False
2016-08-24,0050,buy_hold_daily_state_hold_reference,12.72441577911377,-0.0028820539325594696,0.08560380934372325,-0.019830077650222377,-0.20962211538690545,benchmark_features_adjusted_close_exact_reference,False,True,False,False,False,False,False,False,False,True,False
2016-08-25,0050,buy_hold_daily_state_hold_reference,12.87152099609375,0.01156086216716079,0.09815432535169077,-0.008498468277539861,-0.20962211538690545,benchmark_features_adjusted_close_exact_reference,False,True,False,False,False,False,False,False,False,True,False
2016-08-26,0050,buy_hold_daily_state_hold_reference,12.889907836914062,0.0014284901392689342,0.09972302797685129,-0.007082118116404135,-0.20962211538690545,benchmark_features_adjusted_close_exact_reference,False,True,False,False,False,False,False,False,False,True,False
2016-08-29,0050,buy_hold_daily_state_hold_reference,12.880711555480955,-0.0007134481913649848,0.09893843257153878,-0.0077905135834079875,-0.20962211538690545,benchmark_features_adjusted_close_exact_reference,False,True,False,False,False,False,False,False,False,True,False
2016-08-30,0050,buy_hold_daily_state_hold_reference,12.87152099609375,-0.000713513329416493,0.09815432535169077,-0.008498468277539861,-0.20962211538690545,benchmark_features_adjusted_close_exact_reference,False,True,False,False,False,False,False,False,False,True,False
2016-08-31,0050,buy_hold_daily_state_hold_reference,12.761194229125977,-0.008571385386486607,0.08874162141526432,-0.016997010017224756,-0.20962211538690545,benchmark_features_adjusted_close_exact_reference,False,True,False,False,False,False,False,False,False,True,False
2016-09-01,0050,buy_hold_daily_state_hold_reference,12.696836471557615,-0.005043239403211275,0.08325083677022671,-0.02195452942978038,-0.20962211538690545,benchmark_features_adjusted_close_exact_reference,False,True,False,False,False,False,False,False,False,True,False
2016-09-02,0050,buy_hold_daily_state_hold_reference,12.715221405029297,0.001447993247204904,0.0848193766668992,-0.020538326192935275,-0.20962211538690545,benchmark_features_adjusted_close_exact_reference,False,True,False,False,False,False,False,False,False,True,False
2016-09-05,0050,buy_hold_daily_state_hold_reference,12.926685333251951,0.016630770435425823,0.1028607586841479,-0.004249123945552213,-0.20962211538690545,benchmark_features_adjusted_close_exact_reference,False,True,False,False,False,False,False,False,False,True,False
2016-09-06,0050,buy_hold_daily_state_hold_reference,13.02781581878662,0.007823388821458055,0.1114888672152623,0.0,-0.20962211538690545,benchmark_features_adjusted_close_exact_reference,False,True,False,False,False,False,False,False,False,True,False
2016-09-07,0050,buy_hold_daily_state_hold_reference,13.211694717407228,0.014114330535395458,0.12717678847355085,0.0,-0.20962211538690545,benchmark_features_adjusted_close_exact_reference,False,True,False,False,False,False,False,False,False,True,False
2016-09-08,0050,buy_hold_daily_state_hold_reference,13.165725708007812,-0.0034794180748703996,0.12325486918216155,-0.0034794180748703996,-0.20962211538690545,benchmark_features_adjusted_close_exact_reference,False,True,False,False,False,False,False,False,False,True,False
2016-09-09,0050,buy_hold_daily_state_hold_reference,12.945069313049316,-0.01675991129180865,0.10442921721657639,-0.020181014628397165,-0.20962211538690545,benchmark_features_adjusted_close_exact_reference,False,True,False,False,False,False,False,False,False,True,False
2016-09-12,0050,buy_hold_daily_state_hold_reference,12.66005802154541,-0.022016976859026927,0.08011302469868586,-0.04175366655535895,-0.20962211538690545,benchmark_features_adjusted_close_exact_reference,False,True,False,False,False,False,False,False,False,True,False
2016-09-13,0050,buy_hold_daily_state_hold_reference,12.66005802154541,0.0,0.08011302469868586,-0.04175366655535895,-0.20962211538690545,benchmark_features_adjusted_close_exact_reference,False,True,False,False,False,False,False,False,False,True,False
2016-09-14,0050,buy_hold_daily_state_hold_reference,12.586505889892578,-0.005809778401304144,0.073837807376824,-0.047320865406534685,-0.20962211538690545,benchmark_features_adjusted_close_exact_reference,False,True,False,False,False,False,False,False,False,True,False
2016-09-19,0050,buy_hold_daily_state_hold_reference,13.055399894714355,0.037253707178440676,0.1138422466099791,-0.01183003589137932,-0.20962211538690545,benchmark_features_adjusted_close_exact_reference,False,True,False,False,False,False,False,False,False,True,False
2016-09-20,0050,buy_hold_daily_state_hold_reference,13.037013053894045,-0.0014083705569030158,0.11227354398481881,-0.013221745374045857,-0.20962211538690545,benchmark_features_adjusted_close_exact_reference,False,True,False,False,False,False,False,False,False,True,False
2016-09-21,0050,buy_hold_daily_state_hold_reference,13.101367950439451,0.0049363221682272584,0.11776408453712395,-0.00835069000061095,-0.20962211538690545,benchmark_features_adjusted_close_exact_reference,False,True,False,False,False,False,False,False,False,True,False
2016-09-22,0050,buy_hold_daily_state_hold_reference,13.128951072692873,0.0021053620017210672,0.12011738256759696,-0.006262909224305391,-0.20962211538690545,benchmark_features_adjusted_close_exact_reference,False,True,False,False,False,False,False,False,False,True,False
2016-09-23,0050,buy_hold_daily_state_hold_reference,13.220891952514648,0.007002911299822445,0.12796146524310692,0.0,-0.20962211538690545,benchmark_features_adjusted_close_exact_reference,False,True,False,False,False,False,False,False,False,True,False
2016-09-26,0050,buy_hold_daily_state_hold_reference,13.055399894714355,-0.012517465417211548,0.1138422466099791,-0.012517465417211548,-0.20962211538690545,benchmark_features_adjusted_close_exact_reference,False,True,False,False,False,False,False,False,False,True,False
2016-09-27,0050,buy_hold_daily_state_hold_reference,13.055399894714355,0.0,0.1138422466099791,-0.012517465417211548,-0.20962211538690545,benchmark_features_adjusted_close_exact_reference,False,True,False,False,False,False,False,False,False,True,False
2016-09-28,0050,buy_hold_daily_state_hold_reference,13.055399894714355,0.0,0.1138422466099791,-0.012517465417211548,-0.20962211538690545,benchmark_features_adjusted_close_exact_reference,False,True,False,False,False,False,False,False,False,True,False
2016-09-29,0050,buy_hold_daily_state_hold_reference,13.220891952514648,0.012676138543048054,0.12796146524310692,0.0,-0.20962211538690545,benchmark_features_adjusted_close_exact_reference,False,True,False,False,False,False,False,False,False,True,False
2016-09-30,0050,buy_hold_daily_state_hold_reference,13.04620361328125,-0.013213052482451637,0.11305765120466682,-0.013213052482451526,-0.20962211538690545,benchmark_features_adjusted_close_exact_reference,False,True,False,False,False,False,False,False,False,True,False
2016-10-03,0050,buy_hold_daily_state_hold_reference,13.138144493103027,0.007047328291594379,0.120901733880177,-0.0062588409094350705,-0.20962211538690545,benchmark_features_adjusted_close_exact_reference,False,True,False,False,False,False,False,False,False,True,False
2016-10-04,0050,buy_hold_daily_state_hold_reference,13.193305015563965,0.00419850173591052,0.1256078417556581,-0.0020866169279475377,-0.20962211538690545,benchmark_features_adjusted_close_exact_reference,False,True,False,False,False,False,False,False,False,True,False
2016-10-05,0050,buy_hold_daily_state_hold_reference,13.1473388671875,-0.0034840510639478905,0.12168616655700126,-0.005563398111967599,-0.20962211538690545,benchmark_features_adjusted_close_exact_reference,False,True,False,False,False,False,False,False,False,True,False
2016-10-06,0050,buy_hold_daily_state_hold_reference,13.184112548828123,0.0027970437220874445,0.12482357180732184,-0.002781915457642725,-0.20962211538690545,benchmark_features_adjusted_close_exact_reference,False,True,False,False,False,False,False,False,False,True,False
2016-10-07,0050,buy_hold_daily_state_hold_reference,13.174919128417969,-0.0006973105225024367,0.12403922049474181,-0.003477286121223777,-0.20962211538690545,benchmark_features_adjusted_close_exact_reference,False,True,False,False,False,False,False,False,False,True,False
2016-10-11,0050,buy_hold_daily_state_hold_reference,13.138144493103027,-0.0027912608006541717,0.120901733880177,-0.0062588409094350705,-0.20962211538690545,benchmark_features_adjusted_close_exact_reference,False,True,False,False,False,False,False,False,False,True,False
2016-10-12,0050,buy_hold_daily_state_hold_reference,13.28524684906006,0.011196585334729336,0.1334520057954125,0.0,-0.20962211538690545,benchmark_features_adjusted_close_exact_reference,False,True,False,False,False,False,False,False,False,True,False
2016-10-13,0050,buy_hold_daily_state_hold_reference,13.184112548828123,-0.0076125269918557725,0.12482357180732184,-0.0076125269918557725,-0.20962211538690545,benchmark_features_adjusted_close_exact_reference,False,True,False,False,False,False,False,False,False,True,False
2016-10-14,0050,buy_hold_daily_state_hold_reference,13.138144493103027,-0.003486624947629191,0.120901733880177,-0.011072609912960774,-0.20962211538690545,benchmark_features_adjusted_close_exact_reference,False,True,False,False,False,False,False,False,False,True,False
2016-10-17,0050,buy_hold_daily_state_hold_reference,13.138144493103027,0.0,0.120901733880177,-0.011072609912960774,-0.20962211538690545,benchmark_features_adjusted_close_exact_reference,False,True,False,False,False,False,False,False,False,True,False
2016-10-18,0050,buy_hold_daily_state_hold_reference,13.230083465576172,0.0069978658342058075,0.12874565382719916,-0.004152228717360318,-0.20962211538690545,benchmark_features_adjusted_close_exact_reference,False,True,False,False,False,False,False,False,False,True,False
2016-10-19,0050,buy_hold_daily_state_hold_reference,13.303633689880373,0.005559316726577945,0.135020708420573,0.0,-0.20962211538690545,benchmark_features_adjusted_close_exact_reference,False,True,False,False,False,False,False,False,False,True,False
2016-10-20,0050,buy_hold_daily_state_hold_reference,13.35880184173584,0.004146848383042245,0.13972746721000617,0.0,-0.20962211538690545,benchmark_features_adjusted_close_exact_reference,False,True,False,False,False,False,False,False,False,True,False
2016-10-21,0050,buy_hold_daily_state_hold_reference,13.349603652954102,-0.0006885489350549889,0.13894270907620587,-0.0006885489350548779,-0.20962211538690545,benchmark_features_adjusted_close_exact_reference,False,True,False,False,False,False,False,False,False,True,False
2016-10-24,0050,buy_hold_daily_state_hold_reference,13.367993354797363,0.0013775466539183157,0.1405116557940984,0.0,-0.20962211538690545,benchmark_features_adjusted_close_exact_reference,False,True,False,False,False,False,False,False,False,True,False
2016-10-25,0050,buy_hold_daily_state_hold_reference,13.49670696258545,0.009628491305457842,0.15149306235568516,0.0,-0.20962211538690545,benchmark_features_adjusted_close_exact_reference,False,True,False,False,False,False,False,False,False,True,False
2016-10-26,0050,buy_hold_daily_state_hold_reference,13.423154830932615,-0.00544963537081522,0.1452178450338233,-0.00544963537081522,-0.20962211538690545,benchmark_features_adjusted_close_exact_reference,False,True,False,False,False,False,False,False,False,True,False
2016-10-27,0050,buy_hold_daily_state_hold_reference,13.349603652954102,-0.00547942558250325,0.13894270907620587,-0.01089920008185219,-0.20962211538690545,benchmark_features_adjusted_close_exact_reference,False,True,False,False,False,False,False,False,False,True,False
2016-10-28,0050,buy_hold_daily_state_hold_reference,13.349603652954102,0.0,0.13894270907620587,-0.01089920008185219,-0.20962211538690545,benchmark_features_adjusted_close_exact_reference,False,True,False,False,False,False,False,False,False,True,False
2016-10-31,0050,buy_hold_daily_state_hold_reference,13.349603652954102,0.0,0.13894270907620587,-0.01089920008185219,-0.20962211538690545,benchmark_features_adjusted_close_exact_reference,False,True,False,False,False,False,False,False,False,True,False
2016-11-01,0050,buy_hold_daily_state_hold_reference,13.349603652954102,0.0,0.13894270907620587,-0.01089920008185219,-0.20962211538690545,benchmark_features_adjusted_close_exact_reference,False,True,False,False,False,False,False,False,False,True,False
2016-11-02,0050,buy_hold_daily_state_hold_reference,13.193305015563965,-0.011708110701515118,0.1256078417556581,-0.022479701742251,-0.20962211538690545,benchmark_features_adjusted_close_exact_reference,False,True,False,False,False,False,False,False,False,True,False
2016-11-03,0050,buy_hold_daily_state_hold_reference,13.09217357635498,-0.007665360505929364,0.1169796518602999,-0.02997274723026022,-0.20962211538690545,benchmark_features_adjusted_close_exact_reference,False,True,False,False,False,False,False,False,False,True,False
2016-11-04,0050,buy_hold_daily_state_hold_reference,13.055399894714355,-0.0028088293686420185,0.1138422466099791,-0.03269738826622304,-0.20962211538690545,benchmark_features_adjusted_close_exact_reference,False,True,False,False,False,False,False,False,False,True,False
2016-11-07,0050,buy_hold_daily_state_hold_reference,13.239277839660645,0.014084436051685634,0.12953008650402342,-0.019073476488630003,-0.20962211538690545,benchmark_features_adjusted_close_exact_reference,False,True,False,False,False,False,False,False,False,True,False
2016-11-08,0050,buy_hold_daily_state_hold_reference,13.303633689880373,0.0048609788992370895,0.135020708420573,-0.014305213356139213,-0.20962211538690545,benchmark_features_adjusted_close_exact_reference,False,True,False,False,False,False,False,False,False,True,False
2016-11-09,0050,buy_hold_daily_state_hold_reference,12.87152099609375,-0.03248080215222071,0.09815432535169077,-0.04632137070359399,-0.20962211538690545,benchmark_features_adjusted_close_exact_reference,False,True,False,False,False,False,False,False,False,True,False
2016-11-10,0050,buy_hold_daily_state_hold_reference,13.239277839660645,0.028571358713434192,0.12953008650402342,-0.019073476488630003,-0.20962211538690545,benchmark_features_adjusted_close_exact_reference,False,True,False,False,False,False,False,False,False,True,False
2016-11-11,0050,buy_hold_daily_state_hold_reference,12.880711555480955,-0.02708352287203608,0.09893843257153878,-0.045640422423937066,-0.20962211538690545,benchmark_features_adjusted_close_exact_reference,False,True,False,False,False,False,False,False,False,True,False
2016-11-14,0050,buy_hold_daily_state_hold_reference,12.889907836914062,0.0007139575630970008,0.09972302797685129,-0.044959050185612526,-0.20962211538690545,benchmark_features_adjusted_close_exact_reference,False,True,False,False,False,False,False,False,False,True,False
2016-11-15,0050,buy_hold_daily_state_hold_reference,12.853132247924805,-0.0028530529042216646,0.09658545999804247,-0.047683832541131066,-0.20962211538690545,benchmark_features_adjusted_close_exact_reference,False,True,False,False,False,False,False,False,False,True,False
2016-11-16,0050,buy_hold_daily_state_hold_reference,12.87152099609375,0.0014306822503840078,0.09815432535169077,-0.04632137070359399,-0.20962211538690545,benchmark_features_adjusted_close_exact_reference,False,True,False,False,False,False,False,False,False,True,False
2016-11-17,0050,buy_hold_daily_state_hold_reference,12.908291816711426,0.0028567580031011452,0.10129148650927955,-0.043596941646964815,-0.20962211538690545,benchmark_features_adjusted_close_exact_reference,False,True,False,False,False,False,False,False,False,True,False
2016-11-18,0050,buy_hold_daily_state_hold_reference,12.945069313049316,0.0028491373498604755,0.10442921721657639,-0.04087201797189044,-0.20962211538690545,benchmark_features_adjusted_close_exact_reference,False,True,False,False,False,False,False,False,False,True,False
2016-11-21,0050,buy_hold_daily_state_hold_reference,12.963459968566896,0.001420668756021426,0.10599824529871316,-0.039509414814797306,-0.20962211538690545,benchmark_features_adjusted_close_exact_reference,False,True,False,False,False,False,False,False,False,True,False
2016-11-22,0050,buy_hold_daily_state_hold_reference,13.138144493103027,0.013475146678409766,0.120901733880177,-0.02656666329619517,-0.20962211538690545,benchmark_features_adjusted_close_exact_reference,False,True,False,False,False,False,False,False,False,True,False
2016-11-23,0050,buy_hold_daily_state_hold_reference,13.20250129699707,0.004898469789841986,0.12639243716097037,-0.021798329503926683,-0.20962211538690545,benchmark_features_adjusted_close_exact_reference,False,True,False,False,False,False,False,False,False,True,False
2016-11-24,0050,buy_hold_daily_state_hold_reference,13.128951072692873,-0.005570931041750882,0.12011738256759696,-0.027247823555185735,-0.20962211538690545,benchmark_features_adjusted_close_exact_reference,False,True,False,False,False,False,False,False,False,True,False
2016-11-25,0050,buy_hold_daily_state_hold_reference,13.119756698608398,-0.0007003129216923698,0.11933294989077248,-0.02792905447395455,-0.20962211538690545,benchmark_features_adjusted_close_exact_reference,False,True,False,False,False,False,False,False,False,True,False
2016-11-28,0050,buy_hold_daily_state_hold_reference,13.193305015563965,0.005605920799077513,0.1256078417556581,-0.022479701742251,-0.20962211538690545,benchmark_features_adjusted_close_exact_reference,False,True,False,False,False,False,False,False,False,True,False
2016-11-29,0050,buy_hold_daily_state_hold_reference,13.174919128417969,-0.0013935770547490733,0.12403922049474181,-0.023841951600454436,-0.20962211538690545,benchmark_features_adjusted_close_exact_reference,False,True,False,False,False,False,False,False,False,True,False
2016-11-30,0050,buy_hold_daily_state_hold_reference,13.184112548828123,0.0006977971037653852,0.12482357180732184,-0.02316079134146387,-0.20962211538690545,benchmark_features_adjusted_close_exact_reference,False,True,False,False,False,False,False,False,False,True,False
2016-12-01,0050,buy_hold_daily_state_hold_reference,13.239277839660645,0.004184224810597881,0.12953008650402342,-0.019073476488630003,-0.20962211538690545,benchmark_features_adjusted_close_exact_reference,False,True,False,False,False,False,False,False,False,True,False
2016-12-02,0050,buy_hold_daily_state_hold_reference,13.09217357635498,-0.011111199952688278,0.1169796518602999,-0.02997274723026022,-0.20962211538690545,benchmark_features_adjusted_close_exact_reference,False,True,False,False,False,False,False,False,False,True,False
2016-12-05,0050,buy_hold_daily_state_hold_reference,13.073787689208984,-0.0014043418412357234,0.11541103059938362,-0.031334997088463656,-0.20962211538690545,benchmark_features_adjusted_close_exact_reference,False,True,False,False,False,False,False,False,False,True,False
2016-12-06,0050,buy_hold_daily_state_hold_reference,13.239277839660645,0.012658164136186478,0.12953008650402342,-0.019073476488630003,-0.20962211538690545,benchmark_features_adjusted_close_exact_reference,False,True,False,False,False,False,False,False,False,True,False
2016-12-07,0050,buy_hold_daily_state_hold_reference,13.239277839660645,0.0,0.12953008650402342,-0.019073476488630003,-0.20962211538690545,benchmark_features_adjusted_close_exact_reference,False,True,False,False,False,False,False,False,False,True,False
2016-12-08,0050,buy_hold_daily_state_hold_reference,13.404767990112305,0.012499937870924072,0.14364914240866322,-0.0068119558887963505,-0.20962211538690545,benchmark_features_adjusted_close_exact_reference,False,True,False,False,False,False,False,False,False,True,False
2016-12-09,0050,buy_hold_daily_state_hold_reference,13.450737953186035,0.0034293740188295896,0.1475711430642963,-0.0034059426145091054,-0.20962211538690545,benchmark_features_adjusted_close_exact_reference,False,True,False,False,False,False,False,False,False,True,False
2016-12-12,0050,buy_hold_daily_state_hold_reference,13.395573616027832,-0.0041012126881214694,0.14286470973183896,-0.007493186807564944,-0.20962211538690545,benchmark_features_adjusted_close_exact_reference,False,True,False,False,False,False,False,False,False,True,False
2016-12-13,0050,buy_hold_daily_state_hold_reference,13.413959503173828,0.0013725345157296065,0.14443333099275524,-0.00613093694936151,-0.20962211538690545,benchmark_features_adjusted_close_exact_reference,False,True,False,False,False,False,False,False,False,True,False
2016-12-14,0050,buy_hold_daily_state_hold_reference,13.44154453277588,0.0020564419920550137,0.14678679175171627,-0.004087102873499671,-0.20962211538690545,benchmark_features_adjusted_close_exact_reference,False,True,False,False,False,False,False,False,False,True,False
2016-12-15,0050,buy_hold_daily_state_hold_reference,13.423154830932615,-0.0013681241615072226,0.1452178450338233,-0.00544963537081522,-0.20962211538690545,benchmark_features_adjusted_close_exact_reference,False,True,False,False,False,False,False,False,False,True,False
2016-12-16,0050,buy_hold_daily_state_hold_reference,13.294441223144531,-0.009588923722422815,0.13423643847223654,-0.014986302955352304,-0.20962211538690545,benchmark_features_adjusted_close_exact_reference,False,True,False,False,False,False,False,False,False,True,False
2016-12-19,0050,buy_hold_daily_state_hold_reference,13.211694717407228,-0.006224143184991315,0.12717678847355085,-0.021117169244935674,-0.20962211538690545,benchmark_features_adjusted_close_exact_reference,False,True,False,False,False,False,False,False,False,True,False
2016-12-20,0050,buy_hold_daily_state_hold_reference,13.193305015563965,-0.0013919260349721796,0.1256078417556581,-0.022479701742251,-0.20962211538690545,benchmark_features_adjusted_close_exact_reference,False,True,False,False,False,False,False,False,False,True,False
2016-12-21,0050,buy_hold_daily_state_hold_reference,13.184112548828123,-0.0006967523850163193,0.12482357180732184,-0.02316079134146387,-0.20962211538690545,benchmark_features_adjusted_close_exact_reference,False,True,False,False,False,False,False,False,False,True,False
2016-12-22,0050,buy_hold_daily_state_hold_reference,13.018624305725098,-0.01255209575086147,0.11070467863117028,-0.03542217062174169,-0.20962211538690545,benchmark_features_adjusted_close_exact_reference,False,True,False,False,False,False,False,False,False,True,False
2016-12-23,0050,buy_hold_daily_state_hold_reference,12.972652435302734,-0.0035312387348136465,0.10678251524704918,-0.03882832521558455,-0.20962211538690545,benchmark_features_adjusted_close_exact_reference,False,True,False,False,False,False,False,False,False,True,False
2016-12-26,0050,buy_hold_daily_state_hold_reference,13.018624305725098,0.003543752571159464,0.11070467863117028,-0.03542217062174169,-0.20962211538690545,benchmark_features_adjusted_close_exact_reference,False,True,False,False,False,False,False,False,False,True,False
2016-12-27,0050,buy_hold_daily_state_hold_reference,13.009427070617676,-0.0007064675108089391,0.10992000186161399,-0.036103613519843925,-0.20962211538690545,benchmark_features_adjusted_close_exact_reference,False,True,False,False,False,False,False,False,False,True,False
2016-12-28,0050,buy_hold_daily_state_hold_reference,13.165725708007812,0.012014259854927989,0.12325486918216155,-0.024523111859445224,-0.20962211538690545,benchmark_features_adjusted_close_exact_reference,False,True,False,False,False,False,False,False,False,True,False
2016-12-29,0050,buy_hold_daily_state_hold_reference,13.101367950439451,-0.004888280296559522,0.11776408453712395,-0.02929151631149185,-0.20962211538690545,benchmark_features_adjusted_close_exact_reference,False,True,False,False,False,False,False,False,False,True,False
2016-12-30,0050,buy_hold_daily_state_hold_reference,13.20250129699707,0.0077192967131518575,0.12639243716097037,-0.021798329503926683,-0.20962211538690545,benchmark_features_adjusted_close_exact_reference,False,True,False,False,False,False,False,False,False,True,False
2017-01-03,0050,buy_hold_daily_state_hold_reference,13.220891952514648,0.0013929675221286963,0.12796146524310692,-0.02043572634683366,-0.20962211538690545,benchmark_features_adjusted_close_exact_reference,False,True,False,False,False,False,False,False,False,True,False
2017-01-04,0050,buy_hold_daily_state_hold_reference,13.211694717407228,-0.0006956591991261751,0.12717678847355085,-0.021117169244935674,-0.20962211538690545,benchmark_features_adjusted_close_exact_reference,False,True,False,False,False,False,False,False,False,True,False
2017-01-05,0050,buy_hold_daily_state_hold_reference,13.331217765808104,0.009046761294249084,0.13737408781528937,-0.012261449940055846,-0.20962211538690545,benchmark_features_adjusted_close_exact_reference,False,True,False,False,False,False,False,False,False,True,False
2017-01-06,0050,buy_hold_daily_state_hold_reference,13.35880184173584,0.002069133999032191,0.13972746721000617,-0.010217686523972036,-0.20962211538690545,benchmark_features_adjusted_close_exact_reference,False,True,False,False,False,False,False,False,False,True,False
2017-01-09,0050,buy_hold_daily_state_hold_reference,13.322022438049316,-0.002753196291273352,0.13658957377422132,-0.012942751518602136,-0.20962211538690545,benchmark_features_adjusted_close_exact_reference,False,True,False,False,False,False,False,False,False,True,False
2017-01-10,0050,buy_hold_daily_state_hold_reference,13.31282901763916,-0.0006900919475933964,0.13580522246164106,-0.013623911777592923,-0.20962211538690545,benchmark_features_adjusted_close_exact_reference,False,True,False,False,False,False,False,False,False,True,False
2017-01-11,0050,buy_hold_daily_state_hold_reference,13.31282901763916,0.0,0.13580522246164106,-0.013623911777592923,-0.20962211538690545,benchmark_features_adjusted_close_exact_reference,False,True,False,False,False,False,False,False,False,True,False
2017-01-12,0050,buy_hold_daily_state_hold_reference,13.450737953186035,0.01035910063624712,0.1475711430642963,-0.0034059426145091054,-0.20962211538690545,benchmark_features_adjusted_close_exact_reference,False,True,False,False,False,False,False,False,False,True,False
2017-01-13,0050,buy_hold_daily_state_hold_reference,13.349603652954102,-0.007518866294468074,0.13894270907620587,-0.01089920008185219,-0.20962211538690545,benchmark_features_adjusted_close_exact_reference,False,True,False,False,False,False,False,False,False,True,False
2017-01-16,0050,buy_hold_daily_state_hold_reference,13.239277839660645,-0.008264351224318456,0.12953008650402342,-0.019073476488630003,-0.20962211538690545,benchmark_features_adjusted_close_exact_reference,False,True,False,False,False,False,False,False,False,True,False
2017-01-17,0050,buy_hold_daily_state_hold_reference,13.294441223144531,0.0041666459569746905,0.13423643847223654,-0.014986302955352304,-0.20962211538690545,benchmark_features_adjusted_close_exact_reference,False,True,False,False,False,False,False,False,False,True,False
2017-01-18,0050,buy_hold_daily_state_hold_reference,13.266862869262695,-0.002074427455726724,0.13188354726298424,-0.017029642412768387,-0.20962211538690545,benchmark_features_adjusted_close_exact_reference,False,True,False,False,False,False,False,False,False,True,False
2017-01-19,0050,buy_hold_daily_state_hold_reference,13.230083465576172,-0.002772275861216311,0.12874565382719916,-0.019754707407398597,-0.20962211538690545,benchmark_features_adjusted_close_exact_reference,False,True,False,False,False,False,False,False,False,True,False
2017-01-20,0050,buy_hold_daily_state_hold_reference,13.266862869262695,0.0027799827402616994,0.13188354726298424,-0.017029642412768387,-0.20962211538690545,benchmark_features_adjusted_close_exact_reference,False,True,False,False,False,False,False,False,False,True,False
2017-01-23,0050,buy_hold_daily_state_hold_reference,13.377187728881836,0.008315821208550123,0.14129608847092268,-0.00885543666576838,-0.20962211538690545,benchmark_features_adjusted_close_exact_reference,False,True,False,False,False,False,False,False,False,True,False
2017-01-24,0050,buy_hold_daily_state_hold_reference,13.47832202911377,0.007560206396265201,0.1499245224590129,-0.0013621791984255172,-0.20962211538690545,benchmark_features_adjusted_close_exact_reference,False,True,False,False,False,False,False,False,False,True,False
2017-02-02,0050,buy_hold_daily_state_hold_reference,13.404767990112305,-0.005457210388844058,0.14364914240866322,-0.0068119558887963505,-0.20962211538690545,benchmark_features_adjusted_close_exact_reference,False,True,False,False,False,False,False,False,False,True,False
2017-02-03,0050,buy_hold_daily_state_hold_reference,13.395573616027832,-0.0006859032615301741,0.14286470973183896,-0.007493186807564944,-0.20962211538690545,benchmark_features_adjusted_close_exact_reference,False,True,False,False,False,False,False,False,False,True,False
2017-02-06,0050,buy_hold_daily_state_hold_reference,13.469127655029297,0.00549092118858252,0.14914008978218862,-0.002043410117194222,-0.20962211538690545,benchmark_features_adjusted_close_exact_reference,False,True,False,False,False,False,False,False,False,True,False
2017-02-07,0050,buy_hold_daily_state_hold_reference,13.47832202911377,0.0006826258032412991,0.1499245224590129,-0.0013621791984255172,-0.20962211538690545,benchmark_features_adjusted_close_exact_reference,False,True,False,False,False,False,False,False,False,True,False
2017-02-08,0050,buy_hold_daily_state_hold_reference,13.506553649902344,0.002094594618498702,0.1523331481754353,0.0,-0.20962211538690545,benchmark_features_adjusted_close_exact_reference,False,True,False,False,False,False,False,False,False,True,False
2017-02-09,0050,buy_hold_daily_state_hold_reference,13.553617477416992,0.0034845178669977717,0.1563484736189864,0.0,-0.20962211538690545,benchmark_features_adjusted_close_exact_reference,False,True,False,False,False,False,False,False,False,True,False
2017-02-10,0050,buy_hold_daily_state_hold_reference,13.70421314239502,0.011111104856614817,0.16919678276015349,0.0,-0.20962211538690545,benchmark_features_adjusted_close_exact_reference,False,True,False,False,False,False,False,False,False,True,False
2017-02-13,0050,buy_hold_daily_state_hold_reference,13.732447624206545,0.002060277486795714,0.17160565256930815,0.0,-0.20962211538690545,benchmark_features_adjusted_close_exact_reference,False,True,False,False,False,False,False,False,False,True,False
2017-02-14,0050,buy_hold_daily_state_hold_reference,13.779512405395508,0.0034272682100751073,0.17562105937710304,0.0,-0.20962211538690545,benchmark_features_adjusted_close_exact_reference,False,True,False,False,False,False,False,False,False,True,False
2017-02-15,0050,buy_hold_daily_state_hold_reference,13.911283493041992,0.009562826591374085,0.18686331970509373,0.0,-0.20962211538690545,benchmark_features_adjusted_close_exact_reference,False,True,False,False,False,False,False,False,False,True,False
2017-02-16,0050,buy_hold_daily_state_hold_reference,13.826571464538574,-0.006089447357304434,0.17963597799943387,-0.006089447357304545,-0.20962211538690545,benchmark_features_adjusted_close_exact_reference,False,True,False,False,False,False,False,False,False,True,False
2017-02-17,0050,buy_hold_daily_state_hold_reference,13.807747840881348,-0.0013614093490569301,0.1780300105505015,-0.007442566475798662,-0.20962211538690545,benchmark_features_adjusted_close_exact_reference,False,True,False,False,False,False,False,False,False,True,False
2017-02-20,0050,buy_hold_daily_state_hold_reference,13.760687828063965,-0.003408232346049145,0.17401501056392665,-0.01082543282604742,-0.20962211538690545,benchmark_features_adjusted_close_exact_reference,False,True,False,False,False,False,False,False,False,True,False
2017-02-21,0050,buy_hold_daily_state_hold_reference,13.78892421722412,0.0020519605933191354,0.17642404310156912,-0.00879568559429278,-0.20962211538690545,benchmark_features_adjusted_close_exact_reference,False,True,False,False,False,False,False,False,False,True,False
2017-02-22,0050,buy_hold_daily_state_hold_reference,13.798337936401367,0.0006827014949788435,0.17722718955452343,-0.008118988927018678,-0.20962211538690545,benchmark_features_adjusted_close_exact_reference,False,True,False,False,False,False,False,False,False,True,False
2017-02-23,0050,buy_hold_daily_state_hold_reference,13.760687828063965,-0.0027285973507054084,0.17401501056392665,-0.01082543282604742,-0.20962211538690545,benchmark_features_adjusted_close_exact_reference,False,True,False,False,False,False,False,False,False,True,False
2017-02-24,0050,buy_hold_daily_state_hold_reference,13.770098686218262,0.0006838944587568285,0.17481791292414872,-0.010148941820813828,-0.20962211538690545,benchmark_features_adjusted_close_exact_reference,False,True,False,False,False,False,False,False,False,True,False
2017-03-01,0050,buy_hold_daily_state_hold_reference,13.619502067565918,-0.01093649523391349,0.16196952241873763,-0.020974443200874715,-0.20962211538690545,benchmark_features_adjusted_close_exact_reference,False,True,False,False,False,False,False,False,False,True,False
2017-03-02,0050,buy_hold_daily_state_hold_reference,13.657153129577637,0.0027644962220301217,0.16518178277357842,-0.018267930747832617,-0.20962211538690545,benchmark_features_adjusted_close_exact_reference,False,True,False,False,False,False,False,False,False,True,False
2017-03-03,0050,buy_hold_daily_state_hold_reference,13.572442054748535,-0.0062026890981869975,0.1579545224321628,-0.024357309551123474,-0.20962211538690545,benchmark_features_adjusted_close_exact_reference,False,True,False,False,False,False,False,False,False,True,False
2017-03-06,0050,buy_hold_daily_state_hold_reference,13.581857681274414,0.0006937312009067664,0.15875783161360513,-0.02368047577582233,-0.20962211538690545,benchmark_features_adjusted_close_exact_reference,False,True,False,False,False,False,False,False,False,True,False
2017-03-07,0050,buy_hold_daily_state_hold_reference,13.638327598571776,0.004157746209873636,0.16357565259615803,-0.019621186974353666,-0.20962211538690545,benchmark_features_adjusted_close_exact_reference,False,True,False,False,False,False,False,False,False,True,False
2017-03-08,0050,buy_hold_daily_state_hold_reference,13.713624954223633,0.005521010923637215,0.16999976648461956,-0.014208504838336689,-0.20962211538690545,benchmark_features_adjusted_close_exact_reference,False,True,False,False,False,False,False,False,False,True,False
2017-03-09,0050,buy_hold_daily_state_hold_reference,13.563032150268556,-0.010981254369851756,0.15715170143618473,-0.02503373200234349,-0.20962211538690545,benchmark_features_adjusted_close_exact_reference,False,True,False,False,False,False,False,False,False,True,False
2017-03-10,0050,buy_hold_daily_state_hold_reference,13.553617477416992,-0.0006941421908652767,0.1563484736189864,-0.025710497223631057,-0.20962211538690545,benchmark_features_adjusted_close_exact_reference,False,True,False,False,False,False,False,False,False,True,False
2017-03-13,0050,buy_hold_daily_state_hold_reference,13.647741317749023,0.006944554875394804,0.16437879904911235,-0.018944490307079564,-0.20962211538690545,benchmark_features_adjusted_close_exact_reference,False,True,False,False,False,False,False,False,False,True,False
2017-03-14,0050,buy_hold_daily_state_hold_reference,13.741860389709473,0.006896311248077769,0.17240871765801802,-0.012178826160595624,-0.20962211538690545,benchmark_features_adjusted_close_exact_reference,False,True,False,False,False,False,False,False,False,True,False
2017-03-15,0050,buy_hold_daily_state_hold_reference,13.713624954223633,-0.002054702542821918,0.16999976648461956,-0.014208504838336689,-0.20962211538690545,benchmark_features_adjusted_close_exact_reference,False,True,False,False,False,False,False,False,False,True,False
2017-03-16,0050,buy_hold_daily_state_hold_reference,13.892457962036133,0.013040535118135965,0.18525718952767334,-0.001353256226521049,-0.20962211538690545,benchmark_features_adjusted_close_exact_reference,False,True,False,False,False,False,False,False,False,True,False
2017-03-17,0050,buy_hold_daily_state_hold_reference,13.930108070373535,0.002710111374120361,0.18846936851827012,0.0,-0.20962211538690545,benchmark_features_adjusted_close_exact_reference,False,True,False,False,False,False,False,False,False,True,False
2017-03-20,0050,buy_hold_daily_state_hold_reference,13.920693397521973,-0.0006758506684945154,0.1876661407010718,-0.0006758506684945154,-0.20962211538690545,benchmark_features_adjusted_close_exact_reference,False,True,False,False,False,False,False,False,False,True,False
2017-03-21,0050,buy_hold_daily_state_hold_reference,14.099528312683104,0.012846695926293838,0.20292372647261336,0.0,-0.20962211538690545,benchmark_features_adjusted_close_exact_reference,False,True,False,False,False,False,False,False,False,True,False
2017-03-22,0050,buy_hold_daily_state_hold_reference,13.967756271362305,-0.009345847492094106,0.19168138478037888,-0.009345847492093995,-0.20962211538690545,benchmark_features_adjusted_close_exact_reference,False,True,False,False,False,False,False,False,False,True,False
2017-03-23,0050,buy_hold_daily_state_hold_reference,13.995990753173828,0.0020214042443891245,0.19409025458953333,-0.007343334983492933,-0.20962211538690545,benchmark_features_adjusted_close_exact_reference,False,True,False,False,False,False,False,False,False,True,False
2017-03-24,0050,buy_hold_daily_state_hold_reference,13.977168083190918,-0.001344861561775601,0.19248436850484496,-0.00867832077631403,-0.20962211538690545,benchmark_features_adjusted_close_exact_reference,False,True,False,False,False,False,False,False,False,True,False
2017-03-27,0050,buy_hold_daily_state_hold_reference,13.967756271362305,-0.000673370440463672,0.19168138478037888,-0.009345847492093995,-0.20962211538690545,benchmark_features_adjusted_close_exact_reference,False,True,False,False,False,False,False,False,False,True,False
2017-03-28,0050,buy_hold_daily_state_hold_reference,13.977168083190918,0.0006738241737442863,0.19248436850484496,-0.00867832077631403,-0.20962211538690545,benchmark_features_adjusted_close_exact_reference,False,True,False,False,False,False,False,False,False,True,False
2017-03-29,0050,buy_hold_daily_state_hold_reference,13.930108070373535,-0.0033669204331868707,0.18846936851827012,-0.012016021993953352,-0.20962211538690545,benchmark_features_adjusted_close_exact_reference,False,True,False,False,False,False,False,False,False,True,False
2017-03-30,0050,buy_hold_daily_state_hold_reference,13.911283493041992,-0.001351359030126953,0.18686331970509373,-0.013351143064252557,-0.20962211538690545,benchmark_features_adjusted_close_exact_reference,False,True,False,False,False,False,False,False,False,True,False
2017-03-31,0050,buy_hold_daily_state_hold_reference,13.873632431030272,-0.00270651245304232,0.18365105935025272,-0.016021520482329077,-0.20962211538690545,benchmark_features_adjusted_close_exact_reference,False,True,False,False,False,False,False,False,False,True,False
2017-04-05,0050,buy_hold_daily_state_hold_reference,14.052465438842772,0.012890135925218482,0.19890848239330627,-0.003337904133856595,-0.20962211538690545,benchmark_features_adjusted_close_exact_reference,False,True,False,False,False,False,False,False,False,True,False
2017-04-06,0050,buy_hold_daily_state_hold_reference,14.00540828704834,-0.0033486758604194256,0.19489372649946368,-0.006675402435278643,-0.20962211538690545,benchmark_features_adjusted_close_exact_reference,False,True,False,False,False,False,False,False,False,True,False
2017-04-07,0050,buy_hold_daily_state_hold_reference,13.948932647705078,-0.0040324164912413085,0.1900754173314465,-0.010680900923654146,-0.20962211538690545,benchmark_features_adjusted_close_exact_reference,False,True,False,False,False,False,False,False,False,True,False
2017-04-10,0050,buy_hold_daily_state_hold_reference,13.967756271362305,0.0013494669543998583,0.19168138478037888,-0.009345847492093995,-0.20962211538690545,benchmark_features_adjusted_close_exact_reference,False,True,False,False,False,False,False,False,False,True,False
2017-04-11,0050,buy_hold_daily_state_hold_reference,13.911283493041992,-0.0040430815961541855,0.18686331970509373,-0.013351143064252557,-0.20962211538690545,benchmark_features_adjusted_close_exact_reference,False,True,False,False,False,False,False,False,False,True,False
2017-04-12,0050,buy_hold_daily_state_hold_reference,13.939519882202148,0.0020297472317547527,0.1892723522427362,-0.011348495278173387,-0.20962211538690545,benchmark_features_adjusted_close_exact_reference,False,True,False,False,False,False,False,False,False,True,False
2017-04-13,0050,buy_hold_daily_state_hold_reference,14.00540828704834,0.004726734163227331,0.19489372649946368,-0.006675402435278643,-0.20962211538690545,benchmark_features_adjusted_close_exact_reference,False,True,False,False,False,False,False,False,False,True,False
2017-04-14,0050,buy_hold_daily_state_hold_reference,13.845396995544434,-0.011424964429768036,0.18124210817685427,-0.018024100629669193,-0.20962211538690545,benchmark_features_adjusted_close_exact_reference,False,True,False,False,False,False,False,False,False,True,False
2017-04-17,0050,buy_hold_daily_state_hold_reference,13.854805946350098,0.000679572482370272,0.18204484780858832,-0.01735677683010639,-0.20962211538690545,benchmark_features_adjusted_close_exact_reference,False,True,False,False,False,False,False,False,False,True,False
2017-04-18,0050,buy_hold_daily_state_hold_reference,13.854805946350098,0.0,0.18204484780858832,-0.01735677683010639,-0.20962211538690545,benchmark_features_adjusted_close_exact_reference,False,True,False,False,False,False,False,False,False,True,False
2017-04-19,0050,buy_hold_daily_state_hold_reference,13.70421314239502,-0.010869354976043577,0.16919678276015349,-0.028037474837543486,-0.20962211538690545,benchmark_features_adjusted_close_exact_reference,False,True,False,False,False,False,False,False,False,True,False
2017-04-20,0050,buy_hold_daily_state_hold_reference,13.70421314239502,0.0,0.16919678276015349,-0.028037474837543486,-0.20962211538690545,benchmark_features_adjusted_close_exact_reference,False,True,False,False,False,False,False,False,False,True,False
2017-04-21,0050,buy_hold_daily_state_hold_reference,13.835986137390137,0.00961550974331149,0.1804392058166322,-0.018691559706710215,-0.20962211538690545,benchmark_features_adjusted_close_exact_reference,False,True,False,False,False,False,False,False,False,True,False
2017-04-24,0050,buy_hold_daily_state_hold_reference,13.864224433898926,0.002040931251909628,0.1828484010827629,-0.016688776643152825,-0.20962211538690545,benchmark_features_adjusted_close_exact_reference,False,True,False,False,False,False,False,False,False,True,False
2017-04-25,0050,buy_hold_daily_state_hold_reference,13.995990753173828,0.009504052671906127,0.19409025458953333,-0.007343334983492933,-0.20962211538690545,benchmark_features_adjusted_close_exact_reference,False,True,False,False,False,False,False,False,False,True,False
2017-04-26,0050,buy_hold_daily_state_hold_reference,14.03364372253418,0.002690268236410054,0.19730267767286214,-0.004672822287938416,-0.20962211538690545,benchmark_features_adjusted_close_exact_reference,False,True,False,False,False,False,False,False,False,True,False
2017-04-27,0050,buy_hold_daily_state_hold_reference,14.024225234985352,-0.0006711362875562177,0.19649912439868777,-0.005340822474891871,-0.20962211538690545,benchmark_features_adjusted_close_exact_reference,False,True,False,False,False,False,False,False,False,True,False
2017-04-28,0050,buy_hold_daily_state_hold_reference,14.03364372253418,0.0006715870139715197,0.19730267767286214,-0.004672822287938416,-0.20962211538690545,benchmark_features_adjusted_close_exact_reference,False,True,False,False,False,False,False,False,False,True,False
2017-05-02,0050,buy_hold_daily_state_hold_reference,14.155999183654783,0.008718723628713398,0.20774162881941027,0.0,-0.20962211538690545,benchmark_features_adjusted_close_exact_reference,False,True,False,False,False,False,False,False,False,True,False
2017-05-03,0050,buy_hold_daily_state_hold_reference,14.22188663482666,0.004654383651558458,0.21336292171189397,0.0,-0.20962211538690545,benchmark_features_adjusted_close_exact_reference,False,True,False,False,False,False,False,False,False,True,False
2017-05-04,0050,buy_hold_daily_state_hold_reference,14.240715026855469,0.0013239025533153814,0.2149692959820464,0.0,-0.20962211538690545,benchmark_features_adjusted_close_exact_reference,False,True,False,False,False,False,False,False,False,True,False
2017-05-05,0050,buy_hold_daily_state_hold_reference,14.146588325500488,-0.0066096892731492,0.20693872645918843,-0.006609689273149089,-0.20962211538690545,benchmark_features_adjusted_close_exact_reference,False,True,False,False,False,False,False,False,False,True,False
2017-05-08,0050,buy_hold_daily_state_hold_reference,14.250123023986816,0.007318704418626254,0.21577195424953644,0.0,-0.20962211538690545,benchmark_features_adjusted_close_exact_reference,False,True,False,False,False,False,False,False,False,True,False
2017-05-09,0050,buy_hold_daily_state_hold_reference,14.2971830368042,0.0033024285290848,0.2197869542361115,0.0,-0.20962211538690545,benchmark_features_adjusted_close_exact_reference,False,True,False,False,False,False,False,False,False,True,False
2017-05-10,0050,buy_hold_daily_state_hold_reference,14.353657722473145,0.003950056841516725,0.22460518203988467,0.0,-0.20962211538690545,benchmark_features_adjusted_close_exact_reference,False,True,False,False,False,False,False,False,False,True,False
2017-05-11,0050,buy_hold_daily_state_hold_reference,14.400721549987791,0.0032788734707642764,0.22862050748343554,0.0,-0.20962211538690545,benchmark_features_adjusted_close_exact_reference,False,True,False,False,False,False,False,False,False,True,False
2017-05-12,0050,buy_hold_daily_state_hold_reference,14.36306858062744,-0.0026146585245503395,0.2254080844001065,-0.0026146585245504506,-0.20962211538690545,benchmark_features_adjusted_close_exact_reference,False,True,False,False,False,False,False,False,False,True,False
2017-05-15,0050,buy_hold_daily_state_hold_reference,14.400721549987791,0.0026215128855637815,0.22862050748343554,0.0,-0.20962211538690545,benchmark_features_adjusted_close_exact_reference,False,True,False,False,False,False,False,False,False,True,False
2017-05-16,0050,buy_hold_daily_state_hold_reference,14.400721549987791,0.0,0.22862050748343554,0.0,-0.20962211538690545,benchmark_features_adjusted_close_exact_reference,False,True,False,False,False,False,False,False,False,True,False
2017-05-17,0050,buy_hold_daily_state_hold_reference,14.36306858062744,-0.0026146585245503395,0.2254080844001065,-0.0026146585245504506,-0.20962211538690545,benchmark_features_adjusted_close_exact_reference,False,True,False,False,False,False,False,False,False,True,False
2017-05-18,0050,buy_hold_daily_state_hold_reference,14.28777313232422,-0.005242295396735486,0.21898413324013344,-0.007843247108938578,-0.20962211538690545,benchmark_features_adjusted_close_exact_reference,False,True,False,False,False,False,False,False,False,True,False
2017-05-19,0050,buy_hold_daily_state_hold_reference,14.278359413146973,-0.000658865387213492,0.21818098678717912,-0.008496944852108612,-0.20962211538690545,benchmark_features_adjusted_close_exact_reference,False,True,False,False,False,False,False,False,False,True,False
2017-05-22,0050,buy_hold_daily_state_hold_reference,14.316012382507324,0.002637065524886628,0.22139340987050793,-0.005882286327558384,-0.20962211538690545,benchmark_features_adjusted_close_exact_reference,False,True,False,False,False,False,False,False,False,True,False
2017-05-23,0050,buy_hold_daily_state_hold_reference,14.372482299804688,0.00394452839160464,0.22621123085306105,-0.0019609607813801944,-0.20962211538690545,benchmark_features_adjusted_close_exact_reference,False,True,False,False,False,False,False,False,False,True,False
2017-05-24,0050,buy_hold_daily_state_hold_reference,14.36306858062744,-0.0006549821374541853,0.2254080844001065,-0.0026146585245504506,-0.20962211538690545,benchmark_features_adjusted_close_exact_reference,False,True,False,False,False,False,False,False,False,True,False
2017-05-25,0050,buy_hold_daily_state_hold_reference,14.49483871459961,0.009174232736721688,0.23665026336385342,0.0,-0.20962211538690545,benchmark_features_adjusted_close_exact_reference,False,True,False,False,False,False,False,False,False,True,False
2017-05-26,0050,buy_hold_daily_state_hold_reference,14.485428810119627,-0.0006491900093034131,0.23584744236787514,-0.0006491900093034131,-0.20962211538690545,benchmark_features_adjusted_close_exact_reference,False,True,False,False,False,False,False,False,False,True,False
2017-05-31,0050,buy_hold_daily_state_hold_reference,14.400721549987791,-0.0058477564759876755,0.22862050748343554,-0.006493150180210128,-0.20962211538690545,benchmark_features_adjusted_close_exact_reference,False,True,False,False,False,False,False,False,False,True,False
2017-06-01,0050,buy_hold_daily_state_hold_reference,14.4760160446167,0.005228522360323895,0.23504437727916505,-0.0012985774007925333,-0.20962211538690545,benchmark_features_adjusted_close_exact_reference,False,True,False,False,False,False,False,False,False,True,False
2017-06-02,0050,buy_hold_daily_state_hold_reference,14.532488822937012,0.0039011270881612603,0.2398624423544502,0.0,-0.20962211538690545,benchmark_features_adjusted_close_exact_reference,False,True,False,False,False,False,False,False,False,True,False
2017-06-05,0050,buy_hold_daily_state_hold_reference,14.68308448791504,0.010362689200237973,0.2527107514956173,0.0,-0.20962211538690545,benchmark_features_adjusted_close_exact_reference,False,True,False,False,False,False,False,False,False,True,False
2017-06-06,0050,buy_hold_daily_state_hold_reference,14.673672676086426,-0.0006409969129007598,0.251907767771151,-0.0006409969129007598,-0.20962211538690545,benchmark_features_adjusted_close_exact_reference,False,True,False,False,False,False,False,False,False,True,False
2017-06-07,0050,buy_hold_daily_state_hold_reference,14.673672676086426,0.0,0.251907767771151,-0.0006409969129007598,-0.20962211538690545,benchmark_features_adjusted_close_exact_reference,False,True,False,False,False,False,False,False,False,True,False
2017-06-08,0050,buy_hold_daily_state_hold_reference,14.730147361755373,0.0038487082897100677,0.25672599557492437,0.0,-0.20962211538690545,benchmark_features_adjusted_close_exact_reference,False,True,False,False,False,False,False,False,False,True,False
2017-06-09,0050,buy_hold_daily_state_hold_reference,14.68308448791504,-0.003195003599388513,0.2527107514956173,-0.003195003599388624,-0.20962211538690545,benchmark_features_adjusted_close_exact_reference,False,True,False,False,False,False,False,False,False,True,False
2017-06-12,0050,buy_hold_daily_state_hold_reference,14.523080825805664,-0.010897142370941748,0.23905978408696016,-0.014057329561232068,-0.20962211538690545,benchmark_features_adjusted_close_exact_reference,False,True,False,False,False,False,False,False,False,True,False
2017-06-13,0050,buy_hold_daily_state_hold_reference,14.541900634765623,0.0012958551415978015,0.24066542607891628,-0.01277969068242335,-0.20962211538690545,benchmark_features_adjusted_close_exact_reference,False,True,False,False,False,False,False,False,False,True,False
2017-06-14,0050,buy_hold_daily_state_hold_reference,14.46660327911377,-0.005177958338667188,0.23424131219045474,-0.017891476315155974,-0.20962211538690545,benchmark_features_adjusted_close_exact_reference,False,True,False,False,False,False,False,False,False,True,False
2017-06-15,0050,buy_hold_daily_state_hold_reference,14.4760160446167,0.0006506548442175575,0.23504437727916505,-0.017252462646673017,-0.20962211538690545,benchmark_features_adjusted_close_exact_reference,False,True,False,False,False,False,False,False,False,True,False
2017-06-16,0050,buy_hold_daily_state_hold_reference,14.626611709594728,0.010403115367783267,0.24789268642033213,-0.007028826638181496,-0.20962211538690545,benchmark_features_adjusted_close_exact_reference,False,True,False,False,False,False,False,False,False,True,False
2017-06-19,0050,buy_hold_daily_state_hold_reference,14.786619186401367,0.010939476618612831,0.2615439792859653,0.0,-0.20962211538690545,benchmark_features_adjusted_close_exact_reference,False,True,False,False,False,False,False,False,False,True,False
2017-06-20,0050,buy_hold_daily_state_hold_reference,14.956039428710938,0.011457672654840545,0.27599833724030876,0.0,-0.20962211538690545,benchmark_features_adjusted_close_exact_reference,False,True,False,False,False,False,False,False,False,True,False
2017-06-21,0050,buy_hold_daily_state_hold_reference,14.97486400604248,0.0012586605846602872,0.27760438605348514,0.0,-0.20962211538690545,benchmark_features_adjusted_close_exact_reference,False,True,False,False,False,False,False,False,False,True,False
2017-06-22,0050,buy_hold_daily_state_hold_reference,15.01251220703125,0.0025140930143725537,0.2808164023155939,0.0,-0.20962211538690545,benchmark_features_adjusted_close_exact_reference,False,True,False,False,False,False,False,False,False,True,False
2017-06-23,0050,buy_hold_daily_state_hold_reference,15.003101348876951,-0.0006268676437706233,0.2800134999553716,-0.0006268676437706233,-0.20962211538690545,benchmark_features_adjusted_close_exact_reference,False,True,False,False,False,False,False,False,False,True,False
2017-06-26,0050,buy_hold_daily_state_hold_reference,15.32311725616455,0.021329983704439393,0.30731616705088216,0.0,-0.20962211538690545,benchmark_features_adjusted_close_exact_reference,False,True,False,False,False,False,False,False,False,True,False
2017-06-27,0050,buy_hold_daily_state_hold_reference,15.304292678833008,-0.0012285083391873064,0.3057101182377058,-0.0012285083391873064,-0.20962211538690545,benchmark_features_adjusted_close_exact_reference,False,True,False,False,False,False,False,False,False,True,False
2017-06-28,0050,buy_hold_daily_state_hold_reference,15.163111686706545,-0.00922492761274274,0.29366503691373724,-0.010442103051429341,-0.20962211538690545,benchmark_features_adjusted_close_exact_reference,False,True,False,False,False,False,False,False,False,True,False
2017-06-29,0050,buy_hold_daily_state_hold_reference,15.181933403015137,0.0012412832337767021,0.2952708416341814,-0.009213781425095768,-0.20962211538690545,benchmark_features_adjusted_close_exact_reference,False,True,False,False,False,False,False,False,False,True,False
2017-06-30,0050,buy_hold_daily_state_hold_reference,15.134873390197754,-0.0030997377980881424,0.2912558416476063,-0.012284958916637279,-0.20962211538690545,benchmark_features_adjusted_close_exact_reference,False,True,False,False,False,False,False,False,False,True,False
2017-07-03,0050,buy_hold_daily_state_hold_reference,15.144285202026367,0.0006218626073679623,0.2920588253720726,-0.011670735865852544,-0.20962211538690545,benchmark_features_adjusted_close_exact_reference,False,True,False,False,False,False,False,False,False,True,False
2017-07-04,0050,buy_hold_daily_state_hold_reference,15.059575080871582,-0.005593537101602597,0.2848316463949008,-0.017198992273386504,-0.20962211538690545,benchmark_features_adjusted_close_exact_reference,False,True,False,False,False,False,False,False,False,True,False
2017-07-05,0050,buy_hold_daily_state_hold_reference,15.200757026672363,0.009374895708718078,0.29687680908311376,-0.0079853353235263,-0.20962211538690545,benchmark_features_adjusted_close_exact_reference,False,True,False,False,False,False,False,False,False,True,False
2017-07-06,0050,buy_hold_daily_state_hold_reference,15.134873390197754,-0.004334233904206508,0.2912558416476063,-0.012284958916637279,-0.20962211538690545,benchmark_features_adjusted_close_exact_reference,False,True,False,False,False,False,False,False,False,True,False
2017-07-07,0050,buy_hold_daily_state_hold_reference,15.050167083740234,-0.005596763466312216,0.28402898812741095,-0.017812966373699557,-0.20962211538690545,benchmark_features_adjusted_close_exact_reference,False,True,False,False,False,False,False,False,False,True,False
2017-07-10,0050,buy_hold_daily_state_hold_reference,15.125459671020508,0.00500277417927264,0.2904526951946522,-0.012899306442657688,-0.20962211538690545,benchmark_features_adjusted_close_exact_reference,False,True,False,False,False,False,False,False,False,True,False
2017-07-11,0050,buy_hold_daily_state_hold_reference,15.351354598999023,0.01493474796083838,0.30972528095276886,0.0,-0.20962211538690545,benchmark_features_adjusted_close_exact_reference,False,True,False,False,False,False,False,False,False,True,False
2017-07-12,0050,buy_hold_daily_state_hold_reference,15.351354598999023,0.0,0.30972528095276886,0.0,-0.20962211538690545,benchmark_features_adjusted_close_exact_reference,False,True,False,False,False,False,False,False,False,True,False
2017-07-13,0050,buy_hold_daily_state_hold_reference,15.473713874816896,0.007970584942768033,0.32016455755629347,0.0,-0.20962211538690545,benchmark_features_adjusted_close_exact_reference,False,True,False,False,False,False,False,False,False,True,False
2017-07-14,0050,buy_hold_daily_state_hold_reference,15.445478439331056,-0.001824735529832422,0.317755606382895,-0.001824735529832422,-0.20962211538690545,benchmark_features_adjusted_close_exact_reference,False,True,False,False,False,False,False,False,False,True,False
2017-07-17,0050,buy_hold_daily_state_hold_reference,15.473713874816896,0.0018280712764415785,0.32016455755629347,0.0,-0.20962211538690545,benchmark_features_adjusted_close_exact_reference,False,True,False,False,False,False,False,False,False,True,False
2017-07-18,0050,buy_hold_daily_state_hold_reference,15.511363983154297,0.0024331656021296943,0.32337673654689003,0.0,-0.20962211538690545,benchmark_features_adjusted_close_exact_reference,False,True,False,False,False,False,False,False,False,True,False
2017-07-19,0050,buy_hold_daily_state_hold_reference,15.567834854125977,0.0036406128457180387,0.32819463889368716,0.0,-0.20962211538690545,benchmark_features_adjusted_close_exact_reference,False,True,False,False,False,False,False,False,False,True,False
2017-07-20,0050,buy_hold_daily_state_hold_reference,15.558423042297363,-0.0006045678102833962,0.32739165516922086,-0.0006045678102835073,-0.20962211538690545,benchmark_features_adjusted_close_exact_reference,False,True,False,False,False,False,False,False,False,True,False
2017-07-21,0050,buy_hold_daily_state_hold_reference,15.45488739013672,-0.006654636647889678,0.31855834601462885,-0.007255181279066769,-0.20962211538690545,benchmark_features_adjusted_close_exact_reference,False,True,False,False,False,False,False,False,False,True,False
2017-07-24,0050,buy_hold_daily_state_hold_reference,15.492535591125488,0.002436006166747884,0.3217703622767376,-0.004836848778655423,-0.20962211538690545,benchmark_features_adjusted_close_exact_reference,False,True,False,False,False,False,False,False,False,True,False
2017-07-25,0050,buy_hold_daily_state_hold_reference,15.520776748657228,0.0018228880202100228,0.32417980163560056,-0.0030227777921395527,-0.20962211538690545,benchmark_features_adjusted_close_exact_reference,False,True,False,False,False,False,False,False,False,True,False
2017-07-26,0050,buy_hold_daily_state_hold_reference,15.464303970336914,-0.0036385278414110545,0.3193617365603152,-0.006650307172395564,-0.20962211538690545,benchmark_features_adjusted_close_exact_reference,False,True,False,False,False,False,False,False,False,True,False
2017-07-27,0050,buy_hold_daily_state_hold_reference,15.624307632446287,0.010346644919569936,0.3330127039689721,0.0,-0.20962211538690545,benchmark_features_adjusted_close_exact_reference,False,True,False,False,False,False,False,False,False,True,False
2017-07-28,0050,buy_hold_daily_state_hold_reference,15.45488739013672,-0.010843375994321836,0.31855834601462885,-0.010843375994321836,-0.20962211538690545,benchmark_features_adjusted_close_exact_reference,False,True,False,False,False,False,False,False,False,True,False
2017-07-31,0050,buy_hold_daily_state_hold_reference,15.445396423339844,-0.0006141077936895334,0.3177486090579069,-0.011450824786303326,-0.20962211538690545,benchmark_features_adjusted_close_exact_reference,False,True,False,False,False,False,False,False,False,True,False
2017-08-01,0050,buy_hold_daily_state_hold_reference,15.53083610534668,0.005531724771902002,0.32503803168177203,-0.0059824428255303985,-0.20962211538690545,benchmark_features_adjusted_close_exact_reference,False,True,False,False,False,False,False,False,False,True,False
2017-08-02,0050,buy_hold_daily_state_hold_reference,15.663736343383787,0.008557185017962654,0.3363766272747102,0.0,-0.20962211538690545,benchmark_features_adjusted_close_exact_reference,False,True,False,False,False,False,False,False,False,True,False
2017-08-03,0050,buy_hold_daily_state_hold_reference,15.60678005218506,-0.0036361880684224746,0.3315173105276952,-0.0036361880684224746,-0.20962211538690545,benchmark_features_adjusted_close_exact_reference,False,True,False,False,False,False,False,False,False,True,False
2017-08-04,0050,buy_hold_daily_state_hold_reference,15.635258674621582,0.001824759645570495,0.3339470095833248,-0.0018180635921029031,-0.20962211538690545,benchmark_features_adjusted_close_exact_reference,False,True,False,False,False,False,False,False,False,True,False
2017-08-07,0050,buy_hold_daily_state_hold_reference,15.749176025390623,0.007285926836243961,0.3436660498985753,0.0,-0.20962211538690545,benchmark_features_adjusted_close_exact_reference,False,True,False,False,False,False,False,False,False,True,False
2017-08-08,0050,buy_hold_daily_state_hold_reference,15.739686012268066,-0.0006025720397853096,0.3428563943060976,-0.0006025720397853096,-0.20962211538690545,benchmark_features_adjusted_close_exact_reference,False,True,False,False,False,False,False,False,False,True,False
2017-08-09,0050,buy_hold_daily_state_hold_reference,15.597288131713867,-0.00904705979796605,0.33070749220672924,-0.009644180332474939,-0.20962211538690545,benchmark_features_adjusted_close_exact_reference,False,True,False,False,False,False,False,False,False,True,False
2017-08-10,0050,buy_hold_daily_state_hold_reference,15.492865562438965,-0.006694918269963934,0.3217985143051767,-0.01627453160333192,-0.20962211538690545,benchmark_features_adjusted_close_exact_reference,False,True,False,False,False,False,False,False,False,True,False
2017-08-11,0050,buy_hold_daily_state_hold_reference,15.426411628723145,-0.004289324879764744,0.31612889105173125,-0.02049404972978419,-0.20962211538690545,benchmark_features_adjusted_close_exact_reference,False,True,False,False,False,False,False,False,False,True,False
2017-08-14,0050,buy_hold_daily_state_hold_reference,15.331478118896484,-0.006153959333608072,0.3080294873784124,-0.026521889514774077,-0.20962211538690545,benchmark_features_adjusted_close_exact_reference,False,True,False,False,False,False,False,False,False,True,False
2017-08-15,0050,buy_hold_daily_state_hold_reference,15.43590259552002,0.006811116045936094,0.3169386280084532,-0.019891417136080447,-0.20962211538690545,benchmark_features_adjusted_close_exact_reference,False,True,False,False,False,False,False,False,False,True,False
2017-08-16,0050,buy_hold_daily_state_hold_reference,15.378944396972656,-0.0036899817289527403,0.3120791485329497,-0.02350799989923824,-0.20962211538690545,benchmark_features_adjusted_close_exact_reference,False,True,False,False,False,False,False,False,False,True,False
2017-08-17,0050,buy_hold_daily_state_hold_reference,15.50235652923584,0.0080247466326413,0.3226082512618984,-0.01567189900962851,-0.20962211538690545,benchmark_features_adjusted_close_exact_reference,False,True,False,False,False,False,False,False,False,True,False
2017-08-18,0050,buy_hold_daily_state_hold_reference,15.407421112060549,-0.006123934577059509,0.31450868486009154,-0.02169985990245471,-0.20962211538690545,benchmark_features_adjusted_close_exact_reference,False,True,False,False,False,False,False,False,False,True,False
2017-08-21,0050,buy_hold_daily_state_hold_reference,15.388436317443848,-0.0012321850930548939,0.31288896685391565,-0.022905306751616505,-0.20962211538690545,benchmark_features_adjusted_close_exact_reference,False,True,False,False,False,False,False,False,False,True,False
2017-08-22,0050,buy_hold_daily_state_hold_reference,15.540326118469238,0.009870385651413738,0.32584768727424973,-0.013261005311305252,-0.20962211538690545,benchmark_features_adjusted_close_exact_reference,False,True,False,False,False,False,False,False,False,True,False
2017-08-23,0050,buy_hold_daily_state_hold_reference,15.521339416503906,-0.0012217698535146315,0.32422780653958605,-0.01446657326830314,-0.20962211538690545,benchmark_features_adjusted_close_exact_reference,False,True,False,False,False,False,False,False,False,True,False
2017-08-24,0050,buy_hold_daily_state_hold_reference,15.67323398590088,0.009786176651447098,0.3371869337811406,-0.004821969058400932,-0.20962211538690545,benchmark_features_adjusted_close_exact_reference,False,True,False,False,False,False,False,False,False,True,False
2017-08-25,0050,buy_hold_daily_state_hold_reference,15.701709747314451,0.0018168401900453546,0.33961638874403777,-0.0030138896155359474,-0.20962211538690545,benchmark_features_adjusted_close_exact_reference,False,True,False,False,False,False,False,False,False,True,False
2017-08-28,0050,buy_hold_daily_state_hold_reference,15.67323398590088,-0.0018135452681158348,0.3371869337811406,-0.004821969058400932,-0.20962211538690545,benchmark_features_adjusted_close_exact_reference,False,True,False,False,False,False,False,False,False,True,False
2017-08-29,0050,buy_hold_daily_state_hold_reference,15.62576675415039,-0.0030285537619861858,0.33313719126235886,-0.007835919227855204,-0.20962211538690545,benchmark_features_adjusted_close_exact_reference,False,True,False,False,False,False,False,False,False,True,False
2017-08-30,0050,buy_hold_daily_state_hold_reference,15.701709747314451,0.004860113065740634,0.33961638874403777,-0.0030138896155359474,-0.20962211538690545,benchmark_features_adjusted_close_exact_reference,False,True,False,False,False,False,False,False,False,True,False
2017-08-31,0050,buy_hold_daily_state_hold_reference,15.749176025390623,0.0030230006056690684,0.3436660498985753,0.0,-0.20962211538690545,benchmark_features_adjusted_close_exact_reference,False,True,False,False,False,False,False,False,False,True,False
2017-09-01,0050,buy_hold_daily_state_hold_reference,15.758671760559082,0.0006029353632945877,0.3444761936765175,0.0,-0.20962211538690545,benchmark_features_adjusted_close_exact_reference,False,True,False,False,False,False,False,False,False,True,False
2017-09-04,0050,buy_hold_daily_state_hold_reference,15.73019027709961,-0.0018073530493069034,0.3420462505281556,-0.0018073530493070145,-0.20962211538690545,benchmark_features_adjusted_close_exact_reference,False,True,False,False,False,False,False,False,False,True,False
2017-09-05,0050,buy_hold_daily_state_hold_reference,15.749176025390623,0.0012069624051944672,0.3436660498985753,-0.0006025720512958799,-0.20962211538690545,benchmark_features_adjusted_close_exact_reference,False,True,False,False,False,False,False,False,False,True,False
2017-09-06,0050,buy_hold_daily_state_hold_reference,15.682722091674805,-0.004219518126451938,0.3379964266451301,-0.004819547614055009,-0.20962211538690545,benchmark_features_adjusted_close_exact_reference,False,True,False,False,False,False,False,False,False,True,False
2017-09-07,0050,buy_hold_daily_state_hold_reference,15.616272926330566,-0.00423709385116966,0.3323272102129049,-0.009036220589663801,-0.20962211538690545,benchmark_features_adjusted_close_exact_reference,False,True,False,False,False,False,False,False,False,True,False
2017-09-08,0050,buy_hold_daily_state_hold_reference,15.701709747314451,0.005471012282311616,0.33961638874403777,-0.0036146455811838507,-0.20962211538690545,benchmark_features_adjusted_close_exact_reference,False,True,False,False,False,False,False,False,False,True,False
2017-09-11,0050,buy_hold_daily_state_hold_reference,15.67323398590088,-0.0018135452681158348,0.3371869337811406,-0.005421635525910018,-0.20962211538690545,benchmark_features_adjusted_close_exact_reference,False,True,False,False,False,False,False,False,False,True,False
2017-09-12,0050,buy_hold_daily_state_hold_reference,15.73019027709961,0.003633984616701502,0.3420462505281556,-0.0018073530493070145,-0.20962211538690545,benchmark_features_adjusted_close_exact_reference,False,True,False,False,False,False,False,False,False,True,False
2017-09-13,0050,buy_hold_daily_state_hold_reference,15.62576675415039,-0.006638414482578847,0.33313719126235886,-0.008433769573228167,-0.20962211538690545,benchmark_features_adjusted_close_exact_reference,False,True,False,False,False,False,False,False,False,True,False
2017-09-14,0050,buy_hold_daily_state_hold_reference,15.635258674621582,0.0006074531010562545,0.3339470095833248,-0.007831439591652667,-0.20962211538690545,benchmark_features_adjusted_close_exact_reference,False,True,False,False,False,False,False,False,False,True,False
2017-09-15,0050,buy_hold_daily_state_hold_reference,15.635258674621582,0.0,0.3339470095833248,-0.007831439591652667,-0.20962211538690545,benchmark_features_adjusted_close_exact_reference,False,True,False,False,False,False,False,False,False,True,False
2017-09-18,0050,buy_hold_daily_state_hold_reference,15.787149429321287,0.009714630110101652,0.3469058113679029,0.0,-0.20962211538690545,benchmark_features_adjusted_close_exact_reference,False,True,False,False,False,False,False,False,False,True,False
2017-09-19,0050,buy_hold_daily_state_hold_reference,15.711201667785645,-0.004810733050678917,0.3404262070650037,-0.004810733050679028,-0.20962211538690545,benchmark_features_adjusted_close_exact_reference,False,True,False,False,False,False,False,False,False,True,False
2017-09-20,0050,buy_hold_daily_state_hold_reference,15.60678005218506,-0.006646316291305188,0.3315173105276952,-0.011425075688536346,-0.20962211538690545,benchmark_features_adjusted_close_exact_reference,False,True,False,False,False,False,False,False,False,True,False
2017-09-21,0050,buy_hold_daily_state_hold_reference,15.701709747314451,0.006082593258312841,0.33961638874403777,-0.005411976518582273,-0.20962211538690545,benchmark_features_adjusted_close_exact_reference,False,True,False,False,False,False,False,False,False,True,False
2017-09-22,0050,buy_hold_daily_state_hold_reference,15.492865562438965,-0.013300728916556759,0.3217985143051767,-0.01864072220256252,-0.20962211538690545,benchmark_features_adjusted_close_exact_reference,False,True,False,False,False,False,False,False,False,True,False
2017-09-25,0050,buy_hold_daily_state_hold_reference,15.3694486618042,-0.007966047348527905,0.31126900475500774,-0.026458276675414116,-0.20962211538690545,benchmark_features_adjusted_close_exact_reference,False,True,False,False,False,False,False,False,False,True,False
2017-09-26,0050,buy_hold_daily_state_hold_reference,15.246037483215332,-0.008029642526837355,0.3007399833903033,-0.03427546869867171,-0.20962211538690545,benchmark_features_adjusted_close_exact_reference,False,True,False,False,False,False,False,False,False,True,False
2017-09-27,0050,buy_hold_daily_state_hold_reference,15.321986198425291,0.0049815380090447725,0.30721966905744624,-0.02946467523972729,-0.20962211538690545,benchmark_features_adjusted_close_exact_reference,False,True,False,False,False,False,False,False,False,True,False
2017-09-28,0050,buy_hold_daily_state_hold_reference,15.26502799987793,-0.0037174161241063652,0.3023601895819432,-0.03307255890500582,-0.20962211538690545,benchmark_features_adjusted_close_exact_reference,False,True,False,False,False,False,False,False,False,True,False
2017-09-29,0050,buy_hold_daily_state_hold_reference,15.31248950958252,0.003109166239653849,0.3064094439152605,-0.030066220748958483,-0.20962211538690545,benchmark_features_adjusted_close_exact_reference,False,True,False,False,False,False,False,False,False,True,False
2017-10-02,0050,buy_hold_daily_state_hold_reference,15.473871231079102,0.01053922168538235,0.3201779826565605,-0.019843873629291076,-0.20962211538690545,benchmark_features_adjusted_close_exact_reference,False,True,False,False,False,False,False,False,False,True,False
2017-10-03,0050,buy_hold_daily_state_hold_reference,15.473871231079102,0.0,0.3201779826565605,-0.019843873629291076,-0.20962211538690545,benchmark_features_adjusted_close_exact_reference,False,True,False,False,False,False,False,False,False,True,False
2017-10-05,0050,buy_hold_daily_state_hold_reference,15.540326118469238,0.004294651700129437,0.32584768727424973,-0.015634444454780905,-0.20962211538690545,benchmark_features_adjusted_close_exact_reference,False,True,False,False,False,False,False,False,False,True,False
2017-10-06,0050,buy_hold_daily_state_hold_reference,15.58779525756836,0.0030545780530761846,0.3298975925215195,-0.012627623032608337,-0.20962211538690545,benchmark_features_adjusted_close_exact_reference,False,True,False,False,False,False,False,False,False,True,False
2017-10-11,0050,buy_hold_daily_state_hold_reference,15.834617614746094,0.015834334047843956,0.35095563525092865,0.0,-0.20962211538690545,benchmark_features_adjusted_close_exact_reference,False,True,False,False,False,False,False,False,False,True,False
2017-10-12,0050,buy_hold_daily_state_hold_reference,15.986505508422852,0.009592141557956513,0.3639141929427747,0.0,-0.20962211538690545,benchmark_features_adjusted_close_exact_reference,False,True,False,False,False,False,False,False,False,True,False
2017-10-13,0050,buy_hold_daily_state_hold_reference,15.958027839660645,-0.0017813567040778633,0.3614845752513891,-0.0017813567040778633,-0.20962211538690545,benchmark_features_adjusted_close_exact_reference,False,True,False,False,False,False,False,False,False,True,False
2017-10-16,0050,buy_hold_daily_state_hold_reference,16.043466567993164,0.005353965364077062,0.36877391651101,0.0,-0.20962211538690545,benchmark_features_adjusted_close_exact_reference,False,True,False,False,False,False,False,False,False,True,False
2017-10-17,0050,buy_hold_daily_state_hold_reference,16.0054931640625,-0.0023669076611173567,0.3655341550416824,-0.0023669076611173567,-0.20962211538690545,benchmark_features_adjusted_close_exact_reference,False,True,False,False,False,False,False,False,False,True,False
2017-10-18,0050,buy_hold_daily_state_hold_reference,16.06245231628418,0.0035587252225111055,0.3703937158814299,0.0,-0.20962211538690545,benchmark_features_adjusted_close_exact_reference,False,True,False,False,False,False,False,False,False,True,False
2017-10-19,0050,buy_hold_daily_state_hold_reference,16.119409561157227,0.00354598686125307,0.3752531139926891,0.0,-0.20962211538690545,benchmark_features_adjusted_close_exact_reference,False,True,False,False,False,False,False,False,False,True,False
2017-10-20,0050,buy_hold_daily_state_hold_reference,16.052963256835938,-0.004122130160487014,0.3695841416531962,-0.004122130160487014,-0.20962211538690545,benchmark_features_adjusted_close_exact_reference,False,True,False,False,False,False,False,False,False,True,False
2017-10-23,0050,buy_hold_daily_state_hold_reference,16.043466567993164,-0.0005915847866112545,0.36877391651101,-0.0047112763576069305,-0.20962211538690545,benchmark_features_adjusted_close_exact_reference,False,True,False,False,False,False,False,False,False,True,False
2017-10-24,0050,buy_hold_daily_state_hold_reference,16.02448081970215,-0.0011833943874007824,0.3671541171405903,-0.005889095447008663,-0.20962211538690545,benchmark_features_adjusted_close_exact_reference,False,True,False,False,False,False,False,False,False,True,False
2017-10-25,0050,buy_hold_daily_state_hold_reference,16.014986038208008,-0.0005925172616180197,0.36634405472689235,-0.006478123317918971,-0.20962211538690545,benchmark_features_adjusted_close_exact_reference,False,True,False,False,False,False,False,False,False,True,False
2017-10-26,0050,buy_hold_daily_state_hold_reference,15.996002197265623,-0.0011853797997134485,0.3647244180849605,-0.007655824081111429,-0.20962211538690545,benchmark_features_adjusted_close_exact_reference,False,True,False,False,False,False,False,False,False,True,False
2017-10-27,0050,buy_hold_daily_state_hold_reference,16.0054931640625,0.0005933336767420805,0.3655341550416824,-0.007067032862619893,-0.20962211538690545,benchmark_features_adjusted_close_exact_reference,False,True,False,False,False,False,False,False,False,True,False
2017-10-30,0050,buy_hold_daily_state_hold_reference,16.12890625,0.007710670622421256,0.3760633391348751,0.0,-0.20962211538690545,benchmark_features_adjusted_close_exact_reference,False,True,False,False,False,False,False,False,False,True,False
2017-10-31,0050,buy_hold_daily_state_hold_reference,16.176366806030273,0.002942577462763385,0.38011251210394836,0.0,-0.20962211538690545,benchmark_features_adjusted_close_exact_reference,False,True,False,False,False,False,False,False,False,True,False
2017-11-01,0050,buy_hold_daily_state_hold_reference,16.157384872436523,-0.0011734361504880386,0.3784930381905047,-0.0011734361504880386,-0.20962211538690545,benchmark_features_adjusted_close_exact_reference,False,True,False,False,False,False,False,False,False,True,False
2017-11-02,0050,buy_hold_daily_state_hold_reference,16.10042381286621,-0.003525388546477215,0.37363331462226945,-0.004694687878600279,-0.20962211538690545,benchmark_features_adjusted_close_exact_reference,False,True,False,False,False,False,False,False,False,True,False
2017-11-03,0050,buy_hold_daily_state_hold_reference,16.081438064575195,-0.0011792079830745816,0.37201351525184956,-0.005868359848250404,-0.20962211538690545,benchmark_features_adjusted_close_exact_reference,False,True,False,False,False,False,False,False,False,True,False
2017-11-06,0050,buy_hold_daily_state_hold_reference,16.10991859436035,0.0017710188399067128,0.3744433770359674,-0.004107733984194173,-0.20962211538690545,benchmark_features_adjusted_close_exact_reference,False,True,False,False,False,False,False,False,False,True,False
2017-11-07,0050,buy_hold_daily_state_hold_reference,16.195356369018555,0.005303426839668335,0.3817326369313443,0.0,-0.20962211538690545,benchmark_features_adjusted_close_exact_reference,False,True,False,False,False,False,False,False,False,True,False
2017-11-08,0050,buy_hold_daily_state_hold_reference,16.12890625,-0.004103035308668623,0.3760633391348751,-0.004103035308668734,-0.20962211538690545,benchmark_features_adjusted_close_exact_reference,False,True,False,False,False,False,False,False,False,True,False
2017-11-09,0050,buy_hold_daily_state_hold_reference,16.02448081970215,-0.006474427259929749,0.3671541171405903,-0.010550897764947553,-0.20962211538690545,benchmark_features_adjusted_close_exact_reference,False,True,False,False,False,False,False,False,False,True,False
2017-11-10,0050,buy_hold_daily_state_hold_reference,16.052963256835938,0.0017774327576822735,0.3695841416531962,-0.00879221851857559,-0.20962211538690545,benchmark_features_adjusted_close_exact_reference,False,True,False,False,False,False,False,False,False,True,False
2017-11-13,0050,buy_hold_daily_state_hold_reference,16.0054931640625,-0.0029570922211650252,0.3655341550416824,-0.011723311338752707,-0.20962211538690545,benchmark_features_adjusted_close_exact_reference,False,True,False,False,False,False,False,False,False,True,False
2017-11-14,0050,buy_hold_daily_state_hold_reference,15.97701358795166,-0.0017793626112555527,0.3631043746218088,-0.01348181392813197,-0.20962211538690545,benchmark_features_adjusted_close_exact_reference,False,True,False,False,False,False,False,False,False,True,False
2017-11-15,0050,buy_hold_daily_state_hold_reference,15.815629959106444,-0.010100988395410515,0.3493356731520205,-0.023446622677505413,-0.20962211538690545,benchmark_features_adjusted_close_exact_reference,False,True,False,False,False,False,False,False,False,True,False
2017-11-16,0050,buy_hold_daily_state_hold_reference,15.87258529663086,0.0036012057484704485,0.35419490853479196,-0.019929853041403267,-0.20962211538690545,benchmark_features_adjusted_close_exact_reference,False,True,False,False,False,False,False,False,False,True,False
2017-11-17,0050,buy_hold_daily_state_hold_reference,16.014986038208008,0.008971490082801736,0.36634405472689235,-0.011137163437514253,-0.20962211538690545,benchmark_features_adjusted_close_exact_reference,False,True,False,False,False,False,False,False,False,True,False
2017-11-20,0050,buy_hold_daily_state_hold_reference,15.948535919189451,-0.004149246141084473,0.36067475693042317,-0.015240198746182987,-0.20962211538690545,benchmark_features_adjusted_close_exact_reference,False,True,False,False,False,False,False,False,False,True,False
2017-11-21,0050,buy_hold_daily_state_hold_reference,16.090930938720703,0.008928406986870918,0.3728234149370595,-0.006447862456278819,-0.20962211538690545,benchmark_features_adjusted_close_exact_reference,False,True,False,False,False,False,False,False,False,True,False
2017-11-22,0050,buy_hold_daily_state_hold_reference,16.1668758392334,0.004719733171555829,0.37930277514722666,-0.0017585614750433853,-0.20962211538690545,benchmark_features_adjusted_close_exact_reference,False,True,False,False,False,False,False,False,False,True,False
2017-11-23,0050,buy_hold_daily_state_hold_reference,16.176366806030273,0.0005870625154331677,0.38011251210394836,-0.0011725313451335095,-0.20962211538690545,benchmark_features_adjusted_close_exact_reference,False,True,False,False,False,False,False,False,False,True,False
2017-11-24,0050,buy_hold_daily_state_hold_reference,16.1668758392334,-0.0005867180752440193,0.37930277514722666,-0.0017585614750433853,-0.20962211538690545,benchmark_features_adjusted_close_exact_reference,False,True,False,False,False,False,False,False,False,True,False
2017-11-27,0050,buy_hold_daily_state_hold_reference,15.97701358795166,-0.011743904831692076,0.3631043746218088,-0.01348181392813197,-0.20962211538690545,benchmark_features_adjusted_close_exact_reference,False,True,False,False,False,False,False,False,False,True,False
2017-11-28,0050,buy_hold_daily_state_hold_reference,15.87258529663086,-0.006536158384414903,0.35419490853479196,-0.019929853041403267,-0.20962211538690545,benchmark_features_adjusted_close_exact_reference,False,True,False,False,False,False,False,False,False,True,False
2017-11-29,0050,buy_hold_daily_state_hold_reference,15.89157485961914,0.0011963749215013753,0.3558150333621879,-0.018757321696269758,-0.20962211538690545,benchmark_features_adjusted_close_exact_reference,False,True,False,False,False,False,False,False,False,True,False
2017-11-30,0050,buy_hold_daily_state_hold_reference,15.616272926330566,-0.01732376656942436,0.3323272102129049,-0.035756140803160474,-0.20962211538690545,benchmark_features_adjusted_close_exact_reference,False,True,False,False,False,False,False,False,False,True,False
2017-12-01,0050,buy_hold_daily_state_hold_reference,15.682722091674805,0.004255123207548284,0.3379964266451301,-0.031653164380155974,-0.20962211538690545,benchmark_features_adjusted_close_exact_reference,False,True,False,False,False,False,False,False,False,True,False
2017-12-04,0050,buy_hold_daily_state_hold_reference,15.739686012268066,0.0036322725264321676,0.3428563943060976,-0.028135864773076502,-0.20962211538690545,benchmark_features_adjusted_close_exact_reference,False,True,False,False,False,False,False,False,False,True,False
2017-12-05,0050,buy_hold_daily_state_hold_reference,15.616272926330566,-0.007840886142284398,0.3323272102129049,-0.035756140803160474,-0.20962211538690545,benchmark_features_adjusted_close_exact_reference,False,True,False,False,False,False,False,False,False,True,False
2017-12-06,0050,buy_hold_daily_state_hold_reference,15.350462913513184,-0.017021347799909492,0.30964920538458807,-0.05216887089447675,-0.20962211538690545,benchmark_features_adjusted_close_exact_reference,False,True,False,False,False,False,False,False,False,True,False
2017-12-07,0050,buy_hold_daily_state_hold_reference,15.35995864868164,0.0006185960138112012,0.31045934916253004,-0.051582546336245816,-0.20962211538690545,benchmark_features_adjusted_close_exact_reference,False,True,False,False,False,False,False,False,False,True,False
2017-12-08,0050,buy_hold_daily_state_hold_reference,15.35995864868164,0.0,0.31045934916253004,-0.051582546336245816,-0.20962211538690545,benchmark_features_adjusted_close_exact_reference,False,True,False,False,False,False,False,False,False,True,False
2017-12-11,0050,buy_hold_daily_state_hold_reference,15.473871231079102,0.007416203715316483,0.3201779826565605,-0.04454888929271372,-0.20962211538690545,benchmark_features_adjusted_close_exact_reference,False,True,False,False,False,False,False,False,False,True,False
2017-12-12,0050,buy_hold_daily_state_hold_reference,15.3694486618042,-0.006748315771503255,0.31126900475500774,-0.05099657509200006,-0.20962211538690545,benchmark_features_adjusted_close_exact_reference,False,True,False,False,False,False,False,False,False,True,False
2017-12-13,0050,buy_hold_daily_state_hold_reference,15.378944396972656,0.0006178318674536776,0.3120791485329497,-0.05041025053376913,-0.20962211538690545,benchmark_features_adjusted_close_exact_reference,False,True,False,False,False,False,False,False,False,True,False
2017-12-14,0050,buy_hold_daily_state_hold_reference,15.521339416503906,0.00925908930129693,0.32422780653958605,-0.04161791424386507,-0.20962211538690545,benchmark_features_adjusted_close_exact_reference,False,True,False,False,False,False,False,False,False,True,False
2017-12-15,0050,buy_hold_daily_state_hold_reference,15.397932052612305,-0.007950819228937256,0.3136991106318576,-0.049237836959963976,-0.20962211538690545,benchmark_features_adjusted_close_exact_reference,False,True,False,False,False,False,False,False,False,True,False
2017-12-18,0050,buy_hold_daily_state_hold_reference,15.416913986206056,0.0012327586281646319,0.31531858454530126,-0.04806577670014389,-0.20962211538690545,benchmark_features_adjusted_close_exact_reference,False,True,False,False,False,False,False,False,False,True,False
2017-12-19,0050,buy_hold_daily_state_hold_reference,15.34097385406494,-0.004925767388276436,0.30883963115635416,-0.0527547832530586,-0.20962211538690545,benchmark_features_adjusted_close_exact_reference,False,True,False,False,False,False,False,False,False,True,False
2017-12-20,0050,buy_hold_daily_state_hold_reference,15.388436317443848,0.003093836403764705,0.31288896685391565,-0.04982416151819491,-0.20962211538690545,benchmark_features_adjusted_close_exact_reference,False,True,False,False,False,False,False,False,False,True,False
2017-12-21,0050,buy_hold_daily_state_hold_reference,15.378944396972656,-0.0006168216364148549,0.3120791485329497,-0.05041025053376913,-0.20962211538690545,benchmark_features_adjusted_close_exact_reference,False,True,False,False,False,False,False,False,False,True,False
2017-12-22,0050,buy_hold_daily_state_hold_reference,15.43590259552002,0.0037036481228565066,0.3169386280084532,-0.046893304240674616,-0.20962211538690545,benchmark_features_adjusted_close_exact_reference,False,True,False,False,False,False,False,False,False,True,False
2017-12-25,0050,buy_hold_daily_state_hold_reference,15.464380264282228,0.0018448981901759698,0.3193682456998388,-0.0451349194226236,-0.20962211538690545,benchmark_features_adjusted_close_exact_reference,False,True,False,False,False,False,False,False,False,True,False
2017-12-26,0050,buy_hold_daily_state_hold_reference,15.31248950958252,-0.00982197489352532,0.3064094439152605,-0.05451358027075859,-0.20962211538690545,benchmark_features_adjusted_close_exact_reference,False,True,False,False,False,False,False,False,False,True,False
2017-12-27,0050,buy_hold_daily_state_hold_reference,15.35995864868164,0.0031000275343480155,0.31045934916253004,-0.051582546336245816,-0.20962211538690545,benchmark_features_adjusted_close_exact_reference,False,True,False,False,False,False,False,False,False,True,False
2017-12-28,0050,buy_hold_daily_state_hold_reference,15.511846542358398,0.009888561366003135,0.3234179068543761,-0.04220406214510353,-0.20962211538690545,benchmark_features_adjusted_close_exact_reference,False,True,False,False,False,False,False,False,False,True,False
2017-12-29,0050,buy_hold_daily_state_hold_reference,15.597288131713867,0.005508150762203012,0.33070749220672924,-0.03692837771997304,-0.20962211538690545,benchmark_features_adjusted_close_exact_reference,False,True,False,False,False,False,False,False,False,True,False
2018-01-02,0050,buy_hold_daily_state_hold_reference,15.682722091674805,0.005477488088921456,0.3379964266451301,-0.031653164380155974,-0.20962211538690545,benchmark_features_adjusted_close_exact_reference,False,True,False,False,False,False,False,False,False,True,False
2018-01-03,0050,buy_hold_daily_state_hold_reference,15.82512378692627,0.00908016442675219,0.3501456542014747,-0.022860415890602614,-0.20962211538690545,benchmark_features_adjusted_close_exact_reference,False,True,False,False,False,False,False,False,False,True,False
2018-01-04,0050,buy_hold_daily_state_hold_reference,15.853601455688477,0.0017995226543334741,0.3525752718928603,-0.021102031072551708,-0.20962211538690545,benchmark_features_adjusted_close_exact_reference,False,True,False,False,False,False,False,False,False,True,False
2018-01-05,0050,buy_hold_daily_state_hold_reference,15.90106964111328,0.0029941578610688246,0.35662509577588564,-0.01817105602370328,-0.20962211538690545,benchmark_features_adjusted_close_exact_reference,False,True,False,False,False,False,False,False,False,True,False
2018-01-08,0050,buy_hold_daily_state_hold_reference,15.967516899108888,0.00417879170994917,0.362294149479623,-0.014068197372026803,-0.20962211538690545,benchmark_features_adjusted_close_exact_reference,False,True,False,False,False,False,False,False,False,True,False
2018-01-09,0050,buy_hold_daily_state_hold_reference,15.97701358795166,0.0005947505114776153,0.3631043746218088,-0.01348181392813197,-0.20962211538690545,benchmark_features_adjusted_close_exact_reference,False,True,False,False,False,False,False,False,False,True,False
2018-01-10,0050,buy_hold_daily_state_hold_reference,15.90106964111328,-0.004753325546123954,0.35662509577588564,-0.01817105602370328,-0.20962211538690545,benchmark_features_adjusted_close_exact_reference,False,True,False,False,False,False,False,False,False,True,False
2018-01-11,0050,buy_hold_daily_state_hold_reference,15.834617614746094,-0.004179091587358963,0.35095563525092865,-0.022274209103700038,-0.20962211538690545,benchmark_features_adjusted_close_exact_reference,False,True,False,False,False,False,False,False,False,True,False
2018-01-12,0050,buy_hold_daily_state_hold_reference,15.967516899108888,0.008392958238475634,0.362294149479623,-0.014068197372026803,-0.20962211538690545,benchmark_features_adjusted_close_exact_reference,False,True,False,False,False,False,False,False,False,True,False
2018-01-15,0050,buy_hold_daily_state_hold_reference,16.07194709777832,0.006540165219756755,0.37120377829512785,-0.00762004048742726,-0.20962211538690545,benchmark_features_adjusted_close_exact_reference,False,True,False,False,False,False,False,False,False,True,False
2018-01-16,0050,buy_hold_daily_state_hold_reference,16.138397216796875,0.004134540676016707,0.37687307609159704,-0.0035170051787585255,-0.20962211538690545,benchmark_features_adjusted_close_exact_reference,False,True,False,False,False,False,False,False,False,True,False
2018-01-17,0050,buy_hold_daily_state_hold_reference,16.1668758392334,0.0017646499868575471,0.37930277514722666,-0.0017585614750433853,-0.20962211538690545,benchmark_features_adjusted_close_exact_reference,False,True,False,False,False,False,False,False,False,True,False
2018-01-18,0050,buy_hold_daily_state_hold_reference,16.38521957397461,0.013505623282597412,0.39793111882100596,0.0,-0.20962211538690545,benchmark_features_adjusted_close_exact_reference,False,True,False,False,False,False,False,False,False,True,False
2018-01-19,0050,buy_hold_daily_state_hold_reference,16.54660415649414,0.009849400051731072,0.4116999016550382,0.0,-0.20962211538690545,benchmark_features_adjusted_close_exact_reference,False,True,False,False,False,False,False,False,False,True,False
2018-01-22,0050,buy_hold_daily_state_hold_reference,16.69849395751953,0.009179514998295168,0.4246586220753725,0.0,-0.20962211538690545,benchmark_features_adjusted_close_exact_reference,False,True,False,False,False,False,False,False,False,True,False
2018-01-23,0050,buy_hold_daily_state_hold_reference,16.764944076538086,0.00397940791472573,0.4303279198718415,0.0,-0.20962211538690545,benchmark_features_adjusted_close_exact_reference,False,True,False,False,False,False,False,False,False,True,False
2018-01-24,0050,buy_hold_daily_state_hold_reference,16.55609893798828,-0.012457252323440526,0.4125099640687362,-0.012457252323440526,-0.20962211538690545,benchmark_features_adjusted_close_exact_reference,False,True,False,False,False,False,False,False,False,True,False
2018-01-25,0050,buy_hold_daily_state_hold_reference,16.603565216064453,0.002866996522185472,0.4165596252232737,-0.009625970700342212,-0.20962211538690545,benchmark_features_adjusted_close_exact_reference,False,True,False,False,False,False,False,False,False,True,False
2018-01-26,0050,buy_hold_daily_state_hold_reference,16.613054275512695,0.000571507343438471,0.4173691994515074,-0.009059964669846599,-0.20962211538690545,benchmark_features_adjusted_close_exact_reference,False,True,False,False,False,False,False,False,False,True,False
2018-01-29,0050,buy_hold_daily_state_hold_reference,16.6617488861084,0.0029311052494109813,0.4215236577523729,-0.006155415130439046,-0.20962211538690545,benchmark_features_adjusted_close_exact_reference,False,True,False,False,False,False,False,False,False,True,False
2018-01-30,0050,buy_hold_daily_state_hold_reference,16.466989517211914,-0.011689011173302677,0.4049074518337914,-0.01777247558750572,-0.20962211538690545,benchmark_features_adjusted_close_exact_reference,False,True,False,False,False,False,False,False,False,True,False
2018-01-31,0050,buy_hold_daily_state_hold_reference,16.48646354675293,0.0011826101863161576,0.4065689096971614,-0.01661088331185545,-0.20962211538690545,benchmark_features_adjusted_close_exact_reference,False,True,False,False,False,False,False,False,False,True,False
2018-02-01,0050,buy_hold_daily_state_hold_reference,16.60331916809082,0.007087973779610568,0.4165386332483103,-0.009640647037615468,-0.20962211538690545,benchmark_features_adjusted_close_exact_reference,False,True,False,False,False,False,False,False,False,True,False
2018-02-02,0050,buy_hold_daily_state_hold_reference,16.5351505279541,-0.004105723647578219,0.4107227170840748,-0.01370678885267329,-0.20962211538690545,benchmark_features_adjusted_close_exact_reference,False,True,False,False,False,False,False,False,False,True,False
2018-02-05,0050,buy_hold_daily_state_hold_reference,16.281963348388672,-0.015312057736480478,0.3891216493899188,-0.0288089674468599,-0.20962211538690545,benchmark_features_adjusted_close_exact_reference,False,True,False,False,False,False,False,False,False,True,False
2018-02-06,0050,buy_hold_daily_state_hold_reference,15.512659072875977,-0.04724886422182184,0.32348722919030126,-0.07469664067741422,-0.20962211538690545,benchmark_features_adjusted_close_exact_reference,False,True,False,False,False,False,False,False,False,True,False
2018-02-07,0050,buy_hold_daily_state_hold_reference,15.707420349121094,0.012554989788027937,0.340103597837371,-0.06307946645029117,-0.20962211538690545,benchmark_features_adjusted_close_exact_reference,False,True,False,False,False,False,False,False,False,True,False
2018-02-08,0050,buy_hold_daily_state_hold_reference,15.69768238067627,-0.0006199597533129708,0.33927278754144186,-0.06366031947314443,-0.20962211538690545,benchmark_features_adjusted_close_exact_reference,False,True,False,False,False,False,False,False,False,True,False
2018-02-09,0050,buy_hold_daily_state_hold_reference,15.39580535888672,-0.019230674596981134,0.3135176683676406,-0.08166676318159771,-0.20962211538690545,benchmark_features_adjusted_close_exact_reference,False,True,False,False,False,False,False,False,False,True,False
2018-02-12,0050,buy_hold_daily_state_hold_reference,15.5223970413208,0.008222478752045959,0.3243180394862304,-0.07411578765456084,-0.20962211538690545,benchmark_features_adjusted_close_exact_reference,False,True,False,False,False,False,False,False,False,True,False
2018-02-21,0050,buy_hold_daily_state_hold_reference,15.87296199798584,0.02258446010186632,0.35422704741118904,-0.053205192601897267,-0.20962211538690545,benchmark_features_adjusted_close_exact_reference,False,True,False,False,False,False,False,False,False,True,False
2018-02-22,0050,buy_hold_daily_state_hold_reference,15.775586128234863,-0.006134700616263866,0.34591926990887445,-0.05901349529031785,-0.20962211538690545,benchmark_features_adjusted_close_exact_reference,False,True,False,False,False,False,False,False,False,True,False
2018-02-23,0050,buy_hold_daily_state_hold_reference,15.97034740447998,0.012345739464889816,0.3625356385559442,-0.0473963210631948,-0.20962211538690545,benchmark_features_adjusted_close_exact_reference,False,True,False,False,False,False,False,False,False,True,False
2018-02-26,0050,buy_hold_daily_state_hold_reference,16.048248291015625,0.004877845457124552,0.36918187683064474,-0.04274966753545262,-0.20962211538690545,benchmark_features_adjusted_close_exact_reference,False,True,False,False,False,False,False,False,False,True,False
2018-02-27,0050,buy_hold_daily_state_hold_reference,16.03851318359375,-0.0006066149554356803,0.36835131062744764,-0.04333034990322149,-0.20962211538690545,benchmark_features_adjusted_close_exact_reference,False,True,False,False,False,False,False,False,False,True,False
2018-03-01,0050,buy_hold_daily_state_hold_reference,15.92165470123291,-0.0072861169251260405,0.3583813429835667,-0.05030075683254598,-0.20962211538690545,benchmark_features_adjusted_close_exact_reference,False,True,False,False,False,False,False,False,False,True,False
2018-03-02,0050,buy_hold_daily_state_hold_reference,15.80479907989502,-0.007339414371851816,0.3484116194324176,-0.05727099310678607,-0.20962211538690545,benchmark_features_adjusted_close_exact_reference,False,True,False,False,False,False,False,False,False,True,False
2018-03-05,0050,buy_hold_daily_state_hold_reference,15.726896286010742,-0.004929059426220461,0.341765218429229,-0.06191776040458452,-0.20962211538690545,benchmark_features_adjusted_close_exact_reference,False,True,False,False,False,False,False,False,False,True,False
2018-03-06,0050,buy_hold_daily_state_hold_reference,15.999564170837402,0.017337679340404977,0.3650283135364636,-0.04565359133955016,-0.20962211538690545,benchmark_features_adjusted_close_exact_reference,False,True,False,False,False,False,False,False,False,True,False
2018-03-07,0050,buy_hold_daily_state_hold_reference,15.931396484375,-0.004260596459661814,0.3592124787364719,-0.04971967626957996,-0.20962211538690545,benchmark_features_adjusted_close_exact_reference,False,True,False,False,False,False,False,False,False,True,False
2018-03-08,0050,buy_hold_daily_state_hold_reference,16.116413116455078,0.011613334227262184,0.3749974675379042,-0.03868375326050755,-0.20962211538690545,benchmark_features_adjusted_close_exact_reference,False,True,False,False,False,False,False,False,False,True,False
2018-03-09,0050,buy_hold_daily_state_hold_reference,16.135894775390625,0.001208808609879597,0.3766595763152265,-0.037521705904631775,-0.20962211538690545,benchmark_features_adjusted_close_exact_reference,False,True,False,False,False,False,False,False,False,True,False
2018-03-12,0050,buy_hold_daily_state_hold_reference,16.389081954956055,0.015690929018177036,0.39826064400938255,-0.022419527310445164,-0.20962211538690545,benchmark_features_adjusted_close_exact_reference,False,True,False,False,False,False,False,False,False,True,False
2018-03-13,0050,buy_hold_daily_state_hold_reference,16.544889450073242,0.0095067860143363,0.41155360874424796,-0.013125878944791669,-0.20962211538690545,benchmark_features_adjusted_close_exact_reference,False,True,False,False,False,False,False,False,False,True,False
2018-03-14,0050,buy_hold_daily_state_hold_reference,16.418296813964844,-0.007651464610290204,0.40075315626141395,-0.020676911356856897,-0.20962211538690545,benchmark_features_adjusted_close_exact_reference,False,True,False,False,False,False,False,False,False,True,False
2018-03-15,0050,buy_hold_daily_state_hold_reference,16.40856170654297,-0.0005929425891237905,0.39992259005821684,-0.021257593724625767,-0.20962211538690545,benchmark_features_adjusted_close_exact_reference,False,True,False,False,False,False,False,False,False,True,False
2018-03-16,0050,buy_hold_daily_state_hold_reference,16.340389251708984,-0.004154688025264308,0.3941063484370051,-0.02532396307979634,-0.20962211538690545,benchmark_features_adjusted_close_exact_reference,False,True,False,False,False,False,False,False,False,True,False
2018-03-19,0050,buy_hold_daily_state_hold_reference,16.330652236938477,-0.0005958863415379545,0.39327561950532,-0.025904759217621587,-0.20962211538690545,benchmark_features_adjusted_close_exact_reference,False,True,False,False,False,False,False,False,False,True,False
2018-03-20,0050,buy_hold_daily_state_hold_reference,16.320913314819336,-0.0005963584294026436,0.39244472784514683,-0.026485669125503097,-0.20962211538690545,benchmark_features_adjusted_close_exact_reference,False,True,False,False,False,False,False,False,False,True,False
2018-03-21,0050,buy_hold_daily_state_hold_reference,16.330652236938477,0.0005967142849963025,0.39327561950532,-0.025904759217621587,-0.20962211538690545,benchmark_features_adjusted_close_exact_reference,False,True,False,False,False,False,False,False,False,True,False
2018-03-22,0050,buy_hold_daily_state_hold_reference,16.2722225189209,-0.0035779169851780646,0.3882905950012574,-0.0293899911247979,-0.20962211538690545,benchmark_features_adjusted_close_exact_reference,False,True,False,False,False,False,False,False,False,True,False
2018-03-23,0050,buy_hold_daily_state_hold_reference,15.989825248718262,-0.017354560501755212,0.36419742187629045,-0.04623450124743167,-0.20962211538690545,benchmark_features_adjusted_close_exact_reference,False,True,False,False,False,False,False,False,False,True,False
2018-03-26,0050,buy_hold_daily_state_hold_reference,16.009300231933594,0.0012179609790852197,0.3658589611039045,-0.04507285208675327,-0.20962211538690545,benchmark_features_adjusted_close_exact_reference,False,True,False,False,False,False,False,False,False,True,False
2018-03-27,0050,buy_hold_daily_state_hold_reference,16.243013381958008,0.014598586236656885,0.3857985709346905,-0.031132265768216927,-0.20962211538690545,benchmark_features_adjusted_close_exact_reference,False,True,False,False,False,False,False,False,False,True,False
2018-03-28,0050,buy_hold_daily_state_hold_reference,16.01903533935547,-0.013789192764645741,0.36668952730710136,-0.04449216971898462,-0.20962211538690545,benchmark_features_adjusted_close_exact_reference,False,True,False,False,False,False,False,False,False,True,False
2018-03-29,0050,buy_hold_daily_state_hold_reference,15.989825248718262,-0.0018234612770622327,0.36419742187629045,-0.04623450124743167,-0.20962211538690545,benchmark_features_adjusted_close_exact_reference,False,True,False,False,False,False,False,False,False,True,False
2018-03-30,0050,buy_hold_daily_state_hold_reference,16.135894775390625,0.009135154662435863,0.3766595763152265,-0.037521705904631775,-0.20962211538690545,benchmark_features_adjusted_close_exact_reference,False,True,False,False,False,False,False,False,False,True,False
2018-04-02,0050,buy_hold_daily_state_hold_reference,16.01903533935547,-0.007242203649802104,0.36668952730710136,-0.04449216971898462,-0.20962211538690545,benchmark_features_adjusted_close_exact_reference,False,True,False,False,False,False,False,False,False,True,False
2018-04-03,0050,buy_hold_daily_state_hold_reference,15.87296199798584,-0.009118735196916417,0.35422704741118904,-0.053205192601897267,-0.20962211538690545,benchmark_features_adjusted_close_exact_reference,False,True,False,False,False,False,False,False,False,True,False
2018-04-09,0050,buy_hold_daily_state_hold_reference,16.009300231933594,0.008589337892011217,0.3658589611039045,-0.04507285208675327,-0.20962211538690545,benchmark_features_adjusted_close_exact_reference,False,True,False,False,False,False,False,False,False,True,False
2018-04-10,0050,buy_hold_daily_state_hold_reference,16.067726135253906,0.003649497634117038,0.3708436601509908,-0.04158784771968971,-0.20962211538690545,benchmark_features_adjusted_close_exact_reference,False,True,False,False,False,False,False,False,False,True,False
2018-04-11,0050,buy_hold_daily_state_hold_reference,16.135894775390625,0.004242581654858579,0.3766595763152265,-0.037521705904631775,-0.20962211538690545,benchmark_features_adjusted_close_exact_reference,False,True,False,False,False,False,False,False,False,True,False
2018-04-12,0050,buy_hold_daily_state_hold_reference,16.067726135253906,-0.004224658197491737,0.3708436601509908,-0.04158784771968971,-0.20962211538690545,benchmark_features_adjusted_close_exact_reference,False,True,False,False,False,False,False,False,False,True,False
2018-04-13,0050,buy_hold_daily_state_hold_reference,16.067726135253906,0.0,0.3708436601509908,-0.04158784771968971,-0.20962211538690545,benchmark_features_adjusted_close_exact_reference,False,True,False,False,False,False,False,False,False,True,False
2018-04-16,0050,buy_hold_daily_state_hold_reference,16.028776168823242,-0.0024241119186867444,0.36752058169576274,-0.04391114604104651,-0.20962211538690545,benchmark_features_adjusted_close_exact_reference,False,True,False,False,False,False,False,False,False,True,False
2018-04-17,0050,buy_hold_daily_state_hold_reference,15.853489875793455,-0.010935725297027243,0.35256575227630704,-0.05436667110749116,-0.20962211538690545,benchmark_features_adjusted_close_exact_reference,False,True,False,False,False,False,False,False,False,True,False
2018-04-18,0050,buy_hold_daily_state_hold_reference,15.892446517944336,0.0024572912624345467,0.3558894002812436,-0.052042974590936875,-0.20962211538690545,benchmark_features_adjusted_close_exact_reference,False,True,False,False,False,False,False,False,False,True,False
2018-04-19,0050,buy_hold_daily_state_hold_reference,16.09694480895996,0.012867640660909174,0.37333649785999823,-0.0398450042259888,-0.20962211538690545,benchmark_features_adjusted_close_exact_reference,False,True,False,False,False,False,False,False,False,True,False
2018-04-20,0050,buy_hold_daily_state_hold_reference,15.726896286010742,-0.022988742729815437,0.341765218429229,-0.06191776040458452,-0.20962211538690545,benchmark_features_adjusted_close_exact_reference,False,True,False,False,False,False,False,False,False,True,False
2018-04-23,0050,buy_hold_daily_state_hold_reference,15.571088790893556,-0.009907072081080548,0.32847225369436406,-0.07121140877023768,-0.20962211538690545,benchmark_features_adjusted_close_exact_reference,False,True,False,False,False,False,False,False,False,True,False
2018-04-24,0050,buy_hold_daily_state_hold_reference,15.493183135986328,-0.005003224626963121,0.3218256085984432,-0.07585834672312075,-0.20962211538690545,benchmark_features_adjusted_close_exact_reference,False,True,False,False,False,False,False,False,False,True,False
2018-04-25,0050,buy_hold_daily_state_hold_reference,15.44449234008789,-0.0031427238335124397,0.3176714757545538,-0.07876266872241566,-0.20962211538690545,benchmark_features_adjusted_close_exact_reference,False,True,False,False,False,False,False,False,False,True,False
2018-04-26,0050,buy_hold_daily_state_hold_reference,15.39580535888672,-0.0031523846902237196,0.3135176683676406,-0.08166676318159771,-0.20962211538690545,benchmark_features_adjusted_close_exact_reference,False,True,False,False,False,False,False,False,False,True,False
2018-04-27,0050,buy_hold_daily_state_hold_reference,15.425020217895508,0.0018975856298366622,0.3160101806196718,-0.07992414722800956,-0.20962211538690545,benchmark_features_adjusted_close_exact_reference,False,True,False,False,False,False,False,False,False,True,False
2018-04-30,0050,buy_hold_daily_state_hold_reference,15.580825805664062,0.010100835238309402,0.32930298262604896,-0.07063061263241266,-0.20962211538690545,benchmark_features_adjusted_close_exact_reference,False,True,False,False,False,False,False,False,False,True,False
2018-05-02,0050,buy_hold_daily_state_hold_reference,15.463972091674805,-0.007499840858677609,0.3193334218033881,-0.07760073513659627,-0.20962211538690545,benchmark_features_adjusted_close_exact_reference,False,True,False,False,False,False,False,False,False,True,False
2018-05-03,0050,buy_hold_daily_state_hold_reference,15.298422813415527,-0.010705482218789197,0.3052093213156175,-0.08747546406521567,-0.20962211538690545,benchmark_features_adjusted_close_exact_reference,False,True,False,False,False,False,False,False,False,True,False
2018-05-04,0050,buy_hold_daily_state_hold_reference,15.37632656097412,0.005092273138789016,0.3118558036830499,-0.0828286398823892,-0.20962211538690545,benchmark_features_adjusted_close_exact_reference,False,True,False,False,False,False,False,False,False,True,False
2018-05-07,0050,buy_hold_daily_state_hold_reference,15.483448028564451,0.006966648839405565,0.3209950423952461,-0.07643902909088962,-0.20962211538690545,benchmark_features_adjusted_close_exact_reference,False,True,False,False,False,False,False,False,False,True,False
2018-05-08,0050,buy_hold_daily_state_hold_reference,15.580825805664062,0.006289153224783295,0.32930298262604896,-0.07063061263241266,-0.20962211538690545,benchmark_features_adjusted_close_exact_reference,False,True,False,False,False,False,False,False,False,True,False
2018-05-09,0050,buy_hold_daily_state_hold_reference,15.668469429016112,0.005625094872711234,0.3367804380178985,-0.06540282165667644,-0.20962211538690545,benchmark_features_adjusted_close_exact_reference,False,True,False,False,False,False,False,False,False,True,False
2018-05-10,0050,buy_hold_daily_state_hold_reference,15.707420349121094,0.002485942885579462,0.340103597837371,-0.06307946645029117,-0.20962211538690545,benchmark_features_adjusted_close_exact_reference,False,True,False,False,False,False,False,False,False,True,False
2018-05-11,0050,buy_hold_daily_state_hold_reference,15.892446517944336,0.011779538887402019,0.3558894002812436,-0.052042974590936875,-0.20962211538690545,benchmark_features_adjusted_close_exact_reference,False,True,False,False,False,False,False,False,False,True,False
2018-05-14,0050,buy_hold_daily_state_hold_reference,16.067726135253906,0.011029114813232876,0.3708436601509908,-0.04158784771968971,-0.20962211538690545,benchmark_features_adjusted_close_exact_reference,False,True,False,False,False,False,False,False,False,True,False
2018-05-15,0050,buy_hold_daily_state_hold_reference,15.90218448638916,-0.010302742744758064,0.35672021057717274,-0.051462121568083496,-0.20962211538690545,benchmark_features_adjusted_close_exact_reference,False,True,False,False,False,False,False,False,False,True,False
2018-05-16,0050,buy_hold_daily_state_hold_reference,15.92165470123291,0.0012243735985086879,0.3583813429835667,-0.05030075683254598,-0.20962211538690545,benchmark_features_adjusted_close_exact_reference,False,True,False,False,False,False,False,False,False,True,False
2018-05-17,0050,buy_hold_daily_state_hold_reference,15.814536094665527,-0.006727856405470689,0.34924234836410273,-0.056690196968960826,-0.20962211538690545,benchmark_features_adjusted_close_exact_reference,False,True,False,False,False,False,False,False,False,True,False
2018-05-18,0050,buy_hold_daily_state_hold_reference,15.765846252441406,-0.0030788030665372945,0.3450882968844573,-0.059594462083227495,-0.20962211538690545,benchmark_features_adjusted_close_exact_reference,False,True,False,False,False,False,False,False,False,True,False
2018-05-21,0050,buy_hold_daily_state_hold_reference,15.980084419250488,0.013588751493495366,0.36336636748762907,-0.04681552492536967,-0.20962211538690545,benchmark_features_adjusted_close_exact_reference,False,True,False,False,False,False,False,False,False,True,False
2018-05-22,0050,buy_hold_daily_state_hold_reference,15.92165470123291,-0.0036564085948876945,0.3583813429835667,-0.05030075683254598,-0.20962211538690545,benchmark_features_adjusted_close_exact_reference,False,True,False,False,False,False,False,False,False,True,False
2018-05-23,0050,buy_hold_daily_state_hold_reference,15.84375286102295,-0.0048928231186881055,0.35173502334462214,-0.054947467245316295,-0.20962211538690545,benchmark_features_adjusted_close_exact_reference,False,True,False,False,False,False,False,False,False,True,False
2018-05-24,0050,buy_hold_daily_state_hold_reference,15.882707595825195,0.0024586810425502037,0.35505850862107047,-0.052623884498818385,-0.20962211538690545,benchmark_features_adjusted_close_exact_reference,False,True,False,False,False,False,False,False,False,True,False
2018-05-25,0050,buy_hold_daily_state_hold_reference,15.94113063812256,0.0036784057091576727,0.360042963575425,-0.04913905078683922,-0.20962211538690545,benchmark_features_adjusted_close_exact_reference,False,True,False,False,False,False,False,False,False,True,False
2018-05-28,0050,buy_hold_daily_state_hold_reference,16.009300231933594,0.004276333677863953,0.3658589611039045,-0.04507285208675327,-0.20962211538690545,benchmark_features_adjusted_close_exact_reference,False,True,False,False,False,False,False,False,False,True,False
2018-05-29,0050,buy_hold_daily_state_hold_reference,15.94113063812256,-0.004258124516589135,0.360042963575425,-0.04913905078683922,-0.20962211538690545,benchmark_features_adjusted_close_exact_reference,False,True,False,False,False,False,False,False,False,True,False
2018-05-30,0050,buy_hold_daily_state_hold_reference,15.658733367919922,-0.01771500884180055,0.3359497904504576,-0.06598356090947333,-0.20962211538690545,benchmark_features_adjusted_close_exact_reference,False,True,False,False,False,False,False,False,False,True,False
2018-05-31,0050,buy_hold_daily_state_hold_reference,15.726896286010742,0.00435302884909361,0.341765218429229,-0.06191776040458452,-0.20962211538690545,benchmark_features_adjusted_close_exact_reference,False,True,False,False,False,False,False,False,False,True,False
2018-06-01,0050,buy_hold_daily_state_hold_reference,15.84375286102295,0.00743036470051317,0.35173502334462214,-0.054947467245316295,-0.20962211538690545,benchmark_features_adjusted_close_exact_reference,False,True,False,False,False,False,False,False,False,True,False
2018-06-04,0050,buy_hold_daily_state_hold_reference,16.087202072143555,0.015365627907483415,0.37250528074284905,-0.04042614167398295,-0.20962211538690545,benchmark_features_adjusted_close_exact_reference,False,True,False,False,False,False,False,False,False,True,False
2018-06-05,0050,buy_hold_daily_state_hold_reference,16.067726135253906,-0.0012106478679330124,0.3708436601509908,-0.04158784771968971,-0.20962211538690545,benchmark_features_adjusted_close_exact_reference,False,True,False,False,False,False,False,False,False,True,False
2018-06-06,0050,buy_hold_daily_state_hold_reference,16.223535537719727,0.00969704120883419,0.3841367876143442,-0.03229408558397995,-0.20962211538690545,benchmark_features_adjusted_close_exact_reference,False,True,False,False,False,False,False,False,False,True,False
2018-06-07,0050,buy_hold_daily_state_hold_reference,16.25275421142578,0.0018010053134300819,0.38662962532335166,-0.03055124209027904,-0.20962211538690545,benchmark_features_adjusted_close_exact_reference,False,True,False,False,False,False,False,False,False,True,False
2018-06-08,0050,buy_hold_daily_state_hold_reference,16.077468872070312,-0.010784962171657142,0.3716748772681402,-0.041006710271695335,-0.20962211538690545,benchmark_features_adjusted_close_exact_reference,False,True,False,False,False,False,False,False,False,True,False
2018-06-11,0050,buy_hold_daily_state_hold_reference,16.09694480895996,0.0012113807866536153,0.37333649785999823,-0.0398450042259888,-0.20962211538690545,benchmark_features_adjusted_close_exact_reference,False,True,False,False,False,False,False,False,False,True,False
2018-06-12,0050,buy_hold_daily_state_hold_reference,16.067726135253906,-0.0018151689064492826,0.3708436601509908,-0.04158784771968971,-0.20962211538690545,benchmark_features_adjusted_close_exact_reference,False,True,False,False,False,False,False,False,False,True,False
2018-06-13,0050,buy_hold_daily_state_hold_reference,16.16510581970215,0.006060576563760467,0.37915176311028165,-0.03577931749115637,-0.20962211538690545,benchmark_features_adjusted_close_exact_reference,False,True,False,False,False,False,False,False,False,True,False
2018-06-14,0050,buy_hold_daily_state_hold_reference,15.92165470123291,-0.015060286099242148,0.3583813429835667,-0.05030075683254598,-0.20962211538690545,benchmark_features_adjusted_close_exact_reference,False,True,False,False,False,False,False,False,False,True,False
2018-06-15,0050,buy_hold_daily_state_hold_reference,15.960610389709473,0.002446711049043593,0.36170490962425905,-0.047977117201019936,-0.20962211538690545,benchmark_features_adjusted_close_exact_reference,False,True,False,False,False,False,False,False,False,True,False
2018-06-19,0050,buy_hold_daily_state_hold_reference,15.69768238067627,-0.01647355599900646,0.33927278754144186,-0.06366031947314443,-0.20962211538690545,benchmark_features_adjusted_close_exact_reference,False,True,False,False,False,False,False,False,False,True,False
2018-06-20,0050,buy_hold_daily_state_hold_reference,15.87296199798584,0.011165955142864892,0.35422704741118904,-0.053205192601897267,-0.20962211538690545,benchmark_features_adjusted_close_exact_reference,False,True,False,False,False,False,False,False,False,True,False
2018-06-21,0050,buy_hold_daily_state_hold_reference,15.824277877807615,-0.003067109981388594,0.3500734841170079,-0.05610911640599481,-0.20962211538690545,benchmark_features_adjusted_close_exact_reference,False,True,False,False,False,False,False,False,False,True,False
2018-06-22,0050,buy_hold_daily_state_hold_reference,15.80479907989502,-0.0012309438739011025,0.3484116194324176,-0.05727099310678607,-0.20962211538690545,benchmark_features_adjusted_close_exact_reference,False,True,False,False,False,False,False,False,False,True,False
2018-06-25,0050,buy_hold_daily_state_hold_reference,15.756113052368164,-0.003080458491167337,0.34425789340974844,-0.06017503068093988,-0.20962211538690545,benchmark_features_adjusted_close_exact_reference,False,True,False,False,False,False,False,False,False,True,False
2018-06-26,0050,buy_hold_daily_state_hold_reference,15.717159271240234,-0.002472296371475613,0.3409344894975441,-0.062498556542409545,-0.20962211538690545,benchmark_features_adjusted_close_exact_reference,False,True,False,False,False,False,False,False,False,True,False
2018-06-27,0050,buy_hold_daily_state_hold_reference,15.658733367919922,-0.0037173322680023047,0.3359497904504576,-0.06598356090947333,-0.20962211538690545,benchmark_features_adjusted_close_exact_reference,False,True,False,False,False,False,False,False,False,True,False
2018-06-28,0050,buy_hold_daily_state_hold_reference,15.59056282043457,-0.004353516078446806,0.33013371155773386,-0.07004981649458752,-0.20962211538690545,benchmark_features_adjusted_close_exact_reference,False,True,False,False,False,False,False,False,False,True,False
2018-06-29,0050,buy_hold_daily_state_hold_reference,15.863224983215332,0.017488923647027255,0.35339631847950415,-0.05378598873972229,-0.20962211538690545,benchmark_features_adjusted_close_exact_reference,False,True,False,False,False,False,False,False,False,True,False
2018-07-02,0050,buy_hold_daily_state_hold_reference,15.785324096679688,-0.004910784951866365,0.3467500802048036,-0.058432642267464474,-0.20962211538690545,benchmark_features_adjusted_close_exact_reference,False,True,False,False,False,False,False,False,False,True,False
2018-07-03,0050,buy_hold_daily_state_hold_reference,15.80479907989502,0.001233739839363146,0.3484116194324176,-0.05727099310678607,-0.20962211538690545,benchmark_features_adjusted_close_exact_reference,False,True,False,False,False,False,False,False,False,True,False
2018-07-04,0050,buy_hold_daily_state_hold_reference,15.853489875793455,0.0030807601951976515,0.35256575227630704,-0.05436667110749116,-0.20962211538690545,benchmark_features_adjusted_close_exact_reference,False,True,False,False,False,False,False,False,False,True,False
2018-07-05,0050,buy_hold_daily_state_hold_reference,15.726896286010742,-0.007985219076337757,0.341765218429229,-0.06191776040458452,-0.20962211538690545,benchmark_features_adjusted_close_exact_reference,False,True,False,False,False,False,False,False,False,True,False
2018-07-06,0050,buy_hold_daily_state_hold_reference,15.765846252441406,0.002476646740864563,0.3450882968844573,-0.059594462083227495,-0.20962211538690545,benchmark_features_adjusted_close_exact_reference,False,True,False,False,False,False,False,False,False,True,False
2018-07-09,0050,buy_hold_daily_state_hold_reference,16.01903533935547,0.016059340098845354,0.36668952730710136,-0.04449216971898462,-0.20962211538690545,benchmark_features_adjusted_close_exact_reference,False,True,False,False,False,False,False,False,False,True,False
2018-07-10,0050,buy_hold_daily_state_hold_reference,16.0579891204834,0.002431718284073403,0.3700129312193059,-0.04216864385751473,-0.20962211538690545,benchmark_features_adjusted_close_exact_reference,False,True,False,False,False,False,False,False,False,True,False
2018-07-11,0050,buy_hold_daily_state_hold_reference,15.911917686462402,-0.009096496013605404,0.3575506140518816,-0.05088155297037111,-0.20962211538690545,benchmark_features_adjusted_close_exact_reference,False,True,False,False,False,False,False,False,False,True,False
2018-07-12,0050,buy_hold_daily_state_hold_reference,16.09694480895996,0.011628210134280392,0.37333649785999823,-0.0398450042259888,-0.20962211538690545,benchmark_features_adjusted_close_exact_reference,False,True,False,False,False,False,False,False,False,True,False
2018-07-13,0050,buy_hold_daily_state_hold_reference,16.233272552490234,0.008469168848388442,0.38496751654602934,-0.0317132894461547,-0.20962211538690545,benchmark_features_adjusted_close_exact_reference,False,True,False,False,False,False,False,False,False,True,False
2018-07-16,0050,buy_hold_daily_state_hold_reference,16.16510581970215,-0.004199198440589802,0.37915176311028165,-0.03577931749115637,-0.20962211538690545,benchmark_features_adjusted_close_exact_reference,False,True,False,False,False,False,False,False,False,True,False
2018-07-17,0050,buy_hold_daily_state_hold_reference,16.077468872070312,-0.005421365539409195,0.3716748772681402,-0.041006710271695335,-0.20962211538690545,benchmark_features_adjusted_close_exact_reference,False,True,False,False,False,False,False,False,False,True,False
2018-07-18,0050,buy_hold_daily_state_hold_reference,16.17484474182129,0.00605666666350313,0.3799826547704548,-0.03519840758327486,-0.20962211538690545,benchmark_features_adjusted_close_exact_reference,False,True,False,False,False,False,False,False,False,True,False
2018-07-19,0050,buy_hold_daily_state_hold_reference,16.223535537719727,0.0030102790274422198,0.3841367876143442,-0.03229408558397995,-0.20962211538690545,benchmark_features_adjusted_close_exact_reference,False,True,False,False,False,False,False,False,False,True,False
2018-07-20,0050,buy_hold_daily_state_hold_reference,16.48646354675293,0.016206578918750214,0.4065689096971614,-0.01661088331185545,-0.20962211538690545,benchmark_features_adjusted_close_exact_reference,False,True,False,False,False,False,False,False,False,True,False
2018-07-23,0050,buy_hold_daily_state_hold_reference,16.604293823242188,0.007147092289083723,0.416621787505723,-0.009582510538804656,-0.20962211538690545,benchmark_features_adjusted_close_exact_reference,False,True,False,False,False,False,False,False,False,True,False
2018-07-24,0050,buy_hold_daily_state_hold_reference,16.633752822875977,0.0017741796156698353,0.41913512900422933,-0.007825332017999842,-0.20962211538690545,benchmark_features_adjusted_close_exact_reference,False,True,False,False,False,False,False,False,False,True,False
2018-07-25,0050,buy_hold_daily_state_hold_reference,16.64356803894043,0.0005900782685044348,0.4199725298039261,-0.007239871307862966,-0.20962211538690545,benchmark_features_adjusted_close_exact_reference,False,True,False,False,False,False,False,False,False,True,False
2018-07-26,0050,buy_hold_daily_state_hold_reference,16.69266700744629,0.0029500266043305245,0.424161486544266,-0.004311202516502632,-0.20962211538690545,benchmark_features_adjusted_close_exact_reference,False,True,False,False,False,False,False,False,False,True,False
2018-07-27,0050,buy_hold_daily_state_hold_reference,16.83013343811035,0.008235138854848056,0.4358896541376851,0.0,-0.20962211538690545,benchmark_features_adjusted_close_exact_reference,False,True,False,False,False,False,False,False,False,True,False
2018-07-30,0050,buy_hold_daily_state_hold_reference,16.800676345825195,-0.0017502589859716977,0.43337647536766677,-0.0017502589859716977,-0.20962211538690545,benchmark_features_adjusted_close_exact_reference,False,True,False,False,False,False,False,False,False,True,False
2018-07-31,0050,buy_hold_daily_state_hold_reference,16.800676345825195,0.0,0.43337647536766677,-0.0017502589859716977,-0.20962211538690545,benchmark_features_adjusted_close_exact_reference,False,True,False,False,False,False,False,False,False,True,False
2018-08-01,0050,buy_hold_daily_state_hold_reference,16.918506622314453,0.007013424582667849,0.4434293531762281,0.0,-0.20962211538690545,benchmark_features_adjusted_close_exact_reference,False,True,False,False,False,False,False,False,False,True,False
2018-08-02,0050,buy_hold_daily_state_hold_reference,16.663211822509766,-0.015089676973496613,0.4216484705027359,-0.015089676973496502,-0.20962211538690545,benchmark_features_adjusted_close_exact_reference,False,True,False,False,False,False,False,False,False,True,False
2018-08-03,0050,buy_hold_daily_state_hold_reference,16.800676345825195,0.00824958146002408,0.43337647536766677,-0.006964579032870732,-0.20962211538690545,benchmark_features_adjusted_close_exact_reference,False,True,False,False,False,False,False,False,False,True,False
2018-08-06,0050,buy_hold_daily_state_hold_reference,16.83013343811035,0.0017533277636454514,0.4358896541376851,-0.005223462459005734,-0.20962211538690545,benchmark_features_adjusted_close_exact_reference,False,True,False,False,False,False,False,False,False,True,False
2018-08-07,0050,buy_hold_daily_state_hold_reference,16.79085922241211,-0.0023335653185796446,0.432538911839482,-0.007544838486748251,-0.20962211538690545,benchmark_features_adjusted_close_exact_reference,False,True,False,False,False,False,False,False,False,True,False
2018-08-08,0050,buy_hold_daily_state_hold_reference,16.918506622314453,0.007602195826403202,0.4434293531762281,0.0,-0.20962211538690545,benchmark_features_adjusted_close_exact_reference,False,True,False,False,False,False,False,False,False,True,False
2018-08-09,0050,buy_hold_daily_state_hold_reference,16.918506622314453,0.0,0.4434293531762281,0.0,-0.20962211538690545,benchmark_features_adjusted_close_exact_reference,False,True,False,False,False,False,False,False,False,True,False
2018-08-10,0050,buy_hold_daily_state_hold_reference,16.83013343811035,-0.005223462459005845,0.4358896541376851,-0.005223462459005734,-0.20962211538690545,benchmark_features_adjusted_close_exact_reference,False,True,False,False,False,False,False,False,False,True,False
2018-08-13,0050,buy_hold_daily_state_hold_reference,16.486461639404297,-0.020420028157818404,0.4065687469686734,-0.025536827366330006,-0.20962211538690545,benchmark_features_adjusted_close_exact_reference,False,True,False,False,False,False,False,False,False,True,False
2018-08-14,0050,buy_hold_daily_state_hold_reference,16.604293823242188,0.007147208807756433,0.416621787505723,-0.0185721355960482,-0.20962211538690545,benchmark_features_adjusted_close_exact_reference,False,True,False,False,False,False,False,False,False,True,False
2018-08-15,0050,buy_hold_daily_state_hold_reference,16.447187423706055,-0.009461793510075034,0.4032180046704703,-0.02785820339407241,-0.20962211538690545,benchmark_features_adjusted_close_exact_reference,False,True,False,False,False,False,False,False,False,True,False
2018-08-16,0050,buy_hold_daily_state_hold_reference,16.45700454711914,0.0005968876720487959,0.40405556819865507,-0.027277943940195004,-0.20962211538690545,benchmark_features_adjusted_close_exact_reference,False,True,False,False,False,False,False,False,False,True,False
2018-08-17,0050,buy_hold_daily_state_hold_reference,16.427547454833984,-0.001789942525738275,0.40154238942863674,-0.029019060514060002,-0.20962211538690545,benchmark_features_adjusted_close_exact_reference,False,True,False,False,False,False,False,False,False,True,False
2018-08-20,0050,buy_hold_daily_state_hold_reference,16.486461639404297,0.003586304330107204,0.4065687469686734,-0.025536827366330006,-0.20962211538690545,benchmark_features_adjusted_close_exact_reference,False,True,False,False,False,False,False,False,False,True,False
2018-08-21,0050,buy_hold_daily_state_hold_reference,16.604293823242188,0.007147208807756433,0.416621787505723,-0.0185721355960482,-0.20962211538690545,benchmark_features_adjusted_close_exact_reference,False,True,False,False,False,False,False,False,False,True,False
2018-08-22,0050,buy_hold_daily_state_hold_reference,16.623931884765625,0.0011827098299084238,0.41829724001906854,-0.017411391213471572,-0.20962211538690545,benchmark_features_adjusted_close_exact_reference,False,True,False,False,False,False,False,False,False,True,False
2018-08-23,0050,buy_hold_daily_state_hold_reference,16.70248794555664,0.00472548018937724,0.424999375529427,-0.012768188208343134,-0.20962211538690545,benchmark_features_adjusted_close_exact_reference,False,True,False,False,False,False,False,False,False,True,False
2018-08-24,0050,buy_hold_daily_state_hold_reference,16.653390884399414,-0.002939505857885605,0.4208105815175749,-0.015670161902195834,-0.20962211538690545,benchmark_features_adjusted_close_exact_reference,False,True,False,False,False,False,False,False,False,True,False
2018-08-27,0050,buy_hold_daily_state_hold_reference,16.800676345825195,0.008844172484040902,0.43337647536766677,-0.006964579032870732,-0.20962211538690545,benchmark_features_adjusted_close_exact_reference,False,True,False,False,False,False,False,False,False,True,False
2018-08-28,0050,buy_hold_daily_state_hold_reference,16.938148498535156,0.008182536814604013,0.4451051311465499,0.0,-0.20962211538690545,benchmark_features_adjusted_close_exact_reference,False,True,False,False,False,False,False,False,False,True,False
2018-08-29,0050,buy_hold_daily_state_hold_reference,17.134531021118164,0.011594096167003798,0.4618598190084937,0.0,-0.20962211538690545,benchmark_features_adjusted_close_exact_reference,False,True,False,False,False,False,False,False,False,True,False
2018-08-30,0050,buy_hold_daily_state_hold_reference,17.19344711303711,0.003438442047017931,0.4668863392770184,0.0,-0.20962211538690545,benchmark_features_adjusted_close_exact_reference,False,True,False,False,False,False,False,False,False,True,False
2018-08-31,0050,buy_hold_daily_state_hold_reference,17.07561492919922,-0.0068533193526121305,0.4568332987399688,-0.0068533193526121305,-0.20962211538690545,benchmark_features_adjusted_close_exact_reference,False,True,False,False,False,False,False,False,False,True,False
2018-09-03,0050,buy_hold_daily_state_hold_reference,16.977420806884766,-0.005750546772200993,0.448455710716265,-0.01256445579133092,-0.20962211538690545,benchmark_features_adjusted_close_exact_reference,False,True,False,False,False,False,False,False,False,True,False
2018-09-04,0050,buy_hold_daily_state_hold_reference,17.085432052612305,0.006362052690815023,0.45767086226815357,-0.006282338830291945,-0.20962211538690545,benchmark_features_adjusted_close_exact_reference,False,True,False,False,False,False,False,False,False,True,False
2018-09-05,0050,buy_hold_daily_state_hold_reference,17.085432052612305,0.0,0.45767086226815357,-0.006282338830291945,-0.20962211538690545,benchmark_features_adjusted_close_exact_reference,False,True,False,False,False,False,False,False,False,True,False
2018-09-06,0050,buy_hold_daily_state_hold_reference,16.98724365234375,-0.0057469076559607535,0.4492937624299138,-0.011993142465131501,-0.20962211538690545,benchmark_features_adjusted_close_exact_reference,False,True,False,False,False,False,False,False,False,True,False
2018-09-07,0050,buy_hold_daily_state_hold_reference,16.967605590820312,-0.0011560475569400985,0.44761830991656826,-0.013135325379024732,-0.20962211538690545,benchmark_features_adjusted_close_exact_reference,False,True,False,False,False,False,False,False,False,True,False
2018-09-10,0050,buy_hold_daily_state_hold_reference,16.889049530029297,-0.004629767021076647,0.4409161744062098,-0.017704278903850512,-0.20962211538690545,benchmark_features_adjusted_close_exact_reference,False,True,False,False,False,False,False,False,False,True,False
2018-09-11,0050,buy_hold_daily_state_hold_reference,16.820314407348633,-0.004069804079764872,0.4350519278810123,-0.021702030037103137,-0.20962211538690545,benchmark_features_adjusted_close_exact_reference,False,True,False,False,False,False,False,False,False,True,False
2018-09-12,0050,buy_hold_daily_state_hold_reference,16.800676345825195,-0.0011675204783839765,0.43337647536766677,-0.022844212950996257,-0.20962211538690545,benchmark_features_adjusted_close_exact_reference,False,True,False,False,False,False,False,False,False,True,False
2018-09-13,0050,buy_hold_daily_state_hold_reference,16.682844161987305,-0.007013538110754114,0.4233234348306172,-0.029697532303608498,-0.20962211538690545,benchmark_features_adjusted_close_exact_reference,False,True,False,False,False,False,False,False,False,True,False
2018-09-14,0050,buy_hold_daily_state_hold_reference,16.98724365234375,0.01824625869550678,0.4492937624299138,-0.011993142465131501,-0.20962211538690545,benchmark_features_adjusted_close_exact_reference,False,True,False,False,False,False,False,False,False,True,False
2018-09-17,0050,buy_hold_daily_state_hold_reference,16.85959243774414,-0.0075145336825728215,0.43840299563619145,-0.019417553274690302,-0.20962211538690545,benchmark_features_adjusted_close_exact_reference,False,True,False,False,False,False,False,False,False,True,False
2018-09-18,0050,buy_hold_daily_state_hold_reference,16.771221160888672,-0.005241602202531781,0.43086345932613646,-0.024557376387209673,-0.20962211538690545,benchmark_features_adjusted_close_exact_reference,False,True,False,False,False,False,False,False,False,True,False
2018-09-19,0050,buy_hold_daily_state_hold_reference,16.918506622314453,0.008782035608072336,0.4434293531762281,-0.015991004533010722,-0.20962211538690545,benchmark_features_adjusted_close_exact_reference,False,True,False,False,False,False,False,False,False,True,False
2018-09-20,0050,buy_hold_daily_state_hold_reference,16.86941146850586,-0.0029018609564416264,0.4392407218928642,-0.018846461817743743,-0.20962211538690545,benchmark_features_adjusted_close_exact_reference,False,True,False,False,False,False,False,False,False,True,False
2018-09-21,0050,buy_hold_daily_state_hold_reference,17.05597686767578,0.011059389921114215,0.45515784622662325,-0.007995502266505361,-0.20962211538690545,benchmark_features_adjusted_close_exact_reference,False,True,False,False,False,False,False,False,False,True,False
2018-09-25,0050,buy_hold_daily_state_hold_reference,17.105073928833008,0.0028785839438065786,0.4593466402384754,-0.0051399340471458554,-0.20962211538690545,benchmark_features_adjusted_close_exact_reference,False,True,False,False,False,False,False,False,False,True,False
2018-09-26,0050,buy_hold_daily_state_hold_reference,17.0657958984375,-0.0022962794875326376,0.45599557248329603,-0.007424410809558801,-0.20962211538690545,benchmark_features_adjusted_close_exact_reference,False,True,False,False,False,False,False,False,False,True,False
2018-09-27,0050,buy_hold_daily_state_hold_reference,17.15416717529297,0.005178268706680145,0.46353510879335125,-0.0022845876970392087,-0.20962211538690545,benchmark_features_adjusted_close_exact_reference,False,True,False,False,False,False,False,False,False,True,False
2018-09-28,0050,buy_hold_daily_state_hold_reference,17.0657958984375,-0.005151592377084291,0.45599557248329603,-0.007424410809558801,-0.20962211538690545,benchmark_features_adjusted_close_exact_reference,False,True,False,False,False,False,False,False,False,True,False
2018-10-01,0050,buy_hold_daily_state_hold_reference,17.15416717529297,0.005178268706680145,0.46353510879335125,-0.0022845876970392087,-0.20962211538690545,benchmark_features_adjusted_close_exact_reference,False,True,False,False,False,False,False,False,False,True,False
2018-10-02,0050,buy_hold_daily_state_hold_reference,16.89887237548828,-0.014882377978243544,0.4417542261198588,-0.017132965577650983,-0.20962211538690545,benchmark_features_adjusted_close_exact_reference,False,True,False,False,False,False,False,False,False,True,False
2018-10-03,0050,buy_hold_daily_state_hold_reference,16.87923240661621,-0.0011622058818882008,0.44007861087802524,-0.018275259426170587,-0.20962211538690545,benchmark_features_adjusted_close_exact_reference,False,True,False,False,False,False,False,False,False,True,False
2018-10-04,0050,buy_hold_daily_state_hold_reference,16.673025131225586,-0.012216626350247894,0.4224857085739444,-0.030268623760555058,-0.20962211538690545,benchmark_features_adjusted_close_exact_reference,False,True,False,False,False,False,False,False,False,True,False
2018-10-05,0050,buy_hold_daily_state_hold_reference,16.38827133178711,-0.0170787123030951,0.39819148440194563,-0.046830386946632996,-0.20962211538690545,benchmark_features_adjusted_close_exact_reference,False,True,False,False,False,False,False,False,False,True,False
2018-10-08,0050,buy_hold_daily_state_hold_reference,16.299898147583008,-0.005392465282942349,0.3906517853634024,-0.05197032099377896,-0.20962211538690545,benchmark_features_adjusted_close_exact_reference,False,True,False,False,False,False,False,False,False,True,False
2018-10-09,0050,buy_hold_daily_state_hold_reference,16.348997116088867,0.0030122254790370118,0.39484074210374254,-0.04911464183979297,-0.20962211538690545,benchmark_features_adjusted_close_exact_reference,False,True,False,False,False,False,False,False,False,True,False
2018-10-11,0050,buy_hold_daily_state_hold_reference,15.200145721435549,-0.07027045062738113,0.2968246546026818,-0.11593378445268943,-0.20962211538690545,benchmark_features_adjusted_close_exact_reference,False,True,False,False,False,False,False,False,False,True,False
2018-10-12,0050,buy_hold_daily_state_hold_reference,15.720561981201172,0.03423758359314433,0.3412247971202915,-0.08566549349601382,-0.20962211538690545,benchmark_features_adjusted_close_exact_reference,False,True,False,False,False,False,False,False,False,True,False
2018-10-15,0050,buy_hold_daily_state_hold_reference,15.55363655090332,-0.010618286451684278,0.32698328802836607,-0.09537415919873249,-0.20962211538690545,benchmark_features_adjusted_close_exact_reference,False,True,False,False,False,False,False,False,False,True,False
2018-10-16,0050,buy_hold_daily_state_hold_reference,15.573275566101074,0.0012626638878618923,0.32865882190595586,-0.09423192081752596,-0.20962211538690545,benchmark_features_adjusted_close_exact_reference,False,True,False,False,False,False,False,False,False,True,False
2018-10-17,0050,buy_hold_daily_state_hold_reference,15.592915534973145,0.0012611328161957758,0.33033443714778943,-0.09308962696900636,-0.20962211538690545,benchmark_features_adjusted_close_exact_reference,False,True,False,False,False,False,False,False,False,True,False
2018-10-18,0050,buy_hold_daily_state_hold_reference,15.543817520141602,-0.0031487385871757922,0.3261455617716933,-0.09594525065567916,-0.20962211538690545,benchmark_features_adjusted_close_exact_reference,False,True,False,False,False,False,False,False,False,True,False
2018-10-19,0050,buy_hold_daily_state_hold_reference,15.573275566101074,0.0018951615921443121,0.32865882190595586,-0.09423192081752596,-0.20962211538690545,benchmark_features_adjusted_close_exact_reference,False,True,False,False,False,False,False,False,False,True,False
2018-10-22,0050,buy_hold_daily_state_hold_reference,15.55363655090332,-0.0012610715783198945,0.32698328802836607,-0.09537415919873249,-0.20962211538690545,benchmark_features_adjusted_close_exact_reference,False,True,False,False,False,False,False,False,False,True,False
2018-10-23,0050,buy_hold_daily_state_hold_reference,15.268878936767578,-0.018308105194807633,0.30268873839939126,-0.11193614425406329,-0.20962211538690545,benchmark_features_adjusted_close_exact_reference,False,True,False,False,False,False,False,False,False,True,False
2018-10-24,0050,buy_hold_daily_state_hold_reference,15.200145721435549,-0.004501523367672955,0.2968246546026818,-0.11593378445268943,-0.20962211538690545,benchmark_features_adjusted_close_exact_reference,False,True,False,False,False,False,False,False,False,True,False
2018-10-25,0050,buy_hold_daily_state_hold_reference,14.82701587677002,-0.024547780758399806,0.26499048729940755,-0.1376356480878531,-0.20962211538690545,benchmark_features_adjusted_close_exact_reference,False,True,False,False,False,False,False,False,False,True,False
2018-10-26,0050,buy_hold_daily_state_hold_reference,14.807376861572266,-0.0013245426700138063,0.263314953421818,-0.13877788646905953,-0.20962211538690545,benchmark_features_adjusted_close_exact_reference,False,True,False,False,False,False,False,False,False,True,False
2018-10-29,0050,buy_hold_daily_state_hold_reference,14.876110076904297,0.004641822516883831,0.26917903721852743,-0.13478024627043328,-0.20962211538690545,benchmark_features_adjusted_close_exact_reference,False,True,False,False,False,False,False,False,False,True,False
2018-10-30,0050,buy_hold_daily_state_hold_reference,14.915385246276855,0.0026401504942836773,0.27252986088097453,-0.13249593590996012,-0.20962211538690545,benchmark_features_adjusted_close_exact_reference,False,True,False,False,False,False,False,False,False,True,False
2018-10-31,0050,buy_hold_daily_state_hold_reference,15.229602813720703,0.021066674595098478,0.29933783337270015,-0.11422051008184964,-0.20962211538690545,benchmark_features_adjusted_close_exact_reference,False,True,False,False,False,False,False,False,False,True,False
2018-11-01,0050,buy_hold_daily_state_hold_reference,15.396531105041504,0.010960777727598403,0.3135795865573576,-0.1045116779771913,-0.20962211538690545,benchmark_features_adjusted_close_exact_reference,False,True,False,False,False,False,False,False,False,True,False
2018-11-02,0050,buy_hold_daily_state_hold_reference,15.445629119873049,0.0031889010905494786,0.31776846193345376,-0.1016560542905186,-0.20962211538690545,benchmark_features_adjusted_close_exact_reference,False,True,False,False,False,False,False,False,False,True,False
2018-11-05,0050,buy_hold_daily_state_hold_reference,15.367076873779297,-0.005085726549829084,0.3110666518800713,-0.10622478594609153,-0.20962211538690545,benchmark_features_adjusted_close_exact_reference,False,True,False,False,False,False,False,False,False,True,False
2018-11-06,0050,buy_hold_daily_state_hold_reference,15.317978858947754,-0.0031950132894381644,0.3068777765039754,-0.10908040963276411,-0.20962211538690545,benchmark_features_adjusted_close_exact_reference,False,True,False,False,False,False,False,False,False,True,False
2018-11-07,0050,buy_hold_daily_state_hold_reference,15.396531105041504,0.005128107749532873,0.3135795865573576,-0.1045116779771913,-0.20962211538690545,benchmark_features_adjusted_close_exact_reference,False,True,False,False,False,False,False,False,False,True,False
2018-11-08,0050,buy_hold_daily_state_hold_reference,15.484902381896973,0.005739687482366307,0.3211191228674126,-0.09937185486467193,-0.20962211538690545,benchmark_features_adjusted_close_exact_reference,False,True,False,False,False,False,False,False,False,True,False
2018-11-09,0050,buy_hold_daily_state_hold_reference,15.278700828552246,-0.013316296626176505,0.30352670874879606,-0.11136488639517705,-0.20962211538690545,benchmark_features_adjusted_close_exact_reference,False,True,False,False,False,False,False,False,False,True,False
2018-11-12,0050,buy_hold_daily_state_hold_reference,15.317978858947754,0.002570770305424519,0.3068777765039754,-0.10908040963276411,-0.20962211538690545,benchmark_features_adjusted_close_exact_reference,False,True,False,False,False,False,False,False,False,True,False
2018-11-13,0050,buy_hold_daily_state_hold_reference,15.141227722167969,-0.01153880276290753,0.2917979716056689,-0.11936055506362198,-0.20962211538690545,benchmark_features_adjusted_close_exact_reference,False,True,False,False,False,False,False,False,False,True,False
2018-11-14,0050,buy_hold_daily_state_hold_reference,15.190325736999512,0.003242670656069757,0.2959868469817648,-0.1165049313769494,-0.20962211538690545,benchmark_features_adjusted_close_exact_reference,False,True,False,False,False,False,False,False,False,True,False
2018-11-15,0050,buy_hold_daily_state_hold_reference,15.239422798156738,0.0032321269475901193,0.30017564099361693,-0.11364936315758989,-0.20962211538690545,benchmark_features_adjusted_close_exact_reference,False,True,False,False,False,False,False,False,False,True,False
2018-11-16,0050,buy_hold_daily_state_hold_reference,15.111773490905762,-0.008376256039462127,0.2892850369283826,-0.1210736630325222,-0.20962211538690545,benchmark_features_adjusted_close_exact_reference,False,True,False,False,False,False,False,False,False,True,False
2018-11-19,0050,buy_hold_daily_state_hold_reference,15.062673568725586,-0.0032491171343802527,0.28509599882379844,-0.12392939765382138,-0.20962211538690545,benchmark_features_adjusted_close_exact_reference,False,True,False,False,False,False,False,False,False,True,False
2018-11-20,0050,buy_hold_daily_state_hold_reference,14.925207138061523,-0.009126296871325823,0.27336783123037955,-0.13192467805107377,-0.20962211538690545,benchmark_features_adjusted_close_exact_reference,False,True,False,False,False,False,False,False,False,True,False
2018-11-21,0050,buy_hold_daily_state_hold_reference,14.925207138061523,0.0,0.27336783123037955,-0.13192467805107377,-0.20962211538690545,benchmark_features_adjusted_close_exact_reference,False,True,False,False,False,False,False,False,False,True,False
2018-11-22,0050,buy_hold_daily_state_hold_reference,14.846651077270508,-0.005263314610266634,0.2666656957200211,-0.13649363157589955,-0.20962211538690545,benchmark_features_adjusted_close_exact_reference,False,True,False,False,False,False,False,False,False,True,False
2018-11-23,0050,buy_hold_daily_state_hold_reference,14.797558784484863,-0.003306624000937286,0.2624773085293892,-0.1393489224586929,-0.20962211538690545,benchmark_features_adjusted_close_exact_reference,False,True,False,False,False,False,False,False,False,True,False
2018-11-26,0050,buy_hold_daily_state_hold_reference,14.95466423034668,0.010616984068111401,0.2758810100003979,-0.13021140368023398,-0.20962211538690545,benchmark_features_adjusted_close_exact_reference,False,True,False,False,False,False,False,False,False,True,False
2018-11-27,0050,buy_hold_daily_state_hold_reference,14.935028076171877,-0.0013130454734621155,0.27420572021554057,-0.13135347565950062,-0.20962211538690545,benchmark_features_adjusted_close_exact_reference,False,True,False,False,False,False,False,False,False,True,False
2018-11-28,0050,buy_hold_daily_state_hold_reference,15.101950645446776,0.011176582221577247,0.28844698521473355,-0.12164497635872173,-0.20962211538690545,benchmark_features_adjusted_close_exact_reference,False,True,False,False,False,False,False,False,False,True,False
2018-11-29,0050,buy_hold_daily_state_hold_reference,15.131413459777832,0.0019509277326330565,0.2909606521702164,-0.11993136918400249,-0.20962211538690545,benchmark_features_adjusted_close_exact_reference,False,True,False,False,False,False,False,False,False,True,False
2018-11-30,0050,buy_hold_daily_state_hold_reference,15.07249641418457,-0.00389369081413804,0.28593405053744747,-0.12335808432762185,-0.20962211538690545,benchmark_features_adjusted_close_exact_reference,False,True,False,False,False,False,False,False,False,True,False
2018-12-03,0050,buy_hold_daily_state_hold_reference,15.475083351135254,0.026710037003015108,0.32028139661073984,-0.09994294632161849,-0.20962211538690545,benchmark_features_adjusted_close_exact_reference,False,True,False,False,False,False,False,False,False,True,False
2018-12-04,0050,buy_hold_daily_state_hold_reference,15.367076873779297,-0.006979379361341742,0.3110666518800713,-0.10622478594609153,-0.20962211538690545,benchmark_features_adjusted_close_exact_reference,False,True,False,False,False,False,False,False,False,True,False
2018-12-05,0050,buy_hold_daily_state_hold_reference,15.052854537963867,-0.020447762342595155,0.28425827256712566,-0.12450048911076794,-0.20962211538690545,benchmark_features_adjusted_close_exact_reference,False,True,False,False,False,False,False,False,False,True,False
2018-12-06,0050,buy_hold_daily_state_hold_reference,14.74846363067627,-0.02022147404134622,0.25828867724602533,-0.14220437974342592,-0.20962211538690545,benchmark_features_adjusted_close_exact_reference,False,True,False,False,False,False,False,False,False,True,False
2018-12-07,0050,buy_hold_daily_state_hold_reference,14.817194938659668,0.00466023510682434,0.26415259831424676,-0.13820685047942616,-0.20962211538690545,benchmark_features_adjusted_close_exact_reference,False,True,False,False,False,False,False,False,False,True,False
2018-12-10,0050,buy_hold_daily_state_hold_reference,14.620810508728027,-0.013253819683457957,0.24739774772381495,-0.1496289014876111,-0.20962211538690545,benchmark_features_adjusted_close_exact_reference,False,True,False,False,False,False,False,False,False,True,False
2018-12-11,0050,buy_hold_daily_state_hold_reference,14.738640785217283,0.008059079653546908,0.2574506255323763,-0.14277569306962545,-0.20962211538690545,benchmark_features_adjusted_close_exact_reference,False,True,False,False,False,False,False,False,False,True,False
2018-12-12,0050,buy_hold_daily_state_hold_reference,14.964485168457031,0.015323284319831432,0.2767188989855587,-0.12964020128866094,-0.20962211538690545,benchmark_features_adjusted_close_exact_reference,False,True,False,False,False,False,False,False,False,True,False
2018-12-13,0050,buy_hold_daily_state_hold_reference,14.984124183654783,0.001312374931490945,0.27839443286314824,-0.12849796290745463,-0.20962211538690545,benchmark_features_adjusted_close_exact_reference,False,True,False,False,False,False,False,False,False,True,False
2018-12-14,0050,buy_hold_daily_state_hold_reference,14.797558784484863,-0.012450871127551943,0.2624773085293892,-0.1393489224586929,-0.20962211538690545,benchmark_features_adjusted_close_exact_reference,False,True,False,False,False,False,False,False,False,True,False
2018-12-17,0050,buy_hold_daily_state_hold_reference,14.915385246276855,0.007962560818851605,0.27252986088097453,-0.13249593590996012,-0.20962211538690545,benchmark_features_adjusted_close_exact_reference,False,True,False,False,False,False,False,False,False,True,False
2018-12-18,0050,buy_hold_daily_state_hold_reference,14.78774070739746,-0.008557910960513615,0.26163966363696045,-0.1399199584483264,-0.20962211538690545,benchmark_features_adjusted_close_exact_reference,False,True,False,False,False,False,False,False,False,True,False
2018-12-19,0050,buy_hold_daily_state_hold_reference,14.90557098388672,0.007968105393565406,0.27169254144552224,-0.1330667500303404,-0.20962211538690545,benchmark_features_adjusted_close_exact_reference,False,True,False,False,False,False,False,False,False,True,False
2018-12-20,0050,buy_hold_daily_state_hold_reference,14.738640785217283,-0.011199181758947185,0.2574506255323763,-0.14277569306962545,-0.20962211538690545,benchmark_features_adjusted_close_exact_reference,False,True,False,False,False,False,False,False,False,True,False
2018-12-21,0050,buy_hold_daily_state_hold_reference,14.768099784851074,0.0019987595914094936,0.25996396703088287,-0.14106230776415918,-0.20962211538690545,benchmark_features_adjusted_close_exact_reference,False,True,False,False,False,False,False,False,False,True,False
2018-12-24,0050,buy_hold_daily_state_hold_reference,14.669906616210938,-0.006649004954642934,0.25158646037142285,-0.1467733887355649,-0.20962211538690545,benchmark_features_adjusted_close_exact_reference,False,True,False,False,False,False,False,False,False,True,False
2018-12-25,0050,buy_hold_daily_state_hold_reference,14.483343124389648,-0.01271742872685555,0.23566949876615184,-0.1576242373521768,-0.20962211538690545,benchmark_features_adjusted_close_exact_reference,False,True,False,False,False,False,False,False,False,True,False
2018-12-26,0050,buy_hold_daily_state_hold_reference,14.44406509399414,-0.002711945029415519,0.23231843101097271,-0.15990871411458962,-0.20962211538690545,benchmark_features_adjusted_close_exact_reference,False,True,False,False,False,False,False,False,False,True,False
2018-12-27,0050,buy_hold_daily_state_hold_reference,14.738640785217283,0.02039423730827883,0.2574506255323763,-0.14277569306962545,-0.20962211538690545,benchmark_features_adjusted_close_exact_reference,False,True,False,False,False,False,False,False,False,True,False
2018-12-28,0050,buy_hold_daily_state_hold_reference,14.82701587677002,0.005996149362794467,0.26499048729940755,-0.1376356480878531,-0.20962211538690545,benchmark_features_adjusted_close_exact_reference,False,True,False,False,False,False,False,False,False,True,False
2019-01-02,0050,buy_hold_daily_state_hold_reference,14.542261123657228,-0.019205129034691737,0.24069618176316498,-0.15419746674124413,-0.20962211538690545,benchmark_features_adjusted_close_exact_reference,False,True,False,False,False,False,False,False,False,True,False
2019-01-03,0050,buy_hold_daily_state_hold_reference,14.40478801727295,-0.00945335152596316,0.2289674446200376,-0.16219313540968927,-0.20962211538690545,benchmark_features_adjusted_close_exact_reference,False,True,False,False,False,False,False,False,False,True,False
2019-01-04,0050,buy_hold_daily_state_hold_reference,14.17894458770752,-0.015678358424616734,0.20969925253109922,-0.1753285717233406,-0.20962211538690545,benchmark_features_adjusted_close_exact_reference,False,True,False,False,False,False,False,False,False,True,False
2019-01-07,0050,buy_hold_daily_state_hold_reference,14.522619247436523,0.024238380903678358,0.23902040379284295,-0.15533987152439044,-0.20962211538690545,benchmark_features_adjusted_close_exact_reference,False,True,False,False,False,False,False,False,False,True,False
2019-01-08,0050,buy_hold_daily_state_hold_reference,14.463706016540527,-0.004056653272542121,0.2339941276170503,-0.15876636479875683,-0.20962211538690545,benchmark_features_adjusted_close_exact_reference,False,True,False,False,False,False,False,False,False,True,False
2019-01-09,0050,buy_hold_daily_state_hold_reference,14.728821754455566,0.01832972390422305,0.25661289927570374,-0.1433467845265719,-0.20962211538690545,benchmark_features_adjusted_close_exact_reference,False,True,False,False,False,False,False,False,False,True,False
2019-01-10,0050,buy_hold_daily_state_hold_reference,14.689547538757324,-0.00266648726917762,0.25326215697750065,-0.145631039419732,-0.20962211538690545,benchmark_features_adjusted_close_exact_reference,False,True,False,False,False,False,False,False,False,True,False
2019-01-11,0050,buy_hold_daily_state_hold_reference,14.82701587677002,0.009358241814459989,0.26499048729940755,-0.1376356480878531,-0.20962211538690545,benchmark_features_adjusted_close_exact_reference,False,True,False,False,False,False,False,False,False,True,False
2019-01-14,0050,buy_hold_daily_state_hold_reference,14.728821754455566,-0.006622649030024741,0.25661289927570374,-0.1433467845265719,-0.20962211538690545,benchmark_features_adjusted_close_exact_reference,False,True,False,False,False,False,False,False,False,True,False
2019-01-15,0050,buy_hold_daily_state_hold_reference,14.85647678375244,0.008667022483197284,0.2675039915264019,-0.13592215184776058,-0.20962211538690545,benchmark_features_adjusted_close_exact_reference,False,True,False,False,False,False,False,False,False,True,False
2019-01-16,0050,buy_hold_daily_state_hold_reference,14.836835861206056,-0.0013220444411061738,0.26582829492032456,-0.13706450116359314,-0.20962211538690545,benchmark_features_adjusted_close_exact_reference,False,True,False,False,False,False,False,False,False,True,False
2019-01-17,0050,buy_hold_daily_state_hold_reference,14.836835861206056,0.0,0.26582829492032456,-0.13706450116359314,-0.20962211538690545,benchmark_features_adjusted_close_exact_reference,False,True,False,False,False,False,False,False,False,True,False
2019-01-18,0050,buy_hold_daily_state_hold_reference,14.915385246276855,0.005294214063268132,0.27252986088097453,-0.13249593590996012,-0.20962211538690545,benchmark_features_adjusted_close_exact_reference,False,True,False,False,False,False,False,False,False,True,False
2019-01-21,0050,buy_hold_daily_state_hold_reference,15.023401260375977,0.007241919153652798,0.2817454192540836,-0.12621354161235487,-0.20962211538690545,benchmark_features_adjusted_close_exact_reference,False,True,False,False,False,False,False,False,False,True,False
2019-01-22,0050,buy_hold_daily_state_hold_reference,14.99303150177002,-0.002021496868758854,0.2791543749025154,-0.12797989820194944,-0.20962211538690545,benchmark_features_adjusted_close_exact_reference,False,True,False,False,False,False,False,False,False,True,False
2019-01-23,0050,buy_hold_daily_state_hold_reference,14.922163009643556,-0.0047267620372902774,0.2731081165633926,-0.13210172971488232,-0.20962211538690545,benchmark_features_adjusted_close_exact_reference,False,True,False,False,False,False,False,False,False,True,False
2019-01-24,0050,buy_hold_daily_state_hold_reference,14.99303150177002,0.00474921042483345,0.2791543749025154,-0.12797989820194944,-0.20962211538690545,benchmark_features_adjusted_close_exact_reference,False,True,False,False,False,False,False,False,False,True,False
2019-01-25,0050,buy_hold_daily_state_hold_reference,15.185378074645996,0.012829064812761137,0.2955647292836667,-0.1167926957979516,-0.20962211538690545,benchmark_features_adjusted_close_exact_reference,False,True,False,False,False,False,False,False,False,True,False
2019-01-28,0050,buy_hold_daily_state_hold_reference,15.215746879577637,0.001999871506811246,0.2981556922709907,-0.11502639467567044,-0.20962211538690545,benchmark_features_adjusted_close_exact_reference,False,True,False,False,False,False,False,False,False,True,False
2019-01-29,0050,buy_hold_daily_state_hold_reference,15.084138870239258,-0.008649461007728898,0.28692734522873153,-0.12268093936779245,-0.20962211538690545,benchmark_features_adjusted_close_exact_reference,False,True,False,False,False,False,False,False,False,True,False
2019-01-30,0050,buy_hold_daily_state_hold_reference,15.053772926330566,-0.0020131042394870846,0.2843366263341396,-0.12444707408813405,-0.20962211538690545,benchmark_features_adjusted_close_exact_reference,False,True,False,False,False,False,False,False,False,True,False
2019-02-11,0050,buy_hold_daily_state_hold_reference,15.215746879577637,0.010759691543092309,0.2981556922709907,-0.11502639467567044,-0.20962211538690545,benchmark_features_adjusted_close_exact_reference,False,True,False,False,False,False,False,False,False,True,False
2019-02-12,0050,buy_hold_daily_state_hold_reference,15.316986083984377,0.006653581004467224,0.3067930763259261,-0.10913815110582947,-0.20962211538690545,benchmark_features_adjusted_close_exact_reference,False,True,False,False,False,False,False,False,False,True,False
2019-02-13,0050,buy_hold_daily_state_hold_reference,15.286613464355469,-0.001982937077984692,0.30420178788162566,-0.11090467409736382,-0.20962211538690545,benchmark_features_adjusted_close_exact_reference,False,True,False,False,False,False,False,False,False,True,False
2019-02-14,0050,buy_hold_daily_state_hold_reference,15.23599338531494,-0.003311399163625217,0.29988305517203595,-0.11384882361594084,-0.20962211538690545,benchmark_features_adjusted_close_exact_reference,False,True,False,False,False,False,False,False,False,True,False
2019-02-15,0050,buy_hold_daily_state_hold_reference,15.1954984664917,-0.002657845655293589,0.2964281666414572,-0.11620407667002652,-0.20962211538690545,benchmark_features_adjusted_close_exact_reference,False,True,False,False,False,False,False,False,False,True,False
2019-02-18,0050,buy_hold_daily_state_hold_reference,15.316986083984377,0.007994974153732182,0.3067930763259261,-0.10913815110582947,-0.20962211538690545,benchmark_features_adjusted_close_exact_reference,False,True,False,False,False,False,False,False,False,True,False
2019-02-19,0050,buy_hold_daily_state_hold_reference,15.286613464355469,-0.001982937077984692,0.30420178788162566,-0.11090467409736382,-0.20962211538690545,benchmark_features_adjusted_close_exact_reference,False,True,False,False,False,False,False,False,False,True,False
2019-02-20,0050,buy_hold_daily_state_hold_reference,15.458710670471191,0.011258033475956664,0.3188845352689995,-0.10089520915503536,-0.20962211538690545,benchmark_features_adjusted_close_exact_reference,False,True,False,False,False,False,False,False,False,True,False
2019-02-21,0050,buy_hold_daily_state_hold_reference,15.610562324523926,0.009823047813605656,0.3318400011195719,-0.09206325980512342,-0.20962211538690545,benchmark_features_adjusted_close_exact_reference,False,True,False,False,False,False,False,False,False,True,False
2019-02-22,0050,buy_hold_daily_state_hold_reference,15.580199241638184,-0.0019450345384446344,0.3292495263177122,-0.09382922812352523,-0.20962211538690545,benchmark_features_adjusted_close_exact_reference,False,True,False,False,False,False,False,False,False,True,False
2019-02-25,0050,buy_hold_daily_state_hold_reference,15.691557884216309,0.007147446630882515,0.3387502663661939,-0.08735242089307249,-0.20962211538690545,benchmark_features_adjusted_close_exact_reference,False,True,False,False,False,False,False,False,False,True,False
2019-02-26,0050,buy_hold_daily_state_hold_reference,15.732049942016602,0.002580499533511693,0.3422049108040406,-0.08499733424092648,-0.20962211538690545,benchmark_features_adjusted_close_exact_reference,False,True,False,False,False,False,False,False,False,True,False
2019-02-27,0050,buy_hold_daily_state_hold_reference,15.72192668914795,-0.0006434795786921521,0.34134122935351785,-0.08558611977079134,-0.20962211538690545,benchmark_features_adjusted_close_exact_reference,False,True,False,False,False,False,False,False,False,True,False
2019-03-04,0050,buy_hold_daily_state_hold_reference,15.580199241638184,-0.0090146360755895,0.3292495263177122,-0.09382922812352523,-0.20962211538690545,benchmark_features_adjusted_close_exact_reference,False,True,False,False,False,False,False,False,False,True,False
2019-03-05,0050,buy_hold_daily_state_hold_reference,15.539703369140623,-0.0025991883588584175,0.32579455642288924,-0.09618453664492421,-0.20962211538690545,benchmark_features_adjusted_close_exact_reference,False,True,False,False,False,False,False,False,False,True,False
2019-03-06,0050,buy_hold_daily_state_hold_reference,15.580199241638184,0.0026059617442877325,0.3292495263177122,-0.09382922812352523,-0.20962211538690545,benchmark_features_adjusted_close_exact_reference,False,True,False,False,False,False,False,False,False,True,False
2019-03-07,0050,buy_hold_daily_state_hold_reference,15.519455909729004,-0.0038987519329561904,0.3240671121576,-0.097362163171967,-0.20962211538690545,benchmark_features_adjusted_close_exact_reference,False,True,False,False,False,False,False,False,False,True,False
2019-03-08,0050,buy_hold_daily_state_hold_reference,15.387850761413574,-0.008480010451457076,0.31283900920807284,-0.10501654146214945,-0.20962211538690545,benchmark_features_adjusted_close_exact_reference,False,True,False,False,False,False,False,False,False,True,False
2019-03-11,0050,buy_hold_daily_state_hold_reference,15.418216705322266,0.001973371355071585,0.3154297281026648,-0.10325040674180774,-0.20962211538690545,benchmark_features_adjusted_close_exact_reference,False,True,False,False,False,False,False,False,False,True,False
2019-03-12,0050,buy_hold_daily_state_hold_reference,15.64093780517578,0.014445321667883482,0.33443153365660416,-0.09029657041164962,-0.20962211538690545,benchmark_features_adjusted_close_exact_reference,False,True,False,False,False,False,False,False,False,True,False
2019-03-13,0050,buy_hold_daily_state_hold_reference,15.610562324523926,-0.0019420498329583147,0.3318400011195719,-0.09206325980512342,-0.20962211538690545,benchmark_features_adjusted_close_exact_reference,False,True,False,False,False,False,False,False,False,True,False
2019-03-14,0050,buy_hold_daily_state_hold_reference,15.600445747375488,-0.0006480597519888942,0.3309768892187577,-0.09265165706379552,-0.20962211538690545,benchmark_features_adjusted_close_exact_reference,False,True,False,False,False,False,False,False,False,True,False
2019-03-15,0050,buy_hold_daily_state_hold_reference,15.711804389953612,0.007138170561367341,0.3404776292672391,-0.086174849833343,-0.20962211538690545,benchmark_features_adjusted_close_exact_reference,False,True,False,False,False,False,False,False,False,True,False
2019-03-18,0050,buy_hold_daily_state_hold_reference,15.81303596496582,0.006443026688706555,0.34911436240822225,-0.08028705000200775,-0.20962211538690545,benchmark_features_adjusted_close_exact_reference,False,True,False,False,False,False,False,False,False,True,False
2019-03-19,0050,buy_hold_daily_state_hold_reference,15.87378215789795,0.003841526261415762,0.3542970206610665,-0.07675394855162643,-0.20962211538690545,benchmark_features_adjusted_close_exact_reference,False,True,False,False,False,False,False,False,False,True,False
2019-03-20,0050,buy_hold_daily_state_hold_reference,15.89402675628662,0.001275348129846865,0.35602422083362373,-0.07557648842652331,-0.20962211538690545,benchmark_features_adjusted_close_exact_reference,False,True,False,False,False,False,False,False,False,True,False
2019-03-21,0050,buy_hold_daily_state_hold_reference,16.025632858276367,0.008280224011683712,0.3672524051473951,-0.06792205466902757,-0.20962211538690545,benchmark_features_adjusted_close_exact_reference,False,True,False,False,False,False,False,False,False,True,False
2019-03-22,0050,buy_hold_daily_state_hold_reference,16.066125869750977,0.002526765203765269,0.3707071309494858,-0.06556691254956826,-0.20962211538690545,benchmark_features_adjusted_close_exact_reference,False,True,False,False,False,False,False,False,False,True,False
2019-03-25,0050,buy_hold_daily_state_hold_reference,15.823163986206056,-0.015122617954983486,0.34997845067996525,-0.07969798713557674,-0.20962211538690545,benchmark_features_adjusted_close_exact_reference,False,True,False,False,False,False,False,False,False,True,False
2019-03-26,0050,buy_hold_daily_state_hold_reference,15.924400329589844,0.00639798358103616,0.3586155906421682,-0.07380990996767578,-0.20962211538690545,benchmark_features_adjusted_close_exact_reference,False,True,False,False,False,False,False,False,False,True,False
2019-03-27,0050,buy_hold_daily_state_hold_reference,15.89402675628662,-0.0019073605708583852,0.35602422083362373,-0.07557648842652331,-0.20962211538690545,benchmark_features_adjusted_close_exact_reference,False,True,False,False,False,False,False,False,False,True,False
2019-03-28,0050,buy_hold_daily_state_hold_reference,15.89402675628662,0.0,0.35602422083362373,-0.07557648842652331,-0.20962211538690545,benchmark_features_adjusted_close_exact_reference,False,True,False,False,False,False,False,False,False,True,False
2019-03-29,0050,buy_hold_daily_state_hold_reference,16.025632858276367,0.008280224011683712,0.3672524051473951,-0.06792205466902757,-0.20962211538690545,benchmark_features_adjusted_close_exact_reference,False,True,False,False,False,False,False,False,False,True,False
2019-04-01,0050,buy_hold_daily_state_hold_reference,16.1673641204834,0.00884403526902422,0.3793444336401768,-0.05967872444704081,-0.20962211538690545,benchmark_features_adjusted_close_exact_reference,False,True,False,False,False,False,False,False,False,True,False
2019-04-02,0050,buy_hold_daily_state_hold_reference,16.228105545043945,0.003757039434993059,0.384526685071801,-0.05614590033322542,-0.20962211538690545,benchmark_features_adjusted_close_exact_reference,False,True,False,False,False,False,False,False,False,True,False
2019-04-03,0050,buy_hold_daily_state_hold_reference,16.228105545043945,0.0,0.384526685071801,-0.05614590033322542,-0.20962211538690545,benchmark_features_adjusted_close_exact_reference,False,True,False,False,False,False,False,False,False,True,False
2019-04-08,0050,buy_hold_daily_state_hold_reference,16.37995719909668,0.009357324774062148,0.3974821509223736,-0.04731395098331337,-0.20962211538690545,benchmark_features_adjusted_close_exact_reference,False,True,False,False,False,False,False,False,False,True,False
2019-04-09,0050,buy_hold_daily_state_hold_reference,16.4811954498291,0.006180617537755451,0.4061194536130648,-0.0414257628807857,-0.20962211538690545,benchmark_features_adjusted_close_exact_reference,False,True,False,False,False,False,False,False,False,True,False
2019-04-10,0050,buy_hold_daily_state_hold_reference,16.50143814086914,0.0012282295359982154,0.407846491057134,-0.04024841369030896,-0.20962211538690545,benchmark_features_adjusted_close_exact_reference,False,True,False,False,False,False,False,False,False,True,False
2019-04-11,0050,buy_hold_daily_state_hold_reference,16.43057632446289,-0.00429428124999276,0.4018008022677191,-0.044369856932049645,-0.20962211538690545,benchmark_features_adjusted_close_exact_reference,False,True,False,False,False,False,False,False,False,True,False
2019-04-12,0050,buy_hold_daily_state_hold_reference,16.420455932617188,-0.0006159486828611893,0.4009373649099286,-0.04495847605997472,-0.20962211538690545,benchmark_features_adjusted_close_exact_reference,False,True,False,False,False,False,False,False,False,True,False
2019-04-15,0050,buy_hold_daily_state_hold_reference,16.572309494018555,0.009247828563622829,0.413892993488989,-0.036126415775436405,-0.20962211538690545,benchmark_features_adjusted_close_exact_reference,False,True,False,False,False,False,False,False,False,True,False
2019-04-16,0050,buy_hold_daily_state_hold_reference,16.6229248046875,0.003054209836427013,0.41821131937735845,-0.03318254359342543,-0.20962211538690545,benchmark_features_adjusted_close_exact_reference,False,True,False,False,False,False,False,False,False,True,False
2019-04-17,0050,buy_hold_daily_state_hold_reference,16.75452995300293,0.007917087387552701,0.4294394223268856,-0.02552816530324309,-0.20962211538690545,benchmark_features_adjusted_close_exact_reference,False,True,False,False,False,False,False,False,False,True,False
2019-04-18,0050,buy_hold_daily_state_hold_reference,16.744409561157227,-0.0006040391389129374,0.4285759849690951,-0.02611678443116816,-0.20962211538690545,benchmark_features_adjusted_close_exact_reference,False,True,False,False,False,False,False,False,False,True,False
2019-04-19,0050,buy_hold_daily_state_hold_reference,16.76465606689453,0.0012091501741733346,0.43030334787014035,-0.024939213371438562,-0.20962211538690545,benchmark_features_adjusted_close_exact_reference,False,True,False,False,False,False,False,False,False,True,False
2019-04-22,0050,buy_hold_daily_state_hold_reference,16.744409561157227,-0.0012076898957257276,0.4285759849690951,-0.02611678443116816,-0.20962211538690545,benchmark_features_adjusted_close_exact_reference,False,True,False,False,False,False,False,False,False,True,False
2019-04-23,0050,buy_hold_daily_state_hold_reference,16.815275192260742,0.004232196473974659,0.43462199921548605,-0.021995119320174727,-0.20962211538690545,benchmark_features_adjusted_close_exact_reference,False,True,False,False,False,False,False,False,False,True,False
2019-04-24,0050,buy_hold_daily_state_hold_reference,16.845645904541016,0.0018061382839724693,0.43721312493129805,-0.020228707263267087,-0.20962211538690545,benchmark_features_adjusted_close_exact_reference,False,True,False,False,False,False,False,False,False,True,False
2019-04-25,0050,buy_hold_daily_state_hold_reference,16.88614273071289,0.002403993672985827,0.440668176190365,-0.01787334327455492,-0.20962211538690545,benchmark_features_adjusted_close_exact_reference,False,True,False,False,False,False,False,False,False,True,False
2019-04-26,0050,buy_hold_daily_state_hold_reference,16.69379234313965,-0.011391019881846098,0.42425749635223764,-0.02906076754780551,-0.20962211538690545,benchmark_features_adjusted_close_exact_reference,False,True,False,False,False,False,False,False,False,True,False
2019-04-29,0050,buy_hold_daily_state_hold_reference,16.76465606689453,0.0042449146543988014,0.43030334787014035,-0.024939213371438562,-0.20962211538690545,benchmark_features_adjusted_close_exact_reference,False,True,False,False,False,False,False,False,False,True,False
2019-04-30,0050,buy_hold_daily_state_hold_reference,16.76465606689453,0.0,0.43030334787014035,-0.024939213371438562,-0.20962211538690545,benchmark_features_adjusted_close_exact_reference,False,True,False,False,False,False,False,False,False,True,False
2019-05-02,0050,buy_hold_daily_state_hold_reference,16.805145263671875,0.0024151522474296083,0.43375774821525503,-0.022584293121232113,-0.20962211538690545,benchmark_features_adjusted_close_exact_reference,False,True,False,False,False,False,False,False,False,True,False
2019-05-03,0050,buy_hold_daily_state_hold_reference,16.957006454467773,0.009036588997786366,0.44671402770826796,-0.013751789098187861,-0.20962211538690545,benchmark_features_adjusted_close_exact_reference,False,True,False,False,False,False,False,False,False,True,False
2019-05-06,0050,buy_hold_daily_state_hold_reference,16.66341781616211,-0.01731370682048128,0.42166604517944917,-0.03082740147396623,-0.20962211538690545,benchmark_features_adjusted_close_exact_reference,False,True,False,False,False,False,False,False,False,True,False
2019-05-07,0050,buy_hold_daily_state_hold_reference,16.835519790649414,0.010328131742599611,0.4363491993880433,-0.020817659195071614,-0.20962211538690545,benchmark_features_adjusted_close_exact_reference,False,True,False,False,False,False,False,False,False,True,False
2019-05-08,0050,buy_hold_daily_state_hold_reference,16.71403694152832,-0.007215865659732534,0.42598469652479487,-0.027883307422702286,-0.20962211538690545,benchmark_features_adjusted_close_exact_reference,False,True,False,False,False,False,False,False,False,True,False
2019-05-09,0050,buy_hold_daily_state_hold_reference,16.511571884155273,-0.012113474325882057,0.40871106751434105,-0.039659018019998826,-0.20962211538690545,benchmark_features_adjusted_close_exact_reference,False,True,False,False,False,False,False,False,False,True,False
2019-05-10,0050,buy_hold_daily_state_hold_reference,16.50143814086914,-0.0006137358306786966,0.407846491057134,-0.04024841369030896,-0.20962211538690545,benchmark_features_adjusted_close_exact_reference,False,True,False,False,False,False,False,False,False,True,False
2019-05-13,0050,buy_hold_daily_state_hold_reference,16.228105545043945,-0.016564168134426516,0.384526685071801,-0.05614590033322542,-0.20962211538690545,benchmark_features_adjusted_close_exact_reference,False,True,False,False,False,False,False,False,False,True,False
2019-05-14,0050,buy_hold_daily_state_hold_reference,16.126869201660156,-0.006238334049700978,0.37588954510959804,-0.06203397750112649,-0.20962211538690545,benchmark_features_adjusted_close_exact_reference,False,True,False,False,False,False,False,False,False,True,False
2019-05-15,0050,buy_hold_daily_state_hold_reference,16.14711570739746,0.0012554517237122198,0.3776169080106435,-0.06085640644139678,-0.20962211538690545,benchmark_features_adjusted_close_exact_reference,False,True,False,False,False,False,False,False,False,True,False
2019-05-16,0050,buy_hold_daily_state_hold_reference,16.005386352539062,-0.008777379033301114,0.36552504224634963,-0.06909962572875727,-0.20962211538690545,benchmark_features_adjusted_close_exact_reference,False,True,False,False,False,False,False,False,False,True,False
2019-05-17,0050,buy_hold_daily_state_hold_reference,15.843414306640623,-0.010119846052497494,0.35170613903798653,-0.0785201942065944,-0.20962211538690545,benchmark_features_adjusted_close_exact_reference,False,True,False,False,False,False,False,False,False,True,False
2019-05-20,0050,buy_hold_daily_state_hold_reference,15.833287239074709,-0.000639197294845073,0.350842132130488,-0.07910920160571189,-0.20962211538690545,benchmark_features_adjusted_close_exact_reference,False,True,False,False,False,False,False,False,False,True,False
2019-05-21,0050,buy_hold_daily_state_hold_reference,15.87378215789795,0.0025575812660876274,0.3542970206610665,-0.07675394855162643,-0.20962211538690545,benchmark_features_adjusted_close_exact_reference,False,True,False,False,False,False,False,False,False,True,False
2019-05-22,0050,buy_hold_daily_state_hold_reference,15.87378215789795,0.0,0.3542970206610665,-0.07675394855162643,-0.20962211538690545,benchmark_features_adjusted_close_exact_reference,False,True,False,False,False,False,False,False,False,True,False
2019-05-23,0050,buy_hold_daily_state_hold_reference,15.580199241638184,-0.01849483086887993,0.3292495263177122,-0.09382922812352523,-0.20962211538690545,benchmark_features_adjusted_close_exact_reference,False,True,False,False,False,False,False,False,False,True,False
2019-05-24,0050,buy_hold_daily_state_hold_reference,15.661184310913086,0.005197948243079509,0.33615889655764963,-0.08911899935191991,-0.20962211538690545,benchmark_features_adjusted_close_exact_reference,False,True,False,False,False,False,False,False,False,True,False
2019-05-27,0050,buy_hold_daily_state_hold_reference,15.62069034576416,-0.0025856259874745824,0.3327040893913149,-0.09147419693869241,-0.20962211538690545,benchmark_features_adjusted_close_exact_reference,False,True,False,False,False,False,False,False,False,True,False
2019-05-28,0050,buy_hold_daily_state_hold_reference,15.610562324523926,-0.0006483721920126362,0.3318400011195719,-0.09206325980512342,-0.20962211538690545,benchmark_features_adjusted_close_exact_reference,False,True,False,False,False,False,False,False,False,True,False
2019-05-29,0050,buy_hold_daily_state_hold_reference,15.539703369140623,-0.004539167386173215,0.32579455642288924,-0.09618453664492421,-0.20962211538690545,benchmark_features_adjusted_close_exact_reference,False,True,False,False,False,False,False,False,False,True,False
2019-05-30,0050,buy_hold_daily_state_hold_reference,15.671308517456056,0.00846896142025333,0.3370226593724166,-0.08853015835474165,-0.20962211538690545,benchmark_features_adjusted_close_exact_reference,False,True,False,False,False,False,False,False,False,True,False
2019-05-31,0050,buy_hold_daily_state_hold_reference,15.883902549743652,0.013565812455978987,0.3551604580188572,-0.07616532942370113,-0.20962211538690545,benchmark_features_adjusted_close_exact_reference,False,True,False,False,False,False,False,False,False,True,False
2019-06-03,0050,buy_hold_daily_state_hold_reference,15.904150009155272,0.001274715665637638,0.35688790228414646,-0.07498770289665846,-0.20962211538690545,benchmark_features_adjusted_close_exact_reference,False,True,False,False,False,False,False,False,False,True,False
2019-06-04,0050,buy_hold_daily_state_hold_reference,15.802918434143066,-0.006365104388095677,0.3482511691431638,-0.08087550272799326,-0.20962211538690545,benchmark_features_adjusted_close_exact_reference,False,True,False,False,False,False,False,False,False,True,False
2019-06-05,0050,buy_hold_daily_state_hold_reference,15.853532791137695,0.003202848714657369,0.352569413667289,-0.0779316860132957,-0.20962211538690545,benchmark_features_adjusted_close_exact_reference,False,True,False,False,False,False,False,False,False,True,False
2019-06-06,0050,buy_hold_daily_state_hold_reference,15.732049942016602,-0.007662825107915605,0.3422049108040406,-0.08499733424092648,-0.20962211538690545,benchmark_features_adjusted_close_exact_reference,False,True,False,False,False,False,False,False,False,True,False
2019-06-10,0050,buy_hold_daily_state_hold_reference,16.005386352539062,0.017374494203227897,0.36552504224634963,-0.06909962572875727,-0.20962211538690545,benchmark_features_adjusted_close_exact_reference,False,True,False,False,False,False,False,False,False,True,False
2019-06-11,0050,buy_hold_daily_state_hold_reference,16.076257705688477,0.00442796890923991,0.37157154467820486,-0.0649776278138845,-0.20962211538690545,benchmark_features_adjusted_close_exact_reference,False,True,False,False,False,False,False,False,False,True,False
2019-06-12,0050,buy_hold_daily_state_hold_reference,16.136993408203125,0.003777975174729775,0.3767533079243648,-0.06144513650394845,-0.20962211538690545,benchmark_features_adjusted_close_exact_reference,False,True,False,False,False,False,False,False,False,True,False
2019-06-13,0050,buy_hold_daily_state_hold_reference,16.005386352539062,-0.008155611912015859,0.36552504224634963,-0.06909962572875727,-0.20962211538690545,benchmark_features_adjusted_close_exact_reference,False,True,False,False,False,False,False,False,False,True,False
2019-06-14,0050,buy_hold_daily_state_hold_reference,15.975018501281738,-0.0018973519656716453,0.36293416062326966,-0.07086587138372524,-0.20962211538690545,benchmark_features_adjusted_close_exact_reference,False,True,False,False,False,False,False,False,False,True,False
2019-06-17,0050,buy_hold_daily_state_hold_reference,15.934521675109863,-0.002535009657023246,0.3594791093642027,-0.07322123537243741,-0.20962211538690545,benchmark_features_adjusted_close_exact_reference,False,True,False,False,False,False,False,False,False,True,False
2019-06-18,0050,buy_hold_daily_state_hold_reference,15.975018501281738,0.0025414522630529124,0.36293416062326966,-0.07086587138372524,-0.20962211538690545,benchmark_features_adjusted_close_exact_reference,False,True,False,False,False,False,False,False,False,True,False
2019-06-19,0050,buy_hold_daily_state_hold_reference,16.34958839416504,0.023447227485417166,0.3948911879350496,-0.049080252105594524,-0.20962211538690545,benchmark_features_adjusted_close_exact_reference,False,True,False,False,False,False,False,False,False,True,False
2019-06-20,0050,buy_hold_daily_state_hold_reference,16.369836807250977,0.0012384662291047288,0.3966187135645829,-0.04790257011123855,-0.20962211538690545,benchmark_features_adjusted_close_exact_reference,False,True,False,False,False,False,False,False,False,True,False
2019-06-21,0050,buy_hold_daily_state_hold_reference,16.369836807250977,0.0,0.3966187135645829,-0.04790257011123855,-0.20962211538690545,benchmark_features_adjusted_close_exact_reference,False,True,False,False,False,False,False,False,False,True,False
2019-06-24,0050,buy_hold_daily_state_hold_reference,16.44070053100586,0.00432892059885992,0.4026645650824858,-0.0437810159348716,-0.20962211538690545,benchmark_features_adjusted_close_exact_reference,False,True,False,False,False,False,False,False,False,True,False
2019-06-25,0050,buy_hold_daily_state_hold_reference,16.34958839416504,-0.0055418646345993805,0.3948911879350496,-0.049080252105594524,-0.20962211538690545,benchmark_features_adjusted_close_exact_reference,False,True,False,False,False,False,False,False,False,True,False
2019-06-26,0050,buy_hold_daily_state_hold_reference,16.268604278564453,-0.004953281614691218,0.3879818990593562,-0.053790425409886655,-0.20962211538690545,benchmark_features_adjusted_close_exact_reference,False,True,False,False,False,False,False,False,False,True,False
2019-06-27,0050,buy_hold_daily_state_hold_reference,16.50143814086914,0.014311852345653797,0.407846491057134,-0.04024841369030896,-0.20962211538690545,benchmark_features_adjusted_close_exact_reference,False,True,False,False,False,False,False,False,False,True,False
2019-06-28,0050,buy_hold_daily_state_hold_reference,16.37995719909668,-0.007361839661210401,0.3974821509223736,-0.04731395098331337,-0.20962211538690545,benchmark_features_adjusted_close_exact_reference,False,True,False,False,False,False,False,False,False,True,False
2019-07-01,0050,buy_hold_daily_state_hold_reference,16.734289169311523,0.021632044938089567,0.4277125476113044,-0.026705403559093455,-0.20962211538690545,benchmark_features_adjusted_close_exact_reference,False,True,False,False,False,False,False,False,False,True,False
2019-07-02,0050,buy_hold_daily_state_hold_reference,16.69379234313965,-0.0024199908201741893,0.42425749635223764,-0.02906076754780551,-0.20962211538690545,benchmark_features_adjusted_close_exact_reference,False,True,False,False,False,False,False,False,False,True,False
2019-07-03,0050,buy_hold_daily_state_hold_reference,16.50143814086914,-0.011522498801751047,0.407846491057134,-0.04024841369030896,-0.20962211538690545,benchmark_features_adjusted_close_exact_reference,False,True,False,False,False,False,False,False,False,True,False
2019-07-04,0050,buy_hold_daily_state_hold_reference,16.60268211364746,0.006135463582872092,0.41648428193328924,-0.03435989278390217,-0.20962211538690545,benchmark_features_adjusted_close_exact_reference,False,True,False,False,False,False,False,False,False,True,False
2019-07-05,0050,buy_hold_daily_state_hold_reference,16.58243179321289,-0.0012197017503530194,0.41475659357526773,-0.03553768571288474,-0.20962211538690545,benchmark_features_adjusted_close_exact_reference,False,True,False,False,False,False,False,False,False,True,False
2019-07-08,0050,buy_hold_daily_state_hold_reference,16.521690368652344,-0.0036629986070805254,0.4095743421436435,-0.03907050982670013,-0.20962211538690545,benchmark_features_adjusted_close_exact_reference,False,True,False,False,False,False,False,False,False,True,False
2019-07-09,0050,buy_hold_daily_state_hold_reference,16.50143814086914,-0.0012257963520263537,0.407846491057134,-0.04024841369030896,-0.20962211538690545,benchmark_features_adjusted_close_exact_reference,False,True,False,False,False,False,False,False,False,True,False
2019-07-10,0050,buy_hold_daily_state_hold_reference,16.643169403076172,0.008589024847234672,0.4199385195499157,-0.032005083468322315,-0.20962211538690545,benchmark_features_adjusted_close_exact_reference,False,True,False,False,False,False,False,False,False,True,False
2019-07-11,0050,buy_hold_daily_state_hold_reference,16.774778366088867,0.00790768632015304,0.4311669479564191,-0.024350483308886894,-0.20962211538690545,benchmark_features_adjusted_close_exact_reference,False,True,False,False,False,False,False,False,False,True,False
2019-07-12,0050,buy_hold_daily_state_hold_reference,16.75452995300293,-0.0012070748503522077,0.4294394223268856,-0.02552816530324309,-0.20962211538690545,benchmark_features_adjusted_close_exact_reference,False,True,False,False,False,False,False,False,False,True,False
2019-07-15,0050,buy_hold_daily_state_hold_reference,16.845645904541016,0.005438287543349185,0.43721312493129805,-0.020228707263267087,-0.20962211538690545,benchmark_features_adjusted_close_exact_reference,False,True,False,False,False,False,False,False,False,True,False
2019-07-16,0050,buy_hold_daily_state_hold_reference,16.876014709472656,0.0018027688046946544,0.439804087918622,-0.018462406140985932,-0.20962211538690545,benchmark_features_adjusted_close_exact_reference,False,True,False,False,False,False,False,False,False,True,False
2019-07-17,0050,buy_hold_daily_state_hold_reference,16.76465606689453,-0.006598633889292493,0.43030334787014035,-0.024939213371438562,-0.20962211538690545,benchmark_features_adjusted_close_exact_reference,False,True,False,False,False,False,False,False,False,True,False
2019-07-18,0050,buy_hold_daily_state_hold_reference,16.744409561157227,-0.0012076898957257276,0.4285759849690951,-0.02611678443116816,-0.20962211538690545,benchmark_features_adjusted_close_exact_reference,False,True,False,False,False,False,False,False,False,True,False
2019-07-19,0050,buy_hold_daily_state_hold_reference,16.9486083984375,0.012195045548453631,0.44599753417522003,-0.014240234258431905,-0.20962211538690545,benchmark_features_adjusted_close_exact_reference,False,True,False,False,False,False,False,False,False,True,False
2019-07-22,0050,buy_hold_daily_state_hold_reference,17.030292510986328,0.004819517368538584,0.45296654440604134,-0.009489347946234017,-0.20962211538690545,benchmark_features_adjusted_close_exact_reference,False,True,False,False,False,False,False,False,False,True,False
2019-07-23,0050,buy_hold_daily_state_hold_reference,17.07113265991211,0.002398088517824082,0.456450886792964,-0.007114015724761447,-0.20962211538690545,benchmark_features_adjusted_close_exact_reference,False,True,False,False,False,False,False,False,False,True,False
2019-07-24,0050,buy_hold_daily_state_hold_reference,17.0609188079834,-0.0005983113207652657,0.4555794757392573,-0.0077080706493823925,-0.20962211538690545,benchmark_features_adjusted_close_exact_reference,False,True,False,False,False,False,False,False,False,True,False
2019-07-25,0050,buy_hold_daily_state_hold_reference,17.11197280883789,0.0029924531866714066,0.4599352291798866,-0.004738683503288876,-0.20962211538690545,benchmark_features_adjusted_close_exact_reference,False,True,False,False,False,False,False,False,False,True,False
2019-07-26,0050,buy_hold_daily_state_hold_reference,16.999656677246094,-0.006563599232333295,0.4503527994303853,-0.011271179916217622,-0.20962211538690545,benchmark_features_adjusted_close_exact_reference,False,True,False,False,False,False,False,False,False,True,False
2019-07-29,0050,buy_hold_daily_state_hold_reference,17.04050064086914,0.0024026346177752345,0.453837467274284,-0.008895625825492193,-0.20962211538690545,benchmark_features_adjusted_close_exact_reference,False,True,False,False,False,False,False,False,False,True,False
2019-07-30,0050,buy_hold_daily_state_hold_reference,16.989444732666016,-0.0029961507164100176,0.4494815511051664,-0.011865123906212305,-0.20962211538690545,benchmark_features_adjusted_close_exact_reference,False,True,False,False,False,False,False,False,False,True,False
2019-07-31,0050,buy_hold_daily_state_hold_reference,16.90777015686035,-0.004807371699948826,0.4425133545167854,-0.0166154555452781,-0.20962211538690545,benchmark_features_adjusted_close_exact_reference,False,True,False,False,False,False,False,False,False,True,False
2019-08-01,0050,buy_hold_daily_state_hold_reference,16.805667877197266,-0.006038778544766199,0.4338023358209908,-0.0225538970335859,-0.20962211538690545,benchmark_features_adjusted_close_exact_reference,False,True,False,False,False,False,False,False,False,True,False
2019-08-02,0050,buy_hold_daily_state_hold_reference,16.529996871948242,-0.01640345431454515,0.41028302470926326,-0.03858738952852547,-0.20962211538690545,benchmark_features_adjusted_close_exact_reference,False,True,False,False,False,False,False,False,False,True,False
2019-08-05,0050,buy_hold_daily_state_hold_reference,16.36663818359375,-0.009882560149283237,0.39634581789006074,-0.04808860747978938,-0.20962211538690545,benchmark_features_adjusted_close_exact_reference,False,True,False,False,False,False,False,False,False,True,False
2019-08-06,0050,buy_hold_daily_state_hold_reference,16.356428146362305,-0.0006238322810655506,0.3954747322933301,-0.04868244053515747,-0.20962211538690545,benchmark_features_adjusted_close_exact_reference,False,True,False,False,False,False,False,False,False,True,False
2019-08-07,0050,buy_hold_daily_state_hold_reference,16.27474594116211,-0.004993890137215629,0.3885058847909968,-0.05343321591272898,-0.20962211538690545,benchmark_features_adjusted_close_exact_reference,False,True,False,False,False,False,False,False,False,True,False
2019-08-08,0050,buy_hold_daily_state_hold_reference,16.468740463256836,0.01191997237905107,0.40505683658585534,-0.04215016599148158,-0.20962211538690545,benchmark_features_adjusted_close_exact_reference,False,True,False,False,False,False,False,False,False,True,False
2019-08-12,0050,buy_hold_daily_state_hold_reference,16.458528518676758,-0.0006200804853815356,0.40418558826063666,-0.04274410998147604,-0.20962211538690545,benchmark_features_adjusted_close_exact_reference,False,True,False,False,False,False,False,False,False,True,False
2019-08-13,0050,buy_hold_daily_state_hold_reference,16.27474594116211,-0.011166403928886903,0.3885058847909968,-0.05343321591272898,-0.20962211538690545,benchmark_features_adjusted_close_exact_reference,False,True,False,False,False,False,False,False,False,True,False
2019-08-14,0050,buy_hold_daily_state_hold_reference,16.397274017333984,0.00752872435704055,0.398959562865717,-0.04630677550980555,-0.20962211538690545,benchmark_features_adjusted_close_exact_reference,False,True,False,False,False,False,False,False,False,True,False
2019-08-15,0050,buy_hold_daily_state_hold_reference,16.213491439819336,-0.011208117722516953,0.3832798593960771,-0.056995881441058494,-0.20962211538690545,benchmark_features_adjusted_close_exact_reference,False,True,False,False,False,False,False,False,False,True,False
2019-08-16,0050,buy_hold_daily_state_hold_reference,16.407480239868164,0.011964653064940878,0.3998303230054716,-0.045713164323690214,-0.20962211538690545,benchmark_features_adjusted_close_exact_reference,False,True,False,False,False,False,False,False,False,True,False
2019-08-19,0050,buy_hold_daily_state_hold_reference,16.499370574951172,0.005600514749347418,0.4076700933760473,-0.0403686668253771,-0.20962211538690545,benchmark_features_adjusted_close_exact_reference,False,True,False,False,False,False,False,False,False,True,False
2019-08-20,0050,buy_hold_daily_state_hold_reference,16.540205001831055,0.00247490816054996,0.4111539475775057,-0.03799366740778387,-0.20962211538690545,benchmark_features_adjusted_close_exact_reference,False,True,False,False,False,False,False,False,False,True,False
2019-08-21,0050,buy_hold_daily_state_hold_reference,16.560632705688477,0.00123503329343011,0.4128967696849195,-0.03680555755854176,-0.20962211538690545,benchmark_features_adjusted_close_exact_reference,False,True,False,False,False,False,False,False,False,True,False
2019-08-22,0050,buy_hold_daily_state_hold_reference,16.51978874206543,-0.0024663286934090145,0.4094121018410206,-0.0391811116492673,-0.20962211538690545,benchmark_features_adjusted_close_exact_reference,False,True,False,False,False,False,False,False,False,True,False
2019-08-23,0050,buy_hold_daily_state_hold_reference,16.540205001831055,0.0012358668796796923,0.4111539475775057,-0.03799366740778387,-0.20962211538690545,benchmark_features_adjusted_close_exact_reference,False,True,False,False,False,False,False,False,False,True,False
2019-08-26,0050,buy_hold_daily_state_hold_reference,16.264537811279297,-0.016666491770884417,0.38763496192275415,-0.054026938033470806,-0.20962211538690545,benchmark_features_adjusted_close_exact_reference,False,True,False,False,False,False,False,False,False,True,False
2019-08-27,0050,buy_hold_daily_state_hold_reference,16.30537986755371,0.0025111107827540113,0.391119467038165,-0.05165149487737164,-0.20962211538690545,benchmark_features_adjusted_close_exact_reference,False,True,False,False,False,False,False,False,False,True,False
2019-08-28,0050,buy_hold_daily_state_hold_reference,16.417692184448242,0.006888052765825048,0.4007015713306903,-0.04511922033369575,-0.20962211538690545,benchmark_features_adjusted_close_exact_reference,False,True,False,False,False,False,False,False,False,True,False
2019-08-29,0050,buy_hold_daily_state_hold_reference,16.448318481445312,0.0018654447076356107,0.403314502663906,-0.04333794303684424,-0.20962211538690545,benchmark_features_adjusted_close_exact_reference,False,True,False,False,False,False,False,False,False,True,False
2019-08-30,0050,buy_hold_daily_state_hold_reference,16.713777542114258,0.016138978642005197,0.4259625654504149,-0.02789839453189913,-0.20962211538690545,benchmark_features_adjusted_close_exact_reference,False,True,False,False,False,False,False,False,False,True,False
2019-09-02,0050,buy_hold_daily_state_hold_reference,16.723987579345703,0.0006108755011078326,0.42683365104714555,-0.027304561476531042,-0.20962211538690545,benchmark_features_adjusted_close_exact_reference,False,True,False,False,False,False,False,False,False,True,False
2019-09-03,0050,buy_hold_daily_state_hold_reference,16.581050872802734,-0.008546807743357587,0.4146387781498926,-0.03561800238243196,-0.20962211538690545,benchmark_features_adjusted_close_exact_reference,False,True,False,False,False,False,False,False,False,True,False
2019-09-04,0050,buy_hold_daily_state_hold_reference,16.775041580200195,0.011699542380372074,0.4311894044877751,-0.024335174330437304,-0.20962211538690545,benchmark_features_adjusted_close_exact_reference,False,True,False,False,False,False,False,False,False,True,False
2019-09-05,0050,buy_hold_daily_state_hold_reference,16.9486083984375,0.010346729539089106,0.44599753417522003,-0.014240234258431905,-0.20962211538690545,benchmark_features_adjusted_close_exact_reference,False,True,False,False,False,False,False,False,False,True,False
2019-09-06,0050,buy_hold_daily_state_hold_reference,17.050708770751953,0.006024115367717409,0.4547083901425266,-0.00830190370475048,-0.20962211538690545,benchmark_features_adjusted_close_exact_reference,False,True,False,False,False,False,False,False,False,True,False
2019-09-10,0050,buy_hold_daily_state_hold_reference,17.030292510986328,-0.0011973848149143818,0.45296654440604134,-0.009489347946234017,-0.20962211538690545,benchmark_features_adjusted_close_exact_reference,False,True,False,False,False,False,False,False,False,True,False
2019-09-11,0050,buy_hold_daily_state_hold_reference,17.04050064086914,0.0005994101320472289,0.453837467274284,-0.008895625825492193,-0.20962211538690545,benchmark_features_adjusted_close_exact_reference,False,True,False,False,False,False,False,False,False,True,False
2019-09-12,0050,buy_hold_daily_state_hold_reference,17.132387161254883,0.005392243005194697,0.46167691218788365,-0.003551350196431935,-0.20962211538690545,benchmark_features_adjusted_close_exact_reference,False,True,False,False,False,False,False,False,False,True,False
2019-09-16,0050,buy_hold_daily_state_hold_reference,17.23448944091797,0.005959606136732187,0.47038793088367825,0.0,-0.20962211538690545,benchmark_features_adjusted_close_exact_reference,False,True,False,False,False,False,False,False,False,True,False
2019-09-17,0050,buy_hold_daily_state_hold_reference,17.203861236572266,-0.0017771460216852164,0.4677748368219745,-0.0017771460216851054,-0.20962211538690545,benchmark_features_adjusted_close_exact_reference,False,True,False,False,False,False,False,False,False,True,False
2019-09-18,0050,buy_hold_daily_state_hold_reference,17.346799850463867,0.008308519344932819,0.4799698724477155,0.0,-0.20962211538690545,benchmark_features_adjusted_close_exact_reference,False,True,False,False,False,False,False,False,False,True,False
2019-09-19,0050,buy_hold_daily_state_hold_reference,17.244699478149414,-0.005885833306119692,0.4712590164804089,-0.005885833306119803,-0.20962211538690545,benchmark_features_adjusted_close_exact_reference,False,True,False,False,False,False,False,False,False,True,False
2019-09-20,0050,buy_hold_daily_state_hold_reference,17.29574966430664,0.0029603407250970992,0.4756144444640622,-0.0029429166530599016,-0.20962211538690545,benchmark_features_adjusted_close_exact_reference,False,True,False,False,False,False,False,False,False,True,False
2019-09-23,0050,buy_hold_daily_state_hold_reference,17.254907608032227,-0.0023613926581453892,0.47212993934865155,-0.005297359929427148,-0.20962211538690545,benchmark_features_adjusted_close_exact_reference,False,True,False,False,False,False,False,False,False,True,False
2019-09-24,0050,buy_hold_daily_state_hold_reference,17.285537719726562,0.0017751536194883233,0.4747431961388435,-0.0035316099375912735,-0.20962211538690545,benchmark_features_adjusted_close_exact_reference,False,True,False,False,False,False,False,False,False,True,False
2019-09-25,0050,buy_hold_daily_state_hold_reference,17.173229217529297,-0.006497252444110924,0.4651614173032945,-0.010005916620403399,-0.20962211538690545,benchmark_features_adjusted_close_exact_reference,False,True,False,False,False,False,False,False,False,True,False
2019-09-26,0050,buy_hold_daily_state_hold_reference,17.214073181152344,0.0023783508101875572,0.4686460851471932,-0.00765136339011685,-0.20962211538690545,benchmark_features_adjusted_close_exact_reference,False,True,False,False,False,False,False,False,False,True,False
2019-09-27,0050,buy_hold_daily_state_hold_reference,17.27532958984375,0.0035585075099178187,0.4738722732706009,-0.004120083314283818,-0.20962211538690545,benchmark_features_adjusted_close_exact_reference,False,True,False,False,False,False,False,False,False,True,False
2019-10-01,0050,buy_hold_daily_state_hold_reference,17.551002502441406,0.015957606548920866,0.4973917471108167,0.0,-0.20962211538690545,benchmark_features_adjusted_close_exact_reference,False,True,False,False,False,False,False,False,False,True,False
2019-10-02,0050,buy_hold_daily_state_hold_reference,17.489744186401367,-0.0034903029631223603,0.492165396258921,-0.0034903029631222493,-0.20962211538690545,benchmark_features_adjusted_close_exact_reference,False,True,False,False,False,False,False,False,False,True,False
2019-10-03,0050,buy_hold_daily_state_hold_reference,17.316171646118164,-0.009924246943426418,0.47735677838601176,-0.013379911278035284,-0.20962211538690545,benchmark_features_adjusted_close_exact_reference,False,True,False,False,False,False,False,False,False,True,False
2019-10-04,0050,buy_hold_daily_state_hold_reference,17.38764190673828,0.004127370765358407,0.48345437756312615,-0.009307764367328941,-0.20962211538690545,benchmark_features_adjusted_close_exact_reference,False,True,False,False,False,False,False,False,False,True,False
2019-10-07,0050,buy_hold_daily_state_hold_reference,17.448896408081055,0.0035228757108827224,0.4886804029580458,-0.005817678753458622,-0.20962211538690545,benchmark_features_adjusted_close_exact_reference,False,True,False,False,False,False,False,False,False,True,False
2019-10-08,0050,buy_hold_daily_state_hold_reference,17.66330909729004,0.01228803726003469,0.5069733632178777,0.0,-0.20962211538690545,benchmark_features_adjusted_close_exact_reference,False,True,False,False,False,False,False,False,False,True,False
2019-10-09,0050,buy_hold_daily_state_hold_reference,17.520370483398438,-0.008092402907308616,0.4947783275921367,-0.008092402907308616,-0.20962211538690545,benchmark_features_adjusted_close_exact_reference,False,True,False,False,False,False,False,False,False,True,False
2019-10-14,0050,buy_hold_daily_state_hold_reference,17.877721786499023,0.020396332568377806,0.5252663234777095,0.0,-0.20962211538690545,benchmark_features_adjusted_close_exact_reference,False,True,False,False,False,False,False,False,False,True,False
2019-10-15,0050,buy_hold_daily_state_hold_reference,17.90834617614746,0.0017129917343028378,0.5278790920824372,0.0,-0.20962211538690545,benchmark_features_adjusted_close_exact_reference,False,True,False,False,False,False,False,False,False,True,False
2019-10-16,0050,buy_hold_daily_state_hold_reference,17.990026473999023,0.004561018479771972,0.5348477768562825,0.0,-0.20962211538690545,benchmark_features_adjusted_close_exact_reference,False,True,False,False,False,False,False,False,False,True,False
2019-10-17,0050,buy_hold_daily_state_hold_reference,18.0002384185791,0.0005676447777793747,0.5357190251815012,0.0,-0.20962211538690545,benchmark_features_adjusted_close_exact_reference,False,True,False,False,False,False,False,False,False,True,False
2019-10-18,0050,buy_hold_daily_state_hold_reference,17.959394454956055,-0.002269079035135957,0.5322343573376025,-0.002269079035135846,-0.20962211538690545,benchmark_features_adjusted_close_exact_reference,False,True,False,False,False,False,False,False,False,True,False
2019-10-21,0050,buy_hold_daily_state_hold_reference,17.938982009887695,-0.001136588715145992,0.5304928370580935,-0.0034030887406568677,-0.20962211538690545,benchmark_features_adjusted_close_exact_reference,False,True,False,False,False,False,False,False,False,True,False
2019-10-22,0050,buy_hold_daily_state_hold_reference,18.112548828125,0.009675399537255602,0.5453009667455384,0.0,-0.20962211538690545,benchmark_features_adjusted_close_exact_reference,False,True,False,False,False,False,False,False,False,True,False
2019-10-23,0050,buy_hold_daily_state_hold_reference,18.061498641967773,-0.00281849819380231,0.5409455387618851,-0.00281849819380231,-0.20962211538690545,benchmark_features_adjusted_close_exact_reference,False,True,False,False,False,False,False,False,False,True,False
2019-10-24,0050,buy_hold_daily_state_hold_reference,18.13297462463379,0.003957367219790564,0.547043626124464,0.0,-0.20962211538690545,benchmark_features_adjusted_close_exact_reference,False,True,False,False,False,False,False,False,False,True,False
2019-10-25,0050,buy_hold_daily_state_hold_reference,18.13297462463379,0.0,0.547043626124464,0.0,-0.20962211538690545,benchmark_features_adjusted_close_exact_reference,False,True,False,False,False,False,False,False,False,True,False
2019-10-28,0050,buy_hold_daily_state_hold_reference,18.214649200439453,0.004504201737243196,0.554011822712845,0.0,-0.20962211538690545,benchmark_features_adjusted_close_exact_reference,False,True,False,False,False,False,False,False,False,True,False
2019-10-29,0050,buy_hold_daily_state_hold_reference,18.26569938659668,0.002802699387479457,0.5583672506964983,0.0,-0.20962211538690545,benchmark_features_adjusted_close_exact_reference,False,True,False,False,False,False,False,False,False,True,False
2019-10-30,0050,buy_hold_daily_state_hold_reference,18.34737968444824,0.004471785948229057,0.5653359354703431,0.0,-0.20962211538690545,benchmark_features_adjusted_close_exact_reference,False,True,False,False,False,False,False,False,False,True,False
2019-10-31,0050,buy_hold_daily_state_hold_reference,18.3984317779541,0.0027825277714799146,0.5696915261824849,0.0,-0.20962211538690545,benchmark_features_adjusted_close_exact_reference,False,True,False,False,False,False,False,False,False,True,False
2019-11-01,0050,buy_hold_daily_state_hold_reference,18.3984317779541,0.0,0.5696915261824849,0.0,-0.20962211538690545,benchmark_features_adjusted_close_exact_reference,False,True,False,False,False,False,False,False,False,True,False
2019-11-04,0050,buy_hold_daily_state_hold_reference,18.82725143432617,0.02330740258449082,0.6062769585166841,0.0,-0.20962211538690545,benchmark_features_adjusted_close_exact_reference,False,True,False,False,False,False,False,False,False,True,False
2019-11-05,0050,buy_hold_daily_state_hold_reference,18.97018814086914,0.007592011348101835,0.6184718314139372,0.0,-0.20962211538690545,benchmark_features_adjusted_close_exact_reference,False,True,False,False,False,False,False,False,False,True,False
2019-11-06,0050,buy_hold_daily_state_hold_reference,19.06208229064941,0.0048441348656049765,0.626311927241489,0.0,-0.20962211538690545,benchmark_features_adjusted_close_exact_reference,False,True,False,False,False,False,False,False,False,True,False
2019-11-07,0050,buy_hold_daily_state_hold_reference,18.95998191833496,-0.005356202473458693,0.6176010712741828,-0.005356202473458582,-0.20962211538690545,benchmark_features_adjusted_close_exact_reference,False,True,False,False,False,False,False,False,False,True,False
2019-11-08,0050,buy_hold_daily_state_hold_reference,18.898719787597656,-0.003231128120331328,0.6123743949653107,-0.008570024017359845,-0.20962211538690545,benchmark_features_adjusted_close_exact_reference,False,True,False,False,False,False,False,False,False,True,False
2019-11-11,0050,buy_hold_daily_state_hold_reference,18.612838745117188,-0.015127005728085341,0.5879839982568524,-0.023567390943044608,-0.20962211538690545,benchmark_features_adjusted_close_exact_reference,False,True,False,False,False,False,False,False,False,True,False
2019-11-12,0050,buy_hold_daily_state_hold_reference,18.786413192749023,0.009325522560462263,0.6027927788582497,-0.014461646618513013,-0.20962211538690545,benchmark_features_adjusted_close_exact_reference,False,True,False,False,False,False,False,False,False,True,False
2019-11-13,0050,buy_hold_daily_state_hold_reference,18.67409896850586,-0.0059784815276241465,0.5932105118372364,-0.020353669458969326,-0.20962211538690545,benchmark_features_adjusted_close_exact_reference,False,True,False,False,False,False,False,False,False,True,False
2019-11-14,0050,buy_hold_daily_state_hold_reference,18.66388893127441,-0.0005467485873705824,0.5923394262405055,-0.020889289706315317,-0.20962211538690545,benchmark_features_adjusted_close_exact_reference,False,True,False,False,False,False,False,False,False,True,False
2019-11-15,0050,buy_hold_daily_state_hold_reference,18.84766960144043,0.009846858328548258,0.6080189669816576,-0.011248125254089136,-0.20962211538690545,benchmark_features_adjusted_close_exact_reference,False,True,False,False,False,False,False,False,False,True,False
2019-11-18,0050,buy_hold_daily_state_hold_reference,18.97018814086914,0.0065004609068139985,0.6184718314139372,-0.0048207823457643295,-0.20962211538690545,benchmark_features_adjusted_close_exact_reference,False,True,False,False,False,False,False,False,False,True,False
2019-11-19,0050,buy_hold_daily_state_hold_reference,19.11312866210937,0.007535008096850815,0.630667029768166,0.0,-0.20962211538690545,benchmark_features_adjusted_close_exact_reference,False,True,False,False,False,False,False,False,False,True,False
2019-11-20,0050,buy_hold_daily_state_hold_reference,19.04166030883789,-0.003739228387718785,0.6245695933195399,-0.003739228387718785,-0.20962211538690545,benchmark_features_adjusted_close_exact_reference,False,True,False,False,False,False,False,False,False,True,False
2019-11-21,0050,buy_hold_daily_state_hold_reference,18.88851356506348,-0.008042720082729882,0.6115036348255565,-0.011751874903200843,-0.20962211538690545,benchmark_features_adjusted_close_exact_reference,False,True,False,False,False,False,False,False,False,True,False
2019-11-22,0050,buy_hold_daily_state_hold_reference,18.898719787597656,0.0005403401648849115,0.6123743949653107,-0.011217884748338847,-0.20962211538690545,benchmark_features_adjusted_close_exact_reference,False,True,False,False,False,False,False,False,False,True,False
2019-11-25,0050,buy_hold_daily_state_hold_reference,18.90892791748047,0.000540149279821156,0.6132453178335533,-0.01068379480088566,-0.20962211538690545,benchmark_features_adjusted_close_exact_reference,False,True,False,False,False,False,False,False,False,True,False
2019-11-26,0050,buy_hold_daily_state_hold_reference,18.95998191833496,0.002699994472309397,0.6176010712741828,-0.008012646515481947,-0.20962211538690545,benchmark_features_adjusted_close_exact_reference,False,True,False,False,False,False,False,False,False,True,False
2019-11-27,0050,buy_hold_daily_state_hold_reference,19.03145408630371,0.0037696327072778146,0.6236988331797855,-0.004273218542580892,-0.20962211538690545,benchmark_features_adjusted_close_exact_reference,False,True,False,False,False,False,False,False,False,True,False
2019-11-28,0050,buy_hold_daily_state_hold_reference,18.980398178100582,-0.0026827118921970428,0.6193429170106677,-0.006944466620575684,-0.20962211538690545,benchmark_features_adjusted_close_exact_reference,False,True,False,False,False,False,False,False,False,True,False
2019-11-29,0050,buy_hold_daily_state_hold_reference,18.684310913085938,-0.015599634013804153,0.5940817601624551,-0.022435769496677915,-0.20962211538690545,benchmark_features_adjusted_close_exact_reference,False,True,False,False,False,False,False,False,False,True,False
2019-12-02,0050,buy_hold_daily_state_hold_reference,18.79662132263184,0.006010947370140629,0.6036637017264925,-0.01655968235619054,-0.20962211538690545,benchmark_features_adjusted_close_exact_reference,False,True,False,False,False,False,False,False,False,True,False
2019-12-03,0050,buy_hold_daily_state_hold_reference,18.79662132263184,0.0,0.6036637017264925,-0.01655968235619054,-0.20962211538690545,benchmark_features_adjusted_close_exact_reference,False,True,False,False,False,False,False,False,False,True,False
2019-12-04,0050,buy_hold_daily_state_hold_reference,18.72515106201172,-0.003802292943682839,0.5975661025493777,-0.02029901053650074,-0.20962211538690545,benchmark_features_adjusted_close_exact_reference,False,True,False,False,False,False,False,False,False,True,False
2019-12-05,0050,buy_hold_daily_state_hold_reference,18.97018814086914,0.013085986758981871,0.6184718314139372,-0.00747865636061984,-0.20962211538690545,benchmark_features_adjusted_close_exact_reference,False,True,False,False,False,False,False,False,False,True,False
2019-12-06,0050,buy_hold_daily_state_hold_reference,19.00081825256348,0.0016146445921825237,0.6210850882041294,-0.005876087140486819,-0.20962211538690545,benchmark_features_adjusted_close_exact_reference,False,True,False,False,False,False,False,False,False,True,False
2019-12-09,0050,buy_hold_daily_state_hold_reference,19.123340606689453,0.006448267253408524,0.6315382780933851,0.0,-0.20962211538690545,benchmark_features_adjusted_close_exact_reference,False,True,False,False,False,False,False,False,False,True,False
2019-12-10,0050,buy_hold_daily_state_hold_reference,18.990610122680664,-0.006940758246096301,0.6202141653358866,-0.006940758246096412,-0.20962211538690545,benchmark_features_adjusted_close_exact_reference,False,True,False,False,False,False,False,False,False,True,False
2019-12-11,0050,buy_hold_daily_state_hold_reference,19.14375877380371,0.008064440801727635,0.6332802865583584,0.0,-0.20962211538690545,benchmark_features_adjusted_close_exact_reference,False,True,False,False,False,False,False,False,False,True,False
2019-12-12,0050,buy_hold_daily_state_hold_reference,19.57257843017578,0.022399971783956474,0.6698657188925579,0.0,-0.20962211538690545,benchmark_features_adjusted_close_exact_reference,False,True,False,False,False,False,False,False,False,True,False
2019-12-13,0050,buy_hold_daily_state_hold_reference,19.786989212036133,0.010954651816839078,0.6881585164239015,0.0,-0.20962211538690545,benchmark_features_adjusted_close_exact_reference,False,True,False,False,False,False,False,False,False,True,False
2019-12-16,0050,buy_hold_daily_state_hold_reference,19.77678298950196,-0.0005158047252566966,0.6872877562841477,-0.0005158047252566966,-0.20962211538690545,benchmark_features_adjusted_close_exact_reference,False,True,False,False,False,False,False,False,False,True,False
2019-12-17,0050,buy_hold_daily_state_hold_reference,20.04224395751953,0.013422858922934378,0.709935981799144,0.0,-0.20962211538690545,benchmark_features_adjusted_close_exact_reference,False,True,False,False,False,False,False,False,False,True,False
2019-12-18,0050,buy_hold_daily_state_hold_reference,20.052452087402344,0.000509330686945475,0.7108069046673866,0.0,-0.20962211538690545,benchmark_features_adjusted_close_exact_reference,False,True,False,False,False,False,False,False,False,True,False
2019-12-19,0050,buy_hold_daily_state_hold_reference,19.94013977050781,-0.005600926829546826,0.7012248003748611,-0.005600926829546826,-0.20962211538690545,benchmark_features_adjusted_close_exact_reference,False,True,False,False,False,False,False,False,False,True,False
2019-12-20,0050,buy_hold_daily_state_hold_reference,19.797197341918945,-0.007168577062848902,0.6890294392921441,-0.012729353216794803,-0.20962211538690545,benchmark_features_adjusted_close_exact_reference,False,True,False,False,False,False,False,False,False,True,False
2019-12-23,0050,buy_hold_daily_state_hold_reference,19.838041305541992,0.0020631184767028188,0.6925141071360428,-0.010692496903909943,-0.20962211538690545,benchmark_features_adjusted_close_exact_reference,False,True,False,False,False,False,False,False,False,True,False
2019-12-24,0050,buy_hold_daily_state_hold_reference,19.84825325012207,0.0005147657685955487,0.6933853554612617,-0.010183235266701285,-0.20962211538690545,benchmark_features_adjusted_close_exact_reference,False,True,False,False,False,False,False,False,False,True,False
2019-12-25,0050,buy_hold_daily_state_hold_reference,19.878881454467773,0.0015431183772061097,0.6959984495229654,-0.008655830826974742,-0.20962211538690545,benchmark_features_adjusted_close_exact_reference,False,True,False,False,False,False,False,False,False,True,False
2019-12-26,0050,buy_hold_daily_state_hold_reference,19.878881454467773,0.0,0.6959984495229654,-0.008655830826974742,-0.20962211538690545,benchmark_features_adjusted_close_exact_reference,False,True,False,False,False,False,False,False,False,True,False
2019-12-27,0050,buy_hold_daily_state_hold_reference,20.01161193847656,0.006676959380878866,0.7073225622804638,-0.0020366660769353118,-0.20962211538690545,benchmark_features_adjusted_close_exact_reference,False,True,False,False,False,False,False,False,False,True,False
2019-12-30,0050,buy_hold_daily_state_hold_reference,19.97076797485352,-0.0020410131751810168,0.7038378944365655,-0.00407352238981995,-0.20962211538690545,benchmark_features_adjusted_close_exact_reference,False,True,False,False,False,False,False,False,False,True,False
2019-12-31,0050,buy_hold_daily_state_hold_reference,19.797197341918945,-0.008691234766390998,0.6890294392921441,-0.012729353216794803,-0.20962211538690545,benchmark_features_adjusted_close_exact_reference,False,True,False,False,False,False,False,False,False,True,False
2020-01-02,0050,buy_hold_daily_state_hold_reference,19.94013977050781,0.007220336602201449,0.7012248003748611,-0.005600926829546826,-0.20962211538690545,benchmark_features_adjusted_close_exact_reference,False,True,False,False,False,False,False,False,False,True,False
2020-01-03,0050,buy_hold_daily_state_hold_reference,19.94013977050781,0.0,0.7012248003748611,-0.005600926829546826,-0.20962211538690545,benchmark_features_adjusted_close_exact_reference,False,True,False,False,False,False,False,False,False,True,False
2020-01-06,0050,buy_hold_daily_state_hold_reference,19.684892654418945,-0.01280066835170246,0.6794479859135711,-0.0183298995744422,-0.20962211538690545,benchmark_features_adjusted_close_exact_reference,False,True,False,False,False,False,False,False,False,True,False
2020-01-07,0050,buy_hold_daily_state_hold_reference,19.623628616333008,-0.003112236330746976,0.6742211468762112,-0.021385088925794604,-0.20962211538690545,benchmark_features_adjusted_close_exact_reference,False,True,False,False,False,False,False,False,False,True,False
2020-01-08,0050,buy_hold_daily_state_hold_reference,19.53174018859864,-0.004682540091381915,0.6663815392341239,-0.02596749248092367,-0.20962211538690545,benchmark_features_adjusted_close_exact_reference,False,True,False,False,False,False,False,False,False,True,False
2020-01-09,0050,buy_hold_daily_state_hold_reference,19.797197341918945,0.01359106514611863,0.6890294392921441,-0.012729353216794803,-0.20962211538690545,benchmark_features_adjusted_close_exact_reference,False,True,False,False,False,False,False,False,False,True,False
2020-01-10,0050,buy_hold_daily_state_hold_reference,19.868667602539062,0.0036101201289127083,0.6951270384692587,-0.009165187582158119,-0.20962211538690545,benchmark_features_adjusted_close_exact_reference,False,True,False,False,False,False,False,False,False,True,False
2020-01-13,0050,buy_hold_daily_state_hold_reference,20.01161193847656,0.007194460081421328,0.7073225622804638,-0.0020366660769353118,-0.20962211538690545,benchmark_features_adjusted_close_exact_reference,False,True,False,False,False,False,False,False,False,True,False
2020-01-14,0050,buy_hold_daily_state_hold_reference,20.13413047790528,0.006122372340888527,0.7177754267127443,0.0,-0.20962211538690545,benchmark_features_adjusted_close_exact_reference,False,True,False,False,False,False,False,False,False,True,False
2020-01-15,0050,buy_hold_daily_state_hold_reference,19.929931640625,-0.01014192480297893,0.7003538775066187,-0.010141924802978819,-0.20962211538690545,benchmark_features_adjusted_close_exact_reference,False,True,False,False,False,False,False,False,False,True,False
2020-01-16,0050,buy_hold_daily_state_hold_reference,19.868667602539062,-0.0030739713106219257,0.6951270384692587,-0.013184720127721872,-0.20962211538690545,benchmark_features_adjusted_close_exact_reference,False,True,False,False,False,False,False,False,False,True,False
2020-01-17,0050,buy_hold_daily_state_hold_reference,19.868667602539062,0.0,0.6951270384692587,-0.013184720127721872,-0.20962211538690545,benchmark_features_adjusted_close_exact_reference,False,True,False,False,False,False,False,False,False,True,False
2020-01-20,0050,buy_hold_daily_state_hold_reference,19.95035552978516,0.004111394325991835,0.7020963741570565,-0.009127533385252962,-0.20962211538690545,benchmark_features_adjusted_close_exact_reference,False,True,False,False,False,False,False,False,False,True,False
2020-01-30,0050,buy_hold_daily_state_hold_reference,18.81703758239746,-0.05680690480406203,0.6054055474629774,-0.06541593126920309,-0.20962211538690545,benchmark_features_adjusted_close_exact_reference,False,True,False,False,False,False,False,False,False,True,False
2020-01-31,0050,buy_hold_daily_state_hold_reference,18.96462631225586,0.007843356278166791,0.617997315142675,-0.05808565544624866,-0.20962211538690545,benchmark_features_adjusted_close_exact_reference,False,True,False,False,False,False,False,False,False,True,False
2020-02-03,0050,buy_hold_daily_state_hold_reference,18.774871826171875,-0.01000570656967581,0.6018081087768343,-0.06751017399162196,-0.20962211538690545,benchmark_features_adjusted_close_exact_reference,False,True,False,False,False,False,False,False,False,True,False
2020-02-04,0050,buy_hold_daily_state_hold_reference,19.10166549682617,0.017405906878083188,0.6296890315547621,-0.05127934291536029,-0.20962211538690545,benchmark_features_adjusted_close_exact_reference,False,True,False,False,False,False,False,False,False,True,False
2020-02-05,0050,buy_hold_daily_state_hold_reference,19.15437698364257,0.0027595230806005677,0.6341861960515391,-0.04866132636509268,-0.20962211538690545,benchmark_features_adjusted_close_exact_reference,False,True,False,False,False,False,False,False,False,True,False
2020-02-06,0050,buy_hold_daily_state_hold_reference,19.4600887298584,0.015960411893161552,0.6602684808506405,-0.0334775692839856,-0.20962211538690545,benchmark_features_adjusted_close_exact_reference,False,True,False,False,False,False,False,False,False,True,False
2020-02-07,0050,buy_hold_daily_state_hold_reference,19.228166580200195,-0.011917836186551178,0.6404816730701683,-0.044996425283886365,-0.20962211538690545,benchmark_features_adjusted_close_exact_reference,False,True,False,False,False,False,False,False,False,True,False
2020-02-10,0050,buy_hold_daily_state_hold_reference,19.18600273132324,-0.0021928169126833597,0.6368843971125129,-0.04709057327419697,-0.20962211538690545,benchmark_features_adjusted_close_exact_reference,False,True,False,False,False,False,False,False,False,True,False
2020-02-11,0050,buy_hold_daily_state_hold_reference,19.344127655029297,0.008241681496683029,0.6503750769604044,-0.039236997283935926,-0.20962211538690545,benchmark_features_adjusted_close_exact_reference,False,True,False,False,False,False,False,False,False,True,False
2020-02-12,0050,buy_hold_daily_state_hold_reference,19.53388023376465,0.009809311751828531,0.666564120597757,-0.029812573470671233,-0.20962211538690545,benchmark_features_adjusted_close_exact_reference,False,True,False,False,False,False,False,False,False,True,False
2020-02-13,0050,buy_hold_daily_state_hold_reference,19.56550407409668,0.0016189226079807995,0.6692621589302425,-0.02824191511188412,-0.20962211538690545,benchmark_features_adjusted_close_exact_reference,False,True,False,False,False,False,False,False,False,True,False
2020-02-14,0050,buy_hold_daily_state_hold_reference,19.597129821777344,0.001616403419042678,0.6719603599912158,-0.026671162020988626,-0.20962211538690545,benchmark_features_adjusted_close_exact_reference,False,True,False,False,False,False,False,False,False,True,False
2020-02-17,0050,buy_hold_daily_state_hold_reference,19.4600887298584,-0.006992916471199706,0.6602684808506405,-0.0334775692839856,-0.20962211538690545,benchmark_features_adjusted_close_exact_reference,False,True,False,False,False,False,False,False,False,True,False
2020-02-18,0050,buy_hold_daily_state_hold_reference,19.19654083251953,-0.013542995666535385,0.6377834720091948,-0.04656717837478186,-0.20962211538690545,benchmark_features_adjusted_close_exact_reference,False,True,False,False,False,False,False,False,False,True,False
2020-02-19,0050,buy_hold_daily_state_hold_reference,19.41792106628418,0.011532298224772974,0.656670879436009,-0.03557190673851307,-0.20962211538690545,benchmark_features_adjusted_close_exact_reference,False,True,False,False,False,False,False,False,False,True,False
2020-02-20,0050,buy_hold_daily_state_hold_reference,19.33358764648437,-0.004343071511720087,0.6494758393352342,-0.039760486915459636,-0.20962211538690545,benchmark_features_adjusted_close_exact_reference,False,True,False,False,False,False,False,False,False,True,False
2020-02-21,0050,buy_hold_daily_state_hold_reference,19.23870658874512,-0.004907576362657373,0.6413809106953383,-0.04447293565236288,-0.20962211538690545,benchmark_features_adjusted_close_exact_reference,False,True,False,False,False,False,False,False,False,True,False
2020-02-24,0050,buy_hold_daily_state_hold_reference,18.99624824523925,-0.012602632218930543,0.6206951907466718,-0.05651509181957037,-0.20962211538690545,benchmark_features_adjusted_close_exact_reference,False,True,False,False,False,False,False,False,False,True,False
2020-02-25,0050,buy_hold_daily_state_hold_reference,19.04895782470703,0.002774736294625546,0.6251921925149615,-0.05389717000141081,-0.20962211538690545,benchmark_features_adjusted_close_exact_reference,False,True,False,False,False,False,False,False,False,True,False
2020-02-26,0050,buy_hold_daily_state_hold_reference,18.85920524597168,-0.009961310244975041,0.6090031488776086,-0.06332159381467573,-0.20962211538690545,benchmark_features_adjusted_close_exact_reference,False,True,False,False,False,False,False,False,False,True,False
2020-02-27,0050,buy_hold_daily_state_hold_reference,18.69053840637207,-0.008943475475226448,0.5946130686760598,-0.0716987541685683,-0.20962211538690545,benchmark_features_adjusted_close_exact_reference,False,True,False,False,False,False,False,False,False,True,False
2020-03-02,0050,buy_hold_daily_state_hold_reference,18.41645240783692,-0.014664424992792413,0.5712289849379331,-0.08531175815877912,-0.20962211538690545,benchmark_features_adjusted_close_exact_reference,False,True,False,False,False,False,False,False,False,True,False
2020-03-03,0050,buy_hold_daily_state_hold_reference,18.679994583129883,0.014310148852599625,0.5937135055939138,-0.07222243326430866,-0.20962211538690545,benchmark_features_adjusted_close_exact_reference,False,True,False,False,False,False,False,False,False,True,False
2020-03-04,0050,buy_hold_daily_state_hold_reference,18.80649948120117,0.006772212781342768,0.6045064725662954,-0.0659393261686182,-0.20962211538690545,benchmark_features_adjusted_close_exact_reference,False,True,False,False,False,False,False,False,False,True,False
2020-03-05,0050,buy_hold_daily_state_hold_reference,19.017333984375,0.01121072549331048,0.622494154182476,-0.055467828360197924,-0.20962211538690545,benchmark_features_adjusted_close_exact_reference,False,True,False,False,False,False,False,False,False,True,False
2020-03-06,0050,buy_hold_daily_state_hold_reference,18.62728881835937,-0.020509981385198217,0.5892168292826006,-0.07484016561825113,-0.20962211538690545,benchmark_features_adjusted_close_exact_reference,False,True,False,False,False,False,False,False,False,True,False
2020-03-09,0050,buy_hold_daily_state_hold_reference,18.10020065307617,-0.028296558367833735,0.5442474625136617,-0.10101900487140969,-0.20962211538690545,benchmark_features_adjusted_close_exact_reference,False,True,False,False,False,False,False,False,False,True,False
2020-03-10,0050,buy_hold_daily_state_hold_reference,18.19507598876953,0.0052416731456088606,0.5523419029680945,-0.09630684033083126,-0.20962211538690545,benchmark_features_adjusted_close_exact_reference,False,True,False,False,False,False,False,False,False,True,False
2020-03-11,0050,buy_hold_daily_state_hold_reference,17.984243392944336,-0.011587343518396187,0.5343543840804021,-0.10677824340714293,-0.20962211538690545,benchmark_features_adjusted_close_exact_reference,False,True,False,False,False,False,False,False,False,True,False
2020-03-12,0050,buy_hold_daily_state_hold_reference,17.320110321044922,-0.03692860785903118,0.47769281271391173,-0.13976367938751544,-0.20962211538690545,benchmark_features_adjusted_close_exact_reference,False,True,False,False,False,False,False,False,False,True,False
2020-03-13,0050,buy_hold_daily_state_hold_reference,17.077648162841797,-0.013998880706234229,0.45700676730826983,-0.15180602501893958,-0.20962211538690545,benchmark_features_adjusted_close_exact_reference,False,True,False,False,False,False,False,False,False,True,False
2020-03-16,0050,buy_hold_daily_state_hold_reference,16.29755973815918,-0.045678914171564,0.3904522802370076,-0.19055060480293706,-0.20962211538690545,benchmark_features_adjusted_close_exact_reference,False,True,False,False,False,False,False,False,False,True,False
2020-03-17,0050,buy_hold_daily_state_hold_reference,15.781012535095217,-0.03169475745835226,0.34638223245748256,-0.21620590705851805,-0.21620590705851805,benchmark_features_adjusted_close_exact_reference,False,True,False,False,False,False,False,False,False,True,False
2020-03-18,0050,buy_hold_daily_state_hold_reference,15.348801612854004,-0.02738803491094277,0.3095074688714641,-0.23767248703899002,-0.23767248703899002,benchmark_features_adjusted_close_exact_reference,False,True,False,False,False,False,False,False,False,True,False
2020-03-19,0050,buy_hold_daily_state_hold_reference,14.452753067016602,-0.05837905580113811,0.2330596592742098,-0.28217644745688364,-0.28217644745688364,benchmark_features_adjusted_close_exact_reference,False,True,False,False,False,False,False,False,False,True,False
2020-03-20,0050,buy_hold_daily_state_hold_reference,15.601801872253418,0.07950380110341215,0.3310925891737877,-0.225106746508151,-0.28217644745688364,benchmark_features_adjusted_close_exact_reference,False,True,False,False,False,False,False,False,False,True,False
2020-03-23,0050,buy_hold_daily_state_hold_reference,14.927130699157717,-0.0432431573365607,0.27353194291061556,-0.2586155773879385,-0.28217644745688364,benchmark_features_adjusted_close_exact_reference,False,True,False,False,False,False,False,False,False,True,False
2020-03-24,0050,buy_hold_daily_state_hold_reference,15.654512405395508,0.04872883616399459,0.33558967230632075,-0.22248877732393757,-0.28217644745688364,benchmark_features_adjusted_close_exact_reference,False,True,False,False,False,False,False,False,False,True,False
2020-03-25,0050,buy_hold_daily_state_hold_reference,16.20268440246582,0.03501686816392824,0.3823578397825753,-0.19526276934351516,-0.28217644745688364,benchmark_features_adjusted_close_exact_reference,False,True,False,False,False,False,False,False,False,True,False
2020-03-26,0050,buy_hold_daily_state_hold_reference,16.276473999023438,0.004554158726092883,0.38865331680120385,-0.1915978682623093,-0.28217644745688364,benchmark_features_adjusted_close_exact_reference,False,True,False,False,False,False,False,False,False,True,False
2020-03-27,0050,buy_hold_daily_state_hold_reference,16.149974822998047,-0.007771902933828345,0.37786083801428605,-0.1978806911616745,-0.28217644745688364,benchmark_features_adjusted_close_exact_reference,False,True,False,False,False,False,False,False,False,True,False
2020-03-30,0050,buy_hold_daily_state_hold_reference,15.991847038269045,-0.00979120936484823,0.3643699140736629,-0.205734409250098,-0.28217644745688364,benchmark_features_adjusted_close_exact_reference,False,True,False,False,False,False,False,False,False,True,False
2020-03-31,0050,buy_hold_daily_state_hold_reference,16.055095672607422,0.003955054984394302,0.3697660721028777,-0.2025930451664696,-0.28217644745688364,benchmark_features_adjusted_close_exact_reference,False,True,False,False,False,False,False,False,False,True,False
2020-04-01,0050,buy_hold_daily_state_hold_reference,16.00239372253418,-0.0032825684223831697,0.36526972124854074,-0.20521058805619496,-0.28217644745688364,benchmark_features_adjusted_close_exact_reference,False,True,False,False,False,False,False,False,False,True,False
2020-04-06,0050,buy_hold_daily_state_hold_reference,16.244850158691406,0.015151260515219311,0.38595527846871835,-0.1931685266210964,-0.28217644745688364,benchmark_features_adjusted_close_exact_reference,False,True,False,False,False,False,False,False,False,True,False
2020-04-07,0050,buy_hold_daily_state_hold_reference,16.550561904907227,0.018818994526228705,0.41203756326781904,-0.17798476953998965,-0.28217644745688364,benchmark_features_adjusted_close_exact_reference,False,True,False,False,False,False,False,False,False,True,False
2020-04-08,0050,buy_hold_daily_state_hold_reference,16.782480239868164,0.014012716685599225,0.43182404559131515,-0.16646610300430587,-0.28217644745688364,benchmark_features_adjusted_close_exact_reference,False,True,False,False,False,False,False,False,False,True,False
2020-04-09,0050,buy_hold_daily_state_hold_reference,16.70868682861328,-0.004397050388272206,0.42552824311571036,-0.17013119354972883,-0.28217644745688364,benchmark_features_adjusted_close_exact_reference,False,True,False,False,False,False,False,False,False,True,False
2020-04-10,0050,buy_hold_daily_state_hold_reference,16.71923065185547,0.0006310384143493053,0.42642780619785614,-0.16960751445398858,-0.28217644745688364,benchmark_features_adjusted_close_exact_reference,False,True,False,False,False,False,False,False,False,True,False
2020-04-13,0050,buy_hold_daily_state_hold_reference,16.613813400268555,-0.006305149667590437,0.41743396538976607,-0.17484326335819855,-0.28217644745688364,benchmark_features_adjusted_close_exact_reference,False,True,False,False,False,False,False,False,False,True,False
2020-04-14,0050,buy_hold_daily_state_hold_reference,17.067108154296875,0.027284208815117283,0.4561075296831001,-0.15232951465046296,-0.28217644745688364,benchmark_features_adjusted_close_exact_reference,False,True,False,False,False,False,False,False,False,True,False
2020-04-15,0050,buy_hold_daily_state_hold_reference,17.119813919067383,0.0030881485190119573,0.4606042059944131,-0.1497117822965206,-0.28217644745688364,benchmark_features_adjusted_close_exact_reference,False,True,False,False,False,False,False,False,False,True,False
2020-04-16,0050,buy_hold_daily_state_hold_reference,17.035484313964844,-0.00492584823066422,0.4534094913506148,-0.15390017300924996,-0.28217644745688364,benchmark_features_adjusted_close_exact_reference,False,True,False,False,False,False,False,False,False,True,False
2020-04-17,0050,buy_hold_daily_state_hold_reference,17.552026748657227,0.030321558528802584,0.4974791323089196,-0.12824510758394025,-0.28217644745688364,benchmark_features_adjusted_close_exact_reference,False,True,False,False,False,False,False,False,False,True,False
2020-04-20,0050,buy_hold_daily_state_hold_reference,17.499319076538086,-0.0030029393684221084,0.4929822932691186,-0.130862934669991,-0.28217644745688364,benchmark_features_adjusted_close_exact_reference,False,True,False,False,False,False,False,False,False,True,False
2020-04-21,0050,buy_hold_daily_state_hold_reference,16.993314743041992,-0.028915658448362747,0.4498117272074953,-0.15599460519588593,-0.28217644745688364,benchmark_features_adjusted_close_exact_reference,False,True,False,False,False,False,False,False,False,True,False
2020-04-22,0050,buy_hold_daily_state_hold_reference,16.993314743041992,0.0,0.4498117272074953,-0.15599460519588593,-0.28217644745688364,benchmark_features_adjusted_close_exact_reference,False,True,False,False,False,False,False,False,False,True,False
2020-04-23,0050,buy_hold_daily_state_hold_reference,17.05656623840332,0.0037221399307763026,0.4552081293294423,-0.15285309901409472,-0.28217644745688364,benchmark_features_adjusted_close_exact_reference,False,True,False,False,False,False,False,False,False,True,False
2020-04-24,0050,buy_hold_daily_state_hold_reference,17.05656623840332,0.0,0.4552081293294423,-0.15285309901409472,-0.28217644745688364,benchmark_features_adjusted_close_exact_reference,False,True,False,False,False,False,False,False,False,True,False
2020-04-27,0050,buy_hold_daily_state_hold_reference,17.404447555541992,0.020395741574022574,0.4848881782716623,-0.13557490974635222,-0.28217644745688364,benchmark_features_adjusted_close_exact_reference,False,True,False,False,False,False,False,False,False,True,False
2020-04-28,0050,buy_hold_daily_state_hold_reference,17.404447555541992,0.0,0.4848881782716623,-0.13557490974635222,-0.28217644745688364,benchmark_features_adjusted_close_exact_reference,False,True,False,False,False,False,False,False,False,True,False
2020-04-29,0050,buy_hold_daily_state_hold_reference,17.646902084350586,0.013930607566534858,0.5055735727633519,-0.12353294304336204,-0.28217644745688364,benchmark_features_adjusted_close_exact_reference,False,True,False,False,False,False,False,False,False,True,False
2020-04-30,0050,buy_hold_daily_state_hold_reference,18.02640724182129,0.02150548326594115,0.5379516600380574,-0.10468409541683243,-0.28217644745688364,benchmark_features_adjusted_close_exact_reference,False,True,False,False,False,False,False,False,False,True,False
2020-05-04,0050,buy_hold_daily_state_hold_reference,17.499319076538086,-0.029239779075908023,0.4929822932691186,-0.130862934669991,-0.28217644745688364,benchmark_features_adjusted_close_exact_reference,False,True,False,False,False,False,False,False,False,True,False
2020-05-05,0050,buy_hold_daily_state_hold_reference,17.58365249633789,0.004819240076196607,0.5001773333698929,-0.12667435449304476,-0.28217644745688364,benchmark_features_adjusted_close_exact_reference,False,True,False,False,False,False,False,False,False,True,False
2020-05-06,0050,buy_hold_daily_state_hold_reference,17.604738235473633,0.0011991671889632904,0.5019762968056967,-0.12562709103367253,-0.28217644745688364,benchmark_features_adjusted_close_exact_reference,False,True,False,False,False,False,False,False,False,True,False
2020-05-07,0050,buy_hold_daily_state_hold_reference,17.67852783203125,0.004191462296720294,0.5082717738243254,-0.12196218995246644,-0.28217644745688364,benchmark_features_adjusted_close_exact_reference,False,True,False,False,False,False,False,False,False,True,False
2020-05-08,0050,buy_hold_daily_state_hold_reference,17.783946990966797,0.005963118645238241,0.5172657773609035,-0.11672634631614809,-0.28217644745688364,benchmark_features_adjusted_close_exact_reference,False,True,False,False,False,False,False,False,False,True,False
2020-05-11,0050,buy_hold_daily_state_hold_reference,17.93153190612793,0.008298771652665016,0.5298572195836251,-0.10939625995741054,-0.28217644745688364,benchmark_features_adjusted_close_exact_reference,False,True,False,False,False,False,False,False,False,True,False
2020-05-12,0050,buy_hold_daily_state_hold_reference,17.7206974029541,-0.011757751890778323,0.5118695379674447,-0.11986775776583058,-0.28217644745688364,benchmark_features_adjusted_close_exact_reference,False,True,False,False,False,False,False,False,False,True,False
2020-05-13,0050,buy_hold_daily_state_hold_reference,17.77341079711914,0.0029746794365017593,0.51636686519271,-0.11724964648345437,-0.28217644745688364,benchmark_features_adjusted_close_exact_reference,False,True,False,False,False,False,False,False,False,True,False
2020-05-14,0050,buy_hold_daily_state_hold_reference,17.562572479248047,-0.01186256933335883,0.4983788581195536,-0.1277213337560914,-0.28217644745688364,benchmark_features_adjusted_close_exact_reference,False,True,False,False,False,False,False,False,False,True,False
2020-05-15,0050,buy_hold_daily_state_hold_reference,17.67852783203125,0.006602412768415,0.5082717738243254,-0.12196218995246644,-0.28217644745688364,benchmark_features_adjusted_close_exact_reference,False,True,False,False,False,False,False,False,False,True,False
2020-05-18,0050,buy_hold_daily_state_hold_reference,17.53094482421875,-0.008348150321945802,0.49568049433009187,-0.1292921815790955,-0.28217644745688364,benchmark_features_adjusted_close_exact_reference,False,True,False,False,False,False,False,False,False,True,False
2020-05-19,0050,buy_hold_daily_state_hold_reference,17.689069747924805,0.009019760503016672,0.5091711741779832,-0.12143860558883468,-0.28217644745688364,benchmark_features_adjusted_close_exact_reference,False,True,False,False,False,False,False,False,False,True,False
2020-05-20,0050,buy_hold_daily_state_hold_reference,17.66798973083496,-0.0011916973244066043,0.5073726989276437,-0.12248558485188143,-0.28217644745688364,benchmark_features_adjusted_close_exact_reference,False,True,False,False,False,False,False,False,False,True,False
2020-05-21,0050,buy_hold_daily_state_hold_reference,17.81557273864746,0.008353129589776298,0.519963978421877,-0.11515559322525248,-0.28217644745688364,benchmark_features_adjusted_close_exact_reference,False,True,False,False,False,False,False,False,False,True,False
2020-05-22,0050,buy_hold_daily_state_hold_reference,17.48877716064453,-0.01834325411801152,0.4920828929154606,-0.13138651903362297,-0.28217644745688364,benchmark_features_adjusted_close_exact_reference,False,True,False,False,False,False,False,False,False,True,False
2020-05-25,0050,buy_hold_daily_state_hold_reference,17.604738235473633,0.006630599370323731,0.5019762968056967,-0.12562709103367253,-0.28217644745688364,benchmark_features_adjusted_close_exact_reference,False,True,False,False,False,False,False,False,False,True,False
2020-05-26,0050,buy_hold_daily_state_hold_reference,17.80503273010254,0.011377306038286461,0.5190647407967073,-0.11567908285677586,-0.28217644745688364,benchmark_features_adjusted_close_exact_reference,False,True,False,False,False,False,False,False,False,True,False
2020-05-27,0050,buy_hold_daily_state_hold_reference,17.783946990966797,-0.0011842572521696404,0.5172657773609035,-0.11672634631614809,-0.28217644745688364,benchmark_features_adjusted_close_exact_reference,False,True,False,False,False,False,False,False,False,True,False
2020-05-28,0050,buy_hold_daily_state_hold_reference,17.67852783203125,-0.005927770645576813,0.5082717738243254,-0.12196218995246644,-0.28217644745688364,benchmark_features_adjusted_close_exact_reference,False,True,False,False,False,False,False,False,False,True,False
2020-05-29,0050,buy_hold_daily_state_hold_reference,17.80503273010254,0.0071558502649795575,0.5190647407967073,-0.11567908285677586,-0.28217644745688364,benchmark_features_adjusted_close_exact_reference,False,True,False,False,False,False,False,False,False,True,False
2020-06-01,0050,buy_hold_daily_state_hold_reference,17.899904251098633,0.005328354203791852,0.5271588557941633,-0.11096710778041474,-0.28217644745688364,benchmark_features_adjusted_close_exact_reference,False,True,False,False,False,False,False,False,False,True,False
2020-06-02,0050,buy_hold_daily_state_hold_reference,17.984243392944336,0.004711709105400752,0.5343543840804021,-0.10677824340714293,-0.28217644745688364,benchmark_features_adjusted_close_exact_reference,False,True,False,False,False,False,False,False,False,True,False
2020-06-03,0050,buy_hold_daily_state_hold_reference,18.30049514770508,0.017584935204158825,0.561335906504673,-0.09107099669451257,-0.28217644745688364,benchmark_features_adjusted_close_exact_reference,False,True,False,False,False,False,False,False,False,True,False
2020-06-04,0050,buy_hold_daily_state_hold_reference,18.469158172607425,0.0092163093698312,0.5757256612492458,-0.08269402580483698,-0.28217644745688364,benchmark_features_adjusted_close_exact_reference,False,True,False,False,False,False,False,False,False,True,False
2020-06-05,0050,buy_hold_daily_state_hold_reference,18.62728881835937,0.008561876197826779,0.5892168292826006,-0.07484016561825113,-0.28217644745688364,benchmark_features_adjusted_close_exact_reference,False,True,False,False,False,False,False,False,False,True,False
2020-06-08,0050,buy_hold_daily_state_hold_reference,18.869749069213867,0.013016400465940103,0.6099027119597547,-0.06279791471893537,-0.28217644745688364,benchmark_features_adjusted_close_exact_reference,False,True,False,False,False,False,False,False,False,True,False
2020-06-09,0050,buy_hold_daily_state_hold_reference,18.890832901000977,0.0011173350376718627,0.6117015126670702,-0.06175074599167174,-0.28217644745688364,benchmark_features_adjusted_close_exact_reference,False,True,False,False,False,False,False,False,False,True,False
2020-06-10,0050,buy_hold_daily_state_hold_reference,19.07004165649414,0.00948654601056087,0.626990993222277,-0.052850001274147185,-0.28217644745688364,benchmark_features_adjusted_close_exact_reference,False,True,False,False,False,False,False,False,False,True,False
2020-06-11,0050,buy_hold_daily_state_hold_reference,18.774871826171875,-0.015478195362082392,0.6018081087768343,-0.06751017399162196,-0.28217644745688364,benchmark_features_adjusted_close_exact_reference,False,True,False,False,False,False,False,False,False,True,False
2020-06-12,0050,buy_hold_daily_state_hold_reference,18.606204986572266,-0.008983647992978017,0.5874180285752852,-0.07588733434551465,-0.28217644745688364,benchmark_features_adjusted_close_exact_reference,False,True,False,False,False,False,False,False,False,True,False
2020-06-15,0050,buy_hold_daily_state_hold_reference,18.34266471862793,-0.014164106443765867,0.5649336706477921,-0.08897656450787683,-0.28217644745688364,benchmark_features_adjusted_close_exact_reference,False,True,False,False,False,False,False,False,False,True,False
2020-06-16,0050,buy_hold_daily_state_hold_reference,18.74324607849121,0.02183877675398338,0.5991099077158608,-0.06908092708251756,-0.28217644745688364,benchmark_features_adjusted_close_exact_reference,False,True,False,False,False,False,False,False,False,True,False
2020-06-17,0050,buy_hold_daily_state_hold_reference,18.76433181762696,0.0011249779812658733,0.600908871151665,-0.068033663623145,-0.28217644745688364,benchmark_features_adjusted_close_exact_reference,False,True,False,False,False,False,False,False,False,True,False
2020-06-18,0050,buy_hold_daily_state_hold_reference,18.74324607849121,-0.0011237138279520664,0.5991099077158608,-0.06908092708251756,-0.28217644745688364,benchmark_features_adjusted_close_exact_reference,False,True,False,False,False,False,False,False,False,True,False
2020-06-19,0050,buy_hold_daily_state_hold_reference,18.73270606994629,-0.0005623363477587073,0.5982106700906911,-0.06960441671404083,-0.28217644745688364,benchmark_features_adjusted_close_exact_reference,False,True,False,False,False,False,False,False,False,True,False
2020-06-22,0050,buy_hold_daily_state_hold_reference,18.774871826171875,0.00225091644891795,0.6018081087768343,-0.06751017399162196,-0.28217644745688364,benchmark_features_adjusted_close_exact_reference,False,True,False,False,False,False,False,False,False,True,False
2020-06-23,0050,buy_hold_daily_state_hold_reference,18.85920524597168,0.004491823996489064,0.6090031488776086,-0.06332159381467573,-0.28217644745688364,benchmark_features_adjusted_close_exact_reference,False,True,False,False,False,False,False,False,False,True,False
2020-06-24,0050,buy_hold_daily_state_hold_reference,18.97516822814941,0.006148879587728251,0.6188967154963325,-0.05756207108261702,-0.28217644745688364,benchmark_features_adjusted_close_exact_reference,False,True,False,False,False,False,False,False,False,True,False
2020-06-29,0050,buy_hold_daily_state_hold_reference,18.785415649414062,-0.010000047243525989,0.6027076718589801,-0.06698649489588171,-0.28217644745688364,benchmark_features_adjusted_close_exact_reference,False,True,False,False,False,False,False,False,False,True,False
2020-06-30,0050,buy_hold_daily_state_hold_reference,18.954084396362305,0.00897870721074523,0.6170979147890172,-0.05860923980988053,-0.28217644745688364,benchmark_features_adjusted_close_exact_reference,False,True,False,False,False,False,False,False,False,True,False
2020-07-01,0050,buy_hold_daily_state_hold_reference,19.08058357238769,0.006673979780825734,0.6278903935759346,-0.05232641691051554,-0.28217644745688364,benchmark_features_adjusted_close_exact_reference,False,True,False,False,False,False,False,False,False,True,False
2020-07-02,0050,buy_hold_daily_state_hold_reference,19.29142189025879,0.011049888336550184,0.6458784006490914,-0.041854729637878285,-0.28217644745688364,benchmark_features_adjusted_close_exact_reference,False,True,False,False,False,False,False,False,False,True,False
2020-07-03,0050,buy_hold_daily_state_hold_reference,19.512794494628903,0.011475183406874478,0.6647651571619531,-0.03085983693004357,-0.28217644745688364,benchmark_features_adjusted_close_exact_reference,False,True,False,False,False,False,False,False,False,True,False
2020-07-06,0050,buy_hold_daily_state_hold_reference,19.850133895874023,0.01728811326014723,0.6935458057505155,-0.014105232025932724,-0.28217644745688364,benchmark_features_adjusted_close_exact_reference,False,True,False,False,False,False,False,False,False,True,False
2020-07-07,0050,buy_hold_daily_state_hold_reference,19.92392349243164,0.0037173349532395594,0.6998412827691443,-0.010440330944726628,-0.28217644745688364,benchmark_features_adjusted_close_exact_reference,False,True,False,False,False,False,False,False,False,True,False
2020-07-08,0050,buy_hold_daily_state_hold_reference,20.060964584350582,0.006878218136653569,0.7115331619097194,-0.003633923681729767,-0.28217644745688364,benchmark_features_adjusted_close_exact_reference,False,True,False,False,False,False,False,False,False,True,False
2020-07-09,0050,buy_hold_daily_state_hold_reference,20.124217987060547,0.003153058889267424,0.7169297267601547,-0.0004923227678300668,-0.28217644745688364,benchmark_features_adjusted_close_exact_reference,False,True,False,False,False,False,False,False,False,True,False
2020-07-10,0050,buy_hold_daily_state_hold_reference,19.955551147460938,-0.008381286652135223,0.7025396465586058,-0.008869483121722643,-0.28217644745688364,benchmark_features_adjusted_close_exact_reference,False,True,False,False,False,False,False,False,False,True,False
2020-07-13,0050,buy_hold_daily_state_hold_reference,20.25072288513184,0.014791460054885963,0.727722693732537,0.0,-0.28217644745688364,benchmark_features_adjusted_close_exact_reference,False,True,False,False,False,False,False,False,False,True,False
2020-07-14,0050,buy_hold_daily_state_hold_reference,20.3772201538086,0.00624655571034638,0.738515009790967,0.0,-0.28217644745688364,benchmark_features_adjusted_close_exact_reference,False,True,False,False,False,False,False,False,False,True,False
2020-07-15,0050,buy_hold_daily_state_hold_reference,20.4615535736084,0.004138612586174428,0.7457100498917408,0.0,-0.28217644745688364,benchmark_features_adjusted_close_exact_reference,False,True,False,False,False,False,False,False,False,True,False
2020-07-16,0050,buy_hold_daily_state_hold_reference,20.261260986328125,-0.009788728239023547,0.7286217686292182,-0.009788728239023659,-0.28217644745688364,benchmark_features_adjusted_close_exact_reference,False,True,False,False,False,False,False,False,False,True,False
2020-07-17,0050,buy_hold_daily_state_hold_reference,20.49318122863769,0.011446486103015019,0.7484084136812021,0.0,-0.28217644745688364,benchmark_features_adjusted_close_exact_reference,False,True,False,False,False,False,False,False,False,True,False
2020-07-20,0050,buy_hold_daily_state_hold_reference,20.4615535736084,-0.0015433257860959504,0.7457100498917408,-0.0015433257860959504,-0.28217644745688364,benchmark_features_adjusted_close_exact_reference,False,True,False,False,False,False,False,False,False,True,False
2020-07-21,0050,buy_hold_daily_state_hold_reference,20.96061134338379,0.024390023366509306,0.7882879587997504,0.0,-0.28217644745688364,benchmark_features_adjusted_close_exact_reference,False,True,False,False,False,False,False,False,False,True,False
2020-07-22,0050,buy_hold_daily_state_hold_reference,21.013710021972656,0.0025332600141754202,0.7928181571796094,0.0,-0.28217644745688364,benchmark_features_adjusted_close_exact_reference,False,True,False,False,False,False,False,False,False,True,False
2020-07-23,0050,buy_hold_daily_state_hold_reference,20.992469787597656,-0.0010107798362493092,0.7910060127362706,-0.0010107798362493092,-0.28217644745688364,benchmark_features_adjusted_close_exact_reference,False,True,False,False,False,False,False,False,False,True,False
2020-07-24,0050,buy_hold_daily_state_hold_reference,20.91814422607422,-0.0035405820408682676,0.7846648090124895,-0.004547783128182048,-0.28217644745688364,benchmark_features_adjusted_close_exact_reference,False,True,False,False,False,False,False,False,False,True,False
2020-07-27,0050,buy_hold_daily_state_hold_reference,21.937503814697266,0.04873088059850095,0.8716330967288237,0.0,-0.28217644745688364,benchmark_features_adjusted_close_exact_reference,False,True,False,False,False,False,False,False,False,True,False
2020-07-28,0050,buy_hold_daily_state_hold_reference,22.001209259033203,0.002903951373595115,0.8770682282309354,0.0,-0.28217644745688364,benchmark_features_adjusted_close_exact_reference,False,True,False,False,False,False,False,False,False,True,False
2020-07-29,0050,buy_hold_daily_state_hold_reference,21.77823066711425,-0.010134833467274174,0.8580444543311034,-0.010134833467274174,-0.28217644745688364,benchmark_features_adjusted_close_exact_reference,False,True,False,False,False,False,False,False,False,True,False
2020-07-30,0050,buy_hold_daily_state_hold_reference,22.09678268432617,0.014627084361492182,0.8852222273120074,0.0,-0.28217644745688364,benchmark_features_adjusted_close_exact_reference,False,True,False,False,False,False,False,False,False,True,False
2020-07-31,0050,buy_hold_daily_state_hold_reference,22.04369163513184,-0.002402659697241294,0.8806926798461014,-0.002402659697241294,-0.28217644745688364,benchmark_features_adjusted_close_exact_reference,False,True,False,False,False,False,False,False,False,True,False
2020-08-03,0050,buy_hold_daily_state_hold_reference,21.661426544189453,-0.017341246523933207,0.8480791244491335,-0.019702241107051544,-0.28217644745688364,benchmark_features_adjusted_close_exact_reference,False,True,False,False,False,False,False,False,False,True,False
2020-08-04,0050,buy_hold_daily_state_hold_reference,21.937503814697266,0.012745110297542661,0.8716330967288237,-0.00720823804552706,-0.28217644745688364,benchmark_features_adjusted_close_exact_reference,False,True,False,False,False,False,False,False,False,True,False
2020-08-05,0050,buy_hold_daily_state_hold_reference,22.14986991882324,0.009680504487648012,0.8897514493209377,0.0,-0.28217644745688364,benchmark_features_adjusted_close_exact_reference,False,True,False,False,False,False,False,False,False,True,False
2020-08-06,0050,buy_hold_daily_state_hold_reference,22.383474349975582,0.010546537384123589,0.9096817836279028,0.0,-0.28217644745688364,benchmark_features_adjusted_close_exact_reference,False,True,False,False,False,False,False,False,False,True,False
2020-08-07,0050,buy_hold_daily_state_hold_reference,22.22420310974121,-0.007115572754439081,0.8960933039586716,-0.00711557275443897,-0.28217644745688364,benchmark_features_adjusted_close_exact_reference,False,True,False,False,False,False,False,False,False,True,False
2020-08-10,0050,buy_hold_daily_state_hold_reference,22.42595100402832,0.009077846044283078,0.9133057470576045,0.0,-0.28217644745688364,benchmark_features_adjusted_close_exact_reference,False,True,False,False,False,False,False,False,False,True,False
2020-08-11,0050,buy_hold_daily_state_hold_reference,22.256053924560547,-0.007575914146840668,0.8988107069812392,-0.007575914146840668,-0.28217644745688364,benchmark_features_adjusted_close_exact_reference,False,True,False,False,False,False,False,False,False,True,False
2020-08-12,0050,buy_hold_daily_state_hold_reference,21.9268856048584,-0.014790057609399332,0.8707271872356426,-0.022253923549564236,-0.28217644745688364,benchmark_features_adjusted_close_exact_reference,False,True,False,False,False,False,False,False,False,True,False
2020-08-13,0050,buy_hold_daily_state_hold_reference,22.139253616333008,0.0096852793096871,0.8888457025562448,-0.012784179705191301,-0.28217644745688364,benchmark_features_adjusted_close_exact_reference,False,True,False,False,False,False,False,False,False,True,False
2020-08-14,0050,buy_hold_daily_state_hold_reference,22.192344665527344,0.002398050544719643,0.8933752500221515,-0.010416786269577316,-0.28217644745688364,benchmark_features_adjusted_close_exact_reference,False,True,False,False,False,False,False,False,False,True,False
2020-08-17,0050,buy_hold_daily_state_hold_reference,22.42595100402832,0.010526437923607634,0.9133057470576045,0.0,-0.28217644745688364,benchmark_features_adjusted_close_exact_reference,False,True,False,False,False,False,False,False,False,True,False
2020-08-18,0050,buy_hold_daily_state_hold_reference,22.298524856567383,-0.005682084449308178,0.9024341822254764,-0.005682084449308178,-0.28217644745688364,benchmark_features_adjusted_close_exact_reference,False,True,False,False,False,False,False,False,False,True,False
2020-08-19,0050,buy_hold_daily_state_hold_reference,22.139253616333008,-0.007142680570076609,0.8888457025562448,-0.012784179705191301,-0.28217644745688364,benchmark_features_adjusted_close_exact_reference,False,True,False,False,False,False,False,False,False,True,False
2020-08-20,0050,buy_hold_daily_state_hold_reference,21.364112854003903,-0.03501205486698311,0.8227133331830805,-0.047348634170906734,-0.28217644745688364,benchmark_features_adjusted_close_exact_reference,False,True,False,False,False,False,False,False,False,True,False
2020-08-21,0050,buy_hold_daily_state_hold_reference,21.8313217163086,0.021868863242647363,0.8625740017970114,-0.026515231733668987,-0.28217644745688364,benchmark_features_adjusted_close_exact_reference,False,True,False,False,False,False,False,False,False,True,False
2020-08-24,0050,buy_hold_daily_state_hold_reference,21.8950309753418,0.0029182502031293023,0.8680094587560989,-0.02367435961093245,-0.28217644745688364,benchmark_features_adjusted_close_exact_reference,False,True,False,False,False,False,False,False,False,True,False
2020-08-25,0050,buy_hold_daily_state_hold_reference,22.064922332763672,0.0077593567971292465,0.8825040106469995,-0.016098700616968165,-0.28217644745688364,benchmark_features_adjusted_close_exact_reference,False,True,False,False,False,False,False,False,False,True,False
2020-08-26,0050,buy_hold_daily_state_hold_reference,22.14986991882324,0.0038498928198551496,0.8897514493209377,-0.012310786069027357,-0.28217644745688364,benchmark_features_adjusted_close_exact_reference,False,True,False,False,False,False,False,False,False,True,False
2020-08-27,0050,buy_hold_daily_state_hold_reference,22.20296287536621,0.002396987284239316,0.8942811595153328,-0.009943307582454541,-0.28217644745688364,benchmark_features_adjusted_close_exact_reference,False,True,False,False,False,False,False,False,False,True,False
2020-08-28,0050,buy_hold_daily_state_hold_reference,21.97997665405273,-0.010043084004832448,0.8752567347015487,-0.019886530113950585,-0.28217644745688364,benchmark_features_adjusted_close_exact_reference,False,True,False,False,False,False,False,False,False,True,False
2020-08-31,0050,buy_hold_daily_state_hold_reference,21.618953704833984,-0.016425083379339234,0.8444554864764082,-0.03598497557804248,-0.28217644745688364,benchmark_features_adjusted_close_exact_reference,False,True,False,False,False,False,False,False,False,True,False
2020-09-01,0050,buy_hold_daily_state_hold_reference,21.948122024536133,0.01522591352922631,0.8725390062220051,-0.021306966175318798,-0.28217644745688364,benchmark_features_adjusted_close_exact_reference,False,True,False,False,False,False,False,False,False,True,False
2020-09-02,0050,buy_hold_daily_state_hold_reference,21.87379646301269,-0.0033864200973710012,0.8661978024982238,-0.024621231934219723,-0.28217644745688364,benchmark_features_adjusted_close_exact_reference,False,True,False,False,False,False,False,False,False,True,False
2020-09-03,0050,buy_hold_daily_state_hold_reference,21.937503814697266,0.0029124963191597963,0.8716330967288237,-0.021780444862441573,-0.28217644745688364,benchmark_features_adjusted_close_exact_reference,False,True,False,False,False,False,False,False,False,True,False
2020-09-04,0050,buy_hold_daily_state_hold_reference,21.77823066711425,-0.007260313157247511,0.8580444543311034,-0.028882625169283638,-0.28217644745688364,benchmark_features_adjusted_close_exact_reference,False,True,False,False,False,False,False,False,False,True,False
2020-09-07,0050,buy_hold_daily_state_hold_reference,21.746376037597656,-0.0014626821619947439,0.8553267258515602,-0.03030306123065163,-0.28217644745688364,benchmark_features_adjusted_close_exact_reference,False,True,False,False,False,False,False,False,False,True,False
2020-09-08,0050,buy_hold_daily_state_hold_reference,21.87379646301269,0.00585938664882546,0.8661978024982238,-0.024621231934219723,-0.28217644745688364,benchmark_features_adjusted_close_exact_reference,False,True,False,False,False,False,False,False,False,True,False
2020-09-09,0050,buy_hold_daily_state_hold_reference,21.725135803222656,-0.0067962898000542005,0.8535145814082215,-0.03125018870681462,-0.28217644745688364,benchmark_features_adjusted_close_exact_reference,False,True,False,False,False,False,False,False,False,True,False
2020-09-10,0050,buy_hold_daily_state_hold_reference,21.91626739501953,0.008797716779681775,0.8698212777424612,-0.022727402236687122,-0.28217644745688364,benchmark_features_adjusted_close_exact_reference,False,True,False,False,False,False,False,False,False,True,False
2020-09-11,0050,buy_hold_daily_state_hold_reference,21.9268856048584,0.00048448988358673617,0.8707271872356426,-0.022253923549564236,-0.28217644745688364,benchmark_features_adjusted_close_exact_reference,False,True,False,False,False,False,False,False,False,True,False
2020-09-14,0050,buy_hold_daily_state_hold_reference,22.20296287536621,0.012590810910539929,0.8942811595153328,-0.009943307582454541,-0.28217644745688364,benchmark_features_adjusted_close_exact_reference,False,True,False,False,False,False,False,False,False,True,False
2020-09-15,0050,buy_hold_daily_state_hold_reference,22.28790855407715,0.0038258713122105714,0.9015284354607833,-0.006155478085472232,-0.28217644745688364,benchmark_features_adjusted_close_exact_reference,False,True,False,False,False,False,False,False,False,True,False
2020-09-16,0050,buy_hold_daily_state_hold_reference,22.62769889831543,0.015245501542410222,0.9305181901565376,0.0,-0.28217644745688364,benchmark_features_adjusted_close_exact_reference,False,True,False,False,False,False,False,False,False,True,False
2020-09-17,0050,buy_hold_daily_state_hold_reference,22.383474349975582,-0.010793167676366289,0.9096817836279028,-0.0107931676763664,-0.28217644745688364,benchmark_features_adjusted_close_exact_reference,False,True,False,False,False,False,False,False,False,True,False
2020-09-18,0050,buy_hold_daily_state_hold_reference,22.36224174499512,-0.0009485839708563981,0.9078702900985169,-0.011731513421370132,-0.28217644745688364,benchmark_features_adjusted_close_exact_reference,False,True,False,False,False,False,False,False,False,True,False
2020-09-21,0050,buy_hold_daily_state_hold_reference,22.18172645568848,-0.008072325277810877,0.8924693405289703,-0.019709138106842716,-0.28217644745688364,benchmark_features_adjusted_close_exact_reference,False,True,False,False,False,False,False,False,False,True,False
2020-09-22,0050,buy_hold_daily_state_hold_reference,21.8950309753418,-0.012924849691902884,0.8680094587560989,-0.03237925015115761,-0.28217644745688364,benchmark_features_adjusted_close_exact_reference,False,True,False,False,False,False,False,False,False,True,False
2020-09-23,0050,buy_hold_daily_state_hold_reference,21.863176345825195,-0.0014548793994618725,0.8652917302765546,-0.03378702164660463,-0.28217644745688364,benchmark_features_adjusted_close_exact_reference,False,True,False,False,False,False,False,False,False,True,False
2020-09-24,0050,buy_hold_daily_state_hold_reference,21.332258224487305,-0.024283668252955803,0.8199956047035368,-0.05725021707463884,-0.28217644745688364,benchmark_features_adjusted_close_exact_reference,False,True,False,False,False,False,False,False,False,True,False
2020-09-25,0050,buy_hold_daily_state_hold_reference,21.374732971191406,0.0019911040948934478,0.8236194054047501,-0.05537310412139629,-0.28217644745688364,benchmark_features_adjusted_close_exact_reference,False,True,False,False,False,False,False,False,False,True,False
2020-09-28,0050,buy_hold_daily_state_hold_reference,21.725135803222656,0.01639331974362057,0.8535145814082215,-0.03988753337883455,-0.28217644745688364,benchmark_features_adjusted_close_exact_reference,False,True,False,False,False,False,False,False,False,True,False
2020-09-29,0050,buy_hold_daily_state_hold_reference,21.77823066711425,0.0024439370309352615,0.8580444543311034,-0.03754107896779646,-0.28217644745688364,benchmark_features_adjusted_close_exact_reference,False,True,False,False,False,False,False,False,False,True,False
2020-09-30,0050,buy_hold_daily_state_hold_reference,21.87379646301269,0.004388134066499072,0.8661978024982238,-0.033317680188808985,-0.28217644745688364,benchmark_features_adjusted_close_exact_reference,False,True,False,False,False,False,False,False,False,True,False
2020-10-05,0050,buy_hold_daily_state_hold_reference,21.884410858154297,0.00048525619041739354,0.8671033865344291,-0.0328485916089537,-0.28217644745688364,benchmark_features_adjusted_close_exact_reference,False,True,False,False,False,False,False,False,False,True,False
2020-10-06,0050,buy_hold_daily_state_hold_reference,22.139253616333008,0.011644944880193409,0.8888457025562448,-0.02158616676743863,-0.28217644745688364,benchmark_features_adjusted_close_exact_reference,False,True,False,False,False,False,False,False,False,True,False
2020-10-07,0050,buy_hold_daily_state_hold_reference,22.256053924560547,0.005275711198383437,0.8988107069812392,-0.01642433795080034,-0.28217644745688364,benchmark_features_adjusted_close_exact_reference,False,True,False,False,False,False,False,False,False,True,False
2020-10-08,0050,buy_hold_daily_state_hold_reference,22.553367614746094,0.013358778298854235,0.9241764982472922,-0.003284968741336325,-0.28217644745688364,benchmark_features_adjusted_close_exact_reference,False,True,False,False,False,False,False,False,False,True,False
2020-10-12,0050,buy_hold_daily_state_hold_reference,22.7338809967041,0.008003832733165073,0.9395772850883506,0.0,-0.28217644745688364,benchmark_features_adjusted_close_exact_reference,False,True,False,False,False,False,False,False,False,True,False
2020-10-13,0050,buy_hold_daily_state_hold_reference,22.74449920654297,0.00046706542716612454,0.940483194581532,0.0,-0.28217644745688364,benchmark_features_adjusted_close_exact_reference,False,True,False,False,False,False,False,False,False,True,False
2020-10-14,0050,buy_hold_daily_state_hold_reference,22.6595516204834,-0.0037348628909417148,0.9332357559075932,-0.0037348628909418258,-0.28217644745688364,benchmark_features_adjusted_close_exact_reference,False,True,False,False,False,False,False,False,False,True,False
2020-10-15,0050,buy_hold_daily_state_hold_reference,22.44718360900879,-0.00937211887646694,0.915117240586991,-0.01307197818840744,-0.28217644745688364,benchmark_features_adjusted_close_exact_reference,False,True,False,False,False,False,False,False,False,True,False
2020-10-16,0050,buy_hold_daily_state_hold_reference,22.351619720458984,-0.004257277448002528,0.9069640551483591,-0.017273604598467718,-0.28217644745688364,benchmark_features_adjusted_close_exact_reference,False,True,False,False,False,False,False,False,False,True,False
2020-10-19,0050,buy_hold_daily_state_hold_reference,22.638315200805664,0.012826608717052324,0.9314239369212307,-0.004668557648732863,-0.28217644745688364,benchmark_features_adjusted_close_exact_reference,False,True,False,False,False,False,False,False,False,True,False
2020-10-20,0050,buy_hold_daily_state_hold_reference,22.510894775390625,-0.005628529521070735,0.920552860274567,-0.010270810055256874,-0.28217644745688364,benchmark_features_adjusted_close_exact_reference,False,True,False,False,False,False,False,False,False,True,False
2020-10-21,0050,buy_hold_daily_state_hold_reference,22.500274658203125,-0.00047177676824783354,0.9196467880528976,-0.01073774129392957,-0.28217644745688364,benchmark_features_adjusted_close_exact_reference,False,True,False,False,False,False,False,False,False,True,False
2020-10-22,0050,buy_hold_daily_state_hold_reference,22.53213119506836,0.00141582879983293,0.9223646792609295,-0.009337115297465837,-0.28217644745688364,benchmark_features_adjusted_close_exact_reference,False,True,False,False,False,False,False,False,False,True,False
2020-10-23,0050,buy_hold_daily_state_hold_reference,22.53213119506836,0.0,0.9223646792609295,-0.009337115297465837,-0.28217644745688364,benchmark_features_adjusted_close_exact_reference,False,True,False,False,False,False,False,False,False,True,False
2020-10-26,0050,buy_hold_daily_state_hold_reference,22.53213119506836,0.0,0.9223646792609295,-0.009337115297465837,-0.28217644745688364,benchmark_features_adjusted_close_exact_reference,False,True,False,False,False,False,False,False,False,True,False
2020-10-27,0050,buy_hold_daily_state_hold_reference,22.404714584350582,-0.005654885000210941,0.9114939280712415,-0.014939199984435825,-0.28217644745688364,benchmark_features_adjusted_close_exact_reference,False,True,False,False,False,False,False,False,False,True,False
2020-10-28,0050,buy_hold_daily_state_hold_reference,22.298524856567383,-0.004739615288711252,0.9024341822254764,-0.019608009212499722,-0.28217644745688364,benchmark_features_adjusted_close_exact_reference,False,True,False,False,False,False,False,False,False,True,False
2020-10-29,0050,buy_hold_daily_state_hold_reference,22.05430793762207,-0.010952155827177346,0.8815984266107944,-0.030345415067321024,-0.28217644745688364,benchmark_features_adjusted_close_exact_reference,False,True,False,False,False,False,False,False,False,True,False
2020-10-30,0050,buy_hold_daily_state_hold_reference,21.87379646301269,-0.008184862346165334,0.8661978024982238,-0.038281904368323016,-0.28217644745688364,benchmark_features_adjusted_close_exact_reference,False,True,False,False,False,False,False,False,False,True,False
2020-11-02,0050,buy_hold_daily_state_hold_reference,21.958740234375,0.00388335749150559,0.8734449157151865,-0.034547209196935325,-0.28217644745688364,benchmark_features_adjusted_close_exact_reference,False,True,False,False,False,False,False,False,False,True,False
2020-11-03,0050,buy_hold_daily_state_hold_reference,22.21358299255371,0.01160552725059194,0.8951872317370022,-0.02334262052411018,-0.28217644745688364,benchmark_features_adjusted_close_exact_reference,False,True,False,False,False,False,False,False,False,True,False
2020-11-04,0050,buy_hold_daily_state_hold_reference,22.54275131225586,0.014818335241662206,0.9232707514825989,-0.00887018405879314,-0.28217644745688364,benchmark_features_adjusted_close_exact_reference,False,True,False,False,False,False,False,False,False,True,False
2020-11-05,0050,buy_hold_daily_state_hold_reference,22.52151298522949,-0.0009421355331558079,0.9214587697677479,-0.009803962676361522,-0.28217644745688364,benchmark_features_adjusted_close_exact_reference,False,True,False,False,False,False,False,False,False,True,False
2020-11-06,0050,buy_hold_daily_state_hold_reference,22.6595516204834,0.006129190136756835,0.9332357559075932,-0.0037348628909418258,-0.28217644745688364,benchmark_features_adjusted_close_exact_reference,False,True,False,False,False,False,False,False,False,True,False
2020-11-09,0050,buy_hold_daily_state_hold_reference,22.956863403320312,0.013120814913572865,0.9586013844451582,0.0,-0.28217644745688364,benchmark_features_adjusted_close_exact_reference,False,True,False,False,False,False,False,False,False,True,False
2020-11-10,0050,buy_hold_daily_state_hold_reference,22.74449920654297,-0.009250575439963105,0.940483194581532,-0.009250575439963216,-0.28217644745688364,benchmark_features_adjusted_close_exact_reference,False,True,False,False,False,False,False,False,False,True,False
2020-11-11,0050,buy_hold_daily_state_hold_reference,23.09490203857422,0.015406047363331288,0.9703783705850033,0.0,-0.28217644745688364,benchmark_features_adjusted_close_exact_reference,False,True,False,False,False,False,False,False,False,True,False
2020-11-12,0050,buy_hold_daily_state_hold_reference,23.10552215576172,0.00045984681683264306,0.9712844428066727,0.0,-0.28217644745688364,benchmark_features_adjusted_close_exact_reference,False,True,False,False,False,False,False,False,False,True,False
2020-11-13,0050,buy_hold_daily_state_hold_reference,23.20108795166016,0.004136058698617662,0.9794377909737928,0.0,-0.28217644745688364,benchmark_features_adjusted_close_exact_reference,False,True,False,False,False,False,False,False,False,True,False
2020-11-16,0050,buy_hold_daily_state_hold_reference,23.95499420166016,0.03249443524246698,1.0437585040890824,0.0,-0.28217644745688364,benchmark_features_adjusted_close_exact_reference,False,True,False,False,False,False,False,False,False,True,False
2020-11-17,0050,buy_hold_daily_state_hold_reference,24.12488555908203,0.007092105971375995,1.058253055979983,0.0,-0.28217644745688364,benchmark_features_adjusted_close_exact_reference,False,True,False,False,False,False,False,False,False,True,False
2020-11-18,0050,buy_hold_daily_state_hold_reference,24.28415870666504,0.0066020270725408725,1.0718416983777028,0.0,-0.28217644745688364,benchmark_features_adjusted_close_exact_reference,False,True,False,False,False,False,False,False,False,True,False
2020-11-19,0050,buy_hold_daily_state_hold_reference,24.24168586730957,-0.0017489936492554037,1.0682180604049774,-0.0017489936492555147,-0.28217644745688364,benchmark_features_adjusted_close_exact_reference,False,True,False,False,False,False,False,False,False,True,False
2020-11-20,0050,buy_hold_daily_state_hold_reference,24.209829330444336,-0.0013141221711892026,1.0655001691969455,-0.0030608174291129053,-0.28217644745688364,benchmark_features_adjusted_close_exact_reference,False,True,False,False,False,False,False,False,False,True,False
2020-11-23,0050,buy_hold_daily_state_hold_reference,24.51775932312012,0.012719213690967957,1.091771707227692,0.0,-0.28217644745688364,benchmark_features_adjusted_close_exact_reference,False,True,False,False,False,False,False,False,False,True,False
2020-11-24,0050,buy_hold_daily_state_hold_reference,24.40095901489257,-0.004763906305149446,1.0818067028026968,-0.004763906305149446,-0.28217644745688364,benchmark_features_adjusted_close_exact_reference,False,True,False,False,False,False,False,False,False,True,False
2020-11-25,0050,buy_hold_daily_state_hold_reference,24.19921112060547,-0.008268031357454797,1.0645942597037643,-0.012992549535889353,-0.28217644745688364,benchmark_features_adjusted_close_exact_reference,False,True,False,False,False,False,False,False,False,True,False
2020-11-26,0050,buy_hold_daily_state_hold_reference,24.39033889770508,0.007898099493700794,1.080900630581028,-0.0051970664910999664,-0.28217644745688364,benchmark_features_adjusted_close_exact_reference,False,True,False,False,False,False,False,False,False,True,False
2020-11-27,0050,buy_hold_daily_state_hold_reference,24.347869873046875,-0.0017412232292599583,1.0772773180652786,-0.006929240467461573,-0.28217644745688364,benchmark_features_adjusted_close_exact_reference,False,True,False,False,False,False,False,False,False,True,False
2020-11-30,0050,buy_hold_daily_state_hold_reference,24.061176300048828,-0.011774893429811528,1.0528175990208952,-0.01862254282921927,-0.28217644745688364,benchmark_features_adjusted_close_exact_reference,False,True,False,False,False,False,False,False,False,True,False
2020-12-01,0050,buy_hold_daily_state_hold_reference,24.27354049682617,0.008826010587724697,1.0709357888845212,-0.00996089500167563,-0.28217644745688364,benchmark_features_adjusted_close_exact_reference,False,True,False,False,False,False,False,False,False,True,False
2020-12-02,0050,buy_hold_daily_state_hold_reference,24.50714492797852,0.00962383016119528,1.090866123191487,-0.0004329268022299493,-0.28217644745688364,benchmark_features_adjusted_close_exact_reference,False,True,False,False,False,False,False,False,False,True,False
2020-12-03,0050,buy_hold_daily_state_hold_reference,24.50714492797852,0.0,1.090866123191487,-0.0004329268022299493,-0.28217644745688364,benchmark_features_adjusted_close_exact_reference,False,True,False,False,False,False,False,False,False,True,False
2020-12-04,0050,buy_hold_daily_state_hold_reference,24.910642623901367,0.016464492176001988,1.1252911721178407,0.0,-0.28217644745688364,benchmark_features_adjusted_close_exact_reference,False,True,False,False,False,False,False,False,False,True,False
2020-12-07,0050,buy_hold_daily_state_hold_reference,25.14424514770508,0.009377619330445341,1.145221343696318,0.0,-0.28217644745688364,benchmark_features_adjusted_close_exact_reference,False,True,False,False,False,False,False,False,False,True,False
2020-12-08,0050,buy_hold_daily_state_hold_reference,25.49464988708496,0.013935782813184305,1.1751166824282766,0.0,-0.28217644745688364,benchmark_features_adjusted_close_exact_reference,False,True,False,False,False,False,False,False,False,True,False
2020-12-09,0050,buy_hold_daily_state_hold_reference,25.49464988708496,0.0,1.1751166824282766,0.0,-0.28217644745688364,benchmark_features_adjusted_close_exact_reference,False,True,False,False,False,False,False,False,False,True,False
2020-12-10,0050,buy_hold_daily_state_hold_reference,25.186717987060547,-0.012078294912392762,1.1488449816690425,-0.012078294912392762,-0.28217644745688364,benchmark_features_adjusted_close_exact_reference,False,True,False,False,False,False,False,False,False,True,False
2020-12-11,0050,buy_hold_daily_state_hold_reference,25.21857452392578,0.001264814926724478,1.1515628728770748,-0.010828756793362704,-0.28217644745688364,benchmark_features_adjusted_close_exact_reference,False,True,False,False,False,False,False,False,False,True,False
2020-12-14,0050,buy_hold_daily_state_hold_reference,25.11238670349121,-0.004210698758323028,1.142503289759797,-0.014993858918901926,-0.28217644745688364,benchmark_features_adjusted_close_exact_reference,False,True,False,False,False,False,False,False,False,True,False
2020-12-15,0050,buy_hold_daily_state_hold_reference,24.85755157470703,-0.010147786102256529,1.120761624651934,-0.024989490548001814,-0.28217644745688364,benchmark_features_adjusted_close_exact_reference,False,True,False,False,False,False,False,False,False,True,False
2020-12-16,0050,buy_hold_daily_state_hold_reference,25.32475852966309,0.018795373049993014,1.160622130537376,-0.0066638042951879806,-0.28217644745688364,benchmark_features_adjusted_close_exact_reference,False,True,False,False,False,False,False,False,False,True,False
2020-12-17,0050,buy_hold_daily_state_hold_reference,25.186717987060547,-0.005450813773440477,1.1488449816690425,-0.012078294912392762,-0.28217644745688364,benchmark_features_adjusted_close_exact_reference,False,True,False,False,False,False,False,False,False,True,False
2020-12-18,0050,buy_hold_daily_state_hold_reference,25.101770401000977,-0.003372713590679477,1.141597542995104,-0.015410271873668946,-0.28217644745688364,benchmark_features_adjusted_close_exact_reference,False,True,False,False,False,False,False,False,False,True,False
2020-12-21,0050,buy_hold_daily_state_hold_reference,25.345993041992188,0.009729299451383344,1.1624337867952503,-0.005830903571971691,-0.28217644745688364,benchmark_features_adjusted_close_exact_reference,False,True,False,False,False,False,False,False,False,True,False
2020-12-22,0050,buy_hold_daily_state_hold_reference,25.05929946899414,-0.011311199072889577,1.137974067750867,-0.017076148133783775,-0.28217644745688364,benchmark_features_adjusted_close_exact_reference,False,True,False,False,False,False,False,False,False,True,False
2020-12-23,0050,buy_hold_daily_state_hold_reference,25.091154098510746,0.001271169992442145,1.1406917962304113,-0.015826684828435855,-0.28217644745688364,benchmark_features_adjusted_close_exact_reference,False,True,False,False,False,False,False,False,False,True,False
2020-12-24,0050,buy_hold_daily_state_hold_reference,25.229190826416016,0.005501410073180502,1.152468619641768,-0.010412343838595683,-0.28217644745688364,benchmark_features_adjusted_close_exact_reference,False,True,False,False,False,False,False,False,False,True,False
2020-12-25,0050,buy_hold_daily_state_hold_reference,25.261045455932617,0.0012626100351680325,1.1551863481213118,-0.009162880533247875,-0.28217644745688364,benchmark_features_adjusted_close_exact_reference,False,True,False,False,False,False,False,False,False,True,False
2020-12-28,0050,buy_hold_daily_state_hold_reference,25.48403549194336,0.008827427051653292,1.1742110983920715,-0.0004163381410849931,-0.28217644745688364,benchmark_features_adjusted_close_exact_reference,False,True,False,False,False,False,False,False,False,True,False
2020-12-29,0050,buy_hold_daily_state_hold_reference,25.46279525756836,-0.0008334721705168802,1.1723989539487327,-0.0012494633053478088,-0.28217644745688364,benchmark_features_adjusted_close_exact_reference,False,True,False,False,False,False,False,False,False,True,False
2020-12-30,0050,buy_hold_daily_state_hold_reference,25.82381820678711,0.014178449206649457,1.2032002021738735,0.0,-0.28217644745688364,benchmark_features_adjusted_close_exact_reference,False,True,False,False,False,False,False,False,False,True,False
2020-12-31,0050,buy_hold_daily_state_hold_reference,25.96185874938965,0.005345473759812203,1.2149773510422066,0.0,-0.28217644745688364,benchmark_features_adjusted_close_exact_reference,False,True,False,False,False,False,False,False,False,True,False
2021-01-04,0050,buy_hold_daily_state_hold_reference,26.407825469970703,0.017177765463019412,1.2530257124843098,0.0,-0.28217644745688364,benchmark_features_adjusted_close_exact_reference,False,True,False,False,False,False,False,False,False,True,False
2021-01-05,0050,buy_hold_daily_state_hold_reference,26.46091651916504,0.002010428660803809,1.2575552599502164,0.0,-0.28217644745688364,benchmark_features_adjusted_close_exact_reference,False,True,False,False,False,False,False,False,False,True,False
2021-01-06,0050,buy_hold_daily_state_hold_reference,26.74761390686035,0.010834748958437057,1.2820153044515763,0.0,-0.28217644745688364,benchmark_features_adjusted_close_exact_reference,False,True,False,False,False,False,False,False,False,True,False
2021-01-07,0050,buy_hold_daily_state_hold_reference,27.37409782409668,0.023422048763596326,1.3354647781917137,0.0,-0.28217644745688364,benchmark_features_adjusted_close_exact_reference,False,True,False,False,False,False,False,False,False,True,False
2021-01-08,0050,buy_hold_daily_state_hold_reference,27.86254119873047,0.01784326839819439,1.3771371030635184,0.0,-0.28217644745688364,benchmark_features_adjusted_close_exact_reference,False,True,False,False,False,False,False,False,False,True,False
2021-01-11,0050,buy_hold_daily_state_hold_reference,28.09614562988281,0.008384175351636047,1.3970674373704832,0.0,-0.28217644745688364,benchmark_features_adjusted_close_exact_reference,False,True,False,False,False,False,False,False,False,True,False
2021-01-12,0050,buy_hold_daily_state_hold_reference,28.053672790527344,-0.0015116962986656546,1.3934437993977582,-0.0015116962986656546,-0.28217644745688364,benchmark_features_adjusted_close_exact_reference,False,True,False,False,False,False,False,False,False,True,False
2021-01-13,0050,buy_hold_daily_state_hold_reference,28.733247756958008,0.024224099692933265,1.4514228206038022,0.0,-0.28217644745688364,benchmark_features_adjusted_close_exact_reference,False,True,False,False,False,False,False,False,False,True,False
2021-01-14,0050,buy_hold_daily_state_hold_reference,28.467788696289062,-0.009238741924141203,1.4287747578172936,-0.009238741924141092,-0.28217644745688364,benchmark_features_adjusted_close_exact_reference,False,True,False,False,False,False,False,False,False,True,False
2021-01-15,0050,buy_hold_daily_state_hold_reference,28.563352584838867,0.003356912950610136,1.4369279432559252,-0.005912842625943604,-0.28217644745688364,benchmark_features_adjusted_close_exact_reference,False,True,False,False,False,False,False,False,False,True,False
2021-01-18,0050,buy_hold_daily_state_hold_reference,28.542112350463867,-0.0007436183939512064,1.4351157988125864,-0.006652064121357548,-0.28217644745688364,benchmark_features_adjusted_close_exact_reference,False,True,False,False,False,False,False,False,False,True,False
2021-01-19,0050,buy_hold_daily_state_hold_reference,29.2960147857666,0.026413687468036295,1.4994361864708998,0.0,-0.28217644745688364,benchmark_features_adjusted_close_exact_reference,False,True,False,False,False,False,False,False,False,True,False
2021-01-20,0050,buy_hold_daily_state_hold_reference,29.349109649658203,0.0018123579019149183,1.5039660593937825,0.0,-0.28217644745688364,benchmark_features_adjusted_close_exact_reference,False,True,False,False,False,False,False,False,False,True,False
2021-01-21,0050,buy_hold_daily_state_hold_reference,30.36847305297852,0.03473234505197964,1.5909346725670934,0.0,-0.28217644745688364,benchmark_features_adjusted_close_exact_reference,False,True,False,False,False,False,False,False,False,True,False
2021-01-22,0050,buy_hold_daily_state_hold_reference,29.825984954833984,-0.017863528969604525,1.5446514359853385,-0.017863528969604414,-0.28217644745688364,benchmark_features_adjusted_close_exact_reference,False,True,False,False,False,False,False,False,False,True,False
2021-01-25,0050,buy_hold_daily_state_hold_reference,29.42453956604004,-0.013459585304621546,1.5104014829121661,-0.031082678582218026,-0.28217644745688364,benchmark_features_adjusted_close_exact_reference,False,True,False,False,False,False,False,False,False,True,False
2021-01-26,0050,buy_hold_daily_state_hold_reference,28.82780647277832,-0.020280116598678455,1.4594902481292125,-0.050732434835049744,-0.28217644745688364,benchmark_features_adjusted_close_exact_reference,False,True,False,False,False,False,False,False,False,True,False
2021-01-27,0050,buy_hold_daily_state_hold_reference,28.87120246887207,0.0015053519987631159,1.463192646690172,-0.049303453008467724,-0.28217644745688364,benchmark_features_adjusted_close_exact_reference,False,True,False,False,False,False,False,False,False,True,False
2021-01-28,0050,buy_hold_daily_state_hold_reference,28.285320281982425,-0.02029296104037659,1.413207174275946,-0.06859590099778756,-0.28217644745688364,benchmark_features_adjusted_close_exact_reference,False,True,False,False,False,False,False,False,False,True,False
2021-01-29,0050,buy_hold_daily_state_hold_reference,27.81877899169922,-0.016494113753429573,1.3734034606328462,-0.08395858615714058,-0.28217644745688364,benchmark_features_adjusted_close_exact_reference,False,True,False,False,False,False,False,False,False,True,False
2021-02-01,0050,buy_hold_daily_state_hold_reference,28.37211799621582,0.01989084440699962,1.420612459583329,-0.06573774892402418,-0.28217644745688364,benchmark_features_adjusted_close_exact_reference,False,True,False,False,False,False,False,False,False,True,False
2021-02-02,0050,buy_hold_daily_state_hold_reference,29.174999237060547,0.02829824833492567,1.4891115520872327,-0.03929976373312982,-0.28217644745688364,benchmark_features_adjusted_close_exact_reference,False,True,False,False,False,False,False,False,False,True,False
2021-02-03,0050,buy_hold_daily_state_hold_reference,29.15329933166504,-0.000743784266082903,1.4872601900782652,-0.040014317453287096,-0.28217644745688364,benchmark_features_adjusted_close_exact_reference,False,True,False,False,False,False,False,False,False,True,False
2021-02-04,0050,buy_hold_daily_state_hold_reference,28.97970390319824,-0.005954572293580762,1.4724496194634984,-0.04573062160081409,-0.28217644745688364,benchmark_features_adjusted_close_exact_reference,False,True,False,False,False,False,False,False,False,True,False
2021-02-05,0050,buy_hold_daily_state_hold_reference,29.25094985961914,0.009359859483966781,1.4955914004828643,-0.03679879430914523,-0.28217644745688364,benchmark_features_adjusted_close_exact_reference,False,True,False,False,False,False,False,False,False,True,False
2021-02-17,0050,buy_hold_daily_state_hold_reference,30.498668670654297,0.04265566817567268,1.6020425191639238,0.0,-0.28217644745688364,benchmark_features_adjusted_close_exact_reference,False,True,False,False,False,False,False,False,False,True,False
2021-02-18,0050,buy_hold_daily_state_hold_reference,30.45527458190918,-0.0014228191142936497,1.5983402833314524,-0.0014228191142937607,-0.28217644745688364,benchmark_features_adjusted_close_exact_reference,False,True,False,False,False,False,False,False,False,True,False
2021-02-19,0050,buy_hold_daily_state_hold_reference,30.129779815673828,-0.010687631968640976,1.5705701786539117,-0.012095244515883063,-0.28217644745688364,benchmark_features_adjusted_close_exact_reference,False,True,False,False,False,False,False,False,False,True,False
2021-02-22,0050,buy_hold_daily_state_hold_reference,30.11893081665039,-0.00036007561587936276,1.569644579013672,-0.012450964929144104,-0.28217644745688364,benchmark_features_adjusted_close_exact_reference,False,True,False,False,False,False,False,False,False,True,False
2021-02-23,0050,buy_hold_daily_state_hold_reference,30.053829193115234,-0.0021614852111273564,1.56409033025828,-0.014585537563712947,-0.28217644745688364,benchmark_features_adjusted_close_exact_reference,False,True,False,False,False,False,False,False,False,True,False
2021-02-24,0050,buy_hold_daily_state_hold_reference,29.608985900878903,-0.014801551222572207,1.5261378158956602,-0.029171200204927028,-0.28217644745688364,benchmark_features_adjusted_close_exact_reference,False,True,False,False,False,False,False,False,False,True,False
2021-02-25,0050,buy_hold_daily_state_hold_reference,29.84768295288086,0.008061642259584056,1.546502635265818,-0.021344725725677804,-0.28217644745688364,benchmark_features_adjusted_close_exact_reference,False,True,False,False,False,False,False,False,False,True,False
2021-02-26,0050,buy_hold_daily_state_hold_reference,28.947153091430664,-0.03017084652339075,1.469672495085803,-0.05087158380511525,-0.28217644745688364,benchmark_features_adjusted_close_exact_reference,False,True,False,False,False,False,False,False,False,True,False
2021-03-02,0050,buy_hold_daily_state_hold_reference,28.95800399780273,0.0003748522812516697,1.4705982574545309,-0.0505158008531037,-0.28217644745688364,benchmark_features_adjusted_close_exact_reference,False,True,False,False,False,False,False,False,False,True,False
2021-03-03,0050,buy_hold_daily_state_hold_reference,29.381141662597656,0.014612114316547187,1.5066989216227187,-0.036641829193413966,-0.28217644745688364,benchmark_features_adjusted_close_exact_reference,False,True,False,False,False,False,False,False,False,True,False
2021-03-04,0050,buy_hold_daily_state_hold_reference,28.806108474731445,-0.019571505915926712,1.4576390488487325,-0.055496199332511376,-0.28217644745688364,benchmark_features_adjusted_close_exact_reference,False,True,False,False,False,False,False,False,False,True,False
2021-03-05,0050,buy_hold_daily_state_hold_reference,28.632509231567383,-0.006026473284870937,1.4428281527769902,-0.061188226254693,-0.28217644745688364,benchmark_features_adjusted_close_exact_reference,False,True,False,False,False,False,False,False,False,True,False
2021-03-08,0050,buy_hold_daily_state_hold_reference,28.610811233520508,-0.0007578098681952916,1.4409769534965102,-0.061899667081215304,-0.28217644745688364,benchmark_features_adjusted_close_exact_reference,False,True,False,False,False,False,False,False,False,True,False
2021-03-09,0050,buy_hold_daily_state_hold_reference,28.502315521240234,-0.003792122893501171,1.4317204689086473,-0.06545705883007769,-0.28217644745688364,benchmark_features_adjusted_close_exact_reference,False,True,False,False,False,False,False,False,False,True,False
2021-03-10,0050,buy_hold_daily_state_hold_reference,28.621660232543945,0.004187193535724276,1.4419025531367504,-0.06154394666795404,-0.28217644745688364,benchmark_features_adjusted_close_exact_reference,False,True,False,False,False,False,False,False,False,True,False
2021-03-11,0050,buy_hold_daily_state_hold_reference,29.229246139526367,0.021228185299033475,1.4937397130169203,-0.041622227672821754,-0.28217644745688364,benchmark_features_adjusted_close_exact_reference,False,True,False,False,False,False,False,False,False,True,False
2021-03-12,0050,buy_hold_daily_state_hold_reference,29.34859275817871,0.004083123392325527,1.503921959973511,-0.03770905297194782,-0.28217644745688364,benchmark_features_adjusted_close_exact_reference,False,True,False,False,False,False,False,False,False,True,False
2021-03-15,0050,buy_hold_daily_state_hold_reference,29.272645950317383,-0.0025877495553909835,1.4974424370348558,-0.04019922094227635,-0.28217644745688364,benchmark_features_adjusted_close_exact_reference,False,True,False,False,False,False,False,False,False,True,False
2021-03-16,0050,buy_hold_daily_state_hold_reference,29.37029457092285,0.0033358317103004964,1.505773484710967,-0.036997487067924495,-0.28217644745688364,benchmark_features_adjusted_close_exact_reference,False,True,False,False,False,False,False,False,False,True,False
2021-03-17,0050,buy_hold_daily_state_hold_reference,29.120752334594727,-0.008496415850564043,1.4844833911575455,-0.045179556882933625,-0.28217644745688364,benchmark_features_adjusted_close_exact_reference,False,True,False,False,False,False,False,False,False,True,False
2021-03-18,0050,buy_hold_daily_state_hold_reference,29.272645950317383,0.005215992154921523,1.4974424370348558,-0.04019922094227635,-0.28217644745688364,benchmark_features_adjusted_close_exact_reference,False,True,False,False,False,False,False,False,False,True,False
2021-03-19,0050,buy_hold_daily_state_hold_reference,28.81695938110352,-0.015566975735205935,1.4585648112174607,-0.05514041638049971,-0.28217644745688364,benchmark_features_adjusted_close_exact_reference,False,True,False,False,False,False,False,False,False,True,False
2021-03-22,0050,buy_hold_daily_state_hold_reference,28.947153091430664,0.0045179544658178195,1.469672495085803,-0.05087158380511525,-0.28217644745688364,benchmark_features_adjusted_close_exact_reference,False,True,False,False,False,False,False,False,False,True,False
2021-03-23,0050,buy_hold_daily_state_hold_reference,28.990554809570312,0.0014993432342917945,1.4733753818322266,-0.04944851453581933,-0.28217644745688364,benchmark_features_adjusted_close_exact_reference,False,True,False,False,False,False,False,False,False,True,False
2021-03-24,0050,buy_hold_daily_state_hold_reference,28.53486061096192,-0.01571871258075952,1.4344971051008795,-0.06438996012904485,-0.28217644745688364,benchmark_features_adjusted_close_exact_reference,False,True,False,False,False,False,False,False,False,True,False
2021-03-25,0050,buy_hold_daily_state_hold_reference,28.632509231567383,0.0034220815702161733,1.4428281527769902,-0.061188226254693,-0.28217644745688364,benchmark_features_adjusted_close_exact_reference,False,True,False,False,False,False,False,False,False,True,False
2021-03-26,0050,buy_hold_daily_state_hold_reference,29.15329933166504,0.018188769132517546,1.4872601900782652,-0.04411239564315039,-0.28217644745688364,benchmark_features_adjusted_close_exact_reference,False,True,False,False,False,False,False,False,False,True,False
2021-03-29,0050,buy_hold_daily_state_hold_reference,29.39199447631836,0.008187585972269762,1.507624846719935,-0.03628598370265168,-0.28217644745688364,benchmark_features_adjusted_close_exact_reference,False,True,False,False,False,False,False,False,False,True,False
2021-03-30,0050,buy_hold_daily_state_hold_reference,29.489641189575195,0.0033222214074486445,1.5159557316675576,-0.03308431236705045,-0.28217644745688364,benchmark_features_adjusted_close_exact_reference,False,True,False,False,False,False,False,False,False,True,False
2021-03-31,0050,buy_hold_daily_state_hold_reference,29.24009895324707,-0.00846203026764325,1.494665638114136,-0.04126638218205958,-0.28217644745688364,benchmark_features_adjusted_close_exact_reference,False,True,False,False,False,False,False,False,False,True,False
2021-04-01,0050,buy_hold_daily_state_hold_reference,29.457090377807617,0.00742102223756147,1.5131786072898619,-0.034151598684334816,-0.28217644745688364,benchmark_features_adjusted_close_exact_reference,False,True,False,False,False,False,False,False,False,True,False
2021-04-07,0050,buy_hold_daily_state_hold_reference,29.901933670043945,0.015101399579215302,1.5511311216524817,-0.019565936043120735,-0.28217644745688364,benchmark_features_adjusted_close_exact_reference,False,True,False,False,False,False,False,False,False,True,False
2021-04-08,0050,buy_hold_daily_state_hold_reference,29.99958229064941,0.0032656289617580825,1.5594621693285924,-0.016364202168768993,-0.28217644745688364,benchmark_features_adjusted_close_exact_reference,False,True,False,False,False,False,False,False,False,True,False
2021-04-09,0050,buy_hold_daily_state_hold_reference,29.93448066711425,-0.002170084333322553,1.553907920573201,-0.018498774803337725,-0.28217644745688364,benchmark_features_adjusted_close_exact_reference,False,True,False,False,False,False,False,False,False,True,False
2021-04-12,0050,buy_hold_daily_state_hold_reference,29.76088523864746,-0.005799179561431278,1.539097349958435,-0.024190676648017995,-0.28217644745688364,benchmark_features_adjusted_close_exact_reference,False,True,False,False,False,False,False,False,False,True,False
2021-04-13,0050,buy_hold_daily_state_hold_reference,29.76088523864746,0.0,1.539097349958435,-0.024190676648017995,-0.28217644745688364,benchmark_features_adjusted_close_exact_reference,False,True,False,False,False,False,False,False,False,True,False
2021-04-14,0050,buy_hold_daily_state_hold_reference,29.923629760742188,0.005468403267903765,1.5529821582044736,-0.018854557755349055,-0.28217644745688364,benchmark_features_adjusted_close_exact_reference,False,True,False,False,False,False,False,False,False,True,False
2021-04-15,0050,buy_hold_daily_state_hold_reference,30.17317771911621,0.008339494919878065,1.5742727399433591,-0.01067230032408828,-0.28217644745688364,benchmark_features_adjusted_close_exact_reference,False,True,False,False,False,False,False,False,False,True,False
2021-04-16,0050,buy_hold_daily_state_hold_reference,30.216577529907227,0.0014383573117497939,1.5779754639612946,-0.009249293593542984,-0.28217644745688364,benchmark_features_adjusted_close_exact_reference,False,True,False,False,False,False,False,False,False,True,False
2021-04-19,0050,buy_hold_daily_state_hold_reference,30.27082633972168,0.001795332703075303,1.5826037876194703,-0.007470566449736427,-0.28217644745688364,benchmark_features_adjusted_close_exact_reference,False,True,False,False,False,False,False,False,False,True,False
2021-04-20,0050,buy_hold_daily_state_hold_reference,30.216577529907227,-0.0017921152599414958,1.5779754639612946,-0.009249293593542984,-0.28217644745688364,benchmark_features_adjusted_close_exact_reference,False,True,False,False,False,False,False,False,False,True,False
2021-04-21,0050,buy_hold_daily_state_hold_reference,29.945331573486328,-0.008976726637966559,1.5548336829419291,-0.01814299185132595,-0.28217644745688364,benchmark_features_adjusted_close_exact_reference,False,True,False,False,False,False,False,False,False,True,False
2021-04-22,0050,buy_hold_daily_state_hold_reference,29.923629760742188,-0.000724714391319492,1.5529821582044736,-0.018854557755349055,-0.28217644745688364,benchmark_features_adjusted_close_exact_reference,False,True,False,False,False,False,False,False,False,True,False
2021-04-23,0050,buy_hold_daily_state_hold_reference,30.194869995117188,0.009064416200298409,1.5761234510383746,-0.009961047113817845,-0.28217644745688364,benchmark_features_adjusted_close_exact_reference,False,True,False,False,False,False,False,False,False,True,False
2021-04-26,0050,buy_hold_daily_state_hold_reference,30.63971328735352,0.01473241290021332,1.6140759654009944,0.0,-0.28217644745688364,benchmark_features_adjusted_close_exact_reference,False,True,False,False,False,False,False,False,False,True,False
2021-04-27,0050,buy_hold_daily_state_hold_reference,30.65056800842285,0.0003542696685028268,1.6150020532266987,0.0,-0.28217644745688364,benchmark_features_adjusted_close_exact_reference,False,True,False,False,False,False,False,False,False,True,False
2021-04-28,0050,buy_hold_daily_state_hold_reference,30.466114044189453,-0.006017962348453421,1.599265069329252,-0.006017962348453421,-0.28217644745688364,benchmark_features_adjusted_close_exact_reference,False,True,False,False,False,False,False,False,False,True,False
2021-04-29,0050,buy_hold_daily_state_hold_reference,30.509521484375,0.0014247777095097724,1.60296844426114,-0.004601758897554209,-0.28217644745688364,benchmark_features_adjusted_close_exact_reference,False,True,False,False,False,False,False,False,False,True,False
2021-05-03,0050,buy_hold_daily_state_hold_reference,29.99958229064941,-0.01671410002240603,1.5594621693285924,-0.021238944661467696,-0.28217644745688364,benchmark_features_adjusted_close_exact_reference,False,True,False,False,False,False,False,False,False,True,False
2021-05-04,0050,buy_hold_daily_state_hold_reference,29.73918533325196,-0.008680019437424469,1.537245987949468,-0.029734609646400068,-0.28217644745688364,benchmark_features_adjusted_close_exact_reference,False,True,False,False,False,False,False,False,False,True,False
2021-05-05,0050,buy_hold_daily_state_hold_reference,29.457090377807617,-0.009485631576091835,1.5131786072898619,-0.03893818967032736,-0.28217644745688364,benchmark_features_adjusted_close_exact_reference,False,True,False,False,False,False,False,False,False,True,False
2021-05-06,0050,buy_hold_daily_state_hold_reference,29.717485427856445,0.008839808912186609,1.5353946259404996,-0.030442586914212977,-0.28217644745688364,benchmark_features_adjusted_close_exact_reference,False,True,False,False,False,False,False,False,False,True,False
2021-05-07,0050,buy_hold_daily_state_hold_reference,30.24912071228028,0.017889645667176657,1.5807519374250387,-0.013097548340123888,-0.28217644745688364,benchmark_features_adjusted_close_exact_reference,False,True,False,False,False,False,False,False,False,True,False
2021-05-10,0050,buy_hold_daily_state_hold_reference,30.04298210144043,-0.0068146976171827855,1.5631648933465283,-0.01982299012584232,-0.28217644745688364,benchmark_features_adjusted_close_exact_reference,False,True,False,False,False,False,False,False,False,True,False
2021-05-11,0050,buy_hold_daily_state_hold_reference,28.91460227966309,-0.03755884878429694,1.4668953707081078,-0.05663731022155005,-0.28217644745688364,benchmark_features_adjusted_close_exact_reference,False,True,False,False,False,False,False,False,False,True,False
2021-05-12,0050,buy_hold_daily_state_hold_reference,28.07917022705078,-0.028893084695821858,1.3956191538265075,-0.08389396831619711,-0.28217644745688364,benchmark_features_adjusted_close_exact_reference,False,True,False,False,False,False,False,False,False,True,False
2021-05-13,0050,buy_hold_daily_state_hold_reference,27.666881561279297,-0.014683078682086403,1.3604440892985599,-0.09734522526054423,-0.28217644745688364,benchmark_features_adjusted_close_exact_reference,False,True,False,False,False,False,False,False,False,True,False
2021-05-14,0050,buy_hold_daily_state_hold_reference,27.981523513793945,0.011372512359867804,1.3872882688788843,-0.08707977267812628,-0.28217644745688364,benchmark_features_adjusted_close_exact_reference,False,True,False,False,False,False,False,False,False,True,False
2021-05-17,0050,buy_hold_daily_state_hold_reference,27.449886322021484,-0.018999579901729846,1.3419307946658576,-0.10442487348103358,-0.28217644745688364,benchmark_features_adjusted_close_exact_reference,False,True,False,False,False,False,False,False,False,True,False
2021-05-18,0050,buy_hold_daily_state_hold_reference,28.708459854125977,0.04584986317756834,1.4493080011726214,-0.06336287646490535,-0.28217644745688364,benchmark_features_adjusted_close_exact_reference,False,True,False,False,False,False,False,False,False,True,False
2021-05-19,0050,buy_hold_daily_state_hold_reference,28.51316261291504,-0.006802776679880607,1.4326459058203995,-0.06973460964640033,-0.28217644745688364,benchmark_features_adjusted_close_exact_reference,False,True,False,False,False,False,False,False,False,True,False
2021-05-20,0050,buy_hold_daily_state_hold_reference,28.31786727905273,-0.006849304530457401,1.4159839731966648,-0.07610628059907709,-0.28217644745688364,benchmark_features_adjusted_close_exact_reference,False,True,False,False,False,False,False,False,False,True,False
2021-05-21,0050,buy_hold_daily_state_hold_reference,28.719310760498047,0.0141763317657142,1.4502337635413496,-0.06300885671658973,-0.28217644745688364,benchmark_features_adjusted_close_exact_reference,False,True,False,False,False,False,False,False,False,True,False
2021-05-24,0050,buy_hold_daily_state_hold_reference,28.6759090423584,-0.001511238152669958,1.4465308767949256,-0.06442487348103354,-0.28217644745688364,benchmark_features_adjusted_close_exact_reference,False,True,False,False,False,False,False,False,False,True,False
2021-05-25,0050,buy_hold_daily_state_hold_reference,29.16414833068848,0.017026113718274116,1.4881857897185053,-0.04849566498493274,-0.28217644745688364,benchmark_features_adjusted_close_exact_reference,False,True,False,False,False,False,False,False,False,True,False
2021-05-26,0050,buy_hold_daily_state_hold_reference,29.185848236083984,0.0007440610008375703,1.4900371517274729,-0.047787687717120275,-0.28217644745688364,benchmark_features_adjusted_close_exact_reference,False,True,False,False,False,False,False,False,False,True,False
2021-05-27,0050,buy_hold_daily_state_hold_reference,28.97970390319824,-0.007063160584480754,1.4724496194634984,-0.054513316189294114,-0.28217644745688364,benchmark_features_adjusted_close_exact_reference,False,True,False,False,False,False,False,False,False,True,False
2021-05-28,0050,buy_hold_daily_state_hold_reference,29.46794509887696,0.016847694417776227,1.5141046951155666,-0.03858404546437466,-0.28217644745688364,benchmark_features_adjusted_close_exact_reference,False,True,False,False,False,False,False,False,False,True,False
2021-05-31,0050,buy_hold_daily_state_hold_reference,29.75003433227539,0.00957274870887348,1.5381715875897073,-0.029380652126903217,-0.28217644745688364,benchmark_features_adjusted_close_exact_reference,False,True,False,False,False,False,False,False,False,True,False
2021-06-01,0050,buy_hold_daily_state_hold_reference,29.880231857299805,0.004376382345319341,1.5492795969150257,-0.02513285074884619,-0.28217644745688364,benchmark_features_adjusted_close_exact_reference,False,True,False,False,False,False,False,False,False,True,False
2021-06-02,0050,buy_hold_daily_state_hold_reference,29.880231857299805,0.0,1.5492795969150257,-0.02513285074884619,-0.28217644745688364,benchmark_features_adjusted_close_exact_reference,False,True,False,False,False,False,False,False,False,True,False
2021-06-03,0050,buy_hold_daily_state_hold_reference,29.85853385925293,-0.000726165651943389,1.5474283976345462,-0.025840765787840225,-0.28217644745688364,benchmark_features_adjusted_close_exact_reference,False,True,False,False,False,False,False,False,False,True,False
2021-06-04,0050,buy_hold_daily_state_hold_reference,29.717485427856445,-0.004723890063100811,1.5353946259404996,-0.030442586914212977,-0.28217644745688364,benchmark_features_adjusted_close_exact_reference,False,True,False,False,False,False,False,False,False,True,False
2021-06-07,0050,buy_hold_daily_state_hold_reference,29.79343032836914,0.0025555628082012394,1.5418739861506667,-0.027964822048914928,-0.28217644745688364,benchmark_features_adjusted_close_exact_reference,False,True,False,False,False,False,False,False,False,True,False
2021-06-08,0050,buy_hold_daily_state_hold_reference,29.619836807250977,-0.0058265704621756065,1.5270635782643884,-0.033628453504960465,-0.28217644745688364,benchmark_features_adjusted_close_exact_reference,False,True,False,False,False,False,False,False,False,True,False
2021-06-09,0050,buy_hold_daily_state_hold_reference,29.4028434753418,-0.007325946233979752,1.508550446360175,-0.04070803949663093,-0.28217644745688364,benchmark_features_adjusted_close_exact_reference,False,True,False,False,False,False,False,False,False,True,False
2021-06-10,0050,buy_hold_daily_state_hold_reference,29.85853385925293,0.015498173987603892,1.5474283976345462,-0.025840765787840225,-0.28217644745688364,benchmark_features_adjusted_close_exact_reference,False,True,False,False,False,False,False,False,False,True,False
2021-06-11,0050,buy_hold_daily_state_hold_reference,29.96703147888184,0.003633722276530582,1.5566850449508975,-0.022300941677595554,-0.28217644745688364,benchmark_features_adjusted_close_exact_reference,False,True,False,False,False,False,False,False,False,True,False
2021-06-15,0050,buy_hold_daily_state_hold_reference,30.129779815673828,0.005430912865249216,1.5705701786539117,-0.016991143283410337,-0.28217644745688364,benchmark_features_adjusted_close_exact_reference,False,True,False,False,False,False,False,False,False,True,False
2021-06-16,0050,buy_hold_daily_state_hold_reference,30.09722900390625,-0.0010803534565043682,1.567793054276216,-0.018053140299538417,-0.28217644745688364,benchmark_features_adjusted_close_exact_reference,False,True,False,False,False,False,False,False,False,True,False
2021-06-17,0050,buy_hold_daily_state_hold_reference,30.01043128967285,-0.0028839104829927464,1.5603877689688326,-0.020884987141970512,-0.28217644745688364,benchmark_features_adjusted_close_exact_reference,False,True,False,False,False,False,False,False,False,True,False
2021-06-18,0050,buy_hold_daily_state_hold_reference,29.945331573486328,-0.0021692362751523087,1.5548336829419291,-0.023008918945408352,-0.28217644745688364,benchmark_features_adjusted_close_exact_reference,False,True,False,False,False,False,False,False,False,True,False
2021-06-21,0050,buy_hold_daily_state_hold_reference,29.229246139526367,-0.023913090833630468,1.4937397130169203,-0.046371795410313554,-0.28217644745688364,benchmark_features_adjusted_close_exact_reference,False,True,False,False,False,False,False,False,False,True,False
2021-06-22,0050,buy_hold_daily_state_hold_reference,29.26179885864257,0.0011137036843444914,1.4965170001231036,-0.045309736165367154,-0.28217644745688364,benchmark_features_adjusted_close_exact_reference,False,True,False,False,False,False,False,False,False,True,False
2021-06-23,0050,buy_hold_daily_state_hold_reference,29.73918533325196,0.01631432424628243,1.537245987949468,-0.029734609646400068,-0.28217644745688364,benchmark_features_adjusted_close_exact_reference,False,True,False,False,False,False,False,False,False,True,False
2021-06-24,0050,buy_hold_daily_state_hold_reference,29.66324234008789,-0.0025536339450145107,1.5307667904677884,-0.032212312282879796,-0.28217644745688364,benchmark_features_adjusted_close_exact_reference,False,True,False,False,False,False,False,False,False,True,False
2021-06-25,0050,buy_hold_daily_state_hold_reference,29.717485427856445,0.0018286297615972558,1.5353946259404996,-0.030442586914212977,-0.28217644745688364,benchmark_features_adjusted_close_exact_reference,False,True,False,False,False,False,False,False,False,True,False
2021-06-28,0050,buy_hold_daily_state_hold_reference,29.77173614501953,0.0018255487091862754,1.5400231123271628,-0.02867261263027232,-0.28217644745688364,benchmark_features_adjusted_close_exact_reference,False,True,False,False,False,False,False,False,False,True,False
2021-06-29,0050,buy_hold_daily_state_hold_reference,29.85853385925293,0.0029154401278650433,1.5474283976345462,-0.025840765787840225,-0.28217644745688364,benchmark_features_adjusted_close_exact_reference,False,True,False,False,False,False,False,False,False,True,False
2021-06-30,0050,buy_hold_daily_state_hold_reference,30.151477813720703,0.009811062922534974,1.5724213779343912,-0.016283228244416303,-0.28217644745688364,benchmark_features_adjusted_close_exact_reference,False,True,False,False,False,False,False,False,False,True,False
2021-07-01,0050,buy_hold_daily_state_hold_reference,30.01043128967285,-0.004677930711033618,1.5603877689688326,-0.020884987141970512,-0.28217644745688364,benchmark_features_adjusted_close_exact_reference,False,True,False,False,False,False,False,False,False,True,False
2021-07-02,0050,buy_hold_daily_state_hold_reference,30.01043128967285,0.0,1.5603877689688326,-0.020884987141970512,-0.28217644745688364,benchmark_features_adjusted_close_exact_reference,False,True,False,False,False,False,False,False,False,True,False
2021-07-05,0050,buy_hold_daily_state_hold_reference,30.292530059814453,0.0094000238589933,1.5844554750854143,-0.011681282660406467,-0.28217644745688364,benchmark_features_adjusted_close_exact_reference,False,True,False,False,False,False,False,False,False,True,False
2021-07-06,0050,buy_hold_daily_state_hold_reference,30.325069427490234,0.0010741713422923738,1.5872316230921815,-0.010619659017189198,-0.28217644745688364,benchmark_features_adjusted_close_exact_reference,False,True,False,False,False,False,False,False,False,True,False
2021-07-07,0050,buy_hold_daily_state_hold_reference,30.16232681274414,-0.005366603203835196,1.573346977574631,-0.01592927072491923,-0.28217644745688364,benchmark_features_adjusted_close_exact_reference,False,True,False,False,False,False,False,False,False,True,False
2021-07-08,0050,buy_hold_daily_state_hold_reference,30.129779815673828,-0.0010790612167413949,1.5705701786539117,-0.016991143283410337,-0.28217644745688364,benchmark_features_adjusted_close_exact_reference,False,True,False,False,False,False,False,False,False,True,False
2021-07-09,0050,buy_hold_daily_state_hold_reference,29.891082763671875,-0.007922296593677047,1.550205359283754,-0.024778831000530577,-0.28217644745688364,benchmark_features_adjusted_close_exact_reference,False,True,False,False,False,False,False,False,False,True,False
2021-07-12,0050,buy_hold_daily_state_hold_reference,30.16232681274414,0.00907441363756556,1.573346977574631,-0.01592927072491923,-0.28217644745688364,benchmark_features_adjusted_close_exact_reference,False,True,False,False,False,False,False,False,False,True,False
2021-07-13,0050,buy_hold_daily_state_hold_reference,30.41186714172364,0.008273245314551314,1.5946369083995653,-0.007787812174756992,-0.28217644745688364,benchmark_features_adjusted_close_exact_reference,False,True,False,False,False,False,False,False,False,True,False
2021-07-14,0050,buy_hold_daily_state_hold_reference,30.48781967163086,0.0024974635576719972,1.601116919523684,-0.005309798394185328,-0.28217644745688364,benchmark_features_adjusted_close_exact_reference,False,True,False,False,False,False,False,False,False,True,False
2021-07-15,0050,buy_hold_daily_state_hold_reference,30.76991271972656,0.009252647487881571,1.6251841374548008,0.0,-0.28217644745688364,benchmark_features_adjusted_close_exact_reference,False,True,False,False,False,False,False,False,False,True,False
2021-07-16,0050,buy_hold_daily_state_hold_reference,30.35761833190918,-0.013399270630789162,1.5900085847413892,-0.013399270630789162,-0.28217644745688364,benchmark_features_adjusted_close_exact_reference,False,True,False,False,False,False,False,False,False,True,False
2021-07-19,0050,buy_hold_daily_state_hold_reference,30.01043128967285,-0.011436570499056442,1.5603877689688326,-0.02468259942664075,-0.28217644745688364,benchmark_features_adjusted_close_exact_reference,False,True,False,False,False,False,False,False,False,True,False
2021-07-20,0050,buy_hold_daily_state_hold_reference,29.77173614501953,-0.007953739229847767,1.5400231123271628,-0.03244001969713417,-0.28217644745688364,benchmark_features_adjusted_close_exact_reference,False,True,False,False,False,False,False,False,False,True,False
2021-07-21,0050,buy_hold_daily_state_hold_reference,29.739107131958008,-0.0010959728012698289,1.5372393160814557,-0.033500439119143244,-0.28217644745688364,benchmark_features_adjusted_close_exact_reference,False,True,False,False,False,False,False,False,False,True,False
2021-07-22,0050,buy_hold_daily_state_hold_reference,29.945772171020508,0.0069492684546812455,1.5548712732226773,-0.026783974209250716,-0.28217644745688364,benchmark_features_adjusted_close_exact_reference,False,True,False,False,False,False,False,False,False,True,False
2021-07-23,0050,buy_hold_daily_state_hold_reference,29.945772171020508,0.0,1.5548712732226773,-0.026783974209250716,-0.28217644745688364,benchmark_features_adjusted_close_exact_reference,False,True,False,False,False,False,False,False,False,True,False
2021-07-26,0050,buy_hold_daily_state_hold_reference,29.684711456298828,-0.008717782037169108,1.5325984623296973,-0.03526825939717437,-0.28217644745688364,benchmark_features_adjusted_close_exact_reference,False,True,False,False,False,False,False,False,False,True,False
2021-07-27,0050,buy_hold_daily_state_hold_reference,29.6738395690918,-0.000366245338885407,1.531670909947601,-0.035621587900444895,-0.28217644745688364,benchmark_features_adjusted_close_exact_reference,False,True,False,False,False,False,False,False,False,True,False
2021-07-28,0050,buy_hold_daily_state_hold_reference,29.20610618591309,-0.015762482711064507,1.4917654909994469,-0.05082258594808797,-0.28217644745688364,benchmark_features_adjusted_close_exact_reference,False,True,False,False,False,False,False,False,False,True,False
2021-07-29,0050,buy_hold_daily_state_hold_reference,29.69559097290039,0.016759672921527358,1.5335266656257467,-0.03491468294407685,-0.28217644745688364,benchmark_features_adjusted_close_exact_reference,False,True,False,False,False,False,False,False,False,True,False
2021-07-30,0050,buy_hold_daily_state_hold_reference,29.597694396972656,-0.003296670405282476,1.5251744632461843,-0.03809625114738768,-0.28217644745688364,benchmark_features_adjusted_close_exact_reference,False,True,False,False,False,False,False,False,False,True,False
2021-08-02,0050,buy_hold_daily_state_hold_reference,30.00016021728516,0.01359787741958951,1.5595114760604836,-0.02501640188104637,-0.28217644745688364,benchmark_features_adjusted_close_exact_reference,False,True,False,False,False,False,False,False,False,True,False
2021-08-03,0050,buy_hold_daily_state_hold_reference,30.11981773376465,0.003988562581427324,1.5697202477606322,-0.021127618784083646,-0.28217644745688364,benchmark_features_adjusted_close_exact_reference,False,True,False,False,False,False,False,False,False,True,False
2021-08-04,0050,buy_hold_daily_state_hold_reference,30.29385757446289,0.005778250128756213,1.5845687341131227,-0.015471449321286856,-0.28217644745688364,benchmark_features_adjusted_close_exact_reference,False,True,False,False,False,False,False,False,False,True,False
2021-08-05,0050,buy_hold_daily_state_hold_reference,30.23946762084961,-0.0017954119405093616,1.5799283685468288,-0.017239083636947816,-0.28217644745688364,benchmark_features_adjusted_close_exact_reference,False,True,False,False,False,False,False,False,False,True,False
2021-08-06,0050,buy_hold_daily_state_hold_reference,30.19596099853516,-0.0014387363845139722,1.5762165317335608,-0.01865301752459758,-0.28217644745688364,benchmark_features_adjusted_close_exact_reference,False,True,False,False,False,False,False,False,False,True,False
2021-08-09,0050,buy_hold_daily_state_hold_reference,30.10893821716309,-0.0028819344870756325,1.5687920444645833,-0.021481195237181172,-0.28217644745688364,benchmark_features_adjusted_close_exact_reference,False,True,False,False,False,False,False,False,False,True,False
2021-08-10,0050,buy_hold_daily_state_hold_reference,29.945772171020508,-0.005419189642814182,1.5548712732226773,-0.026783974209250716,-0.28217644745688364,benchmark_features_adjusted_close_exact_reference,False,True,False,False,False,False,False,False,False,True,False
2021-08-11,0050,buy_hold_daily_state_hold_reference,29.84787940979004,-0.003269001068711863,1.5465193963000914,-0.029965418437648106,-0.28217644745688364,benchmark_features_adjusted_close_exact_reference,False,True,False,False,False,False,False,False,False,True,False
2021-08-12,0050,buy_hold_daily_state_hold_reference,29.79348945617676,-0.0018222384534104519,1.5418790307337975,-0.031733052753309066,-0.28217644745688364,benchmark_features_adjusted_close_exact_reference,False,True,False,False,False,False,False,False,False,True,False
2021-08-13,0050,buy_hold_daily_state_hold_reference,29.51067352294922,-0.009492541437401525,1.5177501387056949,-0.04092436687251455,-0.28217644745688364,benchmark_features_adjusted_close_exact_reference,False,True,False,False,False,False,False,False,False,True,False
2021-08-16,0050,buy_hold_daily_state_hold_reference,29.44540977478028,-0.0022115302830409966,1.5121820580288166,-0.043045391678902756,-0.28217644745688364,benchmark_features_adjusted_close_exact_reference,False,True,False,False,False,False,False,False,False,True,False
2021-08-17,0050,buy_hold_daily_state_hold_reference,29.227859497070312,-0.007388257775114981,1.4936214094060807,-0.0501156190042632,-0.28217644745688364,benchmark_features_adjusted_close_exact_reference,False,True,False,False,False,False,False,False,False,True,False
2021-08-18,0050,buy_hold_daily_state_hold_reference,29.347511291503903,0.004093758369325018,1.5038296929207653,-0.04622702186967065,-0.28217644745688364,benchmark_features_adjusted_close_exact_reference,False,True,False,False,False,False,False,False,False,True,False
2021-08-19,0050,buy_hold_daily_state_hold_reference,28.67310333251953,-0.022980073243199062,1.4462915031889496,-0.06814479476448965,-0.28217644745688364,benchmark_features_adjusted_close_exact_reference,False,True,False,False,False,False,False,False,False,True,False
2021-08-20,0050,buy_hold_daily_state_hold_reference,28.44468116760254,-0.007966426314863773,1.4268033021841173,-0.07556835059312073,-0.28217644745688364,benchmark_features_adjusted_close_exact_reference,False,True,False,False,False,False,False,False,False,True,False
2021-08-23,0050,buy_hold_daily_state_hold_reference,29.227859497070312,0.02753338400431038,1.4936214094060807,-0.0501156190042632,-0.28217644745688364,benchmark_features_adjusted_close_exact_reference,False,True,False,False,False,False,False,False,False,True,False
2021-08-24,0050,buy_hold_daily_state_hold_reference,29.314882278442383,0.002977391532239748,1.5010458966750582,-0.04728744129167972,-0.28217644745688364,benchmark_features_adjusted_close_exact_reference,False,True,False,False,False,False,False,False,False,True,False
2021-08-25,0050,buy_hold_daily_state_hold_reference,29.597694396972656,0.009647390558966906,1.5251744632461843,-0.03809625114738768,-0.28217644745688364,benchmark_features_adjusted_close_exact_reference,False,True,False,False,False,False,False,False,False,True,False
2021-08-26,0050,buy_hold_daily_state_hold_reference,29.80437088012696,0.00698285752877581,1.5428073967583353,-0.031379414312754594,-0.28217644745688364,benchmark_features_adjusted_close_exact_reference,False,True,False,False,False,False,False,False,False,True,False
2021-08-27,0050,buy_hold_daily_state_hold_reference,30.05455017089844,0.008394047026783369,1.5641518416267775,-0.02324876756538541,-0.28217644745688364,benchmark_features_adjusted_close_exact_reference,False,True,False,False,False,False,False,False,False,True,False
2021-08-30,0050,buy_hold_daily_state_hold_reference,30.34824562072754,0.009772079374306575,1.5892089369509286,-0.01370387699308262,-0.28217644745688364,benchmark_features_adjusted_close_exact_reference,False,True,False,False,False,False,False,False,False,True,False
2021-08-31,0050,buy_hold_daily_state_hold_reference,30.533164978027344,0.0060932470235941505,1.6049856265994684,-0.007694131077188193,-0.28217644745688364,benchmark_features_adjusted_close_exact_reference,False,True,False,False,False,False,False,False,False,True,False
2021-09-01,0050,buy_hold_daily_state_hold_reference,30.6745662689209,0.0046310721798841215,1.6170495030638112,-0.003098690973683982,-0.28217644745688364,benchmark_features_adjusted_close_exact_reference,False,True,False,False,False,False,False,False,False,True,False
2021-09-02,0050,buy_hold_daily_state_hold_reference,30.435258865356445,-0.007801492658982334,1.5966326105774655,-0.010876009217782645,-0.28217644745688364,benchmark_features_adjusted_close_exact_reference,False,True,False,False,False,False,False,False,False,True,False
2021-09-03,0050,buy_hold_daily_state_hold_reference,30.870361328125,0.01429600006667986,1.6337540705514244,0.0,-0.28217644745688364,benchmark_features_adjusted_close_exact_reference,False,True,False,False,False,False,False,False,False,True,False
2021-09-06,0050,buy_hold_daily_state_hold_reference,31.01177024841309,0.00458073421250349,1.6458185979297197,0.0,-0.28217644745688364,benchmark_features_adjusted_close_exact_reference,False,True,False,False,False,False,False,False,False,True,False
2021-09-07,0050,buy_hold_daily_state_hold_reference,30.870361328125,-0.004559846766416853,1.6337540705514244,-0.004559846766416853,-0.28217644745688364,benchmark_features_adjusted_close_exact_reference,False,True,False,False,False,False,False,False,False,True,False
2021-09-08,0050,buy_hold_daily_state_hold_reference,30.598426818847656,-0.008808918897544427,1.6105535445478592,-0.013328598343610776,-0.28217644745688364,benchmark_features_adjusted_close_exact_reference,False,True,False,False,False,False,False,False,False,True,False
2021-09-09,0050,buy_hold_daily_state_hold_reference,30.52228736877441,-0.002488345251343005,1.604057586031907,-0.015783777440558255,-0.28217644745688364,benchmark_features_adjusted_close_exact_reference,False,True,False,False,False,False,False,False,False,True,False
2021-09-10,0050,buy_hold_daily_state_hold_reference,30.88124084472656,0.011760372727483537,1.6346822738474733,-0.004209027818823374,-0.28217644745688364,benchmark_features_adjusted_close_exact_reference,False,True,False,False,False,False,False,False,False,True,False
2021-09-13,0050,buy_hold_daily_state_hold_reference,30.77246284484864,-0.003522462080616018,1.6254017054433745,-0.00771666375855129,-0.28217644745688364,benchmark_features_adjusted_close_exact_reference,False,True,False,False,False,False,False,False,False,True,False
2021-09-14,0050,buy_hold_daily_state_hold_reference,30.80509757995605,0.0010605174916271665,1.6281859898745448,-0.006664329923817158,-0.28217644745688364,benchmark_features_adjusted_close_exact_reference,False,True,False,False,False,False,False,False,False,True,False
2021-09-15,0050,buy_hold_daily_state_hold_reference,30.620180130004883,-0.0060028198083517115,1.6124094629544934,-0.012627144960492775,-0.28217644745688364,benchmark_features_adjusted_close_exact_reference,False,True,False,False,False,False,False,False,False,True,False
2021-09-16,0050,buy_hold_daily_state_hold_reference,30.47877693176269,-0.0046179740825113,1.6003454237616626,-0.01718680721484034,-0.28217644745688364,benchmark_features_adjusted_close_exact_reference,False,True,False,False,False,False,False,False,False,True,False
2021-09-17,0050,buy_hold_daily_state_hold_reference,30.565793991088867,0.0028550049603695005,1.607769422845176,-0.014380870674322144,-0.28217644745688364,benchmark_features_adjusted_close_exact_reference,False,True,False,False,False,False,False,False,False,True,False
2021-09-22,0050,buy_hold_daily_state_hold_reference,29.84787940979004,-0.02348751619238576,1.5465193963000914,-0.03753061593388418,-0.28217644745688364,benchmark_features_adjusted_close_exact_reference,False,True,False,False,False,False,False,False,False,True,False
2021-09-23,0050,buy_hold_daily_state_hold_reference,30.02191734313965,0.00583083075886881,1.5613677199240938,-0.03191861984480204,-0.28217644745688364,benchmark_features_adjusted_close_exact_reference,False,True,False,False,False,False,False,False,False,True,False
2021-09-24,0050,buy_hold_daily_state_hold_reference,30.380878448486328,0.011956634922542841,1.5919930586536122,-0.020343624206974997,-0.28217644745688364,benchmark_features_adjusted_close_exact_reference,False,True,False,False,False,False,False,False,False,True,False
2021-09-27,0050,buy_hold_daily_state_hold_reference,30.45702171325684,0.0025062891087768158,1.5984893426265407,-0.017888322101981102,-0.28217644745688364,benchmark_features_adjusted_close_exact_reference,False,True,False,False,False,False,False,False,False,True,False
2021-09-28,0050,buy_hold_daily_state_hold_reference,30.23946762084961,-0.007142986417235209,1.5799283685468288,-0.024903532477414836,-0.28217644745688364,benchmark_features_adjusted_close_exact_reference,False,True,False,False,False,False,False,False,False,True,False
2021-09-29,0050,buy_hold_daily_state_hold_reference,29.586816787719727,-0.021582748787544515,1.524246422678623,-0.0459487945795769,-0.28217644745688364,benchmark_features_adjusted_close_exact_reference,False,True,False,False,False,False,False,False,False,True,False
2021-09-30,0050,buy_hold_daily_state_hold_reference,29.815244674682617,0.007720596933486368,1.5437351118689198,-0.03858294976861887,-0.28217644745688364,benchmark_features_adjusted_close_exact_reference,False,True,False,False,False,False,False,False,False,True,False
2021-10-01,0050,buy_hold_daily_state_hold_reference,29.14083671569824,-0.022619568155248015,1.4861969221371032,-0.06032978826194513,-0.28217644745688364,benchmark_features_adjusted_close_exact_reference,False,True,False,False,False,False,False,False,False,True,False
2021-10-04,0050,buy_hold_daily_state_hold_reference,28.966800689697266,-0.0059722384672372675,1.4713487612415892,-0.06594172284700406,-0.28217644745688364,benchmark_features_adjusted_close_exact_reference,False,True,False,False,False,False,False,False,False,True,False
2021-10-05,0050,buy_hold_daily_state_hold_reference,28.923290252685547,-0.0015020794832615314,1.4676365989713442,-0.06734475262128625,-0.28217644745688364,benchmark_features_adjusted_close_exact_reference,False,True,False,False,False,False,False,False,False,True,False
2021-10-06,0050,buy_hold_daily_state_hold_reference,28.93416786193848,0.00037608478004758084,1.468564639538906,-0.06699399517771554,-0.28217644745688364,benchmark_features_adjusted_close_exact_reference,False,True,False,False,False,False,False,False,False,True,False
2021-10-07,0050,buy_hold_daily_state_hold_reference,29.44540977478028,0.017669141731714078,1.5121820580288166,-0.050508579841970325,-0.28217644745688364,benchmark_features_adjusted_close_exact_reference,False,True,False,False,False,False,False,False,False,True,False
2021-10-08,0050,buy_hold_daily_state_hold_reference,29.19523048400879,-0.008496376606236478,1.4908376131603736,-0.05857581653202326,-0.28217644745688364,benchmark_features_adjusted_close_exact_reference,False,True,False,False,False,False,False,False,False,True,False
2021-10-12,0050,buy_hold_daily_state_hold_reference,28.901535034179688,-0.01005970649863408,1.465780517836222,-0.06804626750842735,-0.28217644745688364,benchmark_features_adjusted_close_exact_reference,False,True,False,False,False,False,False,False,False,True,False
2021-10-13,0050,buy_hold_daily_state_hold_reference,28.80363655090332,-0.003387310852540848,1.4574281527281716,-0.0712030845005619,-0.28217644745688364,benchmark_features_adjusted_close_exact_reference,False,True,False,False,False,False,False,False,False,True,False
2021-10-14,0050,buy_hold_daily_state_hold_reference,28.87978172302246,0.0026435957829342716,1.4639245994295877,-0.06874772089154524,-0.28217644745688364,benchmark_features_adjusted_close_exact_reference,False,True,False,False,False,False,False,False,False,True,False
2021-10-15,0050,buy_hold_daily_state_hold_reference,29.64120483398437,0.02636526543948614,1.5288866255164288,-0.044195007361724215,-0.28217644745688364,benchmark_features_adjusted_close_exact_reference,False,True,False,False,False,False,False,False,False,True,False
2021-10-18,0050,buy_hold_daily_state_hold_reference,29.554187774658203,-0.0029356788907042297,1.5214626264329159,-0.04700094390224219,-0.28217644745688364,benchmark_features_adjusted_close_exact_reference,False,True,False,False,False,False,False,False,False,True,False
2021-10-19,0050,buy_hold_daily_state_hold_reference,29.79348945617676,0.008097048152470254,1.5418790307337975,-0.039284464655759854,-0.28217644745688364,benchmark_features_adjusted_close_exact_reference,False,True,False,False,False,False,False,False,False,True,False
2021-10-20,0050,buy_hold_daily_state_hold_reference,29.717348098754883,-0.0025556374500501633,1.5353829094893574,-0.04173970525673043,-0.28217644745688364,benchmark_features_adjusted_close_exact_reference,False,True,False,False,False,False,False,False,False,True,False
2021-10-21,0050,buy_hold_daily_state_hold_reference,29.608572006225582,-0.0036603566431238077,1.5261025038137452,-0.045247279692435804,-0.28217644745688364,benchmark_features_adjusted_close_exact_reference,False,True,False,False,False,False,False,False,False,True,False
2021-10-22,0050,buy_hold_daily_state_hold_reference,29.69559097290039,0.0029389788422256036,1.5335266656257467,-0.042441281647894735,-0.28217644745688364,benchmark_features_adjusted_close_exact_reference,False,True,False,False,False,False,False,False,False,True,False
2021-10-25,0050,buy_hold_daily_state_hold_reference,29.6738395690918,-0.0007324792366799615,1.531670909947601,-0.04314267352698942,-0.28217644745688364,benchmark_features_adjusted_close_exact_reference,False,True,False,False,False,False,False,False,False,True,False
2021-10-26,0050,buy_hold_daily_state_hold_reference,29.92401885986328,0.00843097133382309,1.553015354816043,-0.03507543683693681,-0.28217644745688364,benchmark_features_adjusted_close_exact_reference,False,True,False,False,False,False,False,False,False,True,False
2021-10-27,0050,buy_hold_daily_state_hold_reference,29.92401885986328,0.0,1.553015354816043,-0.03507543683693681,-0.28217644745688364,benchmark_features_adjusted_close_exact_reference,False,True,False,False,False,False,False,False,False,True,False
2021-10-28,0050,buy_hold_daily_state_hold_reference,29.83699989318848,-0.002907997320891864,1.545591193004042,-0.03788143488147788,-0.28217644745688364,benchmark_features_adjusted_close_exact_reference,False,True,False,False,False,False,False,False,False,True,False
2021-10-29,0050,buy_hold_daily_state_hold_reference,29.54331016540528,-0.009843138681320474,1.5205345858653554,-0.04735170134581246,-0.28217644745688364,benchmark_features_adjusted_close_exact_reference,False,True,False,False,False,False,False,False,False,True,False
2021-11-01,0050,buy_hold_daily_state_hold_reference,29.69559097290039,0.005154493746385658,1.5335266656257467,-0.042441281647894735,-0.28217644745688364,benchmark_features_adjusted_close_exact_reference,False,True,False,False,False,False,False,False,False,True,False
2021-11-02,0050,buy_hold_daily_state_hold_reference,29.64120483398437,-0.001831455011811367,1.5288866255164288,-0.044195007361724215,-0.28217644745688364,benchmark_features_adjusted_close_exact_reference,False,True,False,False,False,False,False,False,False,True,False
2021-11-03,0050,buy_hold_daily_state_hold_reference,29.717348098754883,0.002568831638152913,1.5353829094893574,-0.04173970525673043,-0.28217644745688364,benchmark_features_adjusted_close_exact_reference,False,True,False,False,False,False,False,False,False,True,False
2021-11-04,0050,buy_hold_daily_state_hold_reference,29.61944580078125,-0.003294449344816708,1.5270302189243306,-0.044896645256911394,-0.28217644745688364,benchmark_features_adjusted_close_exact_reference,False,True,False,False,False,False,False,False,False,True,False
2021-11-05,0050,buy_hold_daily_state_hold_reference,30.043672561645508,0.014322575909001989,1.563223801059216,-0.031217104957661057,-0.28217644745688364,benchmark_features_adjusted_close_exact_reference,False,True,False,False,False,False,False,False,False,True,False
2021-11-08,0050,buy_hold_daily_state_hold_reference,30.282978057861328,0.007965254438344616,1.5836405308170738,-0.023500502703132642,-0.28217644745688364,benchmark_features_adjusted_close_exact_reference,False,True,False,False,False,False,False,False,False,True,False
2021-11-09,0050,buy_hold_daily_state_hold_reference,30.609304428100582,0.0107759008911128,1.61148158511542,-0.012977840900040283,-0.28217644745688364,benchmark_features_adjusted_close_exact_reference,False,True,False,False,False,False,False,False,False,True,False
2021-11-10,0050,buy_hold_daily_state_hold_reference,30.565793991088867,-0.0014214774828980037,1.607769422845176,-0.014380870674322144,-0.28217644745688364,benchmark_features_adjusted_close_exact_reference,False,True,False,False,False,False,False,False,False,True,False
2021-11-11,0050,buy_hold_daily_state_hold_reference,30.29385757446289,-0.00889675618128083,1.5845687341131227,-0.023149683755539163,-0.28217644745688364,benchmark_features_adjusted_close_exact_reference,False,True,False,False,False,False,False,False,False,True,False
2021-11-12,0050,buy_hold_daily_state_hold_reference,30.391752243041992,0.0032315022389761694,1.592920773764197,-0.019992989771450587,-0.28217644745688364,benchmark_features_adjusted_close_exact_reference,False,True,False,False,False,False,False,False,False,True,False
2021-11-15,0050,buy_hold_daily_state_hold_reference,30.6636905670166,0.008947767203415058,1.6161216252247383,-0.011224115186210581,-0.28217644745688364,benchmark_features_adjusted_close_exact_reference,False,True,False,False,False,False,False,False,False,True,False
2021-11-16,0050,buy_hold_daily_state_hold_reference,30.718074798583984,0.001773570974717531,1.6207615026055677,-0.009470450976404199,-0.28217644745688364,benchmark_features_adjusted_close_exact_reference,False,True,False,False,False,False,False,False,False,True,False
2021-11-17,0050,buy_hold_daily_state_hold_reference,30.81597328186035,0.003186999312889238,1.6291138677136185,-0.006313633984269429,-0.28217644745688364,benchmark_features_adjusted_close_exact_reference,False,True,False,False,False,False,False,False,False,True,False
2021-11-18,0050,buy_hold_daily_state_hold_reference,30.990020751953125,0.0056479627789405296,1.643963004980061,-0.000701330375072029,-0.28217644745688364,benchmark_features_adjusted_close_exact_reference,False,True,False,False,False,False,False,False,False,True,False
2021-11-19,0050,buy_hold_daily_state_hold_reference,31.066162109375,0.0024569637442748427,1.6504591262245012,0.0,-0.28217644745688364,benchmark_features_adjusted_close_exact_reference,False,True,False,False,False,False,False,False,False,True,False
2021-11-22,0050,buy_hold_daily_state_hold_reference,30.990020751953125,-0.002450941868963552,1.643963004980061,-0.002450941868963552,-0.28217644745688364,benchmark_features_adjusted_close_exact_reference,False,True,False,False,False,False,False,False,False,True,False
2021-11-23,0050,buy_hold_daily_state_hold_reference,30.69632339477539,-0.009477159099973265,1.6189057469274215,-0.011904873002899885,-0.28217644745688364,benchmark_features_adjusted_close_exact_reference,False,True,False,False,False,False,False,False,False,True,False
2021-11-24,0050,buy_hold_daily_state_hold_reference,30.565793991088867,-0.0042522813565594175,1.607769422845176,-0.016106531489936793,-0.28217644745688364,benchmark_features_adjusted_close_exact_reference,False,True,False,False,False,False,False,False,False,True,False
2021-11-25,0050,buy_hold_daily_state_hold_reference,30.554916381835938,-0.0003558752393639786,1.6068413822776146,-0.01645667481355151,-0.28217644745688364,benchmark_features_adjusted_close_exact_reference,False,True,False,False,False,False,False,False,False,True,False
2021-11-26,0050,buy_hold_daily_state_hold_reference,30.05455017089844,-0.016375964008036092,1.5641518416267775,-0.032563144907148955,-0.28217644745688364,benchmark_features_adjusted_close_exact_reference,False,True,False,False,False,False,False,False,False,True,False
2021-11-29,0050,buy_hold_daily_state_hold_reference,30.05455017089844,0.0,1.5641518416267775,-0.032563144907148955,-0.28217644745688364,benchmark_features_adjusted_close_exact_reference,False,True,False,False,False,False,False,False,False,True,False
2021-11-30,0050,buy_hold_daily_state_hold_reference,30.02191734313965,-0.0010857865971453107,1.5613677199240938,-0.0336135748779931,-0.28217644745688364,benchmark_features_adjusted_close_exact_reference,False,True,False,False,False,False,False,False,False,True,False
2021-12-01,0050,buy_hold_daily_state_hold_reference,30.52228736877441,0.016666824437483907,1.604057586031907,-0.017506981991716963,-0.28217644745688364,benchmark_features_adjusted_close_exact_reference,False,True,False,False,False,False,False,False,False,True,False
2021-12-02,0050,buy_hold_daily_state_hold_reference,30.848608016967773,0.010691225210309963,1.6318981521447902,-0.007002927868633324,-0.28217644745688364,benchmark_features_adjusted_close_exact_reference,False,True,False,False,False,False,False,False,False,True,False
2021-12-03,0050,buy_hold_daily_state_hold_reference,30.837730407714844,-0.0003526126445299038,1.6309701115772288,-0.00735307119224804,-0.28217644745688364,benchmark_features_adjusted_close_exact_reference,False,True,False,False,False,False,False,False,False,True,False
2021-12-06,0050,buy_hold_daily_state_hold_reference,30.75071144104004,-0.002821834341383167,1.6235459497652274,-0.010154156384826418,-0.28217644745688364,benchmark_features_adjusted_close_exact_reference,False,True,False,False,False,False,False,False,False,True,False
2021-12-07,0050,buy_hold_daily_state_hold_reference,30.848608016967773,0.003183554829794266,1.6318981521447902,-0.007002927868633324,-0.28217644745688364,benchmark_features_adjusted_close_exact_reference,False,True,False,False,False,False,False,False,False,True,False
2021-12-08,0050,buy_hold_daily_state_hold_reference,30.968265533447266,0.0038788627484804827,1.6421069238449388,-0.003151228516192872,-0.28217644745688364,benchmark_features_adjusted_close_exact_reference,False,True,False,False,False,False,False,False,False,True,False
2021-12-09,0050,buy_hold_daily_state_hold_reference,30.89211845397949,-0.0024588745335296647,1.6356103144150342,-0.005602354574174684,-0.28217644745688364,benchmark_features_adjusted_close_exact_reference,False,True,False,False,False,False,False,False,False,True,False
2021-12-10,0050,buy_hold_daily_state_hold_reference,30.88124084472656,-0.00035211600231088713,1.6346822738474733,-0.005952497897789288,-0.28217644745688364,benchmark_features_adjusted_close_exact_reference,False,True,False,False,False,False,False,False,False,True,False
2021-12-13,0050,buy_hold_daily_state_hold_reference,30.783344268798828,-0.003170098520974718,1.626330071467911,-0.009103726413982272,-0.28217644745688364,benchmark_features_adjusted_close_exact_reference,False,True,False,False,False,False,False,False,False,True,False
2021-12-14,0050,buy_hold_daily_state_hold_reference,30.47877693176269,-0.009893900233082786,1.6003454237616626,-0.018907555286175715,-0.28217644745688364,benchmark_features_adjusted_close_exact_reference,False,True,False,False,False,False,False,False,False,True,False
2021-12-15,0050,buy_hold_daily_state_hold_reference,30.52228736877441,0.0014275650597506129,1.604057586031907,-0.017506981991716963,-0.28217644745688364,benchmark_features_adjusted_close_exact_reference,False,True,False,False,False,False,False,False,False,True,False
2021-12-16,0050,buy_hold_daily_state_hold_reference,30.90299797058105,0.01247320022928955,1.6365385177110836,-0.005252149854220622,-0.28217644745688364,benchmark_features_adjusted_close_exact_reference,False,True,False,False,False,False,False,False,False,True,False
2021-12-17,0050,buy_hold_daily_state_hold_reference,30.870361328125,-0.00105609955665531,1.6337540705514244,-0.00630270261774335,-0.28217644745688364,benchmark_features_adjusted_close_exact_reference,False,True,False,False,False,False,False,False,False,True,False
2021-12-20,0050,buy_hold_daily_state_hold_reference,30.598426818847656,-0.008808918897544427,1.6105535445478592,-0.015056101519092757,-0.28217644745688364,benchmark_features_adjusted_close_exact_reference,False,True,False,False,False,False,False,False,False,True,False
2021-12-21,0050,buy_hold_daily_state_hold_reference,30.859487533569336,0.008531834537351957,1.632826355440839,-0.006652723148679374,-0.28217644745688364,benchmark_features_adjusted_close_exact_reference,False,True,False,False,False,False,False,False,False,True,False
2021-12-22,0050,buy_hold_daily_state_hold_reference,30.859487533569336,0.0,1.632826355440839,-0.006652723148679374,-0.28217644745688364,benchmark_features_adjusted_close_exact_reference,False,True,False,False,False,False,False,False,False,True,False
2021-12-23,0050,buy_hold_daily_state_hold_reference,31.03352737426757,0.005639751486764322,1.6476748417933291,-0.0010504913671837146,-0.28217644745688364,benchmark_features_adjusted_close_exact_reference,False,True,False,False,False,False,False,False,False,True,False
2021-12-24,0050,buy_hold_daily_state_hold_reference,31.12054443359375,0.0028039693418264733,1.655098840876843,0.0,-0.28217644745688364,benchmark_features_adjusted_close_exact_reference,False,True,False,False,False,False,False,False,False,True,False
2021-12-27,0050,buy_hold_daily_state_hold_reference,31.359851837158203,0.0076896920641955635,1.6755157333631887,0.0,-0.28217644745688364,benchmark_features_adjusted_close_exact_reference,False,True,False,False,False,False,False,False,False,True,False
2021-12-28,0050,buy_hold_daily_state_hold_reference,31.61003494262696,0.007977815289685664,1.6968605036886077,0.0,-0.28217644745688364,benchmark_features_adjusted_close_exact_reference,False,True,False,False,False,False,False,False,False,True,False
2021-12-29,0050,buy_hold_daily_state_hold_reference,31.751447677612305,0.004473665886229217,1.7089253565238787,0.0,-0.28217644745688364,benchmark_features_adjusted_close_exact_reference,False,True,False,False,False,False,False,False,False,True,False
2021-12-30,0050,buy_hold_daily_state_hold_reference,31.653539657592773,-0.00308357656676439,1.7005721777733878,-0.00308357656676439,-0.28217644745688364,benchmark_features_adjusted_close_exact_reference,False,True,False,False,False,False,False,False,False,True,False
2022-01-03,0050,buy_hold_daily_state_hold_reference,31.849340438842773,0.006185746787501278,1.717277233446465,0.0,-0.28217644745688364,benchmark_features_adjusted_close_exact_reference,False,True,False,False,False,False,False,False,False,True,False
2022-01-04,0050,buy_hold_daily_state_hold_reference,32.54550552368164,0.021858069123146917,1.7766716670418914,0.0,-0.28217644745688364,benchmark_features_adjusted_close_exact_reference,False,True,False,False,False,False,False,False,False,True,False
2022-01-05,0050,buy_hold_daily_state_hold_reference,32.48023986816406,-0.0020053661624671593,1.7711034236365246,-0.0020053661624670482,-0.28217644745688364,benchmark_features_adjusted_close_exact_reference,False,True,False,False,False,False,False,False,False,True,False
2022-01-06,0050,buy_hold_daily_state_hold_reference,32.1756591796875,-0.009377414997944644,1.7451176368308596,-0.011363976009683419,-0.28217644745688364,benchmark_features_adjusted_close_exact_reference,False,True,False,False,False,False,False,False,False,True,False
2022-01-07,0050,buy_hold_daily_state_hold_reference,31.89284896850586,-0.008789570078495235,1.7209892329882215,-0.02005366162467126,-0.28217644745688364,benchmark_features_adjusted_close_exact_reference,False,True,False,False,False,False,False,False,False,True,False
2022-01-10,0050,buy_hold_daily_state_hold_reference,32.099517822265625,0.006480100099048869,1.7386215155864195,-0.01370351126030267,-0.28217644745688364,benchmark_features_adjusted_close_exact_reference,False,True,False,False,False,False,False,False,False,True,False
2022-01-11,0050,buy_hold_daily_state_hold_reference,32.2626838684082,0.005083130751247555,1.7525422868283251,-0.008690037248542337,-0.28217644745688364,benchmark_features_adjusted_close_exact_reference,False,True,False,False,False,False,False,False,False,True,False
2022-01-12,0050,buy_hold_daily_state_hold_reference,32.53461837768555,0.008428762789435051,1.77574281283189,-0.0003345207217066992,-0.28217644745688364,benchmark_features_adjusted_close_exact_reference,False,True,False,False,False,False,False,False,False,True,False
2022-01-13,0050,buy_hold_daily_state_hold_reference,32.69778823852539,0.005015268934328576,1.7896639095307716,0.0,-0.28217644745688364,benchmark_features_adjusted_close_exact_reference,False,True,False,False,False,False,False,False,False,True,False
2022-01-14,0050,buy_hold_daily_state_hold_reference,32.69778823852539,0.0,1.7896639095307716,0.0,-0.28217644745688364,benchmark_features_adjusted_close_exact_reference,False,True,False,False,False,False,False,False,False,True,False
2022-01-17,0050,buy_hold_daily_state_hold_reference,33.0676155090332,0.011310467479022757,1.8212163124569227,0.0,-0.28217644745688364,benchmark_features_adjusted_close_exact_reference,False,True,False,False,False,False,False,False,False,True,False
2022-01-18,0050,buy_hold_daily_state_hold_reference,32.69778823852539,-0.011183971532715553,1.7896639095307716,-0.011183971532715664,-0.28217644745688364,benchmark_features_adjusted_close_exact_reference,False,True,False,False,False,False,False,False,False,True,False
2022-01-19,0050,buy_hold_daily_state_hold_reference,32.306190490722656,-0.011976276344628833,1.7562541236415936,-0.02302630554363816,-0.28217644745688364,benchmark_features_adjusted_close_exact_reference,False,True,False,False,False,False,False,False,False,True,False
2022-01-20,0050,buy_hold_daily_state_hold_reference,32.43672561645508,0.004040560764040135,1.7673909359093036,-0.019078783966318458,-0.28217644745688364,benchmark_features_adjusted_close_exact_reference,False,True,False,False,False,False,False,False,False,True,False
2022-01-21,0050,buy_hold_daily_state_hold_reference,31.71417617797852,-0.022275658986676827,1.7057454791381677,-0.04092945046748098,-0.28217644745688364,benchmark_features_adjusted_close_exact_reference,False,True,False,False,False,False,False,False,False,True,False
2022-01-24,0050,buy_hold_daily_state_hold_reference,32.014312744140625,0.009463798286222236,1.7313521085665888,-0.03185300024444904,-0.28217644745688364,benchmark_features_adjusted_close_exact_reference,False,True,False,False,False,False,False,False,False,True,False
2022-01-25,0050,buy_hold_daily_state_hold_reference,31.491857528686523,-0.016319426240056445,1.6867780092952138,-0.04765260379649161,-0.28217644745688364,benchmark_features_adjusted_close_exact_reference,False,True,False,False,False,False,False,False,False,True,False
2022-01-26,0050,buy_hold_daily_state_hold_reference,31.469623565673828,-0.0007060225962359779,1.6848810833095818,-0.0483249825776777,-0.28217644745688364,benchmark_features_adjusted_close_exact_reference,False,True,False,False,False,False,False,False,False,True,False
2022-02-07,0050,buy_hold_daily_state_hold_reference,31.63636589050293,0.005298516662620045,1.6991069704666506,-0.04328251664046645,-0.28217644745688364,benchmark_features_adjusted_close_exact_reference,False,True,False,False,False,False,False,False,False,True,False
2022-02-08,0050,buy_hold_daily_state_hold_reference,31.769756317138672,0.004216363759902864,1.7104873872810273,-0.0392486477151639,-0.28217644745688364,benchmark_features_adjusted_close_exact_reference,False,True,False,False,False,False,False,False,False,True,False
2022-02-09,0050,buy_hold_daily_state_hold_reference,31.88091278076172,0.0034988138565947846,1.719970878109772,-0.03588715757104732,-0.28217644745688364,benchmark_features_adjusted_close_exact_reference,False,True,False,False,False,False,False,False,False,True,False
2022-02-10,0050,buy_hold_daily_state_hold_reference,32.247745513916016,0.011506343487619919,1.7512677973096262,-0.024793744045234267,-0.28217644745688364,benchmark_features_adjusted_close_exact_reference,False,True,False,False,False,False,False,False,False,True,False
2022-02-11,0050,buy_hold_daily_state_hold_reference,32.22551727294922,-0.000689295968215986,1.7493713595094582,-0.025465949785642872,-0.28217644745688364,benchmark_features_adjusted_close_exact_reference,False,True,False,False,False,False,False,False,False,True,False
2022-02-14,0050,buy_hold_daily_state_hold_reference,31.72529411315918,-0.015522579685941507,1.7066940234952273,-0.04059323223675859,-0.28217644745688364,benchmark_features_adjusted_close_exact_reference,False,True,False,False,False,False,False,False,False,True,False
2022-02-15,0050,buy_hold_daily_state_hold_reference,31.58078956604004,-0.0045548686358498625,1.6943653877807665,-0.0449632040322655,-0.28217644745688364,benchmark_features_adjusted_close_exact_reference,False,True,False,False,False,False,False,False,False,True,False
2022-02-16,0050,buy_hold_daily_state_hold_reference,32.103240966796875,0.016543329281375696,1.7389391615951655,-0.029163715840741178,-0.28217644745688364,benchmark_features_adjusted_close_exact_reference,False,True,False,False,False,False,False,False,False,True,False
2022-02-17,0050,buy_hold_daily_state_hold_reference,32.1254768371582,0.0006926363099701849,1.740836250309286,-0.028491279379295742,-0.28217644745688364,benchmark_features_adjusted_close_exact_reference,False,True,False,False,False,False,False,False,False,True,False
2022-02-18,0050,buy_hold_daily_state_hold_reference,32.03654861450195,-0.002768152613174313,1.7332491972807094,-0.0311805637830036,-0.28217644745688364,benchmark_features_adjusted_close_exact_reference,False,True,False,False,False,False,False,False,False,True,False
2022-02-21,0050,buy_hold_daily_state_hold_reference,31.969844818115234,-0.002082115560866793,1.7275582565953247,-0.033197757806821215,-0.28217644745688364,benchmark_features_adjusted_close_exact_reference,False,True,False,False,False,False,False,False,False,True,False
2022-02-22,0050,buy_hold_daily_state_hold_reference,31.53632164001465,-0.013560377930109224,1.6905715358095024,-0.04630796159463757,-0.28217644745688364,benchmark_features_adjusted_close_exact_reference,False,True,False,False,False,False,False,False,False,True,False
2022-02-23,0050,buy_hold_daily_state_hold_reference,31.625247955322266,0.0028198062006947744,1.6981584261095906,-0.04361873487118906,-0.28217644745688364,benchmark_features_adjusted_close_exact_reference,False,True,False,False,False,False,False,False,False,True,False
2022-02-24,0050,buy_hold_daily_state_hold_reference,30.85824203491211,-0.024252961478554158,1.632720093738118,-0.06681381285316912,-0.28217644745688364,benchmark_features_adjusted_close_exact_reference,False,True,False,False,False,False,False,False,False,True,False
2022-02-25,0050,buy_hold_daily_state_hold_reference,30.791542053222656,-0.0021614964849258067,1.62702947850971,-0.06883089151646815,-0.28217644745688364,benchmark_features_adjusted_close_exact_reference,False,True,False,False,False,False,False,False,False,True,False
2022-03-01,0050,buy_hold_daily_state_hold_reference,31.225069046020508,0.014079418044361303,1.6640165247525083,-0.055720572368133436,-0.28217644745688364,benchmark_features_adjusted_close_exact_reference,False,True,False,False,False,False,False,False,False,True,False
2022-03-02,0050,buy_hold_daily_state_hold_reference,31.047212600708008,-0.005695950425293472,1.6488424186953554,-0.06109914117554904,-0.28217644745688364,benchmark_features_adjusted_close_exact_reference,False,True,False,False,False,False,False,False,False,True,False
2022-03-03,0050,buy_hold_daily_state_hold_reference,31.113910675048828,0.0021482789839657457,1.6545328711952756,-0.059082120192509024,-0.28217644745688364,benchmark_features_adjusted_close_exact_reference,False,True,False,False,False,False,False,False,False,True,False
2022-03-04,0050,buy_hold_daily_state_hold_reference,30.780426025390625,-0.010718184966881483,1.6260810968811374,-0.06916705206693174,-0.28217644745688364,benchmark_features_adjusted_close_exact_reference,False,True,False,False,False,False,False,False,False,True,False
2022-03-07,0050,buy_hold_daily_state_hold_reference,29.79109573364257,-0.03214153991669777,1.541674806481247,-0.09908545641869992,-0.28217644745688364,benchmark_features_adjusted_close_exact_reference,False,True,False,False,False,False,False,False,False,True,False
2022-03-08,0050,buy_hold_daily_state_hold_reference,29.157474517822266,-0.021268812046572938,1.4876164027386878,-0.11824683851615458,-0.28217644745688364,benchmark_features_adjusted_close_exact_reference,False,True,False,False,False,False,False,False,False,True,False
2022-03-09,0050,buy_hold_daily_state_hold_reference,29.457609176635746,0.01029357527621344,1.5132228694386218,-0.10917044597338144,-0.28217644745688364,benchmark_features_adjusted_close_exact_reference,False,True,False,False,False,False,False,False,False,True,False
2022-03-10,0050,buy_hold_daily_state_hold_reference,30.31355857849121,0.029056988186752175,1.586249556666575,-0.0832856221456203,-0.28217644745688364,benchmark_features_adjusted_close_exact_reference,False,True,False,False,False,False,False,False,False,True,False
2022-03-11,0050,buy_hold_daily_state_hold_reference,29.880022048950195,-0.014301736578318791,1.5492616967813362,-0.09639622969525097,-0.28217644745688364,benchmark_features_adjusted_close_exact_reference,False,True,False,False,False,False,False,False,False,True,False
2022-03-14,0050,buy_hold_daily_state_hold_reference,29.880022048950195,0.0,1.5492616967813362,-0.09639622969525097,-0.28217644745688364,benchmark_features_adjusted_close_exact_reference,False,True,False,False,False,False,False,False,False,True,False
2022-03-15,0050,buy_hold_daily_state_hold_reference,29.26864051818848,-0.020461214177156073,1.497100707209873,-0.11488505997074216,-0.28217644745688364,benchmark_features_adjusted_close_exact_reference,False,True,False,False,False,False,False,False,False,True,False
2022-03-16,0050,buy_hold_daily_state_hold_reference,29.390914916992188,0.004177658976942222,1.5075327423956772,-0.1111873515959032,-0.28217644745688364,benchmark_features_adjusted_close_exact_reference,False,True,False,False,False,False,False,False,False,True,False
2022-03-17,0050,buy_hold_daily_state_hold_reference,30.32466697692871,0.031770091627759456,1.587197287381195,-0.08294969231619342,-0.28217644745688364,benchmark_features_adjusted_close_exact_reference,False,True,False,False,False,False,False,False,False,True,False
2022-03-18,0050,buy_hold_daily_state_hold_reference,30.25796890258789,-0.002199466011994944,1.5815068348812744,-0.08496671329923355,-0.28217644745688364,benchmark_features_adjusted_close_exact_reference,False,True,False,False,False,False,False,False,False,True,False
2022-03-21,0050,buy_hold_daily_state_hold_reference,30.45806121826172,0.006612879943065586,1.5985780296525478,-0.07891570803037262,-0.28217644745688364,benchmark_features_adjusted_close_exact_reference,False,True,False,False,False,False,False,False,False,True,False
2022-03-22,0050,buy_hold_daily_state_hold_reference,30.413599014282227,-0.0014597844446131436,1.5947846658667477,-0.08026029255196732,-0.28217644745688364,benchmark_features_adjusted_close_exact_reference,False,True,False,False,False,False,False,False,False,True,False
2022-03-23,0050,buy_hold_daily_state_hold_reference,30.702613830566406,0.00950281537375619,1.6194424254811333,-0.07152017592017601,-0.28217644745688364,benchmark_features_adjusted_close_exact_reference,False,True,False,False,False,False,False,False,False,True,False
2022-03-24,0050,buy_hold_daily_state_hold_reference,30.680381774902344,-0.0007241095428145439,1.6175456622239892,-0.07219249702110297,-0.28217644745688364,benchmark_features_adjusted_close_exact_reference,False,True,False,False,False,False,False,False,False,True,False
2022-03-25,0050,buy_hold_daily_state_hold_reference,30.724851608276367,0.001449455019832957,1.6213396769237418,-0.07084768177847156,-0.28217644745688364,benchmark_features_adjusted_close_exact_reference,False,True,False,False,False,False,False,False,False,True,False
2022-03-28,0050,buy_hold_daily_state_hold_reference,30.3913688659668,-0.010853843870794688,1.5928880653380921,-0.08093255597263493,-0.28217644745688364,benchmark_features_adjusted_close_exact_reference,False,True,False,False,False,False,False,False,False,True,False
2022-03-29,0050,buy_hold_daily_state_hold_reference,30.424713134765625,0.0010971624524673818,1.5957328847668317,-0.07992418968176296,-0.28217644745688364,benchmark_features_adjusted_close_exact_reference,False,True,False,False,False,False,False,False,False,True,False
2022-03-30,0050,buy_hold_daily_state_hold_reference,30.80265998840332,0.012422363752900178,1.62797802286677,-0.06849467328574554,-0.28217644745688364,benchmark_features_adjusted_close_exact_reference,False,True,False,False,False,False,False,False,False,True,False
2022-03-31,0050,buy_hold_daily_state_hold_reference,30.702613830566406,-0.0032479713724262727,1.6194424254811333,-0.07152017592017601,-0.28217644745688364,benchmark_features_adjusted_close_exact_reference,False,True,False,False,False,False,False,False,False,True,False
2022-04-01,0050,buy_hold_daily_state_hold_reference,30.446945190429688,-0.008327259742367144,1.5976296480239758,-0.0792518685808361,-0.28217644745688364,benchmark_features_adjusted_close_exact_reference,False,True,False,False,False,False,False,False,False,True,False
2022-04-06,0050,buy_hold_daily_state_hold_reference,30.291318893432617,-0.005111392818678784,1.584352142495479,-0.08395817396758387,-0.28217644745688364,benchmark_features_adjusted_close_exact_reference,False,True,False,False,False,False,False,False,False,True,False
2022-04-07,0050,buy_hold_daily_state_hold_reference,29.746631622314453,-0.0179816294244044,1.5378812799669594,-0.10043009862055363,-0.28217644745688364,benchmark_features_adjusted_close_exact_reference,False,True,False,False,False,False,False,False,False,True,False
2022-04-08,0050,buy_hold_daily_state_hold_reference,29.913373947143555,0.005605418688952257,1.5521071671240287,-0.09538763268334216,-0.28217644745688364,benchmark_features_adjusted_close_exact_reference,False,True,False,False,False,False,False,False,False,True,False
2022-04-11,0050,buy_hold_daily_state_hold_reference,29.44649887084961,-0.015607569949110611,1.5122749759955139,-0.10950643348306743,-0.28217644745688364,benchmark_features_adjusted_close_exact_reference,False,True,False,False,False,False,False,False,False,True,False
2022-04-12,0050,buy_hold_daily_state_hold_reference,29.468730926513672,0.0007549982686081425,1.514171739252658,-0.10883411238214058,-0.28217644745688364,benchmark_features_adjusted_close_exact_reference,False,True,False,False,False,False,False,False,False,True,False
2022-04-13,0050,buy_hold_daily_state_hold_reference,30.0245361328125,0.0188608463555775,1.5615911461382375,-0.09202596949844821,-0.28217644745688364,benchmark_features_adjusted_close_exact_reference,False,True,False,False,False,False,False,False,False,True,False
2022-04-14,0050,buy_hold_daily_state_hold_reference,29.913373947143555,-0.0037023781209215567,1.5521071671240287,-0.09538763268334216,-0.28217644745688364,benchmark_features_adjusted_close_exact_reference,False,True,False,False,False,False,False,False,False,True,False
2022-04-15,0050,buy_hold_daily_state_hold_reference,29.40203094482422,-0.017094126634557227,1.5084811240242493,-0.11085119104543972,-0.28217644745688364,benchmark_features_adjusted_close_exact_reference,False,True,False,False,False,False,False,False,False,True,False
2022-04-18,0050,buy_hold_daily_state_hold_reference,29.24640846252441,-0.005292916077527021,1.4952039439527285,-0.11555738107166924,-0.28217644745688364,benchmark_features_adjusted_close_exact_reference,False,True,False,False,False,False,False,False,False,True,False
2022-04-19,0050,buy_hold_daily_state_hold_reference,29.34645271301269,0.003420736280028258,1.5037393786098767,-0.11253193611749812,-0.28217644745688364,benchmark_features_adjusted_close_exact_reference,False,True,False,False,False,False,False,False,False,True,False
2022-04-20,0050,buy_hold_daily_state_hold_reference,29.49095916748047,0.004924154066624276,1.516068177052826,-0.10816190664173186,-0.28217644745688364,benchmark_features_adjusted_close_exact_reference,False,True,False,False,False,False,False,False,False,True,False
2022-04-21,0050,buy_hold_daily_state_hold_reference,29.513198852539062,0.0007541187430457619,1.5179655912239225,-0.10748935481976818,-0.28217644745688364,benchmark_features_adjusted_close_exact_reference,False,True,False,False,False,False,False,False,False,True,False
2022-04-22,0050,buy_hold_daily_state_hold_reference,29.25752639770508,-0.008662986893133273,1.496152488309789,-0.11522116284094652,-0.28217644745688364,benchmark_features_adjusted_close_exact_reference,False,True,False,False,False,False,False,False,False,True,False
2022-04-25,0050,buy_hold_daily_state_hold_reference,28.73506736755371,-0.017857252286110903,1.4515780635814375,-0.13102088175350757,-0.28217644745688364,benchmark_features_adjusted_close_exact_reference,False,True,False,False,False,False,False,False,False,True,False
2022-04-26,0050,buy_hold_daily_state_hold_reference,28.73506736755371,0.0,1.4515780635814375,-0.13102088175350757,-0.28217644745688364,benchmark_features_adjusted_close_exact_reference,False,True,False,False,False,False,False,False,False,True,False
2022-04-27,0050,buy_hold_daily_state_hold_reference,28.13479804992676,-0.020889782854824457,1.4003651301815703,-0.14917366683905364,-0.28217644745688364,benchmark_features_adjusted_close_exact_reference,False,True,False,False,False,False,False,False,False,True,False
2022-04-28,0050,buy_hold_daily_state_hold_reference,28.25707626342773,0.004346155720897027,1.4107974908243506,-0.14547584310369643,-0.28217644745688364,benchmark_features_adjusted_close_exact_reference,False,True,False,False,False,False,False,False,False,True,False
2022-04-29,0050,buy_hold_daily_state_hold_reference,28.62390899658203,0.012981977672937184,1.4420944100242052,-0.13438242957788316,-0.28217644745688364,benchmark_features_adjusted_close_exact_reference,False,True,False,False,False,False,False,False,False,True,False
2022-05-03,0050,buy_hold_daily_state_hold_reference,28.41270446777344,-0.0073786053761493164,1.4240751590813363,-0.1407694800366891,-0.28217644745688364,benchmark_features_adjusted_close_exact_reference,False,True,False,False,False,False,False,False,False,True,False
2022-05-04,0050,buy_hold_daily_state_hold_reference,28.41270446777344,0.0,1.4240751590813363,-0.1407694800366891,-0.28217644745688364,benchmark_features_adjusted_close_exact_reference,False,True,False,False,False,False,False,False,False,True,False
2022-05-05,0050,buy_hold_daily_state_hold_reference,28.73506736755371,0.01134573092631519,1.4515780635814375,-0.13102088175350757,-0.28217644745688364,benchmark_features_adjusted_close_exact_reference,False,True,False,False,False,False,False,False,False,True,False
2022-05-06,0050,buy_hold_daily_state_hold_reference,28.15703582763672,-0.0201158929792411,1.4022623816241784,-0.1485011726973493,-0.28217644745688364,benchmark_features_adjusted_close_exact_reference,False,True,False,False,False,False,False,False,False,True,False
2022-05-09,0050,buy_hold_daily_state_hold_reference,27.69015884399414,-0.016581183704867386,1.3624300277671755,-0.1626200311773337,-0.28217644745688364,benchmark_features_adjusted_close_exact_reference,False,True,False,False,False,False,False,False,False,True,False
2022-05-10,0050,buy_hold_daily_state_hold_reference,27.567880630493164,-0.004415944819597839,1.3519976671243947,-0.16631785491269113,-0.28217644745688364,benchmark_features_adjusted_close_exact_reference,False,True,False,False,False,False,False,False,False,True,False
2022-05-11,0050,buy_hold_daily_state_hold_reference,27.61234664916992,0.001612964713274767,1.3557913563671709,-0.1649731550305782,-0.28217644745688364,benchmark_features_adjusted_close_exact_reference,False,True,False,False,False,False,False,False,False,True,False
2022-05-12,0050,buy_hold_daily_state_hold_reference,26.95649719238281,-0.02375203618584243,1.299836514824443,-0.18480674286844168,-0.28217644745688364,benchmark_features_adjusted_close_exact_reference,False,True,False,False,False,False,False,False,False,True,False
2022-05-13,0050,buy_hold_daily_state_hold_reference,27.201051712036133,0.00907219205477583,1.3207010733815165,-0.17741115307798594,-0.28217644745688364,benchmark_features_adjusted_close_exact_reference,False,True,False,False,False,False,False,False,False,True,False
2022-05-16,0050,buy_hold_daily_state_hold_reference,27.345558166503903,0.005312531882869287,1.3330298718244653,-0.1730411236022199,-0.28217644745688364,benchmark_features_adjusted_close_exact_reference,False,True,False,False,False,False,False,False,False,True,False
2022-05-17,0050,buy_hold_daily_state_hold_reference,27.645692825317383,0.010975627448743142,1.3586363385243994,-0.16396473105944676,-0.28217644745688364,benchmark_features_adjusted_close_exact_reference,False,True,False,False,False,False,False,False,False,True,False
2022-05-18,0050,buy_hold_daily_state_hold_reference,27.945825576782227,0.010856401876461197,1.384242642495845,-0.15488839619693284,-0.28217644745688364,benchmark_features_adjusted_close_exact_reference,False,True,False,False,False,False,False,False,False,True,False
2022-05-19,0050,buy_hold_daily_state_hold_reference,27.412254333496094,-0.019093057094345833,1.338720161595898,-0.171024160299439,-0.28217644745688364,benchmark_features_adjusted_close_exact_reference,False,True,False,False,False,False,False,False,False,True,False
2022-05-20,0050,buy_hold_daily_state_hold_reference,27.71238899230957,0.010948922885438472,1.3643266282958315,-0.16194776775666597,-0.28217644745688364,benchmark_features_adjusted_close_exact_reference,False,True,False,False,False,False,False,False,False,True,False
2022-05-23,0050,buy_hold_daily_state_hold_reference,27.767969131469727,0.0020056061992916874,1.369068536438692,-0.16026696500434845,-0.28217644745688364,benchmark_features_adjusted_close_exact_reference,False,True,False,False,False,False,False,False,False,True,False
2022-05-24,0050,buy_hold_daily_state_hold_reference,27.45671844482422,-0.011208982737335504,1.342513688110186,-0.16967951809758508,-0.28217644745688364,benchmark_features_adjusted_close_exact_reference,False,True,False,False,False,False,False,False,False,True,False
2022-05-25,0050,buy_hold_daily_state_hold_reference,27.66792297363281,0.007692271355479674,1.360532939053055,-0.16329246763877914,-0.28217644745688364,benchmark_features_adjusted_close_exact_reference,False,True,False,False,False,False,False,False,False,True,False
2022-05-26,0050,buy_hold_daily_state_hold_reference,27.323326110839844,-0.012454742740225289,1.3311331085673213,-0.17371344470314687,-0.28217644745688364,benchmark_features_adjusted_close_exact_reference,False,True,False,False,False,False,False,False,False,True,False
2022-05-27,0050,buy_hold_daily_state_hold_reference,27.90136337280273,0.021155450094839212,1.3804492787100444,-0.15623298071852776,-0.28217644745688364,benchmark_features_adjusted_close_exact_reference,False,True,False,False,False,False,False,False,False,True,False
2022-05-30,0050,buy_hold_daily_state_hold_reference,28.579444885253903,0.024302809271038672,1.4383008835099167,-0.13572707177973709,-0.28217644745688364,benchmark_features_adjusted_close_exact_reference,False,True,False,False,False,False,False,False,False,True,False
2022-05-31,0050,buy_hold_daily_state_hold_reference,28.857345581054688,0.009723796137977914,1.4620104242242182,-0.12732305801815014,-0.28217644745688364,benchmark_features_adjusted_close_exact_reference,False,True,False,False,False,False,False,False,False,True,False
2022-06-01,0050,buy_hold_daily_state_hold_reference,28.71283531188965,-0.005007746424879556,1.4496813003242934,-0.13169320285443453,-0.28217644745688364,benchmark_features_adjusted_close_exact_reference,False,True,False,False,False,False,False,False,False,True,False
2022-06-02,0050,buy_hold_daily_state_hold_reference,28.41270446777344,-0.010452845943497824,1.4240751590813363,-0.1407694800366891,-0.28217644745688364,benchmark_features_adjusted_close_exact_reference,False,True,False,False,False,False,False,False,False,True,False
2022-06-06,0050,buy_hold_daily_state_hold_reference,28.61279296875,0.007042219483312628,1.4411460283956328,-0.13471859012834675,-0.28217644745688364,benchmark_features_adjusted_close_exact_reference,False,True,False,False,False,False,False,False,False,True,False
2022-06-07,0050,buy_hold_daily_state_hold_reference,28.323774337768555,-0.010101028281199298,1.4164879433242712,-0.1434588221206563,-0.28217644745688364,benchmark_features_adjusted_close_exact_reference,False,True,False,False,False,False,False,False,False,True,False
2022-06-08,0050,buy_hold_daily_state_hold_reference,28.635025024414062,0.010989025789210238,1.4430427916527773,-0.13404626902741967,-0.28217644745688364,benchmark_features_adjusted_close_exact_reference,False,True,False,False,False,False,False,False,False,True,False
2022-06-09,0050,buy_hold_daily_state_hold_reference,28.546092987060547,-0.0031057083860653867,1.4354554131672246,-0.13673566879164578,-0.28217644745688364,benchmark_features_adjusted_close_exact_reference,False,True,False,False,False,False,False,False,False,True,False
2022-06-10,0050,buy_hold_daily_state_hold_reference,28.25707626342773,-0.010124563237561834,1.4107974908243506,-0.14547584310369643,-0.28217644745688364,benchmark_features_adjusted_close_exact_reference,False,True,False,False,False,False,False,False,False,True,False
2022-06-13,0050,buy_hold_daily_state_hold_reference,27.467836380004883,-0.027930698705879053,1.343462232467246,-0.16934329986686247,-0.28217644745688364,benchmark_features_adjusted_close_exact_reference,False,True,False,False,False,False,False,False,False,True,False
2022-06-14,0050,buy_hold_daily_state_hold_reference,27.42337226867676,-0.0016187700666693283,1.3396687059529584,-0.17068794206871618,-0.28217644745688364,benchmark_features_adjusted_close_exact_reference,False,True,False,False,False,False,False,False,False,True,False
2022-06-15,0050,buy_hold_daily_state_hold_reference,27.28997802734375,-0.0048642537477192604,1.3282879636816052,-0.1747219263545372,-0.28217644745688364,benchmark_features_adjusted_close_exact_reference,False,True,False,False,False,False,False,False,False,True,False
2022-06-16,0050,buy_hold_daily_state_hold_reference,27.234399795532227,-0.0020365803063614463,1.323546218267233,-0.17640267142659538,-0.28217644745688364,benchmark_features_adjusted_close_exact_reference,False,True,False,False,False,False,False,False,False,True,False
2022-06-17,0050,buy_hold_daily_state_hold_reference,26.86756706237793,-0.013469462734936988,1.2922492990673788,-0.18749608495240855,-0.28217644745688364,benchmark_features_adjusted_close_exact_reference,False,True,False,False,False,False,False,False,False,True,False
2022-06-20,0050,buy_hold_daily_state_hold_reference,26.62301254272461,-0.009102220498251379,1.2713847405103054,-0.19489167474286417,-0.28217644745688364,benchmark_features_adjusted_close_exact_reference,False,True,False,False,False,False,False,False,False,True,False
2022-06-21,0050,buy_hold_daily_state_hold_reference,27.167699813842773,0.020459265090456924,1.3178556030388244,-0.17841975008989464,-0.28217644745688364,benchmark_features_adjusted_close_exact_reference,False,True,False,False,False,False,False,False,False,True,False
2022-06-22,0050,buy_hold_daily_state_hold_reference,26.567432403564453,-0.022094892625855178,1.2666428323674448,-0.1965724774951817,-0.28217644745688364,benchmark_features_adjusted_close_exact_reference,False,True,False,False,False,False,False,False,False,True,False
2022-06-23,0050,buy_hold_daily_state_hold_reference,26.21171760559082,-0.013389129689698853,1.2362944575246506,-0.20732967279027215,-0.28217644745688364,benchmark_features_adjusted_close_exact_reference,False,True,False,False,False,False,False,False,False,True,False
2022-06-24,0050,buy_hold_daily_state_hold_reference,26.26729965209961,0.0021205037893790024,1.2410365283959992,-0.2056488123576956,-0.28217644745688364,benchmark_features_adjusted_close_exact_reference,False,True,False,False,False,False,False,False,False,True,False
2022-06-27,0050,buy_hold_daily_state_hold_reference,26.889801025390625,0.02369871975938942,1.294146225053011,-0.18682370617122246,-0.28217644745688364,benchmark_features_adjusted_close_exact_reference,False,True,False,False,False,False,False,False,False,True,False
2022-06-28,0050,buy_hold_daily_state_hold_reference,26.63412857055664,-0.009508157185416422,1.2723331221388774,-0.1945555141924008,-0.28217644745688364,benchmark_features_adjusted_close_exact_reference,False,True,False,False,False,False,False,False,False,True,False
2022-06-29,0050,buy_hold_daily_state_hold_reference,26.411808013916016,-0.008347205956135362,1.253365489567436,-0.20127872520167034,-0.28217644745688364,benchmark_features_adjusted_close_exact_reference,False,True,False,False,False,False,False,False,False,True,False
2022-06-30,0050,buy_hold_daily_state_hold_reference,25.744844436645508,-0.025252477108689164,1.1964624291246242,-0.22144841590973818,-0.28217644745688364,benchmark_features_adjusted_close_exact_reference,False,True,False,False,False,False,False,False,False,True,False
2022-07-01,0050,buy_hold_daily_state_hold_reference,24.79997444152832,-0.03670132858803565,1.1158493397820464,-0.25002229342017057,-0.28217644745688364,benchmark_features_adjusted_close_exact_reference,False,True,False,False,False,False,False,False,False,True,False
2022-07-04,0050,buy_hold_daily_state_hold_reference,24.55542182922364,-0.009861002594227286,1.0949849439534614,-0.25741782553036696,-0.28217644745688364,benchmark_features_adjusted_close_exact_reference,False,True,False,False,False,False,False,False,False,True,False
2022-07-05,0050,buy_hold_daily_state_hold_reference,24.677698135375977,0.004979605196878234,1.1054171418677536,-0.2537200594752689,-0.28217644745688364,benchmark_features_adjusted_close_exact_reference,False,True,False,False,False,False,False,False,False,True,False
2022-07-06,0050,buy_hold_daily_state_hold_reference,24.19970703125,-0.019369355338728522,1.0646365691106667,-0.26817502082545763,-0.28217644745688364,benchmark_features_adjusted_close_exact_reference,False,True,False,False,False,False,False,False,False,True,False
2022-07-07,0050,buy_hold_daily_state_hold_reference,24.92225456237793,0.02985769745868727,1.1262818631533151,-0.24632441200455402,-0.28217644745688364,benchmark_features_adjusted_close_exact_reference,False,True,False,False,False,False,False,False,False,True,False
2022-07-08,0050,buy_hold_daily_state_hold_reference,25.177921295166016,0.010258571597051125,1.1480944778819846,-0.23859277702415316,-0.28217644745688364,benchmark_features_adjusted_close_exact_reference,False,True,False,False,False,False,False,False,False,True,False
2022-07-11,0050,buy_hold_daily_state_hold_reference,24.955602645874023,-0.00882990484741386,1.1291270080390312,-0.24531593035316357,-0.28217644745688364,benchmark_features_adjusted_close_exact_reference,False,True,False,False,False,False,False,False,False,True,False
2022-07-12,0050,buy_hold_daily_state_hold_reference,24.355335235595703,-0.024053412726443013,1.077914237367652,-0.2634686577584505,-0.28217644745688364,benchmark_features_adjusted_close_exact_reference,False,True,False,False,False,False,False,False,False,True,False
2022-07-13,0050,buy_hold_daily_state_hold_reference,25.22238540649414,0.03560000971085908,1.1518880043962727,-0.23724813482229923,-0.28217644745688364,benchmark_features_adjusted_close_exact_reference,False,True,False,False,False,False,False,False,False,True,False
2022-07-14,0050,buy_hold_daily_state_hold_reference,25.34466552734375,0.004848079151868134,1.162320527767542,-0.23355025340668256,-0.28217644745688364,benchmark_features_adjusted_close_exact_reference,False,True,False,False,False,False,False,False,False,True,False
2022-07-15,0050,buy_hold_daily_state_hold_reference,25.67814826965332,0.013157906619433835,1.1907721393531916,-0.2234653792125192,-0.28217644745688364,benchmark_features_adjusted_close_exact_reference,False,True,False,False,False,False,False,False,False,True,False
2022-07-18,0050,buy_hold_daily_state_hold_reference,25.79106903076172,0.004397542997360393,1.2004061540334168,-0.2200505348286671,-0.28217644745688364,benchmark_features_adjusted_close_exact_reference,False,True,False,False,False,False,False,False,False,True,False
2022-07-19,0050,buy_hold_daily_state_hold_reference,25.813650131225582,0.0008755395302508795,1.2023326966038805,-0.21936765824031157,-0.28217644745688364,benchmark_features_adjusted_close_exact_reference,False,True,False,False,False,False,False,False,False,True,False
2022-07-20,0050,buy_hold_daily_state_hold_reference,25.9830322265625,0.006561725849535183,1.2167837999884625,-0.21424536282440387,-0.28217644745688364,benchmark_features_adjusted_close_exact_reference,False,True,False,False,False,False,False,False,False,True,False
2022-07-21,0050,buy_hold_daily_state_hold_reference,26.27662467956543,0.011299391481444987,1.2418321079742571,-0.20536681357059616,-0.28217644745688364,benchmark_features_adjusted_close_exact_reference,False,True,False,False,False,False,False,False,False,True,False
2022-07-22,0050,buy_hold_daily_state_hold_reference,26.37825393676757,0.003867667877494707,1.2505027700050055,-0.2022934363210518,-0.28217644745688364,benchmark_features_adjusted_close_exact_reference,False,True,False,False,False,False,False,False,False,True,False
2022-07-25,0050,buy_hold_daily_state_hold_reference,26.355669021606445,-0.0008561944704628122,1.2485759019775662,-0.20297642826992557,-0.28217644745688364,benchmark_features_adjusted_close_exact_reference,False,True,False,False,False,False,False,False,False,True,False
2022-07-26,0050,buy_hold_daily_state_hold_reference,26.11853408813477,-0.008997492466507717,1.228344357239152,-0.21014764185219614,-0.28217644745688364,benchmark_features_adjusted_close_exact_reference,False,True,False,False,False,False,False,False,False,True,False
2022-07-27,0050,buy_hold_daily_state_hold_reference,26.355669021606445,0.009079182341225067,1.2485759019775662,-0.20297642826992557,-0.28217644745688364,benchmark_features_adjusted_close_exact_reference,False,True,False,False,False,False,False,False,False,True,False
2022-07-28,0050,buy_hold_daily_state_hold_reference,26.40083885192871,0.0017138563352436798,1.2524296380324467,-0.20161044437217746,-0.28217644745688364,benchmark_features_adjusted_close_exact_reference,False,True,False,False,False,False,False,False,False,True,False
2022-07-29,0050,buy_hold_daily_state_hold_reference,26.649263381958008,0.009409721085856582,1.2736243726918488,-0.19409782133585873,-0.28217644745688364,benchmark_features_adjusted_close_exact_reference,False,True,False,False,False,False,False,False,False,True,False
2022-08-01,0050,buy_hold_daily_state_hold_reference,26.57022285461425,-0.002965955426643019,1.2668809041455158,-0.19648809127601097,-0.28217644745688364,benchmark_features_adjusted_close_exact_reference,False,True,False,False,False,False,False,False,False,True,False
2022-08-02,0050,buy_hold_daily_state_hold_reference,26.14706993103028,-0.015925832684932972,1.2307789381494247,-0.2092846874947003,-0.28217644745688364,benchmark_features_adjusted_close_exact_reference,False,True,False,False,False,False,False,False,False,True,False
2022-08-03,0050,buy_hold_daily_state_hold_reference,26.30546760559082,0.006057951234243575,1.2442928881711115,-0.2044945726913736,-0.28217644745688364,benchmark_features_adjusted_close_exact_reference,False,True,False,False,False,False,False,False,False,True,False
2022-08-04,0050,buy_hold_daily_state_hold_reference,26.373353958129883,0.002580693624493202,1.2500847205191103,-0.20244161690686846,-0.28217644745688364,benchmark_features_adjusted_close_exact_reference,False,True,False,False,False,False,False,False,False,True,False
2022-08-05,0050,buy_hold_daily_state_hold_reference,27.040889739990234,0.025310993168336626,1.3070365995083484,-0.18225462212104848,-0.28217644745688364,benchmark_features_adjusted_close_exact_reference,False,True,False,False,False,False,False,False,False,True,False
2022-08-08,0050,buy_hold_daily_state_hold_reference,26.984317779541016,-0.0020920894613003505,1.302210072551683,-0.1839654186081361,-0.28217644745688364,benchmark_features_adjusted_close_exact_reference,False,True,False,False,False,False,False,False,False,True,False
2022-08-09,0050,buy_hold_daily_state_hold_reference,26.96169090270996,-0.0008385195066228368,1.3002796244975046,-0.18464967952271205,-0.28217644745688364,benchmark_features_adjusted_close_exact_reference,False,True,False,False,False,False,False,False,False,True,False
2022-08-10,0050,buy_hold_daily_state_hold_reference,26.67883682250977,-0.010490962203403953,1.2761474778996411,-0.1932034889173725,-0.28217644745688364,benchmark_features_adjusted_close_exact_reference,False,True,False,False,False,False,False,False,False,True,False
2022-08-11,0050,buy_hold_daily_state_hold_reference,27.16534423828125,0.01823570566468624,1.3176546333560366,-0.17849098520997408,-0.28217644745688364,benchmark_features_adjusted_close_exact_reference,False,True,False,False,False,False,False,False,False,True,False
2022-08-12,0050,buy_hold_daily_state_hold_reference,27.33505821228028,0.006247444262453827,1.3321340514975462,-0.17335865342897006,-0.28217644745688364,benchmark_features_adjusted_close_exact_reference,False,True,False,False,False,False,False,False,False,True,False
2022-08-15,0050,buy_hold_daily_state_hold_reference,27.583969116210938,0.009105921853088672,1.3533702819214102,-0.16583132192656214,-0.28217644745688364,benchmark_features_adjusted_close_exact_reference,False,True,False,False,False,False,False,False,False,True,False
2022-08-16,0050,buy_hold_daily_state_hold_reference,27.629226684570312,0.0016407199474703926,1.3572315034867426,-0.16446268473689207,-0.28217644745688364,benchmark_features_adjusted_close_exact_reference,False,True,False,False,False,False,False,False,False,True,False
2022-08-17,0050,buy_hold_daily_state_hold_reference,27.64054107666016,0.0004095080987613908,1.358196808878076,-0.16412052543947442,-0.28217644745688364,benchmark_features_adjusted_close_exact_reference,False,True,False,False,False,False,False,False,False,True,False
2022-08-18,0050,buy_hold_daily_state_hold_reference,27.45951271057129,-0.00654937852290205,1.342752085345234,-0.16959501651789577,-0.28217644745688364,benchmark_features_adjusted_close_exact_reference,False,True,False,False,False,False,False,False,False,True,False
2022-08-19,0050,buy_hold_daily_state_hold_reference,27.504772186279297,0.001648225741842202,1.3466134696390544,-0.16822632164796658,-0.28217644745688364,benchmark_features_adjusted_close_exact_reference,False,True,False,False,False,False,False,False,False,True,False
2022-08-22,0050,buy_hold_daily_state_hold_reference,27.16534423828125,-0.012340692942273135,1.3176546333560366,-0.17849098520997408,-0.28217644745688364,benchmark_features_adjusted_close_exact_reference,False,True,False,False,False,False,False,False,False,True,False
2022-08-23,0050,buy_hold_daily_state_hold_reference,26.746721267700195,-0.015410184642208002,1.2819391475191515,-0.19115059081312658,-0.28217644745688364,benchmark_features_adjusted_close_exact_reference,False,True,False,False,False,False,False,False,False,True,False
2022-08-24,0050,buy_hold_daily_state_hold_reference,26.67883682250977,-0.002538047355823192,1.2761474778996411,-0.1932034889173725,-0.28217644745688364,benchmark_features_adjusted_close_exact_reference,False,True,False,False,False,False,False,False,False,True,False
2022-08-25,0050,buy_hold_daily_state_hold_reference,26.92774772644043,0.009329900909347266,1.2973837083235051,-0.18567615741496457,-0.28217644745688364,benchmark_features_adjusted_close_exact_reference,False,True,False,False,False,False,False,False,False,True,False
2022-08-26,0050,buy_hold_daily_state_hold_reference,27.06351852416992,0.005042040615828247,1.3089672102910144,-0.1815703035262135,-0.28217644745688364,benchmark_features_adjusted_close_exact_reference,False,True,False,False,False,False,False,False,False,True,False
2022-08-29,0050,buy_hold_daily_state_hold_reference,26.373353958129883,-0.02550165697869855,1.2500847205191103,-0.20244161690686846,-0.28217644745688364,benchmark_features_adjusted_close_exact_reference,False,True,False,False,False,False,False,False,False,True,False
2022-08-30,0050,buy_hold_daily_state_hold_reference,26.418609619140625,0.0017159615376409754,1.2539457793559547,-0.20107303739745752,-0.28217644745688364,benchmark_features_adjusted_close_exact_reference,False,True,False,False,False,False,False,False,False,True,False
2022-08-31,0050,buy_hold_daily_state_hold_reference,26.610950469970703,0.007280506188740654,1.2703556455516418,-0.19525644470187786,-0.28217644745688364,benchmark_features_adjusted_close_exact_reference,False,True,False,False,False,False,False,False,False,True,False
2022-09-01,0050,buy_hold_daily_state_hold_reference,26.05655670166016,-0.020833294509196576,1.2230566577472475,-0.21202190419378153,-0.28217644745688364,benchmark_features_adjusted_close_exact_reference,False,True,False,False,False,False,False,False,False,True,False
2022-09-02,0050,buy_hold_daily_state_hold_reference,25.7737045288086,-0.010855316613401111,1.1989246738778716,-0.22057565590818307,-0.28217644745688364,benchmark_features_adjusted_close_exact_reference,False,True,False,False,False,False,False,False,False,True,False
2022-09-05,0050,buy_hold_daily_state_hold_reference,25.830272674560547,0.0021948007392076363,1.2037508753775605,-0.21886497478161393,-0.28217644745688364,benchmark_features_adjusted_close_exact_reference,False,True,False,False,False,False,False,False,False,True,False
2022-09-06,0050,buy_hold_daily_state_hold_reference,25.99998664855957,0.006570351623355952,1.2182302935190696,-0.21373264300061012,-0.28217644745688364,benchmark_features_adjusted_close_exact_reference,False,True,False,False,False,False,False,False,False,True,False
2022-09-07,0050,buy_hold_daily_state_hold_reference,25.38901710510254,-0.023498840661553944,1.166104453301033,-0.23220901434011987,-0.28217644745688364,benchmark_features_adjusted_close_exact_reference,False,True,False,False,False,False,False,False,False,True,False
2022-09-08,0050,buy_hold_daily_state_hold_reference,25.57004737854004,0.007130259225400115,1.181549339562363,-0.2267344655814394,-0.28217644745688364,benchmark_features_adjusted_close_exact_reference,False,True,False,False,False,False,False,False,False,True,False
2022-09-12,0050,buy_hold_daily_state_hold_reference,26.11312484741211,0.02123881355526369,1.2278828592469364,-0.2103112230672124,-0.28217644745688364,benchmark_features_adjusted_close_exact_reference,False,True,False,False,False,False,False,False,False,True,False
2022-09-13,0050,buy_hold_daily_state_hold_reference,26.2489013671875,0.005199550822384547,1.2394668493999101,-0.20620519613768373,-0.28217644745688364,benchmark_features_adjusted_close_exact_reference,False,True,False,False,False,False,False,False,False,True,False
2022-09-14,0050,buy_hold_daily_state_hold_reference,25.717130661010746,-0.020258779548064987,1.1940979841927177,-0.2222865100755299,-0.28217644745688364,benchmark_features_adjusted_close_exact_reference,False,True,False,False,False,False,False,False,False,True,False
2022-09-15,0050,buy_hold_daily_state_hold_reference,25.762386322021484,0.0017597476797577283,1.1979590430295617,-0.22091793056611908,-0.28217644745688364,benchmark_features_adjusted_close_exact_reference,False,True,False,False,False,False,False,False,False,True,False
2022-09-16,0050,buy_hold_daily_state_hold_reference,25.468217849731445,-0.011418525776806132,1.1728615910403648,-0.22981389925819729,-0.28217644745688364,benchmark_features_adjusted_close_exact_reference,False,True,False,False,False,False,False,False,False,True,False
2022-09-19,0050,buy_hold_daily_state_hold_reference,25.355079650878903,-0.004442328847667487,1.1632090253124976,-0.23323531919159501,-0.28217644745688364,benchmark_features_adjusted_close_exact_reference,False,True,False,False,False,False,False,False,False,True,False
2022-09-20,0050,buy_hold_daily_state_hold_reference,25.581361770629883,0.008924528057758785,1.182514644953696,-0.22639230628402196,-0.28217644745688364,benchmark_features_adjusted_close_exact_reference,False,True,False,False,False,False,False,False,False,True,False
2022-09-21,0050,buy_hold_daily_state_hold_reference,25.36639213562012,-0.008403369489757617,1.164174167975343,-0.2328932175744366,-0.28217644745688364,benchmark_features_adjusted_close_exact_reference,False,True,False,False,False,False,False,False,False,True,False
2022-09-22,0050,buy_hold_daily_state_hold_reference,25.0609073638916,-0.01204289400302816,1.1381112478663242,-0.2421314032441917,-0.28217644745688364,benchmark_features_adjusted_close_exact_reference,False,True,False,False,False,False,False,False,False,True,False
2022-09-23,0050,buy_hold_daily_state_hold_reference,24.82330894470215,-0.009480838651987122,1.1178401601053047,-0.2493166331294413,-0.28217644745688364,benchmark_features_adjusted_close_exact_reference,False,True,False,False,False,False,False,False,False,True,False
2022-09-26,0050,buy_hold_daily_state_hold_reference,24.35942840576172,-0.018687296684491095,1.0782634527030868,-0.2633448759222642,-0.28217644745688364,benchmark_features_adjusted_close_exact_reference,False,True,False,False,False,False,False,False,False,True,False
2022-09-27,0050,buy_hold_daily_state_hold_reference,24.32548713684082,-0.0013933524364992955,1.0753676992575758,-0.26437129613425747,-0.28217644745688364,benchmark_features_adjusted_close_exact_reference,False,True,False,False,False,False,False,False,False,True,False
2022-09-28,0050,buy_hold_daily_state_hold_reference,23.816347122192383,-0.020930311149960357,1.0319296075615374,-0.27976823379700944,-0.28217644745688364,benchmark_features_adjusted_close_exact_reference,False,True,False,False,False,False,False,False,False,True,False
2022-09-29,0050,buy_hold_daily_state_hold_reference,23.737150192260746,-0.0033253180903565216,1.0251727952791816,-0.2821632335184139,-0.28217644745688364,benchmark_features_adjusted_close_exact_reference,False,True,False,False,False,False,False,False,False,True,False
2022-09-30,0050,buy_hold_daily_state_hold_reference,23.409040451049805,-0.013822625654444254,0.9971795898444731,-0.2920856224224855,-0.2920856224224855,benchmark_features_adjusted_close_exact_reference,False,True,False,False,False,False,False,False,False,True,False
2022-10-03,0050,buy_hold_daily_state_hold_reference,23.12618064880371,-0.0120833574036312,0.9730469550611449,-0.30063960485792374,-0.30063960485792374,benchmark_features_adjusted_close_exact_reference,False,True,False,False,False,False,False,False,False,True,False
2022-10-04,0050,buy_hold_daily_state_hold_reference,23.71452140808105,0.025440463698348514,1.0232421844965147,-0.2828475521132492,-0.30063960485792374,benchmark_features_adjusted_close_exact_reference,False,True,False,False,False,False,False,False,False,True,False
2022-10-05,0050,buy_hold_daily_state_hold_reference,24.268917083740234,0.02337789855081218,1.070541335029398,-0.26608203494108607,-0.30063960485792374,benchmark_features_adjusted_close_exact_reference,False,True,False,False,False,False,False,False,False,True,False
2022-10-06,0050,buy_hold_daily_state_hold_reference,24.438629150390625,0.00699298061239384,1.085020590442419,-0.2609497608403414,-0.30063960485792374,benchmark_features_adjusted_close_exact_reference,False,True,False,False,False,False,False,False,False,True,False
2022-10-07,0050,buy_hold_daily_state_hold_reference,24.03131675720215,-0.016666744713132453,1.0502700845398905,-0.2732673225065949,-0.30063960485792374,benchmark_features_adjusted_close_exact_reference,False,True,False,False,False,False,False,False,False,True,False
2022-10-11,0050,buy_hold_daily_state_hold_reference,22.78675651550293,-0.051789098960889235,0.9440884442351032,-0.3109041530594129,-0.3109041530594129,benchmark_features_adjusted_close_exact_reference,False,True,False,False,False,False,False,False,False,True,False
2022-10-12,0050,buy_hold_daily_state_hold_reference,22.67361640930176,-0.004965169401103364,0.9344357157787484,-0.31432563067306973,-0.31432563067306973,benchmark_features_adjusted_close_exact_reference,False,True,False,False,False,False,False,False,False,True,False
2022-10-13,0050,buy_hold_daily_state_hold_reference,22.402076721191406,-0.011976020199360726,0.9112688745722173,-0.32253728077031296,-0.32253728077031296,benchmark_features_adjusted_close_exact_reference,False,True,False,False,False,False,False,False,False,True,False
2022-10-14,0050,buy_hold_daily_state_hold_reference,23.046985626220703,0.02878790716841184,0.9662903055072771,-0.30303454689906895,-0.32253728077031296,benchmark_features_adjusted_close_exact_reference,False,True,False,False,False,False,False,False,False,True,False
2022-10-17,0050,buy_hold_daily_state_hold_reference,22.61704444885254,-0.01865498526970122,0.9296091888220825,-0.31603642716015745,-0.32253728077031296,benchmark_features_adjusted_close_exact_reference,False,True,False,False,False,False,False,False,False,True,False
2022-10-18,0050,buy_hold_daily_state_hold_reference,22.87727165222168,0.011505800590242199,0.9518108873657682,-0.30816687868007264,-0.32253728077031296,benchmark_features_adjusted_close_exact_reference,False,True,False,False,False,False,False,False,False,True,False
2022-10-19,0050,buy_hold_daily_state_hold_reference,22.57179069519043,-0.01335303272501831,0.9257482927137262,-0.31740494898930915,-0.32253728077031296,benchmark_features_adjusted_close_exact_reference,False,True,False,False,False,False,False,False,False,True,False
2022-10-20,0050,buy_hold_daily_state_hold_reference,22.44733428955078,-0.005513802928633682,0.9151300961375499,-0.3211686435806428,-0.32253728077031296,benchmark_features_adjusted_close_exact_reference,False,True,False,False,False,False,False,False,False,True,False
2022-10-21,0050,buy_hold_daily_state_hold_reference,22.37944793701172,-0.003024250080806423,0.9093382637895511,-0.32322159936514794,-0.32322159936514794,benchmark_features_adjusted_close_exact_reference,False,True,False,False,False,False,False,False,False,True,False
2022-10-24,0050,buy_hold_daily_state_hold_reference,22.31156349182129,-0.0030333386856321587,0.9035465941700405,-0.32527449746939396,-0.32527449746939396,benchmark_features_adjusted_close_exact_reference,False,True,False,False,False,False,False,False,False,True,False
2022-10-25,0050,buy_hold_daily_state_hold_reference,21.881622314453125,-0.019269881177344073,0.8668654774848457,-0.3382763777304826,-0.3382763777304826,benchmark_features_adjusted_close_exact_reference,False,True,False,False,False,False,False,False,False,True,False
2022-10-26,0050,buy_hold_daily_state_hold_reference,22.08527946472168,0.009307223538632892,0.884240811800354,-0.33211756805722614,-0.3382763777304826,benchmark_features_adjusted_close_exact_reference,False,True,False,False,False,False,False,False,False,True,False
2022-10-27,0050,buy_hold_daily_state_hold_reference,22.402076721191406,0.014344272028604665,0.9112688745722173,-0.32253728077031296,-0.3382763777304826,benchmark_features_adjusted_close_exact_reference,False,True,False,False,False,False,False,False,False,True,False
2022-10-28,0050,buy_hold_daily_state_hold_reference,22.11922073364257,-0.012626328847506585,0.8871365652458647,-0.33109114784523297,-0.3382763777304826,benchmark_features_adjusted_close_exact_reference,False,True,False,False,False,False,False,False,False,True,False
2022-10-31,0050,buy_hold_daily_state_hold_reference,22.413389205932617,0.013299224047374603,0.9122340172350623,-0.32219517915315465,-0.3382763777304826,benchmark_features_adjusted_close_exact_reference,False,True,False,False,False,False,False,False,False,True,False
2022-11-01,0050,buy_hold_daily_state_hold_reference,22.537845611572266,0.005552770466623835,0.9228522138112387,-0.3184314845618209,-0.3382763777304826,benchmark_features_adjusted_close_exact_reference,False,True,False,False,False,False,False,False,False,True,False
2022-11-02,0050,buy_hold_daily_state_hold_reference,22.628358840942383,0.004016055080421799,0.9305744942134155,-0.3156942678627399,-0.3382763777304826,benchmark_features_adjusted_close_exact_reference,False,True,False,False,False,False,False,False,False,True,False
2022-11-03,0050,buy_hold_daily_state_hold_reference,22.33418846130371,-0.01300007577687945,0.9054768794957304,-0.32459029423507735,-0.3382763777304826,benchmark_features_adjusted_close_exact_reference,False,True,False,False,False,False,False,False,False,True,False
2022-11-04,0050,buy_hold_daily_state_hold_reference,22.36813163757324,0.0015197855220188128,0.9083727956697296,-0.32356381634282483,-0.3382763777304826,benchmark_features_adjusted_close_exact_reference,False,True,False,False,False,False,False,False,False,True,False
2022-11-07,0050,buy_hold_daily_state_hold_reference,22.75281524658203,0.017197842682694864,0.941192690789592,-0.3119305732714063,-0.3382763777304826,benchmark_features_adjusted_close_exact_reference,False,True,False,False,False,False,False,False,False,True,False
2022-11-08,0050,buy_hold_daily_state_hold_reference,22.990413665771484,0.010442594316988796,0.9614637785506115,-0.30474534338615655,-0.3382763777304826,benchmark_features_adjusted_close_exact_reference,False,True,False,False,False,False,False,False,False,True,False
2022-11-09,0050,buy_hold_daily_state_hold_reference,23.646635055541992,0.028543261522410157,1.0174503521485163,-0.2849005078977541,-0.3382763777304826,benchmark_features_adjusted_close_exact_reference,False,True,False,False,False,False,False,False,False,True,False
2022-11-10,0050,buy_hold_daily_state_hold_reference,23.420352935791016,-0.00956931585485532,0.998144732507318,-0.29174352080532717,-0.3382763777304826,benchmark_features_adjusted_close_exact_reference,False,True,False,False,False,False,False,False,False,True,False
2022-11-11,0050,buy_hold_daily_state_hold_reference,24.6649112701416,0.05314003327629835,1.104326210083617,-0.25410674793276844,-0.3382763777304826,benchmark_features_adjusted_close_exact_reference,False,True,False,False,False,False,False,False,False,True,False
2022-11-14,0050,buy_hold_daily_state_hold_reference,24.89119529724121,0.009174329662946734,1.1236319924533036,-0.24726367734493615,-0.3382763777304826,benchmark_features_adjusted_close_exact_reference,False,True,False,False,False,False,False,False,False,True,False
2022-11-15,0050,buy_hold_daily_state_hold_reference,25.954729080200195,0.0427273086028479,1.2143690719537368,-0.2151012801902803,-0.3382763777304826,benchmark_features_adjusted_close_exact_reference,False,True,False,False,False,False,False,False,False,True,False
2022-11-16,0050,buy_hold_daily_state_hold_reference,25.909469604492188,-0.0017437853259094638,1.2105076876599163,-0.21646997506020949,-0.3382763777304826,benchmark_features_adjusted_close_exact_reference,False,True,False,False,False,False,False,False,False,True,False
2022-11-17,0050,buy_hold_daily_state_hold_reference,25.920785903930664,0.0004367630681454404,1.2114731557797374,-0.21612775808253293,-0.3382763777304826,benchmark_features_adjusted_close_exact_reference,False,True,False,False,False,False,False,False,False,True,False
2022-11-18,0050,buy_hold_daily_state_hold_reference,25.8528995513916,-0.0026189928341936453,1.205681323431739,-0.21818071386703797,-0.3382763777304826,benchmark_features_adjusted_close_exact_reference,False,True,False,False,False,False,False,False,False,True,False
2022-11-21,0050,buy_hold_daily_state_hold_reference,25.762386322021484,-0.0035010861814626093,1.1979590430295617,-0.22091793056611908,-0.3382763777304826,benchmark_features_adjusted_close_exact_reference,False,True,False,False,False,False,False,False,False,True,False
2022-11-22,0050,buy_hold_daily_state_hold_reference,25.97735595703125,0.008344321536161825,1.2162995200079152,-0.21441701927570433,-0.3382763777304826,benchmark_features_adjusted_close_exact_reference,False,True,False,False,False,False,False,False,False,True,False
2022-11-23,0050,buy_hold_daily_state_hold_reference,26.158382415771484,0.006968625253457983,1.2317440808122688,-0.20894258587754233,-0.3382763777304826,benchmark_features_adjusted_close_exact_reference,False,True,False,False,False,False,False,False,False,True,False
2022-11-24,0050,buy_hold_daily_state_hold_reference,26.40729522705078,0.009515604112019682,1.2529804739646218,-0.20141519669487495,-0.3382763777304826,benchmark_features_adjusted_close_exact_reference,False,True,False,False,False,False,False,False,False,True,False
2022-11-25,0050,buy_hold_daily_state_hold_reference,26.40729522705078,0.0,1.2529804739646218,-0.20141519669487495,-0.3382763777304826,benchmark_features_adjusted_close_exact_reference,False,True,False,False,False,False,False,False,False,True,False
2022-11-28,0050,buy_hold_daily_state_hold_reference,25.87553024291992,-0.020137048476897346,1.207612096942893,-0.21749633759194387,-0.3382763777304826,benchmark_features_adjusted_close_exact_reference,False,True,False,False,False,False,False,False,False,True,False
2022-11-29,0050,buy_hold_daily_state_hold_reference,26.11312484741211,0.009182212007315282,1.2278828592469364,-0.2103112230672124,-0.3382763777304826,benchmark_features_adjusted_close_exact_reference,False,True,False,False,False,False,False,False,False,True,False
2022-11-30,0050,buy_hold_daily_state_hold_reference,26.328096389770508,0.00823231779476985,1.246223498953778,-0.20381025409653852,-0.3382763777304826,benchmark_features_adjusted_close_exact_reference,False,True,False,False,False,False,False,False,False,True,False
2022-12-01,0050,buy_hold_daily_state_hold_reference,26.780664443969727,0.01718954714762666,1.2848350636931505,-0.19012411292087417,-0.3382763777304826,benchmark_features_adjusted_close_exact_reference,False,True,False,False,False,False,False,False,False,True,False
2022-12-02,0050,buy_hold_daily_state_hold_reference,26.54306602478028,-0.008872013600952577,1.2645639759321319,-0.19730934280612356,-0.3382763777304826,benchmark_features_adjusted_close_exact_reference,False,True,False,False,False,False,False,False,False,True,False
2022-12-05,0050,buy_hold_daily_state_hold_reference,26.577009201049805,0.0012787963620266574,1.2674598921061304,-0.19628286491387126,-0.3382763777304826,benchmark_features_adjusted_close_exact_reference,False,True,False,False,False,False,False,False,False,True,False
2022-12-06,0050,buy_hold_daily_state_hold_reference,26.090499877929688,-0.018305646035630674,1.2259525739212465,-0.21099542630152912,-0.3382763777304826,benchmark_features_adjusted_close_exact_reference,False,True,False,False,False,False,False,False,False,True,False
2022-12-07,0050,buy_hold_daily_state_hold_reference,25.932100296020508,-0.006071159335784615,1.2124384611710708,-0.21578559878511527,-0.3382763777304826,benchmark_features_adjusted_close_exact_reference,False,True,False,False,False,False,False,False,False,True,False
2022-12-08,0050,buy_hold_daily_state_hold_reference,25.62661933898925,-0.01178003144921258,1.186375866519028,-0.225023669094352,-0.3382763777304826,benchmark_features_adjusted_close_exact_reference,False,True,False,False,False,False,False,False,False,True,False
2022-12-09,0050,buy_hold_daily_state_hold_reference,26.02261543273925,0.01545252959478427,1.2201609043017352,-0.21304832440577526,-0.3382763777304826,benchmark_features_adjusted_close_exact_reference,False,True,False,False,False,False,False,False,False,True,False
2022-12-12,0050,buy_hold_daily_state_hold_reference,25.7737045288086,-0.009565176281915666,1.1989246738778716,-0.22057565590818307,-0.3382763777304826,benchmark_features_adjusted_close_exact_reference,False,True,False,False,False,False,False,False,False,True,False
2022-12-13,0050,buy_hold_daily_state_hold_reference,25.66056060791016,-0.004389897493081496,1.1892716199645403,-0.22399724888235828,-0.3382763777304826,benchmark_features_adjusted_close_exact_reference,False,True,False,False,False,False,False,False,False,True,False
2022-12-14,0050,buy_hold_daily_state_hold_reference,25.97735595703125,0.01234561294126335,1.2162995200079152,-0.21441701927570433,-0.3382763777304826,benchmark_features_adjusted_close_exact_reference,False,True,False,False,False,False,False,False,False,True,False
2022-12-15,0050,buy_hold_daily_state_hold_reference,25.99998664855957,0.0008711699360686165,1.2182302935190696,-0.21373264300061012,-0.3382763777304826,benchmark_features_adjusted_close_exact_reference,False,True,False,False,False,False,False,False,False,True,False
2022-12-16,0050,buy_hold_daily_state_hold_reference,25.57004737854004,-0.01653613426156708,1.181549339562363,-0.2267344655814394,-0.3382763777304826,benchmark_features_adjusted_close_exact_reference,False,True,False,False,False,False,False,False,False,True,False
2022-12-19,0050,buy_hold_daily_state_hold_reference,25.422962188720703,-0.005752245494186292,1.1690005322035204,-0.2311824787676081,-0.3382763777304826,benchmark_features_adjusted_close_exact_reference,False,True,False,False,False,False,False,False,False,True,False
2022-12-20,0050,buy_hold_daily_state_hold_reference,24.95908164978028,-0.018246518068859463,1.1294238248013029,-0.24521072156043078,-0.3382763777304826,benchmark_features_adjusted_close_exact_reference,False,True,False,False,False,False,False,False,False,True,False
2022-12-21,0050,buy_hold_daily_state_hold_reference,25.0609073638916,0.00407970595794005,1.1381112478663242,-0.2421314032441917,-0.3382763777304826,benchmark_features_adjusted_close_exact_reference,False,True,False,False,False,False,False,False,False,True,False
2022-12-22,0050,buy_hold_daily_state_hold_reference,25.47953224182129,0.016704298525633376,1.1738268964316978,-0.22947173996077974,-0.3382763777304826,benchmark_features_adjusted_close_exact_reference,False,True,False,False,False,False,False,False,False,True,False
2022-12-23,0050,buy_hold_daily_state_hold_reference,25.04959297180176,-0.01687390749324036,1.1371459424749917,-0.242473562541609,-0.3382763777304826,benchmark_features_adjusted_close_exact_reference,False,True,False,False,False,False,False,False,False,True,False
2022-12-26,0050,buy_hold_daily_state_hold_reference,25.140108108520508,0.003613437424737409,1.1448683856056565,-0.23973628816226877,-0.3382763777304826,benchmark_features_adjusted_close_exact_reference,False,True,False,False,False,False,False,False,False,True,False
2022-12-27,0050,buy_hold_daily_state_hold_reference,25.25324821472168,0.004500382644051726,1.1545211140620113,-0.23631481054861203,-0.3382763777304826,benchmark_features_adjusted_close_exact_reference,False,True,False,False,False,False,False,False,False,True,False
2022-12-28,0050,buy_hold_daily_state_hold_reference,24.89119529724121,-0.014336885077199879,1.1236319924533036,-0.24726367734493615,-0.3382763777304826,benchmark_features_adjusted_close_exact_reference,False,True,False,False,False,False,False,False,False,True,False
2022-12-29,0050,buy_hold_daily_state_hold_reference,24.778053283691406,-0.0045454632531184425,1.1139791012684603,-0.25068521263885224,-0.3382763777304826,benchmark_features_adjusted_close_exact_reference,False,True,False,False,False,False,False,False,False,True,False
