signal_date,entry_date,exit_date,ticker,name,market,route_variant,source_family,selected_branch,selected_route_mode,timing_variant,entry_price_kind,exit_price_kind,entry_open,entry_close,exit_close,entry_price,exit_price,gross_return_unadjusted,path_ready,blocked_reason,entry_source_quality,exit_source_quality,entry_source_route,exit_source_route,adjusted_close_ready,adjustment_policy,diagnostic_only,formal_model_changed,trade_decision_changed,active_in_trade_decision,report_changed,portfolio_replay_executed,ready_for_strategy_replay,ready_for_formal,not_live_rule,forward_returns_live_rule_usage,diagnostic_unit_notional_twd,diagnostic_share_qty,buy_gross_twd,sell_gross_twd,buy_cost_twd,sell_cost_twd,total_cost_twd,net_return_local_ep05_cost_unit_notional,cost_application_status,radar_audit_rows
2023-01-06,2023-01-09,2023-01-16,1513,中興電,TWSE,dynamic80_top1_rs20_31_bonus_proxy,legacy_rs20_operating_mode,mega_rs20,dynamic80_top1_rs20_31_bonus_proxy,next_day_close_entry_fixed_5td_exit,unadjusted_close,unadjusted_close,72.6,73.2,71.6,73.2,71.6,-0.021857923497267895,True,,official_unadjusted_ohlcv_twse_stock_day,official_unadjusted_ohlcv_twse_stock_day,TWSE_STOCK_DAY,TWSE_STOCK_DAY,False,unadjusted_ohlcv; adjusted_close_blocked_not_fabricated,True,False,False,False,False,False,False,False,True,False,1000000,13661.0,999985.2000000001,978127.6,1425.0,4328.0,5753.0,-0.02757171836276492,applied_local_ep05_cost_model_to_unadjusted_ohlc_unit_notional,1368
2023-01-06,2023-01-06,2023-01-13,1513,中興電,TWSE,dynamic80_top1_rs20_31_bonus_proxy,legacy_rs20_operating_mode,mega_rs20,dynamic80_top1_rs20_31_bonus_proxy,same_week_close_to_next_rebalance_close_comparator,unadjusted_close,unadjusted_close,71.7,72.7,70.6,72.7,70.6,-0.028885832187070304,True,,official_unadjusted_ohlcv_twse_stock_day,official_unadjusted_ohlcv_twse_stock_day,TWSE_STOCK_DAY,TWSE_STOCK_DAY,False,unadjusted_ohlcv; adjusted_close_blocked_not_fabricated,True,False,False,False,False,False,False,False,True,False,1000000,13755.0,999988.5,971102.9999999999,1425.0,4297.0,5722.0,-0.03455865134632209,applied_local_ep05_cost_model_to_unadjusted_ohlc_unit_notional,1368
2023-01-06,2023-01-09,2023-01-16,1513,中興電,TWSE,dynamic80_top1_rs20_31_bonus_proxy,legacy_rs20_operating_mode,mega_rs20,dynamic80_top1_rs20_31_bonus_proxy,next_day_open_entry_fixed_5td_exit,unadjusted_open,unadjusted_close,72.6,73.2,71.6,72.6,71.6,-0.01377410468319562,True,,official_unadjusted_ohlcv_twse_stock_day,official_unadjusted_ohlcv_twse_stock_day,TWSE_STOCK_DAY,TWSE_STOCK_DAY,False,unadjusted_ohlcv; adjusted_close_blocked_not_fabricated,True,False,False,False,False,False,False,False,True,False,1000000,13774.0,999992.3999999999,986218.3999999999,1425.0,4364.0,5789.0,-0.019535310650683722,applied_local_ep05_cost_model_to_unadjusted_ohlc_unit_notional,1368
2023-01-06,2023-01-09,2023-01-16,1720,生達,TWSE,dynamic80_top1_rs20_7core_context_proxy,legacy_rs20_operating_mode,mega_rs20,dynamic80_top1_rs20_7core_context_proxy,next_day_close_entry_fixed_5td_exit,unadjusted_close,unadjusted_close,57.8,57.2,55.8,57.2,55.8,-0.02447552447552459,True,,official_unadjusted_ohlcv_twse_stock_day,official_unadjusted_ohlcv_twse_stock_day,TWSE_STOCK_DAY,TWSE_STOCK_DAY,False,unadjusted_ohlcv; adjusted_close_blocked_not_fabricated,True,False,False,False,False,False,False,False,True,False,1000000,17482.0,999970.4,975495.6,1425.0,4316.0,5741.0,-0.030173695625124747,applied_local_ep05_cost_model_to_unadjusted_ohlc_unit_notional,1368
2023-01-06,2023-01-06,2023-01-13,1720,生達,TWSE,dynamic80_top1_rs20_7core_context_proxy,legacy_rs20_operating_mode,mega_rs20,dynamic80_top1_rs20_7core_context_proxy,same_week_close_to_next_rebalance_close_comparator,unadjusted_close,unadjusted_close,59.0,57.8,55.2,57.8,55.2,-0.04498269896193763,True,,official_unadjusted_ohlcv_twse_stock_day,official_unadjusted_ohlcv_twse_stock_day,TWSE_STOCK_DAY,TWSE_STOCK_DAY,False,unadjusted_ohlcv; adjusted_close_blocked_not_fabricated,True,False,False,False,False,False,False,False,True,False,1000000,17301.0,999997.7999999999,955015.2000000001,1425.0,4226.0,5651.0,-0.05056166086891557,applied_local_ep05_cost_model_to_unadjusted_ohlc_unit_notional,1368
2023-01-06,2023-01-09,2023-01-16,1720,生達,TWSE,dynamic80_top1_rs20_7core_context_proxy,legacy_rs20_operating_mode,mega_rs20,dynamic80_top1_rs20_7core_context_proxy,next_day_open_entry_fixed_5td_exit,unadjusted_open,unadjusted_close,57.8,57.2,55.8,57.8,55.8,-0.03460207612456745,True,,official_unadjusted_ohlcv_twse_stock_day,official_unadjusted_ohlcv_twse_stock_day,TWSE_STOCK_DAY,TWSE_STOCK_DAY,False,unadjusted_ohlcv; adjusted_close_blocked_not_fabricated,True,False,False,False,False,False,False,False,True,False,1000000,17301.0,999997.7999999999,965395.7999999999,1425.0,4272.0,5697.0,-0.04024174404657054,applied_local_ep05_cost_model_to_unadjusted_ohlc_unit_notional,1368
2023-01-06,2023-01-09,2023-01-16,1720,生達,TWSE,dynamic80_top1_rs20_proxy,legacy_rs20_operating_mode,mega_rs20,dynamic80_top1_rs20_proxy,next_day_close_entry_fixed_5td_exit,unadjusted_close,unadjusted_close,57.8,57.2,55.8,57.2,55.8,-0.02447552447552459,True,,official_unadjusted_ohlcv_twse_stock_day,official_unadjusted_ohlcv_twse_stock_day,TWSE_STOCK_DAY,TWSE_STOCK_DAY,False,unadjusted_ohlcv; adjusted_close_blocked_not_fabricated,True,False,False,False,False,False,False,False,True,False,1000000,17482.0,999970.4,975495.6,1425.0,4316.0,5741.0,-0.030173695625124747,applied_local_ep05_cost_model_to_unadjusted_ohlc_unit_notional,1368
2023-01-06,2023-01-06,2023-01-13,1720,生達,TWSE,dynamic80_top1_rs20_proxy,legacy_rs20_operating_mode,mega_rs20,dynamic80_top1_rs20_proxy,same_week_close_to_next_rebalance_close_comparator,unadjusted_close,unadjusted_close,59.0,57.8,55.2,57.8,55.2,-0.04498269896193763,True,,official_unadjusted_ohlcv_twse_stock_day,official_unadjusted_ohlcv_twse_stock_day,TWSE_STOCK_DAY,TWSE_STOCK_DAY,False,unadjusted_ohlcv; adjusted_close_blocked_not_fabricated,True,False,False,False,False,False,False,False,True,False,1000000,17301.0,999997.7999999999,955015.2000000001,1425.0,4226.0,5651.0,-0.05056166086891557,applied_local_ep05_cost_model_to_unadjusted_ohlc_unit_notional,1368
2023-01-06,2023-01-09,2023-01-16,1720,生達,TWSE,dynamic80_top1_rs20_proxy,legacy_rs20_operating_mode,mega_rs20,dynamic80_top1_rs20_proxy,next_day_open_entry_fixed_5td_exit,unadjusted_open,unadjusted_close,57.8,57.2,55.8,57.8,55.8,-0.03460207612456745,True,,official_unadjusted_ohlcv_twse_stock_day,official_unadjusted_ohlcv_twse_stock_day,TWSE_STOCK_DAY,TWSE_STOCK_DAY,False,unadjusted_ohlcv; adjusted_close_blocked_not_fabricated,True,False,False,False,False,False,False,False,True,False,1000000,17301.0,999997.7999999999,965395.7999999999,1425.0,4272.0,5697.0,-0.04024174404657054,applied_local_ep05_cost_model_to_unadjusted_ohlc_unit_notional,1368
2023-01-06,2023-01-09,2023-01-16,1720,生達,TWSE,dynamic80_top3_rs20_risk_tiebreak_proxy,legacy_rs20_operating_mode,mega_rs20,dynamic80_top3_rs20_risk_tiebreak_proxy,next_day_close_entry_fixed_5td_exit,unadjusted_close,unadjusted_close,57.8,57.2,55.8,57.2,55.8,-0.02447552447552459,True,,official_unadjusted_ohlcv_twse_stock_day,official_unadjusted_ohlcv_twse_stock_day,TWSE_STOCK_DAY,TWSE_STOCK_DAY,False,unadjusted_ohlcv; adjusted_close_blocked_not_fabricated,True,False,False,False,False,False,False,False,True,False,1000000,17482.0,999970.4,975495.6,1425.0,4316.0,5741.0,-0.030173695625124747,applied_local_ep05_cost_model_to_unadjusted_ohlc_unit_notional,1368
2023-01-06,2023-01-06,2023-01-13,1720,生達,TWSE,dynamic80_top3_rs20_risk_tiebreak_proxy,legacy_rs20_operating_mode,mega_rs20,dynamic80_top3_rs20_risk_tiebreak_proxy,same_week_close_to_next_rebalance_close_comparator,unadjusted_close,unadjusted_close,59.0,57.8,55.2,57.8,55.2,-0.04498269896193763,True,,official_unadjusted_ohlcv_twse_stock_day,official_unadjusted_ohlcv_twse_stock_day,TWSE_STOCK_DAY,TWSE_STOCK_DAY,False,unadjusted_ohlcv; adjusted_close_blocked_not_fabricated,True,False,False,False,False,False,False,False,True,False,1000000,17301.0,999997.7999999999,955015.2000000001,1425.0,4226.0,5651.0,-0.05056166086891557,applied_local_ep05_cost_model_to_unadjusted_ohlc_unit_notional,1368
2023-01-06,2023-01-09,2023-01-16,1720,生達,TWSE,dynamic80_top3_rs20_risk_tiebreak_proxy,legacy_rs20_operating_mode,mega_rs20,dynamic80_top3_rs20_risk_tiebreak_proxy,next_day_open_entry_fixed_5td_exit,unadjusted_open,unadjusted_close,57.8,57.2,55.8,57.8,55.8,-0.03460207612456745,True,,official_unadjusted_ohlcv_twse_stock_day,official_unadjusted_ohlcv_twse_stock_day,TWSE_STOCK_DAY,TWSE_STOCK_DAY,False,unadjusted_ohlcv; adjusted_close_blocked_not_fabricated,True,False,False,False,False,False,False,False,True,False,1000000,17301.0,999997.7999999999,965395.7999999999,1425.0,4272.0,5697.0,-0.04024174404657054,applied_local_ep05_cost_model_to_unadjusted_ohlc_unit_notional,1368
2023-01-06,2023-01-09,2023-01-16,5009,榮剛,TPEx,conservative_hurdle_route,regime_switch_hybrid_route,ordinary_defensive_00631L_base,hurdle_reference,next_day_close_entry_fixed_5td_exit,unadjusted_close,unadjusted_close,35.5,35.1,36.35,35.1,36.35,0.035612535612535634,True,,official_unadjusted_ohlcv_tpex_trading_stock,official_unadjusted_ohlcv_tpex_trading_stock,TPEX_TRADING_STOCK,TPEX_TRADING_STOCK,False,unadjusted_ohlcv; adjusted_close_blocked_not_fabricated,True,False,False,False,False,False,False,False,True,False,1000000,28490.0,999999.0,1035611.5,1425.0,4583.0,6008.0,0.029562403137931584,applied_local_ep05_cost_model_to_unadjusted_ohlc_unit_notional,1368
2023-01-06,2023-01-06,2023-01-13,5009,榮剛,TPEx,conservative_hurdle_route,regime_switch_hybrid_route,ordinary_defensive_00631L_base,hurdle_reference,same_week_close_to_next_rebalance_close_comparator,unadjusted_close,unadjusted_close,35.1,35.2,36.8,35.2,36.8,0.04545454545454519,True,,official_unadjusted_ohlcv_tpex_trading_stock,official_unadjusted_ohlcv_tpex_trading_stock,TPEX_TRADING_STOCK,TPEX_TRADING_STOCK,False,unadjusted_ohlcv; adjusted_close_blocked_not_fabricated,True,False,False,False,False,False,False,False,True,False,1000000,28409.0,999996.8,1045451.2,1425.0,4626.0,6051.0,0.039347455787361436,applied_local_ep05_cost_model_to_unadjusted_ohlc_unit_notional,1368
2023-01-06,2023-01-09,2023-01-16,5009,榮剛,TPEx,conservative_hurdle_route,regime_switch_hybrid_route,ordinary_defensive_00631L_base,hurdle_reference,next_day_open_entry_fixed_5td_exit,unadjusted_open,unadjusted_close,35.5,35.1,36.35,35.5,36.35,0.023943661971830954,True,,official_unadjusted_ohlcv_tpex_trading_stock,official_unadjusted_ohlcv_tpex_trading_stock,TPEX_TRADING_STOCK,TPEX_TRADING_STOCK,False,unadjusted_ohlcv; adjusted_close_blocked_not_fabricated,True,False,False,False,False,False,False,False,True,False,1000000,28169.0,999999.5,1023943.15,1425.0,4531.0,5956.0,0.017962063041197837,applied_local_ep05_cost_model_to_unadjusted_ohlc_unit_notional,1368
2023-01-06,2023-01-09,2023-01-16,5009,榮剛,TPEx,dispersion_route,regime_switch_hybrid_route,dispersion,low_risk_strength,next_day_close_entry_fixed_5td_exit,unadjusted_close,unadjusted_close,35.5,35.1,36.35,35.1,36.35,0.035612535612535634,True,,official_unadjusted_ohlcv_tpex_trading_stock,official_unadjusted_ohlcv_tpex_trading_stock,TPEX_TRADING_STOCK,TPEX_TRADING_STOCK,False,unadjusted_ohlcv; adjusted_close_blocked_not_fabricated,True,False,False,False,False,False,False,False,True,False,1000000,28490.0,999999.0,1035611.5,1425.0,4583.0,6008.0,0.029562403137931584,applied_local_ep05_cost_model_to_unadjusted_ohlc_unit_notional,1368
2023-01-06,2023-01-06,2023-01-13,5009,榮剛,TPEx,dispersion_route,regime_switch_hybrid_route,dispersion,low_risk_strength,same_week_close_to_next_rebalance_close_comparator,unadjusted_close,unadjusted_close,35.1,35.2,36.8,35.2,36.8,0.04545454545454519,True,,official_unadjusted_ohlcv_tpex_trading_stock,official_unadjusted_ohlcv_tpex_trading_stock,TPEX_TRADING_STOCK,TPEX_TRADING_STOCK,False,unadjusted_ohlcv; adjusted_close_blocked_not_fabricated,True,False,False,False,False,False,False,False,True,False,1000000,28409.0,999996.8,1045451.2,1425.0,4626.0,6051.0,0.039347455787361436,applied_local_ep05_cost_model_to_unadjusted_ohlc_unit_notional,1368
2023-01-06,2023-01-09,2023-01-16,5009,榮剛,TPEx,dispersion_route,regime_switch_hybrid_route,dispersion,low_risk_strength,next_day_open_entry_fixed_5td_exit,unadjusted_open,unadjusted_close,35.5,35.1,36.35,35.5,36.35,0.023943661971830954,True,,official_unadjusted_ohlcv_tpex_trading_stock,official_unadjusted_ohlcv_tpex_trading_stock,TPEX_TRADING_STOCK,TPEX_TRADING_STOCK,False,unadjusted_ohlcv; adjusted_close_blocked_not_fabricated,True,False,False,False,False,False,False,False,True,False,1000000,28169.0,999999.5,1023943.15,1425.0,4531.0,5956.0,0.017962063041197837,applied_local_ep05_cost_model_to_unadjusted_ohlc_unit_notional,1368
2023-01-06,2023-01-09,2023-01-16,2330,台積電,TWSE,hybrid_pullback_base_mega_override,regime_switch_hybrid_route,hybrid,pullback_repair,next_day_close_entry_fixed_5td_exit,unadjusted_close,unadjusted_close,468.0,481.0,505.0,481.0,505.0,0.0498960498960499,True,,official_unadjusted_ohlcv_twse_stock_day,official_unadjusted_ohlcv_twse_stock_day,TWSE_STOCK_DAY,TWSE_STOCK_DAY,False,unadjusted_ohlcv; adjusted_close_blocked_not_fabricated,True,False,False,False,False,False,False,False,True,False,1000000,2079.0,999999.0,1049895.0,1425.0,4646.0,6071.0,0.043762681940916134,applied_local_ep05_cost_model_to_unadjusted_ohlc_unit_notional,1368
2023-01-06,2023-01-06,2023-01-13,2330,台積電,TWSE,hybrid_pullback_base_mega_override,regime_switch_hybrid_route,hybrid,pullback_repair,same_week_close_to_next_rebalance_close_comparator,unadjusted_close,unadjusted_close,455.0,458.5,500.0,458.5,500.0,0.09051254089422023,True,,official_unadjusted_ohlcv_twse_stock_day,official_unadjusted_ohlcv_twse_stock_day,TWSE_STOCK_DAY,TWSE_STOCK_DAY,False,unadjusted_ohlcv; adjusted_close_blocked_not_fabricated,True,False,False,False,False,False,False,False,True,False,1000000,2181.0,999988.5,1090500.0,1425.0,4826.0,6251.0,0.08414156589660515,applied_local_ep05_cost_model_to_unadjusted_ohlc_unit_notional,1368
2023-01-06,2023-01-09,2023-01-16,2330,台積電,TWSE,hybrid_pullback_base_mega_override,regime_switch_hybrid_route,hybrid,pullback_repair,next_day_open_entry_fixed_5td_exit,unadjusted_open,unadjusted_close,468.0,481.0,505.0,468.0,505.0,0.079059829059829,True,,official_unadjusted_ohlcv_twse_stock_day,official_unadjusted_ohlcv_twse_stock_day,TWSE_STOCK_DAY,TWSE_STOCK_DAY,False,unadjusted_ohlcv; adjusted_close_blocked_not_fabricated,True,False,False,False,False,False,False,False,True,False,1000000,2136.0,999648.0,1078680.0,1424.0,4773.0,6197.0,0.07275700449118545,applied_local_ep05_cost_model_to_unadjusted_ohlc_unit_notional,1368
2023-01-06,2023-01-09,2023-01-16,6741,91APP*-KY,TPEx,market_bias_pool_trend_route,regime_switch_hybrid_route,mega_or_stock_route,stable_strength,next_day_close_entry_fixed_5td_exit,unadjusted_close,unadjusted_close,114.5,112.0,115.5,112.0,115.5,0.03125,True,,official_unadjusted_ohlcv_tpex_trading_stock,official_unadjusted_ohlcv_tpex_trading_stock,TPEX_TRADING_STOCK,TPEX_TRADING_STOCK,False,unadjusted_ohlcv; adjusted_close_blocked_not_fabricated,True,False,False,False,False,False,False,False,True,False,1000000,8928.0,999936.0,1031184.0,1425.0,4563.0,5988.0,0.025225667866034328,applied_local_ep05_cost_model_to_unadjusted_ohlc_unit_notional,1368
2023-01-06,2023-01-06,2023-01-13,6741,91APP*-KY,TPEx,market_bias_pool_trend_route,regime_switch_hybrid_route,mega_or_stock_route,stable_strength,same_week_close_to_next_rebalance_close_comparator,unadjusted_close,unadjusted_close,116.0,113.5,120.0,113.5,120.0,0.05726872246696035,True,,official_unadjusted_ohlcv_tpex_trading_stock,official_unadjusted_ohlcv_tpex_trading_stock,TPEX_TRADING_STOCK,TPEX_TRADING_STOCK,False,unadjusted_ohlcv; adjusted_close_blocked_not_fabricated,True,False,False,False,False,False,False,False,True,False,1000000,8810.0,999935.0,1057200.0,1425.0,4679.0,6104.0,0.05109151553886714,applied_local_ep05_cost_model_to_unadjusted_ohlc_unit_notional,1368
2023-01-06,2023-01-09,2023-01-16,6741,91APP*-KY,TPEx,market_bias_pool_trend_route,regime_switch_hybrid_route,mega_or_stock_route,stable_strength,next_day_open_entry_fixed_5td_exit,unadjusted_open,unadjusted_close,114.5,112.0,115.5,114.5,115.5,0.008733624454148492,True,,official_unadjusted_ohlcv_tpex_trading_stock,official_unadjusted_ohlcv_tpex_trading_stock,TPEX_TRADING_STOCK,TPEX_TRADING_STOCK,False,unadjusted_ohlcv; adjusted_close_blocked_not_fabricated,True,False,False,False,False,False,False,False,True,False,1000000,8733.0,999928.5,1008661.5,1425.0,4463.0,5888.0,0.0028411544973877857,applied_local_ep05_cost_model_to_unadjusted_ohlc_unit_notional,1368
2023-01-06,2023-01-09,2023-01-16,6741,91APP*-KY,TPEx,pool_breadth_route,regime_switch_hybrid_route,mega_or_stock_route,stable_strength,next_day_close_entry_fixed_5td_exit,unadjusted_close,unadjusted_close,114.5,112.0,115.5,112.0,115.5,0.03125,True,,official_unadjusted_ohlcv_tpex_trading_stock,official_unadjusted_ohlcv_tpex_trading_stock,TPEX_TRADING_STOCK,TPEX_TRADING_STOCK,False,unadjusted_ohlcv; adjusted_close_blocked_not_fabricated,True,False,False,False,False,False,False,False,True,False,1000000,8928.0,999936.0,1031184.0,1425.0,4563.0,5988.0,0.025225667866034328,applied_local_ep05_cost_model_to_unadjusted_ohlc_unit_notional,1368
2023-01-06,2023-01-06,2023-01-13,6741,91APP*-KY,TPEx,pool_breadth_route,regime_switch_hybrid_route,mega_or_stock_route,stable_strength,same_week_close_to_next_rebalance_close_comparator,unadjusted_close,unadjusted_close,116.0,113.5,120.0,113.5,120.0,0.05726872246696035,True,,official_unadjusted_ohlcv_tpex_trading_stock,official_unadjusted_ohlcv_tpex_trading_stock,TPEX_TRADING_STOCK,TPEX_TRADING_STOCK,False,unadjusted_ohlcv; adjusted_close_blocked_not_fabricated,True,False,False,False,False,False,False,False,True,False,1000000,8810.0,999935.0,1057200.0,1425.0,4679.0,6104.0,0.05109151553886714,applied_local_ep05_cost_model_to_unadjusted_ohlc_unit_notional,1368
2023-01-06,2023-01-09,2023-01-16,6741,91APP*-KY,TPEx,pool_breadth_route,regime_switch_hybrid_route,mega_or_stock_route,stable_strength,next_day_open_entry_fixed_5td_exit,unadjusted_open,unadjusted_close,114.5,112.0,115.5,114.5,115.5,0.008733624454148492,True,,official_unadjusted_ohlcv_tpex_trading_stock,official_unadjusted_ohlcv_tpex_trading_stock,TPEX_TRADING_STOCK,TPEX_TRADING_STOCK,False,unadjusted_ohlcv; adjusted_close_blocked_not_fabricated,True,False,False,False,False,False,False,False,True,False,1000000,8733.0,999928.5,1008661.5,1425.0,4463.0,5888.0,0.0028411544973877857,applied_local_ep05_cost_model_to_unadjusted_ohlc_unit_notional,1368
2023-01-13,2023-01-16,2023-02-02,5321,美而快,TPEx,dynamic80_top1_rs20_31_bonus_proxy,legacy_rs20_operating_mode,mega_rs20,dynamic80_top1_rs20_31_bonus_proxy,next_day_close_entry_fixed_5td_exit,unadjusted_close,unadjusted_close,87.0,85.5,88.7,85.5,88.7,0.037426900584795364,True,,official_unadjusted_ohlcv_tpex_trading_stock,official_unadjusted_ohlcv_tpex_trading_stock,TPEX_TRADING_STOCK,TPEX_TRADING_STOCK,False,unadjusted_ohlcv; adjusted_close_blocked_not_fabricated,True,False,False,False,False,False,False,False,True,False,1000000,11695.0,999922.5,1037346.5,1425.0,4590.0,6015.0,0.03136673332684208,applied_local_ep05_cost_model_to_unadjusted_ohlc_unit_notional,1368
2023-01-13,2023-01-13,2023-01-17,5321,美而快,TPEx,dynamic80_top1_rs20_31_bonus_proxy,legacy_rs20_operating_mode,mega_rs20,dynamic80_top1_rs20_31_bonus_proxy,same_week_close_to_next_rebalance_close_comparator,unadjusted_close,unadjusted_close,83.3,87.0,91.1,87.0,91.1,0.047126436781609105,True,,official_unadjusted_ohlcv_tpex_trading_stock,official_unadjusted_ohlcv_tpex_trading_stock,TPEX_TRADING_STOCK,TPEX_TRADING_STOCK,False,unadjusted_ohlcv; adjusted_close_blocked_not_fabricated,True,False,False,False,False,False,False,False,True,False,1000000,11494.0,999978.0,1047103.3999999999,1425.0,4633.0,6058.0,0.04100986316198364,applied_local_ep05_cost_model_to_unadjusted_ohlc_unit_notional,1368
2023-01-13,2023-01-16,2023-02-02,5321,美而快,TPEx,dynamic80_top1_rs20_31_bonus_proxy,legacy_rs20_operating_mode,mega_rs20,dynamic80_top1_rs20_31_bonus_proxy,next_day_open_entry_fixed_5td_exit,unadjusted_open,unadjusted_close,87.0,85.5,88.7,87.0,88.7,0.019540229885057547,True,,official_unadjusted_ohlcv_tpex_trading_stock,official_unadjusted_ohlcv_tpex_trading_stock,TPEX_TRADING_STOCK,TPEX_TRADING_STOCK,False,unadjusted_ohlcv; adjusted_close_blocked_not_fabricated,True,False,False,False,False,False,False,False,True,False,1000000,11494.0,999978.0,1019517.8,1425.0,4512.0,5937.0,0.013583742009960072,applied_local_ep05_cost_model_to_unadjusted_ohlc_unit_notional,1368
2023-01-13,2023-01-16,2023-02-02,5321,美而快,TPEx,dynamic80_top1_rs20_7core_context_proxy,legacy_rs20_operating_mode,mega_rs20,dynamic80_top1_rs20_7core_context_proxy,next_day_close_entry_fixed_5td_exit,unadjusted_close,unadjusted_close,87.0,85.5,88.7,85.5,88.7,0.037426900584795364,True,,official_unadjusted_ohlcv_tpex_trading_stock,official_unadjusted_ohlcv_tpex_trading_stock,TPEX_TRADING_STOCK,TPEX_TRADING_STOCK,False,unadjusted_ohlcv; adjusted_close_blocked_not_fabricated,True,False,False,False,False,False,False,False,True,False,1000000,11695.0,999922.5,1037346.5,1425.0,4590.0,6015.0,0.03136673332684208,applied_local_ep05_cost_model_to_unadjusted_ohlc_unit_notional,1368
2023-01-13,2023-01-13,2023-01-17,5321,美而快,TPEx,dynamic80_top1_rs20_7core_context_proxy,legacy_rs20_operating_mode,mega_rs20,dynamic80_top1_rs20_7core_context_proxy,same_week_close_to_next_rebalance_close_comparator,unadjusted_close,unadjusted_close,83.3,87.0,91.1,87.0,91.1,0.047126436781609105,True,,official_unadjusted_ohlcv_tpex_trading_stock,official_unadjusted_ohlcv_tpex_trading_stock,TPEX_TRADING_STOCK,TPEX_TRADING_STOCK,False,unadjusted_ohlcv; adjusted_close_blocked_not_fabricated,True,False,False,False,False,False,False,False,True,False,1000000,11494.0,999978.0,1047103.3999999999,1425.0,4633.0,6058.0,0.04100986316198364,applied_local_ep05_cost_model_to_unadjusted_ohlc_unit_notional,1368
2023-01-13,2023-01-16,2023-02-02,5321,美而快,TPEx,dynamic80_top1_rs20_7core_context_proxy,legacy_rs20_operating_mode,mega_rs20,dynamic80_top1_rs20_7core_context_proxy,next_day_open_entry_fixed_5td_exit,unadjusted_open,unadjusted_close,87.0,85.5,88.7,87.0,88.7,0.019540229885057547,True,,official_unadjusted_ohlcv_tpex_trading_stock,official_unadjusted_ohlcv_tpex_trading_stock,TPEX_TRADING_STOCK,TPEX_TRADING_STOCK,False,unadjusted_ohlcv; adjusted_close_blocked_not_fabricated,True,False,False,False,False,False,False,False,True,False,1000000,11494.0,999978.0,1019517.8,1425.0,4512.0,5937.0,0.013583742009960072,applied_local_ep05_cost_model_to_unadjusted_ohlc_unit_notional,1368
2023-01-13,2023-01-16,2023-02-02,5321,美而快,TPEx,dynamic80_top1_rs20_proxy,legacy_rs20_operating_mode,mega_rs20,dynamic80_top1_rs20_proxy,next_day_close_entry_fixed_5td_exit,unadjusted_close,unadjusted_close,87.0,85.5,88.7,85.5,88.7,0.037426900584795364,True,,official_unadjusted_ohlcv_tpex_trading_stock,official_unadjusted_ohlcv_tpex_trading_stock,TPEX_TRADING_STOCK,TPEX_TRADING_STOCK,False,unadjusted_ohlcv; adjusted_close_blocked_not_fabricated,True,False,False,False,False,False,False,False,True,False,1000000,11695.0,999922.5,1037346.5,1425.0,4590.0,6015.0,0.03136673332684208,applied_local_ep05_cost_model_to_unadjusted_ohlc_unit_notional,1368
2023-01-13,2023-01-13,2023-01-17,5321,美而快,TPEx,dynamic80_top1_rs20_proxy,legacy_rs20_operating_mode,mega_rs20,dynamic80_top1_rs20_proxy,same_week_close_to_next_rebalance_close_comparator,unadjusted_close,unadjusted_close,83.3,87.0,91.1,87.0,91.1,0.047126436781609105,True,,official_unadjusted_ohlcv_tpex_trading_stock,official_unadjusted_ohlcv_tpex_trading_stock,TPEX_TRADING_STOCK,TPEX_TRADING_STOCK,False,unadjusted_ohlcv; adjusted_close_blocked_not_fabricated,True,False,False,False,False,False,False,False,True,False,1000000,11494.0,999978.0,1047103.3999999999,1425.0,4633.0,6058.0,0.04100986316198364,applied_local_ep05_cost_model_to_unadjusted_ohlc_unit_notional,1368
2023-01-13,2023-01-16,2023-02-02,5321,美而快,TPEx,dynamic80_top1_rs20_proxy,legacy_rs20_operating_mode,mega_rs20,dynamic80_top1_rs20_proxy,next_day_open_entry_fixed_5td_exit,unadjusted_open,unadjusted_close,87.0,85.5,88.7,87.0,88.7,0.019540229885057547,True,,official_unadjusted_ohlcv_tpex_trading_stock,official_unadjusted_ohlcv_tpex_trading_stock,TPEX_TRADING_STOCK,TPEX_TRADING_STOCK,False,unadjusted_ohlcv; adjusted_close_blocked_not_fabricated,True,False,False,False,False,False,False,False,True,False,1000000,11494.0,999978.0,1019517.8,1425.0,4512.0,5937.0,0.013583742009960072,applied_local_ep05_cost_model_to_unadjusted_ohlc_unit_notional,1368
2023-01-13,2023-01-16,2023-02-02,5321,美而快,TPEx,dynamic80_top3_rs20_risk_tiebreak_proxy,legacy_rs20_operating_mode,mega_rs20,dynamic80_top3_rs20_risk_tiebreak_proxy,next_day_close_entry_fixed_5td_exit,unadjusted_close,unadjusted_close,87.0,85.5,88.7,85.5,88.7,0.037426900584795364,True,,official_unadjusted_ohlcv_tpex_trading_stock,official_unadjusted_ohlcv_tpex_trading_stock,TPEX_TRADING_STOCK,TPEX_TRADING_STOCK,False,unadjusted_ohlcv; adjusted_close_blocked_not_fabricated,True,False,False,False,False,False,False,False,True,False,1000000,11695.0,999922.5,1037346.5,1425.0,4590.0,6015.0,0.03136673332684208,applied_local_ep05_cost_model_to_unadjusted_ohlc_unit_notional,1368
2023-01-13,2023-01-13,2023-01-17,5321,美而快,TPEx,dynamic80_top3_rs20_risk_tiebreak_proxy,legacy_rs20_operating_mode,mega_rs20,dynamic80_top3_rs20_risk_tiebreak_proxy,same_week_close_to_next_rebalance_close_comparator,unadjusted_close,unadjusted_close,83.3,87.0,91.1,87.0,91.1,0.047126436781609105,True,,official_unadjusted_ohlcv_tpex_trading_stock,official_unadjusted_ohlcv_tpex_trading_stock,TPEX_TRADING_STOCK,TPEX_TRADING_STOCK,False,unadjusted_ohlcv; adjusted_close_blocked_not_fabricated,True,False,False,False,False,False,False,False,True,False,1000000,11494.0,999978.0,1047103.3999999999,1425.0,4633.0,6058.0,0.04100986316198364,applied_local_ep05_cost_model_to_unadjusted_ohlc_unit_notional,1368
2023-01-13,2023-01-16,2023-02-02,5321,美而快,TPEx,dynamic80_top3_rs20_risk_tiebreak_proxy,legacy_rs20_operating_mode,mega_rs20,dynamic80_top3_rs20_risk_tiebreak_proxy,next_day_open_entry_fixed_5td_exit,unadjusted_open,unadjusted_close,87.0,85.5,88.7,87.0,88.7,0.019540229885057547,True,,official_unadjusted_ohlcv_tpex_trading_stock,official_unadjusted_ohlcv_tpex_trading_stock,TPEX_TRADING_STOCK,TPEX_TRADING_STOCK,False,unadjusted_ohlcv; adjusted_close_blocked_not_fabricated,True,False,False,False,False,False,False,False,True,False,1000000,11494.0,999978.0,1019517.8,1425.0,4512.0,5937.0,0.013583742009960072,applied_local_ep05_cost_model_to_unadjusted_ohlc_unit_notional,1368
2023-01-13,2023-01-16,2023-02-02,3293,鈊象,TPEx,dispersion_route,regime_switch_hybrid_route,dispersion,rs20_top3_risk_tiebreak,next_day_close_entry_fixed_5td_exit,unadjusted_close,unadjusted_close,468.0,472.0,518.0,472.0,518.0,0.09745762711864403,True,,official_unadjusted_ohlcv_tpex_trading_stock,official_unadjusted_ohlcv_tpex_trading_stock,TPEX_TRADING_STOCK,TPEX_TRADING_STOCK,False,unadjusted_ohlcv; adjusted_close_blocked_not_fabricated,True,False,False,False,False,False,False,False,True,False,1000000,2118.0,999696.0,1097124.0,1425.0,4854.0,6279.0,0.09104693638431319,applied_local_ep05_cost_model_to_unadjusted_ohlc_unit_notional,1368
2023-01-13,2023-01-13,2023-01-17,3293,鈊象,TPEx,dispersion_route,regime_switch_hybrid_route,dispersion,rs20_top3_risk_tiebreak,same_week_close_to_next_rebalance_close_comparator,unadjusted_close,unadjusted_close,478.0,466.5,481.0,466.5,481.0,0.031082529474812493,True,,official_unadjusted_ohlcv_tpex_trading_stock,official_unadjusted_ohlcv_tpex_trading_stock,TPEX_TRADING_STOCK,TPEX_TRADING_STOCK,False,unadjusted_ohlcv; adjusted_close_blocked_not_fabricated,True,False,False,False,False,False,False,False,True,False,1000000,2143.0,999709.5,1030783.0,1425.0,4561.0,5986.0,0.025059070484535293,applied_local_ep05_cost_model_to_unadjusted_ohlc_unit_notional,1368
2023-01-13,2023-01-16,2023-02-02,3293,鈊象,TPEx,dispersion_route,regime_switch_hybrid_route,dispersion,rs20_top3_risk_tiebreak,next_day_open_entry_fixed_5td_exit,unadjusted_open,unadjusted_close,468.0,472.0,518.0,468.0,518.0,0.1068376068376069,True,,official_unadjusted_ohlcv_tpex_trading_stock,official_unadjusted_ohlcv_tpex_trading_stock,TPEX_TRADING_STOCK,TPEX_TRADING_STOCK,False,unadjusted_ohlcv; adjusted_close_blocked_not_fabricated,True,False,False,False,False,False,False,False,True,False,1000000,2136.0,999648.0,1106448.0,1424.0,4896.0,6320.0,0.10037240078635702,applied_local_ep05_cost_model_to_unadjusted_ohlc_unit_notional,1368
2023-01-13,2023-01-16,2023-02-02,2327,國巨*,TWSE,hybrid_pullback_base_mega_override,regime_switch_hybrid_route,hybrid,pullback_repair,next_day_close_entry_fixed_5td_exit,unadjusted_close,unadjusted_close,516.0,513.0,541.0,513.0,541.0,0.05458089668615984,True,,official_unadjusted_ohlcv_twse_stock_day,official_unadjusted_ohlcv_twse_stock_day,TWSE_STOCK_DAY,TWSE_STOCK_DAY,False,unadjusted_ohlcv; adjusted_close_blocked_not_fabricated,True,False,False,False,False,False,False,False,True,False,1000000,1949.0,999837.0,1054409.0,1425.0,4666.0,6091.0,0.04841989409365381,applied_local_ep05_cost_model_to_unadjusted_ohlc_unit_notional,1368
2023-01-13,2023-01-13,2023-01-17,2327,國巨*,TWSE,hybrid_pullback_base_mega_override,regime_switch_hybrid_route,hybrid,pullback_repair,same_week_close_to_next_rebalance_close_comparator,unadjusted_close,unadjusted_close,525.0,514.0,519.0,514.0,519.0,0.009727626459143934,True,,official_unadjusted_ohlcv_twse_stock_day,official_unadjusted_ohlcv_twse_stock_day,TWSE_STOCK_DAY,TWSE_STOCK_DAY,False,unadjusted_ohlcv; adjusted_close_blocked_not_fabricated,True,False,False,False,False,False,False,False,True,False,1000000,1945.0,999730.0,1009455.0,1425.0,4466.0,5891.0,0.0038295768387512424,applied_local_ep05_cost_model_to_unadjusted_ohlc_unit_notional,1368
2023-01-13,2023-01-16,2023-02-02,2327,國巨*,TWSE,hybrid_pullback_base_mega_override,regime_switch_hybrid_route,hybrid,pullback_repair,next_day_open_entry_fixed_5td_exit,unadjusted_open,unadjusted_close,516.0,513.0,541.0,516.0,541.0,0.04844961240310086,True,,official_unadjusted_ohlcv_twse_stock_day,official_unadjusted_ohlcv_twse_stock_day,TWSE_STOCK_DAY,TWSE_STOCK_DAY,False,unadjusted_ohlcv; adjusted_close_blocked_not_fabricated,True,False,False,False,False,False,False,False,True,False,1000000,1937.0,999492.0,1047917.0,1424.0,4637.0,6061.0,0.04232523008923826,applied_local_ep05_cost_model_to_unadjusted_ohlc_unit_notional,1368
2023-01-13,2023-01-16,2023-02-02,2327,國巨*,TWSE,market_bias_pool_trend_route,regime_switch_hybrid_route,mega_or_stock_route,pullback_repair,next_day_close_entry_fixed_5td_exit,unadjusted_close,unadjusted_close,516.0,513.0,541.0,513.0,541.0,0.05458089668615984,True,,official_unadjusted_ohlcv_twse_stock_day,official_unadjusted_ohlcv_twse_stock_day,TWSE_STOCK_DAY,TWSE_STOCK_DAY,False,unadjusted_ohlcv; adjusted_close_blocked_not_fabricated,True,False,False,False,False,False,False,False,True,False,1000000,1949.0,999837.0,1054409.0,1425.0,4666.0,6091.0,0.04841989409365381,applied_local_ep05_cost_model_to_unadjusted_ohlc_unit_notional,1368
2023-01-13,2023-01-13,2023-01-17,2327,國巨*,TWSE,market_bias_pool_trend_route,regime_switch_hybrid_route,mega_or_stock_route,pullback_repair,same_week_close_to_next_rebalance_close_comparator,unadjusted_close,unadjusted_close,525.0,514.0,519.0,514.0,519.0,0.009727626459143934,True,,official_unadjusted_ohlcv_twse_stock_day,official_unadjusted_ohlcv_twse_stock_day,TWSE_STOCK_DAY,TWSE_STOCK_DAY,False,unadjusted_ohlcv; adjusted_close_blocked_not_fabricated,True,False,False,False,False,False,False,False,True,False,1000000,1945.0,999730.0,1009455.0,1425.0,4466.0,5891.0,0.0038295768387512424,applied_local_ep05_cost_model_to_unadjusted_ohlc_unit_notional,1368
2023-01-13,2023-01-16,2023-02-02,2327,國巨*,TWSE,market_bias_pool_trend_route,regime_switch_hybrid_route,mega_or_stock_route,pullback_repair,next_day_open_entry_fixed_5td_exit,unadjusted_open,unadjusted_close,516.0,513.0,541.0,516.0,541.0,0.04844961240310086,True,,official_unadjusted_ohlcv_twse_stock_day,official_unadjusted_ohlcv_twse_stock_day,TWSE_STOCK_DAY,TWSE_STOCK_DAY,False,unadjusted_ohlcv; adjusted_close_blocked_not_fabricated,True,False,False,False,False,False,False,False,True,False,1000000,1937.0,999492.0,1047917.0,1424.0,4637.0,6061.0,0.04232523008923826,applied_local_ep05_cost_model_to_unadjusted_ohlc_unit_notional,1368
2023-01-13,2023-01-16,2023-02-02,1707,葡萄王,TWSE,pool_breadth_route,regime_switch_hybrid_route,mega_or_stock_route,low_risk_strength,next_day_close_entry_fixed_5td_exit,unadjusted_close,unadjusted_close,162.0,165.0,172.5,165.0,172.5,0.045454545454545414,True,,official_unadjusted_ohlcv_twse_stock_day,official_unadjusted_ohlcv_twse_stock_day,TWSE_STOCK_DAY,TWSE_STOCK_DAY,False,unadjusted_ohlcv; adjusted_close_blocked_not_fabricated,True,False,False,False,False,False,False,False,True,False,1000000,6060.0,999900.0,1045350.0,1425.0,4626.0,6051.0,0.03934686540334057,applied_local_ep05_cost_model_to_unadjusted_ohlc_unit_notional,1368
2023-01-13,2023-01-13,2023-01-17,1707,葡萄王,TWSE,pool_breadth_route,regime_switch_hybrid_route,mega_or_stock_route,low_risk_strength,same_week_close_to_next_rebalance_close_comparator,unadjusted_close,unadjusted_close,160.0,162.0,162.0,162.0,162.0,0.0,True,,official_unadjusted_ohlcv_twse_stock_day,official_unadjusted_ohlcv_twse_stock_day,TWSE_STOCK_DAY,TWSE_STOCK_DAY,False,unadjusted_ohlcv; adjusted_close_blocked_not_fabricated,True,False,False,False,False,False,False,False,True,False,1000000,6172.0,999864.0,999864.0,1425.0,4425.0,5850.0,-0.005842469057385031,applied_local_ep05_cost_model_to_unadjusted_ohlc_unit_notional,1368
2023-01-13,2023-01-16,2023-02-02,1707,葡萄王,TWSE,pool_breadth_route,regime_switch_hybrid_route,mega_or_stock_route,low_risk_strength,next_day_open_entry_fixed_5td_exit,unadjusted_open,unadjusted_close,162.0,165.0,172.5,162.0,172.5,0.06481481481481488,True,,official_unadjusted_ohlcv_twse_stock_day,official_unadjusted_ohlcv_twse_stock_day,TWSE_STOCK_DAY,TWSE_STOCK_DAY,False,unadjusted_ohlcv; adjusted_close_blocked_not_fabricated,True,False,False,False,False,False,False,False,True,False,1000000,6172.0,999864.0,1064670.0,1425.0,4711.0,6136.0,0.05859447172594526,applied_local_ep05_cost_model_to_unadjusted_ohlc_unit_notional,1368
2023-01-17,2023-01-30,2023-02-06,5321,美而快,TPEx,dynamic80_top1_rs20_31_bonus_proxy,legacy_rs20_operating_mode,mega_rs20,dynamic80_top1_rs20_31_bonus_proxy,next_day_close_entry_fixed_5td_exit,unadjusted_close,unadjusted_close,92.1,88.1,88.5,88.1,88.5,0.004540295119182858,True,,official_unadjusted_ohlcv_tpex_trading_stock,official_unadjusted_ohlcv_tpex_trading_stock,TPEX_TRADING_STOCK,TPEX_TRADING_STOCK,False,unadjusted_ohlcv; adjusted_close_blocked_not_fabricated,True,False,False,False,False,False,False,False,True,False,1000000,11350.0,999934.9999999999,1004475.0,1425.0,4444.0,5869.0,-0.0013271950147797833,applied_local_ep05_cost_model_to_unadjusted_ohlc_unit_notional,1368
2023-01-17,2023-01-17,2023-02-03,5321,美而快,TPEx,dynamic80_top1_rs20_31_bonus_proxy,legacy_rs20_operating_mode,mega_rs20,dynamic80_top1_rs20_31_bonus_proxy,same_week_close_to_next_rebalance_close_comparator,unadjusted_close,unadjusted_close,85.7,91.1,88.7,91.1,88.7,-0.026344676180021898,True,,official_unadjusted_ohlcv_tpex_trading_stock,official_unadjusted_ohlcv_tpex_trading_stock,TPEX_TRADING_STOCK,TPEX_TRADING_STOCK,False,unadjusted_ohlcv; adjusted_close_blocked_not_fabricated,True,False,False,False,False,False,False,False,True,False,1000000,10976.0,999913.6,973571.2000000001,1425.0,4308.0,5733.0,-0.032032521267031856,applied_local_ep05_cost_model_to_unadjusted_ohlc_unit_notional,1368
2023-01-17,2023-01-30,2023-02-06,5321,美而快,TPEx,dynamic80_top1_rs20_31_bonus_proxy,legacy_rs20_operating_mode,mega_rs20,dynamic80_top1_rs20_31_bonus_proxy,next_day_open_entry_fixed_5td_exit,unadjusted_open,unadjusted_close,92.1,88.1,88.5,92.1,88.5,-0.03908794788273606,True,,official_unadjusted_ohlcv_tpex_trading_stock,official_unadjusted_ohlcv_tpex_trading_stock,TPEX_TRADING_STOCK,TPEX_TRADING_STOCK,False,unadjusted_ohlcv; adjusted_close_blocked_not_fabricated,True,False,False,False,False,False,False,False,True,False,1000000,10857.0,999929.7,960844.5,1425.0,4252.0,5677.0,-0.044701642684655055,applied_local_ep05_cost_model_to_unadjusted_ohlc_unit_notional,1368
2023-01-17,2023-01-30,2023-02-06,5321,美而快,TPEx,dynamic80_top1_rs20_7core_context_proxy,legacy_rs20_operating_mode,mega_rs20,dynamic80_top1_rs20_7core_context_proxy,next_day_close_entry_fixed_5td_exit,unadjusted_close,unadjusted_close,92.1,88.1,88.5,88.1,88.5,0.004540295119182858,True,,official_unadjusted_ohlcv_tpex_trading_stock,official_unadjusted_ohlcv_tpex_trading_stock,TPEX_TRADING_STOCK,TPEX_TRADING_STOCK,False,unadjusted_ohlcv; adjusted_close_blocked_not_fabricated,True,False,False,False,False,False,False,False,True,False,1000000,11350.0,999934.9999999999,1004475.0,1425.0,4444.0,5869.0,-0.0013271950147797833,applied_local_ep05_cost_model_to_unadjusted_ohlc_unit_notional,1368
2023-01-17,2023-01-17,2023-02-03,5321,美而快,TPEx,dynamic80_top1_rs20_7core_context_proxy,legacy_rs20_operating_mode,mega_rs20,dynamic80_top1_rs20_7core_context_proxy,same_week_close_to_next_rebalance_close_comparator,unadjusted_close,unadjusted_close,85.7,91.1,88.7,91.1,88.7,-0.026344676180021898,True,,official_unadjusted_ohlcv_tpex_trading_stock,official_unadjusted_ohlcv_tpex_trading_stock,TPEX_TRADING_STOCK,TPEX_TRADING_STOCK,False,unadjusted_ohlcv; adjusted_close_blocked_not_fabricated,True,False,False,False,False,False,False,False,True,False,1000000,10976.0,999913.6,973571.2000000001,1425.0,4308.0,5733.0,-0.032032521267031856,applied_local_ep05_cost_model_to_unadjusted_ohlc_unit_notional,1368
2023-01-17,2023-01-30,2023-02-06,5321,美而快,TPEx,dynamic80_top1_rs20_7core_context_proxy,legacy_rs20_operating_mode,mega_rs20,dynamic80_top1_rs20_7core_context_proxy,next_day_open_entry_fixed_5td_exit,unadjusted_open,unadjusted_close,92.1,88.1,88.5,92.1,88.5,-0.03908794788273606,True,,official_unadjusted_ohlcv_tpex_trading_stock,official_unadjusted_ohlcv_tpex_trading_stock,TPEX_TRADING_STOCK,TPEX_TRADING_STOCK,False,unadjusted_ohlcv; adjusted_close_blocked_not_fabricated,True,False,False,False,False,False,False,False,True,False,1000000,10857.0,999929.7,960844.5,1425.0,4252.0,5677.0,-0.044701642684655055,applied_local_ep05_cost_model_to_unadjusted_ohlc_unit_notional,1368
2023-01-17,2023-01-30,2023-02-06,5321,美而快,TPEx,dynamic80_top1_rs20_proxy,legacy_rs20_operating_mode,mega_rs20,dynamic80_top1_rs20_proxy,next_day_close_entry_fixed_5td_exit,unadjusted_close,unadjusted_close,92.1,88.1,88.5,88.1,88.5,0.004540295119182858,True,,official_unadjusted_ohlcv_tpex_trading_stock,official_unadjusted_ohlcv_tpex_trading_stock,TPEX_TRADING_STOCK,TPEX_TRADING_STOCK,False,unadjusted_ohlcv; adjusted_close_blocked_not_fabricated,True,False,False,False,False,False,False,False,True,False,1000000,11350.0,999934.9999999999,1004475.0,1425.0,4444.0,5869.0,-0.0013271950147797833,applied_local_ep05_cost_model_to_unadjusted_ohlc_unit_notional,1368
2023-01-17,2023-01-17,2023-02-03,5321,美而快,TPEx,dynamic80_top1_rs20_proxy,legacy_rs20_operating_mode,mega_rs20,dynamic80_top1_rs20_proxy,same_week_close_to_next_rebalance_close_comparator,unadjusted_close,unadjusted_close,85.7,91.1,88.7,91.1,88.7,-0.026344676180021898,True,,official_unadjusted_ohlcv_tpex_trading_stock,official_unadjusted_ohlcv_tpex_trading_stock,TPEX_TRADING_STOCK,TPEX_TRADING_STOCK,False,unadjusted_ohlcv; adjusted_close_blocked_not_fabricated,True,False,False,False,False,False,False,False,True,False,1000000,10976.0,999913.6,973571.2000000001,1425.0,4308.0,5733.0,-0.032032521267031856,applied_local_ep05_cost_model_to_unadjusted_ohlc_unit_notional,1368
2023-01-17,2023-01-30,2023-02-06,5321,美而快,TPEx,dynamic80_top1_rs20_proxy,legacy_rs20_operating_mode,mega_rs20,dynamic80_top1_rs20_proxy,next_day_open_entry_fixed_5td_exit,unadjusted_open,unadjusted_close,92.1,88.1,88.5,92.1,88.5,-0.03908794788273606,True,,official_unadjusted_ohlcv_tpex_trading_stock,official_unadjusted_ohlcv_tpex_trading_stock,TPEX_TRADING_STOCK,TPEX_TRADING_STOCK,False,unadjusted_ohlcv; adjusted_close_blocked_not_fabricated,True,False,False,False,False,False,False,False,True,False,1000000,10857.0,999929.7,960844.5,1425.0,4252.0,5677.0,-0.044701642684655055,applied_local_ep05_cost_model_to_unadjusted_ohlc_unit_notional,1368
2023-01-17,2023-01-30,2023-02-06,5321,美而快,TPEx,dynamic80_top3_rs20_risk_tiebreak_proxy,legacy_rs20_operating_mode,mega_rs20,dynamic80_top3_rs20_risk_tiebreak_proxy,next_day_close_entry_fixed_5td_exit,unadjusted_close,unadjusted_close,92.1,88.1,88.5,88.1,88.5,0.004540295119182858,True,,official_unadjusted_ohlcv_tpex_trading_stock,official_unadjusted_ohlcv_tpex_trading_stock,TPEX_TRADING_STOCK,TPEX_TRADING_STOCK,False,unadjusted_ohlcv; adjusted_close_blocked_not_fabricated,True,False,False,False,False,False,False,False,True,False,1000000,11350.0,999934.9999999999,1004475.0,1425.0,4444.0,5869.0,-0.0013271950147797833,applied_local_ep05_cost_model_to_unadjusted_ohlc_unit_notional,1368
2023-01-17,2023-01-17,2023-02-03,5321,美而快,TPEx,dynamic80_top3_rs20_risk_tiebreak_proxy,legacy_rs20_operating_mode,mega_rs20,dynamic80_top3_rs20_risk_tiebreak_proxy,same_week_close_to_next_rebalance_close_comparator,unadjusted_close,unadjusted_close,85.7,91.1,88.7,91.1,88.7,-0.026344676180021898,True,,official_unadjusted_ohlcv_tpex_trading_stock,official_unadjusted_ohlcv_tpex_trading_stock,TPEX_TRADING_STOCK,TPEX_TRADING_STOCK,False,unadjusted_ohlcv; adjusted_close_blocked_not_fabricated,True,False,False,False,False,False,False,False,True,False,1000000,10976.0,999913.6,973571.2000000001,1425.0,4308.0,5733.0,-0.032032521267031856,applied_local_ep05_cost_model_to_unadjusted_ohlc_unit_notional,1368
2023-01-17,2023-01-30,2023-02-06,5321,美而快,TPEx,dynamic80_top3_rs20_risk_tiebreak_proxy,legacy_rs20_operating_mode,mega_rs20,dynamic80_top3_rs20_risk_tiebreak_proxy,next_day_open_entry_fixed_5td_exit,unadjusted_open,unadjusted_close,92.1,88.1,88.5,92.1,88.5,-0.03908794788273606,True,,official_unadjusted_ohlcv_tpex_trading_stock,official_unadjusted_ohlcv_tpex_trading_stock,TPEX_TRADING_STOCK,TPEX_TRADING_STOCK,False,unadjusted_ohlcv; adjusted_close_blocked_not_fabricated,True,False,False,False,False,False,False,False,True,False,1000000,10857.0,999929.7,960844.5,1425.0,4252.0,5677.0,-0.044701642684655055,applied_local_ep05_cost_model_to_unadjusted_ohlc_unit_notional,1368
2023-01-17,2023-01-30,2023-02-06,6806,森崴能源,TWSE,conservative_hurdle_route,regime_switch_hybrid_route,ordinary_defensive_00631L_base,hurdle_reference,next_day_close_entry_fixed_5td_exit,unadjusted_close,unadjusted_close,84.4,84.8,82.2,84.8,82.2,-0.030660377358490476,True,,official_unadjusted_ohlcv_twse_stock_day,official_unadjusted_ohlcv_twse_stock_day,TWSE_STOCK_DAY,TWSE_STOCK_DAY,False,unadjusted_ohlcv; adjusted_close_blocked_not_fabricated,True,False,False,False,False,False,False,False,True,False,1000000,11792.0,999961.6,969302.4,1425.0,4289.0,5714.0,-0.036322834757325444,applied_local_ep05_cost_model_to_unadjusted_ohlc_unit_notional,1368
2023-01-17,2023-01-17,2023-02-03,6806,森崴能源,TWSE,conservative_hurdle_route,regime_switch_hybrid_route,ordinary_defensive_00631L_base,hurdle_reference,same_week_close_to_next_rebalance_close_comparator,unadjusted_close,unadjusted_close,81.9,82.9,81.1,82.9,81.1,-0.021712907117008573,True,,official_unadjusted_ohlcv_twse_stock_day,official_unadjusted_ohlcv_twse_stock_day,TWSE_STOCK_DAY,TWSE_STOCK_DAY,False,unadjusted_ohlcv; adjusted_close_blocked_not_fabricated,True,False,False,False,False,False,False,False,True,False,1000000,12062.0,999939.8,978228.2,1425.0,4329.0,5754.0,-0.02742816603899008,applied_local_ep05_cost_model_to_unadjusted_ohlc_unit_notional,1368
2023-01-17,2023-01-30,2023-02-06,6806,森崴能源,TWSE,conservative_hurdle_route,regime_switch_hybrid_route,ordinary_defensive_00631L_base,hurdle_reference,next_day_open_entry_fixed_5td_exit,unadjusted_open,unadjusted_close,84.4,84.8,82.2,84.4,82.2,-0.026066350710900466,True,,official_unadjusted_ohlcv_twse_stock_day,official_unadjusted_ohlcv_twse_stock_day,TWSE_STOCK_DAY,TWSE_STOCK_DAY,False,unadjusted_ohlcv; adjusted_close_blocked_not_fabricated,True,False,False,False,False,False,False,False,True,False,1000000,11848.0,999971.2000000001,973905.6,1425.0,4310.0,5735.0,-0.03175626190712536,applied_local_ep05_cost_model_to_unadjusted_ohlc_unit_notional,1368
2023-01-17,2023-01-30,2023-02-06,6763,綠界科技,TPEx,dispersion_route,regime_switch_hybrid_route,dispersion,rs20_top3_risk_tiebreak,next_day_close_entry_fixed_5td_exit,unadjusted_close,unadjusted_close,515.0,491.0,480.5,491.0,480.5,-0.021384928716904228,True,,official_unadjusted_ohlcv_tpex_trading_stock,official_unadjusted_ohlcv_tpex_trading_stock,TPEX_TRADING_STOCK,TPEX_TRADING_STOCK,False,unadjusted_ohlcv; adjusted_close_blocked_not_fabricated,True,False,False,False,False,False,False,False,True,False,1000000,2036.0,999676.0,978298.0,1425.0,4329.0,5754.0,-0.027102160521266086,applied_local_ep05_cost_model_to_unadjusted_ohlc_unit_notional,1368
2023-01-17,2023-01-17,2023-02-03,6763,綠界科技,TPEx,dispersion_route,regime_switch_hybrid_route,dispersion,rs20_top3_risk_tiebreak,same_week_close_to_next_rebalance_close_comparator,unadjusted_close,unadjusted_close,471.5,489.0,489.0,489.0,489.0,0.0,True,,official_unadjusted_ohlcv_tpex_trading_stock,official_unadjusted_ohlcv_tpex_trading_stock,TPEX_TRADING_STOCK,TPEX_TRADING_STOCK,False,unadjusted_ohlcv; adjusted_close_blocked_not_fabricated,True,False,False,False,False,False,False,False,True,False,1000000,2044.0,999516.0,999516.0,1424.0,4423.0,5847.0,-0.005841508981557336,applied_local_ep05_cost_model_to_unadjusted_ohlc_unit_notional,1368
2023-01-17,2023-01-30,2023-02-06,6763,綠界科技,TPEx,dispersion_route,regime_switch_hybrid_route,dispersion,rs20_top3_risk_tiebreak,next_day_open_entry_fixed_5td_exit,unadjusted_open,unadjusted_close,515.0,491.0,480.5,515.0,480.5,-0.06699029126213596,True,,official_unadjusted_ohlcv_tpex_trading_stock,official_unadjusted_ohlcv_tpex_trading_stock,TPEX_TRADING_STOCK,TPEX_TRADING_STOCK,False,unadjusted_ohlcv; adjusted_close_blocked_not_fabricated,True,False,False,False,False,False,False,False,True,False,1000000,1941.0,999615.0,932650.5,1424.0,4127.0,5551.0,-0.0724402345962545,applied_local_ep05_cost_model_to_unadjusted_ohlc_unit_notional,1368
2023-01-17,2023-01-30,2023-02-06,2327,國巨*,TWSE,hybrid_pullback_base_mega_override,regime_switch_hybrid_route,hybrid,pullback_repair,next_day_close_entry_fixed_5td_exit,unadjusted_close,unadjusted_close,543.0,532.0,533.0,532.0,533.0,0.001879699248120259,True,,official_unadjusted_ohlcv_twse_stock_day,official_unadjusted_ohlcv_twse_stock_day,TWSE_STOCK_DAY,TWSE_STOCK_DAY,False,unadjusted_ohlcv; adjusted_close_blocked_not_fabricated,True,False,False,False,False,False,False,False,True,False,1000000,1879.0,999628.0,1001507.0,1424.0,4432.0,5856.0,-0.003972820592736442,applied_local_ep05_cost_model_to_unadjusted_ohlc_unit_notional,1368
2023-01-17,2023-01-17,2023-02-03,2327,國巨*,TWSE,hybrid_pullback_base_mega_override,regime_switch_hybrid_route,hybrid,pullback_repair,same_week_close_to_next_rebalance_close_comparator,unadjusted_close,unadjusted_close,516.0,519.0,540.0,519.0,540.0,0.040462427745664664,True,,official_unadjusted_ohlcv_twse_stock_day,official_unadjusted_ohlcv_twse_stock_day,TWSE_STOCK_DAY,TWSE_STOCK_DAY,False,unadjusted_ohlcv; adjusted_close_blocked_not_fabricated,True,False,False,False,False,False,False,False,True,False,1000000,1926.0,999594.0,1040040.0,1424.0,4602.0,6026.0,0.03438499607399667,applied_local_ep05_cost_model_to_unadjusted_ohlc_unit_notional,1368
2023-01-17,2023-01-30,2023-02-06,2327,國巨*,TWSE,hybrid_pullback_base_mega_override,regime_switch_hybrid_route,hybrid,pullback_repair,next_day_open_entry_fixed_5td_exit,unadjusted_open,unadjusted_close,543.0,532.0,533.0,543.0,533.0,-0.018416206261510082,True,,official_unadjusted_ohlcv_twse_stock_day,official_unadjusted_ohlcv_twse_stock_day,TWSE_STOCK_DAY,TWSE_STOCK_DAY,False,unadjusted_ohlcv; adjusted_close_blocked_not_fabricated,True,False,False,False,False,False,False,False,True,False,1000000,1841.0,999663.0,981253.0,1425.0,4342.0,5767.0,-0.024150724012274645,applied_local_ep05_cost_model_to_unadjusted_ohlc_unit_notional,1368
2023-01-17,2023-01-30,2023-02-06,2327,國巨*,TWSE,market_bias_pool_trend_route,regime_switch_hybrid_route,mega_or_stock_route,pullback_repair,next_day_close_entry_fixed_5td_exit,unadjusted_close,unadjusted_close,543.0,532.0,533.0,532.0,533.0,0.001879699248120259,True,,official_unadjusted_ohlcv_twse_stock_day,official_unadjusted_ohlcv_twse_stock_day,TWSE_STOCK_DAY,TWSE_STOCK_DAY,False,unadjusted_ohlcv; adjusted_close_blocked_not_fabricated,True,False,False,False,False,False,False,False,True,False,1000000,1879.0,999628.0,1001507.0,1424.0,4432.0,5856.0,-0.003972820592736442,applied_local_ep05_cost_model_to_unadjusted_ohlc_unit_notional,1368
2023-01-17,2023-01-17,2023-02-03,2327,國巨*,TWSE,market_bias_pool_trend_route,regime_switch_hybrid_route,mega_or_stock_route,pullback_repair,same_week_close_to_next_rebalance_close_comparator,unadjusted_close,unadjusted_close,516.0,519.0,540.0,519.0,540.0,0.040462427745664664,True,,official_unadjusted_ohlcv_twse_stock_day,official_unadjusted_ohlcv_twse_stock_day,TWSE_STOCK_DAY,TWSE_STOCK_DAY,False,unadjusted_ohlcv; adjusted_close_blocked_not_fabricated,True,False,False,False,False,False,False,False,True,False,1000000,1926.0,999594.0,1040040.0,1424.0,4602.0,6026.0,0.03438499607399667,applied_local_ep05_cost_model_to_unadjusted_ohlc_unit_notional,1368
2023-01-17,2023-01-30,2023-02-06,2327,國巨*,TWSE,market_bias_pool_trend_route,regime_switch_hybrid_route,mega_or_stock_route,pullback_repair,next_day_open_entry_fixed_5td_exit,unadjusted_open,unadjusted_close,543.0,532.0,533.0,543.0,533.0,-0.018416206261510082,True,,official_unadjusted_ohlcv_twse_stock_day,official_unadjusted_ohlcv_twse_stock_day,TWSE_STOCK_DAY,TWSE_STOCK_DAY,False,unadjusted_ohlcv; adjusted_close_blocked_not_fabricated,True,False,False,False,False,False,False,False,True,False,1000000,1841.0,999663.0,981253.0,1425.0,4342.0,5767.0,-0.024150724012274645,applied_local_ep05_cost_model_to_unadjusted_ohlc_unit_notional,1368
2023-01-17,2023-01-30,2023-02-06,9910,豐泰,TWSE,pool_breadth_route,regime_switch_hybrid_route,mega_or_stock_route,low_risk_strength,next_day_close_entry_fixed_5td_exit,unadjusted_close,unadjusted_close,210.5,202.0,196.0,202.0,196.0,-0.02970297029702973,True,,official_unadjusted_ohlcv_twse_stock_day,official_unadjusted_ohlcv_twse_stock_day,TWSE_STOCK_DAY,TWSE_STOCK_DAY,False,unadjusted_ohlcv; adjusted_close_blocked_not_fabricated,True,False,False,False,False,False,False,False,True,False,1000000,4950.0,999900.0,970200.0,1425.0,4294.0,5719.0,-0.03537213192519911,applied_local_ep05_cost_model_to_unadjusted_ohlc_unit_notional,1368
2023-01-17,2023-01-17,2023-02-03,9910,豐泰,TWSE,pool_breadth_route,regime_switch_hybrid_route,mega_or_stock_route,low_risk_strength,same_week_close_to_next_rebalance_close_comparator,unadjusted_close,unadjusted_close,205.0,207.0,197.5,207.0,197.5,-0.04589371980676327,True,,official_unadjusted_ohlcv_twse_stock_day,official_unadjusted_ohlcv_twse_stock_day,TWSE_STOCK_DAY,TWSE_STOCK_DAY,False,unadjusted_ohlcv; adjusted_close_blocked_not_fabricated,True,False,False,False,False,False,False,False,True,False,1000000,4830.0,999810.0,953925.0,1425.0,4221.0,5646.0,-0.051467437714422686,applied_local_ep05_cost_model_to_unadjusted_ohlc_unit_notional,1368
2023-01-17,2023-01-30,2023-02-06,9910,豐泰,TWSE,pool_breadth_route,regime_switch_hybrid_route,mega_or_stock_route,low_risk_strength,next_day_open_entry_fixed_5td_exit,unadjusted_open,unadjusted_close,210.5,202.0,196.0,210.5,196.0,-0.06888361045130642,True,,official_unadjusted_ohlcv_twse_stock_day,official_unadjusted_ohlcv_twse_stock_day,TWSE_STOCK_DAY,TWSE_STOCK_DAY,False,unadjusted_ohlcv; adjusted_close_blocked_not_fabricated,True,False,False,False,False,False,False,False,True,False,1000000,4750.0,999875.0,931000.0,1425.0,4120.0,5545.0,-0.07432337960651153,applied_local_ep05_cost_model_to_unadjusted_ohlc_unit_notional,1368
2023-02-03,2023-02-06,2023-02-13,2482,連宇,TWSE,dynamic80_top1_rs20_31_bonus_proxy,legacy_rs20_operating_mode,mega_rs20,dynamic80_top1_rs20_31_bonus_proxy,next_day_close_entry_fixed_5td_exit,unadjusted_close,unadjusted_close,38.9,39.35,41.2,39.35,41.2,0.04701397712833555,True,,official_unadjusted_ohlcv_twse_stock_day,official_unadjusted_ohlcv_twse_stock_day,TWSE_STOCK_DAY,TWSE_STOCK_DAY,False,unadjusted_ohlcv; adjusted_close_blocked_not_fabricated,True,False,False,False,False,False,False,False,True,False,1000000,25412.0,999962.2000000001,1046974.4,1425.0,4633.0,6058.0,0.04089746703373076,applied_local_ep05_cost_model_to_unadjusted_ohlc_unit_notional,1368
2023-02-03,2023-02-03,2023-02-10,2482,連宇,TWSE,dynamic80_top1_rs20_31_bonus_proxy,legacy_rs20_operating_mode,mega_rs20,dynamic80_top1_rs20_31_bonus_proxy,same_week_close_to_next_rebalance_close_comparator,unadjusted_close,unadjusted_close,37.55,39.0,40.7,39.0,40.7,0.04358974358974366,True,,official_unadjusted_ohlcv_twse_stock_day,official_unadjusted_ohlcv_twse_stock_day,TWSE_STOCK_DAY,TWSE_STOCK_DAY,False,unadjusted_ohlcv; adjusted_close_blocked_not_fabricated,True,False,False,False,False,False,False,False,True,False,1000000,25641.0,999999.0,1043588.7000000001,1425.0,4618.0,6043.0,0.03749330952723329,applied_local_ep05_cost_model_to_unadjusted_ohlc_unit_notional,1368
2023-02-03,2023-02-06,2023-02-13,2482,連宇,TWSE,dynamic80_top1_rs20_31_bonus_proxy,legacy_rs20_operating_mode,mega_rs20,dynamic80_top1_rs20_31_bonus_proxy,next_day_open_entry_fixed_5td_exit,unadjusted_open,unadjusted_close,38.9,39.35,41.2,38.9,41.2,0.059125964010282805,True,,official_unadjusted_ohlcv_twse_stock_day,official_unadjusted_ohlcv_twse_stock_day,TWSE_STOCK_DAY,TWSE_STOCK_DAY,False,unadjusted_ohlcv; adjusted_close_blocked_not_fabricated,True,False,False,False,False,False,False,False,True,False,1000000,25706.0,999963.3999999999,1059087.2000000002,1425.0,4686.0,6111.0,0.05293929907716155,applied_local_ep05_cost_model_to_unadjusted_ohlc_unit_notional,1368
2023-02-03,2023-02-06,2023-02-13,2482,連宇,TWSE,dynamic80_top1_rs20_7core_context_proxy,legacy_rs20_operating_mode,mega_rs20,dynamic80_top1_rs20_7core_context_proxy,next_day_close_entry_fixed_5td_exit,unadjusted_close,unadjusted_close,38.9,39.35,41.2,39.35,41.2,0.04701397712833555,True,,official_unadjusted_ohlcv_twse_stock_day,official_unadjusted_ohlcv_twse_stock_day,TWSE_STOCK_DAY,TWSE_STOCK_DAY,False,unadjusted_ohlcv; adjusted_close_blocked_not_fabricated,True,False,False,False,False,False,False,False,True,False,1000000,25412.0,999962.2000000001,1046974.4,1425.0,4633.0,6058.0,0.04089746703373076,applied_local_ep05_cost_model_to_unadjusted_ohlc_unit_notional,1368
2023-02-03,2023-02-03,2023-02-10,2482,連宇,TWSE,dynamic80_top1_rs20_7core_context_proxy,legacy_rs20_operating_mode,mega_rs20,dynamic80_top1_rs20_7core_context_proxy,same_week_close_to_next_rebalance_close_comparator,unadjusted_close,unadjusted_close,37.55,39.0,40.7,39.0,40.7,0.04358974358974366,True,,official_unadjusted_ohlcv_twse_stock_day,official_unadjusted_ohlcv_twse_stock_day,TWSE_STOCK_DAY,TWSE_STOCK_DAY,False,unadjusted_ohlcv; adjusted_close_blocked_not_fabricated,True,False,False,False,False,False,False,False,True,False,1000000,25641.0,999999.0,1043588.7000000001,1425.0,4618.0,6043.0,0.03749330952723329,applied_local_ep05_cost_model_to_unadjusted_ohlc_unit_notional,1368
2023-02-03,2023-02-06,2023-02-13,2482,連宇,TWSE,dynamic80_top1_rs20_7core_context_proxy,legacy_rs20_operating_mode,mega_rs20,dynamic80_top1_rs20_7core_context_proxy,next_day_open_entry_fixed_5td_exit,unadjusted_open,unadjusted_close,38.9,39.35,41.2,38.9,41.2,0.059125964010282805,True,,official_unadjusted_ohlcv_twse_stock_day,official_unadjusted_ohlcv_twse_stock_day,TWSE_STOCK_DAY,TWSE_STOCK_DAY,False,unadjusted_ohlcv; adjusted_close_blocked_not_fabricated,True,False,False,False,False,False,False,False,True,False,1000000,25706.0,999963.3999999999,1059087.2000000002,1425.0,4686.0,6111.0,0.05293929907716155,applied_local_ep05_cost_model_to_unadjusted_ohlc_unit_notional,1368
2023-02-03,2023-02-06,2023-02-13,2482,連宇,TWSE,dynamic80_top1_rs20_proxy,legacy_rs20_operating_mode,mega_rs20,dynamic80_top1_rs20_proxy,next_day_close_entry_fixed_5td_exit,unadjusted_close,unadjusted_close,38.9,39.35,41.2,39.35,41.2,0.04701397712833555,True,,official_unadjusted_ohlcv_twse_stock_day,official_unadjusted_ohlcv_twse_stock_day,TWSE_STOCK_DAY,TWSE_STOCK_DAY,False,unadjusted_ohlcv; adjusted_close_blocked_not_fabricated,True,False,False,False,False,False,False,False,True,False,1000000,25412.0,999962.2000000001,1046974.4,1425.0,4633.0,6058.0,0.04089746703373076,applied_local_ep05_cost_model_to_unadjusted_ohlc_unit_notional,1368
2023-02-03,2023-02-03,2023-02-10,2482,連宇,TWSE,dynamic80_top1_rs20_proxy,legacy_rs20_operating_mode,mega_rs20,dynamic80_top1_rs20_proxy,same_week_close_to_next_rebalance_close_comparator,unadjusted_close,unadjusted_close,37.55,39.0,40.7,39.0,40.7,0.04358974358974366,True,,official_unadjusted_ohlcv_twse_stock_day,official_unadjusted_ohlcv_twse_stock_day,TWSE_STOCK_DAY,TWSE_STOCK_DAY,False,unadjusted_ohlcv; adjusted_close_blocked_not_fabricated,True,False,False,False,False,False,False,False,True,False,1000000,25641.0,999999.0,1043588.7000000001,1425.0,4618.0,6043.0,0.03749330952723329,applied_local_ep05_cost_model_to_unadjusted_ohlc_unit_notional,1368
2023-02-03,2023-02-06,2023-02-13,2482,連宇,TWSE,dynamic80_top1_rs20_proxy,legacy_rs20_operating_mode,mega_rs20,dynamic80_top1_rs20_proxy,next_day_open_entry_fixed_5td_exit,unadjusted_open,unadjusted_close,38.9,39.35,41.2,38.9,41.2,0.059125964010282805,True,,official_unadjusted_ohlcv_twse_stock_day,official_unadjusted_ohlcv_twse_stock_day,TWSE_STOCK_DAY,TWSE_STOCK_DAY,False,unadjusted_ohlcv; adjusted_close_blocked_not_fabricated,True,False,False,False,False,False,False,False,True,False,1000000,25706.0,999963.3999999999,1059087.2000000002,1425.0,4686.0,6111.0,0.05293929907716155,applied_local_ep05_cost_model_to_unadjusted_ohlc_unit_notional,1368
2023-02-03,2023-02-06,2023-02-13,2482,連宇,TWSE,dynamic80_top3_rs20_risk_tiebreak_proxy,legacy_rs20_operating_mode,mega_rs20,dynamic80_top3_rs20_risk_tiebreak_proxy,next_day_close_entry_fixed_5td_exit,unadjusted_close,unadjusted_close,38.9,39.35,41.2,39.35,41.2,0.04701397712833555,True,,official_unadjusted_ohlcv_twse_stock_day,official_unadjusted_ohlcv_twse_stock_day,TWSE_STOCK_DAY,TWSE_STOCK_DAY,False,unadjusted_ohlcv; adjusted_close_blocked_not_fabricated,True,False,False,False,False,False,False,False,True,False,1000000,25412.0,999962.2000000001,1046974.4,1425.0,4633.0,6058.0,0.04089746703373076,applied_local_ep05_cost_model_to_unadjusted_ohlc_unit_notional,1368
2023-02-03,2023-02-03,2023-02-10,2482,連宇,TWSE,dynamic80_top3_rs20_risk_tiebreak_proxy,legacy_rs20_operating_mode,mega_rs20,dynamic80_top3_rs20_risk_tiebreak_proxy,same_week_close_to_next_rebalance_close_comparator,unadjusted_close,unadjusted_close,37.55,39.0,40.7,39.0,40.7,0.04358974358974366,True,,official_unadjusted_ohlcv_twse_stock_day,official_unadjusted_ohlcv_twse_stock_day,TWSE_STOCK_DAY,TWSE_STOCK_DAY,False,unadjusted_ohlcv; adjusted_close_blocked_not_fabricated,True,False,False,False,False,False,False,False,True,False,1000000,25641.0,999999.0,1043588.7000000001,1425.0,4618.0,6043.0,0.03749330952723329,applied_local_ep05_cost_model_to_unadjusted_ohlc_unit_notional,1368
2023-02-03,2023-02-06,2023-02-13,2482,連宇,TWSE,dynamic80_top3_rs20_risk_tiebreak_proxy,legacy_rs20_operating_mode,mega_rs20,dynamic80_top3_rs20_risk_tiebreak_proxy,next_day_open_entry_fixed_5td_exit,unadjusted_open,unadjusted_close,38.9,39.35,41.2,38.9,41.2,0.059125964010282805,True,,official_unadjusted_ohlcv_twse_stock_day,official_unadjusted_ohlcv_twse_stock_day,TWSE_STOCK_DAY,TWSE_STOCK_DAY,False,unadjusted_ohlcv; adjusted_close_blocked_not_fabricated,True,False,False,False,False,False,False,False,True,False,1000000,25706.0,999963.3999999999,1059087.2000000002,1425.0,4686.0,6111.0,0.05293929907716155,applied_local_ep05_cost_model_to_unadjusted_ohlc_unit_notional,1368
2023-02-03,2023-02-06,2023-02-13,5274,信驊,TPEx,dispersion_route,regime_switch_hybrid_route,dispersion,rs20_top3_risk_tiebreak,next_day_close_entry_fixed_5td_exit,unadjusted_close,unadjusted_close,2485.0,2390.0,2175.0,2390.0,2175.0,-0.08995815899581594,True,,official_unadjusted_ohlcv_tpex_trading_stock,official_unadjusted_ohlcv_tpex_trading_stock,TPEX_TRADING_STOCK,TPEX_TRADING_STOCK,False,unadjusted_ohlcv; adjusted_close_blocked_not_fabricated,True,False,False,False,False,False,False,False,True,False,1000000,418.0,999020.0,909150.0,1424.0,4023.0,5447.0,-0.09527469803407287,applied_local_ep05_cost_model_to_unadjusted_ohlc_unit_notional,1368
2023-02-03,2023-02-03,2023-02-10,5274,信驊,TPEx,dispersion_route,regime_switch_hybrid_route,dispersion,rs20_top3_risk_tiebreak,same_week_close_to_next_rebalance_close_comparator,unadjusted_close,unadjusted_close,2275.0,2500.0,2225.0,2500.0,2225.0,-0.10999999999999999,True,,official_unadjusted_ohlcv_tpex_trading_stock,official_unadjusted_ohlcv_tpex_trading_stock,TPEX_TRADING_STOCK,TPEX_TRADING_STOCK,False,unadjusted_ohlcv; adjusted_close_blocked_not_fabricated,True,False,False,False,False,False,False,False,True,False,1000000,400.0,1000000.0,890000.0,1425.0,3938.0,5363.0,-0.11519884165064782,applied_local_ep05_cost_model_to_unadjusted_ohlc_unit_notional,1368
2023-02-03,2023-02-06,2023-02-13,5274,信驊,TPEx,dispersion_route,regime_switch_hybrid_route,dispersion,rs20_top3_risk_tiebreak,next_day_open_entry_fixed_5td_exit,unadjusted_open,unadjusted_close,2485.0,2390.0,2175.0,2485.0,2175.0,-0.12474849094567408,True,,official_unadjusted_ohlcv_tpex_trading_stock,official_unadjusted_ohlcv_tpex_trading_stock,TPEX_TRADING_STOCK,TPEX_TRADING_STOCK,False,unadjusted_ohlcv; adjusted_close_blocked_not_fabricated,True,False,False,False,False,False,False,False,True,False,1000000,402.0,998970.0,874350.0,1424.0,3869.0,5293.0,-0.12986183443723173,applied_local_ep05_cost_model_to_unadjusted_ohlc_unit_notional,1368
2023-02-03,2023-02-06,2023-02-13,5274,信驊,TPEx,hybrid_pullback_base_mega_override,regime_switch_hybrid_route,hybrid,pullback_repair,next_day_close_entry_fixed_5td_exit,unadjusted_close,unadjusted_close,2485.0,2390.0,2175.0,2390.0,2175.0,-0.08995815899581594,True,,official_unadjusted_ohlcv_tpex_trading_stock,official_unadjusted_ohlcv_tpex_trading_stock,TPEX_TRADING_STOCK,TPEX_TRADING_STOCK,False,unadjusted_ohlcv; adjusted_close_blocked_not_fabricated,True,False,False,False,False,False,False,False,True,False,1000000,418.0,999020.0,909150.0,1424.0,4023.0,5447.0,-0.09527469803407287,applied_local_ep05_cost_model_to_unadjusted_ohlc_unit_notional,1368
2023-02-03,2023-02-03,2023-02-10,5274,信驊,TPEx,hybrid_pullback_base_mega_override,regime_switch_hybrid_route,hybrid,pullback_repair,same_week_close_to_next_rebalance_close_comparator,unadjusted_close,unadjusted_close,2275.0,2500.0,2225.0,2500.0,2225.0,-0.10999999999999999,True,,official_unadjusted_ohlcv_tpex_trading_stock,official_unadjusted_ohlcv_tpex_trading_stock,TPEX_TRADING_STOCK,TPEX_TRADING_STOCK,False,unadjusted_ohlcv; adjusted_close_blocked_not_fabricated,True,False,False,False,False,False,False,False,True,False,1000000,400.0,1000000.0,890000.0,1425.0,3938.0,5363.0,-0.11519884165064782,applied_local_ep05_cost_model_to_unadjusted_ohlc_unit_notional,1368
2023-02-03,2023-02-06,2023-02-13,5274,信驊,TPEx,hybrid_pullback_base_mega_override,regime_switch_hybrid_route,hybrid,pullback_repair,next_day_open_entry_fixed_5td_exit,unadjusted_open,unadjusted_close,2485.0,2390.0,2175.0,2485.0,2175.0,-0.12474849094567408,True,,official_unadjusted_ohlcv_tpex_trading_stock,official_unadjusted_ohlcv_tpex_trading_stock,TPEX_TRADING_STOCK,TPEX_TRADING_STOCK,False,unadjusted_ohlcv; adjusted_close_blocked_not_fabricated,True,False,False,False,False,False,False,False,True,False,1000000,402.0,998970.0,874350.0,1424.0,3869.0,5293.0,-0.12986183443723173,applied_local_ep05_cost_model_to_unadjusted_ohlc_unit_notional,1368
2023-02-03,2023-02-06,2023-02-13,5274,信驊,TPEx,market_bias_pool_trend_route,regime_switch_hybrid_route,mega_or_stock_route,pullback_repair,next_day_close_entry_fixed_5td_exit,unadjusted_close,unadjusted_close,2485.0,2390.0,2175.0,2390.0,2175.0,-0.08995815899581594,True,,official_unadjusted_ohlcv_tpex_trading_stock,official_unadjusted_ohlcv_tpex_trading_stock,TPEX_TRADING_STOCK,TPEX_TRADING_STOCK,False,unadjusted_ohlcv; adjusted_close_blocked_not_fabricated,True,False,False,False,False,False,False,False,True,False,1000000,418.0,999020.0,909150.0,1424.0,4023.0,5447.0,-0.09527469803407287,applied_local_ep05_cost_model_to_unadjusted_ohlc_unit_notional,1368
2023-02-03,2023-02-03,2023-02-10,5274,信驊,TPEx,market_bias_pool_trend_route,regime_switch_hybrid_route,mega_or_stock_route,pullback_repair,same_week_close_to_next_rebalance_close_comparator,unadjusted_close,unadjusted_close,2275.0,2500.0,2225.0,2500.0,2225.0,-0.10999999999999999,True,,official_unadjusted_ohlcv_tpex_trading_stock,official_unadjusted_ohlcv_tpex_trading_stock,TPEX_TRADING_STOCK,TPEX_TRADING_STOCK,False,unadjusted_ohlcv; adjusted_close_blocked_not_fabricated,True,False,False,False,False,False,False,False,True,False,1000000,400.0,1000000.0,890000.0,1425.0,3938.0,5363.0,-0.11519884165064782,applied_local_ep05_cost_model_to_unadjusted_ohlc_unit_notional,1368
2023-02-03,2023-02-06,2023-02-13,5274,信驊,TPEx,market_bias_pool_trend_route,regime_switch_hybrid_route,mega_or_stock_route,pullback_repair,next_day_open_entry_fixed_5td_exit,unadjusted_open,unadjusted_close,2485.0,2390.0,2175.0,2485.0,2175.0,-0.12474849094567408,True,,official_unadjusted_ohlcv_tpex_trading_stock,official_unadjusted_ohlcv_tpex_trading_stock,TPEX_TRADING_STOCK,TPEX_TRADING_STOCK,False,unadjusted_ohlcv; adjusted_close_blocked_not_fabricated,True,False,False,False,False,False,False,False,True,False,1000000,402.0,998970.0,874350.0,1424.0,3869.0,5293.0,-0.12986183443723173,applied_local_ep05_cost_model_to_unadjusted_ohlc_unit_notional,1368
2023-02-03,2023-02-06,2023-02-13,3680,家登,TPEx,pool_breadth_route,regime_switch_hybrid_route,mega_or_stock_route,low_risk_strength,next_day_close_entry_fixed_5td_exit,unadjusted_close,unadjusted_close,282.5,285.0,285.0,285.0,285.0,0.0,True,,official_unadjusted_ohlcv_tpex_trading_stock,official_unadjusted_ohlcv_tpex_trading_stock,TPEX_TRADING_STOCK,TPEX_TRADING_STOCK,False,unadjusted_ohlcv; adjusted_close_blocked_not_fabricated,True,False,False,False,False,False,False,False,True,False,1000000,3508.0,999780.0,999780.0,1425.0,4424.0,5849.0,-0.005841960437672604,applied_local_ep05_cost_model_to_unadjusted_ohlc_unit_notional,1368
2023-02-03,2023-02-03,2023-02-10,3680,家登,TPEx,pool_breadth_route,regime_switch_hybrid_route,mega_or_stock_route,low_risk_strength,same_week_close_to_next_rebalance_close_comparator,unadjusted_close,unadjusted_close,280.0,284.5,289.5,284.5,289.5,0.017574692442882345,True,,official_unadjusted_ohlcv_tpex_trading_stock,official_unadjusted_ohlcv_tpex_trading_stock,TPEX_TRADING_STOCK,TPEX_TRADING_STOCK,False,unadjusted_ohlcv; adjusted_close_blocked_not_fabricated,True,False,False,False,False,False,False,False,True,False,1000000,3514.0,999733.0,1017303.0,1425.0,4502.0,5927.0,0.011629533000785092,applied_local_ep05_cost_model_to_unadjusted_ohlc_unit_notional,1368
2023-02-03,2023-02-06,2023-02-13,3680,家登,TPEx,pool_breadth_route,regime_switch_hybrid_route,mega_or_stock_route,low_risk_strength,next_day_open_entry_fixed_5td_exit,unadjusted_open,unadjusted_close,282.5,285.0,285.0,282.5,285.0,0.008849557522123908,True,,official_unadjusted_ohlcv_tpex_trading_stock,official_unadjusted_ohlcv_tpex_trading_stock,TPEX_TRADING_STOCK,TPEX_TRADING_STOCK,False,unadjusted_ohlcv; adjusted_close_blocked_not_fabricated,True,False,False,False,False,False,False,False,True,False,1000000,3539.0,999767.5,1008615.0,1425.0,4463.0,5888.0,0.002955974999812723,applied_local_ep05_cost_model_to_unadjusted_ohlc_unit_notional,1368
2023-02-10,2023-02-13,2023-02-20,4763,材料*-KY,TWSE,dynamic80_top1_rs20_31_bonus_proxy,legacy_rs20_operating_mode,mega_rs20,dynamic80_top1_rs20_31_bonus_proxy,next_day_close_entry_fixed_5td_exit,unadjusted_close,unadjusted_close,287.5,289.5,312.5,289.5,312.5,0.07944732297063894,True,,official_unadjusted_ohlcv_twse_stock_day,official_unadjusted_ohlcv_twse_stock_day,TWSE_STOCK_DAY,TWSE_STOCK_DAY,False,unadjusted_ohlcv; adjusted_close_blocked_not_fabricated,True,False,False,False,False,False,False,False,True,False,1000000,3454.0,999933.0,1079375.0,1425.0,4776.0,6201.0,0.07314167360724137,applied_local_ep05_cost_model_to_unadjusted_ohlc_unit_notional,1368
2023-02-10,2023-02-10,2023-02-17,4763,材料*-KY,TWSE,dynamic80_top1_rs20_31_bonus_proxy,legacy_rs20_operating_mode,mega_rs20,dynamic80_top1_rs20_31_bonus_proxy,same_week_close_to_next_rebalance_close_comparator,unadjusted_close,unadjusted_close,296.0,286.0,301.0,286.0,301.0,0.0524475524475525,True,,official_unadjusted_ohlcv_twse_stock_day,official_unadjusted_ohlcv_twse_stock_day,TWSE_STOCK_DAY,TWSE_STOCK_DAY,False,unadjusted_ohlcv; adjusted_close_blocked_not_fabricated,True,False,False,False,False,False,False,False,True,False,1000000,3496.0,999856.0,1052296.0,1425.0,4657.0,6082.0,0.0462986913763469,applied_local_ep05_cost_model_to_unadjusted_ohlc_unit_notional,1368
2023-02-10,2023-02-13,2023-02-20,4763,材料*-KY,TWSE,dynamic80_top1_rs20_31_bonus_proxy,legacy_rs20_operating_mode,mega_rs20,dynamic80_top1_rs20_31_bonus_proxy,next_day_open_entry_fixed_5td_exit,unadjusted_open,unadjusted_close,287.5,289.5,312.5,287.5,312.5,0.08695652173913038,True,,official_unadjusted_ohlcv_twse_stock_day,official_unadjusted_ohlcv_twse_stock_day,TWSE_STOCK_DAY,TWSE_STOCK_DAY,False,unadjusted_ohlcv; adjusted_close_blocked_not_fabricated,True,False,False,False,False,False,False,False,True,False,1000000,3478.0,999925.0,1086875.0,1425.0,4810.0,6235.0,0.08060618165476606,applied_local_ep05_cost_model_to_unadjusted_ohlc_unit_notional,1368
2023-02-10,2023-02-13,2023-02-20,4763,材料*-KY,TWSE,dynamic80_top1_rs20_7core_context_proxy,legacy_rs20_operating_mode,mega_rs20,dynamic80_top1_rs20_7core_context_proxy,next_day_close_entry_fixed_5td_exit,unadjusted_close,unadjusted_close,287.5,289.5,312.5,289.5,312.5,0.07944732297063894,True,,official_unadjusted_ohlcv_twse_stock_day,official_unadjusted_ohlcv_twse_stock_day,TWSE_STOCK_DAY,TWSE_STOCK_DAY,False,unadjusted_ohlcv; adjusted_close_blocked_not_fabricated,True,False,False,False,False,False,False,False,True,False,1000000,3454.0,999933.0,1079375.0,1425.0,4776.0,6201.0,0.07314167360724137,applied_local_ep05_cost_model_to_unadjusted_ohlc_unit_notional,1368
2023-02-10,2023-02-10,2023-02-17,4763,材料*-KY,TWSE,dynamic80_top1_rs20_7core_context_proxy,legacy_rs20_operating_mode,mega_rs20,dynamic80_top1_rs20_7core_context_proxy,same_week_close_to_next_rebalance_close_comparator,unadjusted_close,unadjusted_close,296.0,286.0,301.0,286.0,301.0,0.0524475524475525,True,,official_unadjusted_ohlcv_twse_stock_day,official_unadjusted_ohlcv_twse_stock_day,TWSE_STOCK_DAY,TWSE_STOCK_DAY,False,unadjusted_ohlcv; adjusted_close_blocked_not_fabricated,True,False,False,False,False,False,False,False,True,False,1000000,3496.0,999856.0,1052296.0,1425.0,4657.0,6082.0,0.0462986913763469,applied_local_ep05_cost_model_to_unadjusted_ohlc_unit_notional,1368
2023-02-10,2023-02-13,2023-02-20,4763,材料*-KY,TWSE,dynamic80_top1_rs20_7core_context_proxy,legacy_rs20_operating_mode,mega_rs20,dynamic80_top1_rs20_7core_context_proxy,next_day_open_entry_fixed_5td_exit,unadjusted_open,unadjusted_close,287.5,289.5,312.5,287.5,312.5,0.08695652173913038,True,,official_unadjusted_ohlcv_twse_stock_day,official_unadjusted_ohlcv_twse_stock_day,TWSE_STOCK_DAY,TWSE_STOCK_DAY,False,unadjusted_ohlcv; adjusted_close_blocked_not_fabricated,True,False,False,False,False,False,False,False,True,False,1000000,3478.0,999925.0,1086875.0,1425.0,4810.0,6235.0,0.08060618165476606,applied_local_ep05_cost_model_to_unadjusted_ohlc_unit_notional,1368
2023-02-10,2023-02-13,2023-02-20,4763,材料*-KY,TWSE,dynamic80_top1_rs20_proxy,legacy_rs20_operating_mode,mega_rs20,dynamic80_top1_rs20_proxy,next_day_close_entry_fixed_5td_exit,unadjusted_close,unadjusted_close,287.5,289.5,312.5,289.5,312.5,0.07944732297063894,True,,official_unadjusted_ohlcv_twse_stock_day,official_unadjusted_ohlcv_twse_stock_day,TWSE_STOCK_DAY,TWSE_STOCK_DAY,False,unadjusted_ohlcv; adjusted_close_blocked_not_fabricated,True,False,False,False,False,False,False,False,True,False,1000000,3454.0,999933.0,1079375.0,1425.0,4776.0,6201.0,0.07314167360724137,applied_local_ep05_cost_model_to_unadjusted_ohlc_unit_notional,1368
2023-02-10,2023-02-10,2023-02-17,4763,材料*-KY,TWSE,dynamic80_top1_rs20_proxy,legacy_rs20_operating_mode,mega_rs20,dynamic80_top1_rs20_proxy,same_week_close_to_next_rebalance_close_comparator,unadjusted_close,unadjusted_close,296.0,286.0,301.0,286.0,301.0,0.0524475524475525,True,,official_unadjusted_ohlcv_twse_stock_day,official_unadjusted_ohlcv_twse_stock_day,TWSE_STOCK_DAY,TWSE_STOCK_DAY,False,unadjusted_ohlcv; adjusted_close_blocked_not_fabricated,True,False,False,False,False,False,False,False,True,False,1000000,3496.0,999856.0,1052296.0,1425.0,4657.0,6082.0,0.0462986913763469,applied_local_ep05_cost_model_to_unadjusted_ohlc_unit_notional,1368
2023-02-10,2023-02-13,2023-02-20,4763,材料*-KY,TWSE,dynamic80_top1_rs20_proxy,legacy_rs20_operating_mode,mega_rs20,dynamic80_top1_rs20_proxy,next_day_open_entry_fixed_5td_exit,unadjusted_open,unadjusted_close,287.5,289.5,312.5,287.5,312.5,0.08695652173913038,True,,official_unadjusted_ohlcv_twse_stock_day,official_unadjusted_ohlcv_twse_stock_day,TWSE_STOCK_DAY,TWSE_STOCK_DAY,False,unadjusted_ohlcv; adjusted_close_blocked_not_fabricated,True,False,False,False,False,False,False,False,True,False,1000000,3478.0,999925.0,1086875.0,1425.0,4810.0,6235.0,0.08060618165476606,applied_local_ep05_cost_model_to_unadjusted_ohlc_unit_notional,1368
2023-02-10,2023-02-13,2023-02-20,4763,材料*-KY,TWSE,dynamic80_top3_rs20_risk_tiebreak_proxy,legacy_rs20_operating_mode,mega_rs20,dynamic80_top3_rs20_risk_tiebreak_proxy,next_day_close_entry_fixed_5td_exit,unadjusted_close,unadjusted_close,287.5,289.5,312.5,289.5,312.5,0.07944732297063894,True,,official_unadjusted_ohlcv_twse_stock_day,official_unadjusted_ohlcv_twse_stock_day,TWSE_STOCK_DAY,TWSE_STOCK_DAY,False,unadjusted_ohlcv; adjusted_close_blocked_not_fabricated,True,False,False,False,False,False,False,False,True,False,1000000,3454.0,999933.0,1079375.0,1425.0,4776.0,6201.0,0.07314167360724137,applied_local_ep05_cost_model_to_unadjusted_ohlc_unit_notional,1368
2023-02-10,2023-02-10,2023-02-17,4763,材料*-KY,TWSE,dynamic80_top3_rs20_risk_tiebreak_proxy,legacy_rs20_operating_mode,mega_rs20,dynamic80_top3_rs20_risk_tiebreak_proxy,same_week_close_to_next_rebalance_close_comparator,unadjusted_close,unadjusted_close,296.0,286.0,301.0,286.0,301.0,0.0524475524475525,True,,official_unadjusted_ohlcv_twse_stock_day,official_unadjusted_ohlcv_twse_stock_day,TWSE_STOCK_DAY,TWSE_STOCK_DAY,False,unadjusted_ohlcv; adjusted_close_blocked_not_fabricated,True,False,False,False,False,False,False,False,True,False,1000000,3496.0,999856.0,1052296.0,1425.0,4657.0,6082.0,0.0462986913763469,applied_local_ep05_cost_model_to_unadjusted_ohlc_unit_notional,1368
2023-02-10,2023-02-13,2023-02-20,4763,材料*-KY,TWSE,dynamic80_top3_rs20_risk_tiebreak_proxy,legacy_rs20_operating_mode,mega_rs20,dynamic80_top3_rs20_risk_tiebreak_proxy,next_day_open_entry_fixed_5td_exit,unadjusted_open,unadjusted_close,287.5,289.5,312.5,287.5,312.5,0.08695652173913038,True,,official_unadjusted_ohlcv_twse_stock_day,official_unadjusted_ohlcv_twse_stock_day,TWSE_STOCK_DAY,TWSE_STOCK_DAY,False,unadjusted_ohlcv; adjusted_close_blocked_not_fabricated,True,False,False,False,False,False,False,False,True,False,1000000,3478.0,999925.0,1086875.0,1425.0,4810.0,6235.0,0.08060618165476606,applied_local_ep05_cost_model_to_unadjusted_ohlc_unit_notional,1368
2023-02-10,2023-02-13,2023-02-20,2453,凌群,TWSE,dispersion_route,regime_switch_hybrid_route,dispersion,rs20_top3_risk_tiebreak,next_day_close_entry_fixed_5td_exit,unadjusted_close,unadjusted_close,34.45,38.15,45.0,38.15,45.0,0.17955439056356481,True,,official_unadjusted_ohlcv_twse_stock_day,official_unadjusted_ohlcv_twse_stock_day,TWSE_STOCK_DAY,TWSE_STOCK_DAY,False,unadjusted_ohlcv; adjusted_close_blocked_not_fabricated,True,False,False,False,False,False,False,False,True,False,1000000,26212.0,999987.7999999999,1179540.0,1425.0,5220.0,6645.0,0.17266326134437276,applied_local_ep05_cost_model_to_unadjusted_ohlc_unit_notional,1368
2023-02-10,2023-02-10,2023-02-17,2453,凌群,TWSE,dispersion_route,regime_switch_hybrid_route,dispersion,rs20_top3_risk_tiebreak,same_week_close_to_next_rebalance_close_comparator,unadjusted_close,unadjusted_close,35.75,34.7,43.0,34.7,43.0,0.239193083573487,True,,official_unadjusted_ohlcv_twse_stock_day,official_unadjusted_ohlcv_twse_stock_day,TWSE_STOCK_DAY,TWSE_STOCK_DAY,False,unadjusted_ohlcv; adjusted_close_blocked_not_fabricated,True,False,False,False,False,False,False,False,True,False,1000000,28818.0,999984.6000000001,1239174.0,1425.0,5484.0,6909.0,0.23195343843318447,applied_local_ep05_cost_model_to_unadjusted_ohlc_unit_notional,1368
2023-02-10,2023-02-13,2023-02-20,2453,凌群,TWSE,dispersion_route,regime_switch_hybrid_route,dispersion,rs20_top3_risk_tiebreak,next_day_open_entry_fixed_5td_exit,unadjusted_open,unadjusted_close,34.45,38.15,45.0,34.45,45.0,0.30624092888243815,True,,official_unadjusted_ohlcv_twse_stock_day,official_unadjusted_ohlcv_twse_stock_day,TWSE_STOCK_DAY,TWSE_STOCK_DAY,False,unadjusted_ohlcv; adjusted_close_blocked_not_fabricated,True,False,False,False,False,False,False,False,True,False,1000000,29027.0,999980.1500000001,1306215.0,1425.0,5780.0,7205.0,0.2986102577962574,applied_local_ep05_cost_model_to_unadjusted_ohlc_unit_notional,1368
2023-02-10,2023-02-13,2023-02-20,3027,盛達,TWSE,hybrid_pullback_base_mega_override,regime_switch_hybrid_route,hybrid,pullback_repair,next_day_close_entry_fixed_5td_exit,unadjusted_close,unadjusted_close,37.4,36.5,41.4,36.5,41.4,0.13424657534246576,True,,official_unadjusted_ohlcv_twse_stock_day,official_unadjusted_ohlcv_twse_stock_day,TWSE_STOCK_DAY,TWSE_STOCK_DAY,False,unadjusted_ohlcv; adjusted_close_blocked_not_fabricated,True,False,False,False,False,False,False,False,True,False,1000000,27397.0,999990.5,1134235.8,1425.0,5019.0,6444.0,0.12762065296572705,applied_local_ep05_cost_model_to_unadjusted_ohlc_unit_notional,1368
2023-02-10,2023-02-10,2023-02-17,3027,盛達,TWSE,hybrid_pullback_base_mega_override,regime_switch_hybrid_route,hybrid,pullback_repair,same_week_close_to_next_rebalance_close_comparator,unadjusted_close,unadjusted_close,39.1,38.55,39.9,38.55,39.9,0.035019455252918386,True,,official_unadjusted_ohlcv_twse_stock_day,official_unadjusted_ohlcv_twse_stock_day,TWSE_STOCK_DAY,TWSE_STOCK_DAY,False,unadjusted_ohlcv; adjusted_close_blocked_not_fabricated,True,False,False,False,False,False,False,False,True,False,1000000,25940.0,999986.9999999999,1035006.0,1425.0,4580.0,6005.0,0.028973089996924464,applied_local_ep05_cost_model_to_unadjusted_ohlc_unit_notional,1368
2023-02-10,2023-02-13,2023-02-20,3027,盛達,TWSE,hybrid_pullback_base_mega_override,regime_switch_hybrid_route,hybrid,pullback_repair,next_day_open_entry_fixed_5td_exit,unadjusted_open,unadjusted_close,37.4,36.5,41.4,37.4,41.4,0.106951871657754,True,,official_unadjusted_ohlcv_twse_stock_day,official_unadjusted_ohlcv_twse_stock_day,TWSE_STOCK_DAY,TWSE_STOCK_DAY,False,unadjusted_ohlcv; adjusted_close_blocked_not_fabricated,True,False,False,False,False,False,False,False,True,False,1000000,26737.0,999963.7999999999,1106911.8,1425.0,4898.0,6323.0,0.10048544581285523,applied_local_ep05_cost_model_to_unadjusted_ohlc_unit_notional,1368
2023-02-10,2023-02-13,2023-02-20,4763,材料*-KY,TWSE,market_bias_pool_trend_route,regime_switch_hybrid_route,mega_or_stock_route,stable_strength,next_day_close_entry_fixed_5td_exit,unadjusted_close,unadjusted_close,287.5,289.5,312.5,289.5,312.5,0.07944732297063894,True,,official_unadjusted_ohlcv_twse_stock_day,official_unadjusted_ohlcv_twse_stock_day,TWSE_STOCK_DAY,TWSE_STOCK_DAY,False,unadjusted_ohlcv; adjusted_close_blocked_not_fabricated,True,False,False,False,False,False,False,False,True,False,1000000,3454.0,999933.0,1079375.0,1425.0,4776.0,6201.0,0.07314167360724137,applied_local_ep05_cost_model_to_unadjusted_ohlc_unit_notional,1368
2023-02-10,2023-02-10,2023-02-17,4763,材料*-KY,TWSE,market_bias_pool_trend_route,regime_switch_hybrid_route,mega_or_stock_route,stable_strength,same_week_close_to_next_rebalance_close_comparator,unadjusted_close,unadjusted_close,296.0,286.0,301.0,286.0,301.0,0.0524475524475525,True,,official_unadjusted_ohlcv_twse_stock_day,official_unadjusted_ohlcv_twse_stock_day,TWSE_STOCK_DAY,TWSE_STOCK_DAY,False,unadjusted_ohlcv; adjusted_close_blocked_not_fabricated,True,False,False,False,False,False,False,False,True,False,1000000,3496.0,999856.0,1052296.0,1425.0,4657.0,6082.0,0.0462986913763469,applied_local_ep05_cost_model_to_unadjusted_ohlc_unit_notional,1368
2023-02-10,2023-02-13,2023-02-20,4763,材料*-KY,TWSE,market_bias_pool_trend_route,regime_switch_hybrid_route,mega_or_stock_route,stable_strength,next_day_open_entry_fixed_5td_exit,unadjusted_open,unadjusted_close,287.5,289.5,312.5,287.5,312.5,0.08695652173913038,True,,official_unadjusted_ohlcv_twse_stock_day,official_unadjusted_ohlcv_twse_stock_day,TWSE_STOCK_DAY,TWSE_STOCK_DAY,False,unadjusted_ohlcv; adjusted_close_blocked_not_fabricated,True,False,False,False,False,False,False,False,True,False,1000000,3478.0,999925.0,1086875.0,1425.0,4810.0,6235.0,0.08060618165476606,applied_local_ep05_cost_model_to_unadjusted_ohlc_unit_notional,1368
2023-02-10,2023-02-13,2023-02-20,3293,鈊象,TPEx,pool_breadth_route,regime_switch_hybrid_route,mega_or_stock_route,low_risk_strength,next_day_close_entry_fixed_5td_exit,unadjusted_close,unadjusted_close,504.0,502.0,508.0,502.0,508.0,0.01195219123505975,True,,official_unadjusted_ohlcv_tpex_trading_stock,official_unadjusted_ohlcv_tpex_trading_stock,TPEX_TRADING_STOCK,TPEX_TRADING_STOCK,False,unadjusted_ohlcv; adjusted_close_blocked_not_fabricated,True,False,False,False,False,False,False,False,True,False,1000000,1992.0,999984.0,1011936.0,1425.0,4478.0,5903.0,0.006040488951067945,applied_local_ep05_cost_model_to_unadjusted_ohlc_unit_notional,1368
2023-02-10,2023-02-10,2023-02-17,3293,鈊象,TPEx,pool_breadth_route,regime_switch_hybrid_route,mega_or_stock_route,low_risk_strength,same_week_close_to_next_rebalance_close_comparator,unadjusted_close,unadjusted_close,508.0,508.0,517.0,508.0,517.0,0.017716535433070835,True,,official_unadjusted_ohlcv_tpex_trading_stock,official_unadjusted_ohlcv_tpex_trading_stock,TPEX_TRADING_STOCK,TPEX_TRADING_STOCK,False,unadjusted_ohlcv; adjusted_close_blocked_not_fabricated,True,False,False,False,False,False,False,False,True,False,1000000,1968.0,999744.0,1017456.0,1425.0,4502.0,5927.0,0.011771239421116714,applied_local_ep05_cost_model_to_unadjusted_ohlc_unit_notional,1368
2023-02-10,2023-02-13,2023-02-20,3293,鈊象,TPEx,pool_breadth_route,regime_switch_hybrid_route,mega_or_stock_route,low_risk_strength,next_day_open_entry_fixed_5td_exit,unadjusted_open,unadjusted_close,504.0,502.0,508.0,504.0,508.0,0.007936507936507908,True,,official_unadjusted_ohlcv_tpex_trading_stock,official_unadjusted_ohlcv_tpex_trading_stock,TPEX_TRADING_STOCK,TPEX_TRADING_STOCK,False,unadjusted_ohlcv; adjusted_close_blocked_not_fabricated,True,False,False,False,False,False,False,False,True,False,1000000,1984.0,999936.0,1007872.0,1425.0,4460.0,5885.0,0.0020482123829468095,applied_local_ep05_cost_model_to_unadjusted_ohlc_unit_notional,1368
2023-02-17,2023-02-20,2023-03-01,2453,凌群,TWSE,dynamic80_top1_rs20_31_bonus_proxy,legacy_rs20_operating_mode,mega_rs20,dynamic80_top1_rs20_31_bonus_proxy,next_day_close_entry_fixed_5td_exit,unadjusted_close,unadjusted_close,44.2,45.0,49.9,45.0,49.9,0.10888888888888881,True,,official_unadjusted_ohlcv_twse_stock_day,official_unadjusted_ohlcv_twse_stock_day,TWSE_STOCK_DAY,TWSE_STOCK_DAY,False,unadjusted_ohlcv; adjusted_close_blocked_not_fabricated,True,False,False,False,False,False,False,False,True,False,1000000,22222.0,999990.0,1108877.8,1425.0,4907.0,6332.0,0.10241088859264146,applied_local_ep05_cost_model_to_unadjusted_ohlc_unit_notional,1368
2023-02-17,2023-02-17,2023-02-24,2453,凌群,TWSE,dynamic80_top1_rs20_31_bonus_proxy,legacy_rs20_operating_mode,mega_rs20,dynamic80_top1_rs20_31_bonus_proxy,same_week_close_to_next_rebalance_close_comparator,unadjusted_close,unadjusted_close,40.8,43.0,45.4,43.0,45.4,0.05581395348837215,True,,official_unadjusted_ohlcv_twse_stock_day,official_unadjusted_ohlcv_twse_stock_day,TWSE_STOCK_DAY,TWSE_STOCK_DAY,False,unadjusted_ohlcv; adjusted_close_blocked_not_fabricated,True,False,False,False,False,False,False,False,True,False,1000000,23255.0,999965.0,1055777.0,1425.0,4671.0,6096.0,0.0496469906829507,applied_local_ep05_cost_model_to_unadjusted_ohlc_unit_notional,1368
2023-02-17,2023-02-20,2023-03-01,2453,凌群,TWSE,dynamic80_top1_rs20_31_bonus_proxy,legacy_rs20_operating_mode,mega_rs20,dynamic80_top1_rs20_31_bonus_proxy,next_day_open_entry_fixed_5td_exit,unadjusted_open,unadjusted_close,44.2,45.0,49.9,44.2,49.9,0.12895927601809953,True,,official_unadjusted_ohlcv_twse_stock_day,official_unadjusted_ohlcv_twse_stock_day,TWSE_STOCK_DAY,TWSE_STOCK_DAY,False,unadjusted_ohlcv; adjusted_close_blocked_not_fabricated,True,False,False,False,False,False,False,False,True,False,1000000,22624.0,999980.8,1128937.5999999999,1425.0,4996.0,6421.0,0.12236378099667468,applied_local_ep05_cost_model_to_unadjusted_ohlc_unit_notional,1368
2023-02-17,2023-02-20,2023-03-01,2453,凌群,TWSE,dynamic80_top1_rs20_7core_context_proxy,legacy_rs20_operating_mode,mega_rs20,dynamic80_top1_rs20_7core_context_proxy,next_day_close_entry_fixed_5td_exit,unadjusted_close,unadjusted_close,44.2,45.0,49.9,45.0,49.9,0.10888888888888881,True,,official_unadjusted_ohlcv_twse_stock_day,official_unadjusted_ohlcv_twse_stock_day,TWSE_STOCK_DAY,TWSE_STOCK_DAY,False,unadjusted_ohlcv; adjusted_close_blocked_not_fabricated,True,False,False,False,False,False,False,False,True,False,1000000,22222.0,999990.0,1108877.8,1425.0,4907.0,6332.0,0.10241088859264146,applied_local_ep05_cost_model_to_unadjusted_ohlc_unit_notional,1368
2023-02-17,2023-02-17,2023-02-24,2453,凌群,TWSE,dynamic80_top1_rs20_7core_context_proxy,legacy_rs20_operating_mode,mega_rs20,dynamic80_top1_rs20_7core_context_proxy,same_week_close_to_next_rebalance_close_comparator,unadjusted_close,unadjusted_close,40.8,43.0,45.4,43.0,45.4,0.05581395348837215,True,,official_unadjusted_ohlcv_twse_stock_day,official_unadjusted_ohlcv_twse_stock_day,TWSE_STOCK_DAY,TWSE_STOCK_DAY,False,unadjusted_ohlcv; adjusted_close_blocked_not_fabricated,True,False,False,False,False,False,False,False,True,False,1000000,23255.0,999965.0,1055777.0,1425.0,4671.0,6096.0,0.0496469906829507,applied_local_ep05_cost_model_to_unadjusted_ohlc_unit_notional,1368
2023-02-17,2023-02-20,2023-03-01,2453,凌群,TWSE,dynamic80_top1_rs20_7core_context_proxy,legacy_rs20_operating_mode,mega_rs20,dynamic80_top1_rs20_7core_context_proxy,next_day_open_entry_fixed_5td_exit,unadjusted_open,unadjusted_close,44.2,45.0,49.9,44.2,49.9,0.12895927601809953,True,,official_unadjusted_ohlcv_twse_stock_day,official_unadjusted_ohlcv_twse_stock_day,TWSE_STOCK_DAY,TWSE_STOCK_DAY,False,unadjusted_ohlcv; adjusted_close_blocked_not_fabricated,True,False,False,False,False,False,False,False,True,False,1000000,22624.0,999980.8,1128937.5999999999,1425.0,4996.0,6421.0,0.12236378099667468,applied_local_ep05_cost_model_to_unadjusted_ohlc_unit_notional,1368
2023-02-17,2023-02-20,2023-03-01,2453,凌群,TWSE,dynamic80_top1_rs20_proxy,legacy_rs20_operating_mode,mega_rs20,dynamic80_top1_rs20_proxy,next_day_close_entry_fixed_5td_exit,unadjusted_close,unadjusted_close,44.2,45.0,49.9,45.0,49.9,0.10888888888888881,True,,official_unadjusted_ohlcv_twse_stock_day,official_unadjusted_ohlcv_twse_stock_day,TWSE_STOCK_DAY,TWSE_STOCK_DAY,False,unadjusted_ohlcv; adjusted_close_blocked_not_fabricated,True,False,False,False,False,False,False,False,True,False,1000000,22222.0,999990.0,1108877.8,1425.0,4907.0,6332.0,0.10241088859264146,applied_local_ep05_cost_model_to_unadjusted_ohlc_unit_notional,1368
2023-02-17,2023-02-17,2023-02-24,2453,凌群,TWSE,dynamic80_top1_rs20_proxy,legacy_rs20_operating_mode,mega_rs20,dynamic80_top1_rs20_proxy,same_week_close_to_next_rebalance_close_comparator,unadjusted_close,unadjusted_close,40.8,43.0,45.4,43.0,45.4,0.05581395348837215,True,,official_unadjusted_ohlcv_twse_stock_day,official_unadjusted_ohlcv_twse_stock_day,TWSE_STOCK_DAY,TWSE_STOCK_DAY,False,unadjusted_ohlcv; adjusted_close_blocked_not_fabricated,True,False,False,False,False,False,False,False,True,False,1000000,23255.0,999965.0,1055777.0,1425.0,4671.0,6096.0,0.0496469906829507,applied_local_ep05_cost_model_to_unadjusted_ohlc_unit_notional,1368
2023-02-17,2023-02-20,2023-03-01,2453,凌群,TWSE,dynamic80_top1_rs20_proxy,legacy_rs20_operating_mode,mega_rs20,dynamic80_top1_rs20_proxy,next_day_open_entry_fixed_5td_exit,unadjusted_open,unadjusted_close,44.2,45.0,49.9,44.2,49.9,0.12895927601809953,True,,official_unadjusted_ohlcv_twse_stock_day,official_unadjusted_ohlcv_twse_stock_day,TWSE_STOCK_DAY,TWSE_STOCK_DAY,False,unadjusted_ohlcv; adjusted_close_blocked_not_fabricated,True,False,False,False,False,False,False,False,True,False,1000000,22624.0,999980.8,1128937.5999999999,1425.0,4996.0,6421.0,0.12236378099667468,applied_local_ep05_cost_model_to_unadjusted_ohlc_unit_notional,1368
2023-02-17,2023-02-20,2023-03-01,2453,凌群,TWSE,dynamic80_top3_rs20_risk_tiebreak_proxy,legacy_rs20_operating_mode,mega_rs20,dynamic80_top3_rs20_risk_tiebreak_proxy,next_day_close_entry_fixed_5td_exit,unadjusted_close,unadjusted_close,44.2,45.0,49.9,45.0,49.9,0.10888888888888881,True,,official_unadjusted_ohlcv_twse_stock_day,official_unadjusted_ohlcv_twse_stock_day,TWSE_STOCK_DAY,TWSE_STOCK_DAY,False,unadjusted_ohlcv; adjusted_close_blocked_not_fabricated,True,False,False,False,False,False,False,False,True,False,1000000,22222.0,999990.0,1108877.8,1425.0,4907.0,6332.0,0.10241088859264146,applied_local_ep05_cost_model_to_unadjusted_ohlc_unit_notional,1368
2023-02-17,2023-02-17,2023-02-24,2453,凌群,TWSE,dynamic80_top3_rs20_risk_tiebreak_proxy,legacy_rs20_operating_mode,mega_rs20,dynamic80_top3_rs20_risk_tiebreak_proxy,same_week_close_to_next_rebalance_close_comparator,unadjusted_close,unadjusted_close,40.8,43.0,45.4,43.0,45.4,0.05581395348837215,True,,official_unadjusted_ohlcv_twse_stock_day,official_unadjusted_ohlcv_twse_stock_day,TWSE_STOCK_DAY,TWSE_STOCK_DAY,False,unadjusted_ohlcv; adjusted_close_blocked_not_fabricated,True,False,False,False,False,False,False,False,True,False,1000000,23255.0,999965.0,1055777.0,1425.0,4671.0,6096.0,0.0496469906829507,applied_local_ep05_cost_model_to_unadjusted_ohlc_unit_notional,1368
2023-02-17,2023-02-20,2023-03-01,2453,凌群,TWSE,dynamic80_top3_rs20_risk_tiebreak_proxy,legacy_rs20_operating_mode,mega_rs20,dynamic80_top3_rs20_risk_tiebreak_proxy,next_day_open_entry_fixed_5td_exit,unadjusted_open,unadjusted_close,44.2,45.0,49.9,44.2,49.9,0.12895927601809953,True,,official_unadjusted_ohlcv_twse_stock_day,official_unadjusted_ohlcv_twse_stock_day,TWSE_STOCK_DAY,TWSE_STOCK_DAY,False,unadjusted_ohlcv; adjusted_close_blocked_not_fabricated,True,False,False,False,False,False,False,False,True,False,1000000,22624.0,999980.8,1128937.5999999999,1425.0,4996.0,6421.0,0.12236378099667468,applied_local_ep05_cost_model_to_unadjusted_ohlc_unit_notional,1368
2023-02-17,2023-02-20,2023-03-01,2453,凌群,TWSE,conservative_hurdle_route,regime_switch_hybrid_route,ordinary_defensive_00631L_base,rs20_top3_risk_tiebreak,next_day_close_entry_fixed_5td_exit,unadjusted_close,unadjusted_close,44.2,45.0,49.9,45.0,49.9,0.10888888888888881,True,,official_unadjusted_ohlcv_twse_stock_day,official_unadjusted_ohlcv_twse_stock_day,TWSE_STOCK_DAY,TWSE_STOCK_DAY,False,unadjusted_ohlcv; adjusted_close_blocked_not_fabricated,True,False,False,False,False,False,False,False,True,False,1000000,22222.0,999990.0,1108877.8,1425.0,4907.0,6332.0,0.10241088859264146,applied_local_ep05_cost_model_to_unadjusted_ohlc_unit_notional,1368
2023-02-17,2023-02-17,2023-02-24,2453,凌群,TWSE,conservative_hurdle_route,regime_switch_hybrid_route,ordinary_defensive_00631L_base,rs20_top3_risk_tiebreak,same_week_close_to_next_rebalance_close_comparator,unadjusted_close,unadjusted_close,40.8,43.0,45.4,43.0,45.4,0.05581395348837215,True,,official_unadjusted_ohlcv_twse_stock_day,official_unadjusted_ohlcv_twse_stock_day,TWSE_STOCK_DAY,TWSE_STOCK_DAY,False,unadjusted_ohlcv; adjusted_close_blocked_not_fabricated,True,False,False,False,False,False,False,False,True,False,1000000,23255.0,999965.0,1055777.0,1425.0,4671.0,6096.0,0.0496469906829507,applied_local_ep05_cost_model_to_unadjusted_ohlc_unit_notional,1368
2023-02-17,2023-02-20,2023-03-01,2453,凌群,TWSE,conservative_hurdle_route,regime_switch_hybrid_route,ordinary_defensive_00631L_base,rs20_top3_risk_tiebreak,next_day_open_entry_fixed_5td_exit,unadjusted_open,unadjusted_close,44.2,45.0,49.9,44.2,49.9,0.12895927601809953,True,,official_unadjusted_ohlcv_twse_stock_day,official_unadjusted_ohlcv_twse_stock_day,TWSE_STOCK_DAY,TWSE_STOCK_DAY,False,unadjusted_ohlcv; adjusted_close_blocked_not_fabricated,True,False,False,False,False,False,False,False,True,False,1000000,22624.0,999980.8,1128937.5999999999,1425.0,4996.0,6421.0,0.12236378099667468,applied_local_ep05_cost_model_to_unadjusted_ohlc_unit_notional,1368
2023-02-17,2023-02-20,2023-03-01,2453,凌群,TWSE,dispersion_route,regime_switch_hybrid_route,dispersion,rs20_top3_risk_tiebreak,next_day_close_entry_fixed_5td_exit,unadjusted_close,unadjusted_close,44.2,45.0,49.9,45.0,49.9,0.10888888888888881,True,,official_unadjusted_ohlcv_twse_stock_day,official_unadjusted_ohlcv_twse_stock_day,TWSE_STOCK_DAY,TWSE_STOCK_DAY,False,unadjusted_ohlcv; adjusted_close_blocked_not_fabricated,True,False,False,False,False,False,False,False,True,False,1000000,22222.0,999990.0,1108877.8,1425.0,4907.0,6332.0,0.10241088859264146,applied_local_ep05_cost_model_to_unadjusted_ohlc_unit_notional,1368
2023-02-17,2023-02-17,2023-02-24,2453,凌群,TWSE,dispersion_route,regime_switch_hybrid_route,dispersion,rs20_top3_risk_tiebreak,same_week_close_to_next_rebalance_close_comparator,unadjusted_close,unadjusted_close,40.8,43.0,45.4,43.0,45.4,0.05581395348837215,True,,official_unadjusted_ohlcv_twse_stock_day,official_unadjusted_ohlcv_twse_stock_day,TWSE_STOCK_DAY,TWSE_STOCK_DAY,False,unadjusted_ohlcv; adjusted_close_blocked_not_fabricated,True,False,False,False,False,False,False,False,True,False,1000000,23255.0,999965.0,1055777.0,1425.0,4671.0,6096.0,0.0496469906829507,applied_local_ep05_cost_model_to_unadjusted_ohlc_unit_notional,1368
2023-02-17,2023-02-20,2023-03-01,2453,凌群,TWSE,dispersion_route,regime_switch_hybrid_route,dispersion,rs20_top3_risk_tiebreak,next_day_open_entry_fixed_5td_exit,unadjusted_open,unadjusted_close,44.2,45.0,49.9,44.2,49.9,0.12895927601809953,True,,official_unadjusted_ohlcv_twse_stock_day,official_unadjusted_ohlcv_twse_stock_day,TWSE_STOCK_DAY,TWSE_STOCK_DAY,False,unadjusted_ohlcv; adjusted_close_blocked_not_fabricated,True,False,False,False,False,False,False,False,True,False,1000000,22624.0,999980.8,1128937.5999999999,1425.0,4996.0,6421.0,0.12236378099667468,applied_local_ep05_cost_model_to_unadjusted_ohlc_unit_notional,1368
2023-02-17,2023-02-20,2023-03-01,2453,凌群,TWSE,hybrid_pullback_base_mega_override,regime_switch_hybrid_route,hybrid,rs20_top3_risk_tiebreak,next_day_close_entry_fixed_5td_exit,unadjusted_close,unadjusted_close,44.2,45.0,49.9,45.0,49.9,0.10888888888888881,True,,official_unadjusted_ohlcv_twse_stock_day,official_unadjusted_ohlcv_twse_stock_day,TWSE_STOCK_DAY,TWSE_STOCK_DAY,False,unadjusted_ohlcv; adjusted_close_blocked_not_fabricated,True,False,False,False,False,False,False,False,True,False,1000000,22222.0,999990.0,1108877.8,1425.0,4907.0,6332.0,0.10241088859264146,applied_local_ep05_cost_model_to_unadjusted_ohlc_unit_notional,1368
2023-02-17,2023-02-17,2023-02-24,2453,凌群,TWSE,hybrid_pullback_base_mega_override,regime_switch_hybrid_route,hybrid,rs20_top3_risk_tiebreak,same_week_close_to_next_rebalance_close_comparator,unadjusted_close,unadjusted_close,40.8,43.0,45.4,43.0,45.4,0.05581395348837215,True,,official_unadjusted_ohlcv_twse_stock_day,official_unadjusted_ohlcv_twse_stock_day,TWSE_STOCK_DAY,TWSE_STOCK_DAY,False,unadjusted_ohlcv; adjusted_close_blocked_not_fabricated,True,False,False,False,False,False,False,False,True,False,1000000,23255.0,999965.0,1055777.0,1425.0,4671.0,6096.0,0.0496469906829507,applied_local_ep05_cost_model_to_unadjusted_ohlc_unit_notional,1368
2023-02-17,2023-02-20,2023-03-01,2453,凌群,TWSE,hybrid_pullback_base_mega_override,regime_switch_hybrid_route,hybrid,rs20_top3_risk_tiebreak,next_day_open_entry_fixed_5td_exit,unadjusted_open,unadjusted_close,44.2,45.0,49.9,44.2,49.9,0.12895927601809953,True,,official_unadjusted_ohlcv_twse_stock_day,official_unadjusted_ohlcv_twse_stock_day,TWSE_STOCK_DAY,TWSE_STOCK_DAY,False,unadjusted_ohlcv; adjusted_close_blocked_not_fabricated,True,False,False,False,False,False,False,False,True,False,1000000,22624.0,999980.8,1128937.5999999999,1425.0,4996.0,6421.0,0.12236378099667468,applied_local_ep05_cost_model_to_unadjusted_ohlc_unit_notional,1368
2023-02-17,2023-02-20,2023-03-01,2748,雲品,TWSE,market_bias_pool_trend_route,regime_switch_hybrid_route,mega_or_stock_route,stable_strength,next_day_close_entry_fixed_5td_exit,unadjusted_close,unadjusted_close,98.2,96.0,95.2,96.0,95.2,-0.008333333333333304,True,,official_unadjusted_ohlcv_twse_stock_day,official_unadjusted_ohlcv_twse_stock_day,TWSE_STOCK_DAY,TWSE_STOCK_DAY,False,unadjusted_ohlcv; adjusted_close_blocked_not_fabricated,True,False,False,False,False,False,False,False,True,False,1000000,10416.0,999936.0,991603.2000000001,1425.0,4388.0,5813.0,-0.014126573733149114,applied_local_ep05_cost_model_to_unadjusted_ohlc_unit_notional,1368
2023-02-17,2023-02-17,2023-02-24,2748,雲品,TWSE,market_bias_pool_trend_route,regime_switch_hybrid_route,mega_or_stock_route,stable_strength,same_week_close_to_next_rebalance_close_comparator,unadjusted_close,unadjusted_close,84.5,93.5,98.2,93.5,98.2,0.05026737967914441,True,,official_unadjusted_ohlcv_twse_stock_day,official_unadjusted_ohlcv_twse_stock_day,TWSE_STOCK_DAY,TWSE_STOCK_DAY,False,unadjusted_ohlcv; adjusted_close_blocked_not_fabricated,True,False,False,False,False,False,False,False,True,False,1000000,10695.0,999982.5,1050249.0,1425.0,4648.0,6073.0,0.04413138507550623,applied_local_ep05_cost_model_to_unadjusted_ohlc_unit_notional,1368
2023-02-17,2023-02-20,2023-03-01,2748,雲品,TWSE,market_bias_pool_trend_route,regime_switch_hybrid_route,mega_or_stock_route,stable_strength,next_day_open_entry_fixed_5td_exit,unadjusted_open,unadjusted_close,98.2,96.0,95.2,98.2,95.2,-0.03054989816700615,True,,official_unadjusted_ohlcv_twse_stock_day,official_unadjusted_ohlcv_twse_stock_day,TWSE_STOCK_DAY,TWSE_STOCK_DAY,False,unadjusted_ohlcv; adjusted_close_blocked_not_fabricated,True,False,False,False,False,False,False,False,True,False,1000000,10183.0,999970.6,969421.6,1425.0,4289.0,5714.0,-0.03621246188818884,applied_local_ep05_cost_model_to_unadjusted_ohlc_unit_notional,1368
2023-02-17,2023-02-20,2023-03-01,2748,雲品,TWSE,pool_breadth_route,regime_switch_hybrid_route,mega_or_stock_route,stable_strength,next_day_close_entry_fixed_5td_exit,unadjusted_close,unadjusted_close,98.2,96.0,95.2,96.0,95.2,-0.008333333333333304,True,,official_unadjusted_ohlcv_twse_stock_day,official_unadjusted_ohlcv_twse_stock_day,TWSE_STOCK_DAY,TWSE_STOCK_DAY,False,unadjusted_ohlcv; adjusted_close_blocked_not_fabricated,True,False,False,False,False,False,False,False,True,False,1000000,10416.0,999936.0,991603.2000000001,1425.0,4388.0,5813.0,-0.014126573733149114,applied_local_ep05_cost_model_to_unadjusted_ohlc_unit_notional,1368
2023-02-17,2023-02-17,2023-02-24,2748,雲品,TWSE,pool_breadth_route,regime_switch_hybrid_route,mega_or_stock_route,stable_strength,same_week_close_to_next_rebalance_close_comparator,unadjusted_close,unadjusted_close,84.5,93.5,98.2,93.5,98.2,0.05026737967914441,True,,official_unadjusted_ohlcv_twse_stock_day,official_unadjusted_ohlcv_twse_stock_day,TWSE_STOCK_DAY,TWSE_STOCK_DAY,False,unadjusted_ohlcv; adjusted_close_blocked_not_fabricated,True,False,False,False,False,False,False,False,True,False,1000000,10695.0,999982.5,1050249.0,1425.0,4648.0,6073.0,0.04413138507550623,applied_local_ep05_cost_model_to_unadjusted_ohlc_unit_notional,1368
2023-02-17,2023-02-20,2023-03-01,2748,雲品,TWSE,pool_breadth_route,regime_switch_hybrid_route,mega_or_stock_route,stable_strength,next_day_open_entry_fixed_5td_exit,unadjusted_open,unadjusted_close,98.2,96.0,95.2,98.2,95.2,-0.03054989816700615,True,,official_unadjusted_ohlcv_twse_stock_day,official_unadjusted_ohlcv_twse_stock_day,TWSE_STOCK_DAY,TWSE_STOCK_DAY,False,unadjusted_ohlcv; adjusted_close_blocked_not_fabricated,True,False,False,False,False,False,False,False,True,False,1000000,10183.0,999970.6,969421.6,1425.0,4289.0,5714.0,-0.03621246188818884,applied_local_ep05_cost_model_to_unadjusted_ohlc_unit_notional,1368
2023-02-24,2023-03-01,2023-03-08,8227,巨有科技,TPEx,dynamic80_top1_rs20_31_bonus_proxy,legacy_rs20_operating_mode,mega_rs20,dynamic80_top1_rs20_31_bonus_proxy,next_day_close_entry_fixed_5td_exit,unadjusted_close,unadjusted_close,170.0,163.0,209.5,163.0,209.5,0.2852760736196318,True,,official_unadjusted_ohlcv_tpex_trading_stock,official_unadjusted_ohlcv_tpex_trading_stock,TPEX_TRADING_STOCK,TPEX_TRADING_STOCK,False,unadjusted_ohlcv; adjusted_close_blocked_not_fabricated,True,False,False,False,False,False,False,False,True,False,1000000,6134.0,999842.0,1285073.0,1425.0,5686.0,7111.0,0.2777680678580239,applied_local_ep05_cost_model_to_unadjusted_ohlc_unit_notional,1368
2023-02-24,2023-02-24,2023-03-03,8227,巨有科技,TPEx,dynamic80_top1_rs20_31_bonus_proxy,legacy_rs20_operating_mode,mega_rs20,dynamic80_top1_rs20_31_bonus_proxy,same_week_close_to_next_rebalance_close_comparator,unadjusted_close,unadjusted_close,175.0,169.0,181.5,169.0,181.5,0.07396449704142016,True,,official_unadjusted_ohlcv_tpex_trading_stock,official_unadjusted_ohlcv_tpex_trading_stock,TPEX_TRADING_STOCK,TPEX_TRADING_STOCK,False,unadjusted_ohlcv; adjusted_close_blocked_not_fabricated,True,False,False,False,False,False,False,False,True,False,1000000,5917.0,999973.0,1073935.5,1425.0,4752.0,6177.0,0.06769086816630351,applied_local_ep05_cost_model_to_unadjusted_ohlc_unit_notional,1368
2023-02-24,2023-03-01,2023-03-08,8227,巨有科技,TPEx,dynamic80_top1_rs20_31_bonus_proxy,legacy_rs20_operating_mode,mega_rs20,dynamic80_top1_rs20_31_bonus_proxy,next_day_open_entry_fixed_5td_exit,unadjusted_open,unadjusted_close,170.0,163.0,209.5,170.0,209.5,0.23235294117647065,True,,official_unadjusted_ohlcv_tpex_trading_stock,official_unadjusted_ohlcv_tpex_trading_stock,TPEX_TRADING_STOCK,TPEX_TRADING_STOCK,False,unadjusted_ohlcv; adjusted_close_blocked_not_fabricated,True,False,False,False,False,False,False,False,True,False,1000000,5882.0,999940.0,1232279.0,1425.0,5453.0,6878.0,0.22515366524693792,applied_local_ep05_cost_model_to_unadjusted_ohlc_unit_notional,1368
2023-02-24,2023-03-01,2023-03-08,8227,巨有科技,TPEx,dynamic80_top1_rs20_7core_context_proxy,legacy_rs20_operating_mode,mega_rs20,dynamic80_top1_rs20_7core_context_proxy,next_day_close_entry_fixed_5td_exit,unadjusted_close,unadjusted_close,170.0,163.0,209.5,163.0,209.5,0.2852760736196318,True,,official_unadjusted_ohlcv_tpex_trading_stock,official_unadjusted_ohlcv_tpex_trading_stock,TPEX_TRADING_STOCK,TPEX_TRADING_STOCK,False,unadjusted_ohlcv; adjusted_close_blocked_not_fabricated,True,False,False,False,False,False,False,False,True,False,1000000,6134.0,999842.0,1285073.0,1425.0,5686.0,7111.0,0.2777680678580239,applied_local_ep05_cost_model_to_unadjusted_ohlc_unit_notional,1368
2023-02-24,2023-02-24,2023-03-03,8227,巨有科技,TPEx,dynamic80_top1_rs20_7core_context_proxy,legacy_rs20_operating_mode,mega_rs20,dynamic80_top1_rs20_7core_context_proxy,same_week_close_to_next_rebalance_close_comparator,unadjusted_close,unadjusted_close,175.0,169.0,181.5,169.0,181.5,0.07396449704142016,True,,official_unadjusted_ohlcv_tpex_trading_stock,official_unadjusted_ohlcv_tpex_trading_stock,TPEX_TRADING_STOCK,TPEX_TRADING_STOCK,False,unadjusted_ohlcv; adjusted_close_blocked_not_fabricated,True,False,False,False,False,False,False,False,True,False,1000000,5917.0,999973.0,1073935.5,1425.0,4752.0,6177.0,0.06769086816630351,applied_local_ep05_cost_model_to_unadjusted_ohlc_unit_notional,1368
2023-02-24,2023-03-01,2023-03-08,8227,巨有科技,TPEx,dynamic80_top1_rs20_7core_context_proxy,legacy_rs20_operating_mode,mega_rs20,dynamic80_top1_rs20_7core_context_proxy,next_day_open_entry_fixed_5td_exit,unadjusted_open,unadjusted_close,170.0,163.0,209.5,170.0,209.5,0.23235294117647065,True,,official_unadjusted_ohlcv_tpex_trading_stock,official_unadjusted_ohlcv_tpex_trading_stock,TPEX_TRADING_STOCK,TPEX_TRADING_STOCK,False,unadjusted_ohlcv; adjusted_close_blocked_not_fabricated,True,False,False,False,False,False,False,False,True,False,1000000,5882.0,999940.0,1232279.0,1425.0,5453.0,6878.0,0.22515366524693792,applied_local_ep05_cost_model_to_unadjusted_ohlc_unit_notional,1368
2023-02-24,2023-03-01,2023-03-08,8227,巨有科技,TPEx,dynamic80_top1_rs20_proxy,legacy_rs20_operating_mode,mega_rs20,dynamic80_top1_rs20_proxy,next_day_close_entry_fixed_5td_exit,unadjusted_close,unadjusted_close,170.0,163.0,209.5,163.0,209.5,0.2852760736196318,True,,official_unadjusted_ohlcv_tpex_trading_stock,official_unadjusted_ohlcv_tpex_trading_stock,TPEX_TRADING_STOCK,TPEX_TRADING_STOCK,False,unadjusted_ohlcv; adjusted_close_blocked_not_fabricated,True,False,False,False,False,False,False,False,True,False,1000000,6134.0,999842.0,1285073.0,1425.0,5686.0,7111.0,0.2777680678580239,applied_local_ep05_cost_model_to_unadjusted_ohlc_unit_notional,1368
2023-02-24,2023-02-24,2023-03-03,8227,巨有科技,TPEx,dynamic80_top1_rs20_proxy,legacy_rs20_operating_mode,mega_rs20,dynamic80_top1_rs20_proxy,same_week_close_to_next_rebalance_close_comparator,unadjusted_close,unadjusted_close,175.0,169.0,181.5,169.0,181.5,0.07396449704142016,True,,official_unadjusted_ohlcv_tpex_trading_stock,official_unadjusted_ohlcv_tpex_trading_stock,TPEX_TRADING_STOCK,TPEX_TRADING_STOCK,False,unadjusted_ohlcv; adjusted_close_blocked_not_fabricated,True,False,False,False,False,False,False,False,True,False,1000000,5917.0,999973.0,1073935.5,1425.0,4752.0,6177.0,0.06769086816630351,applied_local_ep05_cost_model_to_unadjusted_ohlc_unit_notional,1368
2023-02-24,2023-03-01,2023-03-08,8227,巨有科技,TPEx,dynamic80_top1_rs20_proxy,legacy_rs20_operating_mode,mega_rs20,dynamic80_top1_rs20_proxy,next_day_open_entry_fixed_5td_exit,unadjusted_open,unadjusted_close,170.0,163.0,209.5,170.0,209.5,0.23235294117647065,True,,official_unadjusted_ohlcv_tpex_trading_stock,official_unadjusted_ohlcv_tpex_trading_stock,TPEX_TRADING_STOCK,TPEX_TRADING_STOCK,False,unadjusted_ohlcv; adjusted_close_blocked_not_fabricated,True,False,False,False,False,False,False,False,True,False,1000000,5882.0,999940.0,1232279.0,1425.0,5453.0,6878.0,0.22515366524693792,applied_local_ep05_cost_model_to_unadjusted_ohlc_unit_notional,1368
2023-02-24,2023-03-01,2023-03-08,8227,巨有科技,TPEx,dynamic80_top3_rs20_risk_tiebreak_proxy,legacy_rs20_operating_mode,mega_rs20,dynamic80_top3_rs20_risk_tiebreak_proxy,next_day_close_entry_fixed_5td_exit,unadjusted_close,unadjusted_close,170.0,163.0,209.5,163.0,209.5,0.2852760736196318,True,,official_unadjusted_ohlcv_tpex_trading_stock,official_unadjusted_ohlcv_tpex_trading_stock,TPEX_TRADING_STOCK,TPEX_TRADING_STOCK,False,unadjusted_ohlcv; adjusted_close_blocked_not_fabricated,True,False,False,False,False,False,False,False,True,False,1000000,6134.0,999842.0,1285073.0,1425.0,5686.0,7111.0,0.2777680678580239,applied_local_ep05_cost_model_to_unadjusted_ohlc_unit_notional,1368
2023-02-24,2023-02-24,2023-03-03,8227,巨有科技,TPEx,dynamic80_top3_rs20_risk_tiebreak_proxy,legacy_rs20_operating_mode,mega_rs20,dynamic80_top3_rs20_risk_tiebreak_proxy,same_week_close_to_next_rebalance_close_comparator,unadjusted_close,unadjusted_close,175.0,169.0,181.5,169.0,181.5,0.07396449704142016,True,,official_unadjusted_ohlcv_tpex_trading_stock,official_unadjusted_ohlcv_tpex_trading_stock,TPEX_TRADING_STOCK,TPEX_TRADING_STOCK,False,unadjusted_ohlcv; adjusted_close_blocked_not_fabricated,True,False,False,False,False,False,False,False,True,False,1000000,5917.0,999973.0,1073935.5,1425.0,4752.0,6177.0,0.06769086816630351,applied_local_ep05_cost_model_to_unadjusted_ohlc_unit_notional,1368
2023-02-24,2023-03-01,2023-03-08,8227,巨有科技,TPEx,dynamic80_top3_rs20_risk_tiebreak_proxy,legacy_rs20_operating_mode,mega_rs20,dynamic80_top3_rs20_risk_tiebreak_proxy,next_day_open_entry_fixed_5td_exit,unadjusted_open,unadjusted_close,170.0,163.0,209.5,170.0,209.5,0.23235294117647065,True,,official_unadjusted_ohlcv_tpex_trading_stock,official_unadjusted_ohlcv_tpex_trading_stock,TPEX_TRADING_STOCK,TPEX_TRADING_STOCK,False,unadjusted_ohlcv; adjusted_close_blocked_not_fabricated,True,False,False,False,False,False,False,False,True,False,1000000,5882.0,999940.0,1232279.0,1425.0,5453.0,6878.0,0.22515366524693792,applied_local_ep05_cost_model_to_unadjusted_ohlc_unit_notional,1368
2023-02-24,2023-03-01,2023-03-08,6266,泰詠,TPEx,conservative_hurdle_route,regime_switch_hybrid_route,ordinary_defensive_00631L_base,rs20_top3_risk_tiebreak,next_day_close_entry_fixed_5td_exit,unadjusted_close,unadjusted_close,34.0,34.5,34.65,34.5,34.65,0.004347826086956497,True,,official_unadjusted_ohlcv_tpex_trading_stock,official_unadjusted_ohlcv_tpex_trading_stock,TPEX_TRADING_STOCK,TPEX_TRADING_STOCK,False,unadjusted_ohlcv; adjusted_close_blocked_not_fabricated,True,False,False,False,False,False,False,False,True,False,1000000,28985.0,999982.5,1004330.25,1425.0,4444.0,5869.0,-0.001519111850071025,applied_local_ep05_cost_model_to_unadjusted_ohlc_unit_notional,1368
2023-02-24,2023-02-24,2023-03-03,6266,泰詠,TPEx,conservative_hurdle_route,regime_switch_hybrid_route,ordinary_defensive_00631L_base,rs20_top3_risk_tiebreak,same_week_close_to_next_rebalance_close_comparator,unadjusted_close,unadjusted_close,32.25,33.5,33.4,33.5,33.4,-0.0029850746268657025,True,,official_unadjusted_ohlcv_tpex_trading_stock,official_unadjusted_ohlcv_tpex_trading_stock,TPEX_TRADING_STOCK,TPEX_TRADING_STOCK,False,unadjusted_ohlcv; adjusted_close_blocked_not_fabricated,True,False,False,False,False,False,False,False,True,False,1000000,29850.0,999975.0,996990.0,1425.0,4412.0,5837.0,-0.008809666466946276,applied_local_ep05_cost_model_to_unadjusted_ohlc_unit_notional,1368
2023-02-24,2023-03-01,2023-03-08,6266,泰詠,TPEx,conservative_hurdle_route,regime_switch_hybrid_route,ordinary_defensive_00631L_base,rs20_top3_risk_tiebreak,next_day_open_entry_fixed_5td_exit,unadjusted_open,unadjusted_close,34.0,34.5,34.65,34.0,34.65,0.01911764705882346,True,,official_unadjusted_ohlcv_tpex_trading_stock,official_unadjusted_ohlcv_tpex_trading_stock,TPEX_TRADING_STOCK,TPEX_TRADING_STOCK,False,unadjusted_ohlcv; adjusted_close_blocked_not_fabricated,True,False,False,False,False,False,False,False,True,False,1000000,29411.0,999974.0,1019091.1499999999,1425.0,4509.0,5934.0,0.013164732539177597,applied_local_ep05_cost_model_to_unadjusted_ohlc_unit_notional,1368
2023-02-24,2023-03-01,2023-03-08,6266,泰詠,TPEx,dispersion_route,regime_switch_hybrid_route,dispersion,rs20_top3_risk_tiebreak,next_day_close_entry_fixed_5td_exit,unadjusted_close,unadjusted_close,34.0,34.5,34.65,34.5,34.65,0.004347826086956497,True,,official_unadjusted_ohlcv_tpex_trading_stock,official_unadjusted_ohlcv_tpex_trading_stock,TPEX_TRADING_STOCK,TPEX_TRADING_STOCK,False,unadjusted_ohlcv; adjusted_close_blocked_not_fabricated,True,False,False,False,False,False,False,False,True,False,1000000,28985.0,999982.5,1004330.25,1425.0,4444.0,5869.0,-0.001519111850071025,applied_local_ep05_cost_model_to_unadjusted_ohlc_unit_notional,1368
2023-02-24,2023-02-24,2023-03-03,6266,泰詠,TPEx,dispersion_route,regime_switch_hybrid_route,dispersion,rs20_top3_risk_tiebreak,same_week_close_to_next_rebalance_close_comparator,unadjusted_close,unadjusted_close,32.25,33.5,33.4,33.5,33.4,-0.0029850746268657025,True,,official_unadjusted_ohlcv_tpex_trading_stock,official_unadjusted_ohlcv_tpex_trading_stock,TPEX_TRADING_STOCK,TPEX_TRADING_STOCK,False,unadjusted_ohlcv; adjusted_close_blocked_not_fabricated,True,False,False,False,False,False,False,False,True,False,1000000,29850.0,999975.0,996990.0,1425.0,4412.0,5837.0,-0.008809666466946276,applied_local_ep05_cost_model_to_unadjusted_ohlc_unit_notional,1368
2023-02-24,2023-03-01,2023-03-08,6266,泰詠,TPEx,dispersion_route,regime_switch_hybrid_route,dispersion,rs20_top3_risk_tiebreak,next_day_open_entry_fixed_5td_exit,unadjusted_open,unadjusted_close,34.0,34.5,34.65,34.0,34.65,0.01911764705882346,True,,official_unadjusted_ohlcv_tpex_trading_stock,official_unadjusted_ohlcv_tpex_trading_stock,TPEX_TRADING_STOCK,TPEX_TRADING_STOCK,False,unadjusted_ohlcv; adjusted_close_blocked_not_fabricated,True,False,False,False,False,False,False,False,True,False,1000000,29411.0,999974.0,1019091.1499999999,1425.0,4509.0,5934.0,0.013164732539177597,applied_local_ep05_cost_model_to_unadjusted_ohlc_unit_notional,1368
2023-02-24,2023-03-01,2023-03-08,6266,泰詠,TPEx,hybrid_pullback_base_mega_override,regime_switch_hybrid_route,hybrid,rs20_top3_risk_tiebreak,next_day_close_entry_fixed_5td_exit,unadjusted_close,unadjusted_close,34.0,34.5,34.65,34.5,34.65,0.004347826086956497,True,,official_unadjusted_ohlcv_tpex_trading_stock,official_unadjusted_ohlcv_tpex_trading_stock,TPEX_TRADING_STOCK,TPEX_TRADING_STOCK,False,unadjusted_ohlcv; adjusted_close_blocked_not_fabricated,True,False,False,False,False,False,False,False,True,False,1000000,28985.0,999982.5,1004330.25,1425.0,4444.0,5869.0,-0.001519111850071025,applied_local_ep05_cost_model_to_unadjusted_ohlc_unit_notional,1368
2023-02-24,2023-02-24,2023-03-03,6266,泰詠,TPEx,hybrid_pullback_base_mega_override,regime_switch_hybrid_route,hybrid,rs20_top3_risk_tiebreak,same_week_close_to_next_rebalance_close_comparator,unadjusted_close,unadjusted_close,32.25,33.5,33.4,33.5,33.4,-0.0029850746268657025,True,,official_unadjusted_ohlcv_tpex_trading_stock,official_unadjusted_ohlcv_tpex_trading_stock,TPEX_TRADING_STOCK,TPEX_TRADING_STOCK,False,unadjusted_ohlcv; adjusted_close_blocked_not_fabricated,True,False,False,False,False,False,False,False,True,False,1000000,29850.0,999975.0,996990.0,1425.0,4412.0,5837.0,-0.008809666466946276,applied_local_ep05_cost_model_to_unadjusted_ohlc_unit_notional,1368
2023-02-24,2023-03-01,2023-03-08,6266,泰詠,TPEx,hybrid_pullback_base_mega_override,regime_switch_hybrid_route,hybrid,rs20_top3_risk_tiebreak,next_day_open_entry_fixed_5td_exit,unadjusted_open,unadjusted_close,34.0,34.5,34.65,34.0,34.65,0.01911764705882346,True,,official_unadjusted_ohlcv_tpex_trading_stock,official_unadjusted_ohlcv_tpex_trading_stock,TPEX_TRADING_STOCK,TPEX_TRADING_STOCK,False,unadjusted_ohlcv; adjusted_close_blocked_not_fabricated,True,False,False,False,False,False,False,False,True,False,1000000,29411.0,999974.0,1019091.1499999999,1425.0,4509.0,5934.0,0.013164732539177597,applied_local_ep05_cost_model_to_unadjusted_ohlc_unit_notional,1368
2023-02-24,2023-03-01,2023-03-08,4763,材料*-KY,TWSE,market_bias_pool_trend_route,regime_switch_hybrid_route,mega_or_stock_route,stable_strength,next_day_close_entry_fixed_5td_exit,unadjusted_close,unadjusted_close,338.0,307.5,341.0,307.5,341.0,0.10894308943089426,True,,official_unadjusted_ohlcv_twse_stock_day,official_unadjusted_ohlcv_twse_stock_day,TWSE_STOCK_DAY,TWSE_STOCK_DAY,False,unadjusted_ohlcv; adjusted_close_blocked_not_fabricated,True,False,False,False,False,False,False,False,True,False,1000000,3252.0,999990.0,1108932.0,1425.0,4907.0,6332.0,0.10246501200800867,applied_local_ep05_cost_model_to_unadjusted_ohlc_unit_notional,1368
2023-02-24,2023-02-24,2023-03-03,4763,材料*-KY,TWSE,market_bias_pool_trend_route,regime_switch_hybrid_route,mega_or_stock_route,stable_strength,same_week_close_to_next_rebalance_close_comparator,unadjusted_close,unadjusted_close,368.0,339.0,338.0,339.0,338.0,-0.002949852507374673,True,,official_unadjusted_ohlcv_twse_stock_day,official_unadjusted_ohlcv_twse_stock_day,TWSE_STOCK_DAY,TWSE_STOCK_DAY,False,unadjusted_ohlcv; adjusted_close_blocked_not_fabricated,True,False,False,False,False,False,False,False,True,False,1000000,2949.0,999711.0,996762.0,1425.0,4410.0,5835.0,-0.008774032698854102,applied_local_ep05_cost_model_to_unadjusted_ohlc_unit_notional,1368
2023-02-24,2023-03-01,2023-03-08,4763,材料*-KY,TWSE,market_bias_pool_trend_route,regime_switch_hybrid_route,mega_or_stock_route,stable_strength,next_day_open_entry_fixed_5td_exit,unadjusted_open,unadjusted_close,338.0,307.5,341.0,338.0,341.0,0.008875739644970349,True,,official_unadjusted_ohlcv_twse_stock_day,official_unadjusted_ohlcv_twse_stock_day,TWSE_STOCK_DAY,TWSE_STOCK_DAY,False,unadjusted_ohlcv; adjusted_close_blocked_not_fabricated,True,False,False,False,False,False,False,False,True,False,1000000,2958.0,999804.0,1008678.0,1425.0,4463.0,5888.0,0.002982334710640623,applied_local_ep05_cost_model_to_unadjusted_ohlc_unit_notional,1368
2023-02-24,2023-03-01,2023-03-08,4763,材料*-KY,TWSE,pool_breadth_route,regime_switch_hybrid_route,mega_or_stock_route,stable_strength,next_day_close_entry_fixed_5td_exit,unadjusted_close,unadjusted_close,338.0,307.5,341.0,307.5,341.0,0.10894308943089426,True,,official_unadjusted_ohlcv_twse_stock_day,official_unadjusted_ohlcv_twse_stock_day,TWSE_STOCK_DAY,TWSE_STOCK_DAY,False,unadjusted_ohlcv; adjusted_close_blocked_not_fabricated,True,False,False,False,False,False,False,False,True,False,1000000,3252.0,999990.0,1108932.0,1425.0,4907.0,6332.0,0.10246501200800867,applied_local_ep05_cost_model_to_unadjusted_ohlc_unit_notional,1368
2023-02-24,2023-02-24,2023-03-03,4763,材料*-KY,TWSE,pool_breadth_route,regime_switch_hybrid_route,mega_or_stock_route,stable_strength,same_week_close_to_next_rebalance_close_comparator,unadjusted_close,unadjusted_close,368.0,339.0,338.0,339.0,338.0,-0.002949852507374673,True,,official_unadjusted_ohlcv_twse_stock_day,official_unadjusted_ohlcv_twse_stock_day,TWSE_STOCK_DAY,TWSE_STOCK_DAY,False,unadjusted_ohlcv; adjusted_close_blocked_not_fabricated,True,False,False,False,False,False,False,False,True,False,1000000,2949.0,999711.0,996762.0,1425.0,4410.0,5835.0,-0.008774032698854102,applied_local_ep05_cost_model_to_unadjusted_ohlc_unit_notional,1368
2023-02-24,2023-03-01,2023-03-08,4763,材料*-KY,TWSE,pool_breadth_route,regime_switch_hybrid_route,mega_or_stock_route,stable_strength,next_day_open_entry_fixed_5td_exit,unadjusted_open,unadjusted_close,338.0,307.5,341.0,338.0,341.0,0.008875739644970349,True,,official_unadjusted_ohlcv_twse_stock_day,official_unadjusted_ohlcv_twse_stock_day,TWSE_STOCK_DAY,TWSE_STOCK_DAY,False,unadjusted_ohlcv; adjusted_close_blocked_not_fabricated,True,False,False,False,False,False,False,False,True,False,1000000,2958.0,999804.0,1008678.0,1425.0,4463.0,5888.0,0.002982334710640623,applied_local_ep05_cost_model_to_unadjusted_ohlc_unit_notional,1368
2023-03-03,2023-03-06,2023-03-13,8227,巨有科技,TPEx,dynamic80_top1_rs20_31_bonus_proxy,legacy_rs20_operating_mode,mega_rs20,dynamic80_top1_rs20_31_bonus_proxy,next_day_close_entry_fixed_5td_exit,unadjusted_close,unadjusted_close,186.0,188.0,225.5,188.0,225.5,0.19946808510638303,True,,official_unadjusted_ohlcv_tpex_trading_stock,official_unadjusted_ohlcv_tpex_trading_stock,TPEX_TRADING_STOCK,TPEX_TRADING_STOCK,False,unadjusted_ohlcv; adjusted_close_blocked_not_fabricated,True,False,False,False,False,False,False,False,True,False,1000000,5319.0,999972.0,1199434.5,1425.0,5307.0,6732.0,0.19246163110135142,applied_local_ep05_cost_model_to_unadjusted_ohlc_unit_notional,1368
2023-03-03,2023-03-03,2023-03-10,8227,巨有科技,TPEx,dynamic80_top1_rs20_31_bonus_proxy,legacy_rs20_operating_mode,mega_rs20,dynamic80_top1_rs20_31_bonus_proxy,same_week_close_to_next_rebalance_close_comparator,unadjusted_close,unadjusted_close,192.0,181.5,222.5,181.5,222.5,0.22589531680440778,True,,official_unadjusted_ohlcv_tpex_trading_stock,official_unadjusted_ohlcv_tpex_trading_stock,TPEX_TRADING_STOCK,TPEX_TRADING_STOCK,False,unadjusted_ohlcv; adjusted_close_blocked_not_fabricated,True,False,False,False,False,False,False,False,True,False,1000000,5509.0,999883.5,1225752.5,1425.0,5424.0,6849.0,0.21873378683991995,applied_local_ep05_cost_model_to_unadjusted_ohlc_unit_notional,1368
2023-03-03,2023-03-06,2023-03-13,8227,巨有科技,TPEx,dynamic80_top1_rs20_31_bonus_proxy,legacy_rs20_operating_mode,mega_rs20,dynamic80_top1_rs20_31_bonus_proxy,next_day_open_entry_fixed_5td_exit,unadjusted_open,unadjusted_close,186.0,188.0,225.5,186.0,225.5,0.2123655913978495,True,,official_unadjusted_ohlcv_tpex_trading_stock,official_unadjusted_ohlcv_tpex_trading_stock,TPEX_TRADING_STOCK,TPEX_TRADING_STOCK,False,unadjusted_ohlcv; adjusted_close_blocked_not_fabricated,True,False,False,False,False,False,False,False,True,False,1000000,5376.0,999936.0,1212288.0,1425.0,5365.0,6790.0,0.20528261036729012,applied_local_ep05_cost_model_to_unadjusted_ohlc_unit_notional,1368
2023-03-03,2023-03-06,2023-03-13,8227,巨有科技,TPEx,dynamic80_top1_rs20_7core_context_proxy,legacy_rs20_operating_mode,mega_rs20,dynamic80_top1_rs20_7core_context_proxy,next_day_close_entry_fixed_5td_exit,unadjusted_close,unadjusted_close,186.0,188.0,225.5,188.0,225.5,0.19946808510638303,True,,official_unadjusted_ohlcv_tpex_trading_stock,official_unadjusted_ohlcv_tpex_trading_stock,TPEX_TRADING_STOCK,TPEX_TRADING_STOCK,False,unadjusted_ohlcv; adjusted_close_blocked_not_fabricated,True,False,False,False,False,False,False,False,True,False,1000000,5319.0,999972.0,1199434.5,1425.0,5307.0,6732.0,0.19246163110135142,applied_local_ep05_cost_model_to_unadjusted_ohlc_unit_notional,1368
2023-03-03,2023-03-03,2023-03-10,8227,巨有科技,TPEx,dynamic80_top1_rs20_7core_context_proxy,legacy_rs20_operating_mode,mega_rs20,dynamic80_top1_rs20_7core_context_proxy,same_week_close_to_next_rebalance_close_comparator,unadjusted_close,unadjusted_close,192.0,181.5,222.5,181.5,222.5,0.22589531680440778,True,,official_unadjusted_ohlcv_tpex_trading_stock,official_unadjusted_ohlcv_tpex_trading_stock,TPEX_TRADING_STOCK,TPEX_TRADING_STOCK,False,unadjusted_ohlcv; adjusted_close_blocked_not_fabricated,True,False,False,False,False,False,False,False,True,False,1000000,5509.0,999883.5,1225752.5,1425.0,5424.0,6849.0,0.21873378683991995,applied_local_ep05_cost_model_to_unadjusted_ohlc_unit_notional,1368
2023-03-03,2023-03-06,2023-03-13,8227,巨有科技,TPEx,dynamic80_top1_rs20_7core_context_proxy,legacy_rs20_operating_mode,mega_rs20,dynamic80_top1_rs20_7core_context_proxy,next_day_open_entry_fixed_5td_exit,unadjusted_open,unadjusted_close,186.0,188.0,225.5,186.0,225.5,0.2123655913978495,True,,official_unadjusted_ohlcv_tpex_trading_stock,official_unadjusted_ohlcv_tpex_trading_stock,TPEX_TRADING_STOCK,TPEX_TRADING_STOCK,False,unadjusted_ohlcv; adjusted_close_blocked_not_fabricated,True,False,False,False,False,False,False,False,True,False,1000000,5376.0,999936.0,1212288.0,1425.0,5365.0,6790.0,0.20528261036729012,applied_local_ep05_cost_model_to_unadjusted_ohlc_unit_notional,1368
2023-03-03,2023-03-06,2023-03-13,8227,巨有科技,TPEx,dynamic80_top1_rs20_proxy,legacy_rs20_operating_mode,mega_rs20,dynamic80_top1_rs20_proxy,next_day_close_entry_fixed_5td_exit,unadjusted_close,unadjusted_close,186.0,188.0,225.5,188.0,225.5,0.19946808510638303,True,,official_unadjusted_ohlcv_tpex_trading_stock,official_unadjusted_ohlcv_tpex_trading_stock,TPEX_TRADING_STOCK,TPEX_TRADING_STOCK,False,unadjusted_ohlcv; adjusted_close_blocked_not_fabricated,True,False,False,False,False,False,False,False,True,False,1000000,5319.0,999972.0,1199434.5,1425.0,5307.0,6732.0,0.19246163110135142,applied_local_ep05_cost_model_to_unadjusted_ohlc_unit_notional,1368
2023-03-03,2023-03-03,2023-03-10,8227,巨有科技,TPEx,dynamic80_top1_rs20_proxy,legacy_rs20_operating_mode,mega_rs20,dynamic80_top1_rs20_proxy,same_week_close_to_next_rebalance_close_comparator,unadjusted_close,unadjusted_close,192.0,181.5,222.5,181.5,222.5,0.22589531680440778,True,,official_unadjusted_ohlcv_tpex_trading_stock,official_unadjusted_ohlcv_tpex_trading_stock,TPEX_TRADING_STOCK,TPEX_TRADING_STOCK,False,unadjusted_ohlcv; adjusted_close_blocked_not_fabricated,True,False,False,False,False,False,False,False,True,False,1000000,5509.0,999883.5,1225752.5,1425.0,5424.0,6849.0,0.21873378683991995,applied_local_ep05_cost_model_to_unadjusted_ohlc_unit_notional,1368
2023-03-03,2023-03-06,2023-03-13,8227,巨有科技,TPEx,dynamic80_top1_rs20_proxy,legacy_rs20_operating_mode,mega_rs20,dynamic80_top1_rs20_proxy,next_day_open_entry_fixed_5td_exit,unadjusted_open,unadjusted_close,186.0,188.0,225.5,186.0,225.5,0.2123655913978495,True,,official_unadjusted_ohlcv_tpex_trading_stock,official_unadjusted_ohlcv_tpex_trading_stock,TPEX_TRADING_STOCK,TPEX_TRADING_STOCK,False,unadjusted_ohlcv; adjusted_close_blocked_not_fabricated,True,False,False,False,False,False,False,False,True,False,1000000,5376.0,999936.0,1212288.0,1425.0,5365.0,6790.0,0.20528261036729012,applied_local_ep05_cost_model_to_unadjusted_ohlc_unit_notional,1368
2023-03-03,2023-03-06,2023-03-13,8227,巨有科技,TPEx,dynamic80_top3_rs20_risk_tiebreak_proxy,legacy_rs20_operating_mode,mega_rs20,dynamic80_top3_rs20_risk_tiebreak_proxy,next_day_close_entry_fixed_5td_exit,unadjusted_close,unadjusted_close,186.0,188.0,225.5,188.0,225.5,0.19946808510638303,True,,official_unadjusted_ohlcv_tpex_trading_stock,official_unadjusted_ohlcv_tpex_trading_stock,TPEX_TRADING_STOCK,TPEX_TRADING_STOCK,False,unadjusted_ohlcv; adjusted_close_blocked_not_fabricated,True,False,False,False,False,False,False,False,True,False,1000000,5319.0,999972.0,1199434.5,1425.0,5307.0,6732.0,0.19246163110135142,applied_local_ep05_cost_model_to_unadjusted_ohlc_unit_notional,1368
2023-03-03,2023-03-03,2023-03-10,8227,巨有科技,TPEx,dynamic80_top3_rs20_risk_tiebreak_proxy,legacy_rs20_operating_mode,mega_rs20,dynamic80_top3_rs20_risk_tiebreak_proxy,same_week_close_to_next_rebalance_close_comparator,unadjusted_close,unadjusted_close,192.0,181.5,222.5,181.5,222.5,0.22589531680440778,True,,official_unadjusted_ohlcv_tpex_trading_stock,official_unadjusted_ohlcv_tpex_trading_stock,TPEX_TRADING_STOCK,TPEX_TRADING_STOCK,False,unadjusted_ohlcv; adjusted_close_blocked_not_fabricated,True,False,False,False,False,False,False,False,True,False,1000000,5509.0,999883.5,1225752.5,1425.0,5424.0,6849.0,0.21873378683991995,applied_local_ep05_cost_model_to_unadjusted_ohlc_unit_notional,1368
2023-03-03,2023-03-06,2023-03-13,8227,巨有科技,TPEx,dynamic80_top3_rs20_risk_tiebreak_proxy,legacy_rs20_operating_mode,mega_rs20,dynamic80_top3_rs20_risk_tiebreak_proxy,next_day_open_entry_fixed_5td_exit,unadjusted_open,unadjusted_close,186.0,188.0,225.5,186.0,225.5,0.2123655913978495,True,,official_unadjusted_ohlcv_tpex_trading_stock,official_unadjusted_ohlcv_tpex_trading_stock,TPEX_TRADING_STOCK,TPEX_TRADING_STOCK,False,unadjusted_ohlcv; adjusted_close_blocked_not_fabricated,True,False,False,False,False,False,False,False,True,False,1000000,5376.0,999936.0,1212288.0,1425.0,5365.0,6790.0,0.20528261036729012,applied_local_ep05_cost_model_to_unadjusted_ohlc_unit_notional,1368
2023-03-03,2023-03-06,2023-03-13,2727,王品,TWSE,conservative_hurdle_route,regime_switch_hybrid_route,ordinary_defensive_00631L_base,rs20_top3_risk_tiebreak,next_day_close_entry_fixed_5td_exit,unadjusted_close,unadjusted_close,287.0,278.5,257.0,278.5,257.0,-0.07719928186714542,True,,official_unadjusted_ohlcv_twse_stock_day,official_unadjusted_ohlcv_twse_stock_day,TWSE_STOCK_DAY,TWSE_STOCK_DAY,False,unadjusted_ohlcv; adjusted_close_blocked_not_fabricated,True,False,False,False,False,False,False,False,True,False,1000000,3590.0,999815.0,922630.0,1425.0,4083.0,5508.0,-0.0825905876712876,applied_local_ep05_cost_model_to_unadjusted_ohlc_unit_notional,1368
2023-03-03,2023-03-03,2023-03-10,2727,王品,TWSE,conservative_hurdle_route,regime_switch_hybrid_route,ordinary_defensive_00631L_base,rs20_top3_risk_tiebreak,same_week_close_to_next_rebalance_close_comparator,unadjusted_close,unadjusted_close,286.0,283.0,261.0,283.0,261.0,-0.07773851590106007,True,,official_unadjusted_ohlcv_twse_stock_day,official_unadjusted_ohlcv_twse_stock_day,TWSE_STOCK_DAY,TWSE_STOCK_DAY,False,unadjusted_ohlcv; adjusted_close_blocked_not_fabricated,True,False,False,False,False,False,False,False,True,False,1000000,3533.0,999839.0,922113.0,1425.0,4080.0,5505.0,-0.08312592882596398,applied_local_ep05_cost_model_to_unadjusted_ohlc_unit_notional,1368
2023-03-03,2023-03-06,2023-03-13,2727,王品,TWSE,conservative_hurdle_route,regime_switch_hybrid_route,ordinary_defensive_00631L_base,rs20_top3_risk_tiebreak,next_day_open_entry_fixed_5td_exit,unadjusted_open,unadjusted_close,287.0,278.5,257.0,287.0,257.0,-0.1045296167247387,True,,official_unadjusted_ohlcv_twse_stock_day,official_unadjusted_ohlcv_twse_stock_day,TWSE_STOCK_DAY,TWSE_STOCK_DAY,False,unadjusted_ohlcv; adjusted_close_blocked_not_fabricated,True,False,False,False,False,False,False,False,True,False,1000000,3484.0,999908.0,895388.0,1425.0,3962.0,5387.0,-0.10976068900156091,applied_local_ep05_cost_model_to_unadjusted_ohlc_unit_notional,1368
2023-03-03,2023-03-06,2023-03-13,2727,王品,TWSE,dispersion_route,regime_switch_hybrid_route,dispersion,rs20_top3_risk_tiebreak,next_day_close_entry_fixed_5td_exit,unadjusted_close,unadjusted_close,287.0,278.5,257.0,278.5,257.0,-0.07719928186714542,True,,official_unadjusted_ohlcv_twse_stock_day,official_unadjusted_ohlcv_twse_stock_day,TWSE_STOCK_DAY,TWSE_STOCK_DAY,False,unadjusted_ohlcv; adjusted_close_blocked_not_fabricated,True,False,False,False,False,False,False,False,True,False,1000000,3590.0,999815.0,922630.0,1425.0,4083.0,5508.0,-0.0825905876712876,applied_local_ep05_cost_model_to_unadjusted_ohlc_unit_notional,1368
2023-03-03,2023-03-03,2023-03-10,2727,王品,TWSE,dispersion_route,regime_switch_hybrid_route,dispersion,rs20_top3_risk_tiebreak,same_week_close_to_next_rebalance_close_comparator,unadjusted_close,unadjusted_close,286.0,283.0,261.0,283.0,261.0,-0.07773851590106007,True,,official_unadjusted_ohlcv_twse_stock_day,official_unadjusted_ohlcv_twse_stock_day,TWSE_STOCK_DAY,TWSE_STOCK_DAY,False,unadjusted_ohlcv; adjusted_close_blocked_not_fabricated,True,False,False,False,False,False,False,False,True,False,1000000,3533.0,999839.0,922113.0,1425.0,4080.0,5505.0,-0.08312592882596398,applied_local_ep05_cost_model_to_unadjusted_ohlc_unit_notional,1368
2023-03-03,2023-03-06,2023-03-13,2727,王品,TWSE,dispersion_route,regime_switch_hybrid_route,dispersion,rs20_top3_risk_tiebreak,next_day_open_entry_fixed_5td_exit,unadjusted_open,unadjusted_close,287.0,278.5,257.0,287.0,257.0,-0.1045296167247387,True,,official_unadjusted_ohlcv_twse_stock_day,official_unadjusted_ohlcv_twse_stock_day,TWSE_STOCK_DAY,TWSE_STOCK_DAY,False,unadjusted_ohlcv; adjusted_close_blocked_not_fabricated,True,False,False,False,False,False,False,False,True,False,1000000,3484.0,999908.0,895388.0,1425.0,3962.0,5387.0,-0.10976068900156091,applied_local_ep05_cost_model_to_unadjusted_ohlc_unit_notional,1368
2023-03-03,2023-03-06,2023-03-13,2727,王品,TWSE,hybrid_pullback_base_mega_override,regime_switch_hybrid_route,hybrid,rs20_top3_risk_tiebreak,next_day_close_entry_fixed_5td_exit,unadjusted_close,unadjusted_close,287.0,278.5,257.0,278.5,257.0,-0.07719928186714542,True,,official_unadjusted_ohlcv_twse_stock_day,official_unadjusted_ohlcv_twse_stock_day,TWSE_STOCK_DAY,TWSE_STOCK_DAY,False,unadjusted_ohlcv; adjusted_close_blocked_not_fabricated,True,False,False,False,False,False,False,False,True,False,1000000,3590.0,999815.0,922630.0,1425.0,4083.0,5508.0,-0.0825905876712876,applied_local_ep05_cost_model_to_unadjusted_ohlc_unit_notional,1368
2023-03-03,2023-03-03,2023-03-10,2727,王品,TWSE,hybrid_pullback_base_mega_override,regime_switch_hybrid_route,hybrid,rs20_top3_risk_tiebreak,same_week_close_to_next_rebalance_close_comparator,unadjusted_close,unadjusted_close,286.0,283.0,261.0,283.0,261.0,-0.07773851590106007,True,,official_unadjusted_ohlcv_twse_stock_day,official_unadjusted_ohlcv_twse_stock_day,TWSE_STOCK_DAY,TWSE_STOCK_DAY,False,unadjusted_ohlcv; adjusted_close_blocked_not_fabricated,True,False,False,False,False,False,False,False,True,False,1000000,3533.0,999839.0,922113.0,1425.0,4080.0,5505.0,-0.08312592882596398,applied_local_ep05_cost_model_to_unadjusted_ohlc_unit_notional,1368
2023-03-03,2023-03-06,2023-03-13,2727,王品,TWSE,hybrid_pullback_base_mega_override,regime_switch_hybrid_route,hybrid,rs20_top3_risk_tiebreak,next_day_open_entry_fixed_5td_exit,unadjusted_open,unadjusted_close,287.0,278.5,257.0,287.0,257.0,-0.1045296167247387,True,,official_unadjusted_ohlcv_twse_stock_day,official_unadjusted_ohlcv_twse_stock_day,TWSE_STOCK_DAY,TWSE_STOCK_DAY,False,unadjusted_ohlcv; adjusted_close_blocked_not_fabricated,True,False,False,False,False,False,False,False,True,False,1000000,3484.0,999908.0,895388.0,1425.0,3962.0,5387.0,-0.10976068900156091,applied_local_ep05_cost_model_to_unadjusted_ohlc_unit_notional,1368
2023-03-03,2023-03-06,2023-03-13,6515,穎崴,TWSE,market_bias_pool_trend_route,regime_switch_hybrid_route,mega_or_stock_route,stable_strength,next_day_close_entry_fixed_5td_exit,unadjusted_close,unadjusted_close,625.0,639.0,589.0,639.0,589.0,-0.07824726134585291,True,,official_unadjusted_ohlcv_twse_stock_day,official_unadjusted_ohlcv_twse_stock_day,TWSE_STOCK_DAY,TWSE_STOCK_DAY,False,unadjusted_ohlcv; adjusted_close_blocked_not_fabricated,True,False,False,False,False,False,False,False,True,False,1000000,1564.0,999396.0,921196.0,1424.0,4077.0,5501.0,-0.08363242141444016,applied_local_ep05_cost_model_to_unadjusted_ohlc_unit_notional,1368
2023-03-03,2023-03-03,2023-03-10,6515,穎崴,TWSE,market_bias_pool_trend_route,regime_switch_hybrid_route,mega_or_stock_route,stable_strength,same_week_close_to_next_rebalance_close_comparator,unadjusted_close,unadjusted_close,615.0,612.0,606.0,612.0,606.0,-0.009803921568627416,True,,official_unadjusted_ohlcv_twse_stock_day,official_unadjusted_ohlcv_twse_stock_day,TWSE_STOCK_DAY,TWSE_STOCK_DAY,False,unadjusted_ohlcv; adjusted_close_blocked_not_fabricated,True,False,False,False,False,False,False,False,True,False,1000000,1633.0,999396.0,989598.0,1424.0,4379.0,5803.0,-0.015588217661517556,applied_local_ep05_cost_model_to_unadjusted_ohlc_unit_notional,1368
2023-03-03,2023-03-06,2023-03-13,6515,穎崴,TWSE,market_bias_pool_trend_route,regime_switch_hybrid_route,mega_or_stock_route,stable_strength,next_day_open_entry_fixed_5td_exit,unadjusted_open,unadjusted_close,625.0,639.0,589.0,625.0,589.0,-0.057599999999999985,True,,official_unadjusted_ohlcv_twse_stock_day,official_unadjusted_ohlcv_twse_stock_day,TWSE_STOCK_DAY,TWSE_STOCK_DAY,False,unadjusted_ohlcv; adjusted_close_blocked_not_fabricated,True,False,False,False,False,False,False,False,True,False,1000000,1600.0,1000000.0,942400.0,1425.0,4170.0,5595.0,-0.06310507526774346,applied_local_ep05_cost_model_to_unadjusted_ohlc_unit_notional,1368
2023-03-03,2023-03-06,2023-03-13,6515,穎崴,TWSE,pool_breadth_route,regime_switch_hybrid_route,mega_or_stock_route,stable_strength,next_day_close_entry_fixed_5td_exit,unadjusted_close,unadjusted_close,625.0,639.0,589.0,639.0,589.0,-0.07824726134585291,True,,official_unadjusted_ohlcv_twse_stock_day,official_unadjusted_ohlcv_twse_stock_day,TWSE_STOCK_DAY,TWSE_STOCK_DAY,False,unadjusted_ohlcv; adjusted_close_blocked_not_fabricated,True,False,False,False,False,False,False,False,True,False,1000000,1564.0,999396.0,921196.0,1424.0,4077.0,5501.0,-0.08363242141444016,applied_local_ep05_cost_model_to_unadjusted_ohlc_unit_notional,1368
2023-03-03,2023-03-03,2023-03-10,6515,穎崴,TWSE,pool_breadth_route,regime_switch_hybrid_route,mega_or_stock_route,stable_strength,same_week_close_to_next_rebalance_close_comparator,unadjusted_close,unadjusted_close,615.0,612.0,606.0,612.0,606.0,-0.009803921568627416,True,,official_unadjusted_ohlcv_twse_stock_day,official_unadjusted_ohlcv_twse_stock_day,TWSE_STOCK_DAY,TWSE_STOCK_DAY,False,unadjusted_ohlcv; adjusted_close_blocked_not_fabricated,True,False,False,False,False,False,False,False,True,False,1000000,1633.0,999396.0,989598.0,1424.0,4379.0,5803.0,-0.015588217661517556,applied_local_ep05_cost_model_to_unadjusted_ohlc_unit_notional,1368
2023-03-03,2023-03-06,2023-03-13,6515,穎崴,TWSE,pool_breadth_route,regime_switch_hybrid_route,mega_or_stock_route,stable_strength,next_day_open_entry_fixed_5td_exit,unadjusted_open,unadjusted_close,625.0,639.0,589.0,625.0,589.0,-0.057599999999999985,True,,official_unadjusted_ohlcv_twse_stock_day,official_unadjusted_ohlcv_twse_stock_day,TWSE_STOCK_DAY,TWSE_STOCK_DAY,False,unadjusted_ohlcv; adjusted_close_blocked_not_fabricated,True,False,False,False,False,False,False,False,True,False,1000000,1600.0,1000000.0,942400.0,1425.0,4170.0,5595.0,-0.06310507526774346,applied_local_ep05_cost_model_to_unadjusted_ohlc_unit_notional,1368
2023-03-10,2023-03-13,2023-03-20,8227,巨有科技,TPEx,dynamic80_top1_rs20_31_bonus_proxy,legacy_rs20_operating_mode,mega_rs20,dynamic80_top1_rs20_31_bonus_proxy,next_day_close_entry_fixed_5td_exit,unadjusted_close,unadjusted_close,219.0,225.5,200.5,225.5,200.5,-0.11086474501108645,True,,official_unadjusted_ohlcv_tpex_trading_stock,official_unadjusted_ohlcv_tpex_trading_stock,TPEX_TRADING_STOCK,TPEX_TRADING_STOCK,False,unadjusted_ohlcv; adjusted_close_blocked_not_fabricated,True,False,False,False,False,False,False,False,True,False,1000000,4434.0,999867.0,889017.0,1425.0,3934.0,5359.0,-0.11605905170519688,applied_local_ep05_cost_model_to_unadjusted_ohlc_unit_notional,1368
2023-03-10,2023-03-10,2023-03-17,8227,巨有科技,TPEx,dynamic80_top1_rs20_31_bonus_proxy,legacy_rs20_operating_mode,mega_rs20,dynamic80_top1_rs20_31_bonus_proxy,same_week_close_to_next_rebalance_close_comparator,unadjusted_close,unadjusted_close,215.0,222.5,205.0,222.5,205.0,-0.0786516853932584,True,,official_unadjusted_ohlcv_tpex_trading_stock,official_unadjusted_ohlcv_tpex_trading_stock,TPEX_TRADING_STOCK,TPEX_TRADING_STOCK,False,unadjusted_ohlcv; adjusted_close_blocked_not_fabricated,True,False,False,False,False,False,False,False,True,False,1000000,4494.0,999915.0,921270.0,1425.0,4077.0,5502.0,-0.08403439391215771,applied_local_ep05_cost_model_to_unadjusted_ohlc_unit_notional,1368
2023-03-10,2023-03-13,2023-03-20,8227,巨有科技,TPEx,dynamic80_top1_rs20_31_bonus_proxy,legacy_rs20_operating_mode,mega_rs20,dynamic80_top1_rs20_31_bonus_proxy,next_day_open_entry_fixed_5td_exit,unadjusted_open,unadjusted_close,219.0,225.5,200.5,219.0,200.5,-0.08447488584474883,True,,official_unadjusted_ohlcv_tpex_trading_stock,official_unadjusted_ohlcv_tpex_trading_stock,TPEX_TRADING_STOCK,TPEX_TRADING_STOCK,False,unadjusted_ohlcv; adjusted_close_blocked_not_fabricated,True,False,False,False,False,False,False,False,True,False,1000000,4566.0,999954.0,915483.0,1425.0,4051.0,5476.0,-0.08982313389835417,applied_local_ep05_cost_model_to_unadjusted_ohlc_unit_notional,1368
2023-03-10,2023-03-13,2023-03-20,8227,巨有科技,TPEx,dynamic80_top1_rs20_7core_context_proxy,legacy_rs20_operating_mode,mega_rs20,dynamic80_top1_rs20_7core_context_proxy,next_day_close_entry_fixed_5td_exit,unadjusted_close,unadjusted_close,219.0,225.5,200.5,225.5,200.5,-0.11086474501108645,True,,official_unadjusted_ohlcv_tpex_trading_stock,official_unadjusted_ohlcv_tpex_trading_stock,TPEX_TRADING_STOCK,TPEX_TRADING_STOCK,False,unadjusted_ohlcv; adjusted_close_blocked_not_fabricated,True,False,False,False,False,False,False,False,True,False,1000000,4434.0,999867.0,889017.0,1425.0,3934.0,5359.0,-0.11605905170519688,applied_local_ep05_cost_model_to_unadjusted_ohlc_unit_notional,1368
2023-03-10,2023-03-10,2023-03-17,8227,巨有科技,TPEx,dynamic80_top1_rs20_7core_context_proxy,legacy_rs20_operating_mode,mega_rs20,dynamic80_top1_rs20_7core_context_proxy,same_week_close_to_next_rebalance_close_comparator,unadjusted_close,unadjusted_close,215.0,222.5,205.0,222.5,205.0,-0.0786516853932584,True,,official_unadjusted_ohlcv_tpex_trading_stock,official_unadjusted_ohlcv_tpex_trading_stock,TPEX_TRADING_STOCK,TPEX_TRADING_STOCK,False,unadjusted_ohlcv; adjusted_close_blocked_not_fabricated,True,False,False,False,False,False,False,False,True,False,1000000,4494.0,999915.0,921270.0,1425.0,4077.0,5502.0,-0.08403439391215771,applied_local_ep05_cost_model_to_unadjusted_ohlc_unit_notional,1368
2023-03-10,2023-03-13,2023-03-20,8227,巨有科技,TPEx,dynamic80_top1_rs20_7core_context_proxy,legacy_rs20_operating_mode,mega_rs20,dynamic80_top1_rs20_7core_context_proxy,next_day_open_entry_fixed_5td_exit,unadjusted_open,unadjusted_close,219.0,225.5,200.5,219.0,200.5,-0.08447488584474883,True,,official_unadjusted_ohlcv_tpex_trading_stock,official_unadjusted_ohlcv_tpex_trading_stock,TPEX_TRADING_STOCK,TPEX_TRADING_STOCK,False,unadjusted_ohlcv; adjusted_close_blocked_not_fabricated,True,False,False,False,False,False,False,False,True,False,1000000,4566.0,999954.0,915483.0,1425.0,4051.0,5476.0,-0.08982313389835417,applied_local_ep05_cost_model_to_unadjusted_ohlc_unit_notional,1368
2023-03-10,2023-03-13,2023-03-20,8227,巨有科技,TPEx,dynamic80_top1_rs20_proxy,legacy_rs20_operating_mode,mega_rs20,dynamic80_top1_rs20_proxy,next_day_close_entry_fixed_5td_exit,unadjusted_close,unadjusted_close,219.0,225.5,200.5,225.5,200.5,-0.11086474501108645,True,,official_unadjusted_ohlcv_tpex_trading_stock,official_unadjusted_ohlcv_tpex_trading_stock,TPEX_TRADING_STOCK,TPEX_TRADING_STOCK,False,unadjusted_ohlcv; adjusted_close_blocked_not_fabricated,True,False,False,False,False,False,False,False,True,False,1000000,4434.0,999867.0,889017.0,1425.0,3934.0,5359.0,-0.11605905170519688,applied_local_ep05_cost_model_to_unadjusted_ohlc_unit_notional,1368
2023-03-10,2023-03-10,2023-03-17,8227,巨有科技,TPEx,dynamic80_top1_rs20_proxy,legacy_rs20_operating_mode,mega_rs20,dynamic80_top1_rs20_proxy,same_week_close_to_next_rebalance_close_comparator,unadjusted_close,unadjusted_close,215.0,222.5,205.0,222.5,205.0,-0.0786516853932584,True,,official_unadjusted_ohlcv_tpex_trading_stock,official_unadjusted_ohlcv_tpex_trading_stock,TPEX_TRADING_STOCK,TPEX_TRADING_STOCK,False,unadjusted_ohlcv; adjusted_close_blocked_not_fabricated,True,False,False,False,False,False,False,False,True,False,1000000,4494.0,999915.0,921270.0,1425.0,4077.0,5502.0,-0.08403439391215771,applied_local_ep05_cost_model_to_unadjusted_ohlc_unit_notional,1368
2023-03-10,2023-03-13,2023-03-20,8227,巨有科技,TPEx,dynamic80_top1_rs20_proxy,legacy_rs20_operating_mode,mega_rs20,dynamic80_top1_rs20_proxy,next_day_open_entry_fixed_5td_exit,unadjusted_open,unadjusted_close,219.0,225.5,200.5,219.0,200.5,-0.08447488584474883,True,,official_unadjusted_ohlcv_tpex_trading_stock,official_unadjusted_ohlcv_tpex_trading_stock,TPEX_TRADING_STOCK,TPEX_TRADING_STOCK,False,unadjusted_ohlcv; adjusted_close_blocked_not_fabricated,True,False,False,False,False,False,False,False,True,False,1000000,4566.0,999954.0,915483.0,1425.0,4051.0,5476.0,-0.08982313389835417,applied_local_ep05_cost_model_to_unadjusted_ohlc_unit_notional,1368
2023-03-10,2023-03-13,2023-03-20,8227,巨有科技,TPEx,dynamic80_top3_rs20_risk_tiebreak_proxy,legacy_rs20_operating_mode,mega_rs20,dynamic80_top3_rs20_risk_tiebreak_proxy,next_day_close_entry_fixed_5td_exit,unadjusted_close,unadjusted_close,219.0,225.5,200.5,225.5,200.5,-0.11086474501108645,True,,official_unadjusted_ohlcv_tpex_trading_stock,official_unadjusted_ohlcv_tpex_trading_stock,TPEX_TRADING_STOCK,TPEX_TRADING_STOCK,False,unadjusted_ohlcv; adjusted_close_blocked_not_fabricated,True,False,False,False,False,False,False,False,True,False,1000000,4434.0,999867.0,889017.0,1425.0,3934.0,5359.0,-0.11605905170519688,applied_local_ep05_cost_model_to_unadjusted_ohlc_unit_notional,1368
2023-03-10,2023-03-10,2023-03-17,8227,巨有科技,TPEx,dynamic80_top3_rs20_risk_tiebreak_proxy,legacy_rs20_operating_mode,mega_rs20,dynamic80_top3_rs20_risk_tiebreak_proxy,same_week_close_to_next_rebalance_close_comparator,unadjusted_close,unadjusted_close,215.0,222.5,205.0,222.5,205.0,-0.0786516853932584,True,,official_unadjusted_ohlcv_tpex_trading_stock,official_unadjusted_ohlcv_tpex_trading_stock,TPEX_TRADING_STOCK,TPEX_TRADING_STOCK,False,unadjusted_ohlcv; adjusted_close_blocked_not_fabricated,True,False,False,False,False,False,False,False,True,False,1000000,4494.0,999915.0,921270.0,1425.0,4077.0,5502.0,-0.08403439391215771,applied_local_ep05_cost_model_to_unadjusted_ohlc_unit_notional,1368
2023-03-10,2023-03-13,2023-03-20,8227,巨有科技,TPEx,dynamic80_top3_rs20_risk_tiebreak_proxy,legacy_rs20_operating_mode,mega_rs20,dynamic80_top3_rs20_risk_tiebreak_proxy,next_day_open_entry_fixed_5td_exit,unadjusted_open,unadjusted_close,219.0,225.5,200.5,219.0,200.5,-0.08447488584474883,True,,official_unadjusted_ohlcv_tpex_trading_stock,official_unadjusted_ohlcv_tpex_trading_stock,TPEX_TRADING_STOCK,TPEX_TRADING_STOCK,False,unadjusted_ohlcv; adjusted_close_blocked_not_fabricated,True,False,False,False,False,False,False,False,True,False,1000000,4566.0,999954.0,915483.0,1425.0,4051.0,5476.0,-0.08982313389835417,applied_local_ep05_cost_model_to_unadjusted_ohlc_unit_notional,1368
2023-03-10,2023-03-13,2023-03-20,3594,磐儀,TPEx,conservative_hurdle_route,regime_switch_hybrid_route,ordinary_defensive_00631L_base,rs20_top3_risk_tiebreak,next_day_close_entry_fixed_5td_exit,unadjusted_close,unadjusted_close,43.75,44.6,47.6,44.6,47.6,0.06726457399103136,True,,official_unadjusted_ohlcv_tpex_trading_stock,official_unadjusted_ohlcv_tpex_trading_stock,TPEX_TRADING_STOCK,TPEX_TRADING_STOCK,False,unadjusted_ohlcv; adjusted_close_blocked_not_fabricated,True,False,False,False,False,False,False,False,True,False,1000000,22421.0,999976.6,1067239.6,1425.0,4723.0,6148.0,0.06102946110731211,applied_local_ep05_cost_model_to_unadjusted_ohlc_unit_notional,1368
2023-03-10,2023-03-10,2023-03-17,3594,磐儀,TPEx,conservative_hurdle_route,regime_switch_hybrid_route,ordinary_defensive_00631L_base,rs20_top3_risk_tiebreak,same_week_close_to_next_rebalance_close_comparator,unadjusted_close,unadjusted_close,46.35,44.55,46.35,44.55,46.35,0.04040404040404044,True,,official_unadjusted_ohlcv_tpex_trading_stock,official_unadjusted_ohlcv_tpex_trading_stock,TPEX_TRADING_STOCK,TPEX_TRADING_STOCK,False,unadjusted_ohlcv; adjusted_close_blocked_not_fabricated,True,False,False,False,False,False,False,False,True,False,1000000,22446.0,999969.2999999999,1040372.1,1425.0,4604.0,6029.0,0.03432593934277442,applied_local_ep05_cost_model_to_unadjusted_ohlc_unit_notional,1368
2023-03-10,2023-03-13,2023-03-20,3594,磐儀,TPEx,conservative_hurdle_route,regime_switch_hybrid_route,ordinary_defensive_00631L_base,rs20_top3_risk_tiebreak,next_day_open_entry_fixed_5td_exit,unadjusted_open,unadjusted_close,43.75,44.6,47.6,43.75,47.6,0.08800000000000008,True,,official_unadjusted_ohlcv_tpex_trading_stock,official_unadjusted_ohlcv_tpex_trading_stock,TPEX_TRADING_STOCK,TPEX_TRADING_STOCK,False,unadjusted_ohlcv; adjusted_close_blocked_not_fabricated,True,False,False,False,False,False,False,False,True,False,1000000,22857.0,999993.75,1087993.2,1425.0,4814.0,6239.0,0.08164461670005675,applied_local_ep05_cost_model_to_unadjusted_ohlc_unit_notional,1368
2023-03-10,2023-03-13,2023-03-20,3594,磐儀,TPEx,dispersion_route,regime_switch_hybrid_route,dispersion,rs20_top3_risk_tiebreak,next_day_close_entry_fixed_5td_exit,unadjusted_close,unadjusted_close,43.75,44.6,47.6,44.6,47.6,0.06726457399103136,True,,official_unadjusted_ohlcv_tpex_trading_stock,official_unadjusted_ohlcv_tpex_trading_stock,TPEX_TRADING_STOCK,TPEX_TRADING_STOCK,False,unadjusted_ohlcv; adjusted_close_blocked_not_fabricated,True,False,False,False,False,False,False,False,True,False,1000000,22421.0,999976.6,1067239.6,1425.0,4723.0,6148.0,0.06102946110731211,applied_local_ep05_cost_model_to_unadjusted_ohlc_unit_notional,1368
2023-03-10,2023-03-10,2023-03-17,3594,磐儀,TPEx,dispersion_route,regime_switch_hybrid_route,dispersion,rs20_top3_risk_tiebreak,same_week_close_to_next_rebalance_close_comparator,unadjusted_close,unadjusted_close,46.35,44.55,46.35,44.55,46.35,0.04040404040404044,True,,official_unadjusted_ohlcv_tpex_trading_stock,official_unadjusted_ohlcv_tpex_trading_stock,TPEX_TRADING_STOCK,TPEX_TRADING_STOCK,False,unadjusted_ohlcv; adjusted_close_blocked_not_fabricated,True,False,False,False,False,False,False,False,True,False,1000000,22446.0,999969.2999999999,1040372.1,1425.0,4604.0,6029.0,0.03432593934277442,applied_local_ep05_cost_model_to_unadjusted_ohlc_unit_notional,1368
2023-03-10,2023-03-13,2023-03-20,3594,磐儀,TPEx,dispersion_route,regime_switch_hybrid_route,dispersion,rs20_top3_risk_tiebreak,next_day_open_entry_fixed_5td_exit,unadjusted_open,unadjusted_close,43.75,44.6,47.6,43.75,47.6,0.08800000000000008,True,,official_unadjusted_ohlcv_tpex_trading_stock,official_unadjusted_ohlcv_tpex_trading_stock,TPEX_TRADING_STOCK,TPEX_TRADING_STOCK,False,unadjusted_ohlcv; adjusted_close_blocked_not_fabricated,True,False,False,False,False,False,False,False,True,False,1000000,22857.0,999993.75,1087993.2,1425.0,4814.0,6239.0,0.08164461670005675,applied_local_ep05_cost_model_to_unadjusted_ohlc_unit_notional,1368
2023-03-10,2023-03-13,2023-03-20,3594,磐儀,TPEx,hybrid_pullback_base_mega_override,regime_switch_hybrid_route,hybrid,rs20_top3_risk_tiebreak,next_day_close_entry_fixed_5td_exit,unadjusted_close,unadjusted_close,43.75,44.6,47.6,44.6,47.6,0.06726457399103136,True,,official_unadjusted_ohlcv_tpex_trading_stock,official_unadjusted_ohlcv_tpex_trading_stock,TPEX_TRADING_STOCK,TPEX_TRADING_STOCK,False,unadjusted_ohlcv; adjusted_close_blocked_not_fabricated,True,False,False,False,False,False,False,False,True,False,1000000,22421.0,999976.6,1067239.6,1425.0,4723.0,6148.0,0.06102946110731211,applied_local_ep05_cost_model_to_unadjusted_ohlc_unit_notional,1368
2023-03-10,2023-03-10,2023-03-17,3594,磐儀,TPEx,hybrid_pullback_base_mega_override,regime_switch_hybrid_route,hybrid,rs20_top3_risk_tiebreak,same_week_close_to_next_rebalance_close_comparator,unadjusted_close,unadjusted_close,46.35,44.55,46.35,44.55,46.35,0.04040404040404044,True,,official_unadjusted_ohlcv_tpex_trading_stock,official_unadjusted_ohlcv_tpex_trading_stock,TPEX_TRADING_STOCK,TPEX_TRADING_STOCK,False,unadjusted_ohlcv; adjusted_close_blocked_not_fabricated,True,False,False,False,False,False,False,False,True,False,1000000,22446.0,999969.2999999999,1040372.1,1425.0,4604.0,6029.0,0.03432593934277442,applied_local_ep05_cost_model_to_unadjusted_ohlc_unit_notional,1368
2023-03-10,2023-03-13,2023-03-20,3594,磐儀,TPEx,hybrid_pullback_base_mega_override,regime_switch_hybrid_route,hybrid,rs20_top3_risk_tiebreak,next_day_open_entry_fixed_5td_exit,unadjusted_open,unadjusted_close,43.75,44.6,47.6,43.75,47.6,0.08800000000000008,True,,official_unadjusted_ohlcv_tpex_trading_stock,official_unadjusted_ohlcv_tpex_trading_stock,TPEX_TRADING_STOCK,TPEX_TRADING_STOCK,False,unadjusted_ohlcv; adjusted_close_blocked_not_fabricated,True,False,False,False,False,False,False,False,True,False,1000000,22857.0,999993.75,1087993.2,1425.0,4814.0,6239.0,0.08164461670005675,applied_local_ep05_cost_model_to_unadjusted_ohlc_unit_notional,1368
2023-03-10,2023-03-13,2023-03-20,2482,連宇,TWSE,market_bias_pool_trend_route,regime_switch_hybrid_route,mega_or_stock_route,stable_strength,next_day_close_entry_fixed_5td_exit,unadjusted_close,unadjusted_close,54.0,50.7,55.8,50.7,55.8,0.10059171597633121,True,,official_unadjusted_ohlcv_twse_stock_day,official_unadjusted_ohlcv_twse_stock_day,TWSE_STOCK_DAY,TWSE_STOCK_DAY,False,unadjusted_ohlcv; adjusted_close_blocked_not_fabricated,True,False,False,False,False,False,False,False,True,False,1000000,19723.0,999956.1000000001,1100543.4,1425.0,4870.0,6295.0,0.09416225251305403,applied_local_ep05_cost_model_to_unadjusted_ohlc_unit_notional,1368
2023-03-10,2023-03-10,2023-03-17,2482,連宇,TWSE,market_bias_pool_trend_route,regime_switch_hybrid_route,mega_or_stock_route,stable_strength,same_week_close_to_next_rebalance_close_comparator,unadjusted_close,unadjusted_close,54.0,55.5,52.8,55.5,52.8,-0.04864864864864871,True,,official_unadjusted_ohlcv_twse_stock_day,official_unadjusted_ohlcv_twse_stock_day,TWSE_STOCK_DAY,TWSE_STOCK_DAY,False,unadjusted_ohlcv; adjusted_close_blocked_not_fabricated,True,False,False,False,False,False,False,False,True,False,1000000,18018.0,999999.0,951350.3999999999,1425.0,4210.0,5635.0,-0.05420641007205748,applied_local_ep05_cost_model_to_unadjusted_ohlc_unit_notional,1368
2023-03-10,2023-03-13,2023-03-20,2482,連宇,TWSE,market_bias_pool_trend_route,regime_switch_hybrid_route,mega_or_stock_route,stable_strength,next_day_open_entry_fixed_5td_exit,unadjusted_open,unadjusted_close,54.0,50.7,55.8,54.0,55.8,0.033333333333333215,True,,official_unadjusted_ohlcv_twse_stock_day,official_unadjusted_ohlcv_twse_stock_day,TWSE_STOCK_DAY,TWSE_STOCK_DAY,False,unadjusted_ohlcv; adjusted_close_blocked_not_fabricated,True,False,False,False,False,False,False,False,True,False,1000000,18518.0,999972.0,1033304.3999999999,1425.0,4572.0,5997.0,0.02729726571978936,applied_local_ep05_cost_model_to_unadjusted_ohlc_unit_notional,1368
2023-03-10,2023-03-13,2023-03-20,2482,連宇,TWSE,pool_breadth_route,regime_switch_hybrid_route,mega_or_stock_route,stable_strength,next_day_close_entry_fixed_5td_exit,unadjusted_close,unadjusted_close,54.0,50.7,55.8,50.7,55.8,0.10059171597633121,True,,official_unadjusted_ohlcv_twse_stock_day,official_unadjusted_ohlcv_twse_stock_day,TWSE_STOCK_DAY,TWSE_STOCK_DAY,False,unadjusted_ohlcv; adjusted_close_blocked_not_fabricated,True,False,False,False,False,False,False,False,True,False,1000000,19723.0,999956.1000000001,1100543.4,1425.0,4870.0,6295.0,0.09416225251305403,applied_local_ep05_cost_model_to_unadjusted_ohlc_unit_notional,1368
2023-03-10,2023-03-10,2023-03-17,2482,連宇,TWSE,pool_breadth_route,regime_switch_hybrid_route,mega_or_stock_route,stable_strength,same_week_close_to_next_rebalance_close_comparator,unadjusted_close,unadjusted_close,54.0,55.5,52.8,55.5,52.8,-0.04864864864864871,True,,official_unadjusted_ohlcv_twse_stock_day,official_unadjusted_ohlcv_twse_stock_day,TWSE_STOCK_DAY,TWSE_STOCK_DAY,False,unadjusted_ohlcv; adjusted_close_blocked_not_fabricated,True,False,False,False,False,False,False,False,True,False,1000000,18018.0,999999.0,951350.3999999999,1425.0,4210.0,5635.0,-0.05420641007205748,applied_local_ep05_cost_model_to_unadjusted_ohlc_unit_notional,1368
2023-03-10,2023-03-13,2023-03-20,2482,連宇,TWSE,pool_breadth_route,regime_switch_hybrid_route,mega_or_stock_route,stable_strength,next_day_open_entry_fixed_5td_exit,unadjusted_open,unadjusted_close,54.0,50.7,55.8,54.0,55.8,0.033333333333333215,True,,official_unadjusted_ohlcv_twse_stock_day,official_unadjusted_ohlcv_twse_stock_day,TWSE_STOCK_DAY,TWSE_STOCK_DAY,False,unadjusted_ohlcv; adjusted_close_blocked_not_fabricated,True,False,False,False,False,False,False,False,True,False,1000000,18518.0,999972.0,1033304.3999999999,1425.0,4572.0,5997.0,0.02729726571978936,applied_local_ep05_cost_model_to_unadjusted_ohlc_unit_notional,1368
2023-03-17,2023-03-20,2023-03-27,3093,港建*,TPEx,dynamic80_top1_rs20_31_bonus_proxy,legacy_rs20_operating_mode,mega_rs20,dynamic80_top1_rs20_31_bonus_proxy,next_day_close_entry_fixed_5td_exit,unadjusted_close,unadjusted_close,41.6,41.15,39.9,41.15,39.9,-0.03037667071688943,True,,official_unadjusted_ohlcv_tpex_trading_stock,official_unadjusted_ohlcv_tpex_trading_stock,TPEX_TRADING_STOCK,TPEX_TRADING_STOCK,False,unadjusted_ohlcv; adjusted_close_blocked_not_fabricated,True,False,False,False,False,False,False,False,True,False,1000000,24301.0,999986.15,969609.9,1425.0,4291.0,5716.0,-0.03604139019223023,applied_local_ep05_cost_model_to_unadjusted_ohlc_unit_notional,1368
2023-03-17,2023-03-17,2023-03-24,3093,港建*,TPEx,dynamic80_top1_rs20_31_bonus_proxy,legacy_rs20_operating_mode,mega_rs20,dynamic80_top1_rs20_31_bonus_proxy,same_week_close_to_next_rebalance_close_comparator,unadjusted_close,unadjusted_close,40.55,41.95,39.4,41.95,39.4,-0.06078665077473189,True,,official_unadjusted_ohlcv_tpex_trading_stock,official_unadjusted_ohlcv_tpex_trading_stock,TPEX_TRADING_STOCK,TPEX_TRADING_STOCK,False,unadjusted_ohlcv; adjusted_close_blocked_not_fabricated,True,False,False,False,False,False,False,False,True,False,1000000,23837.0,999962.15,939177.7999999999,1425.0,4156.0,5581.0,-0.06627341882707412,applied_local_ep05_cost_model_to_unadjusted_ohlc_unit_notional,1368
2023-03-17,2023-03-20,2023-03-27,3093,港建*,TPEx,dynamic80_top1_rs20_31_bonus_proxy,legacy_rs20_operating_mode,mega_rs20,dynamic80_top1_rs20_31_bonus_proxy,next_day_open_entry_fixed_5td_exit,unadjusted_open,unadjusted_close,41.6,41.15,39.9,41.6,39.9,-0.04086538461538469,True,,official_unadjusted_ohlcv_tpex_trading_stock,official_unadjusted_ohlcv_tpex_trading_stock,TPEX_TRADING_STOCK,TPEX_TRADING_STOCK,False,unadjusted_ohlcv; adjusted_close_blocked_not_fabricated,True,False,False,False,False,False,False,False,True,False,1000000,24038.0,999980.8,959116.2,1425.0,4244.0,5669.0,-0.04646827489914687,applied_local_ep05_cost_model_to_unadjusted_ohlc_unit_notional,1368
2023-03-17,2023-03-20,2023-03-27,3093,港建*,TPEx,dynamic80_top1_rs20_7core_context_proxy,legacy_rs20_operating_mode,mega_rs20,dynamic80_top1_rs20_7core_context_proxy,next_day_close_entry_fixed_5td_exit,unadjusted_close,unadjusted_close,41.6,41.15,39.9,41.15,39.9,-0.03037667071688943,True,,official_unadjusted_ohlcv_tpex_trading_stock,official_unadjusted_ohlcv_tpex_trading_stock,TPEX_TRADING_STOCK,TPEX_TRADING_STOCK,False,unadjusted_ohlcv; adjusted_close_blocked_not_fabricated,True,False,False,False,False,False,False,False,True,False,1000000,24301.0,999986.15,969609.9,1425.0,4291.0,5716.0,-0.03604139019223023,applied_local_ep05_cost_model_to_unadjusted_ohlc_unit_notional,1368
2023-03-17,2023-03-17,2023-03-24,3093,港建*,TPEx,dynamic80_top1_rs20_7core_context_proxy,legacy_rs20_operating_mode,mega_rs20,dynamic80_top1_rs20_7core_context_proxy,same_week_close_to_next_rebalance_close_comparator,unadjusted_close,unadjusted_close,40.55,41.95,39.4,41.95,39.4,-0.06078665077473189,True,,official_unadjusted_ohlcv_tpex_trading_stock,official_unadjusted_ohlcv_tpex_trading_stock,TPEX_TRADING_STOCK,TPEX_TRADING_STOCK,False,unadjusted_ohlcv; adjusted_close_blocked_not_fabricated,True,False,False,False,False,False,False,False,True,False,1000000,23837.0,999962.15,939177.7999999999,1425.0,4156.0,5581.0,-0.06627341882707412,applied_local_ep05_cost_model_to_unadjusted_ohlc_unit_notional,1368
2023-03-17,2023-03-20,2023-03-27,3093,港建*,TPEx,dynamic80_top1_rs20_7core_context_proxy,legacy_rs20_operating_mode,mega_rs20,dynamic80_top1_rs20_7core_context_proxy,next_day_open_entry_fixed_5td_exit,unadjusted_open,unadjusted_close,41.6,41.15,39.9,41.6,39.9,-0.04086538461538469,True,,official_unadjusted_ohlcv_tpex_trading_stock,official_unadjusted_ohlcv_tpex_trading_stock,TPEX_TRADING_STOCK,TPEX_TRADING_STOCK,False,unadjusted_ohlcv; adjusted_close_blocked_not_fabricated,True,False,False,False,False,False,False,False,True,False,1000000,24038.0,999980.8,959116.2,1425.0,4244.0,5669.0,-0.04646827489914687,applied_local_ep05_cost_model_to_unadjusted_ohlc_unit_notional,1368
2023-03-17,2023-03-20,2023-03-27,3093,港建*,TPEx,dynamic80_top1_rs20_proxy,legacy_rs20_operating_mode,mega_rs20,dynamic80_top1_rs20_proxy,next_day_close_entry_fixed_5td_exit,unadjusted_close,unadjusted_close,41.6,41.15,39.9,41.15,39.9,-0.03037667071688943,True,,official_unadjusted_ohlcv_tpex_trading_stock,official_unadjusted_ohlcv_tpex_trading_stock,TPEX_TRADING_STOCK,TPEX_TRADING_STOCK,False,unadjusted_ohlcv; adjusted_close_blocked_not_fabricated,True,False,False,False,False,False,False,False,True,False,1000000,24301.0,999986.15,969609.9,1425.0,4291.0,5716.0,-0.03604139019223023,applied_local_ep05_cost_model_to_unadjusted_ohlc_unit_notional,1368
2023-03-17,2023-03-17,2023-03-24,3093,港建*,TPEx,dynamic80_top1_rs20_proxy,legacy_rs20_operating_mode,mega_rs20,dynamic80_top1_rs20_proxy,same_week_close_to_next_rebalance_close_comparator,unadjusted_close,unadjusted_close,40.55,41.95,39.4,41.95,39.4,-0.06078665077473189,True,,official_unadjusted_ohlcv_tpex_trading_stock,official_unadjusted_ohlcv_tpex_trading_stock,TPEX_TRADING_STOCK,TPEX_TRADING_STOCK,False,unadjusted_ohlcv; adjusted_close_blocked_not_fabricated,True,False,False,False,False,False,False,False,True,False,1000000,23837.0,999962.15,939177.7999999999,1425.0,4156.0,5581.0,-0.06627341882707412,applied_local_ep05_cost_model_to_unadjusted_ohlc_unit_notional,1368
2023-03-17,2023-03-20,2023-03-27,3093,港建*,TPEx,dynamic80_top1_rs20_proxy,legacy_rs20_operating_mode,mega_rs20,dynamic80_top1_rs20_proxy,next_day_open_entry_fixed_5td_exit,unadjusted_open,unadjusted_close,41.6,41.15,39.9,41.6,39.9,-0.04086538461538469,True,,official_unadjusted_ohlcv_tpex_trading_stock,official_unadjusted_ohlcv_tpex_trading_stock,TPEX_TRADING_STOCK,TPEX_TRADING_STOCK,False,unadjusted_ohlcv; adjusted_close_blocked_not_fabricated,True,False,False,False,False,False,False,False,True,False,1000000,24038.0,999980.8,959116.2,1425.0,4244.0,5669.0,-0.04646827489914687,applied_local_ep05_cost_model_to_unadjusted_ohlc_unit_notional,1368
2023-03-17,2023-03-20,2023-03-27,3093,港建*,TPEx,dynamic80_top3_rs20_risk_tiebreak_proxy,legacy_rs20_operating_mode,mega_rs20,dynamic80_top3_rs20_risk_tiebreak_proxy,next_day_close_entry_fixed_5td_exit,unadjusted_close,unadjusted_close,41.6,41.15,39.9,41.15,39.9,-0.03037667071688943,True,,official_unadjusted_ohlcv_tpex_trading_stock,official_unadjusted_ohlcv_tpex_trading_stock,TPEX_TRADING_STOCK,TPEX_TRADING_STOCK,False,unadjusted_ohlcv; adjusted_close_blocked_not_fabricated,True,False,False,False,False,False,False,False,True,False,1000000,24301.0,999986.15,969609.9,1425.0,4291.0,5716.0,-0.03604139019223023,applied_local_ep05_cost_model_to_unadjusted_ohlc_unit_notional,1368
2023-03-17,2023-03-17,2023-03-24,3093,港建*,TPEx,dynamic80_top3_rs20_risk_tiebreak_proxy,legacy_rs20_operating_mode,mega_rs20,dynamic80_top3_rs20_risk_tiebreak_proxy,same_week_close_to_next_rebalance_close_comparator,unadjusted_close,unadjusted_close,40.55,41.95,39.4,41.95,39.4,-0.06078665077473189,True,,official_unadjusted_ohlcv_tpex_trading_stock,official_unadjusted_ohlcv_tpex_trading_stock,TPEX_TRADING_STOCK,TPEX_TRADING_STOCK,False,unadjusted_ohlcv; adjusted_close_blocked_not_fabricated,True,False,False,False,False,False,False,False,True,False,1000000,23837.0,999962.15,939177.7999999999,1425.0,4156.0,5581.0,-0.06627341882707412,applied_local_ep05_cost_model_to_unadjusted_ohlc_unit_notional,1368
2023-03-17,2023-03-20,2023-03-27,3093,港建*,TPEx,dynamic80_top3_rs20_risk_tiebreak_proxy,legacy_rs20_operating_mode,mega_rs20,dynamic80_top3_rs20_risk_tiebreak_proxy,next_day_open_entry_fixed_5td_exit,unadjusted_open,unadjusted_close,41.6,41.15,39.9,41.6,39.9,-0.04086538461538469,True,,official_unadjusted_ohlcv_tpex_trading_stock,official_unadjusted_ohlcv_tpex_trading_stock,TPEX_TRADING_STOCK,TPEX_TRADING_STOCK,False,unadjusted_ohlcv; adjusted_close_blocked_not_fabricated,True,False,False,False,False,False,False,False,True,False,1000000,24038.0,999980.8,959116.2,1425.0,4244.0,5669.0,-0.04646827489914687,applied_local_ep05_cost_model_to_unadjusted_ohlc_unit_notional,1368
2023-03-17,2023-03-20,2023-03-27,3594,磐儀,TPEx,conservative_hurdle_route,regime_switch_hybrid_route,ordinary_defensive_00631L_base,rs20_top3_risk_tiebreak,next_day_close_entry_fixed_5td_exit,unadjusted_close,unadjusted_close,46.8,47.6,51.5,47.6,51.5,0.08193277310924363,True,,official_unadjusted_ohlcv_tpex_trading_stock,official_unadjusted_ohlcv_tpex_trading_stock,TPEX_TRADING_STOCK,TPEX_TRADING_STOCK,False,unadjusted_ohlcv; adjusted_close_blocked_not_fabricated,True,False,False,False,False,False,False,False,True,False,1000000,21008.0,999980.8,1081912.0,1425.0,4788.0,6213.0,0.07561190478425424,applied_local_ep05_cost_model_to_unadjusted_ohlc_unit_notional,1368
2023-03-17,2023-03-17,2023-03-24,3594,磐儀,TPEx,conservative_hurdle_route,regime_switch_hybrid_route,ordinary_defensive_00631L_base,rs20_top3_risk_tiebreak,same_week_close_to_next_rebalance_close_comparator,unadjusted_close,unadjusted_close,47.05,46.35,49.35,46.35,49.35,0.06472491909385103,True,,official_unadjusted_ohlcv_tpex_trading_stock,official_unadjusted_ohlcv_tpex_trading_stock,TPEX_TRADING_STOCK,TPEX_TRADING_STOCK,False,unadjusted_ohlcv; adjusted_close_blocked_not_fabricated,True,False,False,False,False,False,False,False,True,False,1000000,21574.0,999954.9,1064676.9000000001,1425.0,4711.0,6136.0,0.05850526857988673,applied_local_ep05_cost_model_to_unadjusted_ohlc_unit_notional,1368
2023-03-17,2023-03-20,2023-03-27,3594,磐儀,TPEx,conservative_hurdle_route,regime_switch_hybrid_route,ordinary_defensive_00631L_base,rs20_top3_risk_tiebreak,next_day_open_entry_fixed_5td_exit,unadjusted_open,unadjusted_close,46.8,47.6,51.5,46.8,51.5,0.10042735042735051,True,,official_unadjusted_ohlcv_tpex_trading_stock,official_unadjusted_ohlcv_tpex_trading_stock,TPEX_TRADING_STOCK,TPEX_TRADING_STOCK,False,unadjusted_ohlcv; adjusted_close_blocked_not_fabricated,True,False,False,False,False,False,False,False,True,False,1000000,21367.0,999975.6,1100400.5,1425.0,4869.0,6294.0,0.09399924465793212,applied_local_ep05_cost_model_to_unadjusted_ohlc_unit_notional,1368
2023-03-17,2023-03-20,2023-03-27,3594,磐儀,TPEx,dispersion_route,regime_switch_hybrid_route,dispersion,rs20_top3_risk_tiebreak,next_day_close_entry_fixed_5td_exit,unadjusted_close,unadjusted_close,46.8,47.6,51.5,47.6,51.5,0.08193277310924363,True,,official_unadjusted_ohlcv_tpex_trading_stock,official_unadjusted_ohlcv_tpex_trading_stock,TPEX_TRADING_STOCK,TPEX_TRADING_STOCK,False,unadjusted_ohlcv; adjusted_close_blocked_not_fabricated,True,False,False,False,False,False,False,False,True,False,1000000,21008.0,999980.8,1081912.0,1425.0,4788.0,6213.0,0.07561190478425424,applied_local_ep05_cost_model_to_unadjusted_ohlc_unit_notional,1368
2023-03-17,2023-03-17,2023-03-24,3594,磐儀,TPEx,dispersion_route,regime_switch_hybrid_route,dispersion,rs20_top3_risk_tiebreak,same_week_close_to_next_rebalance_close_comparator,unadjusted_close,unadjusted_close,47.05,46.35,49.35,46.35,49.35,0.06472491909385103,True,,official_unadjusted_ohlcv_tpex_trading_stock,official_unadjusted_ohlcv_tpex_trading_stock,TPEX_TRADING_STOCK,TPEX_TRADING_STOCK,False,unadjusted_ohlcv; adjusted_close_blocked_not_fabricated,True,False,False,False,False,False,False,False,True,False,1000000,21574.0,999954.9,1064676.9000000001,1425.0,4711.0,6136.0,0.05850526857988673,applied_local_ep05_cost_model_to_unadjusted_ohlc_unit_notional,1368
2023-03-17,2023-03-20,2023-03-27,3594,磐儀,TPEx,dispersion_route,regime_switch_hybrid_route,dispersion,rs20_top3_risk_tiebreak,next_day_open_entry_fixed_5td_exit,unadjusted_open,unadjusted_close,46.8,47.6,51.5,46.8,51.5,0.10042735042735051,True,,official_unadjusted_ohlcv_tpex_trading_stock,official_unadjusted_ohlcv_tpex_trading_stock,TPEX_TRADING_STOCK,TPEX_TRADING_STOCK,False,unadjusted_ohlcv; adjusted_close_blocked_not_fabricated,True,False,False,False,False,False,False,False,True,False,1000000,21367.0,999975.6,1100400.5,1425.0,4869.0,6294.0,0.09399924465793212,applied_local_ep05_cost_model_to_unadjusted_ohlc_unit_notional,1368
2023-03-17,2023-03-20,2023-03-27,3594,磐儀,TPEx,hybrid_pullback_base_mega_override,regime_switch_hybrid_route,hybrid,rs20_top3_risk_tiebreak,next_day_close_entry_fixed_5td_exit,unadjusted_close,unadjusted_close,46.8,47.6,51.5,47.6,51.5,0.08193277310924363,True,,official_unadjusted_ohlcv_tpex_trading_stock,official_unadjusted_ohlcv_tpex_trading_stock,TPEX_TRADING_STOCK,TPEX_TRADING_STOCK,False,unadjusted_ohlcv; adjusted_close_blocked_not_fabricated,True,False,False,False,False,False,False,False,True,False,1000000,21008.0,999980.8,1081912.0,1425.0,4788.0,6213.0,0.07561190478425424,applied_local_ep05_cost_model_to_unadjusted_ohlc_unit_notional,1368
2023-03-17,2023-03-17,2023-03-24,3594,磐儀,TPEx,hybrid_pullback_base_mega_override,regime_switch_hybrid_route,hybrid,rs20_top3_risk_tiebreak,same_week_close_to_next_rebalance_close_comparator,unadjusted_close,unadjusted_close,47.05,46.35,49.35,46.35,49.35,0.06472491909385103,True,,official_unadjusted_ohlcv_tpex_trading_stock,official_unadjusted_ohlcv_tpex_trading_stock,TPEX_TRADING_STOCK,TPEX_TRADING_STOCK,False,unadjusted_ohlcv; adjusted_close_blocked_not_fabricated,True,False,False,False,False,False,False,False,True,False,1000000,21574.0,999954.9,1064676.9000000001,1425.0,4711.0,6136.0,0.05850526857988673,applied_local_ep05_cost_model_to_unadjusted_ohlc_unit_notional,1368
2023-03-17,2023-03-20,2023-03-27,3594,磐儀,TPEx,hybrid_pullback_base_mega_override,regime_switch_hybrid_route,hybrid,rs20_top3_risk_tiebreak,next_day_open_entry_fixed_5td_exit,unadjusted_open,unadjusted_close,46.8,47.6,51.5,46.8,51.5,0.10042735042735051,True,,official_unadjusted_ohlcv_tpex_trading_stock,official_unadjusted_ohlcv_tpex_trading_stock,TPEX_TRADING_STOCK,TPEX_TRADING_STOCK,False,unadjusted_ohlcv; adjusted_close_blocked_not_fabricated,True,False,False,False,False,False,False,False,True,False,1000000,21367.0,999975.6,1100400.5,1425.0,4869.0,6294.0,0.09399924465793212,applied_local_ep05_cost_model_to_unadjusted_ohlc_unit_notional,1368
2023-03-17,2023-03-20,2023-03-27,3594,磐儀,TPEx,market_bias_pool_trend_route,regime_switch_hybrid_route,mega_or_stock_route,stable_strength,next_day_close_entry_fixed_5td_exit,unadjusted_close,unadjusted_close,46.8,47.6,51.5,47.6,51.5,0.08193277310924363,True,,official_unadjusted_ohlcv_tpex_trading_stock,official_unadjusted_ohlcv_tpex_trading_stock,TPEX_TRADING_STOCK,TPEX_TRADING_STOCK,False,unadjusted_ohlcv; adjusted_close_blocked_not_fabricated,True,False,False,False,False,False,False,False,True,False,1000000,21008.0,999980.8,1081912.0,1425.0,4788.0,6213.0,0.07561190478425424,applied_local_ep05_cost_model_to_unadjusted_ohlc_unit_notional,1368
2023-03-17,2023-03-17,2023-03-24,3594,磐儀,TPEx,market_bias_pool_trend_route,regime_switch_hybrid_route,mega_or_stock_route,stable_strength,same_week_close_to_next_rebalance_close_comparator,unadjusted_close,unadjusted_close,47.05,46.35,49.35,46.35,49.35,0.06472491909385103,True,,official_unadjusted_ohlcv_tpex_trading_stock,official_unadjusted_ohlcv_tpex_trading_stock,TPEX_TRADING_STOCK,TPEX_TRADING_STOCK,False,unadjusted_ohlcv; adjusted_close_blocked_not_fabricated,True,False,False,False,False,False,False,False,True,False,1000000,21574.0,999954.9,1064676.9000000001,1425.0,4711.0,6136.0,0.05850526857988673,applied_local_ep05_cost_model_to_unadjusted_ohlc_unit_notional,1368
2023-03-17,2023-03-20,2023-03-27,3594,磐儀,TPEx,market_bias_pool_trend_route,regime_switch_hybrid_route,mega_or_stock_route,stable_strength,next_day_open_entry_fixed_5td_exit,unadjusted_open,unadjusted_close,46.8,47.6,51.5,46.8,51.5,0.10042735042735051,True,,official_unadjusted_ohlcv_tpex_trading_stock,official_unadjusted_ohlcv_tpex_trading_stock,TPEX_TRADING_STOCK,TPEX_TRADING_STOCK,False,unadjusted_ohlcv; adjusted_close_blocked_not_fabricated,True,False,False,False,False,False,False,False,True,False,1000000,21367.0,999975.6,1100400.5,1425.0,4869.0,6294.0,0.09399924465793212,applied_local_ep05_cost_model_to_unadjusted_ohlc_unit_notional,1368
2023-03-17,2023-03-20,2023-03-27,3594,磐儀,TPEx,pool_breadth_route,regime_switch_hybrid_route,mega_or_stock_route,stable_strength,next_day_close_entry_fixed_5td_exit,unadjusted_close,unadjusted_close,46.8,47.6,51.5,47.6,51.5,0.08193277310924363,True,,official_unadjusted_ohlcv_tpex_trading_stock,official_unadjusted_ohlcv_tpex_trading_stock,TPEX_TRADING_STOCK,TPEX_TRADING_STOCK,False,unadjusted_ohlcv; adjusted_close_blocked_not_fabricated,True,False,False,False,False,False,False,False,True,False,1000000,21008.0,999980.8,1081912.0,1425.0,4788.0,6213.0,0.07561190478425424,applied_local_ep05_cost_model_to_unadjusted_ohlc_unit_notional,1368
2023-03-17,2023-03-17,2023-03-24,3594,磐儀,TPEx,pool_breadth_route,regime_switch_hybrid_route,mega_or_stock_route,stable_strength,same_week_close_to_next_rebalance_close_comparator,unadjusted_close,unadjusted_close,47.05,46.35,49.35,46.35,49.35,0.06472491909385103,True,,official_unadjusted_ohlcv_tpex_trading_stock,official_unadjusted_ohlcv_tpex_trading_stock,TPEX_TRADING_STOCK,TPEX_TRADING_STOCK,False,unadjusted_ohlcv; adjusted_close_blocked_not_fabricated,True,False,False,False,False,False,False,False,True,False,1000000,21574.0,999954.9,1064676.9000000001,1425.0,4711.0,6136.0,0.05850526857988673,applied_local_ep05_cost_model_to_unadjusted_ohlc_unit_notional,1368
2023-03-17,2023-03-20,2023-03-27,3594,磐儀,TPEx,pool_breadth_route,regime_switch_hybrid_route,mega_or_stock_route,stable_strength,next_day_open_entry_fixed_5td_exit,unadjusted_open,unadjusted_close,46.8,47.6,51.5,46.8,51.5,0.10042735042735051,True,,official_unadjusted_ohlcv_tpex_trading_stock,official_unadjusted_ohlcv_tpex_trading_stock,TPEX_TRADING_STOCK,TPEX_TRADING_STOCK,False,unadjusted_ohlcv; adjusted_close_blocked_not_fabricated,True,False,False,False,False,False,False,False,True,False,1000000,21367.0,999975.6,1100400.5,1425.0,4869.0,6294.0,0.09399924465793212,applied_local_ep05_cost_model_to_unadjusted_ohlc_unit_notional,1368
2023-03-24,2023-03-27,2023-04-06,2453,凌群,TWSE,dynamic80_top1_rs20_31_bonus_proxy,legacy_rs20_operating_mode,mega_rs20,dynamic80_top1_rs20_31_bonus_proxy,next_day_close_entry_fixed_5td_exit,unadjusted_close,unadjusted_close,69.5,68.8,67.6,68.8,67.6,-0.01744186046511631,True,,official_unadjusted_ohlcv_twse_stock_day,official_unadjusted_ohlcv_twse_stock_day,TWSE_STOCK_DAY,TWSE_STOCK_DAY,False,unadjusted_ohlcv; adjusted_close_blocked_not_fabricated,True,False,False,False,False,False,False,False,True,False,1000000,14534.0,999939.2,982498.3999999999,1425.0,4347.0,5772.0,-0.023181176239374292,applied_local_ep05_cost_model_to_unadjusted_ohlc_unit_notional,1368
2023-03-24,2023-03-24,2023-03-31,2453,凌群,TWSE,dynamic80_top1_rs20_31_bonus_proxy,legacy_rs20_operating_mode,mega_rs20,dynamic80_top1_rs20_31_bonus_proxy,same_week_close_to_next_rebalance_close_comparator,unadjusted_close,unadjusted_close,69.9,68.6,68.3,68.6,68.3,-0.004373177842565523,True,,official_unadjusted_ohlcv_twse_stock_day,official_unadjusted_ohlcv_twse_stock_day,TWSE_STOCK_DAY,TWSE_STOCK_DAY,False,unadjusted_ohlcv; adjusted_close_blocked_not_fabricated,True,False,False,False,False,False,False,False,True,False,1000000,14577.0,999982.2,995609.1,1425.0,4406.0,5831.0,-0.010189760968365293,applied_local_ep05_cost_model_to_unadjusted_ohlc_unit_notional,1368
2023-03-24,2023-03-27,2023-04-06,2453,凌群,TWSE,dynamic80_top1_rs20_31_bonus_proxy,legacy_rs20_operating_mode,mega_rs20,dynamic80_top1_rs20_31_bonus_proxy,next_day_open_entry_fixed_5td_exit,unadjusted_open,unadjusted_close,69.5,68.8,67.6,69.5,67.6,-0.027338129496402908,True,,official_unadjusted_ohlcv_twse_stock_day,official_unadjusted_ohlcv_twse_stock_day,TWSE_STOCK_DAY,TWSE_STOCK_DAY,False,unadjusted_ohlcv; adjusted_close_blocked_not_fabricated,True,False,False,False,False,False,False,False,True,False,1000000,14388.0,999966.0,972628.7999999999,1425.0,4304.0,5729.0,-0.0330202688060908,applied_local_ep05_cost_model_to_unadjusted_ohlc_unit_notional,1368
2023-03-24,2023-03-27,2023-04-06,2453,凌群,TWSE,dynamic80_top1_rs20_7core_context_proxy,legacy_rs20_operating_mode,mega_rs20,dynamic80_top1_rs20_7core_context_proxy,next_day_close_entry_fixed_5td_exit,unadjusted_close,unadjusted_close,69.5,68.8,67.6,68.8,67.6,-0.01744186046511631,True,,official_unadjusted_ohlcv_twse_stock_day,official_unadjusted_ohlcv_twse_stock_day,TWSE_STOCK_DAY,TWSE_STOCK_DAY,False,unadjusted_ohlcv; adjusted_close_blocked_not_fabricated,True,False,False,False,False,False,False,False,True,False,1000000,14534.0,999939.2,982498.3999999999,1425.0,4347.0,5772.0,-0.023181176239374292,applied_local_ep05_cost_model_to_unadjusted_ohlc_unit_notional,1368
2023-03-24,2023-03-24,2023-03-31,2453,凌群,TWSE,dynamic80_top1_rs20_7core_context_proxy,legacy_rs20_operating_mode,mega_rs20,dynamic80_top1_rs20_7core_context_proxy,same_week_close_to_next_rebalance_close_comparator,unadjusted_close,unadjusted_close,69.9,68.6,68.3,68.6,68.3,-0.004373177842565523,True,,official_unadjusted_ohlcv_twse_stock_day,official_unadjusted_ohlcv_twse_stock_day,TWSE_STOCK_DAY,TWSE_STOCK_DAY,False,unadjusted_ohlcv; adjusted_close_blocked_not_fabricated,True,False,False,False,False,False,False,False,True,False,1000000,14577.0,999982.2,995609.1,1425.0,4406.0,5831.0,-0.010189760968365293,applied_local_ep05_cost_model_to_unadjusted_ohlc_unit_notional,1368
2023-03-24,2023-03-27,2023-04-06,2453,凌群,TWSE,dynamic80_top1_rs20_7core_context_proxy,legacy_rs20_operating_mode,mega_rs20,dynamic80_top1_rs20_7core_context_proxy,next_day_open_entry_fixed_5td_exit,unadjusted_open,unadjusted_close,69.5,68.8,67.6,69.5,67.6,-0.027338129496402908,True,,official_unadjusted_ohlcv_twse_stock_day,official_unadjusted_ohlcv_twse_stock_day,TWSE_STOCK_DAY,TWSE_STOCK_DAY,False,unadjusted_ohlcv; adjusted_close_blocked_not_fabricated,True,False,False,False,False,False,False,False,True,False,1000000,14388.0,999966.0,972628.7999999999,1425.0,4304.0,5729.0,-0.0330202688060908,applied_local_ep05_cost_model_to_unadjusted_ohlc_unit_notional,1368
2023-03-24,2023-03-27,2023-04-06,2453,凌群,TWSE,dynamic80_top1_rs20_proxy,legacy_rs20_operating_mode,mega_rs20,dynamic80_top1_rs20_proxy,next_day_close_entry_fixed_5td_exit,unadjusted_close,unadjusted_close,69.5,68.8,67.6,68.8,67.6,-0.01744186046511631,True,,official_unadjusted_ohlcv_twse_stock_day,official_unadjusted_ohlcv_twse_stock_day,TWSE_STOCK_DAY,TWSE_STOCK_DAY,False,unadjusted_ohlcv; adjusted_close_blocked_not_fabricated,True,False,False,False,False,False,False,False,True,False,1000000,14534.0,999939.2,982498.3999999999,1425.0,4347.0,5772.0,-0.023181176239374292,applied_local_ep05_cost_model_to_unadjusted_ohlc_unit_notional,1368
2023-03-24,2023-03-24,2023-03-31,2453,凌群,TWSE,dynamic80_top1_rs20_proxy,legacy_rs20_operating_mode,mega_rs20,dynamic80_top1_rs20_proxy,same_week_close_to_next_rebalance_close_comparator,unadjusted_close,unadjusted_close,69.9,68.6,68.3,68.6,68.3,-0.004373177842565523,True,,official_unadjusted_ohlcv_twse_stock_day,official_unadjusted_ohlcv_twse_stock_day,TWSE_STOCK_DAY,TWSE_STOCK_DAY,False,unadjusted_ohlcv; adjusted_close_blocked_not_fabricated,True,False,False,False,False,False,False,False,True,False,1000000,14577.0,999982.2,995609.1,1425.0,4406.0,5831.0,-0.010189760968365293,applied_local_ep05_cost_model_to_unadjusted_ohlc_unit_notional,1368
2023-03-24,2023-03-27,2023-04-06,2453,凌群,TWSE,dynamic80_top1_rs20_proxy,legacy_rs20_operating_mode,mega_rs20,dynamic80_top1_rs20_proxy,next_day_open_entry_fixed_5td_exit,unadjusted_open,unadjusted_close,69.5,68.8,67.6,69.5,67.6,-0.027338129496402908,True,,official_unadjusted_ohlcv_twse_stock_day,official_unadjusted_ohlcv_twse_stock_day,TWSE_STOCK_DAY,TWSE_STOCK_DAY,False,unadjusted_ohlcv; adjusted_close_blocked_not_fabricated,True,False,False,False,False,False,False,False,True,False,1000000,14388.0,999966.0,972628.7999999999,1425.0,4304.0,5729.0,-0.0330202688060908,applied_local_ep05_cost_model_to_unadjusted_ohlc_unit_notional,1368
2023-03-24,2023-03-27,2023-04-06,2453,凌群,TWSE,dynamic80_top3_rs20_risk_tiebreak_proxy,legacy_rs20_operating_mode,mega_rs20,dynamic80_top3_rs20_risk_tiebreak_proxy,next_day_close_entry_fixed_5td_exit,unadjusted_close,unadjusted_close,69.5,68.8,67.6,68.8,67.6,-0.01744186046511631,True,,official_unadjusted_ohlcv_twse_stock_day,official_unadjusted_ohlcv_twse_stock_day,TWSE_STOCK_DAY,TWSE_STOCK_DAY,False,unadjusted_ohlcv; adjusted_close_blocked_not_fabricated,True,False,False,False,False,False,False,False,True,False,1000000,14534.0,999939.2,982498.3999999999,1425.0,4347.0,5772.0,-0.023181176239374292,applied_local_ep05_cost_model_to_unadjusted_ohlc_unit_notional,1368
2023-03-24,2023-03-24,2023-03-31,2453,凌群,TWSE,dynamic80_top3_rs20_risk_tiebreak_proxy,legacy_rs20_operating_mode,mega_rs20,dynamic80_top3_rs20_risk_tiebreak_proxy,same_week_close_to_next_rebalance_close_comparator,unadjusted_close,unadjusted_close,69.9,68.6,68.3,68.6,68.3,-0.004373177842565523,True,,official_unadjusted_ohlcv_twse_stock_day,official_unadjusted_ohlcv_twse_stock_day,TWSE_STOCK_DAY,TWSE_STOCK_DAY,False,unadjusted_ohlcv; adjusted_close_blocked_not_fabricated,True,False,False,False,False,False,False,False,True,False,1000000,14577.0,999982.2,995609.1,1425.0,4406.0,5831.0,-0.010189760968365293,applied_local_ep05_cost_model_to_unadjusted_ohlc_unit_notional,1368
2023-03-24,2023-03-27,2023-04-06,2453,凌群,TWSE,dynamic80_top3_rs20_risk_tiebreak_proxy,legacy_rs20_operating_mode,mega_rs20,dynamic80_top3_rs20_risk_tiebreak_proxy,next_day_open_entry_fixed_5td_exit,unadjusted_open,unadjusted_close,69.5,68.8,67.6,69.5,67.6,-0.027338129496402908,True,,official_unadjusted_ohlcv_twse_stock_day,official_unadjusted_ohlcv_twse_stock_day,TWSE_STOCK_DAY,TWSE_STOCK_DAY,False,unadjusted_ohlcv; adjusted_close_blocked_not_fabricated,True,False,False,False,False,False,False,False,True,False,1000000,14388.0,999966.0,972628.7999999999,1425.0,4304.0,5729.0,-0.0330202688060908,applied_local_ep05_cost_model_to_unadjusted_ohlc_unit_notional,1368
2023-03-24,2023-03-27,2023-04-06,3046,建碁,TWSE,conservative_hurdle_route,regime_switch_hybrid_route,ordinary_defensive_00631L_base,rs20_top3_risk_tiebreak,next_day_close_entry_fixed_5td_exit,unadjusted_close,unadjusted_close,70.7,69.1,71.9,69.1,71.9,0.0405209840810421,True,,official_unadjusted_ohlcv_twse_stock_day,official_unadjusted_ohlcv_twse_stock_day,TWSE_STOCK_DAY,TWSE_STOCK_DAY,False,unadjusted_ohlcv; adjusted_close_blocked_not_fabricated,True,False,False,False,False,False,False,False,True,False,1000000,14471.0,999946.0999999999,1040464.9000000001,1425.0,4604.0,6029.0,0.03444257578434237,applied_local_ep05_cost_model_to_unadjusted_ohlc_unit_notional,1368
2023-03-24,2023-03-24,2023-03-31,3046,建碁,TWSE,conservative_hurdle_route,regime_switch_hybrid_route,ordinary_defensive_00631L_base,rs20_top3_risk_tiebreak,same_week_close_to_next_rebalance_close_comparator,unadjusted_close,unadjusted_close,70.5,70.1,70.5,70.1,70.5,0.005706134094151327,True,,official_unadjusted_ohlcv_twse_stock_day,official_unadjusted_ohlcv_twse_stock_day,TWSE_STOCK_DAY,TWSE_STOCK_DAY,False,unadjusted_ohlcv; adjusted_close_blocked_not_fabricated,True,False,False,False,False,False,False,False,True,False,1000000,14265.0,999976.4999999999,1005682.5,1425.0,4450.0,5875.0,-0.00016876347798548694,applied_local_ep05_cost_model_to_unadjusted_ohlc_unit_notional,1368
2023-03-24,2023-03-27,2023-04-06,3046,建碁,TWSE,conservative_hurdle_route,regime_switch_hybrid_route,ordinary_defensive_00631L_base,rs20_top3_risk_tiebreak,next_day_open_entry_fixed_5td_exit,unadjusted_open,unadjusted_close,70.7,69.1,71.9,70.7,71.9,0.016973125884017115,True,,official_unadjusted_ohlcv_twse_stock_day,official_unadjusted_ohlcv_twse_stock_day,TWSE_STOCK_DAY,TWSE_STOCK_DAY,False,unadjusted_ohlcv; adjusted_close_blocked_not_fabricated,True,False,False,False,False,False,False,False,True,False,1000000,14144.0,999980.8,1016953.6000000001,1425.0,4500.0,5925.0,0.011032290805585553,applied_local_ep05_cost_model_to_unadjusted_ohlc_unit_notional,1368
2023-03-24,2023-03-27,2023-04-06,3046,建碁,TWSE,dispersion_route,regime_switch_hybrid_route,dispersion,rs20_top3_risk_tiebreak,next_day_close_entry_fixed_5td_exit,unadjusted_close,unadjusted_close,70.7,69.1,71.9,69.1,71.9,0.0405209840810421,True,,official_unadjusted_ohlcv_twse_stock_day,official_unadjusted_ohlcv_twse_stock_day,TWSE_STOCK_DAY,TWSE_STOCK_DAY,False,unadjusted_ohlcv; adjusted_close_blocked_not_fabricated,True,False,False,False,False,False,False,False,True,False,1000000,14471.0,999946.0999999999,1040464.9000000001,1425.0,4604.0,6029.0,0.03444257578434237,applied_local_ep05_cost_model_to_unadjusted_ohlc_unit_notional,1368
2023-03-24,2023-03-24,2023-03-31,3046,建碁,TWSE,dispersion_route,regime_switch_hybrid_route,dispersion,rs20_top3_risk_tiebreak,same_week_close_to_next_rebalance_close_comparator,unadjusted_close,unadjusted_close,70.5,70.1,70.5,70.1,70.5,0.005706134094151327,True,,official_unadjusted_ohlcv_twse_stock_day,official_unadjusted_ohlcv_twse_stock_day,TWSE_STOCK_DAY,TWSE_STOCK_DAY,False,unadjusted_ohlcv; adjusted_close_blocked_not_fabricated,True,False,False,False,False,False,False,False,True,False,1000000,14265.0,999976.4999999999,1005682.5,1425.0,4450.0,5875.0,-0.00016876347798548694,applied_local_ep05_cost_model_to_unadjusted_ohlc_unit_notional,1368
2023-03-24,2023-03-27,2023-04-06,3046,建碁,TWSE,dispersion_route,regime_switch_hybrid_route,dispersion,rs20_top3_risk_tiebreak,next_day_open_entry_fixed_5td_exit,unadjusted_open,unadjusted_close,70.7,69.1,71.9,70.7,71.9,0.016973125884017115,True,,official_unadjusted_ohlcv_twse_stock_day,official_unadjusted_ohlcv_twse_stock_day,TWSE_STOCK_DAY,TWSE_STOCK_DAY,False,unadjusted_ohlcv; adjusted_close_blocked_not_fabricated,True,False,False,False,False,False,False,False,True,False,1000000,14144.0,999980.8,1016953.6000000001,1425.0,4500.0,5925.0,0.011032290805585553,applied_local_ep05_cost_model_to_unadjusted_ohlc_unit_notional,1368
2023-03-24,2023-03-27,2023-04-06,3046,建碁,TWSE,hybrid_pullback_base_mega_override,regime_switch_hybrid_route,hybrid,rs20_top3_risk_tiebreak,next_day_close_entry_fixed_5td_exit,unadjusted_close,unadjusted_close,70.7,69.1,71.9,69.1,71.9,0.0405209840810421,True,,official_unadjusted_ohlcv_twse_stock_day,official_unadjusted_ohlcv_twse_stock_day,TWSE_STOCK_DAY,TWSE_STOCK_DAY,False,unadjusted_ohlcv; adjusted_close_blocked_not_fabricated,True,False,False,False,False,False,False,False,True,False,1000000,14471.0,999946.0999999999,1040464.9000000001,1425.0,4604.0,6029.0,0.03444257578434237,applied_local_ep05_cost_model_to_unadjusted_ohlc_unit_notional,1368
2023-03-24,2023-03-24,2023-03-31,3046,建碁,TWSE,hybrid_pullback_base_mega_override,regime_switch_hybrid_route,hybrid,rs20_top3_risk_tiebreak,same_week_close_to_next_rebalance_close_comparator,unadjusted_close,unadjusted_close,70.5,70.1,70.5,70.1,70.5,0.005706134094151327,True,,official_unadjusted_ohlcv_twse_stock_day,official_unadjusted_ohlcv_twse_stock_day,TWSE_STOCK_DAY,TWSE_STOCK_DAY,False,unadjusted_ohlcv; adjusted_close_blocked_not_fabricated,True,False,False,False,False,False,False,False,True,False,1000000,14265.0,999976.4999999999,1005682.5,1425.0,4450.0,5875.0,-0.00016876347798548694,applied_local_ep05_cost_model_to_unadjusted_ohlc_unit_notional,1368
2023-03-24,2023-03-27,2023-04-06,3046,建碁,TWSE,hybrid_pullback_base_mega_override,regime_switch_hybrid_route,hybrid,rs20_top3_risk_tiebreak,next_day_open_entry_fixed_5td_exit,unadjusted_open,unadjusted_close,70.7,69.1,71.9,70.7,71.9,0.016973125884017115,True,,official_unadjusted_ohlcv_twse_stock_day,official_unadjusted_ohlcv_twse_stock_day,TWSE_STOCK_DAY,TWSE_STOCK_DAY,False,unadjusted_ohlcv; adjusted_close_blocked_not_fabricated,True,False,False,False,False,False,False,False,True,False,1000000,14144.0,999980.8,1016953.6000000001,1425.0,4500.0,5925.0,0.011032290805585553,applied_local_ep05_cost_model_to_unadjusted_ohlc_unit_notional,1368
2023-03-24,2023-03-27,2023-04-06,2453,凌群,TWSE,market_bias_pool_trend_route,regime_switch_hybrid_route,mega_or_stock_route,stable_strength,next_day_close_entry_fixed_5td_exit,unadjusted_close,unadjusted_close,69.5,68.8,67.6,68.8,67.6,-0.01744186046511631,True,,official_unadjusted_ohlcv_twse_stock_day,official_unadjusted_ohlcv_twse_stock_day,TWSE_STOCK_DAY,TWSE_STOCK_DAY,False,unadjusted_ohlcv; adjusted_close_blocked_not_fabricated,True,False,False,False,False,False,False,False,True,False,1000000,14534.0,999939.2,982498.3999999999,1425.0,4347.0,5772.0,-0.023181176239374292,applied_local_ep05_cost_model_to_unadjusted_ohlc_unit_notional,1368
2023-03-24,2023-03-24,2023-03-31,2453,凌群,TWSE,market_bias_pool_trend_route,regime_switch_hybrid_route,mega_or_stock_route,stable_strength,same_week_close_to_next_rebalance_close_comparator,unadjusted_close,unadjusted_close,69.9,68.6,68.3,68.6,68.3,-0.004373177842565523,True,,official_unadjusted_ohlcv_twse_stock_day,official_unadjusted_ohlcv_twse_stock_day,TWSE_STOCK_DAY,TWSE_STOCK_DAY,False,unadjusted_ohlcv; adjusted_close_blocked_not_fabricated,True,False,False,False,False,False,False,False,True,False,1000000,14577.0,999982.2,995609.1,1425.0,4406.0,5831.0,-0.010189760968365293,applied_local_ep05_cost_model_to_unadjusted_ohlc_unit_notional,1368
2023-03-24,2023-03-27,2023-04-06,2453,凌群,TWSE,market_bias_pool_trend_route,regime_switch_hybrid_route,mega_or_stock_route,stable_strength,next_day_open_entry_fixed_5td_exit,unadjusted_open,unadjusted_close,69.5,68.8,67.6,69.5,67.6,-0.027338129496402908,True,,official_unadjusted_ohlcv_twse_stock_day,official_unadjusted_ohlcv_twse_stock_day,TWSE_STOCK_DAY,TWSE_STOCK_DAY,False,unadjusted_ohlcv; adjusted_close_blocked_not_fabricated,True,False,False,False,False,False,False,False,True,False,1000000,14388.0,999966.0,972628.7999999999,1425.0,4304.0,5729.0,-0.0330202688060908,applied_local_ep05_cost_model_to_unadjusted_ohlc_unit_notional,1368
2023-03-24,2023-03-27,2023-04-06,2453,凌群,TWSE,pool_breadth_route,regime_switch_hybrid_route,mega_or_stock_route,stable_strength,next_day_close_entry_fixed_5td_exit,unadjusted_close,unadjusted_close,69.5,68.8,67.6,68.8,67.6,-0.01744186046511631,True,,official_unadjusted_ohlcv_twse_stock_day,official_unadjusted_ohlcv_twse_stock_day,TWSE_STOCK_DAY,TWSE_STOCK_DAY,False,unadjusted_ohlcv; adjusted_close_blocked_not_fabricated,True,False,False,False,False,False,False,False,True,False,1000000,14534.0,999939.2,982498.3999999999,1425.0,4347.0,5772.0,-0.023181176239374292,applied_local_ep05_cost_model_to_unadjusted_ohlc_unit_notional,1368
2023-03-24,2023-03-24,2023-03-31,2453,凌群,TWSE,pool_breadth_route,regime_switch_hybrid_route,mega_or_stock_route,stable_strength,same_week_close_to_next_rebalance_close_comparator,unadjusted_close,unadjusted_close,69.9,68.6,68.3,68.6,68.3,-0.004373177842565523,True,,official_unadjusted_ohlcv_twse_stock_day,official_unadjusted_ohlcv_twse_stock_day,TWSE_STOCK_DAY,TWSE_STOCK_DAY,False,unadjusted_ohlcv; adjusted_close_blocked_not_fabricated,True,False,False,False,False,False,False,False,True,False,1000000,14577.0,999982.2,995609.1,1425.0,4406.0,5831.0,-0.010189760968365293,applied_local_ep05_cost_model_to_unadjusted_ohlc_unit_notional,1368
2023-03-24,2023-03-27,2023-04-06,2453,凌群,TWSE,pool_breadth_route,regime_switch_hybrid_route,mega_or_stock_route,stable_strength,next_day_open_entry_fixed_5td_exit,unadjusted_open,unadjusted_close,69.5,68.8,67.6,69.5,67.6,-0.027338129496402908,True,,official_unadjusted_ohlcv_twse_stock_day,official_unadjusted_ohlcv_twse_stock_day,TWSE_STOCK_DAY,TWSE_STOCK_DAY,False,unadjusted_ohlcv; adjusted_close_blocked_not_fabricated,True,False,False,False,False,False,False,False,True,False,1000000,14388.0,999966.0,972628.7999999999,1425.0,4304.0,5729.0,-0.0330202688060908,applied_local_ep05_cost_model_to_unadjusted_ohlc_unit_notional,1368
2023-03-31,2023-04-06,2023-04-13,6472,保瑞,TPEx,dynamic80_top1_rs20_31_bonus_proxy,legacy_rs20_operating_mode,mega_rs20,dynamic80_top1_rs20_31_bonus_proxy,next_day_close_entry_fixed_5td_exit,unadjusted_close,unadjusted_close,760.0,808.0,778.0,808.0,778.0,-0.03712871287128716,True,,official_unadjusted_ohlcv_tpex_trading_stock,official_unadjusted_ohlcv_tpex_trading_stock,TPEX_TRADING_STOCK,TPEX_TRADING_STOCK,False,unadjusted_ohlcv; adjusted_close_blocked_not_fabricated,True,False,False,False,False,False,False,False,True,False,1000000,1237.0,999496.0,962386.0,1424.0,4258.0,5682.0,-0.04275266754585781,applied_local_ep05_cost_model_to_unadjusted_ohlc_unit_notional,1368
2023-03-31,2023-03-31,2023-04-07,6472,保瑞,TPEx,dynamic80_top1_rs20_31_bonus_proxy,legacy_rs20_operating_mode,mega_rs20,dynamic80_top1_rs20_31_bonus_proxy,same_week_close_to_next_rebalance_close_comparator,unadjusted_close,unadjusted_close,751.0,740.0,814.0,740.0,814.0,0.10000000000000009,True,,official_unadjusted_ohlcv_tpex_trading_stock,official_unadjusted_ohlcv_tpex_trading_stock,TPEX_TRADING_STOCK,TPEX_TRADING_STOCK,False,unadjusted_ohlcv; adjusted_close_blocked_not_fabricated,True,False,False,False,False,False,False,False,True,False,1000000,1351.0,999740.0,1099714.0,1425.0,4866.0,6291.0,0.09357398630595357,applied_local_ep05_cost_model_to_unadjusted_ohlc_unit_notional,1368
2023-03-31,2023-04-06,2023-04-13,6472,保瑞,TPEx,dynamic80_top1_rs20_31_bonus_proxy,legacy_rs20_operating_mode,mega_rs20,dynamic80_top1_rs20_31_bonus_proxy,next_day_open_entry_fixed_5td_exit,unadjusted_open,unadjusted_close,760.0,808.0,778.0,760.0,778.0,0.023684210526315752,True,,official_unadjusted_ohlcv_tpex_trading_stock,official_unadjusted_ohlcv_tpex_trading_stock,TPEX_TRADING_STOCK,TPEX_TRADING_STOCK,False,unadjusted_ohlcv; adjusted_close_blocked_not_fabricated,True,False,False,False,False,False,False,False,True,False,1000000,1315.0,999400.0,1023070.0,1424.0,4527.0,5951.0,0.017704411564870546,applied_local_ep05_cost_model_to_unadjusted_ohlc_unit_notional,1368
2023-03-31,2023-04-06,2023-04-13,6472,保瑞,TPEx,dynamic80_top1_rs20_7core_context_proxy,legacy_rs20_operating_mode,mega_rs20,dynamic80_top1_rs20_7core_context_proxy,next_day_close_entry_fixed_5td_exit,unadjusted_close,unadjusted_close,760.0,808.0,778.0,808.0,778.0,-0.03712871287128716,True,,official_unadjusted_ohlcv_tpex_trading_stock,official_unadjusted_ohlcv_tpex_trading_stock,TPEX_TRADING_STOCK,TPEX_TRADING_STOCK,False,unadjusted_ohlcv; adjusted_close_blocked_not_fabricated,True,False,False,False,False,False,False,False,True,False,1000000,1237.0,999496.0,962386.0,1424.0,4258.0,5682.0,-0.04275266754585781,applied_local_ep05_cost_model_to_unadjusted_ohlc_unit_notional,1368
2023-03-31,2023-03-31,2023-04-07,6472,保瑞,TPEx,dynamic80_top1_rs20_7core_context_proxy,legacy_rs20_operating_mode,mega_rs20,dynamic80_top1_rs20_7core_context_proxy,same_week_close_to_next_rebalance_close_comparator,unadjusted_close,unadjusted_close,751.0,740.0,814.0,740.0,814.0,0.10000000000000009,True,,official_unadjusted_ohlcv_tpex_trading_stock,official_unadjusted_ohlcv_tpex_trading_stock,TPEX_TRADING_STOCK,TPEX_TRADING_STOCK,False,unadjusted_ohlcv; adjusted_close_blocked_not_fabricated,True,False,False,False,False,False,False,False,True,False,1000000,1351.0,999740.0,1099714.0,1425.0,4866.0,6291.0,0.09357398630595357,applied_local_ep05_cost_model_to_unadjusted_ohlc_unit_notional,1368
2023-03-31,2023-04-06,2023-04-13,6472,保瑞,TPEx,dynamic80_top1_rs20_7core_context_proxy,legacy_rs20_operating_mode,mega_rs20,dynamic80_top1_rs20_7core_context_proxy,next_day_open_entry_fixed_5td_exit,unadjusted_open,unadjusted_close,760.0,808.0,778.0,760.0,778.0,0.023684210526315752,True,,official_unadjusted_ohlcv_tpex_trading_stock,official_unadjusted_ohlcv_tpex_trading_stock,TPEX_TRADING_STOCK,TPEX_TRADING_STOCK,False,unadjusted_ohlcv; adjusted_close_blocked_not_fabricated,True,False,False,False,False,False,False,False,True,False,1000000,1315.0,999400.0,1023070.0,1424.0,4527.0,5951.0,0.017704411564870546,applied_local_ep05_cost_model_to_unadjusted_ohlc_unit_notional,1368
2023-03-31,2023-04-06,2023-04-13,6472,保瑞,TPEx,dynamic80_top1_rs20_proxy,legacy_rs20_operating_mode,mega_rs20,dynamic80_top1_rs20_proxy,next_day_close_entry_fixed_5td_exit,unadjusted_close,unadjusted_close,760.0,808.0,778.0,808.0,778.0,-0.03712871287128716,True,,official_unadjusted_ohlcv_tpex_trading_stock,official_unadjusted_ohlcv_tpex_trading_stock,TPEX_TRADING_STOCK,TPEX_TRADING_STOCK,False,unadjusted_ohlcv; adjusted_close_blocked_not_fabricated,True,False,False,False,False,False,False,False,True,False,1000000,1237.0,999496.0,962386.0,1424.0,4258.0,5682.0,-0.04275266754585781,applied_local_ep05_cost_model_to_unadjusted_ohlc_unit_notional,1368
2023-03-31,2023-03-31,2023-04-07,6472,保瑞,TPEx,dynamic80_top1_rs20_proxy,legacy_rs20_operating_mode,mega_rs20,dynamic80_top1_rs20_proxy,same_week_close_to_next_rebalance_close_comparator,unadjusted_close,unadjusted_close,751.0,740.0,814.0,740.0,814.0,0.10000000000000009,True,,official_unadjusted_ohlcv_tpex_trading_stock,official_unadjusted_ohlcv_tpex_trading_stock,TPEX_TRADING_STOCK,TPEX_TRADING_STOCK,False,unadjusted_ohlcv; adjusted_close_blocked_not_fabricated,True,False,False,False,False,False,False,False,True,False,1000000,1351.0,999740.0,1099714.0,1425.0,4866.0,6291.0,0.09357398630595357,applied_local_ep05_cost_model_to_unadjusted_ohlc_unit_notional,1368
2023-03-31,2023-04-06,2023-04-13,6472,保瑞,TPEx,dynamic80_top1_rs20_proxy,legacy_rs20_operating_mode,mega_rs20,dynamic80_top1_rs20_proxy,next_day_open_entry_fixed_5td_exit,unadjusted_open,unadjusted_close,760.0,808.0,778.0,760.0,778.0,0.023684210526315752,True,,official_unadjusted_ohlcv_tpex_trading_stock,official_unadjusted_ohlcv_tpex_trading_stock,TPEX_TRADING_STOCK,TPEX_TRADING_STOCK,False,unadjusted_ohlcv; adjusted_close_blocked_not_fabricated,True,False,False,False,False,False,False,False,True,False,1000000,1315.0,999400.0,1023070.0,1424.0,4527.0,5951.0,0.017704411564870546,applied_local_ep05_cost_model_to_unadjusted_ohlc_unit_notional,1368
2023-03-31,2023-04-06,2023-04-13,6472,保瑞,TPEx,dynamic80_top3_rs20_risk_tiebreak_proxy,legacy_rs20_operating_mode,mega_rs20,dynamic80_top3_rs20_risk_tiebreak_proxy,next_day_close_entry_fixed_5td_exit,unadjusted_close,unadjusted_close,760.0,808.0,778.0,808.0,778.0,-0.03712871287128716,True,,official_unadjusted_ohlcv_tpex_trading_stock,official_unadjusted_ohlcv_tpex_trading_stock,TPEX_TRADING_STOCK,TPEX_TRADING_STOCK,False,unadjusted_ohlcv; adjusted_close_blocked_not_fabricated,True,False,False,False,False,False,False,False,True,False,1000000,1237.0,999496.0,962386.0,1424.0,4258.0,5682.0,-0.04275266754585781,applied_local_ep05_cost_model_to_unadjusted_ohlc_unit_notional,1368
2023-03-31,2023-03-31,2023-04-07,6472,保瑞,TPEx,dynamic80_top3_rs20_risk_tiebreak_proxy,legacy_rs20_operating_mode,mega_rs20,dynamic80_top3_rs20_risk_tiebreak_proxy,same_week_close_to_next_rebalance_close_comparator,unadjusted_close,unadjusted_close,751.0,740.0,814.0,740.0,814.0,0.10000000000000009,True,,official_unadjusted_ohlcv_tpex_trading_stock,official_unadjusted_ohlcv_tpex_trading_stock,TPEX_TRADING_STOCK,TPEX_TRADING_STOCK,False,unadjusted_ohlcv; adjusted_close_blocked_not_fabricated,True,False,False,False,False,False,False,False,True,False,1000000,1351.0,999740.0,1099714.0,1425.0,4866.0,6291.0,0.09357398630595357,applied_local_ep05_cost_model_to_unadjusted_ohlc_unit_notional,1368
2023-03-31,2023-04-06,2023-04-13,6472,保瑞,TPEx,dynamic80_top3_rs20_risk_tiebreak_proxy,legacy_rs20_operating_mode,mega_rs20,dynamic80_top3_rs20_risk_tiebreak_proxy,next_day_open_entry_fixed_5td_exit,unadjusted_open,unadjusted_close,760.0,808.0,778.0,760.0,778.0,0.023684210526315752,True,,official_unadjusted_ohlcv_tpex_trading_stock,official_unadjusted_ohlcv_tpex_trading_stock,TPEX_TRADING_STOCK,TPEX_TRADING_STOCK,False,unadjusted_ohlcv; adjusted_close_blocked_not_fabricated,True,False,False,False,False,False,False,False,True,False,1000000,1315.0,999400.0,1023070.0,1424.0,4527.0,5951.0,0.017704411564870546,applied_local_ep05_cost_model_to_unadjusted_ohlc_unit_notional,1368
2023-03-31,2023-04-06,2023-04-13,6472,保瑞,TPEx,conservative_hurdle_route,regime_switch_hybrid_route,ordinary_defensive_00631L_base,rs20_top3_risk_tiebreak,next_day_close_entry_fixed_5td_exit,unadjusted_close,unadjusted_close,760.0,808.0,778.0,808.0,778.0,-0.03712871287128716,True,,official_unadjusted_ohlcv_tpex_trading_stock,official_unadjusted_ohlcv_tpex_trading_stock,TPEX_TRADING_STOCK,TPEX_TRADING_STOCK,False,unadjusted_ohlcv; adjusted_close_blocked_not_fabricated,True,False,False,False,False,False,False,False,True,False,1000000,1237.0,999496.0,962386.0,1424.0,4258.0,5682.0,-0.04275266754585781,applied_local_ep05_cost_model_to_unadjusted_ohlc_unit_notional,1368
2023-03-31,2023-03-31,2023-04-07,6472,保瑞,TPEx,conservative_hurdle_route,regime_switch_hybrid_route,ordinary_defensive_00631L_base,rs20_top3_risk_tiebreak,same_week_close_to_next_rebalance_close_comparator,unadjusted_close,unadjusted_close,751.0,740.0,814.0,740.0,814.0,0.10000000000000009,True,,official_unadjusted_ohlcv_tpex_trading_stock,official_unadjusted_ohlcv_tpex_trading_stock,TPEX_TRADING_STOCK,TPEX_TRADING_STOCK,False,unadjusted_ohlcv; adjusted_close_blocked_not_fabricated,True,False,False,False,False,False,False,False,True,False,1000000,1351.0,999740.0,1099714.0,1425.0,4866.0,6291.0,0.09357398630595357,applied_local_ep05_cost_model_to_unadjusted_ohlc_unit_notional,1368
2023-03-31,2023-04-06,2023-04-13,6472,保瑞,TPEx,conservative_hurdle_route,regime_switch_hybrid_route,ordinary_defensive_00631L_base,rs20_top3_risk_tiebreak,next_day_open_entry_fixed_5td_exit,unadjusted_open,unadjusted_close,760.0,808.0,778.0,760.0,778.0,0.023684210526315752,True,,official_unadjusted_ohlcv_tpex_trading_stock,official_unadjusted_ohlcv_tpex_trading_stock,TPEX_TRADING_STOCK,TPEX_TRADING_STOCK,False,unadjusted_ohlcv; adjusted_close_blocked_not_fabricated,True,False,False,False,False,False,False,False,True,False,1000000,1315.0,999400.0,1023070.0,1424.0,4527.0,5951.0,0.017704411564870546,applied_local_ep05_cost_model_to_unadjusted_ohlc_unit_notional,1368
2023-03-31,2023-04-06,2023-04-13,6472,保瑞,TPEx,dispersion_route,regime_switch_hybrid_route,dispersion,rs20_top3_risk_tiebreak,next_day_close_entry_fixed_5td_exit,unadjusted_close,unadjusted_close,760.0,808.0,778.0,808.0,778.0,-0.03712871287128716,True,,official_unadjusted_ohlcv_tpex_trading_stock,official_unadjusted_ohlcv_tpex_trading_stock,TPEX_TRADING_STOCK,TPEX_TRADING_STOCK,False,unadjusted_ohlcv; adjusted_close_blocked_not_fabricated,True,False,False,False,False,False,False,False,True,False,1000000,1237.0,999496.0,962386.0,1424.0,4258.0,5682.0,-0.04275266754585781,applied_local_ep05_cost_model_to_unadjusted_ohlc_unit_notional,1368
2023-03-31,2023-03-31,2023-04-07,6472,保瑞,TPEx,dispersion_route,regime_switch_hybrid_route,dispersion,rs20_top3_risk_tiebreak,same_week_close_to_next_rebalance_close_comparator,unadjusted_close,unadjusted_close,751.0,740.0,814.0,740.0,814.0,0.10000000000000009,True,,official_unadjusted_ohlcv_tpex_trading_stock,official_unadjusted_ohlcv_tpex_trading_stock,TPEX_TRADING_STOCK,TPEX_TRADING_STOCK,False,unadjusted_ohlcv; adjusted_close_blocked_not_fabricated,True,False,False,False,False,False,False,False,True,False,1000000,1351.0,999740.0,1099714.0,1425.0,4866.0,6291.0,0.09357398630595357,applied_local_ep05_cost_model_to_unadjusted_ohlc_unit_notional,1368
2023-03-31,2023-04-06,2023-04-13,6472,保瑞,TPEx,dispersion_route,regime_switch_hybrid_route,dispersion,rs20_top3_risk_tiebreak,next_day_open_entry_fixed_5td_exit,unadjusted_open,unadjusted_close,760.0,808.0,778.0,760.0,778.0,0.023684210526315752,True,,official_unadjusted_ohlcv_tpex_trading_stock,official_unadjusted_ohlcv_tpex_trading_stock,TPEX_TRADING_STOCK,TPEX_TRADING_STOCK,False,unadjusted_ohlcv; adjusted_close_blocked_not_fabricated,True,False,False,False,False,False,False,False,True,False,1000000,1315.0,999400.0,1023070.0,1424.0,4527.0,5951.0,0.017704411564870546,applied_local_ep05_cost_model_to_unadjusted_ohlc_unit_notional,1368
2023-03-31,2023-04-06,2023-04-13,6472,保瑞,TPEx,hybrid_pullback_base_mega_override,regime_switch_hybrid_route,hybrid,rs20_top3_risk_tiebreak,next_day_close_entry_fixed_5td_exit,unadjusted_close,unadjusted_close,760.0,808.0,778.0,808.0,778.0,-0.03712871287128716,True,,official_unadjusted_ohlcv_tpex_trading_stock,official_unadjusted_ohlcv_tpex_trading_stock,TPEX_TRADING_STOCK,TPEX_TRADING_STOCK,False,unadjusted_ohlcv; adjusted_close_blocked_not_fabricated,True,False,False,False,False,False,False,False,True,False,1000000,1237.0,999496.0,962386.0,1424.0,4258.0,5682.0,-0.04275266754585781,applied_local_ep05_cost_model_to_unadjusted_ohlc_unit_notional,1368
2023-03-31,2023-03-31,2023-04-07,6472,保瑞,TPEx,hybrid_pullback_base_mega_override,regime_switch_hybrid_route,hybrid,rs20_top3_risk_tiebreak,same_week_close_to_next_rebalance_close_comparator,unadjusted_close,unadjusted_close,751.0,740.0,814.0,740.0,814.0,0.10000000000000009,True,,official_unadjusted_ohlcv_tpex_trading_stock,official_unadjusted_ohlcv_tpex_trading_stock,TPEX_TRADING_STOCK,TPEX_TRADING_STOCK,False,unadjusted_ohlcv; adjusted_close_blocked_not_fabricated,True,False,False,False,False,False,False,False,True,False,1000000,1351.0,999740.0,1099714.0,1425.0,4866.0,6291.0,0.09357398630595357,applied_local_ep05_cost_model_to_unadjusted_ohlc_unit_notional,1368
2023-03-31,2023-04-06,2023-04-13,6472,保瑞,TPEx,hybrid_pullback_base_mega_override,regime_switch_hybrid_route,hybrid,rs20_top3_risk_tiebreak,next_day_open_entry_fixed_5td_exit,unadjusted_open,unadjusted_close,760.0,808.0,778.0,760.0,778.0,0.023684210526315752,True,,official_unadjusted_ohlcv_tpex_trading_stock,official_unadjusted_ohlcv_tpex_trading_stock,TPEX_TRADING_STOCK,TPEX_TRADING_STOCK,False,unadjusted_ohlcv; adjusted_close_blocked_not_fabricated,True,False,False,False,False,False,False,False,True,False,1000000,1315.0,999400.0,1023070.0,1424.0,4527.0,5951.0,0.017704411564870546,applied_local_ep05_cost_model_to_unadjusted_ohlc_unit_notional,1368
2023-03-31,2023-04-06,2023-04-13,6235,華孚,TWSE,market_bias_pool_trend_route,regime_switch_hybrid_route,mega_or_stock_route,stable_strength,next_day_close_entry_fixed_5td_exit,unadjusted_close,unadjusted_close,78.3,82.1,86.3,82.1,86.3,0.05115712545675999,True,,official_unadjusted_ohlcv_twse_stock_day,official_unadjusted_ohlcv_twse_stock_day,TWSE_STOCK_DAY,TWSE_STOCK_DAY,False,unadjusted_ohlcv; adjusted_close_blocked_not_fabricated,True,False,False,False,False,False,False,False,True,False,1000000,12180.0,999977.9999999999,1051134.0,1425.0,4651.0,6076.0,0.04501684137155583,applied_local_ep05_cost_model_to_unadjusted_ohlc_unit_notional,1368
2023-03-31,2023-03-31,2023-04-07,6235,華孚,TWSE,market_bias_pool_trend_route,regime_switch_hybrid_route,mega_or_stock_route,stable_strength,same_week_close_to_next_rebalance_close_comparator,unadjusted_close,unadjusted_close,70.4,77.3,80.4,77.3,80.4,0.040103492884864256,True,,official_unadjusted_ohlcv_twse_stock_day,official_unadjusted_ohlcv_twse_stock_day,TWSE_STOCK_DAY,TWSE_STOCK_DAY,False,unadjusted_ohlcv; adjusted_close_blocked_not_fabricated,True,False,False,False,False,False,False,False,True,False,1000000,12936.0,999952.7999999999,1040054.4,1425.0,4602.0,6027.0,0.03402771661205201,applied_local_ep05_cost_model_to_unadjusted_ohlc_unit_notional,1368
2023-03-31,2023-04-06,2023-04-13,6235,華孚,TWSE,market_bias_pool_trend_route,regime_switch_hybrid_route,mega_or_stock_route,stable_strength,next_day_open_entry_fixed_5td_exit,unadjusted_open,unadjusted_close,78.3,82.1,86.3,78.3,86.3,0.10217113665389532,True,,official_unadjusted_ohlcv_twse_stock_day,official_unadjusted_ohlcv_twse_stock_day,TWSE_STOCK_DAY,TWSE_STOCK_DAY,False,unadjusted_ohlcv; adjusted_close_blocked_not_fabricated,True,False,False,False,False,False,False,False,True,False,1000000,12771.0,999969.2999999999,1102137.3,1425.0,4877.0,6302.0,0.09573252014715894,applied_local_ep05_cost_model_to_unadjusted_ohlc_unit_notional,1368
2023-03-31,2023-04-06,2023-04-13,6235,華孚,TWSE,pool_breadth_route,regime_switch_hybrid_route,mega_or_stock_route,stable_strength,next_day_close_entry_fixed_5td_exit,unadjusted_close,unadjusted_close,78.3,82.1,86.3,82.1,86.3,0.05115712545675999,True,,official_unadjusted_ohlcv_twse_stock_day,official_unadjusted_ohlcv_twse_stock_day,TWSE_STOCK_DAY,TWSE_STOCK_DAY,False,unadjusted_ohlcv; adjusted_close_blocked_not_fabricated,True,False,False,False,False,False,False,False,True,False,1000000,12180.0,999977.9999999999,1051134.0,1425.0,4651.0,6076.0,0.04501684137155583,applied_local_ep05_cost_model_to_unadjusted_ohlc_unit_notional,1368
2023-03-31,2023-03-31,2023-04-07,6235,華孚,TWSE,pool_breadth_route,regime_switch_hybrid_route,mega_or_stock_route,stable_strength,same_week_close_to_next_rebalance_close_comparator,unadjusted_close,unadjusted_close,70.4,77.3,80.4,77.3,80.4,0.040103492884864256,True,,official_unadjusted_ohlcv_twse_stock_day,official_unadjusted_ohlcv_twse_stock_day,TWSE_STOCK_DAY,TWSE_STOCK_DAY,False,unadjusted_ohlcv; adjusted_close_blocked_not_fabricated,True,False,False,False,False,False,False,False,True,False,1000000,12936.0,999952.7999999999,1040054.4,1425.0,4602.0,6027.0,0.03402771661205201,applied_local_ep05_cost_model_to_unadjusted_ohlc_unit_notional,1368
2023-03-31,2023-04-06,2023-04-13,6235,華孚,TWSE,pool_breadth_route,regime_switch_hybrid_route,mega_or_stock_route,stable_strength,next_day_open_entry_fixed_5td_exit,unadjusted_open,unadjusted_close,78.3,82.1,86.3,78.3,86.3,0.10217113665389532,True,,official_unadjusted_ohlcv_twse_stock_day,official_unadjusted_ohlcv_twse_stock_day,TWSE_STOCK_DAY,TWSE_STOCK_DAY,False,unadjusted_ohlcv; adjusted_close_blocked_not_fabricated,True,False,False,False,False,False,False,False,True,False,1000000,12771.0,999969.2999999999,1102137.3,1425.0,4877.0,6302.0,0.09573252014715894,applied_local_ep05_cost_model_to_unadjusted_ohlc_unit_notional,1368
2023-04-07,2023-04-10,2023-04-17,6472,保瑞,TPEx,dynamic80_top1_rs20_31_bonus_proxy,legacy_rs20_operating_mode,mega_rs20,dynamic80_top1_rs20_31_bonus_proxy,next_day_close_entry_fixed_5td_exit,unadjusted_close,unadjusted_close,800.0,804.0,785.0,804.0,785.0,-0.023631840796019876,True,,official_unadjusted_ohlcv_tpex_trading_stock,official_unadjusted_ohlcv_tpex_trading_stock,TPEX_TRADING_STOCK,TPEX_TRADING_STOCK,False,unadjusted_ohlcv; adjusted_close_blocked_not_fabricated,True,False,False,False,False,False,False,False,True,False,1000000,1243.0,999372.0,975755.0,1424.0,4317.0,5741.0,-0.029334649618903353,applied_local_ep05_cost_model_to_unadjusted_ohlc_unit_notional,1368
2023-04-07,2023-04-07,2023-04-14,6472,保瑞,TPEx,dynamic80_top1_rs20_31_bonus_proxy,legacy_rs20_operating_mode,mega_rs20,dynamic80_top1_rs20_31_bonus_proxy,same_week_close_to_next_rebalance_close_comparator,unadjusted_close,unadjusted_close,808.0,814.0,773.0,814.0,773.0,-0.05036855036855037,True,,official_unadjusted_ohlcv_tpex_trading_stock,official_unadjusted_ohlcv_tpex_trading_stock,TPEX_TRADING_STOCK,TPEX_TRADING_STOCK,False,unadjusted_ohlcv; adjusted_close_blocked_not_fabricated,True,False,False,False,False,False,False,False,True,False,1000000,1228.0,999592.0,949244.0,1424.0,4201.0,5625.0,-0.05591618915182175,applied_local_ep05_cost_model_to_unadjusted_ohlc_unit_notional,1368
2023-04-07,2023-04-10,2023-04-17,6472,保瑞,TPEx,dynamic80_top1_rs20_31_bonus_proxy,legacy_rs20_operating_mode,mega_rs20,dynamic80_top1_rs20_31_bonus_proxy,next_day_open_entry_fixed_5td_exit,unadjusted_open,unadjusted_close,800.0,804.0,785.0,800.0,785.0,-0.018750000000000044,True,,official_unadjusted_ohlcv_tpex_trading_stock,official_unadjusted_ohlcv_tpex_trading_stock,TPEX_TRADING_STOCK,TPEX_TRADING_STOCK,False,unadjusted_ohlcv; adjusted_close_blocked_not_fabricated,True,False,False,False,False,False,False,False,True,False,1000000,1250.0,1000000.0,981250.0,1425.0,4342.0,5767.0,-0.02448211298899069,applied_local_ep05_cost_model_to_unadjusted_ohlc_unit_notional,1368
2023-04-07,2023-04-10,2023-04-17,6472,保瑞,TPEx,dynamic80_top1_rs20_7core_context_proxy,legacy_rs20_operating_mode,mega_rs20,dynamic80_top1_rs20_7core_context_proxy,next_day_close_entry_fixed_5td_exit,unadjusted_close,unadjusted_close,800.0,804.0,785.0,804.0,785.0,-0.023631840796019876,True,,official_unadjusted_ohlcv_tpex_trading_stock,official_unadjusted_ohlcv_tpex_trading_stock,TPEX_TRADING_STOCK,TPEX_TRADING_STOCK,False,unadjusted_ohlcv; adjusted_close_blocked_not_fabricated,True,False,False,False,False,False,False,False,True,False,1000000,1243.0,999372.0,975755.0,1424.0,4317.0,5741.0,-0.029334649618903353,applied_local_ep05_cost_model_to_unadjusted_ohlc_unit_notional,1368
2023-04-07,2023-04-07,2023-04-14,6472,保瑞,TPEx,dynamic80_top1_rs20_7core_context_proxy,legacy_rs20_operating_mode,mega_rs20,dynamic80_top1_rs20_7core_context_proxy,same_week_close_to_next_rebalance_close_comparator,unadjusted_close,unadjusted_close,808.0,814.0,773.0,814.0,773.0,-0.05036855036855037,True,,official_unadjusted_ohlcv_tpex_trading_stock,official_unadjusted_ohlcv_tpex_trading_stock,TPEX_TRADING_STOCK,TPEX_TRADING_STOCK,False,unadjusted_ohlcv; adjusted_close_blocked_not_fabricated,True,False,False,False,False,False,False,False,True,False,1000000,1228.0,999592.0,949244.0,1424.0,4201.0,5625.0,-0.05591618915182175,applied_local_ep05_cost_model_to_unadjusted_ohlc_unit_notional,1368
2023-04-07,2023-04-10,2023-04-17,6472,保瑞,TPEx,dynamic80_top1_rs20_7core_context_proxy,legacy_rs20_operating_mode,mega_rs20,dynamic80_top1_rs20_7core_context_proxy,next_day_open_entry_fixed_5td_exit,unadjusted_open,unadjusted_close,800.0,804.0,785.0,800.0,785.0,-0.018750000000000044,True,,official_unadjusted_ohlcv_tpex_trading_stock,official_unadjusted_ohlcv_tpex_trading_stock,TPEX_TRADING_STOCK,TPEX_TRADING_STOCK,False,unadjusted_ohlcv; adjusted_close_blocked_not_fabricated,True,False,False,False,False,False,False,False,True,False,1000000,1250.0,1000000.0,981250.0,1425.0,4342.0,5767.0,-0.02448211298899069,applied_local_ep05_cost_model_to_unadjusted_ohlc_unit_notional,1368
2023-04-07,2023-04-10,2023-04-17,6472,保瑞,TPEx,dynamic80_top1_rs20_proxy,legacy_rs20_operating_mode,mega_rs20,dynamic80_top1_rs20_proxy,next_day_close_entry_fixed_5td_exit,unadjusted_close,unadjusted_close,800.0,804.0,785.0,804.0,785.0,-0.023631840796019876,True,,official_unadjusted_ohlcv_tpex_trading_stock,official_unadjusted_ohlcv_tpex_trading_stock,TPEX_TRADING_STOCK,TPEX_TRADING_STOCK,False,unadjusted_ohlcv; adjusted_close_blocked_not_fabricated,True,False,False,False,False,False,False,False,True,False,1000000,1243.0,999372.0,975755.0,1424.0,4317.0,5741.0,-0.029334649618903353,applied_local_ep05_cost_model_to_unadjusted_ohlc_unit_notional,1368
2023-04-07,2023-04-07,2023-04-14,6472,保瑞,TPEx,dynamic80_top1_rs20_proxy,legacy_rs20_operating_mode,mega_rs20,dynamic80_top1_rs20_proxy,same_week_close_to_next_rebalance_close_comparator,unadjusted_close,unadjusted_close,808.0,814.0,773.0,814.0,773.0,-0.05036855036855037,True,,official_unadjusted_ohlcv_tpex_trading_stock,official_unadjusted_ohlcv_tpex_trading_stock,TPEX_TRADING_STOCK,TPEX_TRADING_STOCK,False,unadjusted_ohlcv; adjusted_close_blocked_not_fabricated,True,False,False,False,False,False,False,False,True,False,1000000,1228.0,999592.0,949244.0,1424.0,4201.0,5625.0,-0.05591618915182175,applied_local_ep05_cost_model_to_unadjusted_ohlc_unit_notional,1368
2023-04-07,2023-04-10,2023-04-17,6472,保瑞,TPEx,dynamic80_top1_rs20_proxy,legacy_rs20_operating_mode,mega_rs20,dynamic80_top1_rs20_proxy,next_day_open_entry_fixed_5td_exit,unadjusted_open,unadjusted_close,800.0,804.0,785.0,800.0,785.0,-0.018750000000000044,True,,official_unadjusted_ohlcv_tpex_trading_stock,official_unadjusted_ohlcv_tpex_trading_stock,TPEX_TRADING_STOCK,TPEX_TRADING_STOCK,False,unadjusted_ohlcv; adjusted_close_blocked_not_fabricated,True,False,False,False,False,False,False,False,True,False,1000000,1250.0,1000000.0,981250.0,1425.0,4342.0,5767.0,-0.02448211298899069,applied_local_ep05_cost_model_to_unadjusted_ohlc_unit_notional,1368
2023-04-07,2023-04-10,2023-04-17,6472,保瑞,TPEx,dynamic80_top3_rs20_risk_tiebreak_proxy,legacy_rs20_operating_mode,mega_rs20,dynamic80_top3_rs20_risk_tiebreak_proxy,next_day_close_entry_fixed_5td_exit,unadjusted_close,unadjusted_close,800.0,804.0,785.0,804.0,785.0,-0.023631840796019876,True,,official_unadjusted_ohlcv_tpex_trading_stock,official_unadjusted_ohlcv_tpex_trading_stock,TPEX_TRADING_STOCK,TPEX_TRADING_STOCK,False,unadjusted_ohlcv; adjusted_close_blocked_not_fabricated,True,False,False,False,False,False,False,False,True,False,1000000,1243.0,999372.0,975755.0,1424.0,4317.0,5741.0,-0.029334649618903353,applied_local_ep05_cost_model_to_unadjusted_ohlc_unit_notional,1368
2023-04-07,2023-04-07,2023-04-14,6472,保瑞,TPEx,dynamic80_top3_rs20_risk_tiebreak_proxy,legacy_rs20_operating_mode,mega_rs20,dynamic80_top3_rs20_risk_tiebreak_proxy,same_week_close_to_next_rebalance_close_comparator,unadjusted_close,unadjusted_close,808.0,814.0,773.0,814.0,773.0,-0.05036855036855037,True,,official_unadjusted_ohlcv_tpex_trading_stock,official_unadjusted_ohlcv_tpex_trading_stock,TPEX_TRADING_STOCK,TPEX_TRADING_STOCK,False,unadjusted_ohlcv; adjusted_close_blocked_not_fabricated,True,False,False,False,False,False,False,False,True,False,1000000,1228.0,999592.0,949244.0,1424.0,4201.0,5625.0,-0.05591618915182175,applied_local_ep05_cost_model_to_unadjusted_ohlc_unit_notional,1368
2023-04-07,2023-04-10,2023-04-17,6472,保瑞,TPEx,dynamic80_top3_rs20_risk_tiebreak_proxy,legacy_rs20_operating_mode,mega_rs20,dynamic80_top3_rs20_risk_tiebreak_proxy,next_day_open_entry_fixed_5td_exit,unadjusted_open,unadjusted_close,800.0,804.0,785.0,800.0,785.0,-0.018750000000000044,True,,official_unadjusted_ohlcv_tpex_trading_stock,official_unadjusted_ohlcv_tpex_trading_stock,TPEX_TRADING_STOCK,TPEX_TRADING_STOCK,False,unadjusted_ohlcv; adjusted_close_blocked_not_fabricated,True,False,False,False,False,False,False,False,True,False,1000000,1250.0,1000000.0,981250.0,1425.0,4342.0,5767.0,-0.02448211298899069,applied_local_ep05_cost_model_to_unadjusted_ohlc_unit_notional,1368
2023-04-07,2023-04-10,2023-04-17,3447,展達,TWSE,conservative_hurdle_route,regime_switch_hybrid_route,ordinary_defensive_00631L_base,rs20_top3_risk_tiebreak,next_day_close_entry_fixed_5td_exit,unadjusted_close,unadjusted_close,68.2,64.2,61.8,64.2,61.8,-0.03738317757009357,True,,official_unadjusted_ohlcv_twse_stock_day,official_unadjusted_ohlcv_twse_stock_day,TWSE_STOCK_DAY,TWSE_STOCK_DAY,False,unadjusted_ohlcv; adjusted_close_blocked_not_fabricated,True,False,False,False,False,False,False,False,True,False,1000000,15576.0,999979.2000000001,962596.7999999999,1425.0,4260.0,5685.0,-0.04300700955717995,applied_local_ep05_cost_model_to_unadjusted_ohlc_unit_notional,1368
2023-04-07,2023-04-07,2023-04-14,3447,展達,TWSE,conservative_hurdle_route,regime_switch_hybrid_route,ordinary_defensive_00631L_base,rs20_top3_risk_tiebreak,same_week_close_to_next_rebalance_close_comparator,unadjusted_close,unadjusted_close,63.0,69.0,64.3,69.0,64.3,-0.06811594202898552,True,,official_unadjusted_ohlcv_twse_stock_day,official_unadjusted_ohlcv_twse_stock_day,TWSE_STOCK_DAY,TWSE_STOCK_DAY,False,unadjusted_ohlcv; adjusted_close_blocked_not_fabricated,True,False,False,False,False,False,False,False,True,False,1000000,14492.0,999948.0,931835.6,1425.0,4124.0,5549.0,-0.07356040156864627,applied_local_ep05_cost_model_to_unadjusted_ohlc_unit_notional,1368
2023-04-07,2023-04-10,2023-04-17,3447,展達,TWSE,conservative_hurdle_route,regime_switch_hybrid_route,ordinary_defensive_00631L_base,rs20_top3_risk_tiebreak,next_day_open_entry_fixed_5td_exit,unadjusted_open,unadjusted_close,68.2,64.2,61.8,68.2,61.8,-0.09384164222873903,True,,official_unadjusted_ohlcv_twse_stock_day,official_unadjusted_ohlcv_twse_stock_day,TWSE_STOCK_DAY,TWSE_STOCK_DAY,False,unadjusted_ohlcv; adjusted_close_blocked_not_fabricated,True,False,False,False,False,False,False,False,True,False,1000000,14662.0,999948.4,906111.6,1425.0,4009.0,5434.0,-0.09913464847378614,applied_local_ep05_cost_model_to_unadjusted_ohlc_unit_notional,1368
2023-04-07,2023-04-10,2023-04-17,3447,展達,TWSE,dispersion_route,regime_switch_hybrid_route,dispersion,rs20_top3_risk_tiebreak,next_day_close_entry_fixed_5td_exit,unadjusted_close,unadjusted_close,68.2,64.2,61.8,64.2,61.8,-0.03738317757009357,True,,official_unadjusted_ohlcv_twse_stock_day,official_unadjusted_ohlcv_twse_stock_day,TWSE_STOCK_DAY,TWSE_STOCK_DAY,False,unadjusted_ohlcv; adjusted_close_blocked_not_fabricated,True,False,False,False,False,False,False,False,True,False,1000000,15576.0,999979.2000000001,962596.7999999999,1425.0,4260.0,5685.0,-0.04300700955717995,applied_local_ep05_cost_model_to_unadjusted_ohlc_unit_notional,1368
2023-04-07,2023-04-07,2023-04-14,3447,展達,TWSE,dispersion_route,regime_switch_hybrid_route,dispersion,rs20_top3_risk_tiebreak,same_week_close_to_next_rebalance_close_comparator,unadjusted_close,unadjusted_close,63.0,69.0,64.3,69.0,64.3,-0.06811594202898552,True,,official_unadjusted_ohlcv_twse_stock_day,official_unadjusted_ohlcv_twse_stock_day,TWSE_STOCK_DAY,TWSE_STOCK_DAY,False,unadjusted_ohlcv; adjusted_close_blocked_not_fabricated,True,False,False,False,False,False,False,False,True,False,1000000,14492.0,999948.0,931835.6,1425.0,4124.0,5549.0,-0.07356040156864627,applied_local_ep05_cost_model_to_unadjusted_ohlc_unit_notional,1368
2023-04-07,2023-04-10,2023-04-17,3447,展達,TWSE,dispersion_route,regime_switch_hybrid_route,dispersion,rs20_top3_risk_tiebreak,next_day_open_entry_fixed_5td_exit,unadjusted_open,unadjusted_close,68.2,64.2,61.8,68.2,61.8,-0.09384164222873903,True,,official_unadjusted_ohlcv_twse_stock_day,official_unadjusted_ohlcv_twse_stock_day,TWSE_STOCK_DAY,TWSE_STOCK_DAY,False,unadjusted_ohlcv; adjusted_close_blocked_not_fabricated,True,False,False,False,False,False,False,False,True,False,1000000,14662.0,999948.4,906111.6,1425.0,4009.0,5434.0,-0.09913464847378614,applied_local_ep05_cost_model_to_unadjusted_ohlc_unit_notional,1368
2023-04-07,2023-04-10,2023-04-17,3447,展達,TWSE,hybrid_pullback_base_mega_override,regime_switch_hybrid_route,hybrid,rs20_top3_risk_tiebreak,next_day_close_entry_fixed_5td_exit,unadjusted_close,unadjusted_close,68.2,64.2,61.8,64.2,61.8,-0.03738317757009357,True,,official_unadjusted_ohlcv_twse_stock_day,official_unadjusted_ohlcv_twse_stock_day,TWSE_STOCK_DAY,TWSE_STOCK_DAY,False,unadjusted_ohlcv; adjusted_close_blocked_not_fabricated,True,False,False,False,False,False,False,False,True,False,1000000,15576.0,999979.2000000001,962596.7999999999,1425.0,4260.0,5685.0,-0.04300700955717995,applied_local_ep05_cost_model_to_unadjusted_ohlc_unit_notional,1368
2023-04-07,2023-04-07,2023-04-14,3447,展達,TWSE,hybrid_pullback_base_mega_override,regime_switch_hybrid_route,hybrid,rs20_top3_risk_tiebreak,same_week_close_to_next_rebalance_close_comparator,unadjusted_close,unadjusted_close,63.0,69.0,64.3,69.0,64.3,-0.06811594202898552,True,,official_unadjusted_ohlcv_twse_stock_day,official_unadjusted_ohlcv_twse_stock_day,TWSE_STOCK_DAY,TWSE_STOCK_DAY,False,unadjusted_ohlcv; adjusted_close_blocked_not_fabricated,True,False,False,False,False,False,False,False,True,False,1000000,14492.0,999948.0,931835.6,1425.0,4124.0,5549.0,-0.07356040156864627,applied_local_ep05_cost_model_to_unadjusted_ohlc_unit_notional,1368
2023-04-07,2023-04-10,2023-04-17,3447,展達,TWSE,hybrid_pullback_base_mega_override,regime_switch_hybrid_route,hybrid,rs20_top3_risk_tiebreak,next_day_open_entry_fixed_5td_exit,unadjusted_open,unadjusted_close,68.2,64.2,61.8,68.2,61.8,-0.09384164222873903,True,,official_unadjusted_ohlcv_twse_stock_day,official_unadjusted_ohlcv_twse_stock_day,TWSE_STOCK_DAY,TWSE_STOCK_DAY,False,unadjusted_ohlcv; adjusted_close_blocked_not_fabricated,True,False,False,False,False,False,False,False,True,False,1000000,14662.0,999948.4,906111.6,1425.0,4009.0,5434.0,-0.09913464847378614,applied_local_ep05_cost_model_to_unadjusted_ohlc_unit_notional,1368
2023-04-07,2023-04-10,2023-04-17,2453,凌群,TWSE,market_bias_pool_trend_route,regime_switch_hybrid_route,mega_or_stock_route,stable_strength,next_day_close_entry_fixed_5td_exit,unadjusted_close,unadjusted_close,67.8,67.7,79.0,67.7,79.0,0.1669128508124076,True,,official_unadjusted_ohlcv_twse_stock_day,official_unadjusted_ohlcv_twse_stock_day,TWSE_STOCK_DAY,TWSE_STOCK_DAY,False,unadjusted_ohlcv; adjusted_close_blocked_not_fabricated,True,False,False,False,False,False,False,False,True,False,1000000,14771.0,999996.7000000001,1166909.0,1425.0,5164.0,6589.0,0.16009569195474785,applied_local_ep05_cost_model_to_unadjusted_ohlc_unit_notional,1368
2023-04-07,2023-04-07,2023-04-14,2453,凌群,TWSE,market_bias_pool_trend_route,regime_switch_hybrid_route,mega_or_stock_route,stable_strength,same_week_close_to_next_rebalance_close_comparator,unadjusted_close,unadjusted_close,68.0,67.0,71.9,67.0,71.9,0.0731343283582091,True,,official_unadjusted_ohlcv_twse_stock_day,official_unadjusted_ohlcv_twse_stock_day,TWSE_STOCK_DAY,TWSE_STOCK_DAY,False,unadjusted_ohlcv; adjusted_close_blocked_not_fabricated,True,False,False,False,False,False,False,False,True,False,1000000,14925.0,999975.0,1073107.5,1425.0,4748.0,6173.0,0.06686588775714,applied_local_ep05_cost_model_to_unadjusted_ohlc_unit_notional,1368
2023-04-07,2023-04-10,2023-04-17,2453,凌群,TWSE,market_bias_pool_trend_route,regime_switch_hybrid_route,mega_or_stock_route,stable_strength,next_day_open_entry_fixed_5td_exit,unadjusted_open,unadjusted_close,67.8,67.7,79.0,67.8,79.0,0.16519174041297946,True,,official_unadjusted_ohlcv_twse_stock_day,official_unadjusted_ohlcv_twse_stock_day,TWSE_STOCK_DAY,TWSE_STOCK_DAY,False,unadjusted_ohlcv; adjusted_close_blocked_not_fabricated,True,False,False,False,False,False,False,False,True,False,1000000,14749.0,999982.2,1165171.0,1425.0,5156.0,6581.0,0.1583849207395354,applied_local_ep05_cost_model_to_unadjusted_ohlc_unit_notional,1368
2023-04-07,2023-04-10,2023-04-17,2453,凌群,TWSE,pool_breadth_route,regime_switch_hybrid_route,mega_or_stock_route,stable_strength,next_day_close_entry_fixed_5td_exit,unadjusted_close,unadjusted_close,67.8,67.7,79.0,67.7,79.0,0.1669128508124076,True,,official_unadjusted_ohlcv_twse_stock_day,official_unadjusted_ohlcv_twse_stock_day,TWSE_STOCK_DAY,TWSE_STOCK_DAY,False,unadjusted_ohlcv; adjusted_close_blocked_not_fabricated,True,False,False,False,False,False,False,False,True,False,1000000,14771.0,999996.7000000001,1166909.0,1425.0,5164.0,6589.0,0.16009569195474785,applied_local_ep05_cost_model_to_unadjusted_ohlc_unit_notional,1368
2023-04-07,2023-04-07,2023-04-14,2453,凌群,TWSE,pool_breadth_route,regime_switch_hybrid_route,mega_or_stock_route,stable_strength,same_week_close_to_next_rebalance_close_comparator,unadjusted_close,unadjusted_close,68.0,67.0,71.9,67.0,71.9,0.0731343283582091,True,,official_unadjusted_ohlcv_twse_stock_day,official_unadjusted_ohlcv_twse_stock_day,TWSE_STOCK_DAY,TWSE_STOCK_DAY,False,unadjusted_ohlcv; adjusted_close_blocked_not_fabricated,True,False,False,False,False,False,False,False,True,False,1000000,14925.0,999975.0,1073107.5,1425.0,4748.0,6173.0,0.06686588775714,applied_local_ep05_cost_model_to_unadjusted_ohlc_unit_notional,1368
2023-04-07,2023-04-10,2023-04-17,2453,凌群,TWSE,pool_breadth_route,regime_switch_hybrid_route,mega_or_stock_route,stable_strength,next_day_open_entry_fixed_5td_exit,unadjusted_open,unadjusted_close,67.8,67.7,79.0,67.8,79.0,0.16519174041297946,True,,official_unadjusted_ohlcv_twse_stock_day,official_unadjusted_ohlcv_twse_stock_day,TWSE_STOCK_DAY,TWSE_STOCK_DAY,False,unadjusted_ohlcv; adjusted_close_blocked_not_fabricated,True,False,False,False,False,False,False,False,True,False,1000000,14749.0,999982.2,1165171.0,1425.0,5156.0,6581.0,0.1583849207395354,applied_local_ep05_cost_model_to_unadjusted_ohlc_unit_notional,1368
2023-04-14,2023-04-17,2023-04-24,5353,台林,TPEx,dynamic80_top1_rs20_31_bonus_proxy,legacy_rs20_operating_mode,mega_rs20,dynamic80_top1_rs20_31_bonus_proxy,next_day_close_entry_fixed_5td_exit,unadjusted_close,unadjusted_close,50.9,51.5,51.1,51.5,51.1,-0.007766990291262155,True,,official_unadjusted_ohlcv_tpex_trading_stock,official_unadjusted_ohlcv_tpex_trading_stock,TPEX_TRADING_STOCK,TPEX_TRADING_STOCK,False,unadjusted_ohlcv; adjusted_close_blocked_not_fabricated,True,False,False,False,False,False,False,False,True,False,1000000,19417.0,999975.5,992208.7000000001,1425.0,4391.0,5816.0,-0.013563803892648276,applied_local_ep05_cost_model_to_unadjusted_ohlc_unit_notional,1368
2023-04-14,2023-04-14,2023-04-21,5353,台林,TPEx,dynamic80_top1_rs20_31_bonus_proxy,legacy_rs20_operating_mode,mega_rs20,dynamic80_top1_rs20_31_bonus_proxy,same_week_close_to_next_rebalance_close_comparator,unadjusted_close,unadjusted_close,51.0,50.9,48.35,50.9,48.35,-0.05009823182711193,True,,official_unadjusted_ohlcv_tpex_trading_stock,official_unadjusted_ohlcv_tpex_trading_stock,TPEX_TRADING_STOCK,TPEX_TRADING_STOCK,False,unadjusted_ohlcv; adjusted_close_blocked_not_fabricated,True,False,False,False,False,False,False,False,True,False,1000000,19646.0,999981.4,949884.1,1425.0,4204.0,5629.0,-0.05564803660132394,applied_local_ep05_cost_model_to_unadjusted_ohlc_unit_notional,1368
2023-04-14,2023-04-17,2023-04-24,5353,台林,TPEx,dynamic80_top1_rs20_31_bonus_proxy,legacy_rs20_operating_mode,mega_rs20,dynamic80_top1_rs20_31_bonus_proxy,next_day_open_entry_fixed_5td_exit,unadjusted_open,unadjusted_close,50.9,51.5,51.1,50.9,51.1,0.003929273084479323,True,,official_unadjusted_ohlcv_tpex_trading_stock,official_unadjusted_ohlcv_tpex_trading_stock,TPEX_TRADING_STOCK,TPEX_TRADING_STOCK,False,unadjusted_ohlcv; adjusted_close_blocked_not_fabricated,True,False,False,False,False,False,False,False,True,False,1000000,19646.0,999981.4,1003910.6,1425.0,4443.0,5868.0,-0.0019360771011649681,applied_local_ep05_cost_model_to_unadjusted_ohlc_unit_notional,1368
2023-04-14,2023-04-17,2023-04-24,3324,雙鴻,TPEx,dynamic80_top1_rs20_7core_context_proxy,legacy_rs20_operating_mode,mega_rs20,dynamic80_top1_rs20_7core_context_proxy,next_day_close_entry_fixed_5td_exit,unadjusted_close,unadjusted_close,247.0,251.0,237.0,251.0,237.0,-0.055776892430278835,True,,official_unadjusted_ohlcv_tpex_trading_stock,official_unadjusted_ohlcv_tpex_trading_stock,TPEX_TRADING_STOCK,TPEX_TRADING_STOCK,False,unadjusted_ohlcv; adjusted_close_blocked_not_fabricated,True,False,False,False,False,False,False,False,True,False,1000000,3984.0,999984.0,944208.0,1425.0,4178.0,5603.0,-0.061292638672110995,applied_local_ep05_cost_model_to_unadjusted_ohlc_unit_notional,1368
2023-04-14,2023-04-14,2023-04-21,3324,雙鴻,TPEx,dynamic80_top1_rs20_7core_context_proxy,legacy_rs20_operating_mode,mega_rs20,dynamic80_top1_rs20_7core_context_proxy,same_week_close_to_next_rebalance_close_comparator,unadjusted_close,unadjusted_close,249.5,247.5,231.5,247.5,231.5,-0.06464646464646462,True,,official_unadjusted_ohlcv_tpex_trading_stock,official_unadjusted_ohlcv_tpex_trading_stock,TPEX_TRADING_STOCK,TPEX_TRADING_STOCK,False,unadjusted_ohlcv; adjusted_close_blocked_not_fabricated,True,False,False,False,False,False,False,False,True,False,1000000,4040.0,999900.0,935260.0,1425.0,4139.0,5564.0,-0.07011110278880484,applied_local_ep05_cost_model_to_unadjusted_ohlc_unit_notional,1368
2023-04-14,2023-04-17,2023-04-24,3324,雙鴻,TPEx,dynamic80_top1_rs20_7core_context_proxy,legacy_rs20_operating_mode,mega_rs20,dynamic80_top1_rs20_7core_context_proxy,next_day_open_entry_fixed_5td_exit,unadjusted_open,unadjusted_close,247.0,251.0,237.0,247.0,237.0,-0.04048582995951422,True,,official_unadjusted_ohlcv_tpex_trading_stock,official_unadjusted_ohlcv_tpex_trading_stock,TPEX_TRADING_STOCK,TPEX_TRADING_STOCK,False,unadjusted_ohlcv; adjusted_close_blocked_not_fabricated,True,False,False,False,False,False,False,False,True,False,1000000,4048.0,999856.0,959376.0,1425.0,4245.0,5670.0,-0.04609095748346368,applied_local_ep05_cost_model_to_unadjusted_ohlc_unit_notional,1368
2023-04-14,2023-04-17,2023-04-24,3324,雙鴻,TPEx,dynamic80_top1_rs20_proxy,legacy_rs20_operating_mode,mega_rs20,dynamic80_top1_rs20_proxy,next_day_close_entry_fixed_5td_exit,unadjusted_close,unadjusted_close,247.0,251.0,237.0,251.0,237.0,-0.055776892430278835,True,,official_unadjusted_ohlcv_tpex_trading_stock,official_unadjusted_ohlcv_tpex_trading_stock,TPEX_TRADING_STOCK,TPEX_TRADING_STOCK,False,unadjusted_ohlcv; adjusted_close_blocked_not_fabricated,True,False,False,False,False,False,False,False,True,False,1000000,3984.0,999984.0,944208.0,1425.0,4178.0,5603.0,-0.061292638672110995,applied_local_ep05_cost_model_to_unadjusted_ohlc_unit_notional,1368
2023-04-14,2023-04-14,2023-04-21,3324,雙鴻,TPEx,dynamic80_top1_rs20_proxy,legacy_rs20_operating_mode,mega_rs20,dynamic80_top1_rs20_proxy,same_week_close_to_next_rebalance_close_comparator,unadjusted_close,unadjusted_close,249.5,247.5,231.5,247.5,231.5,-0.06464646464646462,True,,official_unadjusted_ohlcv_tpex_trading_stock,official_unadjusted_ohlcv_tpex_trading_stock,TPEX_TRADING_STOCK,TPEX_TRADING_STOCK,False,unadjusted_ohlcv; adjusted_close_blocked_not_fabricated,True,False,False,False,False,False,False,False,True,False,1000000,4040.0,999900.0,935260.0,1425.0,4139.0,5564.0,-0.07011110278880484,applied_local_ep05_cost_model_to_unadjusted_ohlc_unit_notional,1368
2023-04-14,2023-04-17,2023-04-24,3324,雙鴻,TPEx,dynamic80_top1_rs20_proxy,legacy_rs20_operating_mode,mega_rs20,dynamic80_top1_rs20_proxy,next_day_open_entry_fixed_5td_exit,unadjusted_open,unadjusted_close,247.0,251.0,237.0,247.0,237.0,-0.04048582995951422,True,,official_unadjusted_ohlcv_tpex_trading_stock,official_unadjusted_ohlcv_tpex_trading_stock,TPEX_TRADING_STOCK,TPEX_TRADING_STOCK,False,unadjusted_ohlcv; adjusted_close_blocked_not_fabricated,True,False,False,False,False,False,False,False,True,False,1000000,4048.0,999856.0,959376.0,1425.0,4245.0,5670.0,-0.04609095748346368,applied_local_ep05_cost_model_to_unadjusted_ohlc_unit_notional,1368
2023-04-14,2023-04-17,2023-04-24,5353,台林,TPEx,dynamic80_top3_rs20_risk_tiebreak_proxy,legacy_rs20_operating_mode,mega_rs20,dynamic80_top3_rs20_risk_tiebreak_proxy,next_day_close_entry_fixed_5td_exit,unadjusted_close,unadjusted_close,50.9,51.5,51.1,51.5,51.1,-0.007766990291262155,True,,official_unadjusted_ohlcv_tpex_trading_stock,official_unadjusted_ohlcv_tpex_trading_stock,TPEX_TRADING_STOCK,TPEX_TRADING_STOCK,False,unadjusted_ohlcv; adjusted_close_blocked_not_fabricated,True,False,False,False,False,False,False,False,True,False,1000000,19417.0,999975.5,992208.7000000001,1425.0,4391.0,5816.0,-0.013563803892648276,applied_local_ep05_cost_model_to_unadjusted_ohlc_unit_notional,1368
2023-04-14,2023-04-14,2023-04-21,5353,台林,TPEx,dynamic80_top3_rs20_risk_tiebreak_proxy,legacy_rs20_operating_mode,mega_rs20,dynamic80_top3_rs20_risk_tiebreak_proxy,same_week_close_to_next_rebalance_close_comparator,unadjusted_close,unadjusted_close,51.0,50.9,48.35,50.9,48.35,-0.05009823182711193,True,,official_unadjusted_ohlcv_tpex_trading_stock,official_unadjusted_ohlcv_tpex_trading_stock,TPEX_TRADING_STOCK,TPEX_TRADING_STOCK,False,unadjusted_ohlcv; adjusted_close_blocked_not_fabricated,True,False,False,False,False,False,False,False,True,False,1000000,19646.0,999981.4,949884.1,1425.0,4204.0,5629.0,-0.05564803660132394,applied_local_ep05_cost_model_to_unadjusted_ohlc_unit_notional,1368
2023-04-14,2023-04-17,2023-04-24,5353,台林,TPEx,dynamic80_top3_rs20_risk_tiebreak_proxy,legacy_rs20_operating_mode,mega_rs20,dynamic80_top3_rs20_risk_tiebreak_proxy,next_day_open_entry_fixed_5td_exit,unadjusted_open,unadjusted_close,50.9,51.5,51.1,50.9,51.1,0.003929273084479323,True,,official_unadjusted_ohlcv_tpex_trading_stock,official_unadjusted_ohlcv_tpex_trading_stock,TPEX_TRADING_STOCK,TPEX_TRADING_STOCK,False,unadjusted_ohlcv; adjusted_close_blocked_not_fabricated,True,False,False,False,False,False,False,False,True,False,1000000,19646.0,999981.4,1003910.6,1425.0,4443.0,5868.0,-0.0019360771011649681,applied_local_ep05_cost_model_to_unadjusted_ohlc_unit_notional,1368
2023-04-14,2023-04-17,2023-04-24,5353,台林,TPEx,conservative_hurdle_route,regime_switch_hybrid_route,ordinary_defensive_00631L_base,rs20_top3_risk_tiebreak,next_day_close_entry_fixed_5td_exit,unadjusted_close,unadjusted_close,50.9,51.5,51.1,51.5,51.1,-0.007766990291262155,True,,official_unadjusted_ohlcv_tpex_trading_stock,official_unadjusted_ohlcv_tpex_trading_stock,TPEX_TRADING_STOCK,TPEX_TRADING_STOCK,False,unadjusted_ohlcv; adjusted_close_blocked_not_fabricated,True,False,False,False,False,False,False,False,True,False,1000000,19417.0,999975.5,992208.7000000001,1425.0,4391.0,5816.0,-0.013563803892648276,applied_local_ep05_cost_model_to_unadjusted_ohlc_unit_notional,1368
2023-04-14,2023-04-14,2023-04-21,5353,台林,TPEx,conservative_hurdle_route,regime_switch_hybrid_route,ordinary_defensive_00631L_base,rs20_top3_risk_tiebreak,same_week_close_to_next_rebalance_close_comparator,unadjusted_close,unadjusted_close,51.0,50.9,48.35,50.9,48.35,-0.05009823182711193,True,,official_unadjusted_ohlcv_tpex_trading_stock,official_unadjusted_ohlcv_tpex_trading_stock,TPEX_TRADING_STOCK,TPEX_TRADING_STOCK,False,unadjusted_ohlcv; adjusted_close_blocked_not_fabricated,True,False,False,False,False,False,False,False,True,False,1000000,19646.0,999981.4,949884.1,1425.0,4204.0,5629.0,-0.05564803660132394,applied_local_ep05_cost_model_to_unadjusted_ohlc_unit_notional,1368
2023-04-14,2023-04-17,2023-04-24,5353,台林,TPEx,conservative_hurdle_route,regime_switch_hybrid_route,ordinary_defensive_00631L_base,rs20_top3_risk_tiebreak,next_day_open_entry_fixed_5td_exit,unadjusted_open,unadjusted_close,50.9,51.5,51.1,50.9,51.1,0.003929273084479323,True,,official_unadjusted_ohlcv_tpex_trading_stock,official_unadjusted_ohlcv_tpex_trading_stock,TPEX_TRADING_STOCK,TPEX_TRADING_STOCK,False,unadjusted_ohlcv; adjusted_close_blocked_not_fabricated,True,False,False,False,False,False,False,False,True,False,1000000,19646.0,999981.4,1003910.6,1425.0,4443.0,5868.0,-0.0019360771011649681,applied_local_ep05_cost_model_to_unadjusted_ohlc_unit_notional,1368
2023-04-14,2023-04-17,2023-04-24,5353,台林,TPEx,dispersion_route,regime_switch_hybrid_route,dispersion,rs20_top3_risk_tiebreak,next_day_close_entry_fixed_5td_exit,unadjusted_close,unadjusted_close,50.9,51.5,51.1,51.5,51.1,-0.007766990291262155,True,,official_unadjusted_ohlcv_tpex_trading_stock,official_unadjusted_ohlcv_tpex_trading_stock,TPEX_TRADING_STOCK,TPEX_TRADING_STOCK,False,unadjusted_ohlcv; adjusted_close_blocked_not_fabricated,True,False,False,False,False,False,False,False,True,False,1000000,19417.0,999975.5,992208.7000000001,1425.0,4391.0,5816.0,-0.013563803892648276,applied_local_ep05_cost_model_to_unadjusted_ohlc_unit_notional,1368
2023-04-14,2023-04-14,2023-04-21,5353,台林,TPEx,dispersion_route,regime_switch_hybrid_route,dispersion,rs20_top3_risk_tiebreak,same_week_close_to_next_rebalance_close_comparator,unadjusted_close,unadjusted_close,51.0,50.9,48.35,50.9,48.35,-0.05009823182711193,True,,official_unadjusted_ohlcv_tpex_trading_stock,official_unadjusted_ohlcv_tpex_trading_stock,TPEX_TRADING_STOCK,TPEX_TRADING_STOCK,False,unadjusted_ohlcv; adjusted_close_blocked_not_fabricated,True,False,False,False,False,False,False,False,True,False,1000000,19646.0,999981.4,949884.1,1425.0,4204.0,5629.0,-0.05564803660132394,applied_local_ep05_cost_model_to_unadjusted_ohlc_unit_notional,1368
2023-04-14,2023-04-17,2023-04-24,5353,台林,TPEx,dispersion_route,regime_switch_hybrid_route,dispersion,rs20_top3_risk_tiebreak,next_day_open_entry_fixed_5td_exit,unadjusted_open,unadjusted_close,50.9,51.5,51.1,50.9,51.1,0.003929273084479323,True,,official_unadjusted_ohlcv_tpex_trading_stock,official_unadjusted_ohlcv_tpex_trading_stock,TPEX_TRADING_STOCK,TPEX_TRADING_STOCK,False,unadjusted_ohlcv; adjusted_close_blocked_not_fabricated,True,False,False,False,False,False,False,False,True,False,1000000,19646.0,999981.4,1003910.6,1425.0,4443.0,5868.0,-0.0019360771011649681,applied_local_ep05_cost_model_to_unadjusted_ohlc_unit_notional,1368
2023-04-14,2023-04-17,2023-04-24,5353,台林,TPEx,hybrid_pullback_base_mega_override,regime_switch_hybrid_route,hybrid,rs20_top3_risk_tiebreak,next_day_close_entry_fixed_5td_exit,unadjusted_close,unadjusted_close,50.9,51.5,51.1,51.5,51.1,-0.007766990291262155,True,,official_unadjusted_ohlcv_tpex_trading_stock,official_unadjusted_ohlcv_tpex_trading_stock,TPEX_TRADING_STOCK,TPEX_TRADING_STOCK,False,unadjusted_ohlcv; adjusted_close_blocked_not_fabricated,True,False,False,False,False,False,False,False,True,False,1000000,19417.0,999975.5,992208.7000000001,1425.0,4391.0,5816.0,-0.013563803892648276,applied_local_ep05_cost_model_to_unadjusted_ohlc_unit_notional,1368
2023-04-14,2023-04-14,2023-04-21,5353,台林,TPEx,hybrid_pullback_base_mega_override,regime_switch_hybrid_route,hybrid,rs20_top3_risk_tiebreak,same_week_close_to_next_rebalance_close_comparator,unadjusted_close,unadjusted_close,51.0,50.9,48.35,50.9,48.35,-0.05009823182711193,True,,official_unadjusted_ohlcv_tpex_trading_stock,official_unadjusted_ohlcv_tpex_trading_stock,TPEX_TRADING_STOCK,TPEX_TRADING_STOCK,False,unadjusted_ohlcv; adjusted_close_blocked_not_fabricated,True,False,False,False,False,False,False,False,True,False,1000000,19646.0,999981.4,949884.1,1425.0,4204.0,5629.0,-0.05564803660132394,applied_local_ep05_cost_model_to_unadjusted_ohlc_unit_notional,1368
2023-04-14,2023-04-17,2023-04-24,5353,台林,TPEx,hybrid_pullback_base_mega_override,regime_switch_hybrid_route,hybrid,rs20_top3_risk_tiebreak,next_day_open_entry_fixed_5td_exit,unadjusted_open,unadjusted_close,50.9,51.5,51.1,50.9,51.1,0.003929273084479323,True,,official_unadjusted_ohlcv_tpex_trading_stock,official_unadjusted_ohlcv_tpex_trading_stock,TPEX_TRADING_STOCK,TPEX_TRADING_STOCK,False,unadjusted_ohlcv; adjusted_close_blocked_not_fabricated,True,False,False,False,False,False,False,False,True,False,1000000,19646.0,999981.4,1003910.6,1425.0,4443.0,5868.0,-0.0019360771011649681,applied_local_ep05_cost_model_to_unadjusted_ohlc_unit_notional,1368
2023-04-14,2023-04-17,2023-04-24,6122,擎邦,TPEx,market_bias_pool_trend_route,regime_switch_hybrid_route,mega_or_stock_route,stable_strength,next_day_close_entry_fixed_5td_exit,unadjusted_close,unadjusted_close,33.0,34.0,29.2,34.0,29.2,-0.14117647058823535,True,,official_unadjusted_ohlcv_tpex_trading_stock,official_unadjusted_ohlcv_tpex_trading_stock,TPEX_TRADING_STOCK,TPEX_TRADING_STOCK,False,unadjusted_ohlcv; adjusted_close_blocked_not_fabricated,True,False,False,False,False,False,False,False,True,False,1000000,29411.0,999974.0,858801.2,1425.0,3800.0,5225.0,-0.14619327560742526,applied_local_ep05_cost_model_to_unadjusted_ohlc_unit_notional,1368
2023-04-14,2023-04-14,2023-04-21,6122,擎邦,TPEx,market_bias_pool_trend_route,regime_switch_hybrid_route,mega_or_stock_route,stable_strength,same_week_close_to_next_rebalance_close_comparator,unadjusted_close,unadjusted_close,34.2,33.0,29.95,33.0,29.95,-0.09242424242424241,True,,official_unadjusted_ohlcv_tpex_trading_stock,official_unadjusted_ohlcv_tpex_trading_stock,TPEX_TRADING_STOCK,TPEX_TRADING_STOCK,False,unadjusted_ohlcv; adjusted_close_blocked_not_fabricated,True,False,False,False,False,False,False,False,True,False,1000000,30303.0,999999.0,907574.85,1425.0,4016.0,5441.0,-0.09772598819281346,applied_local_ep05_cost_model_to_unadjusted_ohlc_unit_notional,1368
2023-04-14,2023-04-17,2023-04-24,6122,擎邦,TPEx,market_bias_pool_trend_route,regime_switch_hybrid_route,mega_or_stock_route,stable_strength,next_day_open_entry_fixed_5td_exit,unadjusted_open,unadjusted_close,33.0,34.0,29.2,33.0,29.2,-0.11515151515151523,True,,official_unadjusted_ohlcv_tpex_trading_stock,official_unadjusted_ohlcv_tpex_trading_stock,TPEX_TRADING_STOCK,TPEX_TRADING_STOCK,False,unadjusted_ohlcv; adjusted_close_blocked_not_fabricated,True,False,False,False,False,False,False,False,True,False,1000000,30303.0,999999.0,884847.6,1425.0,3916.0,5341.0,-0.12032106280656348,applied_local_ep05_cost_model_to_unadjusted_ohlc_unit_notional,1368
2023-04-14,2023-04-17,2023-04-24,6122,擎邦,TPEx,pool_breadth_route,regime_switch_hybrid_route,mega_or_stock_route,stable_strength,next_day_close_entry_fixed_5td_exit,unadjusted_close,unadjusted_close,33.0,34.0,29.2,34.0,29.2,-0.14117647058823535,True,,official_unadjusted_ohlcv_tpex_trading_stock,official_unadjusted_ohlcv_tpex_trading_stock,TPEX_TRADING_STOCK,TPEX_TRADING_STOCK,False,unadjusted_ohlcv; adjusted_close_blocked_not_fabricated,True,False,False,False,False,False,False,False,True,False,1000000,29411.0,999974.0,858801.2,1425.0,3800.0,5225.0,-0.14619327560742526,applied_local_ep05_cost_model_to_unadjusted_ohlc_unit_notional,1368
2023-04-14,2023-04-14,2023-04-21,6122,擎邦,TPEx,pool_breadth_route,regime_switch_hybrid_route,mega_or_stock_route,stable_strength,same_week_close_to_next_rebalance_close_comparator,unadjusted_close,unadjusted_close,34.2,33.0,29.95,33.0,29.95,-0.09242424242424241,True,,official_unadjusted_ohlcv_tpex_trading_stock,official_unadjusted_ohlcv_tpex_trading_stock,TPEX_TRADING_STOCK,TPEX_TRADING_STOCK,False,unadjusted_ohlcv; adjusted_close_blocked_not_fabricated,True,False,False,False,False,False,False,False,True,False,1000000,30303.0,999999.0,907574.85,1425.0,4016.0,5441.0,-0.09772598819281346,applied_local_ep05_cost_model_to_unadjusted_ohlc_unit_notional,1368
2023-04-14,2023-04-17,2023-04-24,6122,擎邦,TPEx,pool_breadth_route,regime_switch_hybrid_route,mega_or_stock_route,stable_strength,next_day_open_entry_fixed_5td_exit,unadjusted_open,unadjusted_close,33.0,34.0,29.2,33.0,29.2,-0.11515151515151523,True,,official_unadjusted_ohlcv_tpex_trading_stock,official_unadjusted_ohlcv_tpex_trading_stock,TPEX_TRADING_STOCK,TPEX_TRADING_STOCK,False,unadjusted_ohlcv; adjusted_close_blocked_not_fabricated,True,False,False,False,False,False,False,False,True,False,1000000,30303.0,999999.0,884847.6,1425.0,3916.0,5341.0,-0.12032106280656348,applied_local_ep05_cost_model_to_unadjusted_ohlc_unit_notional,1368
2023-04-21,2023-04-24,2023-05-02,6753,龍德造船,TWSE,dynamic80_top1_rs20_31_bonus_proxy,legacy_rs20_operating_mode,mega_rs20,dynamic80_top1_rs20_31_bonus_proxy,next_day_close_entry_fixed_5td_exit,unadjusted_close,unadjusted_close,125.5,126.5,130.0,126.5,130.0,0.027667984189723382,True,,official_unadjusted_ohlcv_twse_stock_day,official_unadjusted_ohlcv_twse_stock_day,TWSE_STOCK_DAY,TWSE_STOCK_DAY,False,unadjusted_ohlcv; adjusted_close_blocked_not_fabricated,True,False,False,False,False,False,False,False,True,False,1000000,7905.0,999982.5,1027650.0,1425.0,4547.0,5972.0,0.02166500650334654,applied_local_ep05_cost_model_to_unadjusted_ohlc_unit_notional,1368
2023-04-21,2023-04-21,2023-04-28,6753,龍德造船,TWSE,dynamic80_top1_rs20_31_bonus_proxy,legacy_rs20_operating_mode,mega_rs20,dynamic80_top1_rs20_31_bonus_proxy,same_week_close_to_next_rebalance_close_comparator,unadjusted_close,unadjusted_close,121.0,129.0,135.0,129.0,135.0,0.04651162790697683,True,,official_unadjusted_ohlcv_twse_stock_day,official_unadjusted_ohlcv_twse_stock_day,TWSE_STOCK_DAY,TWSE_STOCK_DAY,False,unadjusted_ohlcv; adjusted_close_blocked_not_fabricated,True,False,False,False,False,False,False,False,True,False,1000000,7751.0,999879.0,1046385.0,1425.0,4630.0,6055.0,0.0403983205899507,applied_local_ep05_cost_model_to_unadjusted_ohlc_unit_notional,1368
2023-04-21,2023-04-24,2023-05-02,6753,龍德造船,TWSE,dynamic80_top1_rs20_31_bonus_proxy,legacy_rs20_operating_mode,mega_rs20,dynamic80_top1_rs20_31_bonus_proxy,next_day_open_entry_fixed_5td_exit,unadjusted_open,unadjusted_close,125.5,126.5,130.0,125.5,130.0,0.03585657370517925,True,,official_unadjusted_ohlcv_twse_stock_day,official_unadjusted_ohlcv_twse_stock_day,TWSE_STOCK_DAY,TWSE_STOCK_DAY,False,unadjusted_ohlcv; adjusted_close_blocked_not_fabricated,True,False,False,False,False,False,False,False,True,False,1000000,7968.0,999984.0,1035840.0,1425.0,4584.0,6009.0,0.029805004748309633,applied_local_ep05_cost_model_to_unadjusted_ohlc_unit_notional,1368
2023-04-21,2023-04-24,2023-05-02,6753,龍德造船,TWSE,dynamic80_top1_rs20_7core_context_proxy,legacy_rs20_operating_mode,mega_rs20,dynamic80_top1_rs20_7core_context_proxy,next_day_close_entry_fixed_5td_exit,unadjusted_close,unadjusted_close,125.5,126.5,130.0,126.5,130.0,0.027667984189723382,True,,official_unadjusted_ohlcv_twse_stock_day,official_unadjusted_ohlcv_twse_stock_day,TWSE_STOCK_DAY,TWSE_STOCK_DAY,False,unadjusted_ohlcv; adjusted_close_blocked_not_fabricated,True,False,False,False,False,False,False,False,True,False,1000000,7905.0,999982.5,1027650.0,1425.0,4547.0,5972.0,0.02166500650334654,applied_local_ep05_cost_model_to_unadjusted_ohlc_unit_notional,1368
2023-04-21,2023-04-21,2023-04-28,6753,龍德造船,TWSE,dynamic80_top1_rs20_7core_context_proxy,legacy_rs20_operating_mode,mega_rs20,dynamic80_top1_rs20_7core_context_proxy,same_week_close_to_next_rebalance_close_comparator,unadjusted_close,unadjusted_close,121.0,129.0,135.0,129.0,135.0,0.04651162790697683,True,,official_unadjusted_ohlcv_twse_stock_day,official_unadjusted_ohlcv_twse_stock_day,TWSE_STOCK_DAY,TWSE_STOCK_DAY,False,unadjusted_ohlcv; adjusted_close_blocked_not_fabricated,True,False,False,False,False,False,False,False,True,False,1000000,7751.0,999879.0,1046385.0,1425.0,4630.0,6055.0,0.0403983205899507,applied_local_ep05_cost_model_to_unadjusted_ohlc_unit_notional,1368
2023-04-21,2023-04-24,2023-05-02,6753,龍德造船,TWSE,dynamic80_top1_rs20_7core_context_proxy,legacy_rs20_operating_mode,mega_rs20,dynamic80_top1_rs20_7core_context_proxy,next_day_open_entry_fixed_5td_exit,unadjusted_open,unadjusted_close,125.5,126.5,130.0,125.5,130.0,0.03585657370517925,True,,official_unadjusted_ohlcv_twse_stock_day,official_unadjusted_ohlcv_twse_stock_day,TWSE_STOCK_DAY,TWSE_STOCK_DAY,False,unadjusted_ohlcv; adjusted_close_blocked_not_fabricated,True,False,False,False,False,False,False,False,True,False,1000000,7968.0,999984.0,1035840.0,1425.0,4584.0,6009.0,0.029805004748309633,applied_local_ep05_cost_model_to_unadjusted_ohlc_unit_notional,1368
2023-04-21,2023-04-24,2023-05-02,6753,龍德造船,TWSE,dynamic80_top1_rs20_proxy,legacy_rs20_operating_mode,mega_rs20,dynamic80_top1_rs20_proxy,next_day_close_entry_fixed_5td_exit,unadjusted_close,unadjusted_close,125.5,126.5,130.0,126.5,130.0,0.027667984189723382,True,,official_unadjusted_ohlcv_twse_stock_day,official_unadjusted_ohlcv_twse_stock_day,TWSE_STOCK_DAY,TWSE_STOCK_DAY,False,unadjusted_ohlcv; adjusted_close_blocked_not_fabricated,True,False,False,False,False,False,False,False,True,False,1000000,7905.0,999982.5,1027650.0,1425.0,4547.0,5972.0,0.02166500650334654,applied_local_ep05_cost_model_to_unadjusted_ohlc_unit_notional,1368
2023-04-21,2023-04-21,2023-04-28,6753,龍德造船,TWSE,dynamic80_top1_rs20_proxy,legacy_rs20_operating_mode,mega_rs20,dynamic80_top1_rs20_proxy,same_week_close_to_next_rebalance_close_comparator,unadjusted_close,unadjusted_close,121.0,129.0,135.0,129.0,135.0,0.04651162790697683,True,,official_unadjusted_ohlcv_twse_stock_day,official_unadjusted_ohlcv_twse_stock_day,TWSE_STOCK_DAY,TWSE_STOCK_DAY,False,unadjusted_ohlcv; adjusted_close_blocked_not_fabricated,True,False,False,False,False,False,False,False,True,False,1000000,7751.0,999879.0,1046385.0,1425.0,4630.0,6055.0,0.0403983205899507,applied_local_ep05_cost_model_to_unadjusted_ohlc_unit_notional,1368
2023-04-21,2023-04-24,2023-05-02,6753,龍德造船,TWSE,dynamic80_top1_rs20_proxy,legacy_rs20_operating_mode,mega_rs20,dynamic80_top1_rs20_proxy,next_day_open_entry_fixed_5td_exit,unadjusted_open,unadjusted_close,125.5,126.5,130.0,125.5,130.0,0.03585657370517925,True,,official_unadjusted_ohlcv_twse_stock_day,official_unadjusted_ohlcv_twse_stock_day,TWSE_STOCK_DAY,TWSE_STOCK_DAY,False,unadjusted_ohlcv; adjusted_close_blocked_not_fabricated,True,False,False,False,False,False,False,False,True,False,1000000,7968.0,999984.0,1035840.0,1425.0,4584.0,6009.0,0.029805004748309633,applied_local_ep05_cost_model_to_unadjusted_ohlc_unit_notional,1368
2023-04-21,2023-04-24,2023-05-02,6753,龍德造船,TWSE,dynamic80_top3_rs20_risk_tiebreak_proxy,legacy_rs20_operating_mode,mega_rs20,dynamic80_top3_rs20_risk_tiebreak_proxy,next_day_close_entry_fixed_5td_exit,unadjusted_close,unadjusted_close,125.5,126.5,130.0,126.5,130.0,0.027667984189723382,True,,official_unadjusted_ohlcv_twse_stock_day,official_unadjusted_ohlcv_twse_stock_day,TWSE_STOCK_DAY,TWSE_STOCK_DAY,False,unadjusted_ohlcv; adjusted_close_blocked_not_fabricated,True,False,False,False,False,False,False,False,True,False,1000000,7905.0,999982.5,1027650.0,1425.0,4547.0,5972.0,0.02166500650334654,applied_local_ep05_cost_model_to_unadjusted_ohlc_unit_notional,1368
2023-04-21,2023-04-21,2023-04-28,6753,龍德造船,TWSE,dynamic80_top3_rs20_risk_tiebreak_proxy,legacy_rs20_operating_mode,mega_rs20,dynamic80_top3_rs20_risk_tiebreak_proxy,same_week_close_to_next_rebalance_close_comparator,unadjusted_close,unadjusted_close,121.0,129.0,135.0,129.0,135.0,0.04651162790697683,True,,official_unadjusted_ohlcv_twse_stock_day,official_unadjusted_ohlcv_twse_stock_day,TWSE_STOCK_DAY,TWSE_STOCK_DAY,False,unadjusted_ohlcv; adjusted_close_blocked_not_fabricated,True,False,False,False,False,False,False,False,True,False,1000000,7751.0,999879.0,1046385.0,1425.0,4630.0,6055.0,0.0403983205899507,applied_local_ep05_cost_model_to_unadjusted_ohlc_unit_notional,1368
2023-04-21,2023-04-24,2023-05-02,6753,龍德造船,TWSE,dynamic80_top3_rs20_risk_tiebreak_proxy,legacy_rs20_operating_mode,mega_rs20,dynamic80_top3_rs20_risk_tiebreak_proxy,next_day_open_entry_fixed_5td_exit,unadjusted_open,unadjusted_close,125.5,126.5,130.0,125.5,130.0,0.03585657370517925,True,,official_unadjusted_ohlcv_twse_stock_day,official_unadjusted_ohlcv_twse_stock_day,TWSE_STOCK_DAY,TWSE_STOCK_DAY,False,unadjusted_ohlcv; adjusted_close_blocked_not_fabricated,True,False,False,False,False,False,False,False,True,False,1000000,7968.0,999984.0,1035840.0,1425.0,4584.0,6009.0,0.029805004748309633,applied_local_ep05_cost_model_to_unadjusted_ohlc_unit_notional,1368
2023-04-21,2023-04-24,2023-05-02,6523,達爾膚,TPEx,conservative_hurdle_route,regime_switch_hybrid_route,ordinary_defensive_00631L_base,rs20_top3_risk_tiebreak,next_day_close_entry_fixed_5td_exit,unadjusted_close,unadjusted_close,142.0,146.5,149.0,146.5,149.0,0.017064846416382284,True,,official_unadjusted_ohlcv_tpex_trading_stock,official_unadjusted_ohlcv_tpex_trading_stock,TPEX_TRADING_STOCK,TPEX_TRADING_STOCK,False,unadjusted_ohlcv; adjusted_close_blocked_not_fabricated,True,False,False,False,False,False,False,False,True,False,1000000,6825.0,999862.5,1016925.0,1425.0,4500.0,5925.0,0.011123178907157036,applied_local_ep05_cost_model_to_unadjusted_ohlc_unit_notional,1368
2023-04-21,2023-04-21,2023-04-28,6523,達爾膚,TPEx,conservative_hurdle_route,regime_switch_hybrid_route,ordinary_defensive_00631L_base,rs20_top3_risk_tiebreak,same_week_close_to_next_rebalance_close_comparator,unadjusted_close,unadjusted_close,150.0,141.0,144.5,141.0,144.5,0.024822695035461084,True,,official_unadjusted_ohlcv_tpex_trading_stock,official_unadjusted_ohlcv_tpex_trading_stock,TPEX_TRADING_STOCK,TPEX_TRADING_STOCK,False,unadjusted_ohlcv; adjusted_close_blocked_not_fabricated,True,False,False,False,False,False,False,False,True,False,1000000,7092.0,999972.0,1024794.0,1425.0,4534.0,5959.0,0.01883668515084427,applied_local_ep05_cost_model_to_unadjusted_ohlc_unit_notional,1368
2023-04-21,2023-04-24,2023-05-02,6523,達爾膚,TPEx,conservative_hurdle_route,regime_switch_hybrid_route,ordinary_defensive_00631L_base,rs20_top3_risk_tiebreak,next_day_open_entry_fixed_5td_exit,unadjusted_open,unadjusted_close,142.0,146.5,149.0,142.0,149.0,0.04929577464788726,True,,official_unadjusted_ohlcv_tpex_trading_stock,official_unadjusted_ohlcv_tpex_trading_stock,TPEX_TRADING_STOCK,TPEX_TRADING_STOCK,False,unadjusted_ohlcv; adjusted_close_blocked_not_fabricated,True,False,False,False,False,False,False,False,True,False,1000000,7042.0,999964.0,1049258.0,1425.0,4643.0,6068.0,0.043166042367152026,applied_local_ep05_cost_model_to_unadjusted_ohlc_unit_notional,1368
2023-04-21,2023-04-24,2023-05-02,6523,達爾膚,TPEx,dispersion_route,regime_switch_hybrid_route,dispersion,rs20_top3_risk_tiebreak,next_day_close_entry_fixed_5td_exit,unadjusted_close,unadjusted_close,142.0,146.5,149.0,146.5,149.0,0.017064846416382284,True,,official_unadjusted_ohlcv_tpex_trading_stock,official_unadjusted_ohlcv_tpex_trading_stock,TPEX_TRADING_STOCK,TPEX_TRADING_STOCK,False,unadjusted_ohlcv; adjusted_close_blocked_not_fabricated,True,False,False,False,False,False,False,False,True,False,1000000,6825.0,999862.5,1016925.0,1425.0,4500.0,5925.0,0.011123178907157036,applied_local_ep05_cost_model_to_unadjusted_ohlc_unit_notional,1368
2023-04-21,2023-04-21,2023-04-28,6523,達爾膚,TPEx,dispersion_route,regime_switch_hybrid_route,dispersion,rs20_top3_risk_tiebreak,same_week_close_to_next_rebalance_close_comparator,unadjusted_close,unadjusted_close,150.0,141.0,144.5,141.0,144.5,0.024822695035461084,True,,official_unadjusted_ohlcv_tpex_trading_stock,official_unadjusted_ohlcv_tpex_trading_stock,TPEX_TRADING_STOCK,TPEX_TRADING_STOCK,False,unadjusted_ohlcv; adjusted_close_blocked_not_fabricated,True,False,False,False,False,False,False,False,True,False,1000000,7092.0,999972.0,1024794.0,1425.0,4534.0,5959.0,0.01883668515084427,applied_local_ep05_cost_model_to_unadjusted_ohlc_unit_notional,1368
2023-04-21,2023-04-24,2023-05-02,6523,達爾膚,TPEx,dispersion_route,regime_switch_hybrid_route,dispersion,rs20_top3_risk_tiebreak,next_day_open_entry_fixed_5td_exit,unadjusted_open,unadjusted_close,142.0,146.5,149.0,142.0,149.0,0.04929577464788726,True,,official_unadjusted_ohlcv_tpex_trading_stock,official_unadjusted_ohlcv_tpex_trading_stock,TPEX_TRADING_STOCK,TPEX_TRADING_STOCK,False,unadjusted_ohlcv; adjusted_close_blocked_not_fabricated,True,False,False,False,False,False,False,False,True,False,1000000,7042.0,999964.0,1049258.0,1425.0,4643.0,6068.0,0.043166042367152026,applied_local_ep05_cost_model_to_unadjusted_ohlc_unit_notional,1368
2023-04-21,2023-04-24,2023-05-02,6523,達爾膚,TPEx,hybrid_pullback_base_mega_override,regime_switch_hybrid_route,hybrid,rs20_top3_risk_tiebreak,next_day_close_entry_fixed_5td_exit,unadjusted_close,unadjusted_close,142.0,146.5,149.0,146.5,149.0,0.017064846416382284,True,,official_unadjusted_ohlcv_tpex_trading_stock,official_unadjusted_ohlcv_tpex_trading_stock,TPEX_TRADING_STOCK,TPEX_TRADING_STOCK,False,unadjusted_ohlcv; adjusted_close_blocked_not_fabricated,True,False,False,False,False,False,False,False,True,False,1000000,6825.0,999862.5,1016925.0,1425.0,4500.0,5925.0,0.011123178907157036,applied_local_ep05_cost_model_to_unadjusted_ohlc_unit_notional,1368
2023-04-21,2023-04-21,2023-04-28,6523,達爾膚,TPEx,hybrid_pullback_base_mega_override,regime_switch_hybrid_route,hybrid,rs20_top3_risk_tiebreak,same_week_close_to_next_rebalance_close_comparator,unadjusted_close,unadjusted_close,150.0,141.0,144.5,141.0,144.5,0.024822695035461084,True,,official_unadjusted_ohlcv_tpex_trading_stock,official_unadjusted_ohlcv_tpex_trading_stock,TPEX_TRADING_STOCK,TPEX_TRADING_STOCK,False,unadjusted_ohlcv; adjusted_close_blocked_not_fabricated,True,False,False,False,False,False,False,False,True,False,1000000,7092.0,999972.0,1024794.0,1425.0,4534.0,5959.0,0.01883668515084427,applied_local_ep05_cost_model_to_unadjusted_ohlc_unit_notional,1368
2023-04-21,2023-04-24,2023-05-02,6523,達爾膚,TPEx,hybrid_pullback_base_mega_override,regime_switch_hybrid_route,hybrid,rs20_top3_risk_tiebreak,next_day_open_entry_fixed_5td_exit,unadjusted_open,unadjusted_close,142.0,146.5,149.0,142.0,149.0,0.04929577464788726,True,,official_unadjusted_ohlcv_tpex_trading_stock,official_unadjusted_ohlcv_tpex_trading_stock,TPEX_TRADING_STOCK,TPEX_TRADING_STOCK,False,unadjusted_ohlcv; adjusted_close_blocked_not_fabricated,True,False,False,False,False,False,False,False,True,False,1000000,7042.0,999964.0,1049258.0,1425.0,4643.0,6068.0,0.043166042367152026,applied_local_ep05_cost_model_to_unadjusted_ohlc_unit_notional,1368
2023-04-21,2023-04-24,2023-05-02,6160,欣技,TPEx,market_bias_pool_trend_route,regime_switch_hybrid_route,mega_or_stock_route,stable_strength,next_day_close_entry_fixed_5td_exit,unadjusted_close,unadjusted_close,29.35,29.15,30.7,29.15,30.7,0.05317324185248706,True,,official_unadjusted_ohlcv_tpex_trading_stock,official_unadjusted_ohlcv_tpex_trading_stock,TPEX_TRADING_STOCK,TPEX_TRADING_STOCK,False,unadjusted_ohlcv; adjusted_close_blocked_not_fabricated,True,False,False,False,False,False,False,False,True,False,1000000,34305.0,999990.75,1053163.5,1425.0,4660.0,6085.0,0.04702117976474806,applied_local_ep05_cost_model_to_unadjusted_ohlc_unit_notional,1368
2023-04-21,2023-04-21,2023-04-28,6160,欣技,TPEx,market_bias_pool_trend_route,regime_switch_hybrid_route,mega_or_stock_route,stable_strength,same_week_close_to_next_rebalance_close_comparator,unadjusted_close,unadjusted_close,31.3,29.55,31.1,29.55,31.1,0.05245346869712364,True,,official_unadjusted_ohlcv_tpex_trading_stock,official_unadjusted_ohlcv_tpex_trading_stock,TPEX_TRADING_STOCK,TPEX_TRADING_STOCK,False,unadjusted_ohlcv; adjusted_close_blocked_not_fabricated,True,False,False,False,False,False,False,False,True,False,1000000,33840.0,999972.0,1052424.0,1425.0,4657.0,6082.0,0.04630531147986263,applied_local_ep05_cost_model_to_unadjusted_ohlc_unit_notional,1368
2023-04-21,2023-04-24,2023-05-02,6160,欣技,TPEx,market_bias_pool_trend_route,regime_switch_hybrid_route,mega_or_stock_route,stable_strength,next_day_open_entry_fixed_5td_exit,unadjusted_open,unadjusted_close,29.35,29.15,30.7,29.35,30.7,0.04599659284497437,True,,official_unadjusted_ohlcv_tpex_trading_stock,official_unadjusted_ohlcv_tpex_trading_stock,TPEX_TRADING_STOCK,TPEX_TRADING_STOCK,False,unadjusted_ohlcv; adjusted_close_blocked_not_fabricated,True,False,False,False,False,False,False,False,True,False,1000000,34071.0,999983.8500000001,1045979.7,1425.0,4629.0,6054.0,0.03988565709200578,applied_local_ep05_cost_model_to_unadjusted_ohlc_unit_notional,1368
2023-04-21,2023-04-24,2023-05-02,6160,欣技,TPEx,pool_breadth_route,regime_switch_hybrid_route,mega_or_stock_route,stable_strength,next_day_close_entry_fixed_5td_exit,unadjusted_close,unadjusted_close,29.35,29.15,30.7,29.15,30.7,0.05317324185248706,True,,official_unadjusted_ohlcv_tpex_trading_stock,official_unadjusted_ohlcv_tpex_trading_stock,TPEX_TRADING_STOCK,TPEX_TRADING_STOCK,False,unadjusted_ohlcv; adjusted_close_blocked_not_fabricated,True,False,False,False,False,False,False,False,True,False,1000000,34305.0,999990.75,1053163.5,1425.0,4660.0,6085.0,0.04702117976474806,applied_local_ep05_cost_model_to_unadjusted_ohlc_unit_notional,1368
2023-04-21,2023-04-21,2023-04-28,6160,欣技,TPEx,pool_breadth_route,regime_switch_hybrid_route,mega_or_stock_route,stable_strength,same_week_close_to_next_rebalance_close_comparator,unadjusted_close,unadjusted_close,31.3,29.55,31.1,29.55,31.1,0.05245346869712364,True,,official_unadjusted_ohlcv_tpex_trading_stock,official_unadjusted_ohlcv_tpex_trading_stock,TPEX_TRADING_STOCK,TPEX_TRADING_STOCK,False,unadjusted_ohlcv; adjusted_close_blocked_not_fabricated,True,False,False,False,False,False,False,False,True,False,1000000,33840.0,999972.0,1052424.0,1425.0,4657.0,6082.0,0.04630531147986263,applied_local_ep05_cost_model_to_unadjusted_ohlc_unit_notional,1368
2023-04-21,2023-04-24,2023-05-02,6160,欣技,TPEx,pool_breadth_route,regime_switch_hybrid_route,mega_or_stock_route,stable_strength,next_day_open_entry_fixed_5td_exit,unadjusted_open,unadjusted_close,29.35,29.15,30.7,29.35,30.7,0.04599659284497437,True,,official_unadjusted_ohlcv_tpex_trading_stock,official_unadjusted_ohlcv_tpex_trading_stock,TPEX_TRADING_STOCK,TPEX_TRADING_STOCK,False,unadjusted_ohlcv; adjusted_close_blocked_not_fabricated,True,False,False,False,False,False,False,False,True,False,1000000,34071.0,999983.8500000001,1045979.7,1425.0,4629.0,6054.0,0.03988565709200578,applied_local_ep05_cost_model_to_unadjusted_ohlc_unit_notional,1368
2023-04-28,2023-05-02,2023-05-09,4763,材料*-KY,TWSE,dynamic80_top1_rs20_31_bonus_proxy,legacy_rs20_operating_mode,mega_rs20,dynamic80_top1_rs20_31_bonus_proxy,next_day_close_entry_fixed_5td_exit,unadjusted_close,unadjusted_close,479.0,517.0,515.0,517.0,515.0,-0.003868471953578312,True,,official_unadjusted_ohlcv_twse_stock_day,official_unadjusted_ohlcv_twse_stock_day,TWSE_STOCK_DAY,TWSE_STOCK_DAY,False,unadjusted_ohlcv; adjusted_close_blocked_not_fabricated,True,False,False,False,False,False,False,False,True,False,1000000,1934.0,999878.0,996010.0,1425.0,4407.0,5832.0,-0.009687377347316447,applied_local_ep05_cost_model_to_unadjusted_ohlc_unit_notional,1368
2023-04-28,2023-04-28,2023-05-05,4763,材料*-KY,TWSE,dynamic80_top1_rs20_31_bonus_proxy,legacy_rs20_operating_mode,mega_rs20,dynamic80_top1_rs20_31_bonus_proxy,same_week_close_to_next_rebalance_close_comparator,unadjusted_close,unadjusted_close,431.5,470.5,548.0,470.5,548.0,0.16471838469713074,True,,official_unadjusted_ohlcv_twse_stock_day,official_unadjusted_ohlcv_twse_stock_day,TWSE_STOCK_DAY,TWSE_STOCK_DAY,False,unadjusted_ohlcv; adjusted_close_blocked_not_fabricated,True,False,False,False,False,False,False,False,True,False,1000000,2125.0,999812.5,1164500.0,1425.0,5153.0,6578.0,0.1579140813243611,applied_local_ep05_cost_model_to_unadjusted_ohlc_unit_notional,1368
2023-04-28,2023-05-02,2023-05-09,4763,材料*-KY,TWSE,dynamic80_top1_rs20_31_bonus_proxy,legacy_rs20_operating_mode,mega_rs20,dynamic80_top1_rs20_31_bonus_proxy,next_day_open_entry_fixed_5td_exit,unadjusted_open,unadjusted_close,479.0,517.0,515.0,479.0,515.0,0.0751565762004176,True,,official_unadjusted_ohlcv_twse_stock_day,official_unadjusted_ohlcv_twse_stock_day,TWSE_STOCK_DAY,TWSE_STOCK_DAY,False,unadjusted_ohlcv; adjusted_close_blocked_not_fabricated,True,False,False,False,False,False,False,False,True,False,1000000,2087.0,999673.0,1074805.0,1425.0,4756.0,6181.0,0.0688753748384274,applied_local_ep05_cost_model_to_unadjusted_ohlc_unit_notional,1368
2023-04-28,2023-05-02,2023-05-09,4763,材料*-KY,TWSE,dynamic80_top1_rs20_7core_context_proxy,legacy_rs20_operating_mode,mega_rs20,dynamic80_top1_rs20_7core_context_proxy,next_day_close_entry_fixed_5td_exit,unadjusted_close,unadjusted_close,479.0,517.0,515.0,517.0,515.0,-0.003868471953578312,True,,official_unadjusted_ohlcv_twse_stock_day,official_unadjusted_ohlcv_twse_stock_day,TWSE_STOCK_DAY,TWSE_STOCK_DAY,False,unadjusted_ohlcv; adjusted_close_blocked_not_fabricated,True,False,False,False,False,False,False,False,True,False,1000000,1934.0,999878.0,996010.0,1425.0,4407.0,5832.0,-0.009687377347316447,applied_local_ep05_cost_model_to_unadjusted_ohlc_unit_notional,1368
2023-04-28,2023-04-28,2023-05-05,4763,材料*-KY,TWSE,dynamic80_top1_rs20_7core_context_proxy,legacy_rs20_operating_mode,mega_rs20,dynamic80_top1_rs20_7core_context_proxy,same_week_close_to_next_rebalance_close_comparator,unadjusted_close,unadjusted_close,431.5,470.5,548.0,470.5,548.0,0.16471838469713074,True,,official_unadjusted_ohlcv_twse_stock_day,official_unadjusted_ohlcv_twse_stock_day,TWSE_STOCK_DAY,TWSE_STOCK_DAY,False,unadjusted_ohlcv; adjusted_close_blocked_not_fabricated,True,False,False,False,False,False,False,False,True,False,1000000,2125.0,999812.5,1164500.0,1425.0,5153.0,6578.0,0.1579140813243611,applied_local_ep05_cost_model_to_unadjusted_ohlc_unit_notional,1368
2023-04-28,2023-05-02,2023-05-09,4763,材料*-KY,TWSE,dynamic80_top1_rs20_7core_context_proxy,legacy_rs20_operating_mode,mega_rs20,dynamic80_top1_rs20_7core_context_proxy,next_day_open_entry_fixed_5td_exit,unadjusted_open,unadjusted_close,479.0,517.0,515.0,479.0,515.0,0.0751565762004176,True,,official_unadjusted_ohlcv_twse_stock_day,official_unadjusted_ohlcv_twse_stock_day,TWSE_STOCK_DAY,TWSE_STOCK_DAY,False,unadjusted_ohlcv; adjusted_close_blocked_not_fabricated,True,False,False,False,False,False,False,False,True,False,1000000,2087.0,999673.0,1074805.0,1425.0,4756.0,6181.0,0.0688753748384274,applied_local_ep05_cost_model_to_unadjusted_ohlc_unit_notional,1368
2023-04-28,2023-05-02,2023-05-09,4763,材料*-KY,TWSE,dynamic80_top1_rs20_proxy,legacy_rs20_operating_mode,mega_rs20,dynamic80_top1_rs20_proxy,next_day_close_entry_fixed_5td_exit,unadjusted_close,unadjusted_close,479.0,517.0,515.0,517.0,515.0,-0.003868471953578312,True,,official_unadjusted_ohlcv_twse_stock_day,official_unadjusted_ohlcv_twse_stock_day,TWSE_STOCK_DAY,TWSE_STOCK_DAY,False,unadjusted_ohlcv; adjusted_close_blocked_not_fabricated,True,False,False,False,False,False,False,False,True,False,1000000,1934.0,999878.0,996010.0,1425.0,4407.0,5832.0,-0.009687377347316447,applied_local_ep05_cost_model_to_unadjusted_ohlc_unit_notional,1368
2023-04-28,2023-04-28,2023-05-05,4763,材料*-KY,TWSE,dynamic80_top1_rs20_proxy,legacy_rs20_operating_mode,mega_rs20,dynamic80_top1_rs20_proxy,same_week_close_to_next_rebalance_close_comparator,unadjusted_close,unadjusted_close,431.5,470.5,548.0,470.5,548.0,0.16471838469713074,True,,official_unadjusted_ohlcv_twse_stock_day,official_unadjusted_ohlcv_twse_stock_day,TWSE_STOCK_DAY,TWSE_STOCK_DAY,False,unadjusted_ohlcv; adjusted_close_blocked_not_fabricated,True,False,False,False,False,False,False,False,True,False,1000000,2125.0,999812.5,1164500.0,1425.0,5153.0,6578.0,0.1579140813243611,applied_local_ep05_cost_model_to_unadjusted_ohlc_unit_notional,1368
2023-04-28,2023-05-02,2023-05-09,4763,材料*-KY,TWSE,dynamic80_top1_rs20_proxy,legacy_rs20_operating_mode,mega_rs20,dynamic80_top1_rs20_proxy,next_day_open_entry_fixed_5td_exit,unadjusted_open,unadjusted_close,479.0,517.0,515.0,479.0,515.0,0.0751565762004176,True,,official_unadjusted_ohlcv_twse_stock_day,official_unadjusted_ohlcv_twse_stock_day,TWSE_STOCK_DAY,TWSE_STOCK_DAY,False,unadjusted_ohlcv; adjusted_close_blocked_not_fabricated,True,False,False,False,False,False,False,False,True,False,1000000,2087.0,999673.0,1074805.0,1425.0,4756.0,6181.0,0.0688753748384274,applied_local_ep05_cost_model_to_unadjusted_ohlc_unit_notional,1368
2023-04-28,2023-05-02,2023-05-09,4763,材料*-KY,TWSE,dynamic80_top3_rs20_risk_tiebreak_proxy,legacy_rs20_operating_mode,mega_rs20,dynamic80_top3_rs20_risk_tiebreak_proxy,next_day_close_entry_fixed_5td_exit,unadjusted_close,unadjusted_close,479.0,517.0,515.0,517.0,515.0,-0.003868471953578312,True,,official_unadjusted_ohlcv_twse_stock_day,official_unadjusted_ohlcv_twse_stock_day,TWSE_STOCK_DAY,TWSE_STOCK_DAY,False,unadjusted_ohlcv; adjusted_close_blocked_not_fabricated,True,False,False,False,False,False,False,False,True,False,1000000,1934.0,999878.0,996010.0,1425.0,4407.0,5832.0,-0.009687377347316447,applied_local_ep05_cost_model_to_unadjusted_ohlc_unit_notional,1368
2023-04-28,2023-04-28,2023-05-05,4763,材料*-KY,TWSE,dynamic80_top3_rs20_risk_tiebreak_proxy,legacy_rs20_operating_mode,mega_rs20,dynamic80_top3_rs20_risk_tiebreak_proxy,same_week_close_to_next_rebalance_close_comparator,unadjusted_close,unadjusted_close,431.5,470.5,548.0,470.5,548.0,0.16471838469713074,True,,official_unadjusted_ohlcv_twse_stock_day,official_unadjusted_ohlcv_twse_stock_day,TWSE_STOCK_DAY,TWSE_STOCK_DAY,False,unadjusted_ohlcv; adjusted_close_blocked_not_fabricated,True,False,False,False,False,False,False,False,True,False,1000000,2125.0,999812.5,1164500.0,1425.0,5153.0,6578.0,0.1579140813243611,applied_local_ep05_cost_model_to_unadjusted_ohlc_unit_notional,1368
2023-04-28,2023-05-02,2023-05-09,4763,材料*-KY,TWSE,dynamic80_top3_rs20_risk_tiebreak_proxy,legacy_rs20_operating_mode,mega_rs20,dynamic80_top3_rs20_risk_tiebreak_proxy,next_day_open_entry_fixed_5td_exit,unadjusted_open,unadjusted_close,479.0,517.0,515.0,479.0,515.0,0.0751565762004176,True,,official_unadjusted_ohlcv_twse_stock_day,official_unadjusted_ohlcv_twse_stock_day,TWSE_STOCK_DAY,TWSE_STOCK_DAY,False,unadjusted_ohlcv; adjusted_close_blocked_not_fabricated,True,False,False,False,False,False,False,False,True,False,1000000,2087.0,999673.0,1074805.0,1425.0,4756.0,6181.0,0.0688753748384274,applied_local_ep05_cost_model_to_unadjusted_ohlc_unit_notional,1368
2023-04-28,2023-05-02,2023-05-09,1720,生達,TWSE,conservative_hurdle_route,regime_switch_hybrid_route,ordinary_defensive_00631L_base,rs20_top3_risk_tiebreak,next_day_close_entry_fixed_5td_exit,unadjusted_close,unadjusted_close,77.0,74.0,71.7,74.0,71.7,-0.031081081081081097,True,,official_unadjusted_ohlcv_twse_stock_day,official_unadjusted_ohlcv_twse_stock_day,TWSE_STOCK_DAY,TWSE_STOCK_DAY,False,unadjusted_ohlcv; adjusted_close_blocked_not_fabricated,True,False,False,False,False,False,False,False,True,False,1000000,13513.0,999962.0,968882.1000000001,1425.0,4288.0,5713.0,-0.03674193893070302,applied_local_ep05_cost_model_to_unadjusted_ohlc_unit_notional,1368
2023-04-28,2023-04-28,2023-05-05,1720,生達,TWSE,conservative_hurdle_route,regime_switch_hybrid_route,ordinary_defensive_00631L_base,rs20_top3_risk_tiebreak,same_week_close_to_next_rebalance_close_comparator,unadjusted_close,unadjusted_close,71.4,76.2,74.7,76.2,74.7,-0.019685039370078705,True,,official_unadjusted_ohlcv_twse_stock_day,official_unadjusted_ohlcv_twse_stock_day,TWSE_STOCK_DAY,TWSE_STOCK_DAY,False,unadjusted_ohlcv; adjusted_close_blocked_not_fabricated,True,False,False,False,False,False,False,False,True,False,1000000,13123.0,999972.6000000001,980288.1000000001,1425.0,4338.0,5763.0,-0.02541198421086689,applied_local_ep05_cost_model_to_unadjusted_ohlc_unit_notional,1368
2023-04-28,2023-05-02,2023-05-09,1720,生達,TWSE,conservative_hurdle_route,regime_switch_hybrid_route,ordinary_defensive_00631L_base,rs20_top3_risk_tiebreak,next_day_open_entry_fixed_5td_exit,unadjusted_open,unadjusted_close,77.0,74.0,71.7,77.0,71.7,-0.0688311688311688,True,,official_unadjusted_ohlcv_twse_stock_day,official_unadjusted_ohlcv_twse_stock_day,TWSE_STOCK_DAY,TWSE_STOCK_DAY,False,unadjusted_ohlcv; adjusted_close_blocked_not_fabricated,True,False,False,False,False,False,False,False,True,False,1000000,12987.0,999999.0,931167.9,1425.0,4121.0,5546.0,-0.07427133761523588,applied_local_ep05_cost_model_to_unadjusted_ohlc_unit_notional,1368
2023-04-28,2023-05-02,2023-05-09,1720,生達,TWSE,dispersion_route,regime_switch_hybrid_route,dispersion,rs20_top3_risk_tiebreak,next_day_close_entry_fixed_5td_exit,unadjusted_close,unadjusted_close,77.0,74.0,71.7,74.0,71.7,-0.031081081081081097,True,,official_unadjusted_ohlcv_twse_stock_day,official_unadjusted_ohlcv_twse_stock_day,TWSE_STOCK_DAY,TWSE_STOCK_DAY,False,unadjusted_ohlcv; adjusted_close_blocked_not_fabricated,True,False,False,False,False,False,False,False,True,False,1000000,13513.0,999962.0,968882.1000000001,1425.0,4288.0,5713.0,-0.03674193893070302,applied_local_ep05_cost_model_to_unadjusted_ohlc_unit_notional,1368
2023-04-28,2023-04-28,2023-05-05,1720,生達,TWSE,dispersion_route,regime_switch_hybrid_route,dispersion,rs20_top3_risk_tiebreak,same_week_close_to_next_rebalance_close_comparator,unadjusted_close,unadjusted_close,71.4,76.2,74.7,76.2,74.7,-0.019685039370078705,True,,official_unadjusted_ohlcv_twse_stock_day,official_unadjusted_ohlcv_twse_stock_day,TWSE_STOCK_DAY,TWSE_STOCK_DAY,False,unadjusted_ohlcv; adjusted_close_blocked_not_fabricated,True,False,False,False,False,False,False,False,True,False,1000000,13123.0,999972.6000000001,980288.1000000001,1425.0,4338.0,5763.0,-0.02541198421086689,applied_local_ep05_cost_model_to_unadjusted_ohlc_unit_notional,1368
2023-04-28,2023-05-02,2023-05-09,1720,生達,TWSE,dispersion_route,regime_switch_hybrid_route,dispersion,rs20_top3_risk_tiebreak,next_day_open_entry_fixed_5td_exit,unadjusted_open,unadjusted_close,77.0,74.0,71.7,77.0,71.7,-0.0688311688311688,True,,official_unadjusted_ohlcv_twse_stock_day,official_unadjusted_ohlcv_twse_stock_day,TWSE_STOCK_DAY,TWSE_STOCK_DAY,False,unadjusted_ohlcv; adjusted_close_blocked_not_fabricated,True,False,False,False,False,False,False,False,True,False,1000000,12987.0,999999.0,931167.9,1425.0,4121.0,5546.0,-0.07427133761523588,applied_local_ep05_cost_model_to_unadjusted_ohlc_unit_notional,1368
2023-04-28,2023-05-02,2023-05-09,1720,生達,TWSE,hybrid_pullback_base_mega_override,regime_switch_hybrid_route,hybrid,rs20_top3_risk_tiebreak,next_day_close_entry_fixed_5td_exit,unadjusted_close,unadjusted_close,77.0,74.0,71.7,74.0,71.7,-0.031081081081081097,True,,official_unadjusted_ohlcv_twse_stock_day,official_unadjusted_ohlcv_twse_stock_day,TWSE_STOCK_DAY,TWSE_STOCK_DAY,False,unadjusted_ohlcv; adjusted_close_blocked_not_fabricated,True,False,False,False,False,False,False,False,True,False,1000000,13513.0,999962.0,968882.1000000001,1425.0,4288.0,5713.0,-0.03674193893070302,applied_local_ep05_cost_model_to_unadjusted_ohlc_unit_notional,1368
2023-04-28,2023-04-28,2023-05-05,1720,生達,TWSE,hybrid_pullback_base_mega_override,regime_switch_hybrid_route,hybrid,rs20_top3_risk_tiebreak,same_week_close_to_next_rebalance_close_comparator,unadjusted_close,unadjusted_close,71.4,76.2,74.7,76.2,74.7,-0.019685039370078705,True,,official_unadjusted_ohlcv_twse_stock_day,official_unadjusted_ohlcv_twse_stock_day,TWSE_STOCK_DAY,TWSE_STOCK_DAY,False,unadjusted_ohlcv; adjusted_close_blocked_not_fabricated,True,False,False,False,False,False,False,False,True,False,1000000,13123.0,999972.6000000001,980288.1000000001,1425.0,4338.0,5763.0,-0.02541198421086689,applied_local_ep05_cost_model_to_unadjusted_ohlc_unit_notional,1368
2023-04-28,2023-05-02,2023-05-09,1720,生達,TWSE,hybrid_pullback_base_mega_override,regime_switch_hybrid_route,hybrid,rs20_top3_risk_tiebreak,next_day_open_entry_fixed_5td_exit,unadjusted_open,unadjusted_close,77.0,74.0,71.7,77.0,71.7,-0.0688311688311688,True,,official_unadjusted_ohlcv_twse_stock_day,official_unadjusted_ohlcv_twse_stock_day,TWSE_STOCK_DAY,TWSE_STOCK_DAY,False,unadjusted_ohlcv; adjusted_close_blocked_not_fabricated,True,False,False,False,False,False,False,False,True,False,1000000,12987.0,999999.0,931167.9,1425.0,4121.0,5546.0,-0.07427133761523588,applied_local_ep05_cost_model_to_unadjusted_ohlc_unit_notional,1368
2023-04-28,2023-05-02,2023-05-09,4763,材料*-KY,TWSE,market_bias_pool_trend_route,regime_switch_hybrid_route,mega_or_stock_route,stable_strength,next_day_close_entry_fixed_5td_exit,unadjusted_close,unadjusted_close,479.0,517.0,515.0,517.0,515.0,-0.003868471953578312,True,,official_unadjusted_ohlcv_twse_stock_day,official_unadjusted_ohlcv_twse_stock_day,TWSE_STOCK_DAY,TWSE_STOCK_DAY,False,unadjusted_ohlcv; adjusted_close_blocked_not_fabricated,True,False,False,False,False,False,False,False,True,False,1000000,1934.0,999878.0,996010.0,1425.0,4407.0,5832.0,-0.009687377347316447,applied_local_ep05_cost_model_to_unadjusted_ohlc_unit_notional,1368
2023-04-28,2023-04-28,2023-05-05,4763,材料*-KY,TWSE,market_bias_pool_trend_route,regime_switch_hybrid_route,mega_or_stock_route,stable_strength,same_week_close_to_next_rebalance_close_comparator,unadjusted_close,unadjusted_close,431.5,470.5,548.0,470.5,548.0,0.16471838469713074,True,,official_unadjusted_ohlcv_twse_stock_day,official_unadjusted_ohlcv_twse_stock_day,TWSE_STOCK_DAY,TWSE_STOCK_DAY,False,unadjusted_ohlcv; adjusted_close_blocked_not_fabricated,True,False,False,False,False,False,False,False,True,False,1000000,2125.0,999812.5,1164500.0,1425.0,5153.0,6578.0,0.1579140813243611,applied_local_ep05_cost_model_to_unadjusted_ohlc_unit_notional,1368
2023-04-28,2023-05-02,2023-05-09,4763,材料*-KY,TWSE,market_bias_pool_trend_route,regime_switch_hybrid_route,mega_or_stock_route,stable_strength,next_day_open_entry_fixed_5td_exit,unadjusted_open,unadjusted_close,479.0,517.0,515.0,479.0,515.0,0.0751565762004176,True,,official_unadjusted_ohlcv_twse_stock_day,official_unadjusted_ohlcv_twse_stock_day,TWSE_STOCK_DAY,TWSE_STOCK_DAY,False,unadjusted_ohlcv; adjusted_close_blocked_not_fabricated,True,False,False,False,False,False,False,False,True,False,1000000,2087.0,999673.0,1074805.0,1425.0,4756.0,6181.0,0.0688753748384274,applied_local_ep05_cost_model_to_unadjusted_ohlc_unit_notional,1368
2023-04-28,2023-05-02,2023-05-09,4763,材料*-KY,TWSE,pool_breadth_route,regime_switch_hybrid_route,mega_or_stock_route,stable_strength,next_day_close_entry_fixed_5td_exit,unadjusted_close,unadjusted_close,479.0,517.0,515.0,517.0,515.0,-0.003868471953578312,True,,official_unadjusted_ohlcv_twse_stock_day,official_unadjusted_ohlcv_twse_stock_day,TWSE_STOCK_DAY,TWSE_STOCK_DAY,False,unadjusted_ohlcv; adjusted_close_blocked_not_fabricated,True,False,False,False,False,False,False,False,True,False,1000000,1934.0,999878.0,996010.0,1425.0,4407.0,5832.0,-0.009687377347316447,applied_local_ep05_cost_model_to_unadjusted_ohlc_unit_notional,1368
2023-04-28,2023-04-28,2023-05-05,4763,材料*-KY,TWSE,pool_breadth_route,regime_switch_hybrid_route,mega_or_stock_route,stable_strength,same_week_close_to_next_rebalance_close_comparator,unadjusted_close,unadjusted_close,431.5,470.5,548.0,470.5,548.0,0.16471838469713074,True,,official_unadjusted_ohlcv_twse_stock_day,official_unadjusted_ohlcv_twse_stock_day,TWSE_STOCK_DAY,TWSE_STOCK_DAY,False,unadjusted_ohlcv; adjusted_close_blocked_not_fabricated,True,False,False,False,False,False,False,False,True,False,1000000,2125.0,999812.5,1164500.0,1425.0,5153.0,6578.0,0.1579140813243611,applied_local_ep05_cost_model_to_unadjusted_ohlc_unit_notional,1368
2023-04-28,2023-05-02,2023-05-09,4763,材料*-KY,TWSE,pool_breadth_route,regime_switch_hybrid_route,mega_or_stock_route,stable_strength,next_day_open_entry_fixed_5td_exit,unadjusted_open,unadjusted_close,479.0,517.0,515.0,479.0,515.0,0.0751565762004176,True,,official_unadjusted_ohlcv_twse_stock_day,official_unadjusted_ohlcv_twse_stock_day,TWSE_STOCK_DAY,TWSE_STOCK_DAY,False,unadjusted_ohlcv; adjusted_close_blocked_not_fabricated,True,False,False,False,False,False,False,False,True,False,1000000,2087.0,999673.0,1074805.0,1425.0,4756.0,6181.0,0.0688753748384274,applied_local_ep05_cost_model_to_unadjusted_ohlc_unit_notional,1368
2023-05-05,2023-05-08,2023-05-15,6111,大宇資,TPEx,dynamic80_top1_rs20_31_bonus_proxy,legacy_rs20_operating_mode,mega_rs20,dynamic80_top1_rs20_31_bonus_proxy,next_day_close_entry_fixed_5td_exit,unadjusted_close,unadjusted_close,95.3,93.9,84.0,93.9,84.0,-0.10543130990415339,True,,official_unadjusted_ohlcv_tpex_trading_stock,official_unadjusted_ohlcv_tpex_trading_stock,TPEX_TRADING_STOCK,TPEX_TRADING_STOCK,False,unadjusted_ohlcv; adjusted_close_blocked_not_fabricated,True,False,False,False,False,False,False,False,True,False,1000000,10649.0,999941.1000000001,894516.0,1425.0,3959.0,5384.0,-0.11065793020155175,applied_local_ep05_cost_model_to_unadjusted_ohlc_unit_notional,1368
2023-05-05,2023-05-05,2023-05-12,6111,大宇資,TPEx,dynamic80_top1_rs20_31_bonus_proxy,legacy_rs20_operating_mode,mega_rs20,dynamic80_top1_rs20_31_bonus_proxy,same_week_close_to_next_rebalance_close_comparator,unadjusted_close,unadjusted_close,86.5,93.4,88.1,93.4,88.1,-0.05674518201284806,True,,official_unadjusted_ohlcv_tpex_trading_stock,official_unadjusted_ohlcv_tpex_trading_stock,TPEX_TRADING_STOCK,TPEX_TRADING_STOCK,False,unadjusted_ohlcv; adjusted_close_blocked_not_fabricated,True,False,False,False,False,False,False,False,True,False,1000000,10706.0,999940.4,943198.6,1425.0,4174.0,5599.0,-0.062255795936228715,applied_local_ep05_cost_model_to_unadjusted_ohlc_unit_notional,1368
2023-05-05,2023-05-08,2023-05-15,6111,大宇資,TPEx,dynamic80_top1_rs20_31_bonus_proxy,legacy_rs20_operating_mode,mega_rs20,dynamic80_top1_rs20_31_bonus_proxy,next_day_open_entry_fixed_5td_exit,unadjusted_open,unadjusted_close,95.3,93.9,84.0,95.3,84.0,-0.11857292759706184,True,,official_unadjusted_ohlcv_tpex_trading_stock,official_unadjusted_ohlcv_tpex_trading_stock,TPEX_TRADING_STOCK,TPEX_TRADING_STOCK,False,unadjusted_ohlcv; adjusted_close_blocked_not_fabricated,True,False,False,False,False,False,False,False,True,False,1000000,10493.0,999982.9,881412.0,1425.0,3900.0,5325.0,-0.12372171220139168,applied_local_ep05_cost_model_to_unadjusted_ohlc_unit_notional,1368
2023-05-05,2023-05-08,2023-05-15,6111,大宇資,TPEx,dynamic80_top1_rs20_7core_context_proxy,legacy_rs20_operating_mode,mega_rs20,dynamic80_top1_rs20_7core_context_proxy,next_day_close_entry_fixed_5td_exit,unadjusted_close,unadjusted_close,95.3,93.9,84.0,93.9,84.0,-0.10543130990415339,True,,official_unadjusted_ohlcv_tpex_trading_stock,official_unadjusted_ohlcv_tpex_trading_stock,TPEX_TRADING_STOCK,TPEX_TRADING_STOCK,False,unadjusted_ohlcv; adjusted_close_blocked_not_fabricated,True,False,False,False,False,False,False,False,True,False,1000000,10649.0,999941.1000000001,894516.0,1425.0,3959.0,5384.0,-0.11065793020155175,applied_local_ep05_cost_model_to_unadjusted_ohlc_unit_notional,1368
2023-05-05,2023-05-05,2023-05-12,6111,大宇資,TPEx,dynamic80_top1_rs20_7core_context_proxy,legacy_rs20_operating_mode,mega_rs20,dynamic80_top1_rs20_7core_context_proxy,same_week_close_to_next_rebalance_close_comparator,unadjusted_close,unadjusted_close,86.5,93.4,88.1,93.4,88.1,-0.05674518201284806,True,,official_unadjusted_ohlcv_tpex_trading_stock,official_unadjusted_ohlcv_tpex_trading_stock,TPEX_TRADING_STOCK,TPEX_TRADING_STOCK,False,unadjusted_ohlcv; adjusted_close_blocked_not_fabricated,True,False,False,False,False,False,False,False,True,False,1000000,10706.0,999940.4,943198.6,1425.0,4174.0,5599.0,-0.062255795936228715,applied_local_ep05_cost_model_to_unadjusted_ohlc_unit_notional,1368
2023-05-05,2023-05-08,2023-05-15,6111,大宇資,TPEx,dynamic80_top1_rs20_7core_context_proxy,legacy_rs20_operating_mode,mega_rs20,dynamic80_top1_rs20_7core_context_proxy,next_day_open_entry_fixed_5td_exit,unadjusted_open,unadjusted_close,95.3,93.9,84.0,95.3,84.0,-0.11857292759706184,True,,official_unadjusted_ohlcv_tpex_trading_stock,official_unadjusted_ohlcv_tpex_trading_stock,TPEX_TRADING_STOCK,TPEX_TRADING_STOCK,False,unadjusted_ohlcv; adjusted_close_blocked_not_fabricated,True,False,False,False,False,False,False,False,True,False,1000000,10493.0,999982.9,881412.0,1425.0,3900.0,5325.0,-0.12372171220139168,applied_local_ep05_cost_model_to_unadjusted_ohlc_unit_notional,1368
2023-05-05,2023-05-08,2023-05-15,6111,大宇資,TPEx,dynamic80_top1_rs20_proxy,legacy_rs20_operating_mode,mega_rs20,dynamic80_top1_rs20_proxy,next_day_close_entry_fixed_5td_exit,unadjusted_close,unadjusted_close,95.3,93.9,84.0,93.9,84.0,-0.10543130990415339,True,,official_unadjusted_ohlcv_tpex_trading_stock,official_unadjusted_ohlcv_tpex_trading_stock,TPEX_TRADING_STOCK,TPEX_TRADING_STOCK,False,unadjusted_ohlcv; adjusted_close_blocked_not_fabricated,True,False,False,False,False,False,False,False,True,False,1000000,10649.0,999941.1000000001,894516.0,1425.0,3959.0,5384.0,-0.11065793020155175,applied_local_ep05_cost_model_to_unadjusted_ohlc_unit_notional,1368
2023-05-05,2023-05-05,2023-05-12,6111,大宇資,TPEx,dynamic80_top1_rs20_proxy,legacy_rs20_operating_mode,mega_rs20,dynamic80_top1_rs20_proxy,same_week_close_to_next_rebalance_close_comparator,unadjusted_close,unadjusted_close,86.5,93.4,88.1,93.4,88.1,-0.05674518201284806,True,,official_unadjusted_ohlcv_tpex_trading_stock,official_unadjusted_ohlcv_tpex_trading_stock,TPEX_TRADING_STOCK,TPEX_TRADING_STOCK,False,unadjusted_ohlcv; adjusted_close_blocked_not_fabricated,True,False,False,False,False,False,False,False,True,False,1000000,10706.0,999940.4,943198.6,1425.0,4174.0,5599.0,-0.062255795936228715,applied_local_ep05_cost_model_to_unadjusted_ohlc_unit_notional,1368
2023-05-05,2023-05-08,2023-05-15,6111,大宇資,TPEx,dynamic80_top1_rs20_proxy,legacy_rs20_operating_mode,mega_rs20,dynamic80_top1_rs20_proxy,next_day_open_entry_fixed_5td_exit,unadjusted_open,unadjusted_close,95.3,93.9,84.0,95.3,84.0,-0.11857292759706184,True,,official_unadjusted_ohlcv_tpex_trading_stock,official_unadjusted_ohlcv_tpex_trading_stock,TPEX_TRADING_STOCK,TPEX_TRADING_STOCK,False,unadjusted_ohlcv; adjusted_close_blocked_not_fabricated,True,False,False,False,False,False,False,False,True,False,1000000,10493.0,999982.9,881412.0,1425.0,3900.0,5325.0,-0.12372171220139168,applied_local_ep05_cost_model_to_unadjusted_ohlc_unit_notional,1368
2023-05-05,2023-05-08,2023-05-15,6111,大宇資,TPEx,dynamic80_top3_rs20_risk_tiebreak_proxy,legacy_rs20_operating_mode,mega_rs20,dynamic80_top3_rs20_risk_tiebreak_proxy,next_day_close_entry_fixed_5td_exit,unadjusted_close,unadjusted_close,95.3,93.9,84.0,93.9,84.0,-0.10543130990415339,True,,official_unadjusted_ohlcv_tpex_trading_stock,official_unadjusted_ohlcv_tpex_trading_stock,TPEX_TRADING_STOCK,TPEX_TRADING_STOCK,False,unadjusted_ohlcv; adjusted_close_blocked_not_fabricated,True,False,False,False,False,False,False,False,True,False,1000000,10649.0,999941.1000000001,894516.0,1425.0,3959.0,5384.0,-0.11065793020155175,applied_local_ep05_cost_model_to_unadjusted_ohlc_unit_notional,1368
2023-05-05,2023-05-05,2023-05-12,6111,大宇資,TPEx,dynamic80_top3_rs20_risk_tiebreak_proxy,legacy_rs20_operating_mode,mega_rs20,dynamic80_top3_rs20_risk_tiebreak_proxy,same_week_close_to_next_rebalance_close_comparator,unadjusted_close,unadjusted_close,86.5,93.4,88.1,93.4,88.1,-0.05674518201284806,True,,official_unadjusted_ohlcv_tpex_trading_stock,official_unadjusted_ohlcv_tpex_trading_stock,TPEX_TRADING_STOCK,TPEX_TRADING_STOCK,False,unadjusted_ohlcv; adjusted_close_blocked_not_fabricated,True,False,False,False,False,False,False,False,True,False,1000000,10706.0,999940.4,943198.6,1425.0,4174.0,5599.0,-0.062255795936228715,applied_local_ep05_cost_model_to_unadjusted_ohlc_unit_notional,1368
2023-05-05,2023-05-08,2023-05-15,6111,大宇資,TPEx,dynamic80_top3_rs20_risk_tiebreak_proxy,legacy_rs20_operating_mode,mega_rs20,dynamic80_top3_rs20_risk_tiebreak_proxy,next_day_open_entry_fixed_5td_exit,unadjusted_open,unadjusted_close,95.3,93.9,84.0,95.3,84.0,-0.11857292759706184,True,,official_unadjusted_ohlcv_tpex_trading_stock,official_unadjusted_ohlcv_tpex_trading_stock,TPEX_TRADING_STOCK,TPEX_TRADING_STOCK,False,unadjusted_ohlcv; adjusted_close_blocked_not_fabricated,True,False,False,False,False,False,False,False,True,False,1000000,10493.0,999982.9,881412.0,1425.0,3900.0,5325.0,-0.12372171220139168,applied_local_ep05_cost_model_to_unadjusted_ohlc_unit_notional,1368
2023-05-05,2023-05-08,2023-05-15,3693,營邦,TPEx,conservative_hurdle_route,regime_switch_hybrid_route,ordinary_defensive_00631L_base,rs20_top3_risk_tiebreak,next_day_close_entry_fixed_5td_exit,unadjusted_close,unadjusted_close,185.0,198.0,175.0,198.0,175.0,-0.11616161616161613,True,,official_unadjusted_ohlcv_tpex_trading_stock,official_unadjusted_ohlcv_tpex_trading_stock,TPEX_TRADING_STOCK,TPEX_TRADING_STOCK,False,unadjusted_ohlcv; adjusted_close_blocked_not_fabricated,True,False,False,False,False,False,False,False,True,False,1000000,5050.0,999900.0,883750.0,1425.0,3910.0,5335.0,-0.12132424537487829,applied_local_ep05_cost_model_to_unadjusted_ohlc_unit_notional,1368
2023-05-05,2023-05-05,2023-05-12,3693,營邦,TPEx,conservative_hurdle_route,regime_switch_hybrid_route,ordinary_defensive_00631L_base,rs20_top3_risk_tiebreak,same_week_close_to_next_rebalance_close_comparator,unadjusted_close,unadjusted_close,186.0,180.0,184.0,180.0,184.0,0.022222222222222143,True,,official_unadjusted_ohlcv_tpex_trading_stock,official_unadjusted_ohlcv_tpex_trading_stock,TPEX_TRADING_STOCK,TPEX_TRADING_STOCK,False,unadjusted_ohlcv; adjusted_close_blocked_not_fabricated,True,False,False,False,False,False,False,False,True,False,1000000,5555.0,999900.0,1022120.0,1425.0,4523.0,5948.0,0.01625046812972811,applied_local_ep05_cost_model_to_unadjusted_ohlc_unit_notional,1368
2023-05-05,2023-05-08,2023-05-15,3693,營邦,TPEx,conservative_hurdle_route,regime_switch_hybrid_route,ordinary_defensive_00631L_base,rs20_top3_risk_tiebreak,next_day_open_entry_fixed_5td_exit,unadjusted_open,unadjusted_close,185.0,198.0,175.0,185.0,175.0,-0.05405405405405406,True,,official_unadjusted_ohlcv_tpex_trading_stock,official_unadjusted_ohlcv_tpex_trading_stock,TPEX_TRADING_STOCK,TPEX_TRADING_STOCK,False,unadjusted_ohlcv; adjusted_close_blocked_not_fabricated,True,False,False,False,False,False,False,False,True,False,1000000,5405.0,999925.0,945875.0,1425.0,4186.0,5611.0,-0.059580566235581965,applied_local_ep05_cost_model_to_unadjusted_ohlc_unit_notional,1368
2023-05-05,2023-05-08,2023-05-15,3693,營邦,TPEx,dispersion_route,regime_switch_hybrid_route,dispersion,rs20_top3_risk_tiebreak,next_day_close_entry_fixed_5td_exit,unadjusted_close,unadjusted_close,185.0,198.0,175.0,198.0,175.0,-0.11616161616161613,True,,official_unadjusted_ohlcv_tpex_trading_stock,official_unadjusted_ohlcv_tpex_trading_stock,TPEX_TRADING_STOCK,TPEX_TRADING_STOCK,False,unadjusted_ohlcv; adjusted_close_blocked_not_fabricated,True,False,False,False,False,False,False,False,True,False,1000000,5050.0,999900.0,883750.0,1425.0,3910.0,5335.0,-0.12132424537487829,applied_local_ep05_cost_model_to_unadjusted_ohlc_unit_notional,1368
2023-05-05,2023-05-05,2023-05-12,3693,營邦,TPEx,dispersion_route,regime_switch_hybrid_route,dispersion,rs20_top3_risk_tiebreak,same_week_close_to_next_rebalance_close_comparator,unadjusted_close,unadjusted_close,186.0,180.0,184.0,180.0,184.0,0.022222222222222143,True,,official_unadjusted_ohlcv_tpex_trading_stock,official_unadjusted_ohlcv_tpex_trading_stock,TPEX_TRADING_STOCK,TPEX_TRADING_STOCK,False,unadjusted_ohlcv; adjusted_close_blocked_not_fabricated,True,False,False,False,False,False,False,False,True,False,1000000,5555.0,999900.0,1022120.0,1425.0,4523.0,5948.0,0.01625046812972811,applied_local_ep05_cost_model_to_unadjusted_ohlc_unit_notional,1368
2023-05-05,2023-05-08,2023-05-15,3693,營邦,TPEx,dispersion_route,regime_switch_hybrid_route,dispersion,rs20_top3_risk_tiebreak,next_day_open_entry_fixed_5td_exit,unadjusted_open,unadjusted_close,185.0,198.0,175.0,185.0,175.0,-0.05405405405405406,True,,official_unadjusted_ohlcv_tpex_trading_stock,official_unadjusted_ohlcv_tpex_trading_stock,TPEX_TRADING_STOCK,TPEX_TRADING_STOCK,False,unadjusted_ohlcv; adjusted_close_blocked_not_fabricated,True,False,False,False,False,False,False,False,True,False,1000000,5405.0,999925.0,945875.0,1425.0,4186.0,5611.0,-0.059580566235581965,applied_local_ep05_cost_model_to_unadjusted_ohlc_unit_notional,1368
2023-05-05,2023-05-08,2023-05-15,3693,營邦,TPEx,hybrid_pullback_base_mega_override,regime_switch_hybrid_route,hybrid,rs20_top3_risk_tiebreak,next_day_close_entry_fixed_5td_exit,unadjusted_close,unadjusted_close,185.0,198.0,175.0,198.0,175.0,-0.11616161616161613,True,,official_unadjusted_ohlcv_tpex_trading_stock,official_unadjusted_ohlcv_tpex_trading_stock,TPEX_TRADING_STOCK,TPEX_TRADING_STOCK,False,unadjusted_ohlcv; adjusted_close_blocked_not_fabricated,True,False,False,False,False,False,False,False,True,False,1000000,5050.0,999900.0,883750.0,1425.0,3910.0,5335.0,-0.12132424537487829,applied_local_ep05_cost_model_to_unadjusted_ohlc_unit_notional,1368
2023-05-05,2023-05-05,2023-05-12,3693,營邦,TPEx,hybrid_pullback_base_mega_override,regime_switch_hybrid_route,hybrid,rs20_top3_risk_tiebreak,same_week_close_to_next_rebalance_close_comparator,unadjusted_close,unadjusted_close,186.0,180.0,184.0,180.0,184.0,0.022222222222222143,True,,official_unadjusted_ohlcv_tpex_trading_stock,official_unadjusted_ohlcv_tpex_trading_stock,TPEX_TRADING_STOCK,TPEX_TRADING_STOCK,False,unadjusted_ohlcv; adjusted_close_blocked_not_fabricated,True,False,False,False,False,False,False,False,True,False,1000000,5555.0,999900.0,1022120.0,1425.0,4523.0,5948.0,0.01625046812972811,applied_local_ep05_cost_model_to_unadjusted_ohlc_unit_notional,1368
2023-05-05,2023-05-08,2023-05-15,3693,營邦,TPEx,hybrid_pullback_base_mega_override,regime_switch_hybrid_route,hybrid,rs20_top3_risk_tiebreak,next_day_open_entry_fixed_5td_exit,unadjusted_open,unadjusted_close,185.0,198.0,175.0,185.0,175.0,-0.05405405405405406,True,,official_unadjusted_ohlcv_tpex_trading_stock,official_unadjusted_ohlcv_tpex_trading_stock,TPEX_TRADING_STOCK,TPEX_TRADING_STOCK,False,unadjusted_ohlcv; adjusted_close_blocked_not_fabricated,True,False,False,False,False,False,False,False,True,False,1000000,5405.0,999925.0,945875.0,1425.0,4186.0,5611.0,-0.059580566235581965,applied_local_ep05_cost_model_to_unadjusted_ohlc_unit_notional,1368
2023-05-05,2023-05-08,2023-05-15,4763,材料*-KY,TWSE,market_bias_pool_trend_route,regime_switch_hybrid_route,mega_or_stock_route,stable_strength,next_day_close_entry_fixed_5td_exit,unadjusted_close,unadjusted_close,536.0,511.0,522.0,511.0,522.0,0.021526418786692814,True,,official_unadjusted_ohlcv_twse_stock_day,official_unadjusted_ohlcv_twse_stock_day,TWSE_STOCK_DAY,TWSE_STOCK_DAY,False,unadjusted_ohlcv; adjusted_close_blocked_not_fabricated,True,False,False,False,False,False,False,False,True,False,1000000,1956.0,999516.0,1021032.0,1424.0,4518.0,5942.0,0.015559374188263033,applied_local_ep05_cost_model_to_unadjusted_ohlc_unit_notional,1368
2023-05-05,2023-05-05,2023-05-12,4763,材料*-KY,TWSE,market_bias_pool_trend_route,regime_switch_hybrid_route,mega_or_stock_route,stable_strength,same_week_close_to_next_rebalance_close_comparator,unadjusted_close,unadjusted_close,545.0,548.0,546.0,548.0,546.0,-0.0036496350364964014,True,,official_unadjusted_ohlcv_twse_stock_day,official_unadjusted_ohlcv_twse_stock_day,TWSE_STOCK_DAY,TWSE_STOCK_DAY,False,unadjusted_ohlcv; adjusted_close_blocked_not_fabricated,True,False,False,False,False,False,False,False,True,False,1000000,1824.0,999552.0,995904.0,1424.0,4407.0,5831.0,-0.009469757516663737,applied_local_ep05_cost_model_to_unadjusted_ohlc_unit_notional,1368
2023-05-05,2023-05-08,2023-05-15,4763,材料*-KY,TWSE,market_bias_pool_trend_route,regime_switch_hybrid_route,mega_or_stock_route,stable_strength,next_day_open_entry_fixed_5td_exit,unadjusted_open,unadjusted_close,536.0,511.0,522.0,536.0,522.0,-0.026119402985074647,True,,official_unadjusted_ohlcv_twse_stock_day,official_unadjusted_ohlcv_twse_stock_day,TWSE_STOCK_DAY,TWSE_STOCK_DAY,False,unadjusted_ohlcv; adjusted_close_blocked_not_fabricated,True,False,False,False,False,False,False,False,True,False,1000000,1865.0,999640.0,973530.0,1424.0,4308.0,5732.0,-0.03180815612188631,applied_local_ep05_cost_model_to_unadjusted_ohlc_unit_notional,1368
2023-05-05,2023-05-08,2023-05-15,4763,材料*-KY,TWSE,pool_breadth_route,regime_switch_hybrid_route,mega_or_stock_route,stable_strength,next_day_close_entry_fixed_5td_exit,unadjusted_close,unadjusted_close,536.0,511.0,522.0,511.0,522.0,0.021526418786692814,True,,official_unadjusted_ohlcv_twse_stock_day,official_unadjusted_ohlcv_twse_stock_day,TWSE_STOCK_DAY,TWSE_STOCK_DAY,False,unadjusted_ohlcv; adjusted_close_blocked_not_fabricated,True,False,False,False,False,False,False,False,True,False,1000000,1956.0,999516.0,1021032.0,1424.0,4518.0,5942.0,0.015559374188263033,applied_local_ep05_cost_model_to_unadjusted_ohlc_unit_notional,1368
2023-05-05,2023-05-05,2023-05-12,4763,材料*-KY,TWSE,pool_breadth_route,regime_switch_hybrid_route,mega_or_stock_route,stable_strength,same_week_close_to_next_rebalance_close_comparator,unadjusted_close,unadjusted_close,545.0,548.0,546.0,548.0,546.0,-0.0036496350364964014,True,,official_unadjusted_ohlcv_twse_stock_day,official_unadjusted_ohlcv_twse_stock_day,TWSE_STOCK_DAY,TWSE_STOCK_DAY,False,unadjusted_ohlcv; adjusted_close_blocked_not_fabricated,True,False,False,False,False,False,False,False,True,False,1000000,1824.0,999552.0,995904.0,1424.0,4407.0,5831.0,-0.009469757516663737,applied_local_ep05_cost_model_to_unadjusted_ohlc_unit_notional,1368
2023-05-05,2023-05-08,2023-05-15,4763,材料*-KY,TWSE,pool_breadth_route,regime_switch_hybrid_route,mega_or_stock_route,stable_strength,next_day_open_entry_fixed_5td_exit,unadjusted_open,unadjusted_close,536.0,511.0,522.0,536.0,522.0,-0.026119402985074647,True,,official_unadjusted_ohlcv_twse_stock_day,official_unadjusted_ohlcv_twse_stock_day,TWSE_STOCK_DAY,TWSE_STOCK_DAY,False,unadjusted_ohlcv; adjusted_close_blocked_not_fabricated,True,False,False,False,False,False,False,False,True,False,1000000,1865.0,999640.0,973530.0,1424.0,4308.0,5732.0,-0.03180815612188631,applied_local_ep05_cost_model_to_unadjusted_ohlc_unit_notional,1368
2023-05-12,2023-05-15,2023-05-22,6139,亞翔,TWSE,dynamic80_top1_rs20_31_bonus_proxy,legacy_rs20_operating_mode,mega_rs20,dynamic80_top1_rs20_31_bonus_proxy,next_day_close_entry_fixed_5td_exit,unadjusted_close,unadjusted_close,58.0,58.0,64.6,58.0,64.6,0.11379310344827576,True,,official_unadjusted_ohlcv_twse_stock_day,official_unadjusted_ohlcv_twse_stock_day,TWSE_STOCK_DAY,TWSE_STOCK_DAY,False,unadjusted_ohlcv; adjusted_close_blocked_not_fabricated,True,False,False,False,False,False,False,False,True,False,1000000,17241.0,999978.0,1113768.5999999999,1425.0,4928.0,6353.0,0.1072870762320463,applied_local_ep05_cost_model_to_unadjusted_ohlc_unit_notional,1368
2023-05-12,2023-05-12,2023-05-19,6139,亞翔,TWSE,dynamic80_top1_rs20_31_bonus_proxy,legacy_rs20_operating_mode,mega_rs20,dynamic80_top1_rs20_31_bonus_proxy,same_week_close_to_next_rebalance_close_comparator,unadjusted_close,unadjusted_close,56.1,57.8,63.9,57.8,63.9,0.10553633217993075,True,,official_unadjusted_ohlcv_twse_stock_day,official_unadjusted_ohlcv_twse_stock_day,TWSE_STOCK_DAY,TWSE_STOCK_DAY,False,unadjusted_ohlcv; adjusted_close_blocked_not_fabricated,True,False,False,False,False,False,False,False,True,False,1000000,17301.0,999997.7999999999,1105533.9,1425.0,4892.0,6317.0,0.09907813163431069,applied_local_ep05_cost_model_to_unadjusted_ohlc_unit_notional,1368
2023-05-12,2023-05-15,2023-05-22,6139,亞翔,TWSE,dynamic80_top1_rs20_31_bonus_proxy,legacy_rs20_operating_mode,mega_rs20,dynamic80_top1_rs20_31_bonus_proxy,next_day_open_entry_fixed_5td_exit,unadjusted_open,unadjusted_close,58.0,58.0,64.6,58.0,64.6,0.11379310344827576,True,,official_unadjusted_ohlcv_twse_stock_day,official_unadjusted_ohlcv_twse_stock_day,TWSE_STOCK_DAY,TWSE_STOCK_DAY,False,unadjusted_ohlcv; adjusted_close_blocked_not_fabricated,True,False,False,False,False,False,False,False,True,False,1000000,17241.0,999978.0,1113768.5999999999,1425.0,4928.0,6353.0,0.1072870762320463,applied_local_ep05_cost_model_to_unadjusted_ohlc_unit_notional,1368
2023-05-12,2023-05-15,2023-05-22,4763,材料*-KY,TWSE,dynamic80_top1_rs20_7core_context_proxy,legacy_rs20_operating_mode,mega_rs20,dynamic80_top1_rs20_7core_context_proxy,next_day_close_entry_fixed_5td_exit,unadjusted_close,unadjusted_close,538.0,522.0,599.0,522.0,599.0,0.14750957854406122,True,,official_unadjusted_ohlcv_twse_stock_day,official_unadjusted_ohlcv_twse_stock_day,TWSE_STOCK_DAY,TWSE_STOCK_DAY,False,unadjusted_ohlcv; adjusted_close_blocked_not_fabricated,True,False,False,False,False,False,False,False,True,False,1000000,1915.0,999630.0,1147085.0,1424.0,5076.0,6500.0,0.14080658985429356,applied_local_ep05_cost_model_to_unadjusted_ohlc_unit_notional,1368
2023-05-12,2023-05-12,2023-05-19,4763,材料*-KY,TWSE,dynamic80_top1_rs20_7core_context_proxy,legacy_rs20_operating_mode,mega_rs20,dynamic80_top1_rs20_7core_context_proxy,same_week_close_to_next_rebalance_close_comparator,unadjusted_close,unadjusted_close,530.0,546.0,578.0,546.0,578.0,0.05860805860805862,True,,official_unadjusted_ohlcv_twse_stock_day,official_unadjusted_ohlcv_twse_stock_day,TWSE_STOCK_DAY,TWSE_STOCK_DAY,False,unadjusted_ohlcv; adjusted_close_blocked_not_fabricated,True,False,False,False,False,False,False,False,True,False,1000000,1831.0,999726.0,1058318.0,1425.0,4683.0,6108.0,0.05242366036691768,applied_local_ep05_cost_model_to_unadjusted_ohlc_unit_notional,1368
2023-05-12,2023-05-15,2023-05-22,4763,材料*-KY,TWSE,dynamic80_top1_rs20_7core_context_proxy,legacy_rs20_operating_mode,mega_rs20,dynamic80_top1_rs20_7core_context_proxy,next_day_open_entry_fixed_5td_exit,unadjusted_open,unadjusted_close,538.0,522.0,599.0,538.0,599.0,0.11338289962825288,True,,official_unadjusted_ohlcv_twse_stock_day,official_unadjusted_ohlcv_twse_stock_day,TWSE_STOCK_DAY,TWSE_STOCK_DAY,False,unadjusted_ohlcv; adjusted_close_blocked_not_fabricated,True,False,False,False,False,False,False,False,True,False,1000000,1858.0,999604.0,1112942.0,1424.0,4925.0,6349.0,0.10687912825615267,applied_local_ep05_cost_model_to_unadjusted_ohlc_unit_notional,1368
2023-05-12,2023-05-15,2023-05-22,4763,材料*-KY,TWSE,dynamic80_top1_rs20_proxy,legacy_rs20_operating_mode,mega_rs20,dynamic80_top1_rs20_proxy,next_day_close_entry_fixed_5td_exit,unadjusted_close,unadjusted_close,538.0,522.0,599.0,522.0,599.0,0.14750957854406122,True,,official_unadjusted_ohlcv_twse_stock_day,official_unadjusted_ohlcv_twse_stock_day,TWSE_STOCK_DAY,TWSE_STOCK_DAY,False,unadjusted_ohlcv; adjusted_close_blocked_not_fabricated,True,False,False,False,False,False,False,False,True,False,1000000,1915.0,999630.0,1147085.0,1424.0,5076.0,6500.0,0.14080658985429356,applied_local_ep05_cost_model_to_unadjusted_ohlc_unit_notional,1368
2023-05-12,2023-05-12,2023-05-19,4763,材料*-KY,TWSE,dynamic80_top1_rs20_proxy,legacy_rs20_operating_mode,mega_rs20,dynamic80_top1_rs20_proxy,same_week_close_to_next_rebalance_close_comparator,unadjusted_close,unadjusted_close,530.0,546.0,578.0,546.0,578.0,0.05860805860805862,True,,official_unadjusted_ohlcv_twse_stock_day,official_unadjusted_ohlcv_twse_stock_day,TWSE_STOCK_DAY,TWSE_STOCK_DAY,False,unadjusted_ohlcv; adjusted_close_blocked_not_fabricated,True,False,False,False,False,False,False,False,True,False,1000000,1831.0,999726.0,1058318.0,1425.0,4683.0,6108.0,0.05242366036691768,applied_local_ep05_cost_model_to_unadjusted_ohlc_unit_notional,1368
2023-05-12,2023-05-15,2023-05-22,4763,材料*-KY,TWSE,dynamic80_top1_rs20_proxy,legacy_rs20_operating_mode,mega_rs20,dynamic80_top1_rs20_proxy,next_day_open_entry_fixed_5td_exit,unadjusted_open,unadjusted_close,538.0,522.0,599.0,538.0,599.0,0.11338289962825288,True,,official_unadjusted_ohlcv_twse_stock_day,official_unadjusted_ohlcv_twse_stock_day,TWSE_STOCK_DAY,TWSE_STOCK_DAY,False,unadjusted_ohlcv; adjusted_close_blocked_not_fabricated,True,False,False,False,False,False,False,False,True,False,1000000,1858.0,999604.0,1112942.0,1424.0,4925.0,6349.0,0.10687912825615267,applied_local_ep05_cost_model_to_unadjusted_ohlc_unit_notional,1368
2023-05-12,2023-05-15,2023-05-22,4763,材料*-KY,TWSE,dynamic80_top3_rs20_risk_tiebreak_proxy,legacy_rs20_operating_mode,mega_rs20,dynamic80_top3_rs20_risk_tiebreak_proxy,next_day_close_entry_fixed_5td_exit,unadjusted_close,unadjusted_close,538.0,522.0,599.0,522.0,599.0,0.14750957854406122,True,,official_unadjusted_ohlcv_twse_stock_day,official_unadjusted_ohlcv_twse_stock_day,TWSE_STOCK_DAY,TWSE_STOCK_DAY,False,unadjusted_ohlcv; adjusted_close_blocked_not_fabricated,True,False,False,False,False,False,False,False,True,False,1000000,1915.0,999630.0,1147085.0,1424.0,5076.0,6500.0,0.14080658985429356,applied_local_ep05_cost_model_to_unadjusted_ohlc_unit_notional,1368
2023-05-12,2023-05-12,2023-05-19,4763,材料*-KY,TWSE,dynamic80_top3_rs20_risk_tiebreak_proxy,legacy_rs20_operating_mode,mega_rs20,dynamic80_top3_rs20_risk_tiebreak_proxy,same_week_close_to_next_rebalance_close_comparator,unadjusted_close,unadjusted_close,530.0,546.0,578.0,546.0,578.0,0.05860805860805862,True,,official_unadjusted_ohlcv_twse_stock_day,official_unadjusted_ohlcv_twse_stock_day,TWSE_STOCK_DAY,TWSE_STOCK_DAY,False,unadjusted_ohlcv; adjusted_close_blocked_not_fabricated,True,False,False,False,False,False,False,False,True,False,1000000,1831.0,999726.0,1058318.0,1425.0,4683.0,6108.0,0.05242366036691768,applied_local_ep05_cost_model_to_unadjusted_ohlc_unit_notional,1368
2023-05-12,2023-05-15,2023-05-22,4763,材料*-KY,TWSE,dynamic80_top3_rs20_risk_tiebreak_proxy,legacy_rs20_operating_mode,mega_rs20,dynamic80_top3_rs20_risk_tiebreak_proxy,next_day_open_entry_fixed_5td_exit,unadjusted_open,unadjusted_close,538.0,522.0,599.0,538.0,599.0,0.11338289962825288,True,,official_unadjusted_ohlcv_twse_stock_day,official_unadjusted_ohlcv_twse_stock_day,TWSE_STOCK_DAY,TWSE_STOCK_DAY,False,unadjusted_ohlcv; adjusted_close_blocked_not_fabricated,True,False,False,False,False,False,False,False,True,False,1000000,1858.0,999604.0,1112942.0,1424.0,4925.0,6349.0,0.10687912825615267,applied_local_ep05_cost_model_to_unadjusted_ohlc_unit_notional,1368
2023-05-12,2023-05-15,2023-05-22,6139,亞翔,TWSE,conservative_hurdle_route,regime_switch_hybrid_route,ordinary_defensive_00631L_base,rs20_top3_risk_tiebreak,next_day_close_entry_fixed_5td_exit,unadjusted_close,unadjusted_close,58.0,58.0,64.6,58.0,64.6,0.11379310344827576,True,,official_unadjusted_ohlcv_twse_stock_day,official_unadjusted_ohlcv_twse_stock_day,TWSE_STOCK_DAY,TWSE_STOCK_DAY,False,unadjusted_ohlcv; adjusted_close_blocked_not_fabricated,True,False,False,False,False,False,False,False,True,False,1000000,17241.0,999978.0,1113768.5999999999,1425.0,4928.0,6353.0,0.1072870762320463,applied_local_ep05_cost_model_to_unadjusted_ohlc_unit_notional,1368
2023-05-12,2023-05-12,2023-05-19,6139,亞翔,TWSE,conservative_hurdle_route,regime_switch_hybrid_route,ordinary_defensive_00631L_base,rs20_top3_risk_tiebreak,same_week_close_to_next_rebalance_close_comparator,unadjusted_close,unadjusted_close,56.1,57.8,63.9,57.8,63.9,0.10553633217993075,True,,official_unadjusted_ohlcv_twse_stock_day,official_unadjusted_ohlcv_twse_stock_day,TWSE_STOCK_DAY,TWSE_STOCK_DAY,False,unadjusted_ohlcv; adjusted_close_blocked_not_fabricated,True,False,False,False,False,False,False,False,True,False,1000000,17301.0,999997.7999999999,1105533.9,1425.0,4892.0,6317.0,0.09907813163431069,applied_local_ep05_cost_model_to_unadjusted_ohlc_unit_notional,1368
2023-05-12,2023-05-15,2023-05-22,6139,亞翔,TWSE,conservative_hurdle_route,regime_switch_hybrid_route,ordinary_defensive_00631L_base,rs20_top3_risk_tiebreak,next_day_open_entry_fixed_5td_exit,unadjusted_open,unadjusted_close,58.0,58.0,64.6,58.0,64.6,0.11379310344827576,True,,official_unadjusted_ohlcv_twse_stock_day,official_unadjusted_ohlcv_twse_stock_day,TWSE_STOCK_DAY,TWSE_STOCK_DAY,False,unadjusted_ohlcv; adjusted_close_blocked_not_fabricated,True,False,False,False,False,False,False,False,True,False,1000000,17241.0,999978.0,1113768.5999999999,1425.0,4928.0,6353.0,0.1072870762320463,applied_local_ep05_cost_model_to_unadjusted_ohlc_unit_notional,1368
2023-05-12,2023-05-15,2023-05-22,6139,亞翔,TWSE,dispersion_route,regime_switch_hybrid_route,dispersion,rs20_top3_risk_tiebreak,next_day_close_entry_fixed_5td_exit,unadjusted_close,unadjusted_close,58.0,58.0,64.6,58.0,64.6,0.11379310344827576,True,,official_unadjusted_ohlcv_twse_stock_day,official_unadjusted_ohlcv_twse_stock_day,TWSE_STOCK_DAY,TWSE_STOCK_DAY,False,unadjusted_ohlcv; adjusted_close_blocked_not_fabricated,True,False,False,False,False,False,False,False,True,False,1000000,17241.0,999978.0,1113768.5999999999,1425.0,4928.0,6353.0,0.1072870762320463,applied_local_ep05_cost_model_to_unadjusted_ohlc_unit_notional,1368
2023-05-12,2023-05-12,2023-05-19,6139,亞翔,TWSE,dispersion_route,regime_switch_hybrid_route,dispersion,rs20_top3_risk_tiebreak,same_week_close_to_next_rebalance_close_comparator,unadjusted_close,unadjusted_close,56.1,57.8,63.9,57.8,63.9,0.10553633217993075,True,,official_unadjusted_ohlcv_twse_stock_day,official_unadjusted_ohlcv_twse_stock_day,TWSE_STOCK_DAY,TWSE_STOCK_DAY,False,unadjusted_ohlcv; adjusted_close_blocked_not_fabricated,True,False,False,False,False,False,False,False,True,False,1000000,17301.0,999997.7999999999,1105533.9,1425.0,4892.0,6317.0,0.09907813163431069,applied_local_ep05_cost_model_to_unadjusted_ohlc_unit_notional,1368
2023-05-12,2023-05-15,2023-05-22,6139,亞翔,TWSE,dispersion_route,regime_switch_hybrid_route,dispersion,rs20_top3_risk_tiebreak,next_day_open_entry_fixed_5td_exit,unadjusted_open,unadjusted_close,58.0,58.0,64.6,58.0,64.6,0.11379310344827576,True,,official_unadjusted_ohlcv_twse_stock_day,official_unadjusted_ohlcv_twse_stock_day,TWSE_STOCK_DAY,TWSE_STOCK_DAY,False,unadjusted_ohlcv; adjusted_close_blocked_not_fabricated,True,False,False,False,False,False,False,False,True,False,1000000,17241.0,999978.0,1113768.5999999999,1425.0,4928.0,6353.0,0.1072870762320463,applied_local_ep05_cost_model_to_unadjusted_ohlc_unit_notional,1368
2023-05-12,2023-05-15,2023-05-22,6139,亞翔,TWSE,hybrid_pullback_base_mega_override,regime_switch_hybrid_route,hybrid,rs20_top3_risk_tiebreak,next_day_close_entry_fixed_5td_exit,unadjusted_close,unadjusted_close,58.0,58.0,64.6,58.0,64.6,0.11379310344827576,True,,official_unadjusted_ohlcv_twse_stock_day,official_unadjusted_ohlcv_twse_stock_day,TWSE_STOCK_DAY,TWSE_STOCK_DAY,False,unadjusted_ohlcv; adjusted_close_blocked_not_fabricated,True,False,False,False,False,False,False,False,True,False,1000000,17241.0,999978.0,1113768.5999999999,1425.0,4928.0,6353.0,0.1072870762320463,applied_local_ep05_cost_model_to_unadjusted_ohlc_unit_notional,1368
2023-05-12,2023-05-12,2023-05-19,6139,亞翔,TWSE,hybrid_pullback_base_mega_override,regime_switch_hybrid_route,hybrid,rs20_top3_risk_tiebreak,same_week_close_to_next_rebalance_close_comparator,unadjusted_close,unadjusted_close,56.1,57.8,63.9,57.8,63.9,0.10553633217993075,True,,official_unadjusted_ohlcv_twse_stock_day,official_unadjusted_ohlcv_twse_stock_day,TWSE_STOCK_DAY,TWSE_STOCK_DAY,False,unadjusted_ohlcv; adjusted_close_blocked_not_fabricated,True,False,False,False,False,False,False,False,True,False,1000000,17301.0,999997.7999999999,1105533.9,1425.0,4892.0,6317.0,0.09907813163431069,applied_local_ep05_cost_model_to_unadjusted_ohlc_unit_notional,1368
2023-05-12,2023-05-15,2023-05-22,6139,亞翔,TWSE,hybrid_pullback_base_mega_override,regime_switch_hybrid_route,hybrid,rs20_top3_risk_tiebreak,next_day_open_entry_fixed_5td_exit,unadjusted_open,unadjusted_close,58.0,58.0,64.6,58.0,64.6,0.11379310344827576,True,,official_unadjusted_ohlcv_twse_stock_day,official_unadjusted_ohlcv_twse_stock_day,TWSE_STOCK_DAY,TWSE_STOCK_DAY,False,unadjusted_ohlcv; adjusted_close_blocked_not_fabricated,True,False,False,False,False,False,False,False,True,False,1000000,17241.0,999978.0,1113768.5999999999,1425.0,4928.0,6353.0,0.1072870762320463,applied_local_ep05_cost_model_to_unadjusted_ohlc_unit_notional,1368
2023-05-12,2023-05-15,2023-05-22,4763,材料*-KY,TWSE,market_bias_pool_trend_route,regime_switch_hybrid_route,mega_or_stock_route,stable_strength,next_day_close_entry_fixed_5td_exit,unadjusted_close,unadjusted_close,538.0,522.0,599.0,522.0,599.0,0.14750957854406122,True,,official_unadjusted_ohlcv_twse_stock_day,official_unadjusted_ohlcv_twse_stock_day,TWSE_STOCK_DAY,TWSE_STOCK_DAY,False,unadjusted_ohlcv; adjusted_close_blocked_not_fabricated,True,False,False,False,False,False,False,False,True,False,1000000,1915.0,999630.0,1147085.0,1424.0,5076.0,6500.0,0.14080658985429356,applied_local_ep05_cost_model_to_unadjusted_ohlc_unit_notional,1368
2023-05-12,2023-05-12,2023-05-19,4763,材料*-KY,TWSE,market_bias_pool_trend_route,regime_switch_hybrid_route,mega_or_stock_route,stable_strength,same_week_close_to_next_rebalance_close_comparator,unadjusted_close,unadjusted_close,530.0,546.0,578.0,546.0,578.0,0.05860805860805862,True,,official_unadjusted_ohlcv_twse_stock_day,official_unadjusted_ohlcv_twse_stock_day,TWSE_STOCK_DAY,TWSE_STOCK_DAY,False,unadjusted_ohlcv; adjusted_close_blocked_not_fabricated,True,False,False,False,False,False,False,False,True,False,1000000,1831.0,999726.0,1058318.0,1425.0,4683.0,6108.0,0.05242366036691768,applied_local_ep05_cost_model_to_unadjusted_ohlc_unit_notional,1368
2023-05-12,2023-05-15,2023-05-22,4763,材料*-KY,TWSE,market_bias_pool_trend_route,regime_switch_hybrid_route,mega_or_stock_route,stable_strength,next_day_open_entry_fixed_5td_exit,unadjusted_open,unadjusted_close,538.0,522.0,599.0,538.0,599.0,0.11338289962825288,True,,official_unadjusted_ohlcv_twse_stock_day,official_unadjusted_ohlcv_twse_stock_day,TWSE_STOCK_DAY,TWSE_STOCK_DAY,False,unadjusted_ohlcv; adjusted_close_blocked_not_fabricated,True,False,False,False,False,False,False,False,True,False,1000000,1858.0,999604.0,1112942.0,1424.0,4925.0,6349.0,0.10687912825615267,applied_local_ep05_cost_model_to_unadjusted_ohlc_unit_notional,1368
2023-05-12,2023-05-15,2023-05-22,4763,材料*-KY,TWSE,pool_breadth_route,regime_switch_hybrid_route,mega_or_stock_route,stable_strength,next_day_close_entry_fixed_5td_exit,unadjusted_close,unadjusted_close,538.0,522.0,599.0,522.0,599.0,0.14750957854406122,True,,official_unadjusted_ohlcv_twse_stock_day,official_unadjusted_ohlcv_twse_stock_day,TWSE_STOCK_DAY,TWSE_STOCK_DAY,False,unadjusted_ohlcv; adjusted_close_blocked_not_fabricated,True,False,False,False,False,False,False,False,True,False,1000000,1915.0,999630.0,1147085.0,1424.0,5076.0,6500.0,0.14080658985429356,applied_local_ep05_cost_model_to_unadjusted_ohlc_unit_notional,1368
2023-05-12,2023-05-12,2023-05-19,4763,材料*-KY,TWSE,pool_breadth_route,regime_switch_hybrid_route,mega_or_stock_route,stable_strength,same_week_close_to_next_rebalance_close_comparator,unadjusted_close,unadjusted_close,530.0,546.0,578.0,546.0,578.0,0.05860805860805862,True,,official_unadjusted_ohlcv_twse_stock_day,official_unadjusted_ohlcv_twse_stock_day,TWSE_STOCK_DAY,TWSE_STOCK_DAY,False,unadjusted_ohlcv; adjusted_close_blocked_not_fabricated,True,False,False,False,False,False,False,False,True,False,1000000,1831.0,999726.0,1058318.0,1425.0,4683.0,6108.0,0.05242366036691768,applied_local_ep05_cost_model_to_unadjusted_ohlc_unit_notional,1368
2023-05-12,2023-05-15,2023-05-22,4763,材料*-KY,TWSE,pool_breadth_route,regime_switch_hybrid_route,mega_or_stock_route,stable_strength,next_day_open_entry_fixed_5td_exit,unadjusted_open,unadjusted_close,538.0,522.0,599.0,538.0,599.0,0.11338289962825288,True,,official_unadjusted_ohlcv_twse_stock_day,official_unadjusted_ohlcv_twse_stock_day,TWSE_STOCK_DAY,TWSE_STOCK_DAY,False,unadjusted_ohlcv; adjusted_close_blocked_not_fabricated,True,False,False,False,False,False,False,False,True,False,1000000,1858.0,999604.0,1112942.0,1424.0,4925.0,6349.0,0.10687912825615267,applied_local_ep05_cost_model_to_unadjusted_ohlc_unit_notional,1368
2023-05-19,2023-05-22,2023-05-29,2207,和泰車,TWSE,dynamic80_top1_rs20_31_bonus_proxy,legacy_rs20_operating_mode,mega_rs20,dynamic80_top1_rs20_31_bonus_proxy,next_day_close_entry_fixed_5td_exit,unadjusted_close,unadjusted_close,845.0,837.0,774.0,837.0,774.0,-0.07526881720430112,True,,official_unadjusted_ohlcv_twse_stock_day,official_unadjusted_ohlcv_twse_stock_day,TWSE_STOCK_DAY,TWSE_STOCK_DAY,False,unadjusted_ohlcv; adjusted_close_blocked_not_fabricated,True,False,False,False,False,False,False,False,True,False,1000000,1194.0,999378.0,924156.0,1424.0,4089.0,5513.0,-0.08067030241746119,applied_local_ep05_cost_model_to_unadjusted_ohlc_unit_notional,1368
2023-05-19,2023-05-19,2023-05-26,2207,和泰車,TWSE,dynamic80_top1_rs20_31_bonus_proxy,legacy_rs20_operating_mode,mega_rs20,dynamic80_top1_rs20_31_bonus_proxy,same_week_close_to_next_rebalance_close_comparator,unadjusted_close,unadjusted_close,885.0,850.0,784.0,850.0,784.0,-0.0776470588235294,True,,official_unadjusted_ohlcv_twse_stock_day,official_unadjusted_ohlcv_twse_stock_day,TWSE_STOCK_DAY,TWSE_STOCK_DAY,False,unadjusted_ohlcv; adjusted_close_blocked_not_fabricated,True,False,False,False,False,False,False,False,True,False,1000000,1176.0,999600.0,921984.0,1424.0,4080.0,5504.0,-0.083034972188479,applied_local_ep05_cost_model_to_unadjusted_ohlc_unit_notional,1368
2023-05-19,2023-05-22,2023-05-29,2207,和泰車,TWSE,dynamic80_top1_rs20_31_bonus_proxy,legacy_rs20_operating_mode,mega_rs20,dynamic80_top1_rs20_31_bonus_proxy,next_day_open_entry_fixed_5td_exit,unadjusted_open,unadjusted_close,845.0,837.0,774.0,845.0,774.0,-0.0840236686390533,True,,official_unadjusted_ohlcv_twse_stock_day,official_unadjusted_ohlcv_twse_stock_day,TWSE_STOCK_DAY,TWSE_STOCK_DAY,False,unadjusted_ohlcv; adjusted_close_blocked_not_fabricated,True,False,False,False,False,False,False,False,True,False,1000000,1183.0,999635.0,915642.0,1424.0,4052.0,5476.0,-0.08937435256063829,applied_local_ep05_cost_model_to_unadjusted_ohlc_unit_notional,1368
2023-05-19,2023-05-22,2023-05-29,2207,和泰車,TWSE,dynamic80_top1_rs20_7core_context_proxy,legacy_rs20_operating_mode,mega_rs20,dynamic80_top1_rs20_7core_context_proxy,next_day_close_entry_fixed_5td_exit,unadjusted_close,unadjusted_close,845.0,837.0,774.0,837.0,774.0,-0.07526881720430112,True,,official_unadjusted_ohlcv_twse_stock_day,official_unadjusted_ohlcv_twse_stock_day,TWSE_STOCK_DAY,TWSE_STOCK_DAY,False,unadjusted_ohlcv; adjusted_close_blocked_not_fabricated,True,False,False,False,False,False,False,False,True,False,1000000,1194.0,999378.0,924156.0,1424.0,4089.0,5513.0,-0.08067030241746119,applied_local_ep05_cost_model_to_unadjusted_ohlc_unit_notional,1368
2023-05-19,2023-05-19,2023-05-26,2207,和泰車,TWSE,dynamic80_top1_rs20_7core_context_proxy,legacy_rs20_operating_mode,mega_rs20,dynamic80_top1_rs20_7core_context_proxy,same_week_close_to_next_rebalance_close_comparator,unadjusted_close,unadjusted_close,885.0,850.0,784.0,850.0,784.0,-0.0776470588235294,True,,official_unadjusted_ohlcv_twse_stock_day,official_unadjusted_ohlcv_twse_stock_day,TWSE_STOCK_DAY,TWSE_STOCK_DAY,False,unadjusted_ohlcv; adjusted_close_blocked_not_fabricated,True,False,False,False,False,False,False,False,True,False,1000000,1176.0,999600.0,921984.0,1424.0,4080.0,5504.0,-0.083034972188479,applied_local_ep05_cost_model_to_unadjusted_ohlc_unit_notional,1368
2023-05-19,2023-05-22,2023-05-29,2207,和泰車,TWSE,dynamic80_top1_rs20_7core_context_proxy,legacy_rs20_operating_mode,mega_rs20,dynamic80_top1_rs20_7core_context_proxy,next_day_open_entry_fixed_5td_exit,unadjusted_open,unadjusted_close,845.0,837.0,774.0,845.0,774.0,-0.0840236686390533,True,,official_unadjusted_ohlcv_twse_stock_day,official_unadjusted_ohlcv_twse_stock_day,TWSE_STOCK_DAY,TWSE_STOCK_DAY,False,unadjusted_ohlcv; adjusted_close_blocked_not_fabricated,True,False,False,False,False,False,False,False,True,False,1000000,1183.0,999635.0,915642.0,1424.0,4052.0,5476.0,-0.08937435256063829,applied_local_ep05_cost_model_to_unadjusted_ohlc_unit_notional,1368
2023-05-19,2023-05-22,2023-05-29,2207,和泰車,TWSE,dynamic80_top1_rs20_proxy,legacy_rs20_operating_mode,mega_rs20,dynamic80_top1_rs20_proxy,next_day_close_entry_fixed_5td_exit,unadjusted_close,unadjusted_close,845.0,837.0,774.0,837.0,774.0,-0.07526881720430112,True,,official_unadjusted_ohlcv_twse_stock_day,official_unadjusted_ohlcv_twse_stock_day,TWSE_STOCK_DAY,TWSE_STOCK_DAY,False,unadjusted_ohlcv; adjusted_close_blocked_not_fabricated,True,False,False,False,False,False,False,False,True,False,1000000,1194.0,999378.0,924156.0,1424.0,4089.0,5513.0,-0.08067030241746119,applied_local_ep05_cost_model_to_unadjusted_ohlc_unit_notional,1368
2023-05-19,2023-05-19,2023-05-26,2207,和泰車,TWSE,dynamic80_top1_rs20_proxy,legacy_rs20_operating_mode,mega_rs20,dynamic80_top1_rs20_proxy,same_week_close_to_next_rebalance_close_comparator,unadjusted_close,unadjusted_close,885.0,850.0,784.0,850.0,784.0,-0.0776470588235294,True,,official_unadjusted_ohlcv_twse_stock_day,official_unadjusted_ohlcv_twse_stock_day,TWSE_STOCK_DAY,TWSE_STOCK_DAY,False,unadjusted_ohlcv; adjusted_close_blocked_not_fabricated,True,False,False,False,False,False,False,False,True,False,1000000,1176.0,999600.0,921984.0,1424.0,4080.0,5504.0,-0.083034972188479,applied_local_ep05_cost_model_to_unadjusted_ohlc_unit_notional,1368
2023-05-19,2023-05-22,2023-05-29,2207,和泰車,TWSE,dynamic80_top1_rs20_proxy,legacy_rs20_operating_mode,mega_rs20,dynamic80_top1_rs20_proxy,next_day_open_entry_fixed_5td_exit,unadjusted_open,unadjusted_close,845.0,837.0,774.0,845.0,774.0,-0.0840236686390533,True,,official_unadjusted_ohlcv_twse_stock_day,official_unadjusted_ohlcv_twse_stock_day,TWSE_STOCK_DAY,TWSE_STOCK_DAY,False,unadjusted_ohlcv; adjusted_close_blocked_not_fabricated,True,False,False,False,False,False,False,False,True,False,1000000,1183.0,999635.0,915642.0,1424.0,4052.0,5476.0,-0.08937435256063829,applied_local_ep05_cost_model_to_unadjusted_ohlc_unit_notional,1368
2023-05-19,2023-05-22,2023-05-29,2207,和泰車,TWSE,dynamic80_top3_rs20_risk_tiebreak_proxy,legacy_rs20_operating_mode,mega_rs20,dynamic80_top3_rs20_risk_tiebreak_proxy,next_day_close_entry_fixed_5td_exit,unadjusted_close,unadjusted_close,845.0,837.0,774.0,837.0,774.0,-0.07526881720430112,True,,official_unadjusted_ohlcv_twse_stock_day,official_unadjusted_ohlcv_twse_stock_day,TWSE_STOCK_DAY,TWSE_STOCK_DAY,False,unadjusted_ohlcv; adjusted_close_blocked_not_fabricated,True,False,False,False,False,False,False,False,True,False,1000000,1194.0,999378.0,924156.0,1424.0,4089.0,5513.0,-0.08067030241746119,applied_local_ep05_cost_model_to_unadjusted_ohlc_unit_notional,1368
2023-05-19,2023-05-19,2023-05-26,2207,和泰車,TWSE,dynamic80_top3_rs20_risk_tiebreak_proxy,legacy_rs20_operating_mode,mega_rs20,dynamic80_top3_rs20_risk_tiebreak_proxy,same_week_close_to_next_rebalance_close_comparator,unadjusted_close,unadjusted_close,885.0,850.0,784.0,850.0,784.0,-0.0776470588235294,True,,official_unadjusted_ohlcv_twse_stock_day,official_unadjusted_ohlcv_twse_stock_day,TWSE_STOCK_DAY,TWSE_STOCK_DAY,False,unadjusted_ohlcv; adjusted_close_blocked_not_fabricated,True,False,False,False,False,False,False,False,True,False,1000000,1176.0,999600.0,921984.0,1424.0,4080.0,5504.0,-0.083034972188479,applied_local_ep05_cost_model_to_unadjusted_ohlc_unit_notional,1368
2023-05-19,2023-05-22,2023-05-29,2207,和泰車,TWSE,dynamic80_top3_rs20_risk_tiebreak_proxy,legacy_rs20_operating_mode,mega_rs20,dynamic80_top3_rs20_risk_tiebreak_proxy,next_day_open_entry_fixed_5td_exit,unadjusted_open,unadjusted_close,845.0,837.0,774.0,845.0,774.0,-0.0840236686390533,True,,official_unadjusted_ohlcv_twse_stock_day,official_unadjusted_ohlcv_twse_stock_day,TWSE_STOCK_DAY,TWSE_STOCK_DAY,False,unadjusted_ohlcv; adjusted_close_blocked_not_fabricated,True,False,False,False,False,False,False,False,True,False,1000000,1183.0,999635.0,915642.0,1424.0,4052.0,5476.0,-0.08937435256063829,applied_local_ep05_cost_model_to_unadjusted_ohlc_unit_notional,1368
2023-05-19,2023-05-22,2023-05-29,2207,和泰車,TWSE,conservative_hurdle_route,regime_switch_hybrid_route,ordinary_defensive_00631L_base,rs20_top3_risk_tiebreak,next_day_close_entry_fixed_5td_exit,unadjusted_close,unadjusted_close,845.0,837.0,774.0,837.0,774.0,-0.07526881720430112,True,,official_unadjusted_ohlcv_twse_stock_day,official_unadjusted_ohlcv_twse_stock_day,TWSE_STOCK_DAY,TWSE_STOCK_DAY,False,unadjusted_ohlcv; adjusted_close_blocked_not_fabricated,True,False,False,False,False,False,False,False,True,False,1000000,1194.0,999378.0,924156.0,1424.0,4089.0,5513.0,-0.08067030241746119,applied_local_ep05_cost_model_to_unadjusted_ohlc_unit_notional,1368
2023-05-19,2023-05-19,2023-05-26,2207,和泰車,TWSE,conservative_hurdle_route,regime_switch_hybrid_route,ordinary_defensive_00631L_base,rs20_top3_risk_tiebreak,same_week_close_to_next_rebalance_close_comparator,unadjusted_close,unadjusted_close,885.0,850.0,784.0,850.0,784.0,-0.0776470588235294,True,,official_unadjusted_ohlcv_twse_stock_day,official_unadjusted_ohlcv_twse_stock_day,TWSE_STOCK_DAY,TWSE_STOCK_DAY,False,unadjusted_ohlcv; adjusted_close_blocked_not_fabricated,True,False,False,False,False,False,False,False,True,False,1000000,1176.0,999600.0,921984.0,1424.0,4080.0,5504.0,-0.083034972188479,applied_local_ep05_cost_model_to_unadjusted_ohlc_unit_notional,1368
2023-05-19,2023-05-22,2023-05-29,2207,和泰車,TWSE,conservative_hurdle_route,regime_switch_hybrid_route,ordinary_defensive_00631L_base,rs20_top3_risk_tiebreak,next_day_open_entry_fixed_5td_exit,unadjusted_open,unadjusted_close,845.0,837.0,774.0,845.0,774.0,-0.0840236686390533,True,,official_unadjusted_ohlcv_twse_stock_day,official_unadjusted_ohlcv_twse_stock_day,TWSE_STOCK_DAY,TWSE_STOCK_DAY,False,unadjusted_ohlcv; adjusted_close_blocked_not_fabricated,True,False,False,False,False,False,False,False,True,False,1000000,1183.0,999635.0,915642.0,1424.0,4052.0,5476.0,-0.08937435256063829,applied_local_ep05_cost_model_to_unadjusted_ohlc_unit_notional,1368
2023-05-19,2023-05-22,2023-05-29,2207,和泰車,TWSE,dispersion_route,regime_switch_hybrid_route,dispersion,rs20_top3_risk_tiebreak,next_day_close_entry_fixed_5td_exit,unadjusted_close,unadjusted_close,845.0,837.0,774.0,837.0,774.0,-0.07526881720430112,True,,official_unadjusted_ohlcv_twse_stock_day,official_unadjusted_ohlcv_twse_stock_day,TWSE_STOCK_DAY,TWSE_STOCK_DAY,False,unadjusted_ohlcv; adjusted_close_blocked_not_fabricated,True,False,False,False,False,False,False,False,True,False,1000000,1194.0,999378.0,924156.0,1424.0,4089.0,5513.0,-0.08067030241746119,applied_local_ep05_cost_model_to_unadjusted_ohlc_unit_notional,1368
2023-05-19,2023-05-19,2023-05-26,2207,和泰車,TWSE,dispersion_route,regime_switch_hybrid_route,dispersion,rs20_top3_risk_tiebreak,same_week_close_to_next_rebalance_close_comparator,unadjusted_close,unadjusted_close,885.0,850.0,784.0,850.0,784.0,-0.0776470588235294,True,,official_unadjusted_ohlcv_twse_stock_day,official_unadjusted_ohlcv_twse_stock_day,TWSE_STOCK_DAY,TWSE_STOCK_DAY,False,unadjusted_ohlcv; adjusted_close_blocked_not_fabricated,True,False,False,False,False,False,False,False,True,False,1000000,1176.0,999600.0,921984.0,1424.0,4080.0,5504.0,-0.083034972188479,applied_local_ep05_cost_model_to_unadjusted_ohlc_unit_notional,1368
2023-05-19,2023-05-22,2023-05-29,2207,和泰車,TWSE,dispersion_route,regime_switch_hybrid_route,dispersion,rs20_top3_risk_tiebreak,next_day_open_entry_fixed_5td_exit,unadjusted_open,unadjusted_close,845.0,837.0,774.0,845.0,774.0,-0.0840236686390533,True,,official_unadjusted_ohlcv_twse_stock_day,official_unadjusted_ohlcv_twse_stock_day,TWSE_STOCK_DAY,TWSE_STOCK_DAY,False,unadjusted_ohlcv; adjusted_close_blocked_not_fabricated,True,False,False,False,False,False,False,False,True,False,1000000,1183.0,999635.0,915642.0,1424.0,4052.0,5476.0,-0.08937435256063829,applied_local_ep05_cost_model_to_unadjusted_ohlc_unit_notional,1368
2023-05-19,2023-05-22,2023-05-29,2207,和泰車,TWSE,hybrid_pullback_base_mega_override,regime_switch_hybrid_route,hybrid,rs20_top3_risk_tiebreak,next_day_close_entry_fixed_5td_exit,unadjusted_close,unadjusted_close,845.0,837.0,774.0,837.0,774.0,-0.07526881720430112,True,,official_unadjusted_ohlcv_twse_stock_day,official_unadjusted_ohlcv_twse_stock_day,TWSE_STOCK_DAY,TWSE_STOCK_DAY,False,unadjusted_ohlcv; adjusted_close_blocked_not_fabricated,True,False,False,False,False,False,False,False,True,False,1000000,1194.0,999378.0,924156.0,1424.0,4089.0,5513.0,-0.08067030241746119,applied_local_ep05_cost_model_to_unadjusted_ohlc_unit_notional,1368
2023-05-19,2023-05-19,2023-05-26,2207,和泰車,TWSE,hybrid_pullback_base_mega_override,regime_switch_hybrid_route,hybrid,rs20_top3_risk_tiebreak,same_week_close_to_next_rebalance_close_comparator,unadjusted_close,unadjusted_close,885.0,850.0,784.0,850.0,784.0,-0.0776470588235294,True,,official_unadjusted_ohlcv_twse_stock_day,official_unadjusted_ohlcv_twse_stock_day,TWSE_STOCK_DAY,TWSE_STOCK_DAY,False,unadjusted_ohlcv; adjusted_close_blocked_not_fabricated,True,False,False,False,False,False,False,False,True,False,1000000,1176.0,999600.0,921984.0,1424.0,4080.0,5504.0,-0.083034972188479,applied_local_ep05_cost_model_to_unadjusted_ohlc_unit_notional,1368
2023-05-19,2023-05-22,2023-05-29,2207,和泰車,TWSE,hybrid_pullback_base_mega_override,regime_switch_hybrid_route,hybrid,rs20_top3_risk_tiebreak,next_day_open_entry_fixed_5td_exit,unadjusted_open,unadjusted_close,845.0,837.0,774.0,845.0,774.0,-0.0840236686390533,True,,official_unadjusted_ohlcv_twse_stock_day,official_unadjusted_ohlcv_twse_stock_day,TWSE_STOCK_DAY,TWSE_STOCK_DAY,False,unadjusted_ohlcv; adjusted_close_blocked_not_fabricated,True,False,False,False,False,False,False,False,True,False,1000000,1183.0,999635.0,915642.0,1424.0,4052.0,5476.0,-0.08937435256063829,applied_local_ep05_cost_model_to_unadjusted_ohlc_unit_notional,1368
2023-05-19,2023-05-22,2023-05-29,3017,奇鋐,TWSE,market_bias_pool_trend_route,regime_switch_hybrid_route,mega_or_stock_route,stable_strength,next_day_close_entry_fixed_5td_exit,unadjusted_close,unadjusted_close,183.0,182.5,206.0,182.5,206.0,0.12876712328767126,True,,official_unadjusted_ohlcv_twse_stock_day,official_unadjusted_ohlcv_twse_stock_day,TWSE_STOCK_DAY,TWSE_STOCK_DAY,False,unadjusted_ohlcv; adjusted_close_blocked_not_fabricated,True,False,False,False,False,False,False,False,True,False,1000000,5479.0,999917.5,1128674.0,1425.0,4994.0,6419.0,0.12217348210028037,applied_local_ep05_cost_model_to_unadjusted_ohlc_unit_notional,1368
2023-05-19,2023-05-19,2023-05-26,3017,奇鋐,TWSE,market_bias_pool_trend_route,regime_switch_hybrid_route,mega_or_stock_route,stable_strength,same_week_close_to_next_rebalance_close_comparator,unadjusted_close,unadjusted_close,185.5,184.0,208.0,184.0,208.0,0.13043478260869557,True,,official_unadjusted_ohlcv_twse_stock_day,official_unadjusted_ohlcv_twse_stock_day,TWSE_STOCK_DAY,TWSE_STOCK_DAY,False,unadjusted_ohlcv; adjusted_close_blocked_not_fabricated,True,False,False,False,False,False,False,False,True,False,1000000,5434.0,999856.0,1130272.0,1425.0,5002.0,6427.0,0.12383037329181319,applied_local_ep05_cost_model_to_unadjusted_ohlc_unit_notional,1368
2023-05-19,2023-05-22,2023-05-29,3017,奇鋐,TWSE,market_bias_pool_trend_route,regime_switch_hybrid_route,mega_or_stock_route,stable_strength,next_day_open_entry_fixed_5td_exit,unadjusted_open,unadjusted_close,183.0,182.5,206.0,183.0,206.0,0.12568306010928953,True,,official_unadjusted_ohlcv_twse_stock_day,official_unadjusted_ohlcv_twse_stock_day,TWSE_STOCK_DAY,TWSE_STOCK_DAY,False,unadjusted_ohlcv; adjusted_close_blocked_not_fabricated,True,False,False,False,False,False,False,False,True,False,1000000,5464.0,999912.0,1125584.0,1425.0,4981.0,6406.0,0.11910675426954162,applied_local_ep05_cost_model_to_unadjusted_ohlc_unit_notional,1368
2023-05-19,2023-05-22,2023-05-29,3017,奇鋐,TWSE,pool_breadth_route,regime_switch_hybrid_route,mega_or_stock_route,stable_strength,next_day_close_entry_fixed_5td_exit,unadjusted_close,unadjusted_close,183.0,182.5,206.0,182.5,206.0,0.12876712328767126,True,,official_unadjusted_ohlcv_twse_stock_day,official_unadjusted_ohlcv_twse_stock_day,TWSE_STOCK_DAY,TWSE_STOCK_DAY,False,unadjusted_ohlcv; adjusted_close_blocked_not_fabricated,True,False,False,False,False,False,False,False,True,False,1000000,5479.0,999917.5,1128674.0,1425.0,4994.0,6419.0,0.12217348210028037,applied_local_ep05_cost_model_to_unadjusted_ohlc_unit_notional,1368
2023-05-19,2023-05-19,2023-05-26,3017,奇鋐,TWSE,pool_breadth_route,regime_switch_hybrid_route,mega_or_stock_route,stable_strength,same_week_close_to_next_rebalance_close_comparator,unadjusted_close,unadjusted_close,185.5,184.0,208.0,184.0,208.0,0.13043478260869557,True,,official_unadjusted_ohlcv_twse_stock_day,official_unadjusted_ohlcv_twse_stock_day,TWSE_STOCK_DAY,TWSE_STOCK_DAY,False,unadjusted_ohlcv; adjusted_close_blocked_not_fabricated,True,False,False,False,False,False,False,False,True,False,1000000,5434.0,999856.0,1130272.0,1425.0,5002.0,6427.0,0.12383037329181319,applied_local_ep05_cost_model_to_unadjusted_ohlc_unit_notional,1368
2023-05-19,2023-05-22,2023-05-29,3017,奇鋐,TWSE,pool_breadth_route,regime_switch_hybrid_route,mega_or_stock_route,stable_strength,next_day_open_entry_fixed_5td_exit,unadjusted_open,unadjusted_close,183.0,182.5,206.0,183.0,206.0,0.12568306010928953,True,,official_unadjusted_ohlcv_twse_stock_day,official_unadjusted_ohlcv_twse_stock_day,TWSE_STOCK_DAY,TWSE_STOCK_DAY,False,unadjusted_ohlcv; adjusted_close_blocked_not_fabricated,True,False,False,False,False,False,False,False,True,False,1000000,5464.0,999912.0,1125584.0,1425.0,4981.0,6406.0,0.11910675426954162,applied_local_ep05_cost_model_to_unadjusted_ohlc_unit_notional,1368
2023-05-26,2023-05-29,2023-06-05,2736,富野,TPEx,dynamic80_top1_rs20_31_bonus_proxy,legacy_rs20_operating_mode,mega_rs20,dynamic80_top1_rs20_31_bonus_proxy,next_day_close_entry_fixed_5td_exit,unadjusted_close,unadjusted_close,38.5,39.6,39.7,39.6,39.7,0.002525252525252597,True,,official_unadjusted_ohlcv_tpex_trading_stock,official_unadjusted_ohlcv_tpex_trading_stock,TPEX_TRADING_STOCK,TPEX_TRADING_STOCK,False,unadjusted_ohlcv; adjusted_close_blocked_not_fabricated,True,False,False,False,False,False,False,False,True,False,1000000,25252.0,999979.2000000001,1002504.4,1425.0,4437.0,5862.0,-0.003332121035641798,applied_local_ep05_cost_model_to_unadjusted_ohlc_unit_notional,1368
2023-05-26,2023-05-26,2023-06-02,2736,富野,TPEx,dynamic80_top1_rs20_31_bonus_proxy,legacy_rs20_operating_mode,mega_rs20,dynamic80_top1_rs20_31_bonus_proxy,same_week_close_to_next_rebalance_close_comparator,unadjusted_close,unadjusted_close,39.0,38.85,40.2,38.85,40.2,0.03474903474903468,True,,official_unadjusted_ohlcv_tpex_trading_stock,official_unadjusted_ohlcv_tpex_trading_stock,TPEX_TRADING_STOCK,TPEX_TRADING_STOCK,False,unadjusted_ohlcv; adjusted_close_blocked_not_fabricated,True,False,False,False,False,False,False,False,True,False,1000000,25740.0,999999.0,1034748.0000000001,1425.0,4579.0,6004.0,0.028704125325536553,applied_local_ep05_cost_model_to_unadjusted_ohlc_unit_notional,1368
2023-05-26,2023-05-29,2023-06-05,2736,富野,TPEx,dynamic80_top1_rs20_31_bonus_proxy,legacy_rs20_operating_mode,mega_rs20,dynamic80_top1_rs20_31_bonus_proxy,next_day_open_entry_fixed_5td_exit,unadjusted_open,unadjusted_close,38.5,39.6,39.7,38.5,39.7,0.03116883116883118,True,,official_unadjusted_ohlcv_tpex_trading_stock,official_unadjusted_ohlcv_tpex_trading_stock,TPEX_TRADING_STOCK,TPEX_TRADING_STOCK,False,unadjusted_ohlcv; adjusted_close_blocked_not_fabricated,True,False,False,False,False,False,False,False,True,False,1000000,25974.0,999999.0,1031167.8,1425.0,4563.0,5988.0,0.025144993529214444,applied_local_ep05_cost_model_to_unadjusted_ohlc_unit_notional,1368
2023-05-26,2023-05-29,2023-06-05,2736,富野,TPEx,dynamic80_top1_rs20_7core_context_proxy,legacy_rs20_operating_mode,mega_rs20,dynamic80_top1_rs20_7core_context_proxy,next_day_close_entry_fixed_5td_exit,unadjusted_close,unadjusted_close,38.5,39.6,39.7,39.6,39.7,0.002525252525252597,True,,official_unadjusted_ohlcv_tpex_trading_stock,official_unadjusted_ohlcv_tpex_trading_stock,TPEX_TRADING_STOCK,TPEX_TRADING_STOCK,False,unadjusted_ohlcv; adjusted_close_blocked_not_fabricated,True,False,False,False,False,False,False,False,True,False,1000000,25252.0,999979.2000000001,1002504.4,1425.0,4437.0,5862.0,-0.003332121035641798,applied_local_ep05_cost_model_to_unadjusted_ohlc_unit_notional,1368
2023-05-26,2023-05-26,2023-06-02,2736,富野,TPEx,dynamic80_top1_rs20_7core_context_proxy,legacy_rs20_operating_mode,mega_rs20,dynamic80_top1_rs20_7core_context_proxy,same_week_close_to_next_rebalance_close_comparator,unadjusted_close,unadjusted_close,39.0,38.85,40.2,38.85,40.2,0.03474903474903468,True,,official_unadjusted_ohlcv_tpex_trading_stock,official_unadjusted_ohlcv_tpex_trading_stock,TPEX_TRADING_STOCK,TPEX_TRADING_STOCK,False,unadjusted_ohlcv; adjusted_close_blocked_not_fabricated,True,False,False,False,False,False,False,False,True,False,1000000,25740.0,999999.0,1034748.0000000001,1425.0,4579.0,6004.0,0.028704125325536553,applied_local_ep05_cost_model_to_unadjusted_ohlc_unit_notional,1368
2023-05-26,2023-05-29,2023-06-05,2736,富野,TPEx,dynamic80_top1_rs20_7core_context_proxy,legacy_rs20_operating_mode,mega_rs20,dynamic80_top1_rs20_7core_context_proxy,next_day_open_entry_fixed_5td_exit,unadjusted_open,unadjusted_close,38.5,39.6,39.7,38.5,39.7,0.03116883116883118,True,,official_unadjusted_ohlcv_tpex_trading_stock,official_unadjusted_ohlcv_tpex_trading_stock,TPEX_TRADING_STOCK,TPEX_TRADING_STOCK,False,unadjusted_ohlcv; adjusted_close_blocked_not_fabricated,True,False,False,False,False,False,False,False,True,False,1000000,25974.0,999999.0,1031167.8,1425.0,4563.0,5988.0,0.025144993529214444,applied_local_ep05_cost_model_to_unadjusted_ohlc_unit_notional,1368
2023-05-26,2023-05-29,2023-06-05,2736,富野,TPEx,dynamic80_top1_rs20_proxy,legacy_rs20_operating_mode,mega_rs20,dynamic80_top1_rs20_proxy,next_day_close_entry_fixed_5td_exit,unadjusted_close,unadjusted_close,38.5,39.6,39.7,39.6,39.7,0.002525252525252597,True,,official_unadjusted_ohlcv_tpex_trading_stock,official_unadjusted_ohlcv_tpex_trading_stock,TPEX_TRADING_STOCK,TPEX_TRADING_STOCK,False,unadjusted_ohlcv; adjusted_close_blocked_not_fabricated,True,False,False,False,False,False,False,False,True,False,1000000,25252.0,999979.2000000001,1002504.4,1425.0,4437.0,5862.0,-0.003332121035641798,applied_local_ep05_cost_model_to_unadjusted_ohlc_unit_notional,1368
2023-05-26,2023-05-26,2023-06-02,2736,富野,TPEx,dynamic80_top1_rs20_proxy,legacy_rs20_operating_mode,mega_rs20,dynamic80_top1_rs20_proxy,same_week_close_to_next_rebalance_close_comparator,unadjusted_close,unadjusted_close,39.0,38.85,40.2,38.85,40.2,0.03474903474903468,True,,official_unadjusted_ohlcv_tpex_trading_stock,official_unadjusted_ohlcv_tpex_trading_stock,TPEX_TRADING_STOCK,TPEX_TRADING_STOCK,False,unadjusted_ohlcv; adjusted_close_blocked_not_fabricated,True,False,False,False,False,False,False,False,True,False,1000000,25740.0,999999.0,1034748.0000000001,1425.0,4579.0,6004.0,0.028704125325536553,applied_local_ep05_cost_model_to_unadjusted_ohlc_unit_notional,1368
2023-05-26,2023-05-29,2023-06-05,2736,富野,TPEx,dynamic80_top1_rs20_proxy,legacy_rs20_operating_mode,mega_rs20,dynamic80_top1_rs20_proxy,next_day_open_entry_fixed_5td_exit,unadjusted_open,unadjusted_close,38.5,39.6,39.7,38.5,39.7,0.03116883116883118,True,,official_unadjusted_ohlcv_tpex_trading_stock,official_unadjusted_ohlcv_tpex_trading_stock,TPEX_TRADING_STOCK,TPEX_TRADING_STOCK,False,unadjusted_ohlcv; adjusted_close_blocked_not_fabricated,True,False,False,False,False,False,False,False,True,False,1000000,25974.0,999999.0,1031167.8,1425.0,4563.0,5988.0,0.025144993529214444,applied_local_ep05_cost_model_to_unadjusted_ohlc_unit_notional,1368
2023-05-26,2023-05-29,2023-06-05,2736,富野,TPEx,dynamic80_top3_rs20_risk_tiebreak_proxy,legacy_rs20_operating_mode,mega_rs20,dynamic80_top3_rs20_risk_tiebreak_proxy,next_day_close_entry_fixed_5td_exit,unadjusted_close,unadjusted_close,38.5,39.6,39.7,39.6,39.7,0.002525252525252597,True,,official_unadjusted_ohlcv_tpex_trading_stock,official_unadjusted_ohlcv_tpex_trading_stock,TPEX_TRADING_STOCK,TPEX_TRADING_STOCK,False,unadjusted_ohlcv; adjusted_close_blocked_not_fabricated,True,False,False,False,False,False,False,False,True,False,1000000,25252.0,999979.2000000001,1002504.4,1425.0,4437.0,5862.0,-0.003332121035641798,applied_local_ep05_cost_model_to_unadjusted_ohlc_unit_notional,1368
2023-05-26,2023-05-26,2023-06-02,2736,富野,TPEx,dynamic80_top3_rs20_risk_tiebreak_proxy,legacy_rs20_operating_mode,mega_rs20,dynamic80_top3_rs20_risk_tiebreak_proxy,same_week_close_to_next_rebalance_close_comparator,unadjusted_close,unadjusted_close,39.0,38.85,40.2,38.85,40.2,0.03474903474903468,True,,official_unadjusted_ohlcv_tpex_trading_stock,official_unadjusted_ohlcv_tpex_trading_stock,TPEX_TRADING_STOCK,TPEX_TRADING_STOCK,False,unadjusted_ohlcv; adjusted_close_blocked_not_fabricated,True,False,False,False,False,False,False,False,True,False,1000000,25740.0,999999.0,1034748.0000000001,1425.0,4579.0,6004.0,0.028704125325536553,applied_local_ep05_cost_model_to_unadjusted_ohlc_unit_notional,1368
2023-05-26,2023-05-29,2023-06-05,2736,富野,TPEx,dynamic80_top3_rs20_risk_tiebreak_proxy,legacy_rs20_operating_mode,mega_rs20,dynamic80_top3_rs20_risk_tiebreak_proxy,next_day_open_entry_fixed_5td_exit,unadjusted_open,unadjusted_close,38.5,39.6,39.7,38.5,39.7,0.03116883116883118,True,,official_unadjusted_ohlcv_tpex_trading_stock,official_unadjusted_ohlcv_tpex_trading_stock,TPEX_TRADING_STOCK,TPEX_TRADING_STOCK,False,unadjusted_ohlcv; adjusted_close_blocked_not_fabricated,True,False,False,False,False,False,False,False,True,False,1000000,25974.0,999999.0,1031167.8,1425.0,4563.0,5988.0,0.025144993529214444,applied_local_ep05_cost_model_to_unadjusted_ohlc_unit_notional,1368
2023-05-26,2023-05-29,2023-06-05,3596,智易,TWSE,conservative_hurdle_route,regime_switch_hybrid_route,ordinary_defensive_00631L_base,hurdle_reference,next_day_close_entry_fixed_5td_exit,unadjusted_close,unadjusted_close,115.5,115.0,115.5,115.0,115.5,0.004347826086956497,True,,official_unadjusted_ohlcv_twse_stock_day,official_unadjusted_ohlcv_twse_stock_day,TWSE_STOCK_DAY,TWSE_STOCK_DAY,False,unadjusted_ohlcv; adjusted_close_blocked_not_fabricated,True,False,False,False,False,False,False,False,True,False,1000000,8695.0,999925.0,1004272.5,1425.0,4444.0,5869.0,-0.0015194487441953363,applied_local_ep05_cost_model_to_unadjusted_ohlc_unit_notional,1368
2023-05-26,2023-05-26,2023-06-02,3596,智易,TWSE,conservative_hurdle_route,regime_switch_hybrid_route,ordinary_defensive_00631L_base,hurdle_reference,same_week_close_to_next_rebalance_close_comparator,unadjusted_close,unadjusted_close,115.0,114.5,116.5,114.5,116.5,0.017467248908296984,True,,official_unadjusted_ohlcv_twse_stock_day,official_unadjusted_ohlcv_twse_stock_day,TWSE_STOCK_DAY,TWSE_STOCK_DAY,False,unadjusted_ohlcv; adjusted_close_blocked_not_fabricated,True,False,False,False,False,False,False,False,True,False,1000000,8733.0,999928.5,1017394.5,1425.0,4502.0,5927.0,0.011523403073939424,applied_local_ep05_cost_model_to_unadjusted_ohlc_unit_notional,1368
2023-05-26,2023-05-29,2023-06-05,3596,智易,TWSE,conservative_hurdle_route,regime_switch_hybrid_route,ordinary_defensive_00631L_base,hurdle_reference,next_day_open_entry_fixed_5td_exit,unadjusted_open,unadjusted_close,115.5,115.0,115.5,115.5,115.5,0.0,True,,official_unadjusted_ohlcv_twse_stock_day,official_unadjusted_ohlcv_twse_stock_day,TWSE_STOCK_DAY,TWSE_STOCK_DAY,False,unadjusted_ohlcv; adjusted_close_blocked_not_fabricated,True,False,False,False,False,False,False,False,True,False,1000000,8658.0,999999.0,999999.0,1425.0,4425.0,5850.0,-0.005841681445621435,applied_local_ep05_cost_model_to_unadjusted_ohlc_unit_notional,1368
2023-05-26,2023-05-29,2023-06-05,6643,M31,TPEx,dispersion_route,regime_switch_hybrid_route,dispersion,rs20_top3_risk_tiebreak,next_day_close_entry_fixed_5td_exit,unadjusted_close,unadjusted_close,840.0,851.0,857.0,851.0,857.0,0.007050528789659172,True,,official_unadjusted_ohlcv_tpex_trading_stock,official_unadjusted_ohlcv_tpex_trading_stock,TPEX_TRADING_STOCK,TPEX_TRADING_STOCK,False,unadjusted_ohlcv; adjusted_close_blocked_not_fabricated,True,False,False,False,False,False,False,False,True,False,1000000,1175.0,999925.0,1006975.0,1425.0,4456.0,5881.0,0.0011674239776301991,applied_local_ep05_cost_model_to_unadjusted_ohlc_unit_notional,1368
2023-05-26,2023-05-26,2023-06-02,6643,M31,TPEx,dispersion_route,regime_switch_hybrid_route,dispersion,rs20_top3_risk_tiebreak,same_week_close_to_next_rebalance_close_comparator,unadjusted_close,unadjusted_close,760.0,814.0,859.0,814.0,859.0,0.055282555282555323,True,,official_unadjusted_ohlcv_tpex_trading_stock,official_unadjusted_ohlcv_tpex_trading_stock,TPEX_TRADING_STOCK,TPEX_TRADING_STOCK,False,unadjusted_ohlcv; adjusted_close_blocked_not_fabricated,True,False,False,False,False,False,False,False,True,False,1000000,1228.0,999592.0,1054852.0,1424.0,4668.0,6092.0,0.04911809601444932,applied_local_ep05_cost_model_to_unadjusted_ohlc_unit_notional,1368
2023-05-26,2023-05-29,2023-06-05,6643,M31,TPEx,dispersion_route,regime_switch_hybrid_route,dispersion,rs20_top3_risk_tiebreak,next_day_open_entry_fixed_5td_exit,unadjusted_open,unadjusted_close,840.0,851.0,857.0,840.0,857.0,0.020238095238095166,True,,official_unadjusted_ohlcv_tpex_trading_stock,official_unadjusted_ohlcv_tpex_trading_stock,TPEX_TRADING_STOCK,TPEX_TRADING_STOCK,False,unadjusted_ohlcv; adjusted_close_blocked_not_fabricated,True,False,False,False,False,False,False,False,True,False,1000000,1190.0,999600.0,1019830.0,1424.0,4512.0,5936.0,0.014279377917012979,applied_local_ep05_cost_model_to_unadjusted_ohlc_unit_notional,1368
2023-05-26,2023-05-29,2023-06-05,3017,奇鋐,TWSE,hybrid_pullback_base_mega_override,regime_switch_hybrid_route,hybrid,pullback_repair,next_day_close_entry_fixed_5td_exit,unadjusted_close,unadjusted_close,212.0,206.0,200.0,206.0,200.0,-0.029126213592232997,True,,official_unadjusted_ohlcv_twse_stock_day,official_unadjusted_ohlcv_twse_stock_day,TWSE_STOCK_DAY,TWSE_STOCK_DAY,False,unadjusted_ohlcv; adjusted_close_blocked_not_fabricated,True,False,False,False,False,False,False,False,True,False,1000000,4854.0,999924.0,970800.0,1425.0,4295.0,5720.0,-0.03479705876772234,applied_local_ep05_cost_model_to_unadjusted_ohlc_unit_notional,1368
2023-05-26,2023-05-26,2023-06-02,3017,奇鋐,TWSE,hybrid_pullback_base_mega_override,regime_switch_hybrid_route,hybrid,pullback_repair,same_week_close_to_next_rebalance_close_comparator,unadjusted_close,unadjusted_close,200.0,208.0,202.0,208.0,202.0,-0.028846153846153855,True,,official_unadjusted_ohlcv_twse_stock_day,official_unadjusted_ohlcv_twse_stock_day,TWSE_STOCK_DAY,TWSE_STOCK_DAY,False,unadjusted_ohlcv; adjusted_close_blocked_not_fabricated,True,False,False,False,False,False,False,False,True,False,1000000,4807.0,999856.0,971014.0,1425.0,4297.0,5722.0,-0.03451978016161297,applied_local_ep05_cost_model_to_unadjusted_ohlc_unit_notional,1368
2023-05-26,2023-05-29,2023-06-05,3017,奇鋐,TWSE,hybrid_pullback_base_mega_override,regime_switch_hybrid_route,hybrid,pullback_repair,next_day_open_entry_fixed_5td_exit,unadjusted_open,unadjusted_close,212.0,206.0,200.0,212.0,200.0,-0.05660377358490565,True,,official_unadjusted_ohlcv_twse_stock_day,official_unadjusted_ohlcv_twse_stock_day,TWSE_STOCK_DAY,TWSE_STOCK_DAY,False,unadjusted_ohlcv; adjusted_close_blocked_not_fabricated,True,False,False,False,False,False,False,False,True,False,1000000,4716.0,999792.0,943200.0,1425.0,4174.0,5599.0,-0.062115405551443896,applied_local_ep05_cost_model_to_unadjusted_ohlc_unit_notional,1368
2023-05-26,2023-05-29,2023-06-05,6643,M31,TPEx,market_bias_pool_trend_route,regime_switch_hybrid_route,mega_or_stock_route,stable_strength,next_day_close_entry_fixed_5td_exit,unadjusted_close,unadjusted_close,840.0,851.0,857.0,851.0,857.0,0.007050528789659172,True,,official_unadjusted_ohlcv_tpex_trading_stock,official_unadjusted_ohlcv_tpex_trading_stock,TPEX_TRADING_STOCK,TPEX_TRADING_STOCK,False,unadjusted_ohlcv; adjusted_close_blocked_not_fabricated,True,False,False,False,False,False,False,False,True,False,1000000,1175.0,999925.0,1006975.0,1425.0,4456.0,5881.0,0.0011674239776301991,applied_local_ep05_cost_model_to_unadjusted_ohlc_unit_notional,1368
2023-05-26,2023-05-26,2023-06-02,6643,M31,TPEx,market_bias_pool_trend_route,regime_switch_hybrid_route,mega_or_stock_route,stable_strength,same_week_close_to_next_rebalance_close_comparator,unadjusted_close,unadjusted_close,760.0,814.0,859.0,814.0,859.0,0.055282555282555323,True,,official_unadjusted_ohlcv_tpex_trading_stock,official_unadjusted_ohlcv_tpex_trading_stock,TPEX_TRADING_STOCK,TPEX_TRADING_STOCK,False,unadjusted_ohlcv; adjusted_close_blocked_not_fabricated,True,False,False,False,False,False,False,False,True,False,1000000,1228.0,999592.0,1054852.0,1424.0,4668.0,6092.0,0.04911809601444932,applied_local_ep05_cost_model_to_unadjusted_ohlc_unit_notional,1368
2023-05-26,2023-05-29,2023-06-05,6643,M31,TPEx,market_bias_pool_trend_route,regime_switch_hybrid_route,mega_or_stock_route,stable_strength,next_day_open_entry_fixed_5td_exit,unadjusted_open,unadjusted_close,840.0,851.0,857.0,840.0,857.0,0.020238095238095166,True,,official_unadjusted_ohlcv_tpex_trading_stock,official_unadjusted_ohlcv_tpex_trading_stock,TPEX_TRADING_STOCK,TPEX_TRADING_STOCK,False,unadjusted_ohlcv; adjusted_close_blocked_not_fabricated,True,False,False,False,False,False,False,False,True,False,1000000,1190.0,999600.0,1019830.0,1424.0,4512.0,5936.0,0.014279377917012979,applied_local_ep05_cost_model_to_unadjusted_ohlc_unit_notional,1368
2023-05-26,2023-05-29,2023-06-05,3078,僑威,TPEx,pool_breadth_route,regime_switch_hybrid_route,mega_or_stock_route,low_risk_strength,next_day_close_entry_fixed_5td_exit,unadjusted_close,unadjusted_close,57.8,61.0,62.6,61.0,62.6,0.02622950819672143,True,,official_unadjusted_ohlcv_tpex_trading_stock,official_unadjusted_ohlcv_tpex_trading_stock,TPEX_TRADING_STOCK,TPEX_TRADING_STOCK,False,unadjusted_ohlcv; adjusted_close_blocked_not_fabricated,True,False,False,False,False,False,False,False,True,False,1000000,16393.0,999973.0,1026201.8,1425.0,4541.0,5966.0,0.020234512152011535,applied_local_ep05_cost_model_to_unadjusted_ohlc_unit_notional,1368
2023-05-26,2023-05-26,2023-06-02,3078,僑威,TPEx,pool_breadth_route,regime_switch_hybrid_route,mega_or_stock_route,low_risk_strength,same_week_close_to_next_rebalance_close_comparator,unadjusted_close,unadjusted_close,59.7,56.8,59.9,56.8,59.9,0.05457746478873249,True,,official_unadjusted_ohlcv_tpex_trading_stock,official_unadjusted_ohlcv_tpex_trading_stock,TPEX_TRADING_STOCK,TPEX_TRADING_STOCK,False,unadjusted_ohlcv; adjusted_close_blocked_not_fabricated,True,False,False,False,False,False,False,False,True,False,1000000,17605.0,999964.0,1054539.5,1425.0,4667.0,6092.0,0.04841624982898753,applied_local_ep05_cost_model_to_unadjusted_ohlc_unit_notional,1368
2023-05-26,2023-05-29,2023-06-05,3078,僑威,TPEx,pool_breadth_route,regime_switch_hybrid_route,mega_or_stock_route,low_risk_strength,next_day_open_entry_fixed_5td_exit,unadjusted_open,unadjusted_close,57.8,61.0,62.6,57.8,62.6,0.0830449826989621,True,,official_unadjusted_ohlcv_tpex_trading_stock,official_unadjusted_ohlcv_tpex_trading_stock,TPEX_TRADING_STOCK,TPEX_TRADING_STOCK,False,unadjusted_ohlcv; adjusted_close_blocked_not_fabricated,True,False,False,False,False,False,False,False,True,False,1000000,17301.0,999997.7999999999,1083042.6,1425.0,4792.0,6217.0,0.0767186447123035,applied_local_ep05_cost_model_to_unadjusted_ohlc_unit_notional,1368
2023-06-02,2023-06-05,2023-06-12,2206,三陽工業,TWSE,dynamic80_top1_rs20_31_bonus_proxy,legacy_rs20_operating_mode,mega_rs20,dynamic80_top1_rs20_31_bonus_proxy,next_day_close_entry_fixed_5td_exit,unadjusted_close,unadjusted_close,90.5,90.2,93.2,90.2,93.2,0.03325942350332589,True,,official_unadjusted_ohlcv_twse_stock_day,official_unadjusted_ohlcv_twse_stock_day,TWSE_STOCK_DAY,TWSE_STOCK_DAY,False,unadjusted_ohlcv; adjusted_close_blocked_not_fabricated,True,False,False,False,False,False,False,False,True,False,1000000,11086.0,999957.2000000001,1033215.2000000001,1425.0,4572.0,5997.0,0.027223371855421435,applied_local_ep05_cost_model_to_unadjusted_ohlc_unit_notional,1368
2023-06-02,2023-06-02,2023-06-09,2206,三陽工業,TWSE,dynamic80_top1_rs20_31_bonus_proxy,legacy_rs20_operating_mode,mega_rs20,dynamic80_top1_rs20_31_bonus_proxy,same_week_close_to_next_rebalance_close_comparator,unadjusted_close,unadjusted_close,81.6,88.1,97.8,88.1,97.8,0.11010215664018164,True,,official_unadjusted_ohlcv_twse_stock_day,official_unadjusted_ohlcv_twse_stock_day,TWSE_STOCK_DAY,TWSE_STOCK_DAY,False,unadjusted_ohlcv; adjusted_close_blocked_not_fabricated,True,False,False,False,False,False,False,False,True,False,1000000,11350.0,999934.9999999999,1110030.0,1425.0,4912.0,6337.0,0.10361708077015272,applied_local_ep05_cost_model_to_unadjusted_ohlc_unit_notional,1368
2023-06-02,2023-06-05,2023-06-12,2206,三陽工業,TWSE,dynamic80_top1_rs20_31_bonus_proxy,legacy_rs20_operating_mode,mega_rs20,dynamic80_top1_rs20_31_bonus_proxy,next_day_open_entry_fixed_5td_exit,unadjusted_open,unadjusted_close,90.5,90.2,93.2,90.5,93.2,0.029834254143646488,True,,official_unadjusted_ohlcv_twse_stock_day,official_unadjusted_ohlcv_twse_stock_day,TWSE_STOCK_DAY,TWSE_STOCK_DAY,False,unadjusted_ohlcv; adjusted_close_blocked_not_fabricated,True,False,False,False,False,False,False,False,True,False,1000000,11049.0,999934.5,1029766.8,1425.0,4556.0,5981.0,0.02381891818073334,applied_local_ep05_cost_model_to_unadjusted_ohlc_unit_notional,1368
2023-06-02,2023-06-05,2023-06-12,2206,三陽工業,TWSE,dynamic80_top1_rs20_7core_context_proxy,legacy_rs20_operating_mode,mega_rs20,dynamic80_top1_rs20_7core_context_proxy,next_day_close_entry_fixed_5td_exit,unadjusted_close,unadjusted_close,90.5,90.2,93.2,90.2,93.2,0.03325942350332589,True,,official_unadjusted_ohlcv_twse_stock_day,official_unadjusted_ohlcv_twse_stock_day,TWSE_STOCK_DAY,TWSE_STOCK_DAY,False,unadjusted_ohlcv; adjusted_close_blocked_not_fabricated,True,False,False,False,False,False,False,False,True,False,1000000,11086.0,999957.2000000001,1033215.2000000001,1425.0,4572.0,5997.0,0.027223371855421435,applied_local_ep05_cost_model_to_unadjusted_ohlc_unit_notional,1368
2023-06-02,2023-06-02,2023-06-09,2206,三陽工業,TWSE,dynamic80_top1_rs20_7core_context_proxy,legacy_rs20_operating_mode,mega_rs20,dynamic80_top1_rs20_7core_context_proxy,same_week_close_to_next_rebalance_close_comparator,unadjusted_close,unadjusted_close,81.6,88.1,97.8,88.1,97.8,0.11010215664018164,True,,official_unadjusted_ohlcv_twse_stock_day,official_unadjusted_ohlcv_twse_stock_day,TWSE_STOCK_DAY,TWSE_STOCK_DAY,False,unadjusted_ohlcv; adjusted_close_blocked_not_fabricated,True,False,False,False,False,False,False,False,True,False,1000000,11350.0,999934.9999999999,1110030.0,1425.0,4912.0,6337.0,0.10361708077015272,applied_local_ep05_cost_model_to_unadjusted_ohlc_unit_notional,1368
2023-06-02,2023-06-05,2023-06-12,2206,三陽工業,TWSE,dynamic80_top1_rs20_7core_context_proxy,legacy_rs20_operating_mode,mega_rs20,dynamic80_top1_rs20_7core_context_proxy,next_day_open_entry_fixed_5td_exit,unadjusted_open,unadjusted_close,90.5,90.2,93.2,90.5,93.2,0.029834254143646488,True,,official_unadjusted_ohlcv_twse_stock_day,official_unadjusted_ohlcv_twse_stock_day,TWSE_STOCK_DAY,TWSE_STOCK_DAY,False,unadjusted_ohlcv; adjusted_close_blocked_not_fabricated,True,False,False,False,False,False,False,False,True,False,1000000,11049.0,999934.5,1029766.8,1425.0,4556.0,5981.0,0.02381891818073334,applied_local_ep05_cost_model_to_unadjusted_ohlc_unit_notional,1368
2023-06-02,2023-06-05,2023-06-12,2206,三陽工業,TWSE,dynamic80_top1_rs20_proxy,legacy_rs20_operating_mode,mega_rs20,dynamic80_top1_rs20_proxy,next_day_close_entry_fixed_5td_exit,unadjusted_close,unadjusted_close,90.5,90.2,93.2,90.2,93.2,0.03325942350332589,True,,official_unadjusted_ohlcv_twse_stock_day,official_unadjusted_ohlcv_twse_stock_day,TWSE_STOCK_DAY,TWSE_STOCK_DAY,False,unadjusted_ohlcv; adjusted_close_blocked_not_fabricated,True,False,False,False,False,False,False,False,True,False,1000000,11086.0,999957.2000000001,1033215.2000000001,1425.0,4572.0,5997.0,0.027223371855421435,applied_local_ep05_cost_model_to_unadjusted_ohlc_unit_notional,1368
2023-06-02,2023-06-02,2023-06-09,2206,三陽工業,TWSE,dynamic80_top1_rs20_proxy,legacy_rs20_operating_mode,mega_rs20,dynamic80_top1_rs20_proxy,same_week_close_to_next_rebalance_close_comparator,unadjusted_close,unadjusted_close,81.6,88.1,97.8,88.1,97.8,0.11010215664018164,True,,official_unadjusted_ohlcv_twse_stock_day,official_unadjusted_ohlcv_twse_stock_day,TWSE_STOCK_DAY,TWSE_STOCK_DAY,False,unadjusted_ohlcv; adjusted_close_blocked_not_fabricated,True,False,False,False,False,False,False,False,True,False,1000000,11350.0,999934.9999999999,1110030.0,1425.0,4912.0,6337.0,0.10361708077015272,applied_local_ep05_cost_model_to_unadjusted_ohlc_unit_notional,1368
2023-06-02,2023-06-05,2023-06-12,2206,三陽工業,TWSE,dynamic80_top1_rs20_proxy,legacy_rs20_operating_mode,mega_rs20,dynamic80_top1_rs20_proxy,next_day_open_entry_fixed_5td_exit,unadjusted_open,unadjusted_close,90.5,90.2,93.2,90.5,93.2,0.029834254143646488,True,,official_unadjusted_ohlcv_twse_stock_day,official_unadjusted_ohlcv_twse_stock_day,TWSE_STOCK_DAY,TWSE_STOCK_DAY,False,unadjusted_ohlcv; adjusted_close_blocked_not_fabricated,True,False,False,False,False,False,False,False,True,False,1000000,11049.0,999934.5,1029766.8,1425.0,4556.0,5981.0,0.02381891818073334,applied_local_ep05_cost_model_to_unadjusted_ohlc_unit_notional,1368
2023-06-02,2023-06-05,2023-06-12,2206,三陽工業,TWSE,dynamic80_top3_rs20_risk_tiebreak_proxy,legacy_rs20_operating_mode,mega_rs20,dynamic80_top3_rs20_risk_tiebreak_proxy,next_day_close_entry_fixed_5td_exit,unadjusted_close,unadjusted_close,90.5,90.2,93.2,90.2,93.2,0.03325942350332589,True,,official_unadjusted_ohlcv_twse_stock_day,official_unadjusted_ohlcv_twse_stock_day,TWSE_STOCK_DAY,TWSE_STOCK_DAY,False,unadjusted_ohlcv; adjusted_close_blocked_not_fabricated,True,False,False,False,False,False,False,False,True,False,1000000,11086.0,999957.2000000001,1033215.2000000001,1425.0,4572.0,5997.0,0.027223371855421435,applied_local_ep05_cost_model_to_unadjusted_ohlc_unit_notional,1368
2023-06-02,2023-06-02,2023-06-09,2206,三陽工業,TWSE,dynamic80_top3_rs20_risk_tiebreak_proxy,legacy_rs20_operating_mode,mega_rs20,dynamic80_top3_rs20_risk_tiebreak_proxy,same_week_close_to_next_rebalance_close_comparator,unadjusted_close,unadjusted_close,81.6,88.1,97.8,88.1,97.8,0.11010215664018164,True,,official_unadjusted_ohlcv_twse_stock_day,official_unadjusted_ohlcv_twse_stock_day,TWSE_STOCK_DAY,TWSE_STOCK_DAY,False,unadjusted_ohlcv; adjusted_close_blocked_not_fabricated,True,False,False,False,False,False,False,False,True,False,1000000,11350.0,999934.9999999999,1110030.0,1425.0,4912.0,6337.0,0.10361708077015272,applied_local_ep05_cost_model_to_unadjusted_ohlc_unit_notional,1368
2023-06-02,2023-06-05,2023-06-12,2206,三陽工業,TWSE,dynamic80_top3_rs20_risk_tiebreak_proxy,legacy_rs20_operating_mode,mega_rs20,dynamic80_top3_rs20_risk_tiebreak_proxy,next_day_open_entry_fixed_5td_exit,unadjusted_open,unadjusted_close,90.5,90.2,93.2,90.5,93.2,0.029834254143646488,True,,official_unadjusted_ohlcv_twse_stock_day,official_unadjusted_ohlcv_twse_stock_day,TWSE_STOCK_DAY,TWSE_STOCK_DAY,False,unadjusted_ohlcv; adjusted_close_blocked_not_fabricated,True,False,False,False,False,False,False,False,True,False,1000000,11049.0,999934.5,1029766.8,1425.0,4556.0,5981.0,0.02381891818073334,applied_local_ep05_cost_model_to_unadjusted_ohlc_unit_notional,1368
2023-06-02,2023-06-05,2023-06-12,8210,勤誠,TWSE,conservative_hurdle_route,regime_switch_hybrid_route,ordinary_defensive_00631L_base,rs20_top3_risk_tiebreak,next_day_close_entry_fixed_5td_exit,unadjusted_close,unadjusted_close,115.0,116.0,115.5,116.0,115.5,-0.004310344827586188,True,,official_unadjusted_ohlcv_twse_stock_day,official_unadjusted_ohlcv_twse_stock_day,TWSE_STOCK_DAY,TWSE_STOCK_DAY,False,unadjusted_ohlcv; adjusted_close_blocked_not_fabricated,True,False,False,False,False,False,False,False,True,False,1000000,8620.0,999920.0,995610.0,1425.0,4406.0,5831.0,-0.010127378675681208,applied_local_ep05_cost_model_to_unadjusted_ohlc_unit_notional,1368
2023-06-02,2023-06-02,2023-06-09,8210,勤誠,TWSE,conservative_hurdle_route,regime_switch_hybrid_route,ordinary_defensive_00631L_base,rs20_top3_risk_tiebreak,same_week_close_to_next_rebalance_close_comparator,unadjusted_close,unadjusted_close,118.0,114.5,125.5,114.5,125.5,0.09606986899563319,True,,official_unadjusted_ohlcv_twse_stock_day,official_unadjusted_ohlcv_twse_stock_day,TWSE_STOCK_DAY,TWSE_STOCK_DAY,False,unadjusted_ohlcv; adjusted_close_blocked_not_fabricated,True,False,False,False,False,False,False,False,True,False,1000000,8733.0,999928.5,1095991.5,1425.0,4850.0,6275.0,0.08966663620789261,applied_local_ep05_cost_model_to_unadjusted_ohlc_unit_notional,1368
2023-06-02,2023-06-05,2023-06-12,8210,勤誠,TWSE,conservative_hurdle_route,regime_switch_hybrid_route,ordinary_defensive_00631L_base,rs20_top3_risk_tiebreak,next_day_open_entry_fixed_5td_exit,unadjusted_open,unadjusted_close,115.0,116.0,115.5,115.0,115.5,0.004347826086956497,True,,official_unadjusted_ohlcv_twse_stock_day,official_unadjusted_ohlcv_twse_stock_day,TWSE_STOCK_DAY,TWSE_STOCK_DAY,False,unadjusted_ohlcv; adjusted_close_blocked_not_fabricated,True,False,False,False,False,False,False,False,True,False,1000000,8695.0,999925.0,1004272.5,1425.0,4444.0,5869.0,-0.0015194487441953363,applied_local_ep05_cost_model_to_unadjusted_ohlc_unit_notional,1368
2023-06-02,2023-06-05,2023-06-12,8210,勤誠,TWSE,dispersion_route,regime_switch_hybrid_route,dispersion,rs20_top3_risk_tiebreak,next_day_close_entry_fixed_5td_exit,unadjusted_close,unadjusted_close,115.0,116.0,115.5,116.0,115.5,-0.004310344827586188,True,,official_unadjusted_ohlcv_twse_stock_day,official_unadjusted_ohlcv_twse_stock_day,TWSE_STOCK_DAY,TWSE_STOCK_DAY,False,unadjusted_ohlcv; adjusted_close_blocked_not_fabricated,True,False,False,False,False,False,False,False,True,False,1000000,8620.0,999920.0,995610.0,1425.0,4406.0,5831.0,-0.010127378675681208,applied_local_ep05_cost_model_to_unadjusted_ohlc_unit_notional,1368
2023-06-02,2023-06-02,2023-06-09,8210,勤誠,TWSE,dispersion_route,regime_switch_hybrid_route,dispersion,rs20_top3_risk_tiebreak,same_week_close_to_next_rebalance_close_comparator,unadjusted_close,unadjusted_close,118.0,114.5,125.5,114.5,125.5,0.09606986899563319,True,,official_unadjusted_ohlcv_twse_stock_day,official_unadjusted_ohlcv_twse_stock_day,TWSE_STOCK_DAY,TWSE_STOCK_DAY,False,unadjusted_ohlcv; adjusted_close_blocked_not_fabricated,True,False,False,False,False,False,False,False,True,False,1000000,8733.0,999928.5,1095991.5,1425.0,4850.0,6275.0,0.08966663620789261,applied_local_ep05_cost_model_to_unadjusted_ohlc_unit_notional,1368
2023-06-02,2023-06-05,2023-06-12,8210,勤誠,TWSE,dispersion_route,regime_switch_hybrid_route,dispersion,rs20_top3_risk_tiebreak,next_day_open_entry_fixed_5td_exit,unadjusted_open,unadjusted_close,115.0,116.0,115.5,115.0,115.5,0.004347826086956497,True,,official_unadjusted_ohlcv_twse_stock_day,official_unadjusted_ohlcv_twse_stock_day,TWSE_STOCK_DAY,TWSE_STOCK_DAY,False,unadjusted_ohlcv; adjusted_close_blocked_not_fabricated,True,False,False,False,False,False,False,False,True,False,1000000,8695.0,999925.0,1004272.5,1425.0,4444.0,5869.0,-0.0015194487441953363,applied_local_ep05_cost_model_to_unadjusted_ohlc_unit_notional,1368
2023-06-02,2023-06-05,2023-06-12,8210,勤誠,TWSE,hybrid_pullback_base_mega_override,regime_switch_hybrid_route,hybrid,rs20_top3_risk_tiebreak,next_day_close_entry_fixed_5td_exit,unadjusted_close,unadjusted_close,115.0,116.0,115.5,116.0,115.5,-0.004310344827586188,True,,official_unadjusted_ohlcv_twse_stock_day,official_unadjusted_ohlcv_twse_stock_day,TWSE_STOCK_DAY,TWSE_STOCK_DAY,False,unadjusted_ohlcv; adjusted_close_blocked_not_fabricated,True,False,False,False,False,False,False,False,True,False,1000000,8620.0,999920.0,995610.0,1425.0,4406.0,5831.0,-0.010127378675681208,applied_local_ep05_cost_model_to_unadjusted_ohlc_unit_notional,1368
2023-06-02,2023-06-02,2023-06-09,8210,勤誠,TWSE,hybrid_pullback_base_mega_override,regime_switch_hybrid_route,hybrid,rs20_top3_risk_tiebreak,same_week_close_to_next_rebalance_close_comparator,unadjusted_close,unadjusted_close,118.0,114.5,125.5,114.5,125.5,0.09606986899563319,True,,official_unadjusted_ohlcv_twse_stock_day,official_unadjusted_ohlcv_twse_stock_day,TWSE_STOCK_DAY,TWSE_STOCK_DAY,False,unadjusted_ohlcv; adjusted_close_blocked_not_fabricated,True,False,False,False,False,False,False,False,True,False,1000000,8733.0,999928.5,1095991.5,1425.0,4850.0,6275.0,0.08966663620789261,applied_local_ep05_cost_model_to_unadjusted_ohlc_unit_notional,1368
2023-06-02,2023-06-05,2023-06-12,8210,勤誠,TWSE,hybrid_pullback_base_mega_override,regime_switch_hybrid_route,hybrid,rs20_top3_risk_tiebreak,next_day_open_entry_fixed_5td_exit,unadjusted_open,unadjusted_close,115.0,116.0,115.5,115.0,115.5,0.004347826086956497,True,,official_unadjusted_ohlcv_twse_stock_day,official_unadjusted_ohlcv_twse_stock_day,TWSE_STOCK_DAY,TWSE_STOCK_DAY,False,unadjusted_ohlcv; adjusted_close_blocked_not_fabricated,True,False,False,False,False,False,False,False,True,False,1000000,8695.0,999925.0,1004272.5,1425.0,4444.0,5869.0,-0.0015194487441953363,applied_local_ep05_cost_model_to_unadjusted_ohlc_unit_notional,1368
2023-06-02,2023-06-05,2023-06-12,2206,三陽工業,TWSE,market_bias_pool_trend_route,regime_switch_hybrid_route,mega_or_stock_route,stable_strength,next_day_close_entry_fixed_5td_exit,unadjusted_close,unadjusted_close,90.5,90.2,93.2,90.2,93.2,0.03325942350332589,True,,official_unadjusted_ohlcv_twse_stock_day,official_unadjusted_ohlcv_twse_stock_day,TWSE_STOCK_DAY,TWSE_STOCK_DAY,False,unadjusted_ohlcv; adjusted_close_blocked_not_fabricated,True,False,False,False,False,False,False,False,True,False,1000000,11086.0,999957.2000000001,1033215.2000000001,1425.0,4572.0,5997.0,0.027223371855421435,applied_local_ep05_cost_model_to_unadjusted_ohlc_unit_notional,1368
2023-06-02,2023-06-02,2023-06-09,2206,三陽工業,TWSE,market_bias_pool_trend_route,regime_switch_hybrid_route,mega_or_stock_route,stable_strength,same_week_close_to_next_rebalance_close_comparator,unadjusted_close,unadjusted_close,81.6,88.1,97.8,88.1,97.8,0.11010215664018164,True,,official_unadjusted_ohlcv_twse_stock_day,official_unadjusted_ohlcv_twse_stock_day,TWSE_STOCK_DAY,TWSE_STOCK_DAY,False,unadjusted_ohlcv; adjusted_close_blocked_not_fabricated,True,False,False,False,False,False,False,False,True,False,1000000,11350.0,999934.9999999999,1110030.0,1425.0,4912.0,6337.0,0.10361708077015272,applied_local_ep05_cost_model_to_unadjusted_ohlc_unit_notional,1368
2023-06-02,2023-06-05,2023-06-12,2206,三陽工業,TWSE,market_bias_pool_trend_route,regime_switch_hybrid_route,mega_or_stock_route,stable_strength,next_day_open_entry_fixed_5td_exit,unadjusted_open,unadjusted_close,90.5,90.2,93.2,90.5,93.2,0.029834254143646488,True,,official_unadjusted_ohlcv_twse_stock_day,official_unadjusted_ohlcv_twse_stock_day,TWSE_STOCK_DAY,TWSE_STOCK_DAY,False,unadjusted_ohlcv; adjusted_close_blocked_not_fabricated,True,False,False,False,False,False,False,False,True,False,1000000,11049.0,999934.5,1029766.8,1425.0,4556.0,5981.0,0.02381891818073334,applied_local_ep05_cost_model_to_unadjusted_ohlc_unit_notional,1368
2023-06-02,2023-06-05,2023-06-12,2206,三陽工業,TWSE,pool_breadth_route,regime_switch_hybrid_route,mega_or_stock_route,stable_strength,next_day_close_entry_fixed_5td_exit,unadjusted_close,unadjusted_close,90.5,90.2,93.2,90.2,93.2,0.03325942350332589,True,,official_unadjusted_ohlcv_twse_stock_day,official_unadjusted_ohlcv_twse_stock_day,TWSE_STOCK_DAY,TWSE_STOCK_DAY,False,unadjusted_ohlcv; adjusted_close_blocked_not_fabricated,True,False,False,False,False,False,False,False,True,False,1000000,11086.0,999957.2000000001,1033215.2000000001,1425.0,4572.0,5997.0,0.027223371855421435,applied_local_ep05_cost_model_to_unadjusted_ohlc_unit_notional,1368
2023-06-02,2023-06-02,2023-06-09,2206,三陽工業,TWSE,pool_breadth_route,regime_switch_hybrid_route,mega_or_stock_route,stable_strength,same_week_close_to_next_rebalance_close_comparator,unadjusted_close,unadjusted_close,81.6,88.1,97.8,88.1,97.8,0.11010215664018164,True,,official_unadjusted_ohlcv_twse_stock_day,official_unadjusted_ohlcv_twse_stock_day,TWSE_STOCK_DAY,TWSE_STOCK_DAY,False,unadjusted_ohlcv; adjusted_close_blocked_not_fabricated,True,False,False,False,False,False,False,False,True,False,1000000,11350.0,999934.9999999999,1110030.0,1425.0,4912.0,6337.0,0.10361708077015272,applied_local_ep05_cost_model_to_unadjusted_ohlc_unit_notional,1368
2023-06-02,2023-06-05,2023-06-12,2206,三陽工業,TWSE,pool_breadth_route,regime_switch_hybrid_route,mega_or_stock_route,stable_strength,next_day_open_entry_fixed_5td_exit,unadjusted_open,unadjusted_close,90.5,90.2,93.2,90.5,93.2,0.029834254143646488,True,,official_unadjusted_ohlcv_twse_stock_day,official_unadjusted_ohlcv_twse_stock_day,TWSE_STOCK_DAY,TWSE_STOCK_DAY,False,unadjusted_ohlcv; adjusted_close_blocked_not_fabricated,True,False,False,False,False,False,False,False,True,False,1000000,11049.0,999934.5,1029766.8,1425.0,4556.0,5981.0,0.02381891818073334,applied_local_ep05_cost_model_to_unadjusted_ohlc_unit_notional,1368
2023-06-09,2023-06-12,2023-06-19,3583,辛耘,TWSE,dynamic80_top1_rs20_31_bonus_proxy,legacy_rs20_operating_mode,mega_rs20,dynamic80_top1_rs20_31_bonus_proxy,next_day_close_entry_fixed_5td_exit,unadjusted_close,unadjusted_close,149.0,147.5,157.0,147.5,157.0,0.06440677966101704,True,,official_unadjusted_ohlcv_twse_stock_day,official_unadjusted_ohlcv_twse_stock_day,TWSE_STOCK_DAY,TWSE_STOCK_DAY,False,unadjusted_ohlcv; adjusted_close_blocked_not_fabricated,True,False,False,False,False,False,False,False,True,False,1000000,6779.0,999902.5,1064303.0,1425.0,4710.0,6135.0,0.058188255091366214,applied_local_ep05_cost_model_to_unadjusted_ohlc_unit_notional,1368
2023-06-09,2023-06-09,2023-06-16,3583,辛耘,TWSE,dynamic80_top1_rs20_31_bonus_proxy,legacy_rs20_operating_mode,mega_rs20,dynamic80_top1_rs20_31_bonus_proxy,same_week_close_to_next_rebalance_close_comparator,unadjusted_close,unadjusted_close,149.5,150.0,161.5,150.0,161.5,0.07666666666666666,True,,official_unadjusted_ohlcv_twse_stock_day,official_unadjusted_ohlcv_twse_stock_day,TWSE_STOCK_DAY,TWSE_STOCK_DAY,False,unadjusted_ohlcv; adjusted_close_blocked_not_fabricated,True,False,False,False,False,False,False,False,True,False,1000000,6666.0,999900.0,1076559.0,1425.0,4764.0,6189.0,0.07037675080518313,applied_local_ep05_cost_model_to_unadjusted_ohlc_unit_notional,1368
2023-06-09,2023-06-12,2023-06-19,3583,辛耘,TWSE,dynamic80_top1_rs20_31_bonus_proxy,legacy_rs20_operating_mode,mega_rs20,dynamic80_top1_rs20_31_bonus_proxy,next_day_open_entry_fixed_5td_exit,unadjusted_open,unadjusted_close,149.0,147.5,157.0,149.0,157.0,0.05369127516778516,True,,official_unadjusted_ohlcv_twse_stock_day,official_unadjusted_ohlcv_twse_stock_day,TWSE_STOCK_DAY,TWSE_STOCK_DAY,False,unadjusted_ohlcv; adjusted_close_blocked_not_fabricated,True,False,False,False,False,False,False,False,True,False,1000000,6711.0,999939.0,1053627.0,1425.0,4662.0,6087.0,0.047536160676836796,applied_local_ep05_cost_model_to_unadjusted_ohlc_unit_notional,1368
2023-06-09,2023-06-12,2023-06-19,3583,辛耘,TWSE,dynamic80_top1_rs20_7core_context_proxy,legacy_rs20_operating_mode,mega_rs20,dynamic80_top1_rs20_7core_context_proxy,next_day_close_entry_fixed_5td_exit,unadjusted_close,unadjusted_close,149.0,147.5,157.0,147.5,157.0,0.06440677966101704,True,,official_unadjusted_ohlcv_twse_stock_day,official_unadjusted_ohlcv_twse_stock_day,TWSE_STOCK_DAY,TWSE_STOCK_DAY,False,unadjusted_ohlcv; adjusted_close_blocked_not_fabricated,True,False,False,False,False,False,False,False,True,False,1000000,6779.0,999902.5,1064303.0,1425.0,4710.0,6135.0,0.058188255091366214,applied_local_ep05_cost_model_to_unadjusted_ohlc_unit_notional,1368
2023-06-09,2023-06-09,2023-06-16,3583,辛耘,TWSE,dynamic80_top1_rs20_7core_context_proxy,legacy_rs20_operating_mode,mega_rs20,dynamic80_top1_rs20_7core_context_proxy,same_week_close_to_next_rebalance_close_comparator,unadjusted_close,unadjusted_close,149.5,150.0,161.5,150.0,161.5,0.07666666666666666,True,,official_unadjusted_ohlcv_twse_stock_day,official_unadjusted_ohlcv_twse_stock_day,TWSE_STOCK_DAY,TWSE_STOCK_DAY,False,unadjusted_ohlcv; adjusted_close_blocked_not_fabricated,True,False,False,False,False,False,False,False,True,False,1000000,6666.0,999900.0,1076559.0,1425.0,4764.0,6189.0,0.07037675080518313,applied_local_ep05_cost_model_to_unadjusted_ohlc_unit_notional,1368
2023-06-09,2023-06-12,2023-06-19,3583,辛耘,TWSE,dynamic80_top1_rs20_7core_context_proxy,legacy_rs20_operating_mode,mega_rs20,dynamic80_top1_rs20_7core_context_proxy,next_day_open_entry_fixed_5td_exit,unadjusted_open,unadjusted_close,149.0,147.5,157.0,149.0,157.0,0.05369127516778516,True,,official_unadjusted_ohlcv_twse_stock_day,official_unadjusted_ohlcv_twse_stock_day,TWSE_STOCK_DAY,TWSE_STOCK_DAY,False,unadjusted_ohlcv; adjusted_close_blocked_not_fabricated,True,False,False,False,False,False,False,False,True,False,1000000,6711.0,999939.0,1053627.0,1425.0,4662.0,6087.0,0.047536160676836796,applied_local_ep05_cost_model_to_unadjusted_ohlc_unit_notional,1368
2023-06-09,2023-06-12,2023-06-19,3583,辛耘,TWSE,dynamic80_top1_rs20_proxy,legacy_rs20_operating_mode,mega_rs20,dynamic80_top1_rs20_proxy,next_day_close_entry_fixed_5td_exit,unadjusted_close,unadjusted_close,149.0,147.5,157.0,147.5,157.0,0.06440677966101704,True,,official_unadjusted_ohlcv_twse_stock_day,official_unadjusted_ohlcv_twse_stock_day,TWSE_STOCK_DAY,TWSE_STOCK_DAY,False,unadjusted_ohlcv; adjusted_close_blocked_not_fabricated,True,False,False,False,False,False,False,False,True,False,1000000,6779.0,999902.5,1064303.0,1425.0,4710.0,6135.0,0.058188255091366214,applied_local_ep05_cost_model_to_unadjusted_ohlc_unit_notional,1368
2023-06-09,2023-06-09,2023-06-16,3583,辛耘,TWSE,dynamic80_top1_rs20_proxy,legacy_rs20_operating_mode,mega_rs20,dynamic80_top1_rs20_proxy,same_week_close_to_next_rebalance_close_comparator,unadjusted_close,unadjusted_close,149.5,150.0,161.5,150.0,161.5,0.07666666666666666,True,,official_unadjusted_ohlcv_twse_stock_day,official_unadjusted_ohlcv_twse_stock_day,TWSE_STOCK_DAY,TWSE_STOCK_DAY,False,unadjusted_ohlcv; adjusted_close_blocked_not_fabricated,True,False,False,False,False,False,False,False,True,False,1000000,6666.0,999900.0,1076559.0,1425.0,4764.0,6189.0,0.07037675080518313,applied_local_ep05_cost_model_to_unadjusted_ohlc_unit_notional,1368
2023-06-09,2023-06-12,2023-06-19,3583,辛耘,TWSE,dynamic80_top1_rs20_proxy,legacy_rs20_operating_mode,mega_rs20,dynamic80_top1_rs20_proxy,next_day_open_entry_fixed_5td_exit,unadjusted_open,unadjusted_close,149.0,147.5,157.0,149.0,157.0,0.05369127516778516,True,,official_unadjusted_ohlcv_twse_stock_day,official_unadjusted_ohlcv_twse_stock_day,TWSE_STOCK_DAY,TWSE_STOCK_DAY,False,unadjusted_ohlcv; adjusted_close_blocked_not_fabricated,True,False,False,False,False,False,False,False,True,False,1000000,6711.0,999939.0,1053627.0,1425.0,4662.0,6087.0,0.047536160676836796,applied_local_ep05_cost_model_to_unadjusted_ohlc_unit_notional,1368
2023-06-09,2023-06-12,2023-06-19,3583,辛耘,TWSE,dynamic80_top3_rs20_risk_tiebreak_proxy,legacy_rs20_operating_mode,mega_rs20,dynamic80_top3_rs20_risk_tiebreak_proxy,next_day_close_entry_fixed_5td_exit,unadjusted_close,unadjusted_close,149.0,147.5,157.0,147.5,157.0,0.06440677966101704,True,,official_unadjusted_ohlcv_twse_stock_day,official_unadjusted_ohlcv_twse_stock_day,TWSE_STOCK_DAY,TWSE_STOCK_DAY,False,unadjusted_ohlcv; adjusted_close_blocked_not_fabricated,True,False,False,False,False,False,False,False,True,False,1000000,6779.0,999902.5,1064303.0,1425.0,4710.0,6135.0,0.058188255091366214,applied_local_ep05_cost_model_to_unadjusted_ohlc_unit_notional,1368
2023-06-09,2023-06-09,2023-06-16,3583,辛耘,TWSE,dynamic80_top3_rs20_risk_tiebreak_proxy,legacy_rs20_operating_mode,mega_rs20,dynamic80_top3_rs20_risk_tiebreak_proxy,same_week_close_to_next_rebalance_close_comparator,unadjusted_close,unadjusted_close,149.5,150.0,161.5,150.0,161.5,0.07666666666666666,True,,official_unadjusted_ohlcv_twse_stock_day,official_unadjusted_ohlcv_twse_stock_day,TWSE_STOCK_DAY,TWSE_STOCK_DAY,False,unadjusted_ohlcv; adjusted_close_blocked_not_fabricated,True,False,False,False,False,False,False,False,True,False,1000000,6666.0,999900.0,1076559.0,1425.0,4764.0,6189.0,0.07037675080518313,applied_local_ep05_cost_model_to_unadjusted_ohlc_unit_notional,1368
2023-06-09,2023-06-12,2023-06-19,3583,辛耘,TWSE,dynamic80_top3_rs20_risk_tiebreak_proxy,legacy_rs20_operating_mode,mega_rs20,dynamic80_top3_rs20_risk_tiebreak_proxy,next_day_open_entry_fixed_5td_exit,unadjusted_open,unadjusted_close,149.0,147.5,157.0,149.0,157.0,0.05369127516778516,True,,official_unadjusted_ohlcv_twse_stock_day,official_unadjusted_ohlcv_twse_stock_day,TWSE_STOCK_DAY,TWSE_STOCK_DAY,False,unadjusted_ohlcv; adjusted_close_blocked_not_fabricated,True,False,False,False,False,False,False,False,True,False,1000000,6711.0,999939.0,1053627.0,1425.0,4662.0,6087.0,0.047536160676836796,applied_local_ep05_cost_model_to_unadjusted_ohlc_unit_notional,1368
2023-06-09,2023-06-12,2023-06-19,3515,華擎,TWSE,conservative_hurdle_route,regime_switch_hybrid_route,ordinary_defensive_00631L_base,rs20_top3_risk_tiebreak,next_day_close_entry_fixed_5td_exit,unadjusted_close,unadjusted_close,202.5,219.5,224.0,219.5,224.0,0.0205011389521641,True,,official_unadjusted_ohlcv_twse_stock_day,official_unadjusted_ohlcv_twse_stock_day,TWSE_STOCK_DAY,TWSE_STOCK_DAY,False,unadjusted_ohlcv; adjusted_close_blocked_not_fabricated,True,False,False,False,False,False,False,False,True,False,1000000,4555.0,999822.5,1020320.0,1425.0,4515.0,5940.0,0.01453936214572321,applied_local_ep05_cost_model_to_unadjusted_ohlc_unit_notional,1368
2023-06-09,2023-06-09,2023-06-16,3515,華擎,TWSE,conservative_hurdle_route,regime_switch_hybrid_route,ordinary_defensive_00631L_base,rs20_top3_risk_tiebreak,same_week_close_to_next_rebalance_close_comparator,unadjusted_close,unadjusted_close,187.5,201.0,217.5,201.0,217.5,0.08208955223880587,True,,official_unadjusted_ohlcv_twse_stock_day,official_unadjusted_ohlcv_twse_stock_day,TWSE_STOCK_DAY,TWSE_STOCK_DAY,False,unadjusted_ohlcv; adjusted_close_blocked_not_fabricated,True,False,False,False,False,False,False,False,True,False,1000000,4975.0,999975.0,1082062.5,1425.0,4788.0,6213.0,0.07576842420611145,applied_local_ep05_cost_model_to_unadjusted_ohlc_unit_notional,1368
2023-06-09,2023-06-12,2023-06-19,3515,華擎,TWSE,conservative_hurdle_route,regime_switch_hybrid_route,ordinary_defensive_00631L_base,rs20_top3_risk_tiebreak,next_day_open_entry_fixed_5td_exit,unadjusted_open,unadjusted_close,202.5,219.5,224.0,202.5,224.0,0.10617283950617273,True,,official_unadjusted_ohlcv_twse_stock_day,official_unadjusted_ohlcv_twse_stock_day,TWSE_STOCK_DAY,TWSE_STOCK_DAY,False,unadjusted_ohlcv; adjusted_close_blocked_not_fabricated,True,False,False,False,False,False,False,False,True,False,1000000,4938.0,999945.0,1106112.0,1425.0,4894.0,6319.0,0.09971139538831801,applied_local_ep05_cost_model_to_unadjusted_ohlc_unit_notional,1368
2023-06-09,2023-06-12,2023-06-19,3515,華擎,TWSE,dispersion_route,regime_switch_hybrid_route,dispersion,rs20_top3_risk_tiebreak,next_day_close_entry_fixed_5td_exit,unadjusted_close,unadjusted_close,202.5,219.5,224.0,219.5,224.0,0.0205011389521641,True,,official_unadjusted_ohlcv_twse_stock_day,official_unadjusted_ohlcv_twse_stock_day,TWSE_STOCK_DAY,TWSE_STOCK_DAY,False,unadjusted_ohlcv; adjusted_close_blocked_not_fabricated,True,False,False,False,False,False,False,False,True,False,1000000,4555.0,999822.5,1020320.0,1425.0,4515.0,5940.0,0.01453936214572321,applied_local_ep05_cost_model_to_unadjusted_ohlc_unit_notional,1368
2023-06-09,2023-06-09,2023-06-16,3515,華擎,TWSE,dispersion_route,regime_switch_hybrid_route,dispersion,rs20_top3_risk_tiebreak,same_week_close_to_next_rebalance_close_comparator,unadjusted_close,unadjusted_close,187.5,201.0,217.5,201.0,217.5,0.08208955223880587,True,,official_unadjusted_ohlcv_twse_stock_day,official_unadjusted_ohlcv_twse_stock_day,TWSE_STOCK_DAY,TWSE_STOCK_DAY,False,unadjusted_ohlcv; adjusted_close_blocked_not_fabricated,True,False,False,False,False,False,False,False,True,False,1000000,4975.0,999975.0,1082062.5,1425.0,4788.0,6213.0,0.07576842420611145,applied_local_ep05_cost_model_to_unadjusted_ohlc_unit_notional,1368
2023-06-09,2023-06-12,2023-06-19,3515,華擎,TWSE,dispersion_route,regime_switch_hybrid_route,dispersion,rs20_top3_risk_tiebreak,next_day_open_entry_fixed_5td_exit,unadjusted_open,unadjusted_close,202.5,219.5,224.0,202.5,224.0,0.10617283950617273,True,,official_unadjusted_ohlcv_twse_stock_day,official_unadjusted_ohlcv_twse_stock_day,TWSE_STOCK_DAY,TWSE_STOCK_DAY,False,unadjusted_ohlcv; adjusted_close_blocked_not_fabricated,True,False,False,False,False,False,False,False,True,False,1000000,4938.0,999945.0,1106112.0,1425.0,4894.0,6319.0,0.09971139538831801,applied_local_ep05_cost_model_to_unadjusted_ohlc_unit_notional,1368
2023-06-09,2023-06-12,2023-06-19,3515,華擎,TWSE,hybrid_pullback_base_mega_override,regime_switch_hybrid_route,hybrid,rs20_top3_risk_tiebreak,next_day_close_entry_fixed_5td_exit,unadjusted_close,unadjusted_close,202.5,219.5,224.0,219.5,224.0,0.0205011389521641,True,,official_unadjusted_ohlcv_twse_stock_day,official_unadjusted_ohlcv_twse_stock_day,TWSE_STOCK_DAY,TWSE_STOCK_DAY,False,unadjusted_ohlcv; adjusted_close_blocked_not_fabricated,True,False,False,False,False,False,False,False,True,False,1000000,4555.0,999822.5,1020320.0,1425.0,4515.0,5940.0,0.01453936214572321,applied_local_ep05_cost_model_to_unadjusted_ohlc_unit_notional,1368
2023-06-09,2023-06-09,2023-06-16,3515,華擎,TWSE,hybrid_pullback_base_mega_override,regime_switch_hybrid_route,hybrid,rs20_top3_risk_tiebreak,same_week_close_to_next_rebalance_close_comparator,unadjusted_close,unadjusted_close,187.5,201.0,217.5,201.0,217.5,0.08208955223880587,True,,official_unadjusted_ohlcv_twse_stock_day,official_unadjusted_ohlcv_twse_stock_day,TWSE_STOCK_DAY,TWSE_STOCK_DAY,False,unadjusted_ohlcv; adjusted_close_blocked_not_fabricated,True,False,False,False,False,False,False,False,True,False,1000000,4975.0,999975.0,1082062.5,1425.0,4788.0,6213.0,0.07576842420611145,applied_local_ep05_cost_model_to_unadjusted_ohlc_unit_notional,1368
2023-06-09,2023-06-12,2023-06-19,3515,華擎,TWSE,hybrid_pullback_base_mega_override,regime_switch_hybrid_route,hybrid,rs20_top3_risk_tiebreak,next_day_open_entry_fixed_5td_exit,unadjusted_open,unadjusted_close,202.5,219.5,224.0,202.5,224.0,0.10617283950617273,True,,official_unadjusted_ohlcv_twse_stock_day,official_unadjusted_ohlcv_twse_stock_day,TWSE_STOCK_DAY,TWSE_STOCK_DAY,False,unadjusted_ohlcv; adjusted_close_blocked_not_fabricated,True,False,False,False,False,False,False,False,True,False,1000000,4938.0,999945.0,1106112.0,1425.0,4894.0,6319.0,0.09971139538831801,applied_local_ep05_cost_model_to_unadjusted_ohlc_unit_notional,1368
2023-06-09,2023-06-12,2023-06-19,3078,僑威,TPEx,market_bias_pool_trend_route,regime_switch_hybrid_route,mega_or_stock_route,stable_strength,next_day_close_entry_fixed_5td_exit,unadjusted_close,unadjusted_close,74.6,74.2,82.0,74.2,82.0,0.10512129380053903,True,,official_unadjusted_ohlcv_tpex_trading_stock,official_unadjusted_ohlcv_tpex_trading_stock,TPEX_TRADING_STOCK,TPEX_TRADING_STOCK,False,unadjusted_ohlcv; adjusted_close_blocked_not_fabricated,True,False,False,False,False,False,False,False,True,False,1000000,13477.0,999993.4,1105114.0,1425.0,4890.0,6315.0,0.09866565263829781,applied_local_ep05_cost_model_to_unadjusted_ohlc_unit_notional,1368
2023-06-09,2023-06-09,2023-06-16,3078,僑威,TPEx,market_bias_pool_trend_route,regime_switch_hybrid_route,mega_or_stock_route,stable_strength,same_week_close_to_next_rebalance_close_comparator,unadjusted_close,unadjusted_close,69.8,72.0,83.6,72.0,83.6,0.16111111111111098,True,,official_unadjusted_ohlcv_tpex_trading_stock,official_unadjusted_ohlcv_tpex_trading_stock,TPEX_TRADING_STOCK,TPEX_TRADING_STOCK,False,unadjusted_ohlcv; adjusted_close_blocked_not_fabricated,True,False,False,False,False,False,False,False,True,False,1000000,13888.0,999936.0,1161036.7999999998,1425.0,5137.0,6562.0,0.1543287585596002,applied_local_ep05_cost_model_to_unadjusted_ohlc_unit_notional,1368
2023-06-09,2023-06-12,2023-06-19,3078,僑威,TPEx,market_bias_pool_trend_route,regime_switch_hybrid_route,mega_or_stock_route,stable_strength,next_day_open_entry_fixed_5td_exit,unadjusted_open,unadjusted_close,74.6,74.2,82.0,74.6,82.0,0.09919571045576414,True,,official_unadjusted_ohlcv_tpex_trading_stock,official_unadjusted_ohlcv_tpex_trading_stock,TPEX_TRADING_STOCK,TPEX_TRADING_STOCK,False,unadjusted_ohlcv; adjusted_close_blocked_not_fabricated,True,False,False,False,False,False,False,False,True,False,1000000,13404.0,999938.3999999999,1099128.0,1425.0,4863.0,6288.0,0.09277511041446103,applied_local_ep05_cost_model_to_unadjusted_ohlc_unit_notional,1368
2023-06-09,2023-06-12,2023-06-19,3078,僑威,TPEx,pool_breadth_route,regime_switch_hybrid_route,mega_or_stock_route,stable_strength,next_day_close_entry_fixed_5td_exit,unadjusted_close,unadjusted_close,74.6,74.2,82.0,74.2,82.0,0.10512129380053903,True,,official_unadjusted_ohlcv_tpex_trading_stock,official_unadjusted_ohlcv_tpex_trading_stock,TPEX_TRADING_STOCK,TPEX_TRADING_STOCK,False,unadjusted_ohlcv; adjusted_close_blocked_not_fabricated,True,False,False,False,False,False,False,False,True,False,1000000,13477.0,999993.4,1105114.0,1425.0,4890.0,6315.0,0.09866565263829781,applied_local_ep05_cost_model_to_unadjusted_ohlc_unit_notional,1368
2023-06-09,2023-06-09,2023-06-16,3078,僑威,TPEx,pool_breadth_route,regime_switch_hybrid_route,mega_or_stock_route,stable_strength,same_week_close_to_next_rebalance_close_comparator,unadjusted_close,unadjusted_close,69.8,72.0,83.6,72.0,83.6,0.16111111111111098,True,,official_unadjusted_ohlcv_tpex_trading_stock,official_unadjusted_ohlcv_tpex_trading_stock,TPEX_TRADING_STOCK,TPEX_TRADING_STOCK,False,unadjusted_ohlcv; adjusted_close_blocked_not_fabricated,True,False,False,False,False,False,False,False,True,False,1000000,13888.0,999936.0,1161036.7999999998,1425.0,5137.0,6562.0,0.1543287585596002,applied_local_ep05_cost_model_to_unadjusted_ohlc_unit_notional,1368
2023-06-09,2023-06-12,2023-06-19,3078,僑威,TPEx,pool_breadth_route,regime_switch_hybrid_route,mega_or_stock_route,stable_strength,next_day_open_entry_fixed_5td_exit,unadjusted_open,unadjusted_close,74.6,74.2,82.0,74.6,82.0,0.09919571045576414,True,,official_unadjusted_ohlcv_tpex_trading_stock,official_unadjusted_ohlcv_tpex_trading_stock,TPEX_TRADING_STOCK,TPEX_TRADING_STOCK,False,unadjusted_ohlcv; adjusted_close_blocked_not_fabricated,True,False,False,False,False,False,False,False,True,False,1000000,13404.0,999938.3999999999,1099128.0,1425.0,4863.0,6288.0,0.09277511041446103,applied_local_ep05_cost_model_to_unadjusted_ohlc_unit_notional,1368
2023-06-16,2023-06-19,2023-06-28,6643,M31,TPEx,dynamic80_top1_rs20_31_bonus_proxy,legacy_rs20_operating_mode,mega_rs20,dynamic80_top1_rs20_31_bonus_proxy,next_day_close_entry_fixed_5td_exit,unadjusted_close,unadjusted_close,940.0,968.0,963.0,968.0,963.0,-0.005165289256198302,True,,official_unadjusted_ohlcv_tpex_trading_stock,official_unadjusted_ohlcv_tpex_trading_stock,TPEX_TRADING_STOCK,TPEX_TRADING_STOCK,False,unadjusted_ohlcv; adjusted_close_blocked_not_fabricated,True,False,False,False,False,False,False,False,True,False,1000000,1033.0,999944.0,994779.0,1425.0,4402.0,5827.0,-0.010976972524613804,applied_local_ep05_cost_model_to_unadjusted_ohlc_unit_notional,1368
2023-06-16,2023-06-16,2023-06-21,6643,M31,TPEx,dynamic80_top1_rs20_31_bonus_proxy,legacy_rs20_operating_mode,mega_rs20,dynamic80_top1_rs20_31_bonus_proxy,same_week_close_to_next_rebalance_close_comparator,unadjusted_close,unadjusted_close,920.0,929.0,957.0,929.0,957.0,0.030139935414424057,True,,official_unadjusted_ohlcv_tpex_trading_stock,official_unadjusted_ohlcv_tpex_trading_stock,TPEX_TRADING_STOCK,TPEX_TRADING_STOCK,False,unadjusted_ohlcv; adjusted_close_blocked_not_fabricated,True,False,False,False,False,False,False,False,True,False,1000000,1076.0,999604.0,1029732.0,1424.0,4556.0,5980.0,0.024123201349013215,applied_local_ep05_cost_model_to_unadjusted_ohlc_unit_notional,1368
2023-06-16,2023-06-19,2023-06-28,6643,M31,TPEx,dynamic80_top1_rs20_31_bonus_proxy,legacy_rs20_operating_mode,mega_rs20,dynamic80_top1_rs20_31_bonus_proxy,next_day_open_entry_fixed_5td_exit,unadjusted_open,unadjusted_close,940.0,968.0,963.0,940.0,963.0,0.024468085106382986,True,,official_unadjusted_ohlcv_tpex_trading_stock,official_unadjusted_ohlcv_tpex_trading_stock,TPEX_TRADING_STOCK,TPEX_TRADING_STOCK,False,unadjusted_ohlcv; adjusted_close_blocked_not_fabricated,True,False,False,False,False,False,False,False,True,False,1000000,1063.0,999220.0,1023669.0,1424.0,4530.0,5954.0,0.01848309688560567,applied_local_ep05_cost_model_to_unadjusted_ohlc_unit_notional,1368
2023-06-16,2023-06-19,2023-06-28,3131,弘塑,TPEx,dynamic80_top1_rs20_7core_context_proxy,legacy_rs20_operating_mode,mega_rs20,dynamic80_top1_rs20_7core_context_proxy,next_day_close_entry_fixed_5td_exit,unadjusted_close,unadjusted_close,548.0,553.0,493.5,553.0,493.5,-0.10759493670886078,True,,official_unadjusted_ohlcv_tpex_trading_stock,official_unadjusted_ohlcv_tpex_trading_stock,TPEX_TRADING_STOCK,TPEX_TRADING_STOCK,False,unadjusted_ohlcv; adjusted_close_blocked_not_fabricated,True,False,False,False,False,False,False,False,True,False,1000000,1808.0,999824.0,892248.0,1425.0,3948.0,5373.0,-0.11280810267975298,applied_local_ep05_cost_model_to_unadjusted_ohlc_unit_notional,1368
2023-06-16,2023-06-16,2023-06-21,3131,弘塑,TPEx,dynamic80_top1_rs20_7core_context_proxy,legacy_rs20_operating_mode,mega_rs20,dynamic80_top1_rs20_7core_context_proxy,same_week_close_to_next_rebalance_close_comparator,unadjusted_close,unadjusted_close,542.0,543.0,563.0,543.0,563.0,0.036832412523020164,True,,official_unadjusted_ohlcv_tpex_trading_stock,official_unadjusted_ohlcv_tpex_trading_stock,TPEX_TRADING_STOCK,TPEX_TRADING_STOCK,False,unadjusted_ohlcv; adjusted_close_blocked_not_fabricated,True,False,False,False,False,False,False,False,True,False,1000000,1841.0,999663.0,1036483.0,1425.0,4586.0,6011.0,0.030775516238332693,applied_local_ep05_cost_model_to_unadjusted_ohlc_unit_notional,1368
2023-06-16,2023-06-19,2023-06-28,3131,弘塑,TPEx,dynamic80_top1_rs20_7core_context_proxy,legacy_rs20_operating_mode,mega_rs20,dynamic80_top1_rs20_7core_context_proxy,next_day_open_entry_fixed_5td_exit,unadjusted_open,unadjusted_close,548.0,553.0,493.5,548.0,493.5,-0.09945255474452552,True,,official_unadjusted_ohlcv_tpex_trading_stock,official_unadjusted_ohlcv_tpex_trading_stock,TPEX_TRADING_STOCK,TPEX_TRADING_STOCK,False,unadjusted_ohlcv; adjusted_close_blocked_not_fabricated,True,False,False,False,False,False,False,False,True,False,1000000,1824.0,999552.0,900144.0,1424.0,3983.0,5407.0,-0.10471280030690047,applied_local_ep05_cost_model_to_unadjusted_ohlc_unit_notional,1368
2023-06-16,2023-06-19,2023-06-28,3131,弘塑,TPEx,dynamic80_top1_rs20_proxy,legacy_rs20_operating_mode,mega_rs20,dynamic80_top1_rs20_proxy,next_day_close_entry_fixed_5td_exit,unadjusted_close,unadjusted_close,548.0,553.0,493.5,553.0,493.5,-0.10759493670886078,True,,official_unadjusted_ohlcv_tpex_trading_stock,official_unadjusted_ohlcv_tpex_trading_stock,TPEX_TRADING_STOCK,TPEX_TRADING_STOCK,False,unadjusted_ohlcv; adjusted_close_blocked_not_fabricated,True,False,False,False,False,False,False,False,True,False,1000000,1808.0,999824.0,892248.0,1425.0,3948.0,5373.0,-0.11280810267975298,applied_local_ep05_cost_model_to_unadjusted_ohlc_unit_notional,1368
2023-06-16,2023-06-16,2023-06-21,3131,弘塑,TPEx,dynamic80_top1_rs20_proxy,legacy_rs20_operating_mode,mega_rs20,dynamic80_top1_rs20_proxy,same_week_close_to_next_rebalance_close_comparator,unadjusted_close,unadjusted_close,542.0,543.0,563.0,543.0,563.0,0.036832412523020164,True,,official_unadjusted_ohlcv_tpex_trading_stock,official_unadjusted_ohlcv_tpex_trading_stock,TPEX_TRADING_STOCK,TPEX_TRADING_STOCK,False,unadjusted_ohlcv; adjusted_close_blocked_not_fabricated,True,False,False,False,False,False,False,False,True,False,1000000,1841.0,999663.0,1036483.0,1425.0,4586.0,6011.0,0.030775516238332693,applied_local_ep05_cost_model_to_unadjusted_ohlc_unit_notional,1368
2023-06-16,2023-06-19,2023-06-28,3131,弘塑,TPEx,dynamic80_top1_rs20_proxy,legacy_rs20_operating_mode,mega_rs20,dynamic80_top1_rs20_proxy,next_day_open_entry_fixed_5td_exit,unadjusted_open,unadjusted_close,548.0,553.0,493.5,548.0,493.5,-0.09945255474452552,True,,official_unadjusted_ohlcv_tpex_trading_stock,official_unadjusted_ohlcv_tpex_trading_stock,TPEX_TRADING_STOCK,TPEX_TRADING_STOCK,False,unadjusted_ohlcv; adjusted_close_blocked_not_fabricated,True,False,False,False,False,False,False,False,True,False,1000000,1824.0,999552.0,900144.0,1424.0,3983.0,5407.0,-0.10471280030690047,applied_local_ep05_cost_model_to_unadjusted_ohlc_unit_notional,1368
2023-06-16,2023-06-19,2023-06-28,6643,M31,TPEx,dynamic80_top3_rs20_risk_tiebreak_proxy,legacy_rs20_operating_mode,mega_rs20,dynamic80_top3_rs20_risk_tiebreak_proxy,next_day_close_entry_fixed_5td_exit,unadjusted_close,unadjusted_close,940.0,968.0,963.0,968.0,963.0,-0.005165289256198302,True,,official_unadjusted_ohlcv_tpex_trading_stock,official_unadjusted_ohlcv_tpex_trading_stock,TPEX_TRADING_STOCK,TPEX_TRADING_STOCK,False,unadjusted_ohlcv; adjusted_close_blocked_not_fabricated,True,False,False,False,False,False,False,False,True,False,1000000,1033.0,999944.0,994779.0,1425.0,4402.0,5827.0,-0.010976972524613804,applied_local_ep05_cost_model_to_unadjusted_ohlc_unit_notional,1368
2023-06-16,2023-06-16,2023-06-21,6643,M31,TPEx,dynamic80_top3_rs20_risk_tiebreak_proxy,legacy_rs20_operating_mode,mega_rs20,dynamic80_top3_rs20_risk_tiebreak_proxy,same_week_close_to_next_rebalance_close_comparator,unadjusted_close,unadjusted_close,920.0,929.0,957.0,929.0,957.0,0.030139935414424057,True,,official_unadjusted_ohlcv_tpex_trading_stock,official_unadjusted_ohlcv_tpex_trading_stock,TPEX_TRADING_STOCK,TPEX_TRADING_STOCK,False,unadjusted_ohlcv; adjusted_close_blocked_not_fabricated,True,False,False,False,False,False,False,False,True,False,1000000,1076.0,999604.0,1029732.0,1424.0,4556.0,5980.0,0.024123201349013215,applied_local_ep05_cost_model_to_unadjusted_ohlc_unit_notional,1368
2023-06-16,2023-06-19,2023-06-28,6643,M31,TPEx,dynamic80_top3_rs20_risk_tiebreak_proxy,legacy_rs20_operating_mode,mega_rs20,dynamic80_top3_rs20_risk_tiebreak_proxy,next_day_open_entry_fixed_5td_exit,unadjusted_open,unadjusted_close,940.0,968.0,963.0,940.0,963.0,0.024468085106382986,True,,official_unadjusted_ohlcv_tpex_trading_stock,official_unadjusted_ohlcv_tpex_trading_stock,TPEX_TRADING_STOCK,TPEX_TRADING_STOCK,False,unadjusted_ohlcv; adjusted_close_blocked_not_fabricated,True,False,False,False,False,False,False,False,True,False,1000000,1063.0,999220.0,1023669.0,1424.0,4530.0,5954.0,0.01848309688560567,applied_local_ep05_cost_model_to_unadjusted_ohlc_unit_notional,1368
2023-06-16,2023-06-19,2023-06-28,6643,M31,TPEx,conservative_hurdle_route,regime_switch_hybrid_route,ordinary_defensive_00631L_base,rs20_top3_risk_tiebreak,next_day_close_entry_fixed_5td_exit,unadjusted_close,unadjusted_close,940.0,968.0,963.0,968.0,963.0,-0.005165289256198302,True,,official_unadjusted_ohlcv_tpex_trading_stock,official_unadjusted_ohlcv_tpex_trading_stock,TPEX_TRADING_STOCK,TPEX_TRADING_STOCK,False,unadjusted_ohlcv; adjusted_close_blocked_not_fabricated,True,False,False,False,False,False,False,False,True,False,1000000,1033.0,999944.0,994779.0,1425.0,4402.0,5827.0,-0.010976972524613804,applied_local_ep05_cost_model_to_unadjusted_ohlc_unit_notional,1368
2023-06-16,2023-06-16,2023-06-21,6643,M31,TPEx,conservative_hurdle_route,regime_switch_hybrid_route,ordinary_defensive_00631L_base,rs20_top3_risk_tiebreak,same_week_close_to_next_rebalance_close_comparator,unadjusted_close,unadjusted_close,920.0,929.0,957.0,929.0,957.0,0.030139935414424057,True,,official_unadjusted_ohlcv_tpex_trading_stock,official_unadjusted_ohlcv_tpex_trading_stock,TPEX_TRADING_STOCK,TPEX_TRADING_STOCK,False,unadjusted_ohlcv; adjusted_close_blocked_not_fabricated,True,False,False,False,False,False,False,False,True,False,1000000,1076.0,999604.0,1029732.0,1424.0,4556.0,5980.0,0.024123201349013215,applied_local_ep05_cost_model_to_unadjusted_ohlc_unit_notional,1368
2023-06-16,2023-06-19,2023-06-28,6643,M31,TPEx,conservative_hurdle_route,regime_switch_hybrid_route,ordinary_defensive_00631L_base,rs20_top3_risk_tiebreak,next_day_open_entry_fixed_5td_exit,unadjusted_open,unadjusted_close,940.0,968.0,963.0,940.0,963.0,0.024468085106382986,True,,official_unadjusted_ohlcv_tpex_trading_stock,official_unadjusted_ohlcv_tpex_trading_stock,TPEX_TRADING_STOCK,TPEX_TRADING_STOCK,False,unadjusted_ohlcv; adjusted_close_blocked_not_fabricated,True,False,False,False,False,False,False,False,True,False,1000000,1063.0,999220.0,1023669.0,1424.0,4530.0,5954.0,0.01848309688560567,applied_local_ep05_cost_model_to_unadjusted_ohlc_unit_notional,1368
2023-06-16,2023-06-19,2023-06-28,6643,M31,TPEx,dispersion_route,regime_switch_hybrid_route,dispersion,rs20_top3_risk_tiebreak,next_day_close_entry_fixed_5td_exit,unadjusted_close,unadjusted_close,940.0,968.0,963.0,968.0,963.0,-0.005165289256198302,True,,official_unadjusted_ohlcv_tpex_trading_stock,official_unadjusted_ohlcv_tpex_trading_stock,TPEX_TRADING_STOCK,TPEX_TRADING_STOCK,False,unadjusted_ohlcv; adjusted_close_blocked_not_fabricated,True,False,False,False,False,False,False,False,True,False,1000000,1033.0,999944.0,994779.0,1425.0,4402.0,5827.0,-0.010976972524613804,applied_local_ep05_cost_model_to_unadjusted_ohlc_unit_notional,1368
2023-06-16,2023-06-16,2023-06-21,6643,M31,TPEx,dispersion_route,regime_switch_hybrid_route,dispersion,rs20_top3_risk_tiebreak,same_week_close_to_next_rebalance_close_comparator,unadjusted_close,unadjusted_close,920.0,929.0,957.0,929.0,957.0,0.030139935414424057,True,,official_unadjusted_ohlcv_tpex_trading_stock,official_unadjusted_ohlcv_tpex_trading_stock,TPEX_TRADING_STOCK,TPEX_TRADING_STOCK,False,unadjusted_ohlcv; adjusted_close_blocked_not_fabricated,True,False,False,False,False,False,False,False,True,False,1000000,1076.0,999604.0,1029732.0,1424.0,4556.0,5980.0,0.024123201349013215,applied_local_ep05_cost_model_to_unadjusted_ohlc_unit_notional,1368
2023-06-16,2023-06-19,2023-06-28,6643,M31,TPEx,dispersion_route,regime_switch_hybrid_route,dispersion,rs20_top3_risk_tiebreak,next_day_open_entry_fixed_5td_exit,unadjusted_open,unadjusted_close,940.0,968.0,963.0,940.0,963.0,0.024468085106382986,True,,official_unadjusted_ohlcv_tpex_trading_stock,official_unadjusted_ohlcv_tpex_trading_stock,TPEX_TRADING_STOCK,TPEX_TRADING_STOCK,False,unadjusted_ohlcv; adjusted_close_blocked_not_fabricated,True,False,False,False,False,False,False,False,True,False,1000000,1063.0,999220.0,1023669.0,1424.0,4530.0,5954.0,0.01848309688560567,applied_local_ep05_cost_model_to_unadjusted_ohlc_unit_notional,1368
2023-06-16,2023-06-19,2023-06-28,6643,M31,TPEx,hybrid_pullback_base_mega_override,regime_switch_hybrid_route,hybrid,rs20_top3_risk_tiebreak,next_day_close_entry_fixed_5td_exit,unadjusted_close,unadjusted_close,940.0,968.0,963.0,968.0,963.0,-0.005165289256198302,True,,official_unadjusted_ohlcv_tpex_trading_stock,official_unadjusted_ohlcv_tpex_trading_stock,TPEX_TRADING_STOCK,TPEX_TRADING_STOCK,False,unadjusted_ohlcv; adjusted_close_blocked_not_fabricated,True,False,False,False,False,False,False,False,True,False,1000000,1033.0,999944.0,994779.0,1425.0,4402.0,5827.0,-0.010976972524613804,applied_local_ep05_cost_model_to_unadjusted_ohlc_unit_notional,1368
2023-06-16,2023-06-16,2023-06-21,6643,M31,TPEx,hybrid_pullback_base_mega_override,regime_switch_hybrid_route,hybrid,rs20_top3_risk_tiebreak,same_week_close_to_next_rebalance_close_comparator,unadjusted_close,unadjusted_close,920.0,929.0,957.0,929.0,957.0,0.030139935414424057,True,,official_unadjusted_ohlcv_tpex_trading_stock,official_unadjusted_ohlcv_tpex_trading_stock,TPEX_TRADING_STOCK,TPEX_TRADING_STOCK,False,unadjusted_ohlcv; adjusted_close_blocked_not_fabricated,True,False,False,False,False,False,False,False,True,False,1000000,1076.0,999604.0,1029732.0,1424.0,4556.0,5980.0,0.024123201349013215,applied_local_ep05_cost_model_to_unadjusted_ohlc_unit_notional,1368
2023-06-16,2023-06-19,2023-06-28,6643,M31,TPEx,hybrid_pullback_base_mega_override,regime_switch_hybrid_route,hybrid,rs20_top3_risk_tiebreak,next_day_open_entry_fixed_5td_exit,unadjusted_open,unadjusted_close,940.0,968.0,963.0,940.0,963.0,0.024468085106382986,True,,official_unadjusted_ohlcv_tpex_trading_stock,official_unadjusted_ohlcv_tpex_trading_stock,TPEX_TRADING_STOCK,TPEX_TRADING_STOCK,False,unadjusted_ohlcv; adjusted_close_blocked_not_fabricated,True,False,False,False,False,False,False,False,True,False,1000000,1063.0,999220.0,1023669.0,1424.0,4530.0,5954.0,0.01848309688560567,applied_local_ep05_cost_model_to_unadjusted_ohlc_unit_notional,1368
2023-06-16,2023-06-19,2023-06-28,3131,弘塑,TPEx,market_bias_pool_trend_route,regime_switch_hybrid_route,mega_or_stock_route,stable_strength,next_day_close_entry_fixed_5td_exit,unadjusted_close,unadjusted_close,548.0,553.0,493.5,553.0,493.5,-0.10759493670886078,True,,official_unadjusted_ohlcv_tpex_trading_stock,official_unadjusted_ohlcv_tpex_trading_stock,TPEX_TRADING_STOCK,TPEX_TRADING_STOCK,False,unadjusted_ohlcv; adjusted_close_blocked_not_fabricated,True,False,False,False,False,False,False,False,True,False,1000000,1808.0,999824.0,892248.0,1425.0,3948.0,5373.0,-0.11280810267975298,applied_local_ep05_cost_model_to_unadjusted_ohlc_unit_notional,1368
2023-06-16,2023-06-16,2023-06-21,3131,弘塑,TPEx,market_bias_pool_trend_route,regime_switch_hybrid_route,mega_or_stock_route,stable_strength,same_week_close_to_next_rebalance_close_comparator,unadjusted_close,unadjusted_close,542.0,543.0,563.0,543.0,563.0,0.036832412523020164,True,,official_unadjusted_ohlcv_tpex_trading_stock,official_unadjusted_ohlcv_tpex_trading_stock,TPEX_TRADING_STOCK,TPEX_TRADING_STOCK,False,unadjusted_ohlcv; adjusted_close_blocked_not_fabricated,True,False,False,False,False,False,False,False,True,False,1000000,1841.0,999663.0,1036483.0,1425.0,4586.0,6011.0,0.030775516238332693,applied_local_ep05_cost_model_to_unadjusted_ohlc_unit_notional,1368
2023-06-16,2023-06-19,2023-06-28,3131,弘塑,TPEx,market_bias_pool_trend_route,regime_switch_hybrid_route,mega_or_stock_route,stable_strength,next_day_open_entry_fixed_5td_exit,unadjusted_open,unadjusted_close,548.0,553.0,493.5,548.0,493.5,-0.09945255474452552,True,,official_unadjusted_ohlcv_tpex_trading_stock,official_unadjusted_ohlcv_tpex_trading_stock,TPEX_TRADING_STOCK,TPEX_TRADING_STOCK,False,unadjusted_ohlcv; adjusted_close_blocked_not_fabricated,True,False,False,False,False,False,False,False,True,False,1000000,1824.0,999552.0,900144.0,1424.0,3983.0,5407.0,-0.10471280030690047,applied_local_ep05_cost_model_to_unadjusted_ohlc_unit_notional,1368
2023-06-16,2023-06-19,2023-06-28,3131,弘塑,TPEx,pool_breadth_route,regime_switch_hybrid_route,mega_or_stock_route,stable_strength,next_day_close_entry_fixed_5td_exit,unadjusted_close,unadjusted_close,548.0,553.0,493.5,553.0,493.5,-0.10759493670886078,True,,official_unadjusted_ohlcv_tpex_trading_stock,official_unadjusted_ohlcv_tpex_trading_stock,TPEX_TRADING_STOCK,TPEX_TRADING_STOCK,False,unadjusted_ohlcv; adjusted_close_blocked_not_fabricated,True,False,False,False,False,False,False,False,True,False,1000000,1808.0,999824.0,892248.0,1425.0,3948.0,5373.0,-0.11280810267975298,applied_local_ep05_cost_model_to_unadjusted_ohlc_unit_notional,1368
2023-06-16,2023-06-16,2023-06-21,3131,弘塑,TPEx,pool_breadth_route,regime_switch_hybrid_route,mega_or_stock_route,stable_strength,same_week_close_to_next_rebalance_close_comparator,unadjusted_close,unadjusted_close,542.0,543.0,563.0,543.0,563.0,0.036832412523020164,True,,official_unadjusted_ohlcv_tpex_trading_stock,official_unadjusted_ohlcv_tpex_trading_stock,TPEX_TRADING_STOCK,TPEX_TRADING_STOCK,False,unadjusted_ohlcv; adjusted_close_blocked_not_fabricated,True,False,False,False,False,False,False,False,True,False,1000000,1841.0,999663.0,1036483.0,1425.0,4586.0,6011.0,0.030775516238332693,applied_local_ep05_cost_model_to_unadjusted_ohlc_unit_notional,1368
2023-06-16,2023-06-19,2023-06-28,3131,弘塑,TPEx,pool_breadth_route,regime_switch_hybrid_route,mega_or_stock_route,stable_strength,next_day_open_entry_fixed_5td_exit,unadjusted_open,unadjusted_close,548.0,553.0,493.5,548.0,493.5,-0.09945255474452552,True,,official_unadjusted_ohlcv_tpex_trading_stock,official_unadjusted_ohlcv_tpex_trading_stock,TPEX_TRADING_STOCK,TPEX_TRADING_STOCK,False,unadjusted_ohlcv; adjusted_close_blocked_not_fabricated,True,False,False,False,False,False,False,False,True,False,1000000,1824.0,999552.0,900144.0,1424.0,3983.0,5407.0,-0.10471280030690047,applied_local_ep05_cost_model_to_unadjusted_ohlc_unit_notional,1368
2023-06-21,2023-06-26,2023-07-03,6125,廣運,TPEx,dynamic80_top1_rs20_31_bonus_proxy,legacy_rs20_operating_mode,mega_rs20,dynamic80_top1_rs20_31_bonus_proxy,next_day_close_entry_fixed_5td_exit,unadjusted_close,unadjusted_close,64.3,65.3,75.6,65.3,75.6,0.15773353751914243,True,,official_unadjusted_ohlcv_tpex_trading_stock,official_unadjusted_ohlcv_tpex_trading_stock,TPEX_TRADING_STOCK,TPEX_TRADING_STOCK,False,unadjusted_ohlcv; adjusted_close_blocked_not_fabricated,True,False,False,False,False,False,False,False,True,False,1000000,15313.0,999938.8999999999,1157662.7999999998,1425.0,5123.0,6548.0,0.15096999202787312,applied_local_ep05_cost_model_to_unadjusted_ohlc_unit_notional,1368
2023-06-21,2023-06-21,2023-06-30,6125,廣運,TPEx,dynamic80_top1_rs20_31_bonus_proxy,legacy_rs20_operating_mode,mega_rs20,dynamic80_top1_rs20_31_bonus_proxy,same_week_close_to_next_rebalance_close_comparator,unadjusted_close,unadjusted_close,63.5,63.5,68.8,63.5,68.8,0.08346456692913384,True,,official_unadjusted_ohlcv_tpex_trading_stock,official_unadjusted_ohlcv_tpex_trading_stock,TPEX_TRADING_STOCK,TPEX_TRADING_STOCK,False,unadjusted_ohlcv; adjusted_close_blocked_not_fabricated,True,False,False,False,False,False,False,False,True,False,1000000,15748.0,999998.0,1083462.4,1425.0,4794.0,6219.0,0.07713563598998616,applied_local_ep05_cost_model_to_unadjusted_ohlc_unit_notional,1368
2023-06-21,2023-06-26,2023-07-03,6125,廣運,TPEx,dynamic80_top1_rs20_31_bonus_proxy,legacy_rs20_operating_mode,mega_rs20,dynamic80_top1_rs20_31_bonus_proxy,next_day_open_entry_fixed_5td_exit,unadjusted_open,unadjusted_close,64.3,65.3,75.6,64.3,75.6,0.17573872472783814,True,,official_unadjusted_ohlcv_tpex_trading_stock,official_unadjusted_ohlcv_tpex_trading_stock,TPEX_TRADING_STOCK,TPEX_TRADING_STOCK,False,unadjusted_ohlcv; adjusted_close_blocked_not_fabricated,True,False,False,False,False,False,False,False,True,False,1000000,15552.0,999993.6,1175731.2,1425.0,5202.0,6627.0,0.16887103954330385,applied_local_ep05_cost_model_to_unadjusted_ohlc_unit_notional,1368
2023-06-21,2023-06-26,2023-07-03,6125,廣運,TPEx,dynamic80_top1_rs20_7core_context_proxy,legacy_rs20_operating_mode,mega_rs20,dynamic80_top1_rs20_7core_context_proxy,next_day_close_entry_fixed_5td_exit,unadjusted_close,unadjusted_close,64.3,65.3,75.6,65.3,75.6,0.15773353751914243,True,,official_unadjusted_ohlcv_tpex_trading_stock,official_unadjusted_ohlcv_tpex_trading_stock,TPEX_TRADING_STOCK,TPEX_TRADING_STOCK,False,unadjusted_ohlcv; adjusted_close_blocked_not_fabricated,True,False,False,False,False,False,False,False,True,False,1000000,15313.0,999938.8999999999,1157662.7999999998,1425.0,5123.0,6548.0,0.15096999202787312,applied_local_ep05_cost_model_to_unadjusted_ohlc_unit_notional,1368
2023-06-21,2023-06-21,2023-06-30,6125,廣運,TPEx,dynamic80_top1_rs20_7core_context_proxy,legacy_rs20_operating_mode,mega_rs20,dynamic80_top1_rs20_7core_context_proxy,same_week_close_to_next_rebalance_close_comparator,unadjusted_close,unadjusted_close,63.5,63.5,68.8,63.5,68.8,0.08346456692913384,True,,official_unadjusted_ohlcv_tpex_trading_stock,official_unadjusted_ohlcv_tpex_trading_stock,TPEX_TRADING_STOCK,TPEX_TRADING_STOCK,False,unadjusted_ohlcv; adjusted_close_blocked_not_fabricated,True,False,False,False,False,False,False,False,True,False,1000000,15748.0,999998.0,1083462.4,1425.0,4794.0,6219.0,0.07713563598998616,applied_local_ep05_cost_model_to_unadjusted_ohlc_unit_notional,1368
2023-06-21,2023-06-26,2023-07-03,6125,廣運,TPEx,dynamic80_top1_rs20_7core_context_proxy,legacy_rs20_operating_mode,mega_rs20,dynamic80_top1_rs20_7core_context_proxy,next_day_open_entry_fixed_5td_exit,unadjusted_open,unadjusted_close,64.3,65.3,75.6,64.3,75.6,0.17573872472783814,True,,official_unadjusted_ohlcv_tpex_trading_stock,official_unadjusted_ohlcv_tpex_trading_stock,TPEX_TRADING_STOCK,TPEX_TRADING_STOCK,False,unadjusted_ohlcv; adjusted_close_blocked_not_fabricated,True,False,False,False,False,False,False,False,True,False,1000000,15552.0,999993.6,1175731.2,1425.0,5202.0,6627.0,0.16887103954330385,applied_local_ep05_cost_model_to_unadjusted_ohlc_unit_notional,1368
2023-06-21,2023-06-26,2023-07-03,6125,廣運,TPEx,dynamic80_top1_rs20_proxy,legacy_rs20_operating_mode,mega_rs20,dynamic80_top1_rs20_proxy,next_day_close_entry_fixed_5td_exit,unadjusted_close,unadjusted_close,64.3,65.3,75.6,65.3,75.6,0.15773353751914243,True,,official_unadjusted_ohlcv_tpex_trading_stock,official_unadjusted_ohlcv_tpex_trading_stock,TPEX_TRADING_STOCK,TPEX_TRADING_STOCK,False,unadjusted_ohlcv; adjusted_close_blocked_not_fabricated,True,False,False,False,False,False,False,False,True,False,1000000,15313.0,999938.8999999999,1157662.7999999998,1425.0,5123.0,6548.0,0.15096999202787312,applied_local_ep05_cost_model_to_unadjusted_ohlc_unit_notional,1368
2023-06-21,2023-06-21,2023-06-30,6125,廣運,TPEx,dynamic80_top1_rs20_proxy,legacy_rs20_operating_mode,mega_rs20,dynamic80_top1_rs20_proxy,same_week_close_to_next_rebalance_close_comparator,unadjusted_close,unadjusted_close,63.5,63.5,68.8,63.5,68.8,0.08346456692913384,True,,official_unadjusted_ohlcv_tpex_trading_stock,official_unadjusted_ohlcv_tpex_trading_stock,TPEX_TRADING_STOCK,TPEX_TRADING_STOCK,False,unadjusted_ohlcv; adjusted_close_blocked_not_fabricated,True,False,False,False,False,False,False,False,True,False,1000000,15748.0,999998.0,1083462.4,1425.0,4794.0,6219.0,0.07713563598998616,applied_local_ep05_cost_model_to_unadjusted_ohlc_unit_notional,1368
2023-06-21,2023-06-26,2023-07-03,6125,廣運,TPEx,dynamic80_top1_rs20_proxy,legacy_rs20_operating_mode,mega_rs20,dynamic80_top1_rs20_proxy,next_day_open_entry_fixed_5td_exit,unadjusted_open,unadjusted_close,64.3,65.3,75.6,64.3,75.6,0.17573872472783814,True,,official_unadjusted_ohlcv_tpex_trading_stock,official_unadjusted_ohlcv_tpex_trading_stock,TPEX_TRADING_STOCK,TPEX_TRADING_STOCK,False,unadjusted_ohlcv; adjusted_close_blocked_not_fabricated,True,False,False,False,False,False,False,False,True,False,1000000,15552.0,999993.6,1175731.2,1425.0,5202.0,6627.0,0.16887103954330385,applied_local_ep05_cost_model_to_unadjusted_ohlc_unit_notional,1368
2023-06-21,2023-06-26,2023-07-03,6125,廣運,TPEx,dynamic80_top3_rs20_risk_tiebreak_proxy,legacy_rs20_operating_mode,mega_rs20,dynamic80_top3_rs20_risk_tiebreak_proxy,next_day_close_entry_fixed_5td_exit,unadjusted_close,unadjusted_close,64.3,65.3,75.6,65.3,75.6,0.15773353751914243,True,,official_unadjusted_ohlcv_tpex_trading_stock,official_unadjusted_ohlcv_tpex_trading_stock,TPEX_TRADING_STOCK,TPEX_TRADING_STOCK,False,unadjusted_ohlcv; adjusted_close_blocked_not_fabricated,True,False,False,False,False,False,False,False,True,False,1000000,15313.0,999938.8999999999,1157662.7999999998,1425.0,5123.0,6548.0,0.15096999202787312,applied_local_ep05_cost_model_to_unadjusted_ohlc_unit_notional,1368
2023-06-21,2023-06-21,2023-06-30,6125,廣運,TPEx,dynamic80_top3_rs20_risk_tiebreak_proxy,legacy_rs20_operating_mode,mega_rs20,dynamic80_top3_rs20_risk_tiebreak_proxy,same_week_close_to_next_rebalance_close_comparator,unadjusted_close,unadjusted_close,63.5,63.5,68.8,63.5,68.8,0.08346456692913384,True,,official_unadjusted_ohlcv_tpex_trading_stock,official_unadjusted_ohlcv_tpex_trading_stock,TPEX_TRADING_STOCK,TPEX_TRADING_STOCK,False,unadjusted_ohlcv; adjusted_close_blocked_not_fabricated,True,False,False,False,False,False,False,False,True,False,1000000,15748.0,999998.0,1083462.4,1425.0,4794.0,6219.0,0.07713563598998616,applied_local_ep05_cost_model_to_unadjusted_ohlc_unit_notional,1368
2023-06-21,2023-06-26,2023-07-03,6125,廣運,TPEx,dynamic80_top3_rs20_risk_tiebreak_proxy,legacy_rs20_operating_mode,mega_rs20,dynamic80_top3_rs20_risk_tiebreak_proxy,next_day_open_entry_fixed_5td_exit,unadjusted_open,unadjusted_close,64.3,65.3,75.6,64.3,75.6,0.17573872472783814,True,,official_unadjusted_ohlcv_tpex_trading_stock,official_unadjusted_ohlcv_tpex_trading_stock,TPEX_TRADING_STOCK,TPEX_TRADING_STOCK,False,unadjusted_ohlcv; adjusted_close_blocked_not_fabricated,True,False,False,False,False,False,False,False,True,False,1000000,15552.0,999993.6,1175731.2,1425.0,5202.0,6627.0,0.16887103954330385,applied_local_ep05_cost_model_to_unadjusted_ohlc_unit_notional,1368
2023-06-21,2023-06-26,2023-07-03,3583,辛耘,TWSE,conservative_hurdle_route,regime_switch_hybrid_route,ordinary_defensive_00631L_base,rs20_top3_risk_tiebreak,next_day_close_entry_fixed_5td_exit,unadjusted_close,unadjusted_close,157.0,155.0,154.5,155.0,154.5,-0.003225806451612856,True,,official_unadjusted_ohlcv_twse_stock_day,official_unadjusted_ohlcv_twse_stock_day,TWSE_STOCK_DAY,TWSE_STOCK_DAY,False,unadjusted_ohlcv; adjusted_close_blocked_not_fabricated,True,False,False,False,False,False,False,False,True,False,1000000,6451.0,999905.0,996679.5,1425.0,4410.0,5835.0,-0.009048465540830695,applied_local_ep05_cost_model_to_unadjusted_ohlc_unit_notional,1368
2023-06-21,2023-06-21,2023-06-30,3583,辛耘,TWSE,conservative_hurdle_route,regime_switch_hybrid_route,ordinary_defensive_00631L_base,rs20_top3_risk_tiebreak,same_week_close_to_next_rebalance_close_comparator,unadjusted_close,unadjusted_close,157.0,158.0,154.0,158.0,154.0,-0.025316455696202556,True,,official_unadjusted_ohlcv_twse_stock_day,official_unadjusted_ohlcv_twse_stock_day,TWSE_STOCK_DAY,TWSE_STOCK_DAY,False,unadjusted_ohlcv; adjusted_close_blocked_not_fabricated,True,False,False,False,False,False,False,False,True,False,1000000,6329.0,999982.0,974666.0,1425.0,4313.0,5738.0,-0.031010368411644815,applied_local_ep05_cost_model_to_unadjusted_ohlc_unit_notional,1368
2023-06-21,2023-06-26,2023-07-03,3583,辛耘,TWSE,conservative_hurdle_route,regime_switch_hybrid_route,ordinary_defensive_00631L_base,rs20_top3_risk_tiebreak,next_day_open_entry_fixed_5td_exit,unadjusted_open,unadjusted_close,157.0,155.0,154.5,157.0,154.5,-0.015923566878980888,True,,official_unadjusted_ohlcv_twse_stock_day,official_unadjusted_ohlcv_twse_stock_day,TWSE_STOCK_DAY,TWSE_STOCK_DAY,False,unadjusted_ohlcv; adjusted_close_blocked_not_fabricated,True,False,False,False,False,False,False,False,True,False,1000000,6369.0,999933.0,984010.5,1425.0,4354.0,5779.0,-0.021672069329850063,applied_local_ep05_cost_model_to_unadjusted_ohlc_unit_notional,1368
2023-06-21,2023-06-26,2023-07-03,3583,辛耘,TWSE,dispersion_route,regime_switch_hybrid_route,dispersion,rs20_top3_risk_tiebreak,next_day_close_entry_fixed_5td_exit,unadjusted_close,unadjusted_close,157.0,155.0,154.5,155.0,154.5,-0.003225806451612856,True,,official_unadjusted_ohlcv_twse_stock_day,official_unadjusted_ohlcv_twse_stock_day,TWSE_STOCK_DAY,TWSE_STOCK_DAY,False,unadjusted_ohlcv; adjusted_close_blocked_not_fabricated,True,False,False,False,False,False,False,False,True,False,1000000,6451.0,999905.0,996679.5,1425.0,4410.0,5835.0,-0.009048465540830695,applied_local_ep05_cost_model_to_unadjusted_ohlc_unit_notional,1368
2023-06-21,2023-06-21,2023-06-30,3583,辛耘,TWSE,dispersion_route,regime_switch_hybrid_route,dispersion,rs20_top3_risk_tiebreak,same_week_close_to_next_rebalance_close_comparator,unadjusted_close,unadjusted_close,157.0,158.0,154.0,158.0,154.0,-0.025316455696202556,True,,official_unadjusted_ohlcv_twse_stock_day,official_unadjusted_ohlcv_twse_stock_day,TWSE_STOCK_DAY,TWSE_STOCK_DAY,False,unadjusted_ohlcv; adjusted_close_blocked_not_fabricated,True,False,False,False,False,False,False,False,True,False,1000000,6329.0,999982.0,974666.0,1425.0,4313.0,5738.0,-0.031010368411644815,applied_local_ep05_cost_model_to_unadjusted_ohlc_unit_notional,1368
2023-06-21,2023-06-26,2023-07-03,3583,辛耘,TWSE,dispersion_route,regime_switch_hybrid_route,dispersion,rs20_top3_risk_tiebreak,next_day_open_entry_fixed_5td_exit,unadjusted_open,unadjusted_close,157.0,155.0,154.5,157.0,154.5,-0.015923566878980888,True,,official_unadjusted_ohlcv_twse_stock_day,official_unadjusted_ohlcv_twse_stock_day,TWSE_STOCK_DAY,TWSE_STOCK_DAY,False,unadjusted_ohlcv; adjusted_close_blocked_not_fabricated,True,False,False,False,False,False,False,False,True,False,1000000,6369.0,999933.0,984010.5,1425.0,4354.0,5779.0,-0.021672069329850063,applied_local_ep05_cost_model_to_unadjusted_ohlc_unit_notional,1368
2023-06-21,2023-06-26,2023-07-03,3583,辛耘,TWSE,hybrid_pullback_base_mega_override,regime_switch_hybrid_route,hybrid,rs20_top3_risk_tiebreak,next_day_close_entry_fixed_5td_exit,unadjusted_close,unadjusted_close,157.0,155.0,154.5,155.0,154.5,-0.003225806451612856,True,,official_unadjusted_ohlcv_twse_stock_day,official_unadjusted_ohlcv_twse_stock_day,TWSE_STOCK_DAY,TWSE_STOCK_DAY,False,unadjusted_ohlcv; adjusted_close_blocked_not_fabricated,True,False,False,False,False,False,False,False,True,False,1000000,6451.0,999905.0,996679.5,1425.0,4410.0,5835.0,-0.009048465540830695,applied_local_ep05_cost_model_to_unadjusted_ohlc_unit_notional,1368
2023-06-21,2023-06-21,2023-06-30,3583,辛耘,TWSE,hybrid_pullback_base_mega_override,regime_switch_hybrid_route,hybrid,rs20_top3_risk_tiebreak,same_week_close_to_next_rebalance_close_comparator,unadjusted_close,unadjusted_close,157.0,158.0,154.0,158.0,154.0,-0.025316455696202556,True,,official_unadjusted_ohlcv_twse_stock_day,official_unadjusted_ohlcv_twse_stock_day,TWSE_STOCK_DAY,TWSE_STOCK_DAY,False,unadjusted_ohlcv; adjusted_close_blocked_not_fabricated,True,False,False,False,False,False,False,False,True,False,1000000,6329.0,999982.0,974666.0,1425.0,4313.0,5738.0,-0.031010368411644815,applied_local_ep05_cost_model_to_unadjusted_ohlc_unit_notional,1368
2023-06-21,2023-06-26,2023-07-03,3583,辛耘,TWSE,hybrid_pullback_base_mega_override,regime_switch_hybrid_route,hybrid,rs20_top3_risk_tiebreak,next_day_open_entry_fixed_5td_exit,unadjusted_open,unadjusted_close,157.0,155.0,154.5,157.0,154.5,-0.015923566878980888,True,,official_unadjusted_ohlcv_twse_stock_day,official_unadjusted_ohlcv_twse_stock_day,TWSE_STOCK_DAY,TWSE_STOCK_DAY,False,unadjusted_ohlcv; adjusted_close_blocked_not_fabricated,True,False,False,False,False,False,False,False,True,False,1000000,6369.0,999933.0,984010.5,1425.0,4354.0,5779.0,-0.021672069329850063,applied_local_ep05_cost_model_to_unadjusted_ohlc_unit_notional,1368
2023-06-21,2023-06-26,2023-07-03,2736,富野,TPEx,market_bias_pool_trend_route,regime_switch_hybrid_route,mega_or_stock_route,stable_strength,next_day_close_entry_fixed_5td_exit,unadjusted_close,unadjusted_close,54.0,50.0,47.95,50.0,47.95,-0.040999999999999925,True,,official_unadjusted_ohlcv_tpex_trading_stock,official_unadjusted_ohlcv_tpex_trading_stock,TPEX_TRADING_STOCK,TPEX_TRADING_STOCK,False,unadjusted_ohlcv; adjusted_close_blocked_not_fabricated,True,False,False,False,False,False,False,False,True,False,1000000,20000.0,1000000.0,959000.0,1425.0,4244.0,5669.0,-0.046602591307386976,applied_local_ep05_cost_model_to_unadjusted_ohlc_unit_notional,1368
2023-06-21,2023-06-21,2023-06-30,2736,富野,TPEx,market_bias_pool_trend_route,regime_switch_hybrid_route,mega_or_stock_route,stable_strength,same_week_close_to_next_rebalance_close_comparator,unadjusted_close,unadjusted_close,55.6,52.7,46.15,52.7,46.15,-0.12428842504743842,True,,official_unadjusted_ohlcv_tpex_trading_stock,official_unadjusted_ohlcv_tpex_trading_stock,TPEX_TRADING_STOCK,TPEX_TRADING_STOCK,False,unadjusted_ohlcv; adjusted_close_blocked_not_fabricated,True,False,False,False,False,False,False,False,True,False,1000000,18975.0,999982.5,875696.25,1425.0,3875.0,5300.0,-0.12940411370995325,applied_local_ep05_cost_model_to_unadjusted_ohlc_unit_notional,1368
2023-06-21,2023-06-26,2023-07-03,2736,富野,TPEx,market_bias_pool_trend_route,regime_switch_hybrid_route,mega_or_stock_route,stable_strength,next_day_open_entry_fixed_5td_exit,unadjusted_open,unadjusted_close,54.0,50.0,47.95,54.0,47.95,-0.11203703703703694,True,,official_unadjusted_ohlcv_tpex_trading_stock,official_unadjusted_ohlcv_tpex_trading_stock,TPEX_TRADING_STOCK,TPEX_TRADING_STOCK,False,unadjusted_ohlcv; adjusted_close_blocked_not_fabricated,True,False,False,False,False,False,False,False,True,False,1000000,18518.0,999972.0,887938.1000000001,1425.0,3929.0,5354.0,-0.1172241378793824,applied_local_ep05_cost_model_to_unadjusted_ohlc_unit_notional,1368
2023-06-21,2023-06-26,2023-07-03,2736,富野,TPEx,pool_breadth_route,regime_switch_hybrid_route,mega_or_stock_route,stable_strength,next_day_close_entry_fixed_5td_exit,unadjusted_close,unadjusted_close,54.0,50.0,47.95,50.0,47.95,-0.040999999999999925,True,,official_unadjusted_ohlcv_tpex_trading_stock,official_unadjusted_ohlcv_tpex_trading_stock,TPEX_TRADING_STOCK,TPEX_TRADING_STOCK,False,unadjusted_ohlcv; adjusted_close_blocked_not_fabricated,True,False,False,False,False,False,False,False,True,False,1000000,20000.0,1000000.0,959000.0,1425.0,4244.0,5669.0,-0.046602591307386976,applied_local_ep05_cost_model_to_unadjusted_ohlc_unit_notional,1368
2023-06-21,2023-06-21,2023-06-30,2736,富野,TPEx,pool_breadth_route,regime_switch_hybrid_route,mega_or_stock_route,stable_strength,same_week_close_to_next_rebalance_close_comparator,unadjusted_close,unadjusted_close,55.6,52.7,46.15,52.7,46.15,-0.12428842504743842,True,,official_unadjusted_ohlcv_tpex_trading_stock,official_unadjusted_ohlcv_tpex_trading_stock,TPEX_TRADING_STOCK,TPEX_TRADING_STOCK,False,unadjusted_ohlcv; adjusted_close_blocked_not_fabricated,True,False,False,False,False,False,False,False,True,False,1000000,18975.0,999982.5,875696.25,1425.0,3875.0,5300.0,-0.12940411370995325,applied_local_ep05_cost_model_to_unadjusted_ohlc_unit_notional,1368
2023-06-21,2023-06-26,2023-07-03,2736,富野,TPEx,pool_breadth_route,regime_switch_hybrid_route,mega_or_stock_route,stable_strength,next_day_open_entry_fixed_5td_exit,unadjusted_open,unadjusted_close,54.0,50.0,47.95,54.0,47.95,-0.11203703703703694,True,,official_unadjusted_ohlcv_tpex_trading_stock,official_unadjusted_ohlcv_tpex_trading_stock,TPEX_TRADING_STOCK,TPEX_TRADING_STOCK,False,unadjusted_ohlcv; adjusted_close_blocked_not_fabricated,True,False,False,False,False,False,False,False,True,False,1000000,18518.0,999972.0,887938.1000000001,1425.0,3929.0,5354.0,-0.1172241378793824,applied_local_ep05_cost_model_to_unadjusted_ohlc_unit_notional,1368
2023-06-30,2023-07-03,2023-07-10,3356,奇偶,TWSE,dynamic80_top1_rs20_31_bonus_proxy,legacy_rs20_operating_mode,mega_rs20,dynamic80_top1_rs20_31_bonus_proxy,next_day_close_entry_fixed_5td_exit,unadjusted_close,unadjusted_close,59.0,58.5,57.5,58.5,57.5,-0.017094017094017144,True,,official_unadjusted_ohlcv_twse_stock_day,official_unadjusted_ohlcv_twse_stock_day,TWSE_STOCK_DAY,TWSE_STOCK_DAY,False,unadjusted_ohlcv; adjusted_close_blocked_not_fabricated,True,False,False,False,False,False,False,False,True,False,1000000,17094.0,999999.0,982905.0,1425.0,4350.0,5775.0,-0.022836480851267795,applied_local_ep05_cost_model_to_unadjusted_ohlc_unit_notional,1368
2023-06-30,2023-06-30,2023-07-07,3356,奇偶,TWSE,dynamic80_top1_rs20_31_bonus_proxy,legacy_rs20_operating_mode,mega_rs20,dynamic80_top1_rs20_31_bonus_proxy,same_week_close_to_next_rebalance_close_comparator,unadjusted_close,unadjusted_close,58.5,58.5,56.4,58.5,56.4,-0.03589743589743588,True,,official_unadjusted_ohlcv_twse_stock_day,official_unadjusted_ohlcv_twse_stock_day,TWSE_STOCK_DAY,TWSE_STOCK_DAY,False,unadjusted_ohlcv; adjusted_close_blocked_not_fabricated,True,False,False,False,False,False,False,False,True,False,1000000,17094.0,999999.0,964101.6,1425.0,4266.0,5691.0,-0.04152926233044148,applied_local_ep05_cost_model_to_unadjusted_ohlc_unit_notional,1368
2023-06-30,2023-07-03,2023-07-10,3356,奇偶,TWSE,dynamic80_top1_rs20_31_bonus_proxy,legacy_rs20_operating_mode,mega_rs20,dynamic80_top1_rs20_31_bonus_proxy,next_day_open_entry_fixed_5td_exit,unadjusted_open,unadjusted_close,59.0,58.5,57.5,59.0,57.5,-0.025423728813559365,True,,official_unadjusted_ohlcv_twse_stock_day,official_unadjusted_ohlcv_twse_stock_day,TWSE_STOCK_DAY,TWSE_STOCK_DAY,False,unadjusted_ohlcv; adjusted_close_blocked_not_fabricated,True,False,False,False,False,False,False,False,True,False,1000000,16949.0,999991.0,974567.5,1425.0,4313.0,5738.0,-0.03111743770820518,applied_local_ep05_cost_model_to_unadjusted_ohlc_unit_notional,1368
2023-06-30,2023-07-03,2023-07-10,3356,奇偶,TWSE,dynamic80_top1_rs20_7core_context_proxy,legacy_rs20_operating_mode,mega_rs20,dynamic80_top1_rs20_7core_context_proxy,next_day_close_entry_fixed_5td_exit,unadjusted_close,unadjusted_close,59.0,58.5,57.5,58.5,57.5,-0.017094017094017144,True,,official_unadjusted_ohlcv_twse_stock_day,official_unadjusted_ohlcv_twse_stock_day,TWSE_STOCK_DAY,TWSE_STOCK_DAY,False,unadjusted_ohlcv; adjusted_close_blocked_not_fabricated,True,False,False,False,False,False,False,False,True,False,1000000,17094.0,999999.0,982905.0,1425.0,4350.0,5775.0,-0.022836480851267795,applied_local_ep05_cost_model_to_unadjusted_ohlc_unit_notional,1368
2023-06-30,2023-06-30,2023-07-07,3356,奇偶,TWSE,dynamic80_top1_rs20_7core_context_proxy,legacy_rs20_operating_mode,mega_rs20,dynamic80_top1_rs20_7core_context_proxy,same_week_close_to_next_rebalance_close_comparator,unadjusted_close,unadjusted_close,58.5,58.5,56.4,58.5,56.4,-0.03589743589743588,True,,official_unadjusted_ohlcv_twse_stock_day,official_unadjusted_ohlcv_twse_stock_day,TWSE_STOCK_DAY,TWSE_STOCK_DAY,False,unadjusted_ohlcv; adjusted_close_blocked_not_fabricated,True,False,False,False,False,False,False,False,True,False,1000000,17094.0,999999.0,964101.6,1425.0,4266.0,5691.0,-0.04152926233044148,applied_local_ep05_cost_model_to_unadjusted_ohlc_unit_notional,1368
2023-06-30,2023-07-03,2023-07-10,3356,奇偶,TWSE,dynamic80_top1_rs20_7core_context_proxy,legacy_rs20_operating_mode,mega_rs20,dynamic80_top1_rs20_7core_context_proxy,next_day_open_entry_fixed_5td_exit,unadjusted_open,unadjusted_close,59.0,58.5,57.5,59.0,57.5,-0.025423728813559365,True,,official_unadjusted_ohlcv_twse_stock_day,official_unadjusted_ohlcv_twse_stock_day,TWSE_STOCK_DAY,TWSE_STOCK_DAY,False,unadjusted_ohlcv; adjusted_close_blocked_not_fabricated,True,False,False,False,False,False,False,False,True,False,1000000,16949.0,999991.0,974567.5,1425.0,4313.0,5738.0,-0.03111743770820518,applied_local_ep05_cost_model_to_unadjusted_ohlc_unit_notional,1368
2023-06-30,2023-07-03,2023-07-10,3356,奇偶,TWSE,dynamic80_top1_rs20_proxy,legacy_rs20_operating_mode,mega_rs20,dynamic80_top1_rs20_proxy,next_day_close_entry_fixed_5td_exit,unadjusted_close,unadjusted_close,59.0,58.5,57.5,58.5,57.5,-0.017094017094017144,True,,official_unadjusted_ohlcv_twse_stock_day,official_unadjusted_ohlcv_twse_stock_day,TWSE_STOCK_DAY,TWSE_STOCK_DAY,False,unadjusted_ohlcv; adjusted_close_blocked_not_fabricated,True,False,False,False,False,False,False,False,True,False,1000000,17094.0,999999.0,982905.0,1425.0,4350.0,5775.0,-0.022836480851267795,applied_local_ep05_cost_model_to_unadjusted_ohlc_unit_notional,1368
2023-06-30,2023-06-30,2023-07-07,3356,奇偶,TWSE,dynamic80_top1_rs20_proxy,legacy_rs20_operating_mode,mega_rs20,dynamic80_top1_rs20_proxy,same_week_close_to_next_rebalance_close_comparator,unadjusted_close,unadjusted_close,58.5,58.5,56.4,58.5,56.4,-0.03589743589743588,True,,official_unadjusted_ohlcv_twse_stock_day,official_unadjusted_ohlcv_twse_stock_day,TWSE_STOCK_DAY,TWSE_STOCK_DAY,False,unadjusted_ohlcv; adjusted_close_blocked_not_fabricated,True,False,False,False,False,False,False,False,True,False,1000000,17094.0,999999.0,964101.6,1425.0,4266.0,5691.0,-0.04152926233044148,applied_local_ep05_cost_model_to_unadjusted_ohlc_unit_notional,1368
2023-06-30,2023-07-03,2023-07-10,3356,奇偶,TWSE,dynamic80_top1_rs20_proxy,legacy_rs20_operating_mode,mega_rs20,dynamic80_top1_rs20_proxy,next_day_open_entry_fixed_5td_exit,unadjusted_open,unadjusted_close,59.0,58.5,57.5,59.0,57.5,-0.025423728813559365,True,,official_unadjusted_ohlcv_twse_stock_day,official_unadjusted_ohlcv_twse_stock_day,TWSE_STOCK_DAY,TWSE_STOCK_DAY,False,unadjusted_ohlcv; adjusted_close_blocked_not_fabricated,True,False,False,False,False,False,False,False,True,False,1000000,16949.0,999991.0,974567.5,1425.0,4313.0,5738.0,-0.03111743770820518,applied_local_ep05_cost_model_to_unadjusted_ohlc_unit_notional,1368
2023-06-30,2023-07-03,2023-07-10,3356,奇偶,TWSE,dynamic80_top3_rs20_risk_tiebreak_proxy,legacy_rs20_operating_mode,mega_rs20,dynamic80_top3_rs20_risk_tiebreak_proxy,next_day_close_entry_fixed_5td_exit,unadjusted_close,unadjusted_close,59.0,58.5,57.5,58.5,57.5,-0.017094017094017144,True,,official_unadjusted_ohlcv_twse_stock_day,official_unadjusted_ohlcv_twse_stock_day,TWSE_STOCK_DAY,TWSE_STOCK_DAY,False,unadjusted_ohlcv; adjusted_close_blocked_not_fabricated,True,False,False,False,False,False,False,False,True,False,1000000,17094.0,999999.0,982905.0,1425.0,4350.0,5775.0,-0.022836480851267795,applied_local_ep05_cost_model_to_unadjusted_ohlc_unit_notional,1368
2023-06-30,2023-06-30,2023-07-07,3356,奇偶,TWSE,dynamic80_top3_rs20_risk_tiebreak_proxy,legacy_rs20_operating_mode,mega_rs20,dynamic80_top3_rs20_risk_tiebreak_proxy,same_week_close_to_next_rebalance_close_comparator,unadjusted_close,unadjusted_close,58.5,58.5,56.4,58.5,56.4,-0.03589743589743588,True,,official_unadjusted_ohlcv_twse_stock_day,official_unadjusted_ohlcv_twse_stock_day,TWSE_STOCK_DAY,TWSE_STOCK_DAY,False,unadjusted_ohlcv; adjusted_close_blocked_not_fabricated,True,False,False,False,False,False,False,False,True,False,1000000,17094.0,999999.0,964101.6,1425.0,4266.0,5691.0,-0.04152926233044148,applied_local_ep05_cost_model_to_unadjusted_ohlc_unit_notional,1368
2023-06-30,2023-07-03,2023-07-10,3356,奇偶,TWSE,dynamic80_top3_rs20_risk_tiebreak_proxy,legacy_rs20_operating_mode,mega_rs20,dynamic80_top3_rs20_risk_tiebreak_proxy,next_day_open_entry_fixed_5td_exit,unadjusted_open,unadjusted_close,59.0,58.5,57.5,59.0,57.5,-0.025423728813559365,True,,official_unadjusted_ohlcv_twse_stock_day,official_unadjusted_ohlcv_twse_stock_day,TWSE_STOCK_DAY,TWSE_STOCK_DAY,False,unadjusted_ohlcv; adjusted_close_blocked_not_fabricated,True,False,False,False,False,False,False,False,True,False,1000000,16949.0,999991.0,974567.5,1425.0,4313.0,5738.0,-0.03111743770820518,applied_local_ep05_cost_model_to_unadjusted_ohlc_unit_notional,1368
2023-06-30,2023-07-03,2023-07-10,3356,奇偶,TWSE,conservative_hurdle_route,regime_switch_hybrid_route,ordinary_defensive_00631L_base,rs20_top3_risk_tiebreak,next_day_close_entry_fixed_5td_exit,unadjusted_close,unadjusted_close,59.0,58.5,57.5,58.5,57.5,-0.017094017094017144,True,,official_unadjusted_ohlcv_twse_stock_day,official_unadjusted_ohlcv_twse_stock_day,TWSE_STOCK_DAY,TWSE_STOCK_DAY,False,unadjusted_ohlcv; adjusted_close_blocked_not_fabricated,True,False,False,False,False,False,False,False,True,False,1000000,17094.0,999999.0,982905.0,1425.0,4350.0,5775.0,-0.022836480851267795,applied_local_ep05_cost_model_to_unadjusted_ohlc_unit_notional,1368
2023-06-30,2023-06-30,2023-07-07,3356,奇偶,TWSE,conservative_hurdle_route,regime_switch_hybrid_route,ordinary_defensive_00631L_base,rs20_top3_risk_tiebreak,same_week_close_to_next_rebalance_close_comparator,unadjusted_close,unadjusted_close,58.5,58.5,56.4,58.5,56.4,-0.03589743589743588,True,,official_unadjusted_ohlcv_twse_stock_day,official_unadjusted_ohlcv_twse_stock_day,TWSE_STOCK_DAY,TWSE_STOCK_DAY,False,unadjusted_ohlcv; adjusted_close_blocked_not_fabricated,True,False,False,False,False,False,False,False,True,False,1000000,17094.0,999999.0,964101.6,1425.0,4266.0,5691.0,-0.04152926233044148,applied_local_ep05_cost_model_to_unadjusted_ohlc_unit_notional,1368
2023-06-30,2023-07-03,2023-07-10,3356,奇偶,TWSE,conservative_hurdle_route,regime_switch_hybrid_route,ordinary_defensive_00631L_base,rs20_top3_risk_tiebreak,next_day_open_entry_fixed_5td_exit,unadjusted_open,unadjusted_close,59.0,58.5,57.5,59.0,57.5,-0.025423728813559365,True,,official_unadjusted_ohlcv_twse_stock_day,official_unadjusted_ohlcv_twse_stock_day,TWSE_STOCK_DAY,TWSE_STOCK_DAY,False,unadjusted_ohlcv; adjusted_close_blocked_not_fabricated,True,False,False,False,False,False,False,False,True,False,1000000,16949.0,999991.0,974567.5,1425.0,4313.0,5738.0,-0.03111743770820518,applied_local_ep05_cost_model_to_unadjusted_ohlc_unit_notional,1368
2023-06-30,2023-07-03,2023-07-10,3356,奇偶,TWSE,dispersion_route,regime_switch_hybrid_route,dispersion,rs20_top3_risk_tiebreak,next_day_close_entry_fixed_5td_exit,unadjusted_close,unadjusted_close,59.0,58.5,57.5,58.5,57.5,-0.017094017094017144,True,,official_unadjusted_ohlcv_twse_stock_day,official_unadjusted_ohlcv_twse_stock_day,TWSE_STOCK_DAY,TWSE_STOCK_DAY,False,unadjusted_ohlcv; adjusted_close_blocked_not_fabricated,True,False,False,False,False,False,False,False,True,False,1000000,17094.0,999999.0,982905.0,1425.0,4350.0,5775.0,-0.022836480851267795,applied_local_ep05_cost_model_to_unadjusted_ohlc_unit_notional,1368
2023-06-30,2023-06-30,2023-07-07,3356,奇偶,TWSE,dispersion_route,regime_switch_hybrid_route,dispersion,rs20_top3_risk_tiebreak,same_week_close_to_next_rebalance_close_comparator,unadjusted_close,unadjusted_close,58.5,58.5,56.4,58.5,56.4,-0.03589743589743588,True,,official_unadjusted_ohlcv_twse_stock_day,official_unadjusted_ohlcv_twse_stock_day,TWSE_STOCK_DAY,TWSE_STOCK_DAY,False,unadjusted_ohlcv; adjusted_close_blocked_not_fabricated,True,False,False,False,False,False,False,False,True,False,1000000,17094.0,999999.0,964101.6,1425.0,4266.0,5691.0,-0.04152926233044148,applied_local_ep05_cost_model_to_unadjusted_ohlc_unit_notional,1368
2023-06-30,2023-07-03,2023-07-10,3356,奇偶,TWSE,dispersion_route,regime_switch_hybrid_route,dispersion,rs20_top3_risk_tiebreak,next_day_open_entry_fixed_5td_exit,unadjusted_open,unadjusted_close,59.0,58.5,57.5,59.0,57.5,-0.025423728813559365,True,,official_unadjusted_ohlcv_twse_stock_day,official_unadjusted_ohlcv_twse_stock_day,TWSE_STOCK_DAY,TWSE_STOCK_DAY,False,unadjusted_ohlcv; adjusted_close_blocked_not_fabricated,True,False,False,False,False,False,False,False,True,False,1000000,16949.0,999991.0,974567.5,1425.0,4313.0,5738.0,-0.03111743770820518,applied_local_ep05_cost_model_to_unadjusted_ohlc_unit_notional,1368
2023-06-30,2023-07-03,2023-07-10,3356,奇偶,TWSE,hybrid_pullback_base_mega_override,regime_switch_hybrid_route,hybrid,rs20_top3_risk_tiebreak,next_day_close_entry_fixed_5td_exit,unadjusted_close,unadjusted_close,59.0,58.5,57.5,58.5,57.5,-0.017094017094017144,True,,official_unadjusted_ohlcv_twse_stock_day,official_unadjusted_ohlcv_twse_stock_day,TWSE_STOCK_DAY,TWSE_STOCK_DAY,False,unadjusted_ohlcv; adjusted_close_blocked_not_fabricated,True,False,False,False,False,False,False,False,True,False,1000000,17094.0,999999.0,982905.0,1425.0,4350.0,5775.0,-0.022836480851267795,applied_local_ep05_cost_model_to_unadjusted_ohlc_unit_notional,1368
2023-06-30,2023-06-30,2023-07-07,3356,奇偶,TWSE,hybrid_pullback_base_mega_override,regime_switch_hybrid_route,hybrid,rs20_top3_risk_tiebreak,same_week_close_to_next_rebalance_close_comparator,unadjusted_close,unadjusted_close,58.5,58.5,56.4,58.5,56.4,-0.03589743589743588,True,,official_unadjusted_ohlcv_twse_stock_day,official_unadjusted_ohlcv_twse_stock_day,TWSE_STOCK_DAY,TWSE_STOCK_DAY,False,unadjusted_ohlcv; adjusted_close_blocked_not_fabricated,True,False,False,False,False,False,False,False,True,False,1000000,17094.0,999999.0,964101.6,1425.0,4266.0,5691.0,-0.04152926233044148,applied_local_ep05_cost_model_to_unadjusted_ohlc_unit_notional,1368
2023-06-30,2023-07-03,2023-07-10,3356,奇偶,TWSE,hybrid_pullback_base_mega_override,regime_switch_hybrid_route,hybrid,rs20_top3_risk_tiebreak,next_day_open_entry_fixed_5td_exit,unadjusted_open,unadjusted_close,59.0,58.5,57.5,59.0,57.5,-0.025423728813559365,True,,official_unadjusted_ohlcv_twse_stock_day,official_unadjusted_ohlcv_twse_stock_day,TWSE_STOCK_DAY,TWSE_STOCK_DAY,False,unadjusted_ohlcv; adjusted_close_blocked_not_fabricated,True,False,False,False,False,False,False,False,True,False,1000000,16949.0,999991.0,974567.5,1425.0,4313.0,5738.0,-0.03111743770820518,applied_local_ep05_cost_model_to_unadjusted_ohlc_unit_notional,1368
2023-06-30,2023-07-03,2023-07-10,2630,亞航,TWSE,market_bias_pool_trend_route,regime_switch_hybrid_route,mega_or_stock_route,stable_strength,next_day_close_entry_fixed_5td_exit,unadjusted_close,unadjusted_close,60.5,59.1,52.0,59.1,52.0,-0.12013536379018619,True,,official_unadjusted_ohlcv_twse_stock_day,official_unadjusted_ohlcv_twse_stock_day,TWSE_STOCK_DAY,TWSE_STOCK_DAY,False,unadjusted_ohlcv; adjusted_close_blocked_not_fabricated,True,False,False,False,False,False,False,False,True,False,1000000,16920.0,999972.0,879840.0,1425.0,3894.0,5319.0,-0.12527598944274848,applied_local_ep05_cost_model_to_unadjusted_ohlc_unit_notional,1368
2023-06-30,2023-06-30,2023-07-07,2630,亞航,TWSE,market_bias_pool_trend_route,regime_switch_hybrid_route,mega_or_stock_route,stable_strength,same_week_close_to_next_rebalance_close_comparator,unadjusted_close,unadjusted_close,59.9,59.4,52.4,59.4,52.4,-0.11784511784511786,True,,official_unadjusted_ohlcv_twse_stock_day,official_unadjusted_ohlcv_twse_stock_day,TWSE_STOCK_DAY,TWSE_STOCK_DAY,False,unadjusted_ohlcv; adjusted_close_blocked_not_fabricated,True,False,False,False,False,False,False,False,True,False,1000000,16835.0,999999.0,882154.0,1425.0,3903.0,5328.0,-0.12299785106009044,applied_local_ep05_cost_model_to_unadjusted_ohlc_unit_notional,1368
2023-06-30,2023-07-03,2023-07-10,2630,亞航,TWSE,market_bias_pool_trend_route,regime_switch_hybrid_route,mega_or_stock_route,stable_strength,next_day_open_entry_fixed_5td_exit,unadjusted_open,unadjusted_close,60.5,59.1,52.0,60.5,52.0,-0.14049586776859502,True,,official_unadjusted_ohlcv_twse_stock_day,official_unadjusted_ohlcv_twse_stock_day,TWSE_STOCK_DAY,TWSE_STOCK_DAY,False,unadjusted_ohlcv; adjusted_close_blocked_not_fabricated,True,False,False,False,False,False,False,False,True,False,1000000,16528.0,999944.0,859456.0,1425.0,3803.0,5228.0,-0.14551678751788802,applied_local_ep05_cost_model_to_unadjusted_ohlc_unit_notional,1368
2023-06-30,2023-07-03,2023-07-10,2630,亞航,TWSE,pool_breadth_route,regime_switch_hybrid_route,mega_or_stock_route,stable_strength,next_day_close_entry_fixed_5td_exit,unadjusted_close,unadjusted_close,60.5,59.1,52.0,59.1,52.0,-0.12013536379018619,True,,official_unadjusted_ohlcv_twse_stock_day,official_unadjusted_ohlcv_twse_stock_day,TWSE_STOCK_DAY,TWSE_STOCK_DAY,False,unadjusted_ohlcv; adjusted_close_blocked_not_fabricated,True,False,False,False,False,False,False,False,True,False,1000000,16920.0,999972.0,879840.0,1425.0,3894.0,5319.0,-0.12527598944274848,applied_local_ep05_cost_model_to_unadjusted_ohlc_unit_notional,1368
2023-06-30,2023-06-30,2023-07-07,2630,亞航,TWSE,pool_breadth_route,regime_switch_hybrid_route,mega_or_stock_route,stable_strength,same_week_close_to_next_rebalance_close_comparator,unadjusted_close,unadjusted_close,59.9,59.4,52.4,59.4,52.4,-0.11784511784511786,True,,official_unadjusted_ohlcv_twse_stock_day,official_unadjusted_ohlcv_twse_stock_day,TWSE_STOCK_DAY,TWSE_STOCK_DAY,False,unadjusted_ohlcv; adjusted_close_blocked_not_fabricated,True,False,False,False,False,False,False,False,True,False,1000000,16835.0,999999.0,882154.0,1425.0,3903.0,5328.0,-0.12299785106009044,applied_local_ep05_cost_model_to_unadjusted_ohlc_unit_notional,1368
2023-06-30,2023-07-03,2023-07-10,2630,亞航,TWSE,pool_breadth_route,regime_switch_hybrid_route,mega_or_stock_route,stable_strength,next_day_open_entry_fixed_5td_exit,unadjusted_open,unadjusted_close,60.5,59.1,52.0,60.5,52.0,-0.14049586776859502,True,,official_unadjusted_ohlcv_twse_stock_day,official_unadjusted_ohlcv_twse_stock_day,TWSE_STOCK_DAY,TWSE_STOCK_DAY,False,unadjusted_ohlcv; adjusted_close_blocked_not_fabricated,True,False,False,False,False,False,False,False,True,False,1000000,16528.0,999944.0,859456.0,1425.0,3803.0,5228.0,-0.14551678751788802,applied_local_ep05_cost_model_to_unadjusted_ohlc_unit_notional,1368
2023-07-07,2023-07-10,2023-07-17,3013,晟銘電,TWSE,dynamic80_top1_rs20_31_bonus_proxy,legacy_rs20_operating_mode,mega_rs20,dynamic80_top1_rs20_31_bonus_proxy,next_day_close_entry_fixed_5td_exit,unadjusted_close,unadjusted_close,44.4,39.9,47.4,39.9,47.4,0.18796992481203012,True,,official_unadjusted_ohlcv_twse_stock_day,official_unadjusted_ohlcv_twse_stock_day,TWSE_STOCK_DAY,TWSE_STOCK_DAY,False,unadjusted_ohlcv; adjusted_close_blocked_not_fabricated,True,False,False,False,False,False,False,False,True,False,1000000,25062.0,999973.7999999999,1187938.8,1425.0,5257.0,6682.0,0.18102977554996083,applied_local_ep05_cost_model_to_unadjusted_ohlc_unit_notional,1368
2023-07-07,2023-07-07,2023-07-14,3013,晟銘電,TWSE,dynamic80_top1_rs20_31_bonus_proxy,legacy_rs20_operating_mode,mega_rs20,dynamic80_top1_rs20_31_bonus_proxy,same_week_close_to_next_rebalance_close_comparator,unadjusted_close,unadjusted_close,43.0,43.9,44.65,43.9,44.65,0.017084282460136713,True,,official_unadjusted_ohlcv_twse_stock_day,official_unadjusted_ohlcv_twse_stock_day,TWSE_STOCK_DAY,TWSE_STOCK_DAY,False,unadjusted_ohlcv; adjusted_close_blocked_not_fabricated,True,False,False,False,False,False,False,False,True,False,1000000,22779.0,999998.1,1017082.35,1425.0,4500.0,5925.0,0.011143391839073815,applied_local_ep05_cost_model_to_unadjusted_ohlc_unit_notional,1368
2023-07-07,2023-07-10,2023-07-17,3013,晟銘電,TWSE,dynamic80_top1_rs20_31_bonus_proxy,legacy_rs20_operating_mode,mega_rs20,dynamic80_top1_rs20_31_bonus_proxy,next_day_open_entry_fixed_5td_exit,unadjusted_open,unadjusted_close,44.4,39.9,47.4,44.4,47.4,0.06756756756756754,True,,official_unadjusted_ohlcv_twse_stock_day,official_unadjusted_ohlcv_twse_stock_day,TWSE_STOCK_DAY,TWSE_STOCK_DAY,False,unadjusted_ohlcv; adjusted_close_blocked_not_fabricated,True,False,False,False,False,False,False,False,True,False,1000000,22522.0,999976.7999999999,1067542.8,1425.0,4724.0,6149.0,0.061331026167518496,applied_local_ep05_cost_model_to_unadjusted_ohlc_unit_notional,1368
2023-07-07,2023-07-10,2023-07-17,3013,晟銘電,TWSE,dynamic80_top1_rs20_7core_context_proxy,legacy_rs20_operating_mode,mega_rs20,dynamic80_top1_rs20_7core_context_proxy,next_day_close_entry_fixed_5td_exit,unadjusted_close,unadjusted_close,44.4,39.9,47.4,39.9,47.4,0.18796992481203012,True,,official_unadjusted_ohlcv_twse_stock_day,official_unadjusted_ohlcv_twse_stock_day,TWSE_STOCK_DAY,TWSE_STOCK_DAY,False,unadjusted_ohlcv; adjusted_close_blocked_not_fabricated,True,False,False,False,False,False,False,False,True,False,1000000,25062.0,999973.7999999999,1187938.8,1425.0,5257.0,6682.0,0.18102977554996083,applied_local_ep05_cost_model_to_unadjusted_ohlc_unit_notional,1368
2023-07-07,2023-07-07,2023-07-14,3013,晟銘電,TWSE,dynamic80_top1_rs20_7core_context_proxy,legacy_rs20_operating_mode,mega_rs20,dynamic80_top1_rs20_7core_context_proxy,same_week_close_to_next_rebalance_close_comparator,unadjusted_close,unadjusted_close,43.0,43.9,44.65,43.9,44.65,0.017084282460136713,True,,official_unadjusted_ohlcv_twse_stock_day,official_unadjusted_ohlcv_twse_stock_day,TWSE_STOCK_DAY,TWSE_STOCK_DAY,False,unadjusted_ohlcv; adjusted_close_blocked_not_fabricated,True,False,False,False,False,False,False,False,True,False,1000000,22779.0,999998.1,1017082.35,1425.0,4500.0,5925.0,0.011143391839073815,applied_local_ep05_cost_model_to_unadjusted_ohlc_unit_notional,1368
2023-07-07,2023-07-10,2023-07-17,3013,晟銘電,TWSE,dynamic80_top1_rs20_7core_context_proxy,legacy_rs20_operating_mode,mega_rs20,dynamic80_top1_rs20_7core_context_proxy,next_day_open_entry_fixed_5td_exit,unadjusted_open,unadjusted_close,44.4,39.9,47.4,44.4,47.4,0.06756756756756754,True,,official_unadjusted_ohlcv_twse_stock_day,official_unadjusted_ohlcv_twse_stock_day,TWSE_STOCK_DAY,TWSE_STOCK_DAY,False,unadjusted_ohlcv; adjusted_close_blocked_not_fabricated,True,False,False,False,False,False,False,False,True,False,1000000,22522.0,999976.7999999999,1067542.8,1425.0,4724.0,6149.0,0.061331026167518496,applied_local_ep05_cost_model_to_unadjusted_ohlc_unit_notional,1368
2023-07-07,2023-07-10,2023-07-17,3013,晟銘電,TWSE,dynamic80_top1_rs20_proxy,legacy_rs20_operating_mode,mega_rs20,dynamic80_top1_rs20_proxy,next_day_close_entry_fixed_5td_exit,unadjusted_close,unadjusted_close,44.4,39.9,47.4,39.9,47.4,0.18796992481203012,True,,official_unadjusted_ohlcv_twse_stock_day,official_unadjusted_ohlcv_twse_stock_day,TWSE_STOCK_DAY,TWSE_STOCK_DAY,False,unadjusted_ohlcv; adjusted_close_blocked_not_fabricated,True,False,False,False,False,False,False,False,True,False,1000000,25062.0,999973.7999999999,1187938.8,1425.0,5257.0,6682.0,0.18102977554996083,applied_local_ep05_cost_model_to_unadjusted_ohlc_unit_notional,1368
2023-07-07,2023-07-07,2023-07-14,3013,晟銘電,TWSE,dynamic80_top1_rs20_proxy,legacy_rs20_operating_mode,mega_rs20,dynamic80_top1_rs20_proxy,same_week_close_to_next_rebalance_close_comparator,unadjusted_close,unadjusted_close,43.0,43.9,44.65,43.9,44.65,0.017084282460136713,True,,official_unadjusted_ohlcv_twse_stock_day,official_unadjusted_ohlcv_twse_stock_day,TWSE_STOCK_DAY,TWSE_STOCK_DAY,False,unadjusted_ohlcv; adjusted_close_blocked_not_fabricated,True,False,False,False,False,False,False,False,True,False,1000000,22779.0,999998.1,1017082.35,1425.0,4500.0,5925.0,0.011143391839073815,applied_local_ep05_cost_model_to_unadjusted_ohlc_unit_notional,1368
2023-07-07,2023-07-10,2023-07-17,3013,晟銘電,TWSE,dynamic80_top1_rs20_proxy,legacy_rs20_operating_mode,mega_rs20,dynamic80_top1_rs20_proxy,next_day_open_entry_fixed_5td_exit,unadjusted_open,unadjusted_close,44.4,39.9,47.4,44.4,47.4,0.06756756756756754,True,,official_unadjusted_ohlcv_twse_stock_day,official_unadjusted_ohlcv_twse_stock_day,TWSE_STOCK_DAY,TWSE_STOCK_DAY,False,unadjusted_ohlcv; adjusted_close_blocked_not_fabricated,True,False,False,False,False,False,False,False,True,False,1000000,22522.0,999976.7999999999,1067542.8,1425.0,4724.0,6149.0,0.061331026167518496,applied_local_ep05_cost_model_to_unadjusted_ohlc_unit_notional,1368
2023-07-07,2023-07-10,2023-07-17,3013,晟銘電,TWSE,dynamic80_top3_rs20_risk_tiebreak_proxy,legacy_rs20_operating_mode,mega_rs20,dynamic80_top3_rs20_risk_tiebreak_proxy,next_day_close_entry_fixed_5td_exit,unadjusted_close,unadjusted_close,44.4,39.9,47.4,39.9,47.4,0.18796992481203012,True,,official_unadjusted_ohlcv_twse_stock_day,official_unadjusted_ohlcv_twse_stock_day,TWSE_STOCK_DAY,TWSE_STOCK_DAY,False,unadjusted_ohlcv; adjusted_close_blocked_not_fabricated,True,False,False,False,False,False,False,False,True,False,1000000,25062.0,999973.7999999999,1187938.8,1425.0,5257.0,6682.0,0.18102977554996083,applied_local_ep05_cost_model_to_unadjusted_ohlc_unit_notional,1368
2023-07-07,2023-07-07,2023-07-14,3013,晟銘電,TWSE,dynamic80_top3_rs20_risk_tiebreak_proxy,legacy_rs20_operating_mode,mega_rs20,dynamic80_top3_rs20_risk_tiebreak_proxy,same_week_close_to_next_rebalance_close_comparator,unadjusted_close,unadjusted_close,43.0,43.9,44.65,43.9,44.65,0.017084282460136713,True,,official_unadjusted_ohlcv_twse_stock_day,official_unadjusted_ohlcv_twse_stock_day,TWSE_STOCK_DAY,TWSE_STOCK_DAY,False,unadjusted_ohlcv; adjusted_close_blocked_not_fabricated,True,False,False,False,False,False,False,False,True,False,1000000,22779.0,999998.1,1017082.35,1425.0,4500.0,5925.0,0.011143391839073815,applied_local_ep05_cost_model_to_unadjusted_ohlc_unit_notional,1368
2023-07-07,2023-07-10,2023-07-17,3013,晟銘電,TWSE,dynamic80_top3_rs20_risk_tiebreak_proxy,legacy_rs20_operating_mode,mega_rs20,dynamic80_top3_rs20_risk_tiebreak_proxy,next_day_open_entry_fixed_5td_exit,unadjusted_open,unadjusted_close,44.4,39.9,47.4,44.4,47.4,0.06756756756756754,True,,official_unadjusted_ohlcv_twse_stock_day,official_unadjusted_ohlcv_twse_stock_day,TWSE_STOCK_DAY,TWSE_STOCK_DAY,False,unadjusted_ohlcv; adjusted_close_blocked_not_fabricated,True,False,False,False,False,False,False,False,True,False,1000000,22522.0,999976.7999999999,1067542.8,1425.0,4724.0,6149.0,0.061331026167518496,applied_local_ep05_cost_model_to_unadjusted_ohlc_unit_notional,1368
2023-07-07,2023-07-10,2023-07-17,3693,營邦,TPEx,conservative_hurdle_route,regime_switch_hybrid_route,ordinary_defensive_00631L_base,rs20_top3_risk_tiebreak,next_day_close_entry_fixed_5td_exit,unadjusted_close,unadjusted_close,346.5,338.0,342.0,338.0,342.0,0.01183431952662728,True,,official_unadjusted_ohlcv_tpex_trading_stock,official_unadjusted_ohlcv_tpex_trading_stock,TPEX_TRADING_STOCK,TPEX_TRADING_STOCK,False,unadjusted_ohlcv; adjusted_close_blocked_not_fabricated,True,False,False,False,False,False,False,False,True,False,1000000,2958.0,999804.0,1011636.0,1425.0,4477.0,5902.0,0.005922720975920594,applied_local_ep05_cost_model_to_unadjusted_ohlc_unit_notional,1368
2023-07-07,2023-07-07,2023-07-14,3693,營邦,TPEx,conservative_hurdle_route,regime_switch_hybrid_route,ordinary_defensive_00631L_base,rs20_top3_risk_tiebreak,same_week_close_to_next_rebalance_close_comparator,unadjusted_close,unadjusted_close,350.0,347.0,339.0,347.0,339.0,-0.023054755043227626,True,,official_unadjusted_ohlcv_tpex_trading_stock,official_unadjusted_ohlcv_tpex_trading_stock,TPEX_TRADING_STOCK,TPEX_TRADING_STOCK,False,unadjusted_ohlcv; adjusted_close_blocked_not_fabricated,True,False,False,False,False,False,False,False,True,False,1000000,2881.0,999707.0,976659.0,1425.0,4322.0,5747.0,-0.028762440916882088,applied_local_ep05_cost_model_to_unadjusted_ohlc_unit_notional,1368
2023-07-07,2023-07-10,2023-07-17,3693,營邦,TPEx,conservative_hurdle_route,regime_switch_hybrid_route,ordinary_defensive_00631L_base,rs20_top3_risk_tiebreak,next_day_open_entry_fixed_5td_exit,unadjusted_open,unadjusted_close,346.5,338.0,342.0,346.5,342.0,-0.012987012987012991,True,,official_unadjusted_ohlcv_tpex_trading_stock,official_unadjusted_ohlcv_tpex_trading_stock,TPEX_TRADING_STOCK,TPEX_TRADING_STOCK,False,unadjusted_ohlcv; adjusted_close_blocked_not_fabricated,True,False,False,False,False,False,False,False,True,False,1000000,2886.0,999999.0,987012.0,1425.0,4367.0,5792.0,-0.018752296729457253,applied_local_ep05_cost_model_to_unadjusted_ohlc_unit_notional,1368
2023-07-07,2023-07-10,2023-07-17,3693,營邦,TPEx,dispersion_route,regime_switch_hybrid_route,dispersion,rs20_top3_risk_tiebreak,next_day_close_entry_fixed_5td_exit,unadjusted_close,unadjusted_close,346.5,338.0,342.0,338.0,342.0,0.01183431952662728,True,,official_unadjusted_ohlcv_tpex_trading_stock,official_unadjusted_ohlcv_tpex_trading_stock,TPEX_TRADING_STOCK,TPEX_TRADING_STOCK,False,unadjusted_ohlcv; adjusted_close_blocked_not_fabricated,True,False,False,False,False,False,False,False,True,False,1000000,2958.0,999804.0,1011636.0,1425.0,4477.0,5902.0,0.005922720975920594,applied_local_ep05_cost_model_to_unadjusted_ohlc_unit_notional,1368
2023-07-07,2023-07-07,2023-07-14,3693,營邦,TPEx,dispersion_route,regime_switch_hybrid_route,dispersion,rs20_top3_risk_tiebreak,same_week_close_to_next_rebalance_close_comparator,unadjusted_close,unadjusted_close,350.0,347.0,339.0,347.0,339.0,-0.023054755043227626,True,,official_unadjusted_ohlcv_tpex_trading_stock,official_unadjusted_ohlcv_tpex_trading_stock,TPEX_TRADING_STOCK,TPEX_TRADING_STOCK,False,unadjusted_ohlcv; adjusted_close_blocked_not_fabricated,True,False,False,False,False,False,False,False,True,False,1000000,2881.0,999707.0,976659.0,1425.0,4322.0,5747.0,-0.028762440916882088,applied_local_ep05_cost_model_to_unadjusted_ohlc_unit_notional,1368
2023-07-07,2023-07-10,2023-07-17,3693,營邦,TPEx,dispersion_route,regime_switch_hybrid_route,dispersion,rs20_top3_risk_tiebreak,next_day_open_entry_fixed_5td_exit,unadjusted_open,unadjusted_close,346.5,338.0,342.0,346.5,342.0,-0.012987012987012991,True,,official_unadjusted_ohlcv_tpex_trading_stock,official_unadjusted_ohlcv_tpex_trading_stock,TPEX_TRADING_STOCK,TPEX_TRADING_STOCK,False,unadjusted_ohlcv; adjusted_close_blocked_not_fabricated,True,False,False,False,False,False,False,False,True,False,1000000,2886.0,999999.0,987012.0,1425.0,4367.0,5792.0,-0.018752296729457253,applied_local_ep05_cost_model_to_unadjusted_ohlc_unit_notional,1368
2023-07-07,2023-07-10,2023-07-17,3693,營邦,TPEx,hybrid_pullback_base_mega_override,regime_switch_hybrid_route,hybrid,rs20_top3_risk_tiebreak,next_day_close_entry_fixed_5td_exit,unadjusted_close,unadjusted_close,346.5,338.0,342.0,338.0,342.0,0.01183431952662728,True,,official_unadjusted_ohlcv_tpex_trading_stock,official_unadjusted_ohlcv_tpex_trading_stock,TPEX_TRADING_STOCK,TPEX_TRADING_STOCK,False,unadjusted_ohlcv; adjusted_close_blocked_not_fabricated,True,False,False,False,False,False,False,False,True,False,1000000,2958.0,999804.0,1011636.0,1425.0,4477.0,5902.0,0.005922720975920594,applied_local_ep05_cost_model_to_unadjusted_ohlc_unit_notional,1368
2023-07-07,2023-07-07,2023-07-14,3693,營邦,TPEx,hybrid_pullback_base_mega_override,regime_switch_hybrid_route,hybrid,rs20_top3_risk_tiebreak,same_week_close_to_next_rebalance_close_comparator,unadjusted_close,unadjusted_close,350.0,347.0,339.0,347.0,339.0,-0.023054755043227626,True,,official_unadjusted_ohlcv_tpex_trading_stock,official_unadjusted_ohlcv_tpex_trading_stock,TPEX_TRADING_STOCK,TPEX_TRADING_STOCK,False,unadjusted_ohlcv; adjusted_close_blocked_not_fabricated,True,False,False,False,False,False,False,False,True,False,1000000,2881.0,999707.0,976659.0,1425.0,4322.0,5747.0,-0.028762440916882088,applied_local_ep05_cost_model_to_unadjusted_ohlc_unit_notional,1368
2023-07-07,2023-07-10,2023-07-17,3693,營邦,TPEx,hybrid_pullback_base_mega_override,regime_switch_hybrid_route,hybrid,rs20_top3_risk_tiebreak,next_day_open_entry_fixed_5td_exit,unadjusted_open,unadjusted_close,346.5,338.0,342.0,346.5,342.0,-0.012987012987012991,True,,official_unadjusted_ohlcv_tpex_trading_stock,official_unadjusted_ohlcv_tpex_trading_stock,TPEX_TRADING_STOCK,TPEX_TRADING_STOCK,False,unadjusted_ohlcv; adjusted_close_blocked_not_fabricated,True,False,False,False,False,False,False,False,True,False,1000000,2886.0,999999.0,987012.0,1425.0,4367.0,5792.0,-0.018752296729457253,applied_local_ep05_cost_model_to_unadjusted_ohlc_unit_notional,1368
2023-07-07,2023-07-10,2023-07-17,3013,晟銘電,TWSE,market_bias_pool_trend_route,regime_switch_hybrid_route,mega_or_stock_route,stable_strength,next_day_close_entry_fixed_5td_exit,unadjusted_close,unadjusted_close,44.4,39.9,47.4,39.9,47.4,0.18796992481203012,True,,official_unadjusted_ohlcv_twse_stock_day,official_unadjusted_ohlcv_twse_stock_day,TWSE_STOCK_DAY,TWSE_STOCK_DAY,False,unadjusted_ohlcv; adjusted_close_blocked_not_fabricated,True,False,False,False,False,False,False,False,True,False,1000000,25062.0,999973.7999999999,1187938.8,1425.0,5257.0,6682.0,0.18102977554996083,applied_local_ep05_cost_model_to_unadjusted_ohlc_unit_notional,1368
2023-07-07,2023-07-07,2023-07-14,3013,晟銘電,TWSE,market_bias_pool_trend_route,regime_switch_hybrid_route,mega_or_stock_route,stable_strength,same_week_close_to_next_rebalance_close_comparator,unadjusted_close,unadjusted_close,43.0,43.9,44.65,43.9,44.65,0.017084282460136713,True,,official_unadjusted_ohlcv_twse_stock_day,official_unadjusted_ohlcv_twse_stock_day,TWSE_STOCK_DAY,TWSE_STOCK_DAY,False,unadjusted_ohlcv; adjusted_close_blocked_not_fabricated,True,False,False,False,False,False,False,False,True,False,1000000,22779.0,999998.1,1017082.35,1425.0,4500.0,5925.0,0.011143391839073815,applied_local_ep05_cost_model_to_unadjusted_ohlc_unit_notional,1368
2023-07-07,2023-07-10,2023-07-17,3013,晟銘電,TWSE,market_bias_pool_trend_route,regime_switch_hybrid_route,mega_or_stock_route,stable_strength,next_day_open_entry_fixed_5td_exit,unadjusted_open,unadjusted_close,44.4,39.9,47.4,44.4,47.4,0.06756756756756754,True,,official_unadjusted_ohlcv_twse_stock_day,official_unadjusted_ohlcv_twse_stock_day,TWSE_STOCK_DAY,TWSE_STOCK_DAY,False,unadjusted_ohlcv; adjusted_close_blocked_not_fabricated,True,False,False,False,False,False,False,False,True,False,1000000,22522.0,999976.7999999999,1067542.8,1425.0,4724.0,6149.0,0.061331026167518496,applied_local_ep05_cost_model_to_unadjusted_ohlc_unit_notional,1368
2023-07-07,2023-07-10,2023-07-17,3013,晟銘電,TWSE,pool_breadth_route,regime_switch_hybrid_route,mega_or_stock_route,stable_strength,next_day_close_entry_fixed_5td_exit,unadjusted_close,unadjusted_close,44.4,39.9,47.4,39.9,47.4,0.18796992481203012,True,,official_unadjusted_ohlcv_twse_stock_day,official_unadjusted_ohlcv_twse_stock_day,TWSE_STOCK_DAY,TWSE_STOCK_DAY,False,unadjusted_ohlcv; adjusted_close_blocked_not_fabricated,True,False,False,False,False,False,False,False,True,False,1000000,25062.0,999973.7999999999,1187938.8,1425.0,5257.0,6682.0,0.18102977554996083,applied_local_ep05_cost_model_to_unadjusted_ohlc_unit_notional,1368
2023-07-07,2023-07-07,2023-07-14,3013,晟銘電,TWSE,pool_breadth_route,regime_switch_hybrid_route,mega_or_stock_route,stable_strength,same_week_close_to_next_rebalance_close_comparator,unadjusted_close,unadjusted_close,43.0,43.9,44.65,43.9,44.65,0.017084282460136713,True,,official_unadjusted_ohlcv_twse_stock_day,official_unadjusted_ohlcv_twse_stock_day,TWSE_STOCK_DAY,TWSE_STOCK_DAY,False,unadjusted_ohlcv; adjusted_close_blocked_not_fabricated,True,False,False,False,False,False,False,False,True,False,1000000,22779.0,999998.1,1017082.35,1425.0,4500.0,5925.0,0.011143391839073815,applied_local_ep05_cost_model_to_unadjusted_ohlc_unit_notional,1368
2023-07-07,2023-07-10,2023-07-17,3013,晟銘電,TWSE,pool_breadth_route,regime_switch_hybrid_route,mega_or_stock_route,stable_strength,next_day_open_entry_fixed_5td_exit,unadjusted_open,unadjusted_close,44.4,39.9,47.4,44.4,47.4,0.06756756756756754,True,,official_unadjusted_ohlcv_twse_stock_day,official_unadjusted_ohlcv_twse_stock_day,TWSE_STOCK_DAY,TWSE_STOCK_DAY,False,unadjusted_ohlcv; adjusted_close_blocked_not_fabricated,True,False,False,False,False,False,False,False,True,False,1000000,22522.0,999976.7999999999,1067542.8,1425.0,4724.0,6149.0,0.061331026167518496,applied_local_ep05_cost_model_to_unadjusted_ohlc_unit_notional,1368
2023-07-14,2023-07-17,2023-07-24,2388,威盛,TWSE,dynamic80_top1_rs20_31_bonus_proxy,legacy_rs20_operating_mode,mega_rs20,dynamic80_top1_rs20_31_bonus_proxy,next_day_close_entry_fixed_5td_exit,unadjusted_close,unadjusted_close,125.5,130.0,151.0,130.0,151.0,0.16153846153846163,True,,official_unadjusted_ohlcv_twse_stock_day,official_unadjusted_ohlcv_twse_stock_day,TWSE_STOCK_DAY,TWSE_STOCK_DAY,False,unadjusted_ohlcv; adjusted_close_blocked_not_fabricated,True,False,False,False,False,False,False,False,True,False,1000000,7692.0,999960.0,1161492.0,1425.0,5139.0,6564.0,0.15475366617235128,applied_local_ep05_cost_model_to_unadjusted_ohlc_unit_notional,1368
2023-07-14,2023-07-14,2023-07-21,2388,威盛,TWSE,dynamic80_top1_rs20_31_bonus_proxy,legacy_rs20_operating_mode,mega_rs20,dynamic80_top1_rs20_31_bonus_proxy,same_week_close_to_next_rebalance_close_comparator,unadjusted_close,unadjusted_close,125.0,127.0,148.5,127.0,148.5,0.1692913385826771,True,,official_unadjusted_ohlcv_twse_stock_day,official_unadjusted_ohlcv_twse_stock_day,TWSE_STOCK_DAY,TWSE_STOCK_DAY,False,unadjusted_ohlcv; adjusted_close_blocked_not_fabricated,True,False,False,False,False,False,False,False,True,False,1000000,7874.0,999998.0,1169289.0,1425.0,5174.0,6599.0,0.16246081825562225,applied_local_ep05_cost_model_to_unadjusted_ohlc_unit_notional,1368
2023-07-14,2023-07-17,2023-07-24,2388,威盛,TWSE,dynamic80_top1_rs20_31_bonus_proxy,legacy_rs20_operating_mode,mega_rs20,dynamic80_top1_rs20_31_bonus_proxy,next_day_open_entry_fixed_5td_exit,unadjusted_open,unadjusted_close,125.5,130.0,151.0,125.5,151.0,0.20318725099601598,True,,official_unadjusted_ohlcv_twse_stock_day,official_unadjusted_ohlcv_twse_stock_day,TWSE_STOCK_DAY,TWSE_STOCK_DAY,False,unadjusted_ohlcv; adjusted_close_blocked_not_fabricated,True,False,False,False,False,False,False,False,True,False,1000000,7968.0,999984.0,1203168.0,1425.0,5325.0,6750.0,0.19615761392198391,applied_local_ep05_cost_model_to_unadjusted_ohlc_unit_notional,1368
2023-07-14,2023-07-17,2023-07-24,2388,威盛,TWSE,dynamic80_top1_rs20_7core_context_proxy,legacy_rs20_operating_mode,mega_rs20,dynamic80_top1_rs20_7core_context_proxy,next_day_close_entry_fixed_5td_exit,unadjusted_close,unadjusted_close,125.5,130.0,151.0,130.0,151.0,0.16153846153846163,True,,official_unadjusted_ohlcv_twse_stock_day,official_unadjusted_ohlcv_twse_stock_day,TWSE_STOCK_DAY,TWSE_STOCK_DAY,False,unadjusted_ohlcv; adjusted_close_blocked_not_fabricated,True,False,False,False,False,False,False,False,True,False,1000000,7692.0,999960.0,1161492.0,1425.0,5139.0,6564.0,0.15475366617235128,applied_local_ep05_cost_model_to_unadjusted_ohlc_unit_notional,1368
2023-07-14,2023-07-14,2023-07-21,2388,威盛,TWSE,dynamic80_top1_rs20_7core_context_proxy,legacy_rs20_operating_mode,mega_rs20,dynamic80_top1_rs20_7core_context_proxy,same_week_close_to_next_rebalance_close_comparator,unadjusted_close,unadjusted_close,125.0,127.0,148.5,127.0,148.5,0.1692913385826771,True,,official_unadjusted_ohlcv_twse_stock_day,official_unadjusted_ohlcv_twse_stock_day,TWSE_STOCK_DAY,TWSE_STOCK_DAY,False,unadjusted_ohlcv; adjusted_close_blocked_not_fabricated,True,False,False,False,False,False,False,False,True,False,1000000,7874.0,999998.0,1169289.0,1425.0,5174.0,6599.0,0.16246081825562225,applied_local_ep05_cost_model_to_unadjusted_ohlc_unit_notional,1368
2023-07-14,2023-07-17,2023-07-24,2388,威盛,TWSE,dynamic80_top1_rs20_7core_context_proxy,legacy_rs20_operating_mode,mega_rs20,dynamic80_top1_rs20_7core_context_proxy,next_day_open_entry_fixed_5td_exit,unadjusted_open,unadjusted_close,125.5,130.0,151.0,125.5,151.0,0.20318725099601598,True,,official_unadjusted_ohlcv_twse_stock_day,official_unadjusted_ohlcv_twse_stock_day,TWSE_STOCK_DAY,TWSE_STOCK_DAY,False,unadjusted_ohlcv; adjusted_close_blocked_not_fabricated,True,False,False,False,False,False,False,False,True,False,1000000,7968.0,999984.0,1203168.0,1425.0,5325.0,6750.0,0.19615761392198391,applied_local_ep05_cost_model_to_unadjusted_ohlc_unit_notional,1368
2023-07-14,2023-07-17,2023-07-24,2388,威盛,TWSE,dynamic80_top1_rs20_proxy,legacy_rs20_operating_mode,mega_rs20,dynamic80_top1_rs20_proxy,next_day_close_entry_fixed_5td_exit,unadjusted_close,unadjusted_close,125.5,130.0,151.0,130.0,151.0,0.16153846153846163,True,,official_unadjusted_ohlcv_twse_stock_day,official_unadjusted_ohlcv_twse_stock_day,TWSE_STOCK_DAY,TWSE_STOCK_DAY,False,unadjusted_ohlcv; adjusted_close_blocked_not_fabricated,True,False,False,False,False,False,False,False,True,False,1000000,7692.0,999960.0,1161492.0,1425.0,5139.0,6564.0,0.15475366617235128,applied_local_ep05_cost_model_to_unadjusted_ohlc_unit_notional,1368
2023-07-14,2023-07-14,2023-07-21,2388,威盛,TWSE,dynamic80_top1_rs20_proxy,legacy_rs20_operating_mode,mega_rs20,dynamic80_top1_rs20_proxy,same_week_close_to_next_rebalance_close_comparator,unadjusted_close,unadjusted_close,125.0,127.0,148.5,127.0,148.5,0.1692913385826771,True,,official_unadjusted_ohlcv_twse_stock_day,official_unadjusted_ohlcv_twse_stock_day,TWSE_STOCK_DAY,TWSE_STOCK_DAY,False,unadjusted_ohlcv; adjusted_close_blocked_not_fabricated,True,False,False,False,False,False,False,False,True,False,1000000,7874.0,999998.0,1169289.0,1425.0,5174.0,6599.0,0.16246081825562225,applied_local_ep05_cost_model_to_unadjusted_ohlc_unit_notional,1368
2023-07-14,2023-07-17,2023-07-24,2388,威盛,TWSE,dynamic80_top1_rs20_proxy,legacy_rs20_operating_mode,mega_rs20,dynamic80_top1_rs20_proxy,next_day_open_entry_fixed_5td_exit,unadjusted_open,unadjusted_close,125.5,130.0,151.0,125.5,151.0,0.20318725099601598,True,,official_unadjusted_ohlcv_twse_stock_day,official_unadjusted_ohlcv_twse_stock_day,TWSE_STOCK_DAY,TWSE_STOCK_DAY,False,unadjusted_ohlcv; adjusted_close_blocked_not_fabricated,True,False,False,False,False,False,False,False,True,False,1000000,7968.0,999984.0,1203168.0,1425.0,5325.0,6750.0,0.19615761392198391,applied_local_ep05_cost_model_to_unadjusted_ohlc_unit_notional,1368
2023-07-14,2023-07-17,2023-07-24,2388,威盛,TWSE,dynamic80_top3_rs20_risk_tiebreak_proxy,legacy_rs20_operating_mode,mega_rs20,dynamic80_top3_rs20_risk_tiebreak_proxy,next_day_close_entry_fixed_5td_exit,unadjusted_close,unadjusted_close,125.5,130.0,151.0,130.0,151.0,0.16153846153846163,True,,official_unadjusted_ohlcv_twse_stock_day,official_unadjusted_ohlcv_twse_stock_day,TWSE_STOCK_DAY,TWSE_STOCK_DAY,False,unadjusted_ohlcv; adjusted_close_blocked_not_fabricated,True,False,False,False,False,False,False,False,True,False,1000000,7692.0,999960.0,1161492.0,1425.0,5139.0,6564.0,0.15475366617235128,applied_local_ep05_cost_model_to_unadjusted_ohlc_unit_notional,1368
2023-07-14,2023-07-14,2023-07-21,2388,威盛,TWSE,dynamic80_top3_rs20_risk_tiebreak_proxy,legacy_rs20_operating_mode,mega_rs20,dynamic80_top3_rs20_risk_tiebreak_proxy,same_week_close_to_next_rebalance_close_comparator,unadjusted_close,unadjusted_close,125.0,127.0,148.5,127.0,148.5,0.1692913385826771,True,,official_unadjusted_ohlcv_twse_stock_day,official_unadjusted_ohlcv_twse_stock_day,TWSE_STOCK_DAY,TWSE_STOCK_DAY,False,unadjusted_ohlcv; adjusted_close_blocked_not_fabricated,True,False,False,False,False,False,False,False,True,False,1000000,7874.0,999998.0,1169289.0,1425.0,5174.0,6599.0,0.16246081825562225,applied_local_ep05_cost_model_to_unadjusted_ohlc_unit_notional,1368
2023-07-14,2023-07-17,2023-07-24,2388,威盛,TWSE,dynamic80_top3_rs20_risk_tiebreak_proxy,legacy_rs20_operating_mode,mega_rs20,dynamic80_top3_rs20_risk_tiebreak_proxy,next_day_open_entry_fixed_5td_exit,unadjusted_open,unadjusted_close,125.5,130.0,151.0,125.5,151.0,0.20318725099601598,True,,official_unadjusted_ohlcv_twse_stock_day,official_unadjusted_ohlcv_twse_stock_day,TWSE_STOCK_DAY,TWSE_STOCK_DAY,False,unadjusted_ohlcv; adjusted_close_blocked_not_fabricated,True,False,False,False,False,False,False,False,True,False,1000000,7968.0,999984.0,1203168.0,1425.0,5325.0,6750.0,0.19615761392198391,applied_local_ep05_cost_model_to_unadjusted_ohlc_unit_notional,1368
2023-07-14,2023-07-17,2023-07-24,3704,合勤控,TWSE,conservative_hurdle_route,regime_switch_hybrid_route,ordinary_defensive_00631L_base,rs20_top3_risk_tiebreak,next_day_close_entry_fixed_5td_exit,unadjusted_close,unadjusted_close,62.1,65.7,56.7,65.7,56.7,-0.136986301369863,True,,official_unadjusted_ohlcv_twse_stock_day,official_unadjusted_ohlcv_twse_stock_day,TWSE_STOCK_DAY,TWSE_STOCK_DAY,False,unadjusted_ohlcv; adjusted_close_blocked_not_fabricated,True,False,False,False,False,False,False,False,True,False,1000000,15220.0,999954.0,862974.0,1425.0,3819.0,5244.0,-0.14202814319054025,applied_local_ep05_cost_model_to_unadjusted_ohlc_unit_notional,1368
2023-07-14,2023-07-14,2023-07-21,3704,合勤控,TWSE,conservative_hurdle_route,regime_switch_hybrid_route,ordinary_defensive_00631L_base,rs20_top3_risk_tiebreak,same_week_close_to_next_rebalance_close_comparator,unadjusted_close,unadjusted_close,59.5,61.8,57.6,61.8,57.6,-0.06796116504854366,True,,official_unadjusted_ohlcv_twse_stock_day,official_unadjusted_ohlcv_twse_stock_day,TWSE_STOCK_DAY,TWSE_STOCK_DAY,False,unadjusted_ohlcv; adjusted_close_blocked_not_fabricated,True,False,False,False,False,False,False,False,True,False,1000000,16181.0,999985.7999999999,932025.6,1425.0,4124.0,5549.0,-0.0734056393240416,applied_local_ep05_cost_model_to_unadjusted_ohlc_unit_notional,1368
2023-07-14,2023-07-17,2023-07-24,3704,合勤控,TWSE,conservative_hurdle_route,regime_switch_hybrid_route,ordinary_defensive_00631L_base,rs20_top3_risk_tiebreak,next_day_open_entry_fixed_5td_exit,unadjusted_open,unadjusted_close,62.1,65.7,56.7,62.1,56.7,-0.08695652173913038,True,,official_unadjusted_ohlcv_twse_stock_day,official_unadjusted_ohlcv_twse_stock_day,TWSE_STOCK_DAY,TWSE_STOCK_DAY,False,unadjusted_ohlcv; adjusted_close_blocked_not_fabricated,True,False,False,False,False,False,False,False,True,False,1000000,16103.0,999996.3,913040.1000000001,1425.0,4040.0,5465.0,-0.09229002818294353,applied_local_ep05_cost_model_to_unadjusted_ohlc_unit_notional,1368
2023-07-14,2023-07-17,2023-07-24,3704,合勤控,TWSE,dispersion_route,regime_switch_hybrid_route,dispersion,rs20_top3_risk_tiebreak,next_day_close_entry_fixed_5td_exit,unadjusted_close,unadjusted_close,62.1,65.7,56.7,65.7,56.7,-0.136986301369863,True,,official_unadjusted_ohlcv_twse_stock_day,official_unadjusted_ohlcv_twse_stock_day,TWSE_STOCK_DAY,TWSE_STOCK_DAY,False,unadjusted_ohlcv; adjusted_close_blocked_not_fabricated,True,False,False,False,False,False,False,False,True,False,1000000,15220.0,999954.0,862974.0,1425.0,3819.0,5244.0,-0.14202814319054025,applied_local_ep05_cost_model_to_unadjusted_ohlc_unit_notional,1368
2023-07-14,2023-07-14,2023-07-21,3704,合勤控,TWSE,dispersion_route,regime_switch_hybrid_route,dispersion,rs20_top3_risk_tiebreak,same_week_close_to_next_rebalance_close_comparator,unadjusted_close,unadjusted_close,59.5,61.8,57.6,61.8,57.6,-0.06796116504854366,True,,official_unadjusted_ohlcv_twse_stock_day,official_unadjusted_ohlcv_twse_stock_day,TWSE_STOCK_DAY,TWSE_STOCK_DAY,False,unadjusted_ohlcv; adjusted_close_blocked_not_fabricated,True,False,False,False,False,False,False,False,True,False,1000000,16181.0,999985.7999999999,932025.6,1425.0,4124.0,5549.0,-0.0734056393240416,applied_local_ep05_cost_model_to_unadjusted_ohlc_unit_notional,1368
2023-07-14,2023-07-17,2023-07-24,3704,合勤控,TWSE,dispersion_route,regime_switch_hybrid_route,dispersion,rs20_top3_risk_tiebreak,next_day_open_entry_fixed_5td_exit,unadjusted_open,unadjusted_close,62.1,65.7,56.7,62.1,56.7,-0.08695652173913038,True,,official_unadjusted_ohlcv_twse_stock_day,official_unadjusted_ohlcv_twse_stock_day,TWSE_STOCK_DAY,TWSE_STOCK_DAY,False,unadjusted_ohlcv; adjusted_close_blocked_not_fabricated,True,False,False,False,False,False,False,False,True,False,1000000,16103.0,999996.3,913040.1000000001,1425.0,4040.0,5465.0,-0.09229002818294353,applied_local_ep05_cost_model_to_unadjusted_ohlc_unit_notional,1368
2023-07-14,2023-07-17,2023-07-24,3704,合勤控,TWSE,hybrid_pullback_base_mega_override,regime_switch_hybrid_route,hybrid,rs20_top3_risk_tiebreak,next_day_close_entry_fixed_5td_exit,unadjusted_close,unadjusted_close,62.1,65.7,56.7,65.7,56.7,-0.136986301369863,True,,official_unadjusted_ohlcv_twse_stock_day,official_unadjusted_ohlcv_twse_stock_day,TWSE_STOCK_DAY,TWSE_STOCK_DAY,False,unadjusted_ohlcv; adjusted_close_blocked_not_fabricated,True,False,False,False,False,False,False,False,True,False,1000000,15220.0,999954.0,862974.0,1425.0,3819.0,5244.0,-0.14202814319054025,applied_local_ep05_cost_model_to_unadjusted_ohlc_unit_notional,1368
2023-07-14,2023-07-14,2023-07-21,3704,合勤控,TWSE,hybrid_pullback_base_mega_override,regime_switch_hybrid_route,hybrid,rs20_top3_risk_tiebreak,same_week_close_to_next_rebalance_close_comparator,unadjusted_close,unadjusted_close,59.5,61.8,57.6,61.8,57.6,-0.06796116504854366,True,,official_unadjusted_ohlcv_twse_stock_day,official_unadjusted_ohlcv_twse_stock_day,TWSE_STOCK_DAY,TWSE_STOCK_DAY,False,unadjusted_ohlcv; adjusted_close_blocked_not_fabricated,True,False,False,False,False,False,False,False,True,False,1000000,16181.0,999985.7999999999,932025.6,1425.0,4124.0,5549.0,-0.0734056393240416,applied_local_ep05_cost_model_to_unadjusted_ohlc_unit_notional,1368
2023-07-14,2023-07-17,2023-07-24,3704,合勤控,TWSE,hybrid_pullback_base_mega_override,regime_switch_hybrid_route,hybrid,rs20_top3_risk_tiebreak,next_day_open_entry_fixed_5td_exit,unadjusted_open,unadjusted_close,62.1,65.7,56.7,62.1,56.7,-0.08695652173913038,True,,official_unadjusted_ohlcv_twse_stock_day,official_unadjusted_ohlcv_twse_stock_day,TWSE_STOCK_DAY,TWSE_STOCK_DAY,False,unadjusted_ohlcv; adjusted_close_blocked_not_fabricated,True,False,False,False,False,False,False,False,True,False,1000000,16103.0,999996.3,913040.1000000001,1425.0,4040.0,5465.0,-0.09229002818294353,applied_local_ep05_cost_model_to_unadjusted_ohlc_unit_notional,1368
2023-07-14,2023-07-17,2023-07-24,2388,威盛,TWSE,market_bias_pool_trend_route,regime_switch_hybrid_route,mega_or_stock_route,stable_strength,next_day_close_entry_fixed_5td_exit,unadjusted_close,unadjusted_close,125.5,130.0,151.0,130.0,151.0,0.16153846153846163,True,,official_unadjusted_ohlcv_twse_stock_day,official_unadjusted_ohlcv_twse_stock_day,TWSE_STOCK_DAY,TWSE_STOCK_DAY,False,unadjusted_ohlcv; adjusted_close_blocked_not_fabricated,True,False,False,False,False,False,False,False,True,False,1000000,7692.0,999960.0,1161492.0,1425.0,5139.0,6564.0,0.15475366617235128,applied_local_ep05_cost_model_to_unadjusted_ohlc_unit_notional,1368
2023-07-14,2023-07-14,2023-07-21,2388,威盛,TWSE,market_bias_pool_trend_route,regime_switch_hybrid_route,mega_or_stock_route,stable_strength,same_week_close_to_next_rebalance_close_comparator,unadjusted_close,unadjusted_close,125.0,127.0,148.5,127.0,148.5,0.1692913385826771,True,,official_unadjusted_ohlcv_twse_stock_day,official_unadjusted_ohlcv_twse_stock_day,TWSE_STOCK_DAY,TWSE_STOCK_DAY,False,unadjusted_ohlcv; adjusted_close_blocked_not_fabricated,True,False,False,False,False,False,False,False,True,False,1000000,7874.0,999998.0,1169289.0,1425.0,5174.0,6599.0,0.16246081825562225,applied_local_ep05_cost_model_to_unadjusted_ohlc_unit_notional,1368
2023-07-14,2023-07-17,2023-07-24,2388,威盛,TWSE,market_bias_pool_trend_route,regime_switch_hybrid_route,mega_or_stock_route,stable_strength,next_day_open_entry_fixed_5td_exit,unadjusted_open,unadjusted_close,125.5,130.0,151.0,125.5,151.0,0.20318725099601598,True,,official_unadjusted_ohlcv_twse_stock_day,official_unadjusted_ohlcv_twse_stock_day,TWSE_STOCK_DAY,TWSE_STOCK_DAY,False,unadjusted_ohlcv; adjusted_close_blocked_not_fabricated,True,False,False,False,False,False,False,False,True,False,1000000,7968.0,999984.0,1203168.0,1425.0,5325.0,6750.0,0.19615761392198391,applied_local_ep05_cost_model_to_unadjusted_ohlc_unit_notional,1368
2023-07-14,2023-07-17,2023-07-24,2388,威盛,TWSE,pool_breadth_route,regime_switch_hybrid_route,mega_or_stock_route,stable_strength,next_day_close_entry_fixed_5td_exit,unadjusted_close,unadjusted_close,125.5,130.0,151.0,130.0,151.0,0.16153846153846163,True,,official_unadjusted_ohlcv_twse_stock_day,official_unadjusted_ohlcv_twse_stock_day,TWSE_STOCK_DAY,TWSE_STOCK_DAY,False,unadjusted_ohlcv; adjusted_close_blocked_not_fabricated,True,False,False,False,False,False,False,False,True,False,1000000,7692.0,999960.0,1161492.0,1425.0,5139.0,6564.0,0.15475366617235128,applied_local_ep05_cost_model_to_unadjusted_ohlc_unit_notional,1368
2023-07-14,2023-07-14,2023-07-21,2388,威盛,TWSE,pool_breadth_route,regime_switch_hybrid_route,mega_or_stock_route,stable_strength,same_week_close_to_next_rebalance_close_comparator,unadjusted_close,unadjusted_close,125.0,127.0,148.5,127.0,148.5,0.1692913385826771,True,,official_unadjusted_ohlcv_twse_stock_day,official_unadjusted_ohlcv_twse_stock_day,TWSE_STOCK_DAY,TWSE_STOCK_DAY,False,unadjusted_ohlcv; adjusted_close_blocked_not_fabricated,True,False,False,False,False,False,False,False,True,False,1000000,7874.0,999998.0,1169289.0,1425.0,5174.0,6599.0,0.16246081825562225,applied_local_ep05_cost_model_to_unadjusted_ohlc_unit_notional,1368
2023-07-14,2023-07-17,2023-07-24,2388,威盛,TWSE,pool_breadth_route,regime_switch_hybrid_route,mega_or_stock_route,stable_strength,next_day_open_entry_fixed_5td_exit,unadjusted_open,unadjusted_close,125.5,130.0,151.0,125.5,151.0,0.20318725099601598,True,,official_unadjusted_ohlcv_twse_stock_day,official_unadjusted_ohlcv_twse_stock_day,TWSE_STOCK_DAY,TWSE_STOCK_DAY,False,unadjusted_ohlcv; adjusted_close_blocked_not_fabricated,True,False,False,False,False,False,False,False,True,False,1000000,7968.0,999984.0,1203168.0,1425.0,5325.0,6750.0,0.19615761392198391,applied_local_ep05_cost_model_to_unadjusted_ohlc_unit_notional,1368
2023-07-21,2023-07-24,2023-07-31,6150,撼訊,TPEx,dynamic80_top1_rs20_31_bonus_proxy,legacy_rs20_operating_mode,mega_rs20,dynamic80_top1_rs20_31_bonus_proxy,next_day_close_entry_fixed_5td_exit,unadjusted_close,unadjusted_close,114.5,109.5,91.4,109.5,91.4,-0.16529680365296795,True,,official_unadjusted_ohlcv_tpex_trading_stock,official_unadjusted_ohlcv_tpex_trading_stock,TPEX_TRADING_STOCK,TPEX_TRADING_STOCK,False,unadjusted_ohlcv; adjusted_close_blocked_not_fabricated,True,False,False,False,False,False,False,False,True,False,1000000,9132.0,999954.0,834664.8,1425.0,3693.0,5118.0,-0.17017253207826402,applied_local_ep05_cost_model_to_unadjusted_ohlc_unit_notional,1368
2023-07-21,2023-07-21,2023-07-28,6150,撼訊,TPEx,dynamic80_top1_rs20_31_bonus_proxy,legacy_rs20_operating_mode,mega_rs20,dynamic80_top1_rs20_31_bonus_proxy,same_week_close_to_next_rebalance_close_comparator,unadjusted_close,unadjusted_close,104.5,113.5,97.0,113.5,97.0,-0.14537444933920707,True,,official_unadjusted_ohlcv_tpex_trading_stock,official_unadjusted_ohlcv_tpex_trading_stock,TPEX_TRADING_STOCK,TPEX_TRADING_STOCK,False,unadjusted_ohlcv; adjusted_close_blocked_not_fabricated,True,False,False,False,False,False,False,False,True,False,1000000,8810.0,999935.0,854570.0,1425.0,3782.0,5207.0,-0.15036750019972836,applied_local_ep05_cost_model_to_unadjusted_ohlc_unit_notional,1368
2023-07-21,2023-07-24,2023-07-31,6150,撼訊,TPEx,dynamic80_top1_rs20_31_bonus_proxy,legacy_rs20_operating_mode,mega_rs20,dynamic80_top1_rs20_31_bonus_proxy,next_day_open_entry_fixed_5td_exit,unadjusted_open,unadjusted_close,114.5,109.5,91.4,114.5,91.4,-0.20174672489082968,True,,official_unadjusted_ohlcv_tpex_trading_stock,official_unadjusted_ohlcv_tpex_trading_stock,TPEX_TRADING_STOCK,TPEX_TRADING_STOCK,False,unadjusted_ohlcv; adjusted_close_blocked_not_fabricated,True,False,False,False,False,False,False,False,True,False,1000000,8733.0,999928.5,798196.2000000001,1425.0,3532.0,4957.0,-0.20640992416763904,applied_local_ep05_cost_model_to_unadjusted_ohlc_unit_notional,1368
2023-07-21,2023-07-24,2023-07-31,6150,撼訊,TPEx,dynamic80_top1_rs20_7core_context_proxy,legacy_rs20_operating_mode,mega_rs20,dynamic80_top1_rs20_7core_context_proxy,next_day_close_entry_fixed_5td_exit,unadjusted_close,unadjusted_close,114.5,109.5,91.4,109.5,91.4,-0.16529680365296795,True,,official_unadjusted_ohlcv_tpex_trading_stock,official_unadjusted_ohlcv_tpex_trading_stock,TPEX_TRADING_STOCK,TPEX_TRADING_STOCK,False,unadjusted_ohlcv; adjusted_close_blocked_not_fabricated,True,False,False,False,False,False,False,False,True,False,1000000,9132.0,999954.0,834664.8,1425.0,3693.0,5118.0,-0.17017253207826402,applied_local_ep05_cost_model_to_unadjusted_ohlc_unit_notional,1368
2023-07-21,2023-07-21,2023-07-28,6150,撼訊,TPEx,dynamic80_top1_rs20_7core_context_proxy,legacy_rs20_operating_mode,mega_rs20,dynamic80_top1_rs20_7core_context_proxy,same_week_close_to_next_rebalance_close_comparator,unadjusted_close,unadjusted_close,104.5,113.5,97.0,113.5,97.0,-0.14537444933920707,True,,official_unadjusted_ohlcv_tpex_trading_stock,official_unadjusted_ohlcv_tpex_trading_stock,TPEX_TRADING_STOCK,TPEX_TRADING_STOCK,False,unadjusted_ohlcv; adjusted_close_blocked_not_fabricated,True,False,False,False,False,False,False,False,True,False,1000000,8810.0,999935.0,854570.0,1425.0,3782.0,5207.0,-0.15036750019972836,applied_local_ep05_cost_model_to_unadjusted_ohlc_unit_notional,1368
2023-07-21,2023-07-24,2023-07-31,6150,撼訊,TPEx,dynamic80_top1_rs20_7core_context_proxy,legacy_rs20_operating_mode,mega_rs20,dynamic80_top1_rs20_7core_context_proxy,next_day_open_entry_fixed_5td_exit,unadjusted_open,unadjusted_close,114.5,109.5,91.4,114.5,91.4,-0.20174672489082968,True,,official_unadjusted_ohlcv_tpex_trading_stock,official_unadjusted_ohlcv_tpex_trading_stock,TPEX_TRADING_STOCK,TPEX_TRADING_STOCK,False,unadjusted_ohlcv; adjusted_close_blocked_not_fabricated,True,False,False,False,False,False,False,False,True,False,1000000,8733.0,999928.5,798196.2000000001,1425.0,3532.0,4957.0,-0.20640992416763904,applied_local_ep05_cost_model_to_unadjusted_ohlc_unit_notional,1368
2023-07-21,2023-07-24,2023-07-31,6150,撼訊,TPEx,dynamic80_top1_rs20_proxy,legacy_rs20_operating_mode,mega_rs20,dynamic80_top1_rs20_proxy,next_day_close_entry_fixed_5td_exit,unadjusted_close,unadjusted_close,114.5,109.5,91.4,109.5,91.4,-0.16529680365296795,True,,official_unadjusted_ohlcv_tpex_trading_stock,official_unadjusted_ohlcv_tpex_trading_stock,TPEX_TRADING_STOCK,TPEX_TRADING_STOCK,False,unadjusted_ohlcv; adjusted_close_blocked_not_fabricated,True,False,False,False,False,False,False,False,True,False,1000000,9132.0,999954.0,834664.8,1425.0,3693.0,5118.0,-0.17017253207826402,applied_local_ep05_cost_model_to_unadjusted_ohlc_unit_notional,1368
2023-07-21,2023-07-21,2023-07-28,6150,撼訊,TPEx,dynamic80_top1_rs20_proxy,legacy_rs20_operating_mode,mega_rs20,dynamic80_top1_rs20_proxy,same_week_close_to_next_rebalance_close_comparator,unadjusted_close,unadjusted_close,104.5,113.5,97.0,113.5,97.0,-0.14537444933920707,True,,official_unadjusted_ohlcv_tpex_trading_stock,official_unadjusted_ohlcv_tpex_trading_stock,TPEX_TRADING_STOCK,TPEX_TRADING_STOCK,False,unadjusted_ohlcv; adjusted_close_blocked_not_fabricated,True,False,False,False,False,False,False,False,True,False,1000000,8810.0,999935.0,854570.0,1425.0,3782.0,5207.0,-0.15036750019972836,applied_local_ep05_cost_model_to_unadjusted_ohlc_unit_notional,1368
2023-07-21,2023-07-24,2023-07-31,6150,撼訊,TPEx,dynamic80_top1_rs20_proxy,legacy_rs20_operating_mode,mega_rs20,dynamic80_top1_rs20_proxy,next_day_open_entry_fixed_5td_exit,unadjusted_open,unadjusted_close,114.5,109.5,91.4,114.5,91.4,-0.20174672489082968,True,,official_unadjusted_ohlcv_tpex_trading_stock,official_unadjusted_ohlcv_tpex_trading_stock,TPEX_TRADING_STOCK,TPEX_TRADING_STOCK,False,unadjusted_ohlcv; adjusted_close_blocked_not_fabricated,True,False,False,False,False,False,False,False,True,False,1000000,8733.0,999928.5,798196.2000000001,1425.0,3532.0,4957.0,-0.20640992416763904,applied_local_ep05_cost_model_to_unadjusted_ohlc_unit_notional,1368
2023-07-21,2023-07-24,2023-07-31,6150,撼訊,TPEx,dynamic80_top3_rs20_risk_tiebreak_proxy,legacy_rs20_operating_mode,mega_rs20,dynamic80_top3_rs20_risk_tiebreak_proxy,next_day_close_entry_fixed_5td_exit,unadjusted_close,unadjusted_close,114.5,109.5,91.4,109.5,91.4,-0.16529680365296795,True,,official_unadjusted_ohlcv_tpex_trading_stock,official_unadjusted_ohlcv_tpex_trading_stock,TPEX_TRADING_STOCK,TPEX_TRADING_STOCK,False,unadjusted_ohlcv; adjusted_close_blocked_not_fabricated,True,False,False,False,False,False,False,False,True,False,1000000,9132.0,999954.0,834664.8,1425.0,3693.0,5118.0,-0.17017253207826402,applied_local_ep05_cost_model_to_unadjusted_ohlc_unit_notional,1368
2023-07-21,2023-07-21,2023-07-28,6150,撼訊,TPEx,dynamic80_top3_rs20_risk_tiebreak_proxy,legacy_rs20_operating_mode,mega_rs20,dynamic80_top3_rs20_risk_tiebreak_proxy,same_week_close_to_next_rebalance_close_comparator,unadjusted_close,unadjusted_close,104.5,113.5,97.0,113.5,97.0,-0.14537444933920707,True,,official_unadjusted_ohlcv_tpex_trading_stock,official_unadjusted_ohlcv_tpex_trading_stock,TPEX_TRADING_STOCK,TPEX_TRADING_STOCK,False,unadjusted_ohlcv; adjusted_close_blocked_not_fabricated,True,False,False,False,False,False,False,False,True,False,1000000,8810.0,999935.0,854570.0,1425.0,3782.0,5207.0,-0.15036750019972836,applied_local_ep05_cost_model_to_unadjusted_ohlc_unit_notional,1368
2023-07-21,2023-07-24,2023-07-31,6150,撼訊,TPEx,dynamic80_top3_rs20_risk_tiebreak_proxy,legacy_rs20_operating_mode,mega_rs20,dynamic80_top3_rs20_risk_tiebreak_proxy,next_day_open_entry_fixed_5td_exit,unadjusted_open,unadjusted_close,114.5,109.5,91.4,114.5,91.4,-0.20174672489082968,True,,official_unadjusted_ohlcv_tpex_trading_stock,official_unadjusted_ohlcv_tpex_trading_stock,TPEX_TRADING_STOCK,TPEX_TRADING_STOCK,False,unadjusted_ohlcv; adjusted_close_blocked_not_fabricated,True,False,False,False,False,False,False,False,True,False,1000000,8733.0,999928.5,798196.2000000001,1425.0,3532.0,4957.0,-0.20640992416763904,applied_local_ep05_cost_model_to_unadjusted_ohlc_unit_notional,1368
2023-07-21,2023-07-24,2023-07-31,9958,世紀鋼,TWSE,conservative_hurdle_route,regime_switch_hybrid_route,ordinary_defensive_00631L_base,rs20_top3_risk_tiebreak,next_day_close_entry_fixed_5td_exit,unadjusted_close,unadjusted_close,150.5,158.5,160.5,158.5,160.5,0.012618296529968376,True,,official_unadjusted_ohlcv_twse_stock_day,official_unadjusted_ohlcv_twse_stock_day,TWSE_STOCK_DAY,TWSE_STOCK_DAY,False,unadjusted_ohlcv; adjusted_close_blocked_not_fabricated,True,False,False,False,False,False,False,False,True,False,1000000,6309.0,999976.5,1012594.5,1425.0,4481.0,5906.0,0.00670260629727437,applied_local_ep05_cost_model_to_unadjusted_ohlc_unit_notional,1368
2023-07-21,2023-07-21,2023-07-28,9958,世紀鋼,TWSE,conservative_hurdle_route,regime_switch_hybrid_route,ordinary_defensive_00631L_base,rs20_top3_risk_tiebreak,same_week_close_to_next_rebalance_close_comparator,unadjusted_close,unadjusted_close,147.0,149.5,165.5,149.5,165.5,0.10702341137123739,True,,official_unadjusted_ohlcv_twse_stock_day,official_unadjusted_ohlcv_twse_stock_day,TWSE_STOCK_DAY,TWSE_STOCK_DAY,False,unadjusted_ohlcv; adjusted_close_blocked_not_fabricated,True,False,False,False,False,False,False,False,True,False,1000000,6688.0,999856.0,1106864.0,1425.0,4898.0,6323.0,0.10055618752378204,applied_local_ep05_cost_model_to_unadjusted_ohlc_unit_notional,1368
2023-07-21,2023-07-24,2023-07-31,9958,世紀鋼,TWSE,conservative_hurdle_route,regime_switch_hybrid_route,ordinary_defensive_00631L_base,rs20_top3_risk_tiebreak,next_day_open_entry_fixed_5td_exit,unadjusted_open,unadjusted_close,150.5,158.5,160.5,150.5,160.5,0.06644518272425248,True,,official_unadjusted_ohlcv_twse_stock_day,official_unadjusted_ohlcv_twse_stock_day,TWSE_STOCK_DAY,TWSE_STOCK_DAY,False,unadjusted_ohlcv; adjusted_close_blocked_not_fabricated,True,False,False,False,False,False,False,False,True,False,1000000,6644.0,999922.0,1066362.0,1425.0,4719.0,6144.0,0.06021489054243934,applied_local_ep05_cost_model_to_unadjusted_ohlc_unit_notional,1368
2023-07-21,2023-07-24,2023-07-31,9958,世紀鋼,TWSE,dispersion_route,regime_switch_hybrid_route,dispersion,rs20_top3_risk_tiebreak,next_day_close_entry_fixed_5td_exit,unadjusted_close,unadjusted_close,150.5,158.5,160.5,158.5,160.5,0.012618296529968376,True,,official_unadjusted_ohlcv_twse_stock_day,official_unadjusted_ohlcv_twse_stock_day,TWSE_STOCK_DAY,TWSE_STOCK_DAY,False,unadjusted_ohlcv; adjusted_close_blocked_not_fabricated,True,False,False,False,False,False,False,False,True,False,1000000,6309.0,999976.5,1012594.5,1425.0,4481.0,5906.0,0.00670260629727437,applied_local_ep05_cost_model_to_unadjusted_ohlc_unit_notional,1368
2023-07-21,2023-07-21,2023-07-28,9958,世紀鋼,TWSE,dispersion_route,regime_switch_hybrid_route,dispersion,rs20_top3_risk_tiebreak,same_week_close_to_next_rebalance_close_comparator,unadjusted_close,unadjusted_close,147.0,149.5,165.5,149.5,165.5,0.10702341137123739,True,,official_unadjusted_ohlcv_twse_stock_day,official_unadjusted_ohlcv_twse_stock_day,TWSE_STOCK_DAY,TWSE_STOCK_DAY,False,unadjusted_ohlcv; adjusted_close_blocked_not_fabricated,True,False,False,False,False,False,False,False,True,False,1000000,6688.0,999856.0,1106864.0,1425.0,4898.0,6323.0,0.10055618752378204,applied_local_ep05_cost_model_to_unadjusted_ohlc_unit_notional,1368
2023-07-21,2023-07-24,2023-07-31,9958,世紀鋼,TWSE,dispersion_route,regime_switch_hybrid_route,dispersion,rs20_top3_risk_tiebreak,next_day_open_entry_fixed_5td_exit,unadjusted_open,unadjusted_close,150.5,158.5,160.5,150.5,160.5,0.06644518272425248,True,,official_unadjusted_ohlcv_twse_stock_day,official_unadjusted_ohlcv_twse_stock_day,TWSE_STOCK_DAY,TWSE_STOCK_DAY,False,unadjusted_ohlcv; adjusted_close_blocked_not_fabricated,True,False,False,False,False,False,False,False,True,False,1000000,6644.0,999922.0,1066362.0,1425.0,4719.0,6144.0,0.06021489054243934,applied_local_ep05_cost_model_to_unadjusted_ohlc_unit_notional,1368
2023-07-21,2023-07-24,2023-07-31,9958,世紀鋼,TWSE,hybrid_pullback_base_mega_override,regime_switch_hybrid_route,hybrid,rs20_top3_risk_tiebreak,next_day_close_entry_fixed_5td_exit,unadjusted_close,unadjusted_close,150.5,158.5,160.5,158.5,160.5,0.012618296529968376,True,,official_unadjusted_ohlcv_twse_stock_day,official_unadjusted_ohlcv_twse_stock_day,TWSE_STOCK_DAY,TWSE_STOCK_DAY,False,unadjusted_ohlcv; adjusted_close_blocked_not_fabricated,True,False,False,False,False,False,False,False,True,False,1000000,6309.0,999976.5,1012594.5,1425.0,4481.0,5906.0,0.00670260629727437,applied_local_ep05_cost_model_to_unadjusted_ohlc_unit_notional,1368
2023-07-21,2023-07-21,2023-07-28,9958,世紀鋼,TWSE,hybrid_pullback_base_mega_override,regime_switch_hybrid_route,hybrid,rs20_top3_risk_tiebreak,same_week_close_to_next_rebalance_close_comparator,unadjusted_close,unadjusted_close,147.0,149.5,165.5,149.5,165.5,0.10702341137123739,True,,official_unadjusted_ohlcv_twse_stock_day,official_unadjusted_ohlcv_twse_stock_day,TWSE_STOCK_DAY,TWSE_STOCK_DAY,False,unadjusted_ohlcv; adjusted_close_blocked_not_fabricated,True,False,False,False,False,False,False,False,True,False,1000000,6688.0,999856.0,1106864.0,1425.0,4898.0,6323.0,0.10055618752378204,applied_local_ep05_cost_model_to_unadjusted_ohlc_unit_notional,1368
2023-07-21,2023-07-24,2023-07-31,9958,世紀鋼,TWSE,hybrid_pullback_base_mega_override,regime_switch_hybrid_route,hybrid,rs20_top3_risk_tiebreak,next_day_open_entry_fixed_5td_exit,unadjusted_open,unadjusted_close,150.5,158.5,160.5,150.5,160.5,0.06644518272425248,True,,official_unadjusted_ohlcv_twse_stock_day,official_unadjusted_ohlcv_twse_stock_day,TWSE_STOCK_DAY,TWSE_STOCK_DAY,False,unadjusted_ohlcv; adjusted_close_blocked_not_fabricated,True,False,False,False,False,False,False,False,True,False,1000000,6644.0,999922.0,1066362.0,1425.0,4719.0,6144.0,0.06021489054243934,applied_local_ep05_cost_model_to_unadjusted_ohlc_unit_notional,1368
2023-07-21,2023-07-24,2023-07-31,4533,協易機,TPEx,market_bias_pool_trend_route,regime_switch_hybrid_route,mega_or_stock_route,stable_strength,next_day_close_entry_fixed_5td_exit,unadjusted_close,unadjusted_close,30.0,28.0,30.5,28.0,30.5,0.08928571428571419,True,,official_unadjusted_ohlcv_tpex_trading_stock,official_unadjusted_ohlcv_tpex_trading_stock,TPEX_TRADING_STOCK,TPEX_TRADING_STOCK,False,unadjusted_ohlcv; adjusted_close_blocked_not_fabricated,True,False,False,False,False,False,False,False,True,False,1000000,35714.0,999992.0,1089277.0,1425.0,4820.0,6245.0,0.08292249881917323,applied_local_ep05_cost_model_to_unadjusted_ohlc_unit_notional,1368
2023-07-21,2023-07-21,2023-07-28,4533,協易機,TPEx,market_bias_pool_trend_route,regime_switch_hybrid_route,mega_or_stock_route,stable_strength,same_week_close_to_next_rebalance_close_comparator,unadjusted_close,unadjusted_close,28.45,29.45,30.7,29.45,30.7,0.042444821731748794,True,,official_unadjusted_ohlcv_tpex_trading_stock,official_unadjusted_ohlcv_tpex_trading_stock,TPEX_TRADING_STOCK,TPEX_TRADING_STOCK,False,unadjusted_ohlcv; adjusted_close_blocked_not_fabricated,True,False,False,False,False,False,False,False,True,False,1000000,33955.0,999974.75,1042418.5,1425.0,4612.0,6037.0,0.036355860883728004,applied_local_ep05_cost_model_to_unadjusted_ohlc_unit_notional,1368
2023-07-21,2023-07-24,2023-07-31,4533,協易機,TPEx,market_bias_pool_trend_route,regime_switch_hybrid_route,mega_or_stock_route,stable_strength,next_day_open_entry_fixed_5td_exit,unadjusted_open,unadjusted_close,30.0,28.0,30.5,30.0,30.5,0.016666666666666607,True,,official_unadjusted_ohlcv_tpex_trading_stock,official_unadjusted_ohlcv_tpex_trading_stock,TPEX_TRADING_STOCK,TPEX_TRADING_STOCK,False,unadjusted_ohlcv; adjusted_close_blocked_not_fabricated,True,False,False,False,False,False,False,False,True,False,1000000,33333.0,999990.0,1016656.5,1425.0,4499.0,5924.0,0.01072732084100997,applied_local_ep05_cost_model_to_unadjusted_ohlc_unit_notional,1368
2023-07-21,2023-07-24,2023-07-31,4533,協易機,TPEx,pool_breadth_route,regime_switch_hybrid_route,mega_or_stock_route,stable_strength,next_day_close_entry_fixed_5td_exit,unadjusted_close,unadjusted_close,30.0,28.0,30.5,28.0,30.5,0.08928571428571419,True,,official_unadjusted_ohlcv_tpex_trading_stock,official_unadjusted_ohlcv_tpex_trading_stock,TPEX_TRADING_STOCK,TPEX_TRADING_STOCK,False,unadjusted_ohlcv; adjusted_close_blocked_not_fabricated,True,False,False,False,False,False,False,False,True,False,1000000,35714.0,999992.0,1089277.0,1425.0,4820.0,6245.0,0.08292249881917323,applied_local_ep05_cost_model_to_unadjusted_ohlc_unit_notional,1368
2023-07-21,2023-07-21,2023-07-28,4533,協易機,TPEx,pool_breadth_route,regime_switch_hybrid_route,mega_or_stock_route,stable_strength,same_week_close_to_next_rebalance_close_comparator,unadjusted_close,unadjusted_close,28.45,29.45,30.7,29.45,30.7,0.042444821731748794,True,,official_unadjusted_ohlcv_tpex_trading_stock,official_unadjusted_ohlcv_tpex_trading_stock,TPEX_TRADING_STOCK,TPEX_TRADING_STOCK,False,unadjusted_ohlcv; adjusted_close_blocked_not_fabricated,True,False,False,False,False,False,False,False,True,False,1000000,33955.0,999974.75,1042418.5,1425.0,4612.0,6037.0,0.036355860883728004,applied_local_ep05_cost_model_to_unadjusted_ohlc_unit_notional,1368
2023-07-21,2023-07-24,2023-07-31,4533,協易機,TPEx,pool_breadth_route,regime_switch_hybrid_route,mega_or_stock_route,stable_strength,next_day_open_entry_fixed_5td_exit,unadjusted_open,unadjusted_close,30.0,28.0,30.5,30.0,30.5,0.016666666666666607,True,,official_unadjusted_ohlcv_tpex_trading_stock,official_unadjusted_ohlcv_tpex_trading_stock,TPEX_TRADING_STOCK,TPEX_TRADING_STOCK,False,unadjusted_ohlcv; adjusted_close_blocked_not_fabricated,True,False,False,False,False,False,False,False,True,False,1000000,33333.0,999990.0,1016656.5,1425.0,4499.0,5924.0,0.01072732084100997,applied_local_ep05_cost_model_to_unadjusted_ohlc_unit_notional,1368
2023-07-28,2023-07-31,2023-08-08,2383,台光電,TWSE,dynamic80_top1_rs20_31_bonus_proxy,legacy_rs20_operating_mode,mega_rs20,dynamic80_top1_rs20_31_bonus_proxy,next_day_close_entry_fixed_5td_exit,unadjusted_close,unadjusted_close,428.5,414.0,440.5,414.0,440.5,0.06400966183574885,True,,official_unadjusted_ohlcv_twse_stock_day,official_unadjusted_ohlcv_twse_stock_day,TWSE_STOCK_DAY,TWSE_STOCK_DAY,False,unadjusted_ohlcv; adjusted_close_blocked_not_fabricated,True,False,False,False,False,False,False,False,True,False,1000000,2415.0,999810.0,1063807.5,1425.0,4707.0,6132.0,0.05779412425654317,applied_local_ep05_cost_model_to_unadjusted_ohlc_unit_notional,1368
2023-07-28,2023-07-28,2023-08-04,2383,台光電,TWSE,dynamic80_top1_rs20_31_bonus_proxy,legacy_rs20_operating_mode,mega_rs20,dynamic80_top1_rs20_31_bonus_proxy,same_week_close_to_next_rebalance_close_comparator,unadjusted_close,unadjusted_close,409.0,418.0,400.0,418.0,400.0,-0.0430622009569378,True,,official_unadjusted_ohlcv_twse_stock_day,official_unadjusted_ohlcv_twse_stock_day,TWSE_STOCK_DAY,TWSE_STOCK_DAY,False,unadjusted_ohlcv; adjusted_close_blocked_not_fabricated,True,False,False,False,False,False,False,False,True,False,1000000,2392.0,999856.0,956800.0,1425.0,4233.0,5658.0,-0.04865167720150487,applied_local_ep05_cost_model_to_unadjusted_ohlc_unit_notional,1368
2023-07-28,2023-07-31,2023-08-08,2383,台光電,TWSE,dynamic80_top1_rs20_31_bonus_proxy,legacy_rs20_operating_mode,mega_rs20,dynamic80_top1_rs20_31_bonus_proxy,next_day_open_entry_fixed_5td_exit,unadjusted_open,unadjusted_close,428.5,414.0,440.5,428.5,440.5,0.028004667444574194,True,,official_unadjusted_ohlcv_twse_stock_day,official_unadjusted_ohlcv_twse_stock_day,TWSE_STOCK_DAY,TWSE_STOCK_DAY,False,unadjusted_ohlcv; adjusted_close_blocked_not_fabricated,True,False,False,False,False,False,False,False,True,False,1000000,2333.0,999690.5,1027686.5,1425.0,4547.0,5972.0,0.021999459602813062,applied_local_ep05_cost_model_to_unadjusted_ohlc_unit_notional,1368
2023-07-28,2023-07-31,2023-08-08,2383,台光電,TWSE,dynamic80_top1_rs20_7core_context_proxy,legacy_rs20_operating_mode,mega_rs20,dynamic80_top1_rs20_7core_context_proxy,next_day_close_entry_fixed_5td_exit,unadjusted_close,unadjusted_close,428.5,414.0,440.5,414.0,440.5,0.06400966183574885,True,,official_unadjusted_ohlcv_twse_stock_day,official_unadjusted_ohlcv_twse_stock_day,TWSE_STOCK_DAY,TWSE_STOCK_DAY,False,unadjusted_ohlcv; adjusted_close_blocked_not_fabricated,True,False,False,False,False,False,False,False,True,False,1000000,2415.0,999810.0,1063807.5,1425.0,4707.0,6132.0,0.05779412425654317,applied_local_ep05_cost_model_to_unadjusted_ohlc_unit_notional,1368
2023-07-28,2023-07-28,2023-08-04,2383,台光電,TWSE,dynamic80_top1_rs20_7core_context_proxy,legacy_rs20_operating_mode,mega_rs20,dynamic80_top1_rs20_7core_context_proxy,same_week_close_to_next_rebalance_close_comparator,unadjusted_close,unadjusted_close,409.0,418.0,400.0,418.0,400.0,-0.0430622009569378,True,,official_unadjusted_ohlcv_twse_stock_day,official_unadjusted_ohlcv_twse_stock_day,TWSE_STOCK_DAY,TWSE_STOCK_DAY,False,unadjusted_ohlcv; adjusted_close_blocked_not_fabricated,True,False,False,False,False,False,False,False,True,False,1000000,2392.0,999856.0,956800.0,1425.0,4233.0,5658.0,-0.04865167720150487,applied_local_ep05_cost_model_to_unadjusted_ohlc_unit_notional,1368
2023-07-28,2023-07-31,2023-08-08,2383,台光電,TWSE,dynamic80_top1_rs20_7core_context_proxy,legacy_rs20_operating_mode,mega_rs20,dynamic80_top1_rs20_7core_context_proxy,next_day_open_entry_fixed_5td_exit,unadjusted_open,unadjusted_close,428.5,414.0,440.5,428.5,440.5,0.028004667444574194,True,,official_unadjusted_ohlcv_twse_stock_day,official_unadjusted_ohlcv_twse_stock_day,TWSE_STOCK_DAY,TWSE_STOCK_DAY,False,unadjusted_ohlcv; adjusted_close_blocked_not_fabricated,True,False,False,False,False,False,False,False,True,False,1000000,2333.0,999690.5,1027686.5,1425.0,4547.0,5972.0,0.021999459602813062,applied_local_ep05_cost_model_to_unadjusted_ohlc_unit_notional,1368
2023-07-28,2023-07-31,2023-08-08,2383,台光電,TWSE,dynamic80_top1_rs20_proxy,legacy_rs20_operating_mode,mega_rs20,dynamic80_top1_rs20_proxy,next_day_close_entry_fixed_5td_exit,unadjusted_close,unadjusted_close,428.5,414.0,440.5,414.0,440.5,0.06400966183574885,True,,official_unadjusted_ohlcv_twse_stock_day,official_unadjusted_ohlcv_twse_stock_day,TWSE_STOCK_DAY,TWSE_STOCK_DAY,False,unadjusted_ohlcv; adjusted_close_blocked_not_fabricated,True,False,False,False,False,False,False,False,True,False,1000000,2415.0,999810.0,1063807.5,1425.0,4707.0,6132.0,0.05779412425654317,applied_local_ep05_cost_model_to_unadjusted_ohlc_unit_notional,1368
2023-07-28,2023-07-28,2023-08-04,2383,台光電,TWSE,dynamic80_top1_rs20_proxy,legacy_rs20_operating_mode,mega_rs20,dynamic80_top1_rs20_proxy,same_week_close_to_next_rebalance_close_comparator,unadjusted_close,unadjusted_close,409.0,418.0,400.0,418.0,400.0,-0.0430622009569378,True,,official_unadjusted_ohlcv_twse_stock_day,official_unadjusted_ohlcv_twse_stock_day,TWSE_STOCK_DAY,TWSE_STOCK_DAY,False,unadjusted_ohlcv; adjusted_close_blocked_not_fabricated,True,False,False,False,False,False,False,False,True,False,1000000,2392.0,999856.0,956800.0,1425.0,4233.0,5658.0,-0.04865167720150487,applied_local_ep05_cost_model_to_unadjusted_ohlc_unit_notional,1368
2023-07-28,2023-07-31,2023-08-08,2383,台光電,TWSE,dynamic80_top1_rs20_proxy,legacy_rs20_operating_mode,mega_rs20,dynamic80_top1_rs20_proxy,next_day_open_entry_fixed_5td_exit,unadjusted_open,unadjusted_close,428.5,414.0,440.5,428.5,440.5,0.028004667444574194,True,,official_unadjusted_ohlcv_twse_stock_day,official_unadjusted_ohlcv_twse_stock_day,TWSE_STOCK_DAY,TWSE_STOCK_DAY,False,unadjusted_ohlcv; adjusted_close_blocked_not_fabricated,True,False,False,False,False,False,False,False,True,False,1000000,2333.0,999690.5,1027686.5,1425.0,4547.0,5972.0,0.021999459602813062,applied_local_ep05_cost_model_to_unadjusted_ohlc_unit_notional,1368
2023-07-28,2023-07-31,2023-08-08,2383,台光電,TWSE,dynamic80_top3_rs20_risk_tiebreak_proxy,legacy_rs20_operating_mode,mega_rs20,dynamic80_top3_rs20_risk_tiebreak_proxy,next_day_close_entry_fixed_5td_exit,unadjusted_close,unadjusted_close,428.5,414.0,440.5,414.0,440.5,0.06400966183574885,True,,official_unadjusted_ohlcv_twse_stock_day,official_unadjusted_ohlcv_twse_stock_day,TWSE_STOCK_DAY,TWSE_STOCK_DAY,False,unadjusted_ohlcv; adjusted_close_blocked_not_fabricated,True,False,False,False,False,False,False,False,True,False,1000000,2415.0,999810.0,1063807.5,1425.0,4707.0,6132.0,0.05779412425654317,applied_local_ep05_cost_model_to_unadjusted_ohlc_unit_notional,1368
2023-07-28,2023-07-28,2023-08-04,2383,台光電,TWSE,dynamic80_top3_rs20_risk_tiebreak_proxy,legacy_rs20_operating_mode,mega_rs20,dynamic80_top3_rs20_risk_tiebreak_proxy,same_week_close_to_next_rebalance_close_comparator,unadjusted_close,unadjusted_close,409.0,418.0,400.0,418.0,400.0,-0.0430622009569378,True,,official_unadjusted_ohlcv_twse_stock_day,official_unadjusted_ohlcv_twse_stock_day,TWSE_STOCK_DAY,TWSE_STOCK_DAY,False,unadjusted_ohlcv; adjusted_close_blocked_not_fabricated,True,False,False,False,False,False,False,False,True,False,1000000,2392.0,999856.0,956800.0,1425.0,4233.0,5658.0,-0.04865167720150487,applied_local_ep05_cost_model_to_unadjusted_ohlc_unit_notional,1368
2023-07-28,2023-07-31,2023-08-08,2383,台光電,TWSE,dynamic80_top3_rs20_risk_tiebreak_proxy,legacy_rs20_operating_mode,mega_rs20,dynamic80_top3_rs20_risk_tiebreak_proxy,next_day_open_entry_fixed_5td_exit,unadjusted_open,unadjusted_close,428.5,414.0,440.5,428.5,440.5,0.028004667444574194,True,,official_unadjusted_ohlcv_twse_stock_day,official_unadjusted_ohlcv_twse_stock_day,TWSE_STOCK_DAY,TWSE_STOCK_DAY,False,unadjusted_ohlcv; adjusted_close_blocked_not_fabricated,True,False,False,False,False,False,False,False,True,False,1000000,2333.0,999690.5,1027686.5,1425.0,4547.0,5972.0,0.021999459602813062,applied_local_ep05_cost_model_to_unadjusted_ohlc_unit_notional,1368
2023-07-28,2023-07-31,2023-08-08,4953,緯軟,TPEx,conservative_hurdle_route,regime_switch_hybrid_route,ordinary_defensive_00631L_base,rs20_top3_risk_tiebreak,next_day_close_entry_fixed_5td_exit,unadjusted_close,unadjusted_close,173.5,157.0,138.5,157.0,138.5,-0.11783439490445857,True,,official_unadjusted_ohlcv_tpex_trading_stock,official_unadjusted_ohlcv_tpex_trading_stock,TPEX_TRADING_STOCK,TPEX_TRADING_STOCK,False,unadjusted_ohlcv; adjusted_close_blocked_not_fabricated,True,False,False,False,False,False,False,False,True,False,1000000,6369.0,999933.0,882106.5,1425.0,3903.0,5328.0,-0.1229874829980886,applied_local_ep05_cost_model_to_unadjusted_ohlc_unit_notional,1368
2023-07-28,2023-07-28,2023-08-04,4953,緯軟,TPEx,conservative_hurdle_route,regime_switch_hybrid_route,ordinary_defensive_00631L_base,rs20_top3_risk_tiebreak,same_week_close_to_next_rebalance_close_comparator,unadjusted_close,unadjusted_close,167.0,167.0,142.5,167.0,142.5,-0.1467065868263473,True,,official_unadjusted_ohlcv_tpex_trading_stock,official_unadjusted_ohlcv_tpex_trading_stock,TPEX_TRADING_STOCK,TPEX_TRADING_STOCK,False,unadjusted_ohlcv; adjusted_close_blocked_not_fabricated,True,False,False,False,False,False,False,False,True,False,1000000,5988.0,999996.0,853290.0,1425.0,3776.0,5201.0,-0.15169144645458804,applied_local_ep05_cost_model_to_unadjusted_ohlc_unit_notional,1368
2023-07-28,2023-07-31,2023-08-08,4953,緯軟,TPEx,conservative_hurdle_route,regime_switch_hybrid_route,ordinary_defensive_00631L_base,rs20_top3_risk_tiebreak,next_day_open_entry_fixed_5td_exit,unadjusted_open,unadjusted_close,173.5,157.0,138.5,173.5,138.5,-0.20172910662824206,True,,official_unadjusted_ohlcv_tpex_trading_stock,official_unadjusted_ohlcv_tpex_trading_stock,TPEX_TRADING_STOCK,TPEX_TRADING_STOCK,False,unadjusted_ohlcv; adjusted_close_blocked_not_fabricated,True,False,False,False,False,False,False,False,True,False,1000000,5763.0,999880.5,798175.5,1425.0,3532.0,4957.0,-0.20639255452007405,applied_local_ep05_cost_model_to_unadjusted_ohlc_unit_notional,1368
2023-07-28,2023-07-31,2023-08-08,4953,緯軟,TPEx,dispersion_route,regime_switch_hybrid_route,dispersion,rs20_top3_risk_tiebreak,next_day_close_entry_fixed_5td_exit,unadjusted_close,unadjusted_close,173.5,157.0,138.5,157.0,138.5,-0.11783439490445857,True,,official_unadjusted_ohlcv_tpex_trading_stock,official_unadjusted_ohlcv_tpex_trading_stock,TPEX_TRADING_STOCK,TPEX_TRADING_STOCK,False,unadjusted_ohlcv; adjusted_close_blocked_not_fabricated,True,False,False,False,False,False,False,False,True,False,1000000,6369.0,999933.0,882106.5,1425.0,3903.0,5328.0,-0.1229874829980886,applied_local_ep05_cost_model_to_unadjusted_ohlc_unit_notional,1368
2023-07-28,2023-07-28,2023-08-04,4953,緯軟,TPEx,dispersion_route,regime_switch_hybrid_route,dispersion,rs20_top3_risk_tiebreak,same_week_close_to_next_rebalance_close_comparator,unadjusted_close,unadjusted_close,167.0,167.0,142.5,167.0,142.5,-0.1467065868263473,True,,official_unadjusted_ohlcv_tpex_trading_stock,official_unadjusted_ohlcv_tpex_trading_stock,TPEX_TRADING_STOCK,TPEX_TRADING_STOCK,False,unadjusted_ohlcv; adjusted_close_blocked_not_fabricated,True,False,False,False,False,False,False,False,True,False,1000000,5988.0,999996.0,853290.0,1425.0,3776.0,5201.0,-0.15169144645458804,applied_local_ep05_cost_model_to_unadjusted_ohlc_unit_notional,1368
2023-07-28,2023-07-31,2023-08-08,4953,緯軟,TPEx,dispersion_route,regime_switch_hybrid_route,dispersion,rs20_top3_risk_tiebreak,next_day_open_entry_fixed_5td_exit,unadjusted_open,unadjusted_close,173.5,157.0,138.5,173.5,138.5,-0.20172910662824206,True,,official_unadjusted_ohlcv_tpex_trading_stock,official_unadjusted_ohlcv_tpex_trading_stock,TPEX_TRADING_STOCK,TPEX_TRADING_STOCK,False,unadjusted_ohlcv; adjusted_close_blocked_not_fabricated,True,False,False,False,False,False,False,False,True,False,1000000,5763.0,999880.5,798175.5,1425.0,3532.0,4957.0,-0.20639255452007405,applied_local_ep05_cost_model_to_unadjusted_ohlc_unit_notional,1368
2023-07-28,2023-07-31,2023-08-08,4953,緯軟,TPEx,hybrid_pullback_base_mega_override,regime_switch_hybrid_route,hybrid,rs20_top3_risk_tiebreak,next_day_close_entry_fixed_5td_exit,unadjusted_close,unadjusted_close,173.5,157.0,138.5,157.0,138.5,-0.11783439490445857,True,,official_unadjusted_ohlcv_tpex_trading_stock,official_unadjusted_ohlcv_tpex_trading_stock,TPEX_TRADING_STOCK,TPEX_TRADING_STOCK,False,unadjusted_ohlcv; adjusted_close_blocked_not_fabricated,True,False,False,False,False,False,False,False,True,False,1000000,6369.0,999933.0,882106.5,1425.0,3903.0,5328.0,-0.1229874829980886,applied_local_ep05_cost_model_to_unadjusted_ohlc_unit_notional,1368
2023-07-28,2023-07-28,2023-08-04,4953,緯軟,TPEx,hybrid_pullback_base_mega_override,regime_switch_hybrid_route,hybrid,rs20_top3_risk_tiebreak,same_week_close_to_next_rebalance_close_comparator,unadjusted_close,unadjusted_close,167.0,167.0,142.5,167.0,142.5,-0.1467065868263473,True,,official_unadjusted_ohlcv_tpex_trading_stock,official_unadjusted_ohlcv_tpex_trading_stock,TPEX_TRADING_STOCK,TPEX_TRADING_STOCK,False,unadjusted_ohlcv; adjusted_close_blocked_not_fabricated,True,False,False,False,False,False,False,False,True,False,1000000,5988.0,999996.0,853290.0,1425.0,3776.0,5201.0,-0.15169144645458804,applied_local_ep05_cost_model_to_unadjusted_ohlc_unit_notional,1368
2023-07-28,2023-07-31,2023-08-08,4953,緯軟,TPEx,hybrid_pullback_base_mega_override,regime_switch_hybrid_route,hybrid,rs20_top3_risk_tiebreak,next_day_open_entry_fixed_5td_exit,unadjusted_open,unadjusted_close,173.5,157.0,138.5,173.5,138.5,-0.20172910662824206,True,,official_unadjusted_ohlcv_tpex_trading_stock,official_unadjusted_ohlcv_tpex_trading_stock,TPEX_TRADING_STOCK,TPEX_TRADING_STOCK,False,unadjusted_ohlcv; adjusted_close_blocked_not_fabricated,True,False,False,False,False,False,False,False,True,False,1000000,5763.0,999880.5,798175.5,1425.0,3532.0,4957.0,-0.20639255452007405,applied_local_ep05_cost_model_to_unadjusted_ohlc_unit_notional,1368
2023-07-28,2023-07-31,2023-08-08,5439,高技,TPEx,market_bias_pool_trend_route,regime_switch_hybrid_route,mega_or_stock_route,stable_strength,next_day_close_entry_fixed_5td_exit,unadjusted_close,unadjusted_close,109.5,108.5,109.5,108.5,109.5,0.009216589861751112,True,,official_unadjusted_ohlcv_tpex_trading_stock,official_unadjusted_ohlcv_tpex_trading_stock,TPEX_TRADING_STOCK,TPEX_TRADING_STOCK,False,unadjusted_ohlcv; adjusted_close_blocked_not_fabricated,True,False,False,False,False,False,False,False,True,False,1000000,9216.0,999936.0,1009152.0,1425.0,4465.0,5890.0,0.003321479466446167,applied_local_ep05_cost_model_to_unadjusted_ohlc_unit_notional,1368
2023-07-28,2023-07-28,2023-08-04,5439,高技,TPEx,market_bias_pool_trend_route,regime_switch_hybrid_route,mega_or_stock_route,stable_strength,same_week_close_to_next_rebalance_close_comparator,unadjusted_close,unadjusted_close,107.5,107.0,105.0,107.0,105.0,-0.01869158878504673,True,,official_unadjusted_ohlcv_tpex_trading_stock,official_unadjusted_ohlcv_tpex_trading_stock,TPEX_TRADING_STOCK,TPEX_TRADING_STOCK,False,unadjusted_ohlcv; adjusted_close_blocked_not_fabricated,True,False,False,False,False,False,False,False,True,False,1000000,9345.0,999915.0,981225.0,1425.0,4342.0,5767.0,-0.02442427147622186,applied_local_ep05_cost_model_to_unadjusted_ohlc_unit_notional,1368
2023-07-28,2023-07-31,2023-08-08,5439,高技,TPEx,market_bias_pool_trend_route,regime_switch_hybrid_route,mega_or_stock_route,stable_strength,next_day_open_entry_fixed_5td_exit,unadjusted_open,unadjusted_close,109.5,108.5,109.5,109.5,109.5,0.0,True,,official_unadjusted_ohlcv_tpex_trading_stock,official_unadjusted_ohlcv_tpex_trading_stock,TPEX_TRADING_STOCK,TPEX_TRADING_STOCK,False,unadjusted_ohlcv; adjusted_close_blocked_not_fabricated,True,False,False,False,False,False,False,False,True,False,1000000,9132.0,999954.0,999954.0,1425.0,4425.0,5850.0,-0.005841943959280152,applied_local_ep05_cost_model_to_unadjusted_ohlc_unit_notional,1368
2023-07-28,2023-07-31,2023-08-08,5439,高技,TPEx,pool_breadth_route,regime_switch_hybrid_route,mega_or_stock_route,stable_strength,next_day_close_entry_fixed_5td_exit,unadjusted_close,unadjusted_close,109.5,108.5,109.5,108.5,109.5,0.009216589861751112,True,,official_unadjusted_ohlcv_tpex_trading_stock,official_unadjusted_ohlcv_tpex_trading_stock,TPEX_TRADING_STOCK,TPEX_TRADING_STOCK,False,unadjusted_ohlcv; adjusted_close_blocked_not_fabricated,True,False,False,False,False,False,False,False,True,False,1000000,9216.0,999936.0,1009152.0,1425.0,4465.0,5890.0,0.003321479466446167,applied_local_ep05_cost_model_to_unadjusted_ohlc_unit_notional,1368
2023-07-28,2023-07-28,2023-08-04,5439,高技,TPEx,pool_breadth_route,regime_switch_hybrid_route,mega_or_stock_route,stable_strength,same_week_close_to_next_rebalance_close_comparator,unadjusted_close,unadjusted_close,107.5,107.0,105.0,107.0,105.0,-0.01869158878504673,True,,official_unadjusted_ohlcv_tpex_trading_stock,official_unadjusted_ohlcv_tpex_trading_stock,TPEX_TRADING_STOCK,TPEX_TRADING_STOCK,False,unadjusted_ohlcv; adjusted_close_blocked_not_fabricated,True,False,False,False,False,False,False,False,True,False,1000000,9345.0,999915.0,981225.0,1425.0,4342.0,5767.0,-0.02442427147622186,applied_local_ep05_cost_model_to_unadjusted_ohlc_unit_notional,1368
2023-07-28,2023-07-31,2023-08-08,5439,高技,TPEx,pool_breadth_route,regime_switch_hybrid_route,mega_or_stock_route,stable_strength,next_day_open_entry_fixed_5td_exit,unadjusted_open,unadjusted_close,109.5,108.5,109.5,109.5,109.5,0.0,True,,official_unadjusted_ohlcv_tpex_trading_stock,official_unadjusted_ohlcv_tpex_trading_stock,TPEX_TRADING_STOCK,TPEX_TRADING_STOCK,False,unadjusted_ohlcv; adjusted_close_blocked_not_fabricated,True,False,False,False,False,False,False,False,True,False,1000000,9132.0,999954.0,999954.0,1425.0,4425.0,5850.0,-0.005841943959280152,applied_local_ep05_cost_model_to_unadjusted_ohlc_unit_notional,1368
2023-08-04,2023-08-07,2023-08-14,2913,農林,TWSE,dynamic80_top1_rs20_31_bonus_proxy,legacy_rs20_operating_mode,mega_rs20,dynamic80_top1_rs20_31_bonus_proxy,next_day_close_entry_fixed_5td_exit,unadjusted_close,unadjusted_close,30.5,27.4,23.65,27.4,23.65,-0.1368613138686131,True,,official_unadjusted_ohlcv_twse_stock_day,official_unadjusted_ohlcv_twse_stock_day,TWSE_STOCK_DAY,TWSE_STOCK_DAY,False,unadjusted_ohlcv; adjusted_close_blocked_not_fabricated,True,False,False,False,False,False,False,False,True,False,1000000,36496.0,999990.3999999999,863130.3999999999,1425.0,3819.0,5244.0,-0.14190315028109216,applied_local_ep05_cost_model_to_unadjusted_ohlc_unit_notional,1368
2023-08-04,2023-08-04,2023-08-11,2913,農林,TWSE,dynamic80_top1_rs20_31_bonus_proxy,legacy_rs20_operating_mode,mega_rs20,dynamic80_top1_rs20_31_bonus_proxy,same_week_close_to_next_rebalance_close_comparator,unadjusted_close,unadjusted_close,30.5,30.4,24.5,30.4,24.5,-0.19407894736842102,True,,official_unadjusted_ohlcv_twse_stock_day,official_unadjusted_ohlcv_twse_stock_day,TWSE_STOCK_DAY,TWSE_STOCK_DAY,False,unadjusted_ohlcv; adjusted_close_blocked_not_fabricated,True,False,False,False,False,False,False,False,True,False,1000000,32894.0,999977.6,805903.0,1425.0,3566.0,4991.0,-0.1987867816600436,applied_local_ep05_cost_model_to_unadjusted_ohlc_unit_notional,1368
2023-08-04,2023-08-07,2023-08-14,2913,農林,TWSE,dynamic80_top1_rs20_31_bonus_proxy,legacy_rs20_operating_mode,mega_rs20,dynamic80_top1_rs20_31_bonus_proxy,next_day_open_entry_fixed_5td_exit,unadjusted_open,unadjusted_close,30.5,27.4,23.65,30.5,23.65,-0.22459016393442632,True,,official_unadjusted_ohlcv_twse_stock_day,official_unadjusted_ohlcv_twse_stock_day,TWSE_STOCK_DAY,TWSE_STOCK_DAY,False,unadjusted_ohlcv; adjusted_close_blocked_not_fabricated,True,False,False,False,False,False,False,False,True,False,1000000,32786.0,999973.0,775388.8999999999,1425.0,3431.0,4856.0,-0.22911979053283518,applied_local_ep05_cost_model_to_unadjusted_ohlc_unit_notional,1368
2023-08-04,2023-08-07,2023-08-14,2913,農林,TWSE,dynamic80_top1_rs20_7core_context_proxy,legacy_rs20_operating_mode,mega_rs20,dynamic80_top1_rs20_7core_context_proxy,next_day_close_entry_fixed_5td_exit,unadjusted_close,unadjusted_close,30.5,27.4,23.65,27.4,23.65,-0.1368613138686131,True,,official_unadjusted_ohlcv_twse_stock_day,official_unadjusted_ohlcv_twse_stock_day,TWSE_STOCK_DAY,TWSE_STOCK_DAY,False,unadjusted_ohlcv; adjusted_close_blocked_not_fabricated,True,False,False,False,False,False,False,False,True,False,1000000,36496.0,999990.3999999999,863130.3999999999,1425.0,3819.0,5244.0,-0.14190315028109216,applied_local_ep05_cost_model_to_unadjusted_ohlc_unit_notional,1368
2023-08-04,2023-08-04,2023-08-11,2913,農林,TWSE,dynamic80_top1_rs20_7core_context_proxy,legacy_rs20_operating_mode,mega_rs20,dynamic80_top1_rs20_7core_context_proxy,same_week_close_to_next_rebalance_close_comparator,unadjusted_close,unadjusted_close,30.5,30.4,24.5,30.4,24.5,-0.19407894736842102,True,,official_unadjusted_ohlcv_twse_stock_day,official_unadjusted_ohlcv_twse_stock_day,TWSE_STOCK_DAY,TWSE_STOCK_DAY,False,unadjusted_ohlcv; adjusted_close_blocked_not_fabricated,True,False,False,False,False,False,False,False,True,False,1000000,32894.0,999977.6,805903.0,1425.0,3566.0,4991.0,-0.1987867816600436,applied_local_ep05_cost_model_to_unadjusted_ohlc_unit_notional,1368
2023-08-04,2023-08-07,2023-08-14,2913,農林,TWSE,dynamic80_top1_rs20_7core_context_proxy,legacy_rs20_operating_mode,mega_rs20,dynamic80_top1_rs20_7core_context_proxy,next_day_open_entry_fixed_5td_exit,unadjusted_open,unadjusted_close,30.5,27.4,23.65,30.5,23.65,-0.22459016393442632,True,,official_unadjusted_ohlcv_twse_stock_day,official_unadjusted_ohlcv_twse_stock_day,TWSE_STOCK_DAY,TWSE_STOCK_DAY,False,unadjusted_ohlcv; adjusted_close_blocked_not_fabricated,True,False,False,False,False,False,False,False,True,False,1000000,32786.0,999973.0,775388.8999999999,1425.0,3431.0,4856.0,-0.22911979053283518,applied_local_ep05_cost_model_to_unadjusted_ohlc_unit_notional,1368
2023-08-04,2023-08-07,2023-08-14,2913,農林,TWSE,dynamic80_top1_rs20_proxy,legacy_rs20_operating_mode,mega_rs20,dynamic80_top1_rs20_proxy,next_day_close_entry_fixed_5td_exit,unadjusted_close,unadjusted_close,30.5,27.4,23.65,27.4,23.65,-0.1368613138686131,True,,official_unadjusted_ohlcv_twse_stock_day,official_unadjusted_ohlcv_twse_stock_day,TWSE_STOCK_DAY,TWSE_STOCK_DAY,False,unadjusted_ohlcv; adjusted_close_blocked_not_fabricated,True,False,False,False,False,False,False,False,True,False,1000000,36496.0,999990.3999999999,863130.3999999999,1425.0,3819.0,5244.0,-0.14190315028109216,applied_local_ep05_cost_model_to_unadjusted_ohlc_unit_notional,1368
2023-08-04,2023-08-04,2023-08-11,2913,農林,TWSE,dynamic80_top1_rs20_proxy,legacy_rs20_operating_mode,mega_rs20,dynamic80_top1_rs20_proxy,same_week_close_to_next_rebalance_close_comparator,unadjusted_close,unadjusted_close,30.5,30.4,24.5,30.4,24.5,-0.19407894736842102,True,,official_unadjusted_ohlcv_twse_stock_day,official_unadjusted_ohlcv_twse_stock_day,TWSE_STOCK_DAY,TWSE_STOCK_DAY,False,unadjusted_ohlcv; adjusted_close_blocked_not_fabricated,True,False,False,False,False,False,False,False,True,False,1000000,32894.0,999977.6,805903.0,1425.0,3566.0,4991.0,-0.1987867816600436,applied_local_ep05_cost_model_to_unadjusted_ohlc_unit_notional,1368
2023-08-04,2023-08-07,2023-08-14,2913,農林,TWSE,dynamic80_top1_rs20_proxy,legacy_rs20_operating_mode,mega_rs20,dynamic80_top1_rs20_proxy,next_day_open_entry_fixed_5td_exit,unadjusted_open,unadjusted_close,30.5,27.4,23.65,30.5,23.65,-0.22459016393442632,True,,official_unadjusted_ohlcv_twse_stock_day,official_unadjusted_ohlcv_twse_stock_day,TWSE_STOCK_DAY,TWSE_STOCK_DAY,False,unadjusted_ohlcv; adjusted_close_blocked_not_fabricated,True,False,False,False,False,False,False,False,True,False,1000000,32786.0,999973.0,775388.8999999999,1425.0,3431.0,4856.0,-0.22911979053283518,applied_local_ep05_cost_model_to_unadjusted_ohlc_unit_notional,1368
2023-08-04,2023-08-07,2023-08-14,2913,農林,TWSE,dynamic80_top3_rs20_risk_tiebreak_proxy,legacy_rs20_operating_mode,mega_rs20,dynamic80_top3_rs20_risk_tiebreak_proxy,next_day_close_entry_fixed_5td_exit,unadjusted_close,unadjusted_close,30.5,27.4,23.65,27.4,23.65,-0.1368613138686131,True,,official_unadjusted_ohlcv_twse_stock_day,official_unadjusted_ohlcv_twse_stock_day,TWSE_STOCK_DAY,TWSE_STOCK_DAY,False,unadjusted_ohlcv; adjusted_close_blocked_not_fabricated,True,False,False,False,False,False,False,False,True,False,1000000,36496.0,999990.3999999999,863130.3999999999,1425.0,3819.0,5244.0,-0.14190315028109216,applied_local_ep05_cost_model_to_unadjusted_ohlc_unit_notional,1368
2023-08-04,2023-08-04,2023-08-11,2913,農林,TWSE,dynamic80_top3_rs20_risk_tiebreak_proxy,legacy_rs20_operating_mode,mega_rs20,dynamic80_top3_rs20_risk_tiebreak_proxy,same_week_close_to_next_rebalance_close_comparator,unadjusted_close,unadjusted_close,30.5,30.4,24.5,30.4,24.5,-0.19407894736842102,True,,official_unadjusted_ohlcv_twse_stock_day,official_unadjusted_ohlcv_twse_stock_day,TWSE_STOCK_DAY,TWSE_STOCK_DAY,False,unadjusted_ohlcv; adjusted_close_blocked_not_fabricated,True,False,False,False,False,False,False,False,True,False,1000000,32894.0,999977.6,805903.0,1425.0,3566.0,4991.0,-0.1987867816600436,applied_local_ep05_cost_model_to_unadjusted_ohlc_unit_notional,1368
2023-08-04,2023-08-07,2023-08-14,2913,農林,TWSE,dynamic80_top3_rs20_risk_tiebreak_proxy,legacy_rs20_operating_mode,mega_rs20,dynamic80_top3_rs20_risk_tiebreak_proxy,next_day_open_entry_fixed_5td_exit,unadjusted_open,unadjusted_close,30.5,27.4,23.65,30.5,23.65,-0.22459016393442632,True,,official_unadjusted_ohlcv_twse_stock_day,official_unadjusted_ohlcv_twse_stock_day,TWSE_STOCK_DAY,TWSE_STOCK_DAY,False,unadjusted_ohlcv; adjusted_close_blocked_not_fabricated,True,False,False,False,False,False,False,False,True,False,1000000,32786.0,999973.0,775388.8999999999,1425.0,3431.0,4856.0,-0.22911979053283518,applied_local_ep05_cost_model_to_unadjusted_ohlc_unit_notional,1368
2023-08-04,2023-08-07,2023-08-14,5439,高技,TPEx,conservative_hurdle_route,regime_switch_hybrid_route,ordinary_defensive_00631L_base,rs20_top3_risk_tiebreak,next_day_close_entry_fixed_5td_exit,unadjusted_close,unadjusted_close,105.0,108.5,98.0,108.5,98.0,-0.09677419354838712,True,,official_unadjusted_ohlcv_tpex_trading_stock,official_unadjusted_ohlcv_tpex_trading_stock,TPEX_TRADING_STOCK,TPEX_TRADING_STOCK,False,unadjusted_ohlcv; adjusted_close_blocked_not_fabricated,True,False,False,False,False,False,False,False,True,False,1000000,9216.0,999936.0,903168.0,1425.0,3997.0,5422.0,-0.10205110844141124,applied_local_ep05_cost_model_to_unadjusted_ohlc_unit_notional,1368
2023-08-04,2023-08-04,2023-08-11,5439,高技,TPEx,conservative_hurdle_route,regime_switch_hybrid_route,ordinary_defensive_00631L_base,rs20_top3_risk_tiebreak,same_week_close_to_next_rebalance_close_comparator,unadjusted_close,unadjusted_close,103.5,105.0,100.0,105.0,100.0,-0.04761904761904767,True,,official_unadjusted_ohlcv_tpex_trading_stock,official_unadjusted_ohlcv_tpex_trading_stock,TPEX_TRADING_STOCK,TPEX_TRADING_STOCK,False,unadjusted_ohlcv; adjusted_close_blocked_not_fabricated,True,False,False,False,False,False,False,False,True,False,1000000,9523.0,999915.0,952300.0,1425.0,4214.0,5639.0,-0.05318273513491921,applied_local_ep05_cost_model_to_unadjusted_ohlc_unit_notional,1368
2023-08-04,2023-08-07,2023-08-14,5439,高技,TPEx,conservative_hurdle_route,regime_switch_hybrid_route,ordinary_defensive_00631L_base,rs20_top3_risk_tiebreak,next_day_open_entry_fixed_5td_exit,unadjusted_open,unadjusted_close,105.0,108.5,98.0,105.0,98.0,-0.06666666666666665,True,,official_unadjusted_ohlcv_tpex_trading_stock,official_unadjusted_ohlcv_tpex_trading_stock,TPEX_TRADING_STOCK,TPEX_TRADING_STOCK,False,unadjusted_ohlcv; adjusted_close_blocked_not_fabricated,True,False,False,False,False,False,False,False,True,False,1000000,9523.0,999915.0,933254.0,1425.0,4130.0,5555.0,-0.07211936005752292,applied_local_ep05_cost_model_to_unadjusted_ohlc_unit_notional,1368
2023-08-04,2023-08-07,2023-08-14,5439,高技,TPEx,dispersion_route,regime_switch_hybrid_route,dispersion,rs20_top3_risk_tiebreak,next_day_close_entry_fixed_5td_exit,unadjusted_close,unadjusted_close,105.0,108.5,98.0,108.5,98.0,-0.09677419354838712,True,,official_unadjusted_ohlcv_tpex_trading_stock,official_unadjusted_ohlcv_tpex_trading_stock,TPEX_TRADING_STOCK,TPEX_TRADING_STOCK,False,unadjusted_ohlcv; adjusted_close_blocked_not_fabricated,True,False,False,False,False,False,False,False,True,False,1000000,9216.0,999936.0,903168.0,1425.0,3997.0,5422.0,-0.10205110844141124,applied_local_ep05_cost_model_to_unadjusted_ohlc_unit_notional,1368
2023-08-04,2023-08-04,2023-08-11,5439,高技,TPEx,dispersion_route,regime_switch_hybrid_route,dispersion,rs20_top3_risk_tiebreak,same_week_close_to_next_rebalance_close_comparator,unadjusted_close,unadjusted_close,103.5,105.0,100.0,105.0,100.0,-0.04761904761904767,True,,official_unadjusted_ohlcv_tpex_trading_stock,official_unadjusted_ohlcv_tpex_trading_stock,TPEX_TRADING_STOCK,TPEX_TRADING_STOCK,False,unadjusted_ohlcv; adjusted_close_blocked_not_fabricated,True,False,False,False,False,False,False,False,True,False,1000000,9523.0,999915.0,952300.0,1425.0,4214.0,5639.0,-0.05318273513491921,applied_local_ep05_cost_model_to_unadjusted_ohlc_unit_notional,1368
2023-08-04,2023-08-07,2023-08-14,5439,高技,TPEx,dispersion_route,regime_switch_hybrid_route,dispersion,rs20_top3_risk_tiebreak,next_day_open_entry_fixed_5td_exit,unadjusted_open,unadjusted_close,105.0,108.5,98.0,105.0,98.0,-0.06666666666666665,True,,official_unadjusted_ohlcv_tpex_trading_stock,official_unadjusted_ohlcv_tpex_trading_stock,TPEX_TRADING_STOCK,TPEX_TRADING_STOCK,False,unadjusted_ohlcv; adjusted_close_blocked_not_fabricated,True,False,False,False,False,False,False,False,True,False,1000000,9523.0,999915.0,933254.0,1425.0,4130.0,5555.0,-0.07211936005752292,applied_local_ep05_cost_model_to_unadjusted_ohlc_unit_notional,1368
2023-08-04,2023-08-07,2023-08-14,2377,微星,TWSE,hybrid_pullback_base_mega_override,regime_switch_hybrid_route,hybrid,pullback_repair,next_day_close_entry_fixed_5td_exit,unadjusted_close,unadjusted_close,185.0,189.0,178.0,189.0,178.0,-0.05820105820105825,True,,official_unadjusted_ohlcv_twse_stock_day,official_unadjusted_ohlcv_twse_stock_day,TWSE_STOCK_DAY,TWSE_STOCK_DAY,False,unadjusted_ohlcv; adjusted_close_blocked_not_fabricated,True,False,False,False,False,False,False,False,True,False,1000000,5291.0,999999.0,941798.0,1425.0,4167.0,5592.0,-0.06370228794197064,applied_local_ep05_cost_model_to_unadjusted_ohlc_unit_notional,1368
2023-08-04,2023-08-04,2023-08-11,2377,微星,TWSE,hybrid_pullback_base_mega_override,regime_switch_hybrid_route,hybrid,pullback_repair,same_week_close_to_next_rebalance_close_comparator,unadjusted_close,unadjusted_close,187.0,184.5,179.0,184.5,179.0,-0.02981029810298108,True,,official_unadjusted_ohlcv_twse_stock_day,official_unadjusted_ohlcv_twse_stock_day,TWSE_STOCK_DAY,TWSE_STOCK_DAY,False,unadjusted_ohlcv; adjusted_close_blocked_not_fabricated,True,False,False,False,False,False,False,False,True,False,1000000,5420.0,999990.0,970180.0,1425.0,4294.0,5719.0,-0.03547879750153533,applied_local_ep05_cost_model_to_unadjusted_ohlc_unit_notional,1368
2023-08-04,2023-08-07,2023-08-14,2377,微星,TWSE,hybrid_pullback_base_mega_override,regime_switch_hybrid_route,hybrid,pullback_repair,next_day_open_entry_fixed_5td_exit,unadjusted_open,unadjusted_close,185.0,189.0,178.0,185.0,178.0,-0.037837837837837784,True,,official_unadjusted_ohlcv_twse_stock_day,official_unadjusted_ohlcv_twse_stock_day,TWSE_STOCK_DAY,TWSE_STOCK_DAY,False,unadjusted_ohlcv; adjusted_close_blocked_not_fabricated,True,False,False,False,False,False,False,False,True,False,1000000,5405.0,999925.0,962090.0,1425.0,4257.0,5682.0,-0.04345833125280871,applied_local_ep05_cost_model_to_unadjusted_ohlc_unit_notional,1368
2023-08-04,2023-08-07,2023-08-14,2059,川湖,TWSE,market_bias_pool_trend_route,regime_switch_hybrid_route,mega_or_stock_route,stable_strength,next_day_close_entry_fixed_5td_exit,unadjusted_close,unadjusted_close,818.0,877.0,817.0,877.0,817.0,-0.06841505131128844,True,,official_unadjusted_ohlcv_twse_stock_day,official_unadjusted_ohlcv_twse_stock_day,TWSE_STOCK_DAY,TWSE_STOCK_DAY,False,unadjusted_ohlcv; adjusted_close_blocked_not_fabricated,True,False,False,False,False,False,False,False,True,False,1000000,1140.0,999780.0,931380.0,1425.0,4121.0,5546.0,-0.07385700231221379,applied_local_ep05_cost_model_to_unadjusted_ohlc_unit_notional,1368
2023-08-04,2023-08-04,2023-08-11,2059,川湖,TWSE,market_bias_pool_trend_route,regime_switch_hybrid_route,mega_or_stock_route,stable_strength,same_week_close_to_next_rebalance_close_comparator,unadjusted_close,unadjusted_close,822.0,817.0,812.0,817.0,812.0,-0.006119951040391647,True,,official_unadjusted_ohlcv_twse_stock_day,official_unadjusted_ohlcv_twse_stock_day,TWSE_STOCK_DAY,TWSE_STOCK_DAY,False,unadjusted_ohlcv; adjusted_close_blocked_not_fabricated,True,False,False,False,False,False,False,False,True,False,1000000,1223.0,999191.0,993076.0,1424.0,4394.0,5818.0,-0.011925665715584914,applied_local_ep05_cost_model_to_unadjusted_ohlc_unit_notional,1368
2023-08-04,2023-08-07,2023-08-14,2059,川湖,TWSE,market_bias_pool_trend_route,regime_switch_hybrid_route,mega_or_stock_route,stable_strength,next_day_open_entry_fixed_5td_exit,unadjusted_open,unadjusted_close,818.0,877.0,817.0,818.0,817.0,-0.0012224938875305957,True,,official_unadjusted_ohlcv_twse_stock_day,official_unadjusted_ohlcv_twse_stock_day,TWSE_STOCK_DAY,TWSE_STOCK_DAY,False,unadjusted_ohlcv; adjusted_close_blocked_not_fabricated,True,False,False,False,False,False,False,False,True,False,1000000,1222.0,999596.0,998374.0,1424.0,4418.0,5842.0,-0.007056802061896865,applied_local_ep05_cost_model_to_unadjusted_ohlc_unit_notional,1368
2023-08-04,2023-08-07,2023-08-14,2059,川湖,TWSE,pool_breadth_route,regime_switch_hybrid_route,mega_or_stock_route,stable_strength,next_day_close_entry_fixed_5td_exit,unadjusted_close,unadjusted_close,818.0,877.0,817.0,877.0,817.0,-0.06841505131128844,True,,official_unadjusted_ohlcv_twse_stock_day,official_unadjusted_ohlcv_twse_stock_day,TWSE_STOCK_DAY,TWSE_STOCK_DAY,False,unadjusted_ohlcv; adjusted_close_blocked_not_fabricated,True,False,False,False,False,False,False,False,True,False,1000000,1140.0,999780.0,931380.0,1425.0,4121.0,5546.0,-0.07385700231221379,applied_local_ep05_cost_model_to_unadjusted_ohlc_unit_notional,1368
2023-08-04,2023-08-04,2023-08-11,2059,川湖,TWSE,pool_breadth_route,regime_switch_hybrid_route,mega_or_stock_route,stable_strength,same_week_close_to_next_rebalance_close_comparator,unadjusted_close,unadjusted_close,822.0,817.0,812.0,817.0,812.0,-0.006119951040391647,True,,official_unadjusted_ohlcv_twse_stock_day,official_unadjusted_ohlcv_twse_stock_day,TWSE_STOCK_DAY,TWSE_STOCK_DAY,False,unadjusted_ohlcv; adjusted_close_blocked_not_fabricated,True,False,False,False,False,False,False,False,True,False,1000000,1223.0,999191.0,993076.0,1424.0,4394.0,5818.0,-0.011925665715584914,applied_local_ep05_cost_model_to_unadjusted_ohlc_unit_notional,1368
2023-08-04,2023-08-07,2023-08-14,2059,川湖,TWSE,pool_breadth_route,regime_switch_hybrid_route,mega_or_stock_route,stable_strength,next_day_open_entry_fixed_5td_exit,unadjusted_open,unadjusted_close,818.0,877.0,817.0,818.0,817.0,-0.0012224938875305957,True,,official_unadjusted_ohlcv_twse_stock_day,official_unadjusted_ohlcv_twse_stock_day,TWSE_STOCK_DAY,TWSE_STOCK_DAY,False,unadjusted_ohlcv; adjusted_close_blocked_not_fabricated,True,False,False,False,False,False,False,False,True,False,1000000,1222.0,999596.0,998374.0,1424.0,4418.0,5842.0,-0.007056802061896865,applied_local_ep05_cost_model_to_unadjusted_ohlc_unit_notional,1368
2023-08-11,2023-08-14,2023-08-21,3483,力致,TPEx,dynamic80_top1_rs20_31_bonus_proxy,legacy_rs20_operating_mode,mega_rs20,dynamic80_top1_rs20_31_bonus_proxy,next_day_close_entry_fixed_5td_exit,unadjusted_close,unadjusted_close,135.0,132.5,152.0,132.5,152.0,0.14716981132075468,True,,official_unadjusted_ohlcv_tpex_trading_stock,official_unadjusted_ohlcv_tpex_trading_stock,TPEX_TRADING_STOCK,TPEX_TRADING_STOCK,False,unadjusted_ohlcv; adjusted_close_blocked_not_fabricated,True,False,False,False,False,False,False,False,True,False,1000000,7547.0,999977.5,1147144.0,1425.0,5076.0,6501.0,0.14046849293865354,applied_local_ep05_cost_model_to_unadjusted_ohlc_unit_notional,1368
2023-08-11,2023-08-11,2023-08-18,3483,力致,TPEx,dynamic80_top1_rs20_31_bonus_proxy,legacy_rs20_operating_mode,mega_rs20,dynamic80_top1_rs20_31_bonus_proxy,same_week_close_to_next_rebalance_close_comparator,unadjusted_close,unadjusted_close,160.0,146.5,143.0,146.5,143.0,-0.023890784982935176,True,,official_unadjusted_ohlcv_tpex_trading_stock,official_unadjusted_ohlcv_tpex_trading_stock,TPEX_TRADING_STOCK,TPEX_TRADING_STOCK,False,unadjusted_ohlcv; adjusted_close_blocked_not_fabricated,True,False,False,False,False,False,False,False,True,False,1000000,6825.0,999862.5,975975.0,1425.0,4319.0,5744.0,-0.029593398499431982,applied_local_ep05_cost_model_to_unadjusted_ohlc_unit_notional,1368
2023-08-11,2023-08-14,2023-08-21,3483,力致,TPEx,dynamic80_top1_rs20_31_bonus_proxy,legacy_rs20_operating_mode,mega_rs20,dynamic80_top1_rs20_31_bonus_proxy,next_day_open_entry_fixed_5td_exit,unadjusted_open,unadjusted_close,135.0,132.5,152.0,135.0,152.0,0.125925925925926,True,,official_unadjusted_ohlcv_tpex_trading_stock,official_unadjusted_ohlcv_tpex_trading_stock,TPEX_TRADING_STOCK,TPEX_TRADING_STOCK,False,unadjusted_ohlcv; adjusted_close_blocked_not_fabricated,True,False,False,False,False,False,False,False,True,False,1000000,7407.0,999945.0,1125864.0,1425.0,4982.0,6407.0,0.11934849256518569,applied_local_ep05_cost_model_to_unadjusted_ohlc_unit_notional,1368
2023-08-11,2023-08-14,2023-08-21,3483,力致,TPEx,dynamic80_top1_rs20_7core_context_proxy,legacy_rs20_operating_mode,mega_rs20,dynamic80_top1_rs20_7core_context_proxy,next_day_close_entry_fixed_5td_exit,unadjusted_close,unadjusted_close,135.0,132.5,152.0,132.5,152.0,0.14716981132075468,True,,official_unadjusted_ohlcv_tpex_trading_stock,official_unadjusted_ohlcv_tpex_trading_stock,TPEX_TRADING_STOCK,TPEX_TRADING_STOCK,False,unadjusted_ohlcv; adjusted_close_blocked_not_fabricated,True,False,False,False,False,False,False,False,True,False,1000000,7547.0,999977.5,1147144.0,1425.0,5076.0,6501.0,0.14046849293865354,applied_local_ep05_cost_model_to_unadjusted_ohlc_unit_notional,1368
2023-08-11,2023-08-11,2023-08-18,3483,力致,TPEx,dynamic80_top1_rs20_7core_context_proxy,legacy_rs20_operating_mode,mega_rs20,dynamic80_top1_rs20_7core_context_proxy,same_week_close_to_next_rebalance_close_comparator,unadjusted_close,unadjusted_close,160.0,146.5,143.0,146.5,143.0,-0.023890784982935176,True,,official_unadjusted_ohlcv_tpex_trading_stock,official_unadjusted_ohlcv_tpex_trading_stock,TPEX_TRADING_STOCK,TPEX_TRADING_STOCK,False,unadjusted_ohlcv; adjusted_close_blocked_not_fabricated,True,False,False,False,False,False,False,False,True,False,1000000,6825.0,999862.5,975975.0,1425.0,4319.0,5744.0,-0.029593398499431982,applied_local_ep05_cost_model_to_unadjusted_ohlc_unit_notional,1368
2023-08-11,2023-08-14,2023-08-21,3483,力致,TPEx,dynamic80_top1_rs20_7core_context_proxy,legacy_rs20_operating_mode,mega_rs20,dynamic80_top1_rs20_7core_context_proxy,next_day_open_entry_fixed_5td_exit,unadjusted_open,unadjusted_close,135.0,132.5,152.0,135.0,152.0,0.125925925925926,True,,official_unadjusted_ohlcv_tpex_trading_stock,official_unadjusted_ohlcv_tpex_trading_stock,TPEX_TRADING_STOCK,TPEX_TRADING_STOCK,False,unadjusted_ohlcv; adjusted_close_blocked_not_fabricated,True,False,False,False,False,False,False,False,True,False,1000000,7407.0,999945.0,1125864.0,1425.0,4982.0,6407.0,0.11934849256518569,applied_local_ep05_cost_model_to_unadjusted_ohlc_unit_notional,1368
2023-08-11,2023-08-14,2023-08-21,3483,力致,TPEx,dynamic80_top1_rs20_proxy,legacy_rs20_operating_mode,mega_rs20,dynamic80_top1_rs20_proxy,next_day_close_entry_fixed_5td_exit,unadjusted_close,unadjusted_close,135.0,132.5,152.0,132.5,152.0,0.14716981132075468,True,,official_unadjusted_ohlcv_tpex_trading_stock,official_unadjusted_ohlcv_tpex_trading_stock,TPEX_TRADING_STOCK,TPEX_TRADING_STOCK,False,unadjusted_ohlcv; adjusted_close_blocked_not_fabricated,True,False,False,False,False,False,False,False,True,False,1000000,7547.0,999977.5,1147144.0,1425.0,5076.0,6501.0,0.14046849293865354,applied_local_ep05_cost_model_to_unadjusted_ohlc_unit_notional,1368
2023-08-11,2023-08-11,2023-08-18,3483,力致,TPEx,dynamic80_top1_rs20_proxy,legacy_rs20_operating_mode,mega_rs20,dynamic80_top1_rs20_proxy,same_week_close_to_next_rebalance_close_comparator,unadjusted_close,unadjusted_close,160.0,146.5,143.0,146.5,143.0,-0.023890784982935176,True,,official_unadjusted_ohlcv_tpex_trading_stock,official_unadjusted_ohlcv_tpex_trading_stock,TPEX_TRADING_STOCK,TPEX_TRADING_STOCK,False,unadjusted_ohlcv; adjusted_close_blocked_not_fabricated,True,False,False,False,False,False,False,False,True,False,1000000,6825.0,999862.5,975975.0,1425.0,4319.0,5744.0,-0.029593398499431982,applied_local_ep05_cost_model_to_unadjusted_ohlc_unit_notional,1368
2023-08-11,2023-08-14,2023-08-21,3483,力致,TPEx,dynamic80_top1_rs20_proxy,legacy_rs20_operating_mode,mega_rs20,dynamic80_top1_rs20_proxy,next_day_open_entry_fixed_5td_exit,unadjusted_open,unadjusted_close,135.0,132.5,152.0,135.0,152.0,0.125925925925926,True,,official_unadjusted_ohlcv_tpex_trading_stock,official_unadjusted_ohlcv_tpex_trading_stock,TPEX_TRADING_STOCK,TPEX_TRADING_STOCK,False,unadjusted_ohlcv; adjusted_close_blocked_not_fabricated,True,False,False,False,False,False,False,False,True,False,1000000,7407.0,999945.0,1125864.0,1425.0,4982.0,6407.0,0.11934849256518569,applied_local_ep05_cost_model_to_unadjusted_ohlc_unit_notional,1368
2023-08-11,2023-08-14,2023-08-21,3483,力致,TPEx,dynamic80_top3_rs20_risk_tiebreak_proxy,legacy_rs20_operating_mode,mega_rs20,dynamic80_top3_rs20_risk_tiebreak_proxy,next_day_close_entry_fixed_5td_exit,unadjusted_close,unadjusted_close,135.0,132.5,152.0,132.5,152.0,0.14716981132075468,True,,official_unadjusted_ohlcv_tpex_trading_stock,official_unadjusted_ohlcv_tpex_trading_stock,TPEX_TRADING_STOCK,TPEX_TRADING_STOCK,False,unadjusted_ohlcv; adjusted_close_blocked_not_fabricated,True,False,False,False,False,False,False,False,True,False,1000000,7547.0,999977.5,1147144.0,1425.0,5076.0,6501.0,0.14046849293865354,applied_local_ep05_cost_model_to_unadjusted_ohlc_unit_notional,1368
2023-08-11,2023-08-11,2023-08-18,3483,力致,TPEx,dynamic80_top3_rs20_risk_tiebreak_proxy,legacy_rs20_operating_mode,mega_rs20,dynamic80_top3_rs20_risk_tiebreak_proxy,same_week_close_to_next_rebalance_close_comparator,unadjusted_close,unadjusted_close,160.0,146.5,143.0,146.5,143.0,-0.023890784982935176,True,,official_unadjusted_ohlcv_tpex_trading_stock,official_unadjusted_ohlcv_tpex_trading_stock,TPEX_TRADING_STOCK,TPEX_TRADING_STOCK,False,unadjusted_ohlcv; adjusted_close_blocked_not_fabricated,True,False,False,False,False,False,False,False,True,False,1000000,6825.0,999862.5,975975.0,1425.0,4319.0,5744.0,-0.029593398499431982,applied_local_ep05_cost_model_to_unadjusted_ohlc_unit_notional,1368
2023-08-11,2023-08-14,2023-08-21,3483,力致,TPEx,dynamic80_top3_rs20_risk_tiebreak_proxy,legacy_rs20_operating_mode,mega_rs20,dynamic80_top3_rs20_risk_tiebreak_proxy,next_day_open_entry_fixed_5td_exit,unadjusted_open,unadjusted_close,135.0,132.5,152.0,135.0,152.0,0.125925925925926,True,,official_unadjusted_ohlcv_tpex_trading_stock,official_unadjusted_ohlcv_tpex_trading_stock,TPEX_TRADING_STOCK,TPEX_TRADING_STOCK,False,unadjusted_ohlcv; adjusted_close_blocked_not_fabricated,True,False,False,False,False,False,False,False,True,False,1000000,7407.0,999945.0,1125864.0,1425.0,4982.0,6407.0,0.11934849256518569,applied_local_ep05_cost_model_to_unadjusted_ohlc_unit_notional,1368
2023-08-11,2023-08-14,2023-08-21,8081,致新,TWSE,conservative_hurdle_route,regime_switch_hybrid_route,ordinary_defensive_00631L_base,rs20_top3_risk_tiebreak,next_day_close_entry_fixed_5td_exit,unadjusted_close,unadjusted_close,232.0,232.0,229.0,232.0,229.0,-0.012931034482758674,True,,official_unadjusted_ohlcv_twse_stock_day,official_unadjusted_ohlcv_twse_stock_day,TWSE_STOCK_DAY,TWSE_STOCK_DAY,False,unadjusted_ohlcv; adjusted_close_blocked_not_fabricated,True,False,False,False,False,False,False,False,True,False,1000000,4310.0,999920.0,986990.0,1425.0,4367.0,5792.0,-0.018696852733074015,applied_local_ep05_cost_model_to_unadjusted_ohlc_unit_notional,1368
2023-08-11,2023-08-11,2023-08-18,8081,致新,TWSE,conservative_hurdle_route,regime_switch_hybrid_route,ordinary_defensive_00631L_base,rs20_top3_risk_tiebreak,same_week_close_to_next_rebalance_close_comparator,unadjusted_close,unadjusted_close,234.0,236.0,229.5,236.0,229.5,-0.02754237288135597,True,,official_unadjusted_ohlcv_twse_stock_day,official_unadjusted_ohlcv_twse_stock_day,TWSE_STOCK_DAY,TWSE_STOCK_DAY,False,unadjusted_ohlcv; adjusted_close_blocked_not_fabricated,True,False,False,False,False,False,False,False,True,False,1000000,4237.0,999932.0,972391.5,1425.0,4303.0,5728.0,-0.03322341582472585,applied_local_ep05_cost_model_to_unadjusted_ohlc_unit_notional,1368
2023-08-11,2023-08-14,2023-08-21,8081,致新,TWSE,conservative_hurdle_route,regime_switch_hybrid_route,ordinary_defensive_00631L_base,rs20_top3_risk_tiebreak,next_day_open_entry_fixed_5td_exit,unadjusted_open,unadjusted_close,232.0,232.0,229.0,232.0,229.0,-0.012931034482758674,True,,official_unadjusted_ohlcv_twse_stock_day,official_unadjusted_ohlcv_twse_stock_day,TWSE_STOCK_DAY,TWSE_STOCK_DAY,False,unadjusted_ohlcv; adjusted_close_blocked_not_fabricated,True,False,False,False,False,False,False,False,True,False,1000000,4310.0,999920.0,986990.0,1425.0,4367.0,5792.0,-0.018696852733074015,applied_local_ep05_cost_model_to_unadjusted_ohlc_unit_notional,1368
2023-08-11,2023-08-14,2023-08-21,8081,致新,TWSE,dispersion_route,regime_switch_hybrid_route,dispersion,rs20_top3_risk_tiebreak,next_day_close_entry_fixed_5td_exit,unadjusted_close,unadjusted_close,232.0,232.0,229.0,232.0,229.0,-0.012931034482758674,True,,official_unadjusted_ohlcv_twse_stock_day,official_unadjusted_ohlcv_twse_stock_day,TWSE_STOCK_DAY,TWSE_STOCK_DAY,False,unadjusted_ohlcv; adjusted_close_blocked_not_fabricated,True,False,False,False,False,False,False,False,True,False,1000000,4310.0,999920.0,986990.0,1425.0,4367.0,5792.0,-0.018696852733074015,applied_local_ep05_cost_model_to_unadjusted_ohlc_unit_notional,1368
2023-08-11,2023-08-11,2023-08-18,8081,致新,TWSE,dispersion_route,regime_switch_hybrid_route,dispersion,rs20_top3_risk_tiebreak,same_week_close_to_next_rebalance_close_comparator,unadjusted_close,unadjusted_close,234.0,236.0,229.5,236.0,229.5,-0.02754237288135597,True,,official_unadjusted_ohlcv_twse_stock_day,official_unadjusted_ohlcv_twse_stock_day,TWSE_STOCK_DAY,TWSE_STOCK_DAY,False,unadjusted_ohlcv; adjusted_close_blocked_not_fabricated,True,False,False,False,False,False,False,False,True,False,1000000,4237.0,999932.0,972391.5,1425.0,4303.0,5728.0,-0.03322341582472585,applied_local_ep05_cost_model_to_unadjusted_ohlc_unit_notional,1368
2023-08-11,2023-08-14,2023-08-21,8081,致新,TWSE,dispersion_route,regime_switch_hybrid_route,dispersion,rs20_top3_risk_tiebreak,next_day_open_entry_fixed_5td_exit,unadjusted_open,unadjusted_close,232.0,232.0,229.0,232.0,229.0,-0.012931034482758674,True,,official_unadjusted_ohlcv_twse_stock_day,official_unadjusted_ohlcv_twse_stock_day,TWSE_STOCK_DAY,TWSE_STOCK_DAY,False,unadjusted_ohlcv; adjusted_close_blocked_not_fabricated,True,False,False,False,False,False,False,False,True,False,1000000,4310.0,999920.0,986990.0,1425.0,4367.0,5792.0,-0.018696852733074015,applied_local_ep05_cost_model_to_unadjusted_ohlc_unit_notional,1368
2023-08-11,2023-08-14,2023-08-21,8081,致新,TWSE,hybrid_pullback_base_mega_override,regime_switch_hybrid_route,hybrid,rs20_top3_risk_tiebreak,next_day_close_entry_fixed_5td_exit,unadjusted_close,unadjusted_close,232.0,232.0,229.0,232.0,229.0,-0.012931034482758674,True,,official_unadjusted_ohlcv_twse_stock_day,official_unadjusted_ohlcv_twse_stock_day,TWSE_STOCK_DAY,TWSE_STOCK_DAY,False,unadjusted_ohlcv; adjusted_close_blocked_not_fabricated,True,False,False,False,False,False,False,False,True,False,1000000,4310.0,999920.0,986990.0,1425.0,4367.0,5792.0,-0.018696852733074015,applied_local_ep05_cost_model_to_unadjusted_ohlc_unit_notional,1368
2023-08-11,2023-08-11,2023-08-18,8081,致新,TWSE,hybrid_pullback_base_mega_override,regime_switch_hybrid_route,hybrid,rs20_top3_risk_tiebreak,same_week_close_to_next_rebalance_close_comparator,unadjusted_close,unadjusted_close,234.0,236.0,229.5,236.0,229.5,-0.02754237288135597,True,,official_unadjusted_ohlcv_twse_stock_day,official_unadjusted_ohlcv_twse_stock_day,TWSE_STOCK_DAY,TWSE_STOCK_DAY,False,unadjusted_ohlcv; adjusted_close_blocked_not_fabricated,True,False,False,False,False,False,False,False,True,False,1000000,4237.0,999932.0,972391.5,1425.0,4303.0,5728.0,-0.03322341582472585,applied_local_ep05_cost_model_to_unadjusted_ohlc_unit_notional,1368
2023-08-11,2023-08-14,2023-08-21,8081,致新,TWSE,hybrid_pullback_base_mega_override,regime_switch_hybrid_route,hybrid,rs20_top3_risk_tiebreak,next_day_open_entry_fixed_5td_exit,unadjusted_open,unadjusted_close,232.0,232.0,229.0,232.0,229.0,-0.012931034482758674,True,,official_unadjusted_ohlcv_twse_stock_day,official_unadjusted_ohlcv_twse_stock_day,TWSE_STOCK_DAY,TWSE_STOCK_DAY,False,unadjusted_ohlcv; adjusted_close_blocked_not_fabricated,True,False,False,False,False,False,False,False,True,False,1000000,4310.0,999920.0,986990.0,1425.0,4367.0,5792.0,-0.018696852733074015,applied_local_ep05_cost_model_to_unadjusted_ohlc_unit_notional,1368
2023-08-11,2023-08-14,2023-08-21,3483,力致,TPEx,market_bias_pool_trend_route,regime_switch_hybrid_route,mega_or_stock_route,stable_strength,next_day_close_entry_fixed_5td_exit,unadjusted_close,unadjusted_close,135.0,132.5,152.0,132.5,152.0,0.14716981132075468,True,,official_unadjusted_ohlcv_tpex_trading_stock,official_unadjusted_ohlcv_tpex_trading_stock,TPEX_TRADING_STOCK,TPEX_TRADING_STOCK,False,unadjusted_ohlcv; adjusted_close_blocked_not_fabricated,True,False,False,False,False,False,False,False,True,False,1000000,7547.0,999977.5,1147144.0,1425.0,5076.0,6501.0,0.14046849293865354,applied_local_ep05_cost_model_to_unadjusted_ohlc_unit_notional,1368
2023-08-11,2023-08-11,2023-08-18,3483,力致,TPEx,market_bias_pool_trend_route,regime_switch_hybrid_route,mega_or_stock_route,stable_strength,same_week_close_to_next_rebalance_close_comparator,unadjusted_close,unadjusted_close,160.0,146.5,143.0,146.5,143.0,-0.023890784982935176,True,,official_unadjusted_ohlcv_tpex_trading_stock,official_unadjusted_ohlcv_tpex_trading_stock,TPEX_TRADING_STOCK,TPEX_TRADING_STOCK,False,unadjusted_ohlcv; adjusted_close_blocked_not_fabricated,True,False,False,False,False,False,False,False,True,False,1000000,6825.0,999862.5,975975.0,1425.0,4319.0,5744.0,-0.029593398499431982,applied_local_ep05_cost_model_to_unadjusted_ohlc_unit_notional,1368
2023-08-11,2023-08-14,2023-08-21,3483,力致,TPEx,market_bias_pool_trend_route,regime_switch_hybrid_route,mega_or_stock_route,stable_strength,next_day_open_entry_fixed_5td_exit,unadjusted_open,unadjusted_close,135.0,132.5,152.0,135.0,152.0,0.125925925925926,True,,official_unadjusted_ohlcv_tpex_trading_stock,official_unadjusted_ohlcv_tpex_trading_stock,TPEX_TRADING_STOCK,TPEX_TRADING_STOCK,False,unadjusted_ohlcv; adjusted_close_blocked_not_fabricated,True,False,False,False,False,False,False,False,True,False,1000000,7407.0,999945.0,1125864.0,1425.0,4982.0,6407.0,0.11934849256518569,applied_local_ep05_cost_model_to_unadjusted_ohlc_unit_notional,1368
2023-08-11,2023-08-14,2023-08-21,3483,力致,TPEx,pool_breadth_route,regime_switch_hybrid_route,mega_or_stock_route,stable_strength,next_day_close_entry_fixed_5td_exit,unadjusted_close,unadjusted_close,135.0,132.5,152.0,132.5,152.0,0.14716981132075468,True,,official_unadjusted_ohlcv_tpex_trading_stock,official_unadjusted_ohlcv_tpex_trading_stock,TPEX_TRADING_STOCK,TPEX_TRADING_STOCK,False,unadjusted_ohlcv; adjusted_close_blocked_not_fabricated,True,False,False,False,False,False,False,False,True,False,1000000,7547.0,999977.5,1147144.0,1425.0,5076.0,6501.0,0.14046849293865354,applied_local_ep05_cost_model_to_unadjusted_ohlc_unit_notional,1368
2023-08-11,2023-08-11,2023-08-18,3483,力致,TPEx,pool_breadth_route,regime_switch_hybrid_route,mega_or_stock_route,stable_strength,same_week_close_to_next_rebalance_close_comparator,unadjusted_close,unadjusted_close,160.0,146.5,143.0,146.5,143.0,-0.023890784982935176,True,,official_unadjusted_ohlcv_tpex_trading_stock,official_unadjusted_ohlcv_tpex_trading_stock,TPEX_TRADING_STOCK,TPEX_TRADING_STOCK,False,unadjusted_ohlcv; adjusted_close_blocked_not_fabricated,True,False,False,False,False,False,False,False,True,False,1000000,6825.0,999862.5,975975.0,1425.0,4319.0,5744.0,-0.029593398499431982,applied_local_ep05_cost_model_to_unadjusted_ohlc_unit_notional,1368
2023-08-11,2023-08-14,2023-08-21,3483,力致,TPEx,pool_breadth_route,regime_switch_hybrid_route,mega_or_stock_route,stable_strength,next_day_open_entry_fixed_5td_exit,unadjusted_open,unadjusted_close,135.0,132.5,152.0,135.0,152.0,0.125925925925926,True,,official_unadjusted_ohlcv_tpex_trading_stock,official_unadjusted_ohlcv_tpex_trading_stock,TPEX_TRADING_STOCK,TPEX_TRADING_STOCK,False,unadjusted_ohlcv; adjusted_close_blocked_not_fabricated,True,False,False,False,False,False,False,False,True,False,1000000,7407.0,999945.0,1125864.0,1425.0,4982.0,6407.0,0.11934849256518569,applied_local_ep05_cost_model_to_unadjusted_ohlc_unit_notional,1368
2023-08-18,2023-08-21,2023-08-28,2329,華泰,TWSE,dynamic80_top1_rs20_31_bonus_proxy,legacy_rs20_operating_mode,mega_rs20,dynamic80_top1_rs20_31_bonus_proxy,next_day_close_entry_fixed_5td_exit,unadjusted_close,unadjusted_close,48.05,46.2,43.35,46.2,43.35,-0.06168831168831168,True,,official_unadjusted_ohlcv_twse_stock_day,official_unadjusted_ohlcv_twse_stock_day,TWSE_STOCK_DAY,TWSE_STOCK_DAY,False,unadjusted_ohlcv; adjusted_close_blocked_not_fabricated,True,False,False,False,False,False,False,False,True,False,1000000,21645.0,999999.0000000001,938310.75,1425.0,4152.0,5577.0,-0.06716960048890391,applied_local_ep05_cost_model_to_unadjusted_ohlc_unit_notional,1368
2023-08-18,2023-08-18,2023-08-25,2329,華泰,TWSE,dynamic80_top1_rs20_31_bonus_proxy,legacy_rs20_operating_mode,mega_rs20,dynamic80_top1_rs20_31_bonus_proxy,same_week_close_to_next_rebalance_close_comparator,unadjusted_close,unadjusted_close,48.4,47.4,44.85,47.4,44.85,-0.05379746835443033,True,,official_unadjusted_ohlcv_twse_stock_day,official_unadjusted_ohlcv_twse_stock_day,TWSE_STOCK_DAY,TWSE_STOCK_DAY,False,unadjusted_ohlcv; adjusted_close_blocked_not_fabricated,True,False,False,False,False,False,False,False,True,False,1000000,21097.0,999997.7999999999,946200.4500000001,1425.0,4187.0,5612.0,-0.05932494247185092,applied_local_ep05_cost_model_to_unadjusted_ohlc_unit_notional,1368
2023-08-18,2023-08-21,2023-08-28,2329,華泰,TWSE,dynamic80_top1_rs20_31_bonus_proxy,legacy_rs20_operating_mode,mega_rs20,dynamic80_top1_rs20_31_bonus_proxy,next_day_open_entry_fixed_5td_exit,unadjusted_open,unadjusted_close,48.05,46.2,43.35,48.05,43.35,-0.0978147762747138,True,,official_unadjusted_ohlcv_twse_stock_day,official_unadjusted_ohlcv_twse_stock_day,TWSE_STOCK_DAY,TWSE_STOCK_DAY,False,unadjusted_ohlcv; adjusted_close_blocked_not_fabricated,True,False,False,False,False,False,False,False,True,False,1000000,20811.0,999968.5499999999,902156.85,1425.0,3992.0,5417.0,-0.10308504583437747,applied_local_ep05_cost_model_to_unadjusted_ohlc_unit_notional,1368
2023-08-18,2023-08-21,2023-08-28,2329,華泰,TWSE,dynamic80_top1_rs20_7core_context_proxy,legacy_rs20_operating_mode,mega_rs20,dynamic80_top1_rs20_7core_context_proxy,next_day_close_entry_fixed_5td_exit,unadjusted_close,unadjusted_close,48.05,46.2,43.35,46.2,43.35,-0.06168831168831168,True,,official_unadjusted_ohlcv_twse_stock_day,official_unadjusted_ohlcv_twse_stock_day,TWSE_STOCK_DAY,TWSE_STOCK_DAY,False,unadjusted_ohlcv; adjusted_close_blocked_not_fabricated,True,False,False,False,False,False,False,False,True,False,1000000,21645.0,999999.0000000001,938310.75,1425.0,4152.0,5577.0,-0.06716960048890391,applied_local_ep05_cost_model_to_unadjusted_ohlc_unit_notional,1368
2023-08-18,2023-08-18,2023-08-25,2329,華泰,TWSE,dynamic80_top1_rs20_7core_context_proxy,legacy_rs20_operating_mode,mega_rs20,dynamic80_top1_rs20_7core_context_proxy,same_week_close_to_next_rebalance_close_comparator,unadjusted_close,unadjusted_close,48.4,47.4,44.85,47.4,44.85,-0.05379746835443033,True,,official_unadjusted_ohlcv_twse_stock_day,official_unadjusted_ohlcv_twse_stock_day,TWSE_STOCK_DAY,TWSE_STOCK_DAY,False,unadjusted_ohlcv; adjusted_close_blocked_not_fabricated,True,False,False,False,False,False,False,False,True,False,1000000,21097.0,999997.7999999999,946200.4500000001,1425.0,4187.0,5612.0,-0.05932494247185092,applied_local_ep05_cost_model_to_unadjusted_ohlc_unit_notional,1368
2023-08-18,2023-08-21,2023-08-28,2329,華泰,TWSE,dynamic80_top1_rs20_7core_context_proxy,legacy_rs20_operating_mode,mega_rs20,dynamic80_top1_rs20_7core_context_proxy,next_day_open_entry_fixed_5td_exit,unadjusted_open,unadjusted_close,48.05,46.2,43.35,48.05,43.35,-0.0978147762747138,True,,official_unadjusted_ohlcv_twse_stock_day,official_unadjusted_ohlcv_twse_stock_day,TWSE_STOCK_DAY,TWSE_STOCK_DAY,False,unadjusted_ohlcv; adjusted_close_blocked_not_fabricated,True,False,False,False,False,False,False,False,True,False,1000000,20811.0,999968.5499999999,902156.85,1425.0,3992.0,5417.0,-0.10308504583437747,applied_local_ep05_cost_model_to_unadjusted_ohlc_unit_notional,1368
2023-08-18,2023-08-21,2023-08-28,2329,華泰,TWSE,dynamic80_top1_rs20_proxy,legacy_rs20_operating_mode,mega_rs20,dynamic80_top1_rs20_proxy,next_day_close_entry_fixed_5td_exit,unadjusted_close,unadjusted_close,48.05,46.2,43.35,46.2,43.35,-0.06168831168831168,True,,official_unadjusted_ohlcv_twse_stock_day,official_unadjusted_ohlcv_twse_stock_day,TWSE_STOCK_DAY,TWSE_STOCK_DAY,False,unadjusted_ohlcv; adjusted_close_blocked_not_fabricated,True,False,False,False,False,False,False,False,True,False,1000000,21645.0,999999.0000000001,938310.75,1425.0,4152.0,5577.0,-0.06716960048890391,applied_local_ep05_cost_model_to_unadjusted_ohlc_unit_notional,1368
2023-08-18,2023-08-18,2023-08-25,2329,華泰,TWSE,dynamic80_top1_rs20_proxy,legacy_rs20_operating_mode,mega_rs20,dynamic80_top1_rs20_proxy,same_week_close_to_next_rebalance_close_comparator,unadjusted_close,unadjusted_close,48.4,47.4,44.85,47.4,44.85,-0.05379746835443033,True,,official_unadjusted_ohlcv_twse_stock_day,official_unadjusted_ohlcv_twse_stock_day,TWSE_STOCK_DAY,TWSE_STOCK_DAY,False,unadjusted_ohlcv; adjusted_close_blocked_not_fabricated,True,False,False,False,False,False,False,False,True,False,1000000,21097.0,999997.7999999999,946200.4500000001,1425.0,4187.0,5612.0,-0.05932494247185092,applied_local_ep05_cost_model_to_unadjusted_ohlc_unit_notional,1368
2023-08-18,2023-08-21,2023-08-28,2329,華泰,TWSE,dynamic80_top1_rs20_proxy,legacy_rs20_operating_mode,mega_rs20,dynamic80_top1_rs20_proxy,next_day_open_entry_fixed_5td_exit,unadjusted_open,unadjusted_close,48.05,46.2,43.35,48.05,43.35,-0.0978147762747138,True,,official_unadjusted_ohlcv_twse_stock_day,official_unadjusted_ohlcv_twse_stock_day,TWSE_STOCK_DAY,TWSE_STOCK_DAY,False,unadjusted_ohlcv; adjusted_close_blocked_not_fabricated,True,False,False,False,False,False,False,False,True,False,1000000,20811.0,999968.5499999999,902156.85,1425.0,3992.0,5417.0,-0.10308504583437747,applied_local_ep05_cost_model_to_unadjusted_ohlc_unit_notional,1368
2023-08-18,2023-08-21,2023-08-28,2329,華泰,TWSE,dynamic80_top3_rs20_risk_tiebreak_proxy,legacy_rs20_operating_mode,mega_rs20,dynamic80_top3_rs20_risk_tiebreak_proxy,next_day_close_entry_fixed_5td_exit,unadjusted_close,unadjusted_close,48.05,46.2,43.35,46.2,43.35,-0.06168831168831168,True,,official_unadjusted_ohlcv_twse_stock_day,official_unadjusted_ohlcv_twse_stock_day,TWSE_STOCK_DAY,TWSE_STOCK_DAY,False,unadjusted_ohlcv; adjusted_close_blocked_not_fabricated,True,False,False,False,False,False,False,False,True,False,1000000,21645.0,999999.0000000001,938310.75,1425.0,4152.0,5577.0,-0.06716960048890391,applied_local_ep05_cost_model_to_unadjusted_ohlc_unit_notional,1368
2023-08-18,2023-08-18,2023-08-25,2329,華泰,TWSE,dynamic80_top3_rs20_risk_tiebreak_proxy,legacy_rs20_operating_mode,mega_rs20,dynamic80_top3_rs20_risk_tiebreak_proxy,same_week_close_to_next_rebalance_close_comparator,unadjusted_close,unadjusted_close,48.4,47.4,44.85,47.4,44.85,-0.05379746835443033,True,,official_unadjusted_ohlcv_twse_stock_day,official_unadjusted_ohlcv_twse_stock_day,TWSE_STOCK_DAY,TWSE_STOCK_DAY,False,unadjusted_ohlcv; adjusted_close_blocked_not_fabricated,True,False,False,False,False,False,False,False,True,False,1000000,21097.0,999997.7999999999,946200.4500000001,1425.0,4187.0,5612.0,-0.05932494247185092,applied_local_ep05_cost_model_to_unadjusted_ohlc_unit_notional,1368
2023-08-18,2023-08-21,2023-08-28,2329,華泰,TWSE,dynamic80_top3_rs20_risk_tiebreak_proxy,legacy_rs20_operating_mode,mega_rs20,dynamic80_top3_rs20_risk_tiebreak_proxy,next_day_open_entry_fixed_5td_exit,unadjusted_open,unadjusted_close,48.05,46.2,43.35,48.05,43.35,-0.0978147762747138,True,,official_unadjusted_ohlcv_twse_stock_day,official_unadjusted_ohlcv_twse_stock_day,TWSE_STOCK_DAY,TWSE_STOCK_DAY,False,unadjusted_ohlcv; adjusted_close_blocked_not_fabricated,True,False,False,False,False,False,False,False,True,False,1000000,20811.0,999968.5499999999,902156.85,1425.0,3992.0,5417.0,-0.10308504583437747,applied_local_ep05_cost_model_to_unadjusted_ohlc_unit_notional,1368
2023-08-18,2023-08-21,2023-08-28,3043,科風,TWSE,conservative_hurdle_route,regime_switch_hybrid_route,ordinary_defensive_00631L_base,rs20_top3_risk_tiebreak,next_day_close_entry_fixed_5td_exit,unadjusted_close,unadjusted_close,55.0,56.3,64.5,56.3,64.5,0.1456483126110124,True,,official_unadjusted_ohlcv_twse_stock_day,official_unadjusted_ohlcv_twse_stock_day,TWSE_STOCK_DAY,TWSE_STOCK_DAY,False,unadjusted_ohlcv; adjusted_close_blocked_not_fabricated,True,False,False,False,False,False,False,False,True,False,1000000,17761.0,999944.2999999999,1145584.5,1425.0,5069.0,6494.0,0.1389559276482713,applied_local_ep05_cost_model_to_unadjusted_ohlc_unit_notional,1368
2023-08-18,2023-08-18,2023-08-25,3043,科風,TWSE,conservative_hurdle_route,regime_switch_hybrid_route,ordinary_defensive_00631L_base,rs20_top3_risk_tiebreak,same_week_close_to_next_rebalance_close_comparator,unadjusted_close,unadjusted_close,52.0,54.0,60.9,54.0,60.9,0.12777777777777777,True,,official_unadjusted_ohlcv_twse_stock_day,official_unadjusted_ohlcv_twse_stock_day,TWSE_STOCK_DAY,TWSE_STOCK_DAY,False,unadjusted_ohlcv; adjusted_close_blocked_not_fabricated,True,False,False,False,False,False,False,False,True,False,1000000,18518.0,999972.0,1127746.2,1425.0,4990.0,6415.0,0.12118989771289504,applied_local_ep05_cost_model_to_unadjusted_ohlc_unit_notional,1368
2023-08-18,2023-08-21,2023-08-28,3043,科風,TWSE,conservative_hurdle_route,regime_switch_hybrid_route,ordinary_defensive_00631L_base,rs20_top3_risk_tiebreak,next_day_open_entry_fixed_5td_exit,unadjusted_open,unadjusted_close,55.0,56.3,64.5,55.0,64.5,0.17272727272727262,True,,official_unadjusted_ohlcv_twse_stock_day,official_unadjusted_ohlcv_twse_stock_day,TWSE_STOCK_DAY,TWSE_STOCK_DAY,False,unadjusted_ohlcv; adjusted_close_blocked_not_fabricated,True,False,False,False,False,False,False,False,True,False,1000000,18181.0,999955.0,1172674.5,1425.0,5189.0,6614.0,0.16587659030537857,applied_local_ep05_cost_model_to_unadjusted_ohlc_unit_notional,1368
2023-08-18,2023-08-21,2023-08-28,3043,科風,TWSE,dispersion_route,regime_switch_hybrid_route,dispersion,rs20_top3_risk_tiebreak,next_day_close_entry_fixed_5td_exit,unadjusted_close,unadjusted_close,55.0,56.3,64.5,56.3,64.5,0.1456483126110124,True,,official_unadjusted_ohlcv_twse_stock_day,official_unadjusted_ohlcv_twse_stock_day,TWSE_STOCK_DAY,TWSE_STOCK_DAY,False,unadjusted_ohlcv; adjusted_close_blocked_not_fabricated,True,False,False,False,False,False,False,False,True,False,1000000,17761.0,999944.2999999999,1145584.5,1425.0,5069.0,6494.0,0.1389559276482713,applied_local_ep05_cost_model_to_unadjusted_ohlc_unit_notional,1368
2023-08-18,2023-08-18,2023-08-25,3043,科風,TWSE,dispersion_route,regime_switch_hybrid_route,dispersion,rs20_top3_risk_tiebreak,same_week_close_to_next_rebalance_close_comparator,unadjusted_close,unadjusted_close,52.0,54.0,60.9,54.0,60.9,0.12777777777777777,True,,official_unadjusted_ohlcv_twse_stock_day,official_unadjusted_ohlcv_twse_stock_day,TWSE_STOCK_DAY,TWSE_STOCK_DAY,False,unadjusted_ohlcv; adjusted_close_blocked_not_fabricated,True,False,False,False,False,False,False,False,True,False,1000000,18518.0,999972.0,1127746.2,1425.0,4990.0,6415.0,0.12118989771289504,applied_local_ep05_cost_model_to_unadjusted_ohlc_unit_notional,1368
2023-08-18,2023-08-21,2023-08-28,3043,科風,TWSE,dispersion_route,regime_switch_hybrid_route,dispersion,rs20_top3_risk_tiebreak,next_day_open_entry_fixed_5td_exit,unadjusted_open,unadjusted_close,55.0,56.3,64.5,55.0,64.5,0.17272727272727262,True,,official_unadjusted_ohlcv_twse_stock_day,official_unadjusted_ohlcv_twse_stock_day,TWSE_STOCK_DAY,TWSE_STOCK_DAY,False,unadjusted_ohlcv; adjusted_close_blocked_not_fabricated,True,False,False,False,False,False,False,False,True,False,1000000,18181.0,999955.0,1172674.5,1425.0,5189.0,6614.0,0.16587659030537857,applied_local_ep05_cost_model_to_unadjusted_ohlc_unit_notional,1368
2023-08-18,2023-08-21,2023-08-28,1319,東陽,TWSE,hybrid_pullback_base_mega_override,regime_switch_hybrid_route,hybrid,pullback_repair,next_day_close_entry_fixed_5td_exit,unadjusted_close,unadjusted_close,61.3,61.9,61.2,61.9,61.2,-0.011308562197091976,True,,official_unadjusted_ohlcv_twse_stock_day,official_unadjusted_ohlcv_twse_stock_day,TWSE_STOCK_DAY,TWSE_STOCK_DAY,False,unadjusted_ohlcv; adjusted_close_blocked_not_fabricated,True,False,False,False,False,False,False,False,True,False,1000000,16155.0,999994.5,988686.0,1425.0,4375.0,5800.0,-0.017084248908674136,applied_local_ep05_cost_model_to_unadjusted_ohlc_unit_notional,1368
2023-08-18,2023-08-18,2023-08-25,1319,東陽,TWSE,hybrid_pullback_base_mega_override,regime_switch_hybrid_route,hybrid,pullback_repair,same_week_close_to_next_rebalance_close_comparator,unadjusted_close,unadjusted_close,62.5,61.4,62.1,61.4,62.1,0.01140065146579805,True,,official_unadjusted_ohlcv_twse_stock_day,official_unadjusted_ohlcv_twse_stock_day,TWSE_STOCK_DAY,TWSE_STOCK_DAY,False,unadjusted_ohlcv; adjusted_close_blocked_not_fabricated,True,False,False,False,False,False,False,False,True,False,1000000,16286.0,999960.4,1011360.6,1425.0,4475.0,5900.0,0.005492590565031159,applied_local_ep05_cost_model_to_unadjusted_ohlc_unit_notional,1368
2023-08-18,2023-08-21,2023-08-28,1319,東陽,TWSE,hybrid_pullback_base_mega_override,regime_switch_hybrid_route,hybrid,pullback_repair,next_day_open_entry_fixed_5td_exit,unadjusted_open,unadjusted_close,61.3,61.9,61.2,61.3,61.2,-0.0016313213703098572,True,,official_unadjusted_ohlcv_twse_stock_day,official_unadjusted_ohlcv_twse_stock_day,TWSE_STOCK_DAY,TWSE_STOCK_DAY,False,unadjusted_ohlcv; adjusted_close_blocked_not_fabricated,True,False,False,False,False,False,False,False,True,False,1000000,16313.0,999986.8999999999,998355.6000000001,1425.0,4418.0,5843.0,-0.007463761914552658,applied_local_ep05_cost_model_to_unadjusted_ohlc_unit_notional,1368
2023-08-18,2023-08-21,2023-08-28,2329,華泰,TWSE,market_bias_pool_trend_route,regime_switch_hybrid_route,mega_or_stock_route,stable_strength,next_day_close_entry_fixed_5td_exit,unadjusted_close,unadjusted_close,48.05,46.2,43.35,46.2,43.35,-0.06168831168831168,True,,official_unadjusted_ohlcv_twse_stock_day,official_unadjusted_ohlcv_twse_stock_day,TWSE_STOCK_DAY,TWSE_STOCK_DAY,False,unadjusted_ohlcv; adjusted_close_blocked_not_fabricated,True,False,False,False,False,False,False,False,True,False,1000000,21645.0,999999.0000000001,938310.75,1425.0,4152.0,5577.0,-0.06716960048890391,applied_local_ep05_cost_model_to_unadjusted_ohlc_unit_notional,1368
2023-08-18,2023-08-18,2023-08-25,2329,華泰,TWSE,market_bias_pool_trend_route,regime_switch_hybrid_route,mega_or_stock_route,stable_strength,same_week_close_to_next_rebalance_close_comparator,unadjusted_close,unadjusted_close,48.4,47.4,44.85,47.4,44.85,-0.05379746835443033,True,,official_unadjusted_ohlcv_twse_stock_day,official_unadjusted_ohlcv_twse_stock_day,TWSE_STOCK_DAY,TWSE_STOCK_DAY,False,unadjusted_ohlcv; adjusted_close_blocked_not_fabricated,True,False,False,False,False,False,False,False,True,False,1000000,21097.0,999997.7999999999,946200.4500000001,1425.0,4187.0,5612.0,-0.05932494247185092,applied_local_ep05_cost_model_to_unadjusted_ohlc_unit_notional,1368
2023-08-18,2023-08-21,2023-08-28,2329,華泰,TWSE,market_bias_pool_trend_route,regime_switch_hybrid_route,mega_or_stock_route,stable_strength,next_day_open_entry_fixed_5td_exit,unadjusted_open,unadjusted_close,48.05,46.2,43.35,48.05,43.35,-0.0978147762747138,True,,official_unadjusted_ohlcv_twse_stock_day,official_unadjusted_ohlcv_twse_stock_day,TWSE_STOCK_DAY,TWSE_STOCK_DAY,False,unadjusted_ohlcv; adjusted_close_blocked_not_fabricated,True,False,False,False,False,False,False,False,True,False,1000000,20811.0,999968.5499999999,902156.85,1425.0,3992.0,5417.0,-0.10308504583437747,applied_local_ep05_cost_model_to_unadjusted_ohlc_unit_notional,1368
2023-08-18,2023-08-21,2023-08-28,2329,華泰,TWSE,pool_breadth_route,regime_switch_hybrid_route,mega_or_stock_route,stable_strength,next_day_close_entry_fixed_5td_exit,unadjusted_close,unadjusted_close,48.05,46.2,43.35,46.2,43.35,-0.06168831168831168,True,,official_unadjusted_ohlcv_twse_stock_day,official_unadjusted_ohlcv_twse_stock_day,TWSE_STOCK_DAY,TWSE_STOCK_DAY,False,unadjusted_ohlcv; adjusted_close_blocked_not_fabricated,True,False,False,False,False,False,False,False,True,False,1000000,21645.0,999999.0000000001,938310.75,1425.0,4152.0,5577.0,-0.06716960048890391,applied_local_ep05_cost_model_to_unadjusted_ohlc_unit_notional,1368
2023-08-18,2023-08-18,2023-08-25,2329,華泰,TWSE,pool_breadth_route,regime_switch_hybrid_route,mega_or_stock_route,stable_strength,same_week_close_to_next_rebalance_close_comparator,unadjusted_close,unadjusted_close,48.4,47.4,44.85,47.4,44.85,-0.05379746835443033,True,,official_unadjusted_ohlcv_twse_stock_day,official_unadjusted_ohlcv_twse_stock_day,TWSE_STOCK_DAY,TWSE_STOCK_DAY,False,unadjusted_ohlcv; adjusted_close_blocked_not_fabricated,True,False,False,False,False,False,False,False,True,False,1000000,21097.0,999997.7999999999,946200.4500000001,1425.0,4187.0,5612.0,-0.05932494247185092,applied_local_ep05_cost_model_to_unadjusted_ohlc_unit_notional,1368
2023-08-18,2023-08-21,2023-08-28,2329,華泰,TWSE,pool_breadth_route,regime_switch_hybrid_route,mega_or_stock_route,stable_strength,next_day_open_entry_fixed_5td_exit,unadjusted_open,unadjusted_close,48.05,46.2,43.35,48.05,43.35,-0.0978147762747138,True,,official_unadjusted_ohlcv_twse_stock_day,official_unadjusted_ohlcv_twse_stock_day,TWSE_STOCK_DAY,TWSE_STOCK_DAY,False,unadjusted_ohlcv; adjusted_close_blocked_not_fabricated,True,False,False,False,False,False,False,False,True,False,1000000,20811.0,999968.5499999999,902156.85,1425.0,3992.0,5417.0,-0.10308504583437747,applied_local_ep05_cost_model_to_unadjusted_ohlc_unit_notional,1368
2023-08-25,2023-08-28,2023-09-04,2332,友訊,TWSE,dynamic80_top1_rs20_31_bonus_proxy,legacy_rs20_operating_mode,mega_rs20,dynamic80_top1_rs20_31_bonus_proxy,next_day_close_entry_fixed_5td_exit,unadjusted_close,unadjusted_close,26.15,25.55,24.0,25.55,24.0,-0.0606653620352251,True,,official_unadjusted_ohlcv_twse_stock_day,official_unadjusted_ohlcv_twse_stock_day,TWSE_STOCK_DAY,TWSE_STOCK_DAY,False,unadjusted_ohlcv; adjusted_close_blocked_not_fabricated,True,False,False,False,False,False,False,False,True,False,1000000,39138.0,999975.9,939312.0,1425.0,4157.0,5582.0,-0.0661532259457726,applied_local_ep05_cost_model_to_unadjusted_ohlc_unit_notional,1368
2023-08-25,2023-08-25,2023-09-01,2332,友訊,TWSE,dynamic80_top1_rs20_31_bonus_proxy,legacy_rs20_operating_mode,mega_rs20,dynamic80_top1_rs20_31_bonus_proxy,same_week_close_to_next_rebalance_close_comparator,unadjusted_close,unadjusted_close,25.0,25.85,24.7,25.85,24.7,-0.044487427466150975,True,,official_unadjusted_ohlcv_twse_stock_day,official_unadjusted_ohlcv_twse_stock_day,TWSE_STOCK_DAY,TWSE_STOCK_DAY,False,unadjusted_ohlcv; adjusted_close_blocked_not_fabricated,True,False,False,False,False,False,False,False,True,False,1000000,38684.0,999981.4,955494.7999999999,1425.0,4228.0,5653.0,-0.05006918270144878,applied_local_ep05_cost_model_to_unadjusted_ohlc_unit_notional,1368
2023-08-25,2023-08-28,2023-09-04,2332,友訊,TWSE,dynamic80_top1_rs20_31_bonus_proxy,legacy_rs20_operating_mode,mega_rs20,dynamic80_top1_rs20_31_bonus_proxy,next_day_open_entry_fixed_5td_exit,unadjusted_open,unadjusted_close,26.15,25.55,24.0,26.15,24.0,-0.08221797323135749,True,,official_unadjusted_ohlcv_twse_stock_day,official_unadjusted_ohlcv_twse_stock_day,TWSE_STOCK_DAY,TWSE_STOCK_DAY,False,unadjusted_ohlcv; adjusted_close_blocked_not_fabricated,True,False,False,False,False,False,False,False,True,False,1000000,38240.0,999976.0,917760.0,1425.0,4061.0,5486.0,-0.08757930139874036,applied_local_ep05_cost_model_to_unadjusted_ohlc_unit_notional,1368
2023-08-25,2023-08-28,2023-09-04,6829,千附精密,TPEx,dynamic80_top1_rs20_7core_context_proxy,legacy_rs20_operating_mode,mega_rs20,dynamic80_top1_rs20_7core_context_proxy,next_day_close_entry_fixed_5td_exit,unadjusted_close,unadjusted_close,142.0,151.5,151.0,151.5,151.0,-0.0033003300330033403,True,,official_unadjusted_ohlcv_tpex_trading_stock,official_unadjusted_ohlcv_tpex_trading_stock,TPEX_TRADING_STOCK,TPEX_TRADING_STOCK,False,unadjusted_ohlcv; adjusted_close_blocked_not_fabricated,True,False,False,False,False,False,False,False,True,False,1000000,6600.0,999900.0,996600.0,1425.0,4410.0,5835.0,-0.009122912141412629,applied_local_ep05_cost_model_to_unadjusted_ohlc_unit_notional,1368
2023-08-25,2023-08-25,2023-09-01,6829,千附精密,TPEx,dynamic80_top1_rs20_7core_context_proxy,legacy_rs20_operating_mode,mega_rs20,dynamic80_top1_rs20_7core_context_proxy,same_week_close_to_next_rebalance_close_comparator,unadjusted_close,unadjusted_close,143.5,138.0,154.0,138.0,154.0,0.11594202898550732,True,,official_unadjusted_ohlcv_tpex_trading_stock,official_unadjusted_ohlcv_tpex_trading_stock,TPEX_TRADING_STOCK,TPEX_TRADING_STOCK,False,unadjusted_ohlcv; adjusted_close_blocked_not_fabricated,True,False,False,False,False,False,False,False,True,False,1000000,7246.0,999948.0,1115884.0,1425.0,4938.0,6363.0,0.10942276254702293,applied_local_ep05_cost_model_to_unadjusted_ohlc_unit_notional,1368
2023-08-25,2023-08-28,2023-09-04,6829,千附精密,TPEx,dynamic80_top1_rs20_7core_context_proxy,legacy_rs20_operating_mode,mega_rs20,dynamic80_top1_rs20_7core_context_proxy,next_day_open_entry_fixed_5td_exit,unadjusted_open,unadjusted_close,142.0,151.5,151.0,142.0,151.0,0.06338028169014076,True,,official_unadjusted_ohlcv_tpex_trading_stock,official_unadjusted_ohlcv_tpex_trading_stock,TPEX_TRADING_STOCK,TPEX_TRADING_STOCK,False,unadjusted_ohlcv; adjusted_close_blocked_not_fabricated,True,False,False,False,False,False,False,False,True,False,1000000,7042.0,999964.0,1063342.0,1425.0,4705.0,6130.0,0.057168592824566676,applied_local_ep05_cost_model_to_unadjusted_ohlc_unit_notional,1368
2023-08-25,2023-08-28,2023-09-04,6829,千附精密,TPEx,dynamic80_top1_rs20_proxy,legacy_rs20_operating_mode,mega_rs20,dynamic80_top1_rs20_proxy,next_day_close_entry_fixed_5td_exit,unadjusted_close,unadjusted_close,142.0,151.5,151.0,151.5,151.0,-0.0033003300330033403,True,,official_unadjusted_ohlcv_tpex_trading_stock,official_unadjusted_ohlcv_tpex_trading_stock,TPEX_TRADING_STOCK,TPEX_TRADING_STOCK,False,unadjusted_ohlcv; adjusted_close_blocked_not_fabricated,True,False,False,False,False,False,False,False,True,False,1000000,6600.0,999900.0,996600.0,1425.0,4410.0,5835.0,-0.009122912141412629,applied_local_ep05_cost_model_to_unadjusted_ohlc_unit_notional,1368
2023-08-25,2023-08-25,2023-09-01,6829,千附精密,TPEx,dynamic80_top1_rs20_proxy,legacy_rs20_operating_mode,mega_rs20,dynamic80_top1_rs20_proxy,same_week_close_to_next_rebalance_close_comparator,unadjusted_close,unadjusted_close,143.5,138.0,154.0,138.0,154.0,0.11594202898550732,True,,official_unadjusted_ohlcv_tpex_trading_stock,official_unadjusted_ohlcv_tpex_trading_stock,TPEX_TRADING_STOCK,TPEX_TRADING_STOCK,False,unadjusted_ohlcv; adjusted_close_blocked_not_fabricated,True,False,False,False,False,False,False,False,True,False,1000000,7246.0,999948.0,1115884.0,1425.0,4938.0,6363.0,0.10942276254702293,applied_local_ep05_cost_model_to_unadjusted_ohlc_unit_notional,1368
2023-08-25,2023-08-28,2023-09-04,6829,千附精密,TPEx,dynamic80_top1_rs20_proxy,legacy_rs20_operating_mode,mega_rs20,dynamic80_top1_rs20_proxy,next_day_open_entry_fixed_5td_exit,unadjusted_open,unadjusted_close,142.0,151.5,151.0,142.0,151.0,0.06338028169014076,True,,official_unadjusted_ohlcv_tpex_trading_stock,official_unadjusted_ohlcv_tpex_trading_stock,TPEX_TRADING_STOCK,TPEX_TRADING_STOCK,False,unadjusted_ohlcv; adjusted_close_blocked_not_fabricated,True,False,False,False,False,False,False,False,True,False,1000000,7042.0,999964.0,1063342.0,1425.0,4705.0,6130.0,0.057168592824566676,applied_local_ep05_cost_model_to_unadjusted_ohlc_unit_notional,1368
2023-08-25,2023-08-28,2023-09-04,6829,千附精密,TPEx,dynamic80_top3_rs20_risk_tiebreak_proxy,legacy_rs20_operating_mode,mega_rs20,dynamic80_top3_rs20_risk_tiebreak_proxy,next_day_close_entry_fixed_5td_exit,unadjusted_close,unadjusted_close,142.0,151.5,151.0,151.5,151.0,-0.0033003300330033403,True,,official_unadjusted_ohlcv_tpex_trading_stock,official_unadjusted_ohlcv_tpex_trading_stock,TPEX_TRADING_STOCK,TPEX_TRADING_STOCK,False,unadjusted_ohlcv; adjusted_close_blocked_not_fabricated,True,False,False,False,False,False,False,False,True,False,1000000,6600.0,999900.0,996600.0,1425.0,4410.0,5835.0,-0.009122912141412629,applied_local_ep05_cost_model_to_unadjusted_ohlc_unit_notional,1368
2023-08-25,2023-08-25,2023-09-01,6829,千附精密,TPEx,dynamic80_top3_rs20_risk_tiebreak_proxy,legacy_rs20_operating_mode,mega_rs20,dynamic80_top3_rs20_risk_tiebreak_proxy,same_week_close_to_next_rebalance_close_comparator,unadjusted_close,unadjusted_close,143.5,138.0,154.0,138.0,154.0,0.11594202898550732,True,,official_unadjusted_ohlcv_tpex_trading_stock,official_unadjusted_ohlcv_tpex_trading_stock,TPEX_TRADING_STOCK,TPEX_TRADING_STOCK,False,unadjusted_ohlcv; adjusted_close_blocked_not_fabricated,True,False,False,False,False,False,False,False,True,False,1000000,7246.0,999948.0,1115884.0,1425.0,4938.0,6363.0,0.10942276254702293,applied_local_ep05_cost_model_to_unadjusted_ohlc_unit_notional,1368
2023-08-25,2023-08-28,2023-09-04,6829,千附精密,TPEx,dynamic80_top3_rs20_risk_tiebreak_proxy,legacy_rs20_operating_mode,mega_rs20,dynamic80_top3_rs20_risk_tiebreak_proxy,next_day_open_entry_fixed_5td_exit,unadjusted_open,unadjusted_close,142.0,151.5,151.0,142.0,151.0,0.06338028169014076,True,,official_unadjusted_ohlcv_tpex_trading_stock,official_unadjusted_ohlcv_tpex_trading_stock,TPEX_TRADING_STOCK,TPEX_TRADING_STOCK,False,unadjusted_ohlcv; adjusted_close_blocked_not_fabricated,True,False,False,False,False,False,False,False,True,False,1000000,7042.0,999964.0,1063342.0,1425.0,4705.0,6130.0,0.057168592824566676,applied_local_ep05_cost_model_to_unadjusted_ohlc_unit_notional,1368
2023-08-25,2023-08-28,2023-09-04,1519,華城,TWSE,conservative_hurdle_route,regime_switch_hybrid_route,ordinary_defensive_00631L_base,rs20_top3_risk_tiebreak,next_day_close_entry_fixed_5td_exit,unadjusted_close,unadjusted_close,289.5,275.0,300.0,275.0,300.0,0.09090909090909083,True,,official_unadjusted_ohlcv_twse_mi_index_day_fallback,official_unadjusted_ohlcv_twse_stock_day,TWSE_MI_INDEX_ALLBUT0999_BOUNDED_DAY_FALLBACK,TWSE_STOCK_DAY,False,unadjusted_ohlcv; adjusted_close_blocked_not_fabricated,True,False,False,False,False,False,False,False,True,False,1000000,3636.0,999900.0,1090800.0,1425.0,4826.0,6251.0,0.08453698849025042,applied_local_ep05_cost_model_to_unadjusted_ohlc_unit_notional,1368
2023-08-25,2023-08-25,2023-09-01,1519,華城,TWSE,conservative_hurdle_route,regime_switch_hybrid_route,ordinary_defensive_00631L_base,rs20_top3_risk_tiebreak,same_week_close_to_next_rebalance_close_comparator,unadjusted_close,unadjusted_close,282.5,286.5,292.5,286.5,292.5,0.020942408376963373,True,,official_unadjusted_ohlcv_twse_mi_index_day_fallback,official_unadjusted_ohlcv_twse_stock_day,TWSE_MI_INDEX_ALLBUT0999_BOUNDED_DAY_FALLBACK,TWSE_STOCK_DAY,False,unadjusted_ohlcv; adjusted_close_blocked_not_fabricated,True,False,False,False,False,False,False,False,True,False,1000000,3490.0,999885.0,1020825.0,1425.0,4517.0,5942.0,0.014978378324395043,applied_local_ep05_cost_model_to_unadjusted_ohlc_unit_notional,1368
2023-08-25,2023-08-28,2023-09-04,1519,華城,TWSE,conservative_hurdle_route,regime_switch_hybrid_route,ordinary_defensive_00631L_base,rs20_top3_risk_tiebreak,next_day_open_entry_fixed_5td_exit,unadjusted_open,unadjusted_close,289.5,275.0,300.0,289.5,300.0,0.03626943005181338,True,,official_unadjusted_ohlcv_twse_mi_index_day_fallback,official_unadjusted_ohlcv_twse_stock_day,TWSE_MI_INDEX_ALLBUT0999_BOUNDED_DAY_FALLBACK,TWSE_STOCK_DAY,False,unadjusted_ohlcv; adjusted_close_blocked_not_fabricated,True,False,False,False,False,False,False,False,True,False,1000000,3454.0,999933.0,1036200.0,1425.0,4586.0,6011.0,0.030214968073356382,applied_local_ep05_cost_model_to_unadjusted_ohlc_unit_notional,1368
2023-08-25,2023-08-28,2023-09-04,1519,華城,TWSE,dispersion_route,regime_switch_hybrid_route,dispersion,rs20_top3_risk_tiebreak,next_day_close_entry_fixed_5td_exit,unadjusted_close,unadjusted_close,289.5,275.0,300.0,275.0,300.0,0.09090909090909083,True,,official_unadjusted_ohlcv_twse_mi_index_day_fallback,official_unadjusted_ohlcv_twse_stock_day,TWSE_MI_INDEX_ALLBUT0999_BOUNDED_DAY_FALLBACK,TWSE_STOCK_DAY,False,unadjusted_ohlcv; adjusted_close_blocked_not_fabricated,True,False,False,False,False,False,False,False,True,False,1000000,3636.0,999900.0,1090800.0,1425.0,4826.0,6251.0,0.08453698849025042,applied_local_ep05_cost_model_to_unadjusted_ohlc_unit_notional,1368
2023-08-25,2023-08-25,2023-09-01,1519,華城,TWSE,dispersion_route,regime_switch_hybrid_route,dispersion,rs20_top3_risk_tiebreak,same_week_close_to_next_rebalance_close_comparator,unadjusted_close,unadjusted_close,282.5,286.5,292.5,286.5,292.5,0.020942408376963373,True,,official_unadjusted_ohlcv_twse_mi_index_day_fallback,official_unadjusted_ohlcv_twse_stock_day,TWSE_MI_INDEX_ALLBUT0999_BOUNDED_DAY_FALLBACK,TWSE_STOCK_DAY,False,unadjusted_ohlcv; adjusted_close_blocked_not_fabricated,True,False,False,False,False,False,False,False,True,False,1000000,3490.0,999885.0,1020825.0,1425.0,4517.0,5942.0,0.014978378324395043,applied_local_ep05_cost_model_to_unadjusted_ohlc_unit_notional,1368
2023-08-25,2023-08-28,2023-09-04,1519,華城,TWSE,dispersion_route,regime_switch_hybrid_route,dispersion,rs20_top3_risk_tiebreak,next_day_open_entry_fixed_5td_exit,unadjusted_open,unadjusted_close,289.5,275.0,300.0,289.5,300.0,0.03626943005181338,True,,official_unadjusted_ohlcv_twse_mi_index_day_fallback,official_unadjusted_ohlcv_twse_stock_day,TWSE_MI_INDEX_ALLBUT0999_BOUNDED_DAY_FALLBACK,TWSE_STOCK_DAY,False,unadjusted_ohlcv; adjusted_close_blocked_not_fabricated,True,False,False,False,False,False,False,False,True,False,1000000,3454.0,999933.0,1036200.0,1425.0,4586.0,6011.0,0.030214968073356382,applied_local_ep05_cost_model_to_unadjusted_ohlc_unit_notional,1368
2023-08-25,2023-08-28,2023-09-04,1519,華城,TWSE,hybrid_pullback_base_mega_override,regime_switch_hybrid_route,hybrid,rs20_top3_risk_tiebreak,next_day_close_entry_fixed_5td_exit,unadjusted_close,unadjusted_close,289.5,275.0,300.0,275.0,300.0,0.09090909090909083,True,,official_unadjusted_ohlcv_twse_mi_index_day_fallback,official_unadjusted_ohlcv_twse_stock_day,TWSE_MI_INDEX_ALLBUT0999_BOUNDED_DAY_FALLBACK,TWSE_STOCK_DAY,False,unadjusted_ohlcv; adjusted_close_blocked_not_fabricated,True,False,False,False,False,False,False,False,True,False,1000000,3636.0,999900.0,1090800.0,1425.0,4826.0,6251.0,0.08453698849025042,applied_local_ep05_cost_model_to_unadjusted_ohlc_unit_notional,1368
2023-08-25,2023-08-25,2023-09-01,1519,華城,TWSE,hybrid_pullback_base_mega_override,regime_switch_hybrid_route,hybrid,rs20_top3_risk_tiebreak,same_week_close_to_next_rebalance_close_comparator,unadjusted_close,unadjusted_close,282.5,286.5,292.5,286.5,292.5,0.020942408376963373,True,,official_unadjusted_ohlcv_twse_mi_index_day_fallback,official_unadjusted_ohlcv_twse_stock_day,TWSE_MI_INDEX_ALLBUT0999_BOUNDED_DAY_FALLBACK,TWSE_STOCK_DAY,False,unadjusted_ohlcv; adjusted_close_blocked_not_fabricated,True,False,False,False,False,False,False,False,True,False,1000000,3490.0,999885.0,1020825.0,1425.0,4517.0,5942.0,0.014978378324395043,applied_local_ep05_cost_model_to_unadjusted_ohlc_unit_notional,1368
2023-08-25,2023-08-28,2023-09-04,1519,華城,TWSE,hybrid_pullback_base_mega_override,regime_switch_hybrid_route,hybrid,rs20_top3_risk_tiebreak,next_day_open_entry_fixed_5td_exit,unadjusted_open,unadjusted_close,289.5,275.0,300.0,289.5,300.0,0.03626943005181338,True,,official_unadjusted_ohlcv_twse_mi_index_day_fallback,official_unadjusted_ohlcv_twse_stock_day,TWSE_MI_INDEX_ALLBUT0999_BOUNDED_DAY_FALLBACK,TWSE_STOCK_DAY,False,unadjusted_ohlcv; adjusted_close_blocked_not_fabricated,True,False,False,False,False,False,False,False,True,False,1000000,3454.0,999933.0,1036200.0,1425.0,4586.0,6011.0,0.030214968073356382,applied_local_ep05_cost_model_to_unadjusted_ohlc_unit_notional,1368
2023-08-25,2023-08-28,2023-09-04,1519,華城,TWSE,market_bias_pool_trend_route,regime_switch_hybrid_route,mega_or_stock_route,stable_strength,next_day_close_entry_fixed_5td_exit,unadjusted_close,unadjusted_close,289.5,275.0,300.0,275.0,300.0,0.09090909090909083,True,,official_unadjusted_ohlcv_twse_mi_index_day_fallback,official_unadjusted_ohlcv_twse_stock_day,TWSE_MI_INDEX_ALLBUT0999_BOUNDED_DAY_FALLBACK,TWSE_STOCK_DAY,False,unadjusted_ohlcv; adjusted_close_blocked_not_fabricated,True,False,False,False,False,False,False,False,True,False,1000000,3636.0,999900.0,1090800.0,1425.0,4826.0,6251.0,0.08453698849025042,applied_local_ep05_cost_model_to_unadjusted_ohlc_unit_notional,1368
2023-08-25,2023-08-25,2023-09-01,1519,華城,TWSE,market_bias_pool_trend_route,regime_switch_hybrid_route,mega_or_stock_route,stable_strength,same_week_close_to_next_rebalance_close_comparator,unadjusted_close,unadjusted_close,282.5,286.5,292.5,286.5,292.5,0.020942408376963373,True,,official_unadjusted_ohlcv_twse_mi_index_day_fallback,official_unadjusted_ohlcv_twse_stock_day,TWSE_MI_INDEX_ALLBUT0999_BOUNDED_DAY_FALLBACK,TWSE_STOCK_DAY,False,unadjusted_ohlcv; adjusted_close_blocked_not_fabricated,True,False,False,False,False,False,False,False,True,False,1000000,3490.0,999885.0,1020825.0,1425.0,4517.0,5942.0,0.014978378324395043,applied_local_ep05_cost_model_to_unadjusted_ohlc_unit_notional,1368
2023-08-25,2023-08-28,2023-09-04,1519,華城,TWSE,market_bias_pool_trend_route,regime_switch_hybrid_route,mega_or_stock_route,stable_strength,next_day_open_entry_fixed_5td_exit,unadjusted_open,unadjusted_close,289.5,275.0,300.0,289.5,300.0,0.03626943005181338,True,,official_unadjusted_ohlcv_twse_mi_index_day_fallback,official_unadjusted_ohlcv_twse_stock_day,TWSE_MI_INDEX_ALLBUT0999_BOUNDED_DAY_FALLBACK,TWSE_STOCK_DAY,False,unadjusted_ohlcv; adjusted_close_blocked_not_fabricated,True,False,False,False,False,False,False,False,True,False,1000000,3454.0,999933.0,1036200.0,1425.0,4586.0,6011.0,0.030214968073356382,applied_local_ep05_cost_model_to_unadjusted_ohlc_unit_notional,1368
2023-08-25,2023-08-28,2023-09-04,1519,華城,TWSE,pool_breadth_route,regime_switch_hybrid_route,mega_or_stock_route,stable_strength,next_day_close_entry_fixed_5td_exit,unadjusted_close,unadjusted_close,289.5,275.0,300.0,275.0,300.0,0.09090909090909083,True,,official_unadjusted_ohlcv_twse_mi_index_day_fallback,official_unadjusted_ohlcv_twse_stock_day,TWSE_MI_INDEX_ALLBUT0999_BOUNDED_DAY_FALLBACK,TWSE_STOCK_DAY,False,unadjusted_ohlcv; adjusted_close_blocked_not_fabricated,True,False,False,False,False,False,False,False,True,False,1000000,3636.0,999900.0,1090800.0,1425.0,4826.0,6251.0,0.08453698849025042,applied_local_ep05_cost_model_to_unadjusted_ohlc_unit_notional,1368
2023-08-25,2023-08-25,2023-09-01,1519,華城,TWSE,pool_breadth_route,regime_switch_hybrid_route,mega_or_stock_route,stable_strength,same_week_close_to_next_rebalance_close_comparator,unadjusted_close,unadjusted_close,282.5,286.5,292.5,286.5,292.5,0.020942408376963373,True,,official_unadjusted_ohlcv_twse_mi_index_day_fallback,official_unadjusted_ohlcv_twse_stock_day,TWSE_MI_INDEX_ALLBUT0999_BOUNDED_DAY_FALLBACK,TWSE_STOCK_DAY,False,unadjusted_ohlcv; adjusted_close_blocked_not_fabricated,True,False,False,False,False,False,False,False,True,False,1000000,3490.0,999885.0,1020825.0,1425.0,4517.0,5942.0,0.014978378324395043,applied_local_ep05_cost_model_to_unadjusted_ohlc_unit_notional,1368
2023-08-25,2023-08-28,2023-09-04,1519,華城,TWSE,pool_breadth_route,regime_switch_hybrid_route,mega_or_stock_route,stable_strength,next_day_open_entry_fixed_5td_exit,unadjusted_open,unadjusted_close,289.5,275.0,300.0,289.5,300.0,0.03626943005181338,True,,official_unadjusted_ohlcv_twse_mi_index_day_fallback,official_unadjusted_ohlcv_twse_stock_day,TWSE_MI_INDEX_ALLBUT0999_BOUNDED_DAY_FALLBACK,TWSE_STOCK_DAY,False,unadjusted_ohlcv; adjusted_close_blocked_not_fabricated,True,False,False,False,False,False,False,False,True,False,1000000,3454.0,999933.0,1036200.0,1425.0,4586.0,6011.0,0.030214968073356382,applied_local_ep05_cost_model_to_unadjusted_ohlc_unit_notional,1368
2023-09-01,2023-09-04,2023-09-11,3548,兆利,TPEx,dynamic80_top1_rs20_31_bonus_proxy,legacy_rs20_operating_mode,mega_rs20,dynamic80_top1_rs20_31_bonus_proxy,next_day_close_entry_fixed_5td_exit,unadjusted_close,unadjusted_close,103.0,107.5,121.5,107.5,121.5,0.13023255813953494,True,,official_unadjusted_ohlcv_tpex_trading_stock,official_unadjusted_ohlcv_tpex_trading_stock,TPEX_TRADING_STOCK,TPEX_TRADING_STOCK,False,unadjusted_ohlcv; adjusted_close_blocked_not_fabricated,True,False,False,False,False,False,False,False,True,False,1000000,9302.0,999965.0,1130193.0,1425.0,5002.0,6427.0,0.12362915547389129,applied_local_ep05_cost_model_to_unadjusted_ohlc_unit_notional,1368
2023-09-01,2023-09-01,2023-09-08,3548,兆利,TPEx,dynamic80_top1_rs20_31_bonus_proxy,legacy_rs20_operating_mode,mega_rs20,dynamic80_top1_rs20_31_bonus_proxy,same_week_close_to_next_rebalance_close_comparator,unadjusted_close,unadjusted_close,94.8,104.0,118.5,104.0,118.5,0.13942307692307687,True,,official_unadjusted_ohlcv_tpex_trading_stock,official_unadjusted_ohlcv_tpex_trading_stock,TPEX_TRADING_STOCK,TPEX_TRADING_STOCK,False,unadjusted_ohlcv; adjusted_close_blocked_not_fabricated,True,False,False,False,False,False,False,False,True,False,1000000,9615.0,999960.0,1139377.5,1425.0,5042.0,6467.0,0.13276661823374628,applied_local_ep05_cost_model_to_unadjusted_ohlc_unit_notional,1368
2023-09-01,2023-09-04,2023-09-11,3548,兆利,TPEx,dynamic80_top1_rs20_31_bonus_proxy,legacy_rs20_operating_mode,mega_rs20,dynamic80_top1_rs20_31_bonus_proxy,next_day_open_entry_fixed_5td_exit,unadjusted_open,unadjusted_close,103.0,107.5,121.5,103.0,121.5,0.1796116504854368,True,,official_unadjusted_ohlcv_tpex_trading_stock,official_unadjusted_ohlcv_tpex_trading_stock,TPEX_TRADING_STOCK,TPEX_TRADING_STOCK,False,unadjusted_ohlcv; adjusted_close_blocked_not_fabricated,True,False,False,False,False,False,False,False,True,False,1000000,9708.0,999924.0,1179522.0,1425.0,5220.0,6645.0,0.17272000071903004,applied_local_ep05_cost_model_to_unadjusted_ohlc_unit_notional,1368
2023-09-01,2023-09-04,2023-09-11,3548,兆利,TPEx,dynamic80_top1_rs20_7core_context_proxy,legacy_rs20_operating_mode,mega_rs20,dynamic80_top1_rs20_7core_context_proxy,next_day_close_entry_fixed_5td_exit,unadjusted_close,unadjusted_close,103.0,107.5,121.5,107.5,121.5,0.13023255813953494,True,,official_unadjusted_ohlcv_tpex_trading_stock,official_unadjusted_ohlcv_tpex_trading_stock,TPEX_TRADING_STOCK,TPEX_TRADING_STOCK,False,unadjusted_ohlcv; adjusted_close_blocked_not_fabricated,True,False,False,False,False,False,False,False,True,False,1000000,9302.0,999965.0,1130193.0,1425.0,5002.0,6427.0,0.12362915547389129,applied_local_ep05_cost_model_to_unadjusted_ohlc_unit_notional,1368
2023-09-01,2023-09-01,2023-09-08,3548,兆利,TPEx,dynamic80_top1_rs20_7core_context_proxy,legacy_rs20_operating_mode,mega_rs20,dynamic80_top1_rs20_7core_context_proxy,same_week_close_to_next_rebalance_close_comparator,unadjusted_close,unadjusted_close,94.8,104.0,118.5,104.0,118.5,0.13942307692307687,True,,official_unadjusted_ohlcv_tpex_trading_stock,official_unadjusted_ohlcv_tpex_trading_stock,TPEX_TRADING_STOCK,TPEX_TRADING_STOCK,False,unadjusted_ohlcv; adjusted_close_blocked_not_fabricated,True,False,False,False,False,False,False,False,True,False,1000000,9615.0,999960.0,1139377.5,1425.0,5042.0,6467.0,0.13276661823374628,applied_local_ep05_cost_model_to_unadjusted_ohlc_unit_notional,1368
2023-09-01,2023-09-04,2023-09-11,3548,兆利,TPEx,dynamic80_top1_rs20_7core_context_proxy,legacy_rs20_operating_mode,mega_rs20,dynamic80_top1_rs20_7core_context_proxy,next_day_open_entry_fixed_5td_exit,unadjusted_open,unadjusted_close,103.0,107.5,121.5,103.0,121.5,0.1796116504854368,True,,official_unadjusted_ohlcv_tpex_trading_stock,official_unadjusted_ohlcv_tpex_trading_stock,TPEX_TRADING_STOCK,TPEX_TRADING_STOCK,False,unadjusted_ohlcv; adjusted_close_blocked_not_fabricated,True,False,False,False,False,False,False,False,True,False,1000000,9708.0,999924.0,1179522.0,1425.0,5220.0,6645.0,0.17272000071903004,applied_local_ep05_cost_model_to_unadjusted_ohlc_unit_notional,1368
2023-09-01,2023-09-04,2023-09-11,3548,兆利,TPEx,dynamic80_top1_rs20_proxy,legacy_rs20_operating_mode,mega_rs20,dynamic80_top1_rs20_proxy,next_day_close_entry_fixed_5td_exit,unadjusted_close,unadjusted_close,103.0,107.5,121.5,107.5,121.5,0.13023255813953494,True,,official_unadjusted_ohlcv_tpex_trading_stock,official_unadjusted_ohlcv_tpex_trading_stock,TPEX_TRADING_STOCK,TPEX_TRADING_STOCK,False,unadjusted_ohlcv; adjusted_close_blocked_not_fabricated,True,False,False,False,False,False,False,False,True,False,1000000,9302.0,999965.0,1130193.0,1425.0,5002.0,6427.0,0.12362915547389129,applied_local_ep05_cost_model_to_unadjusted_ohlc_unit_notional,1368
2023-09-01,2023-09-01,2023-09-08,3548,兆利,TPEx,dynamic80_top1_rs20_proxy,legacy_rs20_operating_mode,mega_rs20,dynamic80_top1_rs20_proxy,same_week_close_to_next_rebalance_close_comparator,unadjusted_close,unadjusted_close,94.8,104.0,118.5,104.0,118.5,0.13942307692307687,True,,official_unadjusted_ohlcv_tpex_trading_stock,official_unadjusted_ohlcv_tpex_trading_stock,TPEX_TRADING_STOCK,TPEX_TRADING_STOCK,False,unadjusted_ohlcv; adjusted_close_blocked_not_fabricated,True,False,False,False,False,False,False,False,True,False,1000000,9615.0,999960.0,1139377.5,1425.0,5042.0,6467.0,0.13276661823374628,applied_local_ep05_cost_model_to_unadjusted_ohlc_unit_notional,1368
2023-09-01,2023-09-04,2023-09-11,3548,兆利,TPEx,dynamic80_top1_rs20_proxy,legacy_rs20_operating_mode,mega_rs20,dynamic80_top1_rs20_proxy,next_day_open_entry_fixed_5td_exit,unadjusted_open,unadjusted_close,103.0,107.5,121.5,103.0,121.5,0.1796116504854368,True,,official_unadjusted_ohlcv_tpex_trading_stock,official_unadjusted_ohlcv_tpex_trading_stock,TPEX_TRADING_STOCK,TPEX_TRADING_STOCK,False,unadjusted_ohlcv; adjusted_close_blocked_not_fabricated,True,False,False,False,False,False,False,False,True,False,1000000,9708.0,999924.0,1179522.0,1425.0,5220.0,6645.0,0.17272000071903004,applied_local_ep05_cost_model_to_unadjusted_ohlc_unit_notional,1368
2023-09-01,2023-09-04,2023-09-11,3548,兆利,TPEx,dynamic80_top3_rs20_risk_tiebreak_proxy,legacy_rs20_operating_mode,mega_rs20,dynamic80_top3_rs20_risk_tiebreak_proxy,next_day_close_entry_fixed_5td_exit,unadjusted_close,unadjusted_close,103.0,107.5,121.5,107.5,121.5,0.13023255813953494,True,,official_unadjusted_ohlcv_tpex_trading_stock,official_unadjusted_ohlcv_tpex_trading_stock,TPEX_TRADING_STOCK,TPEX_TRADING_STOCK,False,unadjusted_ohlcv; adjusted_close_blocked_not_fabricated,True,False,False,False,False,False,False,False,True,False,1000000,9302.0,999965.0,1130193.0,1425.0,5002.0,6427.0,0.12362915547389129,applied_local_ep05_cost_model_to_unadjusted_ohlc_unit_notional,1368
2023-09-01,2023-09-01,2023-09-08,3548,兆利,TPEx,dynamic80_top3_rs20_risk_tiebreak_proxy,legacy_rs20_operating_mode,mega_rs20,dynamic80_top3_rs20_risk_tiebreak_proxy,same_week_close_to_next_rebalance_close_comparator,unadjusted_close,unadjusted_close,94.8,104.0,118.5,104.0,118.5,0.13942307692307687,True,,official_unadjusted_ohlcv_tpex_trading_stock,official_unadjusted_ohlcv_tpex_trading_stock,TPEX_TRADING_STOCK,TPEX_TRADING_STOCK,False,unadjusted_ohlcv; adjusted_close_blocked_not_fabricated,True,False,False,False,False,False,False,False,True,False,1000000,9615.0,999960.0,1139377.5,1425.0,5042.0,6467.0,0.13276661823374628,applied_local_ep05_cost_model_to_unadjusted_ohlc_unit_notional,1368
2023-09-01,2023-09-04,2023-09-11,3548,兆利,TPEx,dynamic80_top3_rs20_risk_tiebreak_proxy,legacy_rs20_operating_mode,mega_rs20,dynamic80_top3_rs20_risk_tiebreak_proxy,next_day_open_entry_fixed_5td_exit,unadjusted_open,unadjusted_close,103.0,107.5,121.5,103.0,121.5,0.1796116504854368,True,,official_unadjusted_ohlcv_tpex_trading_stock,official_unadjusted_ohlcv_tpex_trading_stock,TPEX_TRADING_STOCK,TPEX_TRADING_STOCK,False,unadjusted_ohlcv; adjusted_close_blocked_not_fabricated,True,False,False,False,False,False,False,False,True,False,1000000,9708.0,999924.0,1179522.0,1425.0,5220.0,6645.0,0.17272000071903004,applied_local_ep05_cost_model_to_unadjusted_ohlc_unit_notional,1368
2023-09-01,2023-09-04,2023-09-11,3548,兆利,TPEx,conservative_hurdle_route,regime_switch_hybrid_route,ordinary_defensive_00631L_base,rs20_top3_risk_tiebreak,next_day_close_entry_fixed_5td_exit,unadjusted_close,unadjusted_close,103.0,107.5,121.5,107.5,121.5,0.13023255813953494,True,,official_unadjusted_ohlcv_tpex_trading_stock,official_unadjusted_ohlcv_tpex_trading_stock,TPEX_TRADING_STOCK,TPEX_TRADING_STOCK,False,unadjusted_ohlcv; adjusted_close_blocked_not_fabricated,True,False,False,False,False,False,False,False,True,False,1000000,9302.0,999965.0,1130193.0,1425.0,5002.0,6427.0,0.12362915547389129,applied_local_ep05_cost_model_to_unadjusted_ohlc_unit_notional,1368
2023-09-01,2023-09-01,2023-09-08,3548,兆利,TPEx,conservative_hurdle_route,regime_switch_hybrid_route,ordinary_defensive_00631L_base,rs20_top3_risk_tiebreak,same_week_close_to_next_rebalance_close_comparator,unadjusted_close,unadjusted_close,94.8,104.0,118.5,104.0,118.5,0.13942307692307687,True,,official_unadjusted_ohlcv_tpex_trading_stock,official_unadjusted_ohlcv_tpex_trading_stock,TPEX_TRADING_STOCK,TPEX_TRADING_STOCK,False,unadjusted_ohlcv; adjusted_close_blocked_not_fabricated,True,False,False,False,False,False,False,False,True,False,1000000,9615.0,999960.0,1139377.5,1425.0,5042.0,6467.0,0.13276661823374628,applied_local_ep05_cost_model_to_unadjusted_ohlc_unit_notional,1368
2023-09-01,2023-09-04,2023-09-11,3548,兆利,TPEx,conservative_hurdle_route,regime_switch_hybrid_route,ordinary_defensive_00631L_base,rs20_top3_risk_tiebreak,next_day_open_entry_fixed_5td_exit,unadjusted_open,unadjusted_close,103.0,107.5,121.5,103.0,121.5,0.1796116504854368,True,,official_unadjusted_ohlcv_tpex_trading_stock,official_unadjusted_ohlcv_tpex_trading_stock,TPEX_TRADING_STOCK,TPEX_TRADING_STOCK,False,unadjusted_ohlcv; adjusted_close_blocked_not_fabricated,True,False,False,False,False,False,False,False,True,False,1000000,9708.0,999924.0,1179522.0,1425.0,5220.0,6645.0,0.17272000071903004,applied_local_ep05_cost_model_to_unadjusted_ohlc_unit_notional,1368
2023-09-01,2023-09-04,2023-09-11,3548,兆利,TPEx,dispersion_route,regime_switch_hybrid_route,dispersion,rs20_top3_risk_tiebreak,next_day_close_entry_fixed_5td_exit,unadjusted_close,unadjusted_close,103.0,107.5,121.5,107.5,121.5,0.13023255813953494,True,,official_unadjusted_ohlcv_tpex_trading_stock,official_unadjusted_ohlcv_tpex_trading_stock,TPEX_TRADING_STOCK,TPEX_TRADING_STOCK,False,unadjusted_ohlcv; adjusted_close_blocked_not_fabricated,True,False,False,False,False,False,False,False,True,False,1000000,9302.0,999965.0,1130193.0,1425.0,5002.0,6427.0,0.12362915547389129,applied_local_ep05_cost_model_to_unadjusted_ohlc_unit_notional,1368
2023-09-01,2023-09-01,2023-09-08,3548,兆利,TPEx,dispersion_route,regime_switch_hybrid_route,dispersion,rs20_top3_risk_tiebreak,same_week_close_to_next_rebalance_close_comparator,unadjusted_close,unadjusted_close,94.8,104.0,118.5,104.0,118.5,0.13942307692307687,True,,official_unadjusted_ohlcv_tpex_trading_stock,official_unadjusted_ohlcv_tpex_trading_stock,TPEX_TRADING_STOCK,TPEX_TRADING_STOCK,False,unadjusted_ohlcv; adjusted_close_blocked_not_fabricated,True,False,False,False,False,False,False,False,True,False,1000000,9615.0,999960.0,1139377.5,1425.0,5042.0,6467.0,0.13276661823374628,applied_local_ep05_cost_model_to_unadjusted_ohlc_unit_notional,1368
2023-09-01,2023-09-04,2023-09-11,3548,兆利,TPEx,dispersion_route,regime_switch_hybrid_route,dispersion,rs20_top3_risk_tiebreak,next_day_open_entry_fixed_5td_exit,unadjusted_open,unadjusted_close,103.0,107.5,121.5,103.0,121.5,0.1796116504854368,True,,official_unadjusted_ohlcv_tpex_trading_stock,official_unadjusted_ohlcv_tpex_trading_stock,TPEX_TRADING_STOCK,TPEX_TRADING_STOCK,False,unadjusted_ohlcv; adjusted_close_blocked_not_fabricated,True,False,False,False,False,False,False,False,True,False,1000000,9708.0,999924.0,1179522.0,1425.0,5220.0,6645.0,0.17272000071903004,applied_local_ep05_cost_model_to_unadjusted_ohlc_unit_notional,1368
2023-09-01,2023-09-04,2023-09-11,3548,兆利,TPEx,hybrid_pullback_base_mega_override,regime_switch_hybrid_route,hybrid,rs20_top3_risk_tiebreak,next_day_close_entry_fixed_5td_exit,unadjusted_close,unadjusted_close,103.0,107.5,121.5,107.5,121.5,0.13023255813953494,True,,official_unadjusted_ohlcv_tpex_trading_stock,official_unadjusted_ohlcv_tpex_trading_stock,TPEX_TRADING_STOCK,TPEX_TRADING_STOCK,False,unadjusted_ohlcv; adjusted_close_blocked_not_fabricated,True,False,False,False,False,False,False,False,True,False,1000000,9302.0,999965.0,1130193.0,1425.0,5002.0,6427.0,0.12362915547389129,applied_local_ep05_cost_model_to_unadjusted_ohlc_unit_notional,1368
2023-09-01,2023-09-01,2023-09-08,3548,兆利,TPEx,hybrid_pullback_base_mega_override,regime_switch_hybrid_route,hybrid,rs20_top3_risk_tiebreak,same_week_close_to_next_rebalance_close_comparator,unadjusted_close,unadjusted_close,94.8,104.0,118.5,104.0,118.5,0.13942307692307687,True,,official_unadjusted_ohlcv_tpex_trading_stock,official_unadjusted_ohlcv_tpex_trading_stock,TPEX_TRADING_STOCK,TPEX_TRADING_STOCK,False,unadjusted_ohlcv; adjusted_close_blocked_not_fabricated,True,False,False,False,False,False,False,False,True,False,1000000,9615.0,999960.0,1139377.5,1425.0,5042.0,6467.0,0.13276661823374628,applied_local_ep05_cost_model_to_unadjusted_ohlc_unit_notional,1368
2023-09-01,2023-09-04,2023-09-11,3548,兆利,TPEx,hybrid_pullback_base_mega_override,regime_switch_hybrid_route,hybrid,rs20_top3_risk_tiebreak,next_day_open_entry_fixed_5td_exit,unadjusted_open,unadjusted_close,103.0,107.5,121.5,103.0,121.5,0.1796116504854368,True,,official_unadjusted_ohlcv_tpex_trading_stock,official_unadjusted_ohlcv_tpex_trading_stock,TPEX_TRADING_STOCK,TPEX_TRADING_STOCK,False,unadjusted_ohlcv; adjusted_close_blocked_not_fabricated,True,False,False,False,False,False,False,False,True,False,1000000,9708.0,999924.0,1179522.0,1425.0,5220.0,6645.0,0.17272000071903004,applied_local_ep05_cost_model_to_unadjusted_ohlc_unit_notional,1368
2023-09-01,2023-09-04,2023-09-11,3548,兆利,TPEx,market_bias_pool_trend_route,regime_switch_hybrid_route,mega_or_stock_route,stable_strength,next_day_close_entry_fixed_5td_exit,unadjusted_close,unadjusted_close,103.0,107.5,121.5,107.5,121.5,0.13023255813953494,True,,official_unadjusted_ohlcv_tpex_trading_stock,official_unadjusted_ohlcv_tpex_trading_stock,TPEX_TRADING_STOCK,TPEX_TRADING_STOCK,False,unadjusted_ohlcv; adjusted_close_blocked_not_fabricated,True,False,False,False,False,False,False,False,True,False,1000000,9302.0,999965.0,1130193.0,1425.0,5002.0,6427.0,0.12362915547389129,applied_local_ep05_cost_model_to_unadjusted_ohlc_unit_notional,1368
2023-09-01,2023-09-01,2023-09-08,3548,兆利,TPEx,market_bias_pool_trend_route,regime_switch_hybrid_route,mega_or_stock_route,stable_strength,same_week_close_to_next_rebalance_close_comparator,unadjusted_close,unadjusted_close,94.8,104.0,118.5,104.0,118.5,0.13942307692307687,True,,official_unadjusted_ohlcv_tpex_trading_stock,official_unadjusted_ohlcv_tpex_trading_stock,TPEX_TRADING_STOCK,TPEX_TRADING_STOCK,False,unadjusted_ohlcv; adjusted_close_blocked_not_fabricated,True,False,False,False,False,False,False,False,True,False,1000000,9615.0,999960.0,1139377.5,1425.0,5042.0,6467.0,0.13276661823374628,applied_local_ep05_cost_model_to_unadjusted_ohlc_unit_notional,1368
2023-09-01,2023-09-04,2023-09-11,3548,兆利,TPEx,market_bias_pool_trend_route,regime_switch_hybrid_route,mega_or_stock_route,stable_strength,next_day_open_entry_fixed_5td_exit,unadjusted_open,unadjusted_close,103.0,107.5,121.5,103.0,121.5,0.1796116504854368,True,,official_unadjusted_ohlcv_tpex_trading_stock,official_unadjusted_ohlcv_tpex_trading_stock,TPEX_TRADING_STOCK,TPEX_TRADING_STOCK,False,unadjusted_ohlcv; adjusted_close_blocked_not_fabricated,True,False,False,False,False,False,False,False,True,False,1000000,9708.0,999924.0,1179522.0,1425.0,5220.0,6645.0,0.17272000071903004,applied_local_ep05_cost_model_to_unadjusted_ohlc_unit_notional,1368
2023-09-01,2023-09-04,2023-09-11,3548,兆利,TPEx,pool_breadth_route,regime_switch_hybrid_route,mega_or_stock_route,stable_strength,next_day_close_entry_fixed_5td_exit,unadjusted_close,unadjusted_close,103.0,107.5,121.5,107.5,121.5,0.13023255813953494,True,,official_unadjusted_ohlcv_tpex_trading_stock,official_unadjusted_ohlcv_tpex_trading_stock,TPEX_TRADING_STOCK,TPEX_TRADING_STOCK,False,unadjusted_ohlcv; adjusted_close_blocked_not_fabricated,True,False,False,False,False,False,False,False,True,False,1000000,9302.0,999965.0,1130193.0,1425.0,5002.0,6427.0,0.12362915547389129,applied_local_ep05_cost_model_to_unadjusted_ohlc_unit_notional,1368
2023-09-01,2023-09-01,2023-09-08,3548,兆利,TPEx,pool_breadth_route,regime_switch_hybrid_route,mega_or_stock_route,stable_strength,same_week_close_to_next_rebalance_close_comparator,unadjusted_close,unadjusted_close,94.8,104.0,118.5,104.0,118.5,0.13942307692307687,True,,official_unadjusted_ohlcv_tpex_trading_stock,official_unadjusted_ohlcv_tpex_trading_stock,TPEX_TRADING_STOCK,TPEX_TRADING_STOCK,False,unadjusted_ohlcv; adjusted_close_blocked_not_fabricated,True,False,False,False,False,False,False,False,True,False,1000000,9615.0,999960.0,1139377.5,1425.0,5042.0,6467.0,0.13276661823374628,applied_local_ep05_cost_model_to_unadjusted_ohlc_unit_notional,1368
2023-09-01,2023-09-04,2023-09-11,3548,兆利,TPEx,pool_breadth_route,regime_switch_hybrid_route,mega_or_stock_route,stable_strength,next_day_open_entry_fixed_5td_exit,unadjusted_open,unadjusted_close,103.0,107.5,121.5,103.0,121.5,0.1796116504854368,True,,official_unadjusted_ohlcv_tpex_trading_stock,official_unadjusted_ohlcv_tpex_trading_stock,TPEX_TRADING_STOCK,TPEX_TRADING_STOCK,False,unadjusted_ohlcv; adjusted_close_blocked_not_fabricated,True,False,False,False,False,False,False,False,True,False,1000000,9708.0,999924.0,1179522.0,1425.0,5220.0,6645.0,0.17272000071903004,applied_local_ep05_cost_model_to_unadjusted_ohlc_unit_notional,1368
2023-09-08,2023-09-11,2023-09-18,2436,偉詮電,TWSE,dynamic80_top1_rs20_31_bonus_proxy,legacy_rs20_operating_mode,mega_rs20,dynamic80_top1_rs20_31_bonus_proxy,next_day_close_entry_fixed_5td_exit,unadjusted_close,unadjusted_close,75.8,74.2,73.7,74.2,73.7,-0.006738544474393482,True,,official_unadjusted_ohlcv_twse_stock_day,official_unadjusted_ohlcv_twse_stock_day,TWSE_STOCK_DAY,TWSE_STOCK_DAY,False,unadjusted_ohlcv; adjusted_close_blocked_not_fabricated,True,False,False,False,False,False,False,False,True,False,1000000,13477.0,999993.4,993254.9,1425.0,4395.0,5820.0,-0.012540712253739296,applied_local_ep05_cost_model_to_unadjusted_ohlc_unit_notional,1368
2023-09-08,2023-09-08,2023-09-15,2436,偉詮電,TWSE,dynamic80_top1_rs20_31_bonus_proxy,legacy_rs20_operating_mode,mega_rs20,dynamic80_top1_rs20_31_bonus_proxy,same_week_close_to_next_rebalance_close_comparator,unadjusted_close,unadjusted_close,73.6,75.1,74.0,75.1,74.0,-0.01464713715046595,True,,official_unadjusted_ohlcv_twse_stock_day,official_unadjusted_ohlcv_twse_stock_day,TWSE_STOCK_DAY,TWSE_STOCK_DAY,False,unadjusted_ohlcv; adjusted_close_blocked_not_fabricated,True,False,False,False,False,False,False,False,True,False,1000000,13315.0,999956.4999999999,985310.0,1425.0,4360.0,5785.0,-0.02040331282333445,applied_local_ep05_cost_model_to_unadjusted_ohlc_unit_notional,1368
2023-09-08,2023-09-11,2023-09-18,2436,偉詮電,TWSE,dynamic80_top1_rs20_31_bonus_proxy,legacy_rs20_operating_mode,mega_rs20,dynamic80_top1_rs20_31_bonus_proxy,next_day_open_entry_fixed_5td_exit,unadjusted_open,unadjusted_close,75.8,74.2,73.7,75.8,73.7,-0.02770448548812654,True,,official_unadjusted_ohlcv_twse_stock_day,official_unadjusted_ohlcv_twse_stock_day,TWSE_STOCK_DAY,TWSE_STOCK_DAY,False,unadjusted_ohlcv; adjusted_close_blocked_not_fabricated,True,False,False,False,False,False,False,False,True,False,1000000,13192.0,999953.6,972250.4,1425.0,4302.0,5727.0,-0.0333841765741748,applied_local_ep05_cost_model_to_unadjusted_ohlc_unit_notional,1368
2023-09-08,2023-09-11,2023-09-18,3661,世芯-KY,TWSE,dynamic80_top1_rs20_7core_context_proxy,legacy_rs20_operating_mode,mega_rs20,dynamic80_top1_rs20_7core_context_proxy,next_day_close_entry_fixed_5td_exit,unadjusted_close,unadjusted_close,2430.0,2400.0,2615.0,2400.0,2615.0,0.08958333333333335,True,,official_unadjusted_ohlcv_twse_stock_day,official_unadjusted_ohlcv_twse_stock_day,TWSE_STOCK_DAY,TWSE_STOCK_DAY,False,unadjusted_ohlcv; adjusted_close_blocked_not_fabricated,True,False,False,False,False,False,False,False,True,False,1000000,416.0,998400.0,1087840.0,1423.0,4814.0,6237.0,0.08321772953812825,applied_local_ep05_cost_model_to_unadjusted_ohlc_unit_notional,1368
2023-09-08,2023-09-08,2023-09-15,3661,世芯-KY,TWSE,dynamic80_top1_rs20_7core_context_proxy,legacy_rs20_operating_mode,mega_rs20,dynamic80_top1_rs20_7core_context_proxy,same_week_close_to_next_rebalance_close_comparator,unadjusted_close,unadjusted_close,2430.0,2410.0,2645.0,2410.0,2645.0,0.0975103734439835,True,,official_unadjusted_ohlcv_twse_stock_day,official_unadjusted_ohlcv_twse_stock_day,TWSE_STOCK_DAY,TWSE_STOCK_DAY,False,unadjusted_ohlcv; adjusted_close_blocked_not_fabricated,True,False,False,False,False,False,False,False,True,False,1000000,414.0,997740.0,1095030.0,1422.0,4845.0,6267.0,0.0910993412479658,applied_local_ep05_cost_model_to_unadjusted_ohlc_unit_notional,1368
2023-09-08,2023-09-11,2023-09-18,3661,世芯-KY,TWSE,dynamic80_top1_rs20_7core_context_proxy,legacy_rs20_operating_mode,mega_rs20,dynamic80_top1_rs20_7core_context_proxy,next_day_open_entry_fixed_5td_exit,unadjusted_open,unadjusted_close,2430.0,2400.0,2615.0,2430.0,2615.0,0.0761316872427984,True,,official_unadjusted_ohlcv_twse_stock_day,official_unadjusted_ohlcv_twse_stock_day,TWSE_STOCK_DAY,TWSE_STOCK_DAY,False,unadjusted_ohlcv; adjusted_close_blocked_not_fabricated,True,False,False,False,False,False,False,False,True,False,1000000,411.0,998730.0,1074765.0,1423.0,4756.0,6179.0,0.06984531366700895,applied_local_ep05_cost_model_to_unadjusted_ohlc_unit_notional,1368
2023-09-08,2023-09-11,2023-09-18,3661,世芯-KY,TWSE,dynamic80_top1_rs20_proxy,legacy_rs20_operating_mode,mega_rs20,dynamic80_top1_rs20_proxy,next_day_close_entry_fixed_5td_exit,unadjusted_close,unadjusted_close,2430.0,2400.0,2615.0,2400.0,2615.0,0.08958333333333335,True,,official_unadjusted_ohlcv_twse_stock_day,official_unadjusted_ohlcv_twse_stock_day,TWSE_STOCK_DAY,TWSE_STOCK_DAY,False,unadjusted_ohlcv; adjusted_close_blocked_not_fabricated,True,False,False,False,False,False,False,False,True,False,1000000,416.0,998400.0,1087840.0,1423.0,4814.0,6237.0,0.08321772953812825,applied_local_ep05_cost_model_to_unadjusted_ohlc_unit_notional,1368
2023-09-08,2023-09-08,2023-09-15,3661,世芯-KY,TWSE,dynamic80_top1_rs20_proxy,legacy_rs20_operating_mode,mega_rs20,dynamic80_top1_rs20_proxy,same_week_close_to_next_rebalance_close_comparator,unadjusted_close,unadjusted_close,2430.0,2410.0,2645.0,2410.0,2645.0,0.0975103734439835,True,,official_unadjusted_ohlcv_twse_stock_day,official_unadjusted_ohlcv_twse_stock_day,TWSE_STOCK_DAY,TWSE_STOCK_DAY,False,unadjusted_ohlcv; adjusted_close_blocked_not_fabricated,True,False,False,False,False,False,False,False,True,False,1000000,414.0,997740.0,1095030.0,1422.0,4845.0,6267.0,0.0910993412479658,applied_local_ep05_cost_model_to_unadjusted_ohlc_unit_notional,1368
2023-09-08,2023-09-11,2023-09-18,3661,世芯-KY,TWSE,dynamic80_top1_rs20_proxy,legacy_rs20_operating_mode,mega_rs20,dynamic80_top1_rs20_proxy,next_day_open_entry_fixed_5td_exit,unadjusted_open,unadjusted_close,2430.0,2400.0,2615.0,2430.0,2615.0,0.0761316872427984,True,,official_unadjusted_ohlcv_twse_stock_day,official_unadjusted_ohlcv_twse_stock_day,TWSE_STOCK_DAY,TWSE_STOCK_DAY,False,unadjusted_ohlcv; adjusted_close_blocked_not_fabricated,True,False,False,False,False,False,False,False,True,False,1000000,411.0,998730.0,1074765.0,1423.0,4756.0,6179.0,0.06984531366700895,applied_local_ep05_cost_model_to_unadjusted_ohlc_unit_notional,1368
2023-09-08,2023-09-11,2023-09-18,3661,世芯-KY,TWSE,dynamic80_top3_rs20_risk_tiebreak_proxy,legacy_rs20_operating_mode,mega_rs20,dynamic80_top3_rs20_risk_tiebreak_proxy,next_day_close_entry_fixed_5td_exit,unadjusted_close,unadjusted_close,2430.0,2400.0,2615.0,2400.0,2615.0,0.08958333333333335,True,,official_unadjusted_ohlcv_twse_stock_day,official_unadjusted_ohlcv_twse_stock_day,TWSE_STOCK_DAY,TWSE_STOCK_DAY,False,unadjusted_ohlcv; adjusted_close_blocked_not_fabricated,True,False,False,False,False,False,False,False,True,False,1000000,416.0,998400.0,1087840.0,1423.0,4814.0,6237.0,0.08321772953812825,applied_local_ep05_cost_model_to_unadjusted_ohlc_unit_notional,1368
2023-09-08,2023-09-08,2023-09-15,3661,世芯-KY,TWSE,dynamic80_top3_rs20_risk_tiebreak_proxy,legacy_rs20_operating_mode,mega_rs20,dynamic80_top3_rs20_risk_tiebreak_proxy,same_week_close_to_next_rebalance_close_comparator,unadjusted_close,unadjusted_close,2430.0,2410.0,2645.0,2410.0,2645.0,0.0975103734439835,True,,official_unadjusted_ohlcv_twse_stock_day,official_unadjusted_ohlcv_twse_stock_day,TWSE_STOCK_DAY,TWSE_STOCK_DAY,False,unadjusted_ohlcv; adjusted_close_blocked_not_fabricated,True,False,False,False,False,False,False,False,True,False,1000000,414.0,997740.0,1095030.0,1422.0,4845.0,6267.0,0.0910993412479658,applied_local_ep05_cost_model_to_unadjusted_ohlc_unit_notional,1368
2023-09-08,2023-09-11,2023-09-18,3661,世芯-KY,TWSE,dynamic80_top3_rs20_risk_tiebreak_proxy,legacy_rs20_operating_mode,mega_rs20,dynamic80_top3_rs20_risk_tiebreak_proxy,next_day_open_entry_fixed_5td_exit,unadjusted_open,unadjusted_close,2430.0,2400.0,2615.0,2430.0,2615.0,0.0761316872427984,True,,official_unadjusted_ohlcv_twse_stock_day,official_unadjusted_ohlcv_twse_stock_day,TWSE_STOCK_DAY,TWSE_STOCK_DAY,False,unadjusted_ohlcv; adjusted_close_blocked_not_fabricated,True,False,False,False,False,False,False,False,True,False,1000000,411.0,998730.0,1074765.0,1423.0,4756.0,6179.0,0.06984531366700895,applied_local_ep05_cost_model_to_unadjusted_ohlc_unit_notional,1368
2023-09-08,2023-09-11,2023-09-18,6664,群翊,TPEx,conservative_hurdle_route,regime_switch_hybrid_route,ordinary_defensive_00631L_base,rs20_top3_risk_tiebreak,next_day_close_entry_fixed_5td_exit,unadjusted_close,unadjusted_close,163.0,155.5,155.5,155.5,155.5,0.0,True,,official_unadjusted_ohlcv_tpex_trading_stock,official_unadjusted_ohlcv_tpex_trading_stock,TPEX_TRADING_STOCK,TPEX_TRADING_STOCK,False,unadjusted_ohlcv; adjusted_close_blocked_not_fabricated,True,False,False,False,False,False,False,False,True,False,1000000,6430.0,999865.0,999865.0,1425.0,4425.0,5850.0,-0.005842463222443048,applied_local_ep05_cost_model_to_unadjusted_ohlc_unit_notional,1368
2023-09-08,2023-09-08,2023-09-15,6664,群翊,TPEx,conservative_hurdle_route,regime_switch_hybrid_route,ordinary_defensive_00631L_base,rs20_top3_risk_tiebreak,same_week_close_to_next_rebalance_close_comparator,unadjusted_close,unadjusted_close,172.0,167.0,157.5,167.0,157.5,-0.05688622754491013,True,,official_unadjusted_ohlcv_tpex_trading_stock,official_unadjusted_ohlcv_tpex_trading_stock,TPEX_TRADING_STOCK,TPEX_TRADING_STOCK,False,unadjusted_ohlcv; adjusted_close_blocked_not_fabricated,True,False,False,False,False,False,False,False,True,False,1000000,5988.0,999996.0,943110.0,1425.0,4173.0,5598.0,-0.06239533622722112,applied_local_ep05_cost_model_to_unadjusted_ohlc_unit_notional,1368
2023-09-08,2023-09-11,2023-09-18,6664,群翊,TPEx,conservative_hurdle_route,regime_switch_hybrid_route,ordinary_defensive_00631L_base,rs20_top3_risk_tiebreak,next_day_open_entry_fixed_5td_exit,unadjusted_open,unadjusted_close,163.0,155.5,155.5,163.0,155.5,-0.04601226993865026,True,,official_unadjusted_ohlcv_tpex_trading_stock,official_unadjusted_ohlcv_tpex_trading_stock,TPEX_TRADING_STOCK,TPEX_TRADING_STOCK,False,unadjusted_ohlcv; adjusted_close_blocked_not_fabricated,True,False,False,False,False,False,False,False,True,False,1000000,6134.0,999842.0,953837.0,1425.0,4221.0,5646.0,-0.051585640992862045,applied_local_ep05_cost_model_to_unadjusted_ohlc_unit_notional,1368
2023-09-08,2023-09-11,2023-09-18,6664,群翊,TPEx,dispersion_route,regime_switch_hybrid_route,dispersion,rs20_top3_risk_tiebreak,next_day_close_entry_fixed_5td_exit,unadjusted_close,unadjusted_close,163.0,155.5,155.5,155.5,155.5,0.0,True,,official_unadjusted_ohlcv_tpex_trading_stock,official_unadjusted_ohlcv_tpex_trading_stock,TPEX_TRADING_STOCK,TPEX_TRADING_STOCK,False,unadjusted_ohlcv; adjusted_close_blocked_not_fabricated,True,False,False,False,False,False,False,False,True,False,1000000,6430.0,999865.0,999865.0,1425.0,4425.0,5850.0,-0.005842463222443048,applied_local_ep05_cost_model_to_unadjusted_ohlc_unit_notional,1368
2023-09-08,2023-09-08,2023-09-15,6664,群翊,TPEx,dispersion_route,regime_switch_hybrid_route,dispersion,rs20_top3_risk_tiebreak,same_week_close_to_next_rebalance_close_comparator,unadjusted_close,unadjusted_close,172.0,167.0,157.5,167.0,157.5,-0.05688622754491013,True,,official_unadjusted_ohlcv_tpex_trading_stock,official_unadjusted_ohlcv_tpex_trading_stock,TPEX_TRADING_STOCK,TPEX_TRADING_STOCK,False,unadjusted_ohlcv; adjusted_close_blocked_not_fabricated,True,False,False,False,False,False,False,False,True,False,1000000,5988.0,999996.0,943110.0,1425.0,4173.0,5598.0,-0.06239533622722112,applied_local_ep05_cost_model_to_unadjusted_ohlc_unit_notional,1368
2023-09-08,2023-09-11,2023-09-18,6664,群翊,TPEx,dispersion_route,regime_switch_hybrid_route,dispersion,rs20_top3_risk_tiebreak,next_day_open_entry_fixed_5td_exit,unadjusted_open,unadjusted_close,163.0,155.5,155.5,163.0,155.5,-0.04601226993865026,True,,official_unadjusted_ohlcv_tpex_trading_stock,official_unadjusted_ohlcv_tpex_trading_stock,TPEX_TRADING_STOCK,TPEX_TRADING_STOCK,False,unadjusted_ohlcv; adjusted_close_blocked_not_fabricated,True,False,False,False,False,False,False,False,True,False,1000000,6134.0,999842.0,953837.0,1425.0,4221.0,5646.0,-0.051585640992862045,applied_local_ep05_cost_model_to_unadjusted_ohlc_unit_notional,1368
2023-09-08,2023-09-11,2023-09-18,6664,群翊,TPEx,hybrid_pullback_base_mega_override,regime_switch_hybrid_route,hybrid,rs20_top3_risk_tiebreak,next_day_close_entry_fixed_5td_exit,unadjusted_close,unadjusted_close,163.0,155.5,155.5,155.5,155.5,0.0,True,,official_unadjusted_ohlcv_tpex_trading_stock,official_unadjusted_ohlcv_tpex_trading_stock,TPEX_TRADING_STOCK,TPEX_TRADING_STOCK,False,unadjusted_ohlcv; adjusted_close_blocked_not_fabricated,True,False,False,False,False,False,False,False,True,False,1000000,6430.0,999865.0,999865.0,1425.0,4425.0,5850.0,-0.005842463222443048,applied_local_ep05_cost_model_to_unadjusted_ohlc_unit_notional,1368
2023-09-08,2023-09-08,2023-09-15,6664,群翊,TPEx,hybrid_pullback_base_mega_override,regime_switch_hybrid_route,hybrid,rs20_top3_risk_tiebreak,same_week_close_to_next_rebalance_close_comparator,unadjusted_close,unadjusted_close,172.0,167.0,157.5,167.0,157.5,-0.05688622754491013,True,,official_unadjusted_ohlcv_tpex_trading_stock,official_unadjusted_ohlcv_tpex_trading_stock,TPEX_TRADING_STOCK,TPEX_TRADING_STOCK,False,unadjusted_ohlcv; adjusted_close_blocked_not_fabricated,True,False,False,False,False,False,False,False,True,False,1000000,5988.0,999996.0,943110.0,1425.0,4173.0,5598.0,-0.06239533622722112,applied_local_ep05_cost_model_to_unadjusted_ohlc_unit_notional,1368
2023-09-08,2023-09-11,2023-09-18,6664,群翊,TPEx,hybrid_pullback_base_mega_override,regime_switch_hybrid_route,hybrid,rs20_top3_risk_tiebreak,next_day_open_entry_fixed_5td_exit,unadjusted_open,unadjusted_close,163.0,155.5,155.5,163.0,155.5,-0.04601226993865026,True,,official_unadjusted_ohlcv_tpex_trading_stock,official_unadjusted_ohlcv_tpex_trading_stock,TPEX_TRADING_STOCK,TPEX_TRADING_STOCK,False,unadjusted_ohlcv; adjusted_close_blocked_not_fabricated,True,False,False,False,False,False,False,False,True,False,1000000,6134.0,999842.0,953837.0,1425.0,4221.0,5646.0,-0.051585640992862045,applied_local_ep05_cost_model_to_unadjusted_ohlc_unit_notional,1368
2023-09-08,2023-09-11,2023-09-18,3661,世芯-KY,TWSE,market_bias_pool_trend_route,regime_switch_hybrid_route,mega_or_stock_route,stable_strength,next_day_close_entry_fixed_5td_exit,unadjusted_close,unadjusted_close,2430.0,2400.0,2615.0,2400.0,2615.0,0.08958333333333335,True,,official_unadjusted_ohlcv_twse_stock_day,official_unadjusted_ohlcv_twse_stock_day,TWSE_STOCK_DAY,TWSE_STOCK_DAY,False,unadjusted_ohlcv; adjusted_close_blocked_not_fabricated,True,False,False,False,False,False,False,False,True,False,1000000,416.0,998400.0,1087840.0,1423.0,4814.0,6237.0,0.08321772953812825,applied_local_ep05_cost_model_to_unadjusted_ohlc_unit_notional,1368
2023-09-08,2023-09-08,2023-09-15,3661,世芯-KY,TWSE,market_bias_pool_trend_route,regime_switch_hybrid_route,mega_or_stock_route,stable_strength,same_week_close_to_next_rebalance_close_comparator,unadjusted_close,unadjusted_close,2430.0,2410.0,2645.0,2410.0,2645.0,0.0975103734439835,True,,official_unadjusted_ohlcv_twse_stock_day,official_unadjusted_ohlcv_twse_stock_day,TWSE_STOCK_DAY,TWSE_STOCK_DAY,False,unadjusted_ohlcv; adjusted_close_blocked_not_fabricated,True,False,False,False,False,False,False,False,True,False,1000000,414.0,997740.0,1095030.0,1422.0,4845.0,6267.0,0.0910993412479658,applied_local_ep05_cost_model_to_unadjusted_ohlc_unit_notional,1368
2023-09-08,2023-09-11,2023-09-18,3661,世芯-KY,TWSE,market_bias_pool_trend_route,regime_switch_hybrid_route,mega_or_stock_route,stable_strength,next_day_open_entry_fixed_5td_exit,unadjusted_open,unadjusted_close,2430.0,2400.0,2615.0,2430.0,2615.0,0.0761316872427984,True,,official_unadjusted_ohlcv_twse_stock_day,official_unadjusted_ohlcv_twse_stock_day,TWSE_STOCK_DAY,TWSE_STOCK_DAY,False,unadjusted_ohlcv; adjusted_close_blocked_not_fabricated,True,False,False,False,False,False,False,False,True,False,1000000,411.0,998730.0,1074765.0,1423.0,4756.0,6179.0,0.06984531366700895,applied_local_ep05_cost_model_to_unadjusted_ohlc_unit_notional,1368
2023-09-08,2023-09-11,2023-09-18,3661,世芯-KY,TWSE,pool_breadth_route,regime_switch_hybrid_route,mega_or_stock_route,stable_strength,next_day_close_entry_fixed_5td_exit,unadjusted_close,unadjusted_close,2430.0,2400.0,2615.0,2400.0,2615.0,0.08958333333333335,True,,official_unadjusted_ohlcv_twse_stock_day,official_unadjusted_ohlcv_twse_stock_day,TWSE_STOCK_DAY,TWSE_STOCK_DAY,False,unadjusted_ohlcv; adjusted_close_blocked_not_fabricated,True,False,False,False,False,False,False,False,True,False,1000000,416.0,998400.0,1087840.0,1423.0,4814.0,6237.0,0.08321772953812825,applied_local_ep05_cost_model_to_unadjusted_ohlc_unit_notional,1368
2023-09-08,2023-09-08,2023-09-15,3661,世芯-KY,TWSE,pool_breadth_route,regime_switch_hybrid_route,mega_or_stock_route,stable_strength,same_week_close_to_next_rebalance_close_comparator,unadjusted_close,unadjusted_close,2430.0,2410.0,2645.0,2410.0,2645.0,0.0975103734439835,True,,official_unadjusted_ohlcv_twse_stock_day,official_unadjusted_ohlcv_twse_stock_day,TWSE_STOCK_DAY,TWSE_STOCK_DAY,False,unadjusted_ohlcv; adjusted_close_blocked_not_fabricated,True,False,False,False,False,False,False,False,True,False,1000000,414.0,997740.0,1095030.0,1422.0,4845.0,6267.0,0.0910993412479658,applied_local_ep05_cost_model_to_unadjusted_ohlc_unit_notional,1368
2023-09-08,2023-09-11,2023-09-18,3661,世芯-KY,TWSE,pool_breadth_route,regime_switch_hybrid_route,mega_or_stock_route,stable_strength,next_day_open_entry_fixed_5td_exit,unadjusted_open,unadjusted_close,2430.0,2400.0,2615.0,2430.0,2615.0,0.0761316872427984,True,,official_unadjusted_ohlcv_twse_stock_day,official_unadjusted_ohlcv_twse_stock_day,TWSE_STOCK_DAY,TWSE_STOCK_DAY,False,unadjusted_ohlcv; adjusted_close_blocked_not_fabricated,True,False,False,False,False,False,False,False,True,False,1000000,411.0,998730.0,1074765.0,1423.0,4756.0,6179.0,0.06984531366700895,applied_local_ep05_cost_model_to_unadjusted_ohlc_unit_notional,1368
2023-09-15,2023-09-18,2023-09-25,3548,兆利,TPEx,dynamic80_top1_rs20_31_bonus_proxy,legacy_rs20_operating_mode,mega_rs20,dynamic80_top1_rs20_31_bonus_proxy,next_day_close_entry_fixed_5td_exit,unadjusted_close,unadjusted_close,140.0,138.0,137.0,138.0,137.0,-0.007246376811594235,True,,official_unadjusted_ohlcv_tpex_trading_stock,official_unadjusted_ohlcv_tpex_trading_stock,TPEX_TRADING_STOCK,TPEX_TRADING_STOCK,False,unadjusted_ohlcv; adjusted_close_blocked_not_fabricated,True,False,False,False,False,False,False,False,True,False,1000000,7246.0,999948.0,992702.0,1425.0,4393.0,5818.0,-0.0130460877215583,applied_local_ep05_cost_model_to_unadjusted_ohlc_unit_notional,1368
2023-09-15,2023-09-15,2023-09-22,3548,兆利,TPEx,dynamic80_top1_rs20_31_bonus_proxy,legacy_rs20_operating_mode,mega_rs20,dynamic80_top1_rs20_31_bonus_proxy,same_week_close_to_next_rebalance_close_comparator,unadjusted_close,unadjusted_close,140.0,141.0,133.5,141.0,133.5,-0.05319148936170215,True,,official_unadjusted_ohlcv_tpex_trading_stock,official_unadjusted_ohlcv_tpex_trading_stock,TPEX_TRADING_STOCK,TPEX_TRADING_STOCK,False,unadjusted_ohlcv; adjusted_close_blocked_not_fabricated,True,False,False,False,False,False,False,False,True,False,1000000,7092.0,999972.0,946782.0,1425.0,4189.0,5614.0,-0.0587219654143162,applied_local_ep05_cost_model_to_unadjusted_ohlc_unit_notional,1368
2023-09-15,2023-09-18,2023-09-25,3548,兆利,TPEx,dynamic80_top1_rs20_31_bonus_proxy,legacy_rs20_operating_mode,mega_rs20,dynamic80_top1_rs20_31_bonus_proxy,next_day_open_entry_fixed_5td_exit,unadjusted_open,unadjusted_close,140.0,138.0,137.0,140.0,137.0,-0.021428571428571463,True,,official_unadjusted_ohlcv_tpex_trading_stock,official_unadjusted_ohlcv_tpex_trading_stock,TPEX_TRADING_STOCK,TPEX_TRADING_STOCK,False,unadjusted_ohlcv; adjusted_close_blocked_not_fabricated,True,False,False,False,False,False,False,False,True,False,1000000,7142.0,999880.0,978454.0,1425.0,4329.0,5754.0,-0.027144576327892102,applied_local_ep05_cost_model_to_unadjusted_ohlc_unit_notional,1368
2023-09-15,2023-09-18,2023-09-25,3548,兆利,TPEx,dynamic80_top1_rs20_7core_context_proxy,legacy_rs20_operating_mode,mega_rs20,dynamic80_top1_rs20_7core_context_proxy,next_day_close_entry_fixed_5td_exit,unadjusted_close,unadjusted_close,140.0,138.0,137.0,138.0,137.0,-0.007246376811594235,True,,official_unadjusted_ohlcv_tpex_trading_stock,official_unadjusted_ohlcv_tpex_trading_stock,TPEX_TRADING_STOCK,TPEX_TRADING_STOCK,False,unadjusted_ohlcv; adjusted_close_blocked_not_fabricated,True,False,False,False,False,False,False,False,True,False,1000000,7246.0,999948.0,992702.0,1425.0,4393.0,5818.0,-0.0130460877215583,applied_local_ep05_cost_model_to_unadjusted_ohlc_unit_notional,1368
2023-09-15,2023-09-15,2023-09-22,3548,兆利,TPEx,dynamic80_top1_rs20_7core_context_proxy,legacy_rs20_operating_mode,mega_rs20,dynamic80_top1_rs20_7core_context_proxy,same_week_close_to_next_rebalance_close_comparator,unadjusted_close,unadjusted_close,140.0,141.0,133.5,141.0,133.5,-0.05319148936170215,True,,official_unadjusted_ohlcv_tpex_trading_stock,official_unadjusted_ohlcv_tpex_trading_stock,TPEX_TRADING_STOCK,TPEX_TRADING_STOCK,False,unadjusted_ohlcv; adjusted_close_blocked_not_fabricated,True,False,False,False,False,False,False,False,True,False,1000000,7092.0,999972.0,946782.0,1425.0,4189.0,5614.0,-0.0587219654143162,applied_local_ep05_cost_model_to_unadjusted_ohlc_unit_notional,1368
2023-09-15,2023-09-18,2023-09-25,3548,兆利,TPEx,dynamic80_top1_rs20_7core_context_proxy,legacy_rs20_operating_mode,mega_rs20,dynamic80_top1_rs20_7core_context_proxy,next_day_open_entry_fixed_5td_exit,unadjusted_open,unadjusted_close,140.0,138.0,137.0,140.0,137.0,-0.021428571428571463,True,,official_unadjusted_ohlcv_tpex_trading_stock,official_unadjusted_ohlcv_tpex_trading_stock,TPEX_TRADING_STOCK,TPEX_TRADING_STOCK,False,unadjusted_ohlcv; adjusted_close_blocked_not_fabricated,True,False,False,False,False,False,False,False,True,False,1000000,7142.0,999880.0,978454.0,1425.0,4329.0,5754.0,-0.027144576327892102,applied_local_ep05_cost_model_to_unadjusted_ohlc_unit_notional,1368
2023-09-15,2023-09-18,2023-09-25,3548,兆利,TPEx,dynamic80_top1_rs20_proxy,legacy_rs20_operating_mode,mega_rs20,dynamic80_top1_rs20_proxy,next_day_close_entry_fixed_5td_exit,unadjusted_close,unadjusted_close,140.0,138.0,137.0,138.0,137.0,-0.007246376811594235,True,,official_unadjusted_ohlcv_tpex_trading_stock,official_unadjusted_ohlcv_tpex_trading_stock,TPEX_TRADING_STOCK,TPEX_TRADING_STOCK,False,unadjusted_ohlcv; adjusted_close_blocked_not_fabricated,True,False,False,False,False,False,False,False,True,False,1000000,7246.0,999948.0,992702.0,1425.0,4393.0,5818.0,-0.0130460877215583,applied_local_ep05_cost_model_to_unadjusted_ohlc_unit_notional,1368
2023-09-15,2023-09-15,2023-09-22,3548,兆利,TPEx,dynamic80_top1_rs20_proxy,legacy_rs20_operating_mode,mega_rs20,dynamic80_top1_rs20_proxy,same_week_close_to_next_rebalance_close_comparator,unadjusted_close,unadjusted_close,140.0,141.0,133.5,141.0,133.5,-0.05319148936170215,True,,official_unadjusted_ohlcv_tpex_trading_stock,official_unadjusted_ohlcv_tpex_trading_stock,TPEX_TRADING_STOCK,TPEX_TRADING_STOCK,False,unadjusted_ohlcv; adjusted_close_blocked_not_fabricated,True,False,False,False,False,False,False,False,True,False,1000000,7092.0,999972.0,946782.0,1425.0,4189.0,5614.0,-0.0587219654143162,applied_local_ep05_cost_model_to_unadjusted_ohlc_unit_notional,1368
2023-09-15,2023-09-18,2023-09-25,3548,兆利,TPEx,dynamic80_top1_rs20_proxy,legacy_rs20_operating_mode,mega_rs20,dynamic80_top1_rs20_proxy,next_day_open_entry_fixed_5td_exit,unadjusted_open,unadjusted_close,140.0,138.0,137.0,140.0,137.0,-0.021428571428571463,True,,official_unadjusted_ohlcv_tpex_trading_stock,official_unadjusted_ohlcv_tpex_trading_stock,TPEX_TRADING_STOCK,TPEX_TRADING_STOCK,False,unadjusted_ohlcv; adjusted_close_blocked_not_fabricated,True,False,False,False,False,False,False,False,True,False,1000000,7142.0,999880.0,978454.0,1425.0,4329.0,5754.0,-0.027144576327892102,applied_local_ep05_cost_model_to_unadjusted_ohlc_unit_notional,1368
2023-09-15,2023-09-18,2023-09-25,3548,兆利,TPEx,dynamic80_top3_rs20_risk_tiebreak_proxy,legacy_rs20_operating_mode,mega_rs20,dynamic80_top3_rs20_risk_tiebreak_proxy,next_day_close_entry_fixed_5td_exit,unadjusted_close,unadjusted_close,140.0,138.0,137.0,138.0,137.0,-0.007246376811594235,True,,official_unadjusted_ohlcv_tpex_trading_stock,official_unadjusted_ohlcv_tpex_trading_stock,TPEX_TRADING_STOCK,TPEX_TRADING_STOCK,False,unadjusted_ohlcv; adjusted_close_blocked_not_fabricated,True,False,False,False,False,False,False,False,True,False,1000000,7246.0,999948.0,992702.0,1425.0,4393.0,5818.0,-0.0130460877215583,applied_local_ep05_cost_model_to_unadjusted_ohlc_unit_notional,1368
2023-09-15,2023-09-15,2023-09-22,3548,兆利,TPEx,dynamic80_top3_rs20_risk_tiebreak_proxy,legacy_rs20_operating_mode,mega_rs20,dynamic80_top3_rs20_risk_tiebreak_proxy,same_week_close_to_next_rebalance_close_comparator,unadjusted_close,unadjusted_close,140.0,141.0,133.5,141.0,133.5,-0.05319148936170215,True,,official_unadjusted_ohlcv_tpex_trading_stock,official_unadjusted_ohlcv_tpex_trading_stock,TPEX_TRADING_STOCK,TPEX_TRADING_STOCK,False,unadjusted_ohlcv; adjusted_close_blocked_not_fabricated,True,False,False,False,False,False,False,False,True,False,1000000,7092.0,999972.0,946782.0,1425.0,4189.0,5614.0,-0.0587219654143162,applied_local_ep05_cost_model_to_unadjusted_ohlc_unit_notional,1368
2023-09-15,2023-09-18,2023-09-25,3548,兆利,TPEx,dynamic80_top3_rs20_risk_tiebreak_proxy,legacy_rs20_operating_mode,mega_rs20,dynamic80_top3_rs20_risk_tiebreak_proxy,next_day_open_entry_fixed_5td_exit,unadjusted_open,unadjusted_close,140.0,138.0,137.0,140.0,137.0,-0.021428571428571463,True,,official_unadjusted_ohlcv_tpex_trading_stock,official_unadjusted_ohlcv_tpex_trading_stock,TPEX_TRADING_STOCK,TPEX_TRADING_STOCK,False,unadjusted_ohlcv; adjusted_close_blocked_not_fabricated,True,False,False,False,False,False,False,False,True,False,1000000,7142.0,999880.0,978454.0,1425.0,4329.0,5754.0,-0.027144576327892102,applied_local_ep05_cost_model_to_unadjusted_ohlc_unit_notional,1368
2023-09-15,2023-09-18,2023-09-25,3661,世芯-KY,TWSE,conservative_hurdle_route,regime_switch_hybrid_route,ordinary_defensive_00631L_base,rs20_top3_risk_tiebreak,next_day_close_entry_fixed_5td_exit,unadjusted_close,unadjusted_close,2600.0,2615.0,2625.0,2615.0,2625.0,0.003824091778202643,True,,official_unadjusted_ohlcv_twse_stock_day,official_unadjusted_ohlcv_twse_stock_day,TWSE_STOCK_DAY,TWSE_STOCK_DAY,False,unadjusted_ohlcv; adjusted_close_blocked_not_fabricated,True,False,False,False,False,False,False,False,True,False,1000000,382.0,998930.0,1002750.0,1423.0,4437.0,5860.0,-0.002039280134112658,applied_local_ep05_cost_model_to_unadjusted_ohlc_unit_notional,1368
2023-09-15,2023-09-15,2023-09-22,3661,世芯-KY,TWSE,conservative_hurdle_route,regime_switch_hybrid_route,ordinary_defensive_00631L_base,rs20_top3_risk_tiebreak,same_week_close_to_next_rebalance_close_comparator,unadjusted_close,unadjusted_close,2680.0,2645.0,2500.0,2645.0,2500.0,-0.05482041587901698,True,,official_unadjusted_ohlcv_twse_stock_day,official_unadjusted_ohlcv_twse_stock_day,TWSE_STOCK_DAY,TWSE_STOCK_DAY,False,unadjusted_ohlcv; adjusted_close_blocked_not_fabricated,True,False,False,False,False,False,False,False,True,False,1000000,378.0,999810.0,945000.0,1425.0,4182.0,5607.0,-0.06034247704085455,applied_local_ep05_cost_model_to_unadjusted_ohlc_unit_notional,1368
2023-09-15,2023-09-18,2023-09-25,3661,世芯-KY,TWSE,conservative_hurdle_route,regime_switch_hybrid_route,ordinary_defensive_00631L_base,rs20_top3_risk_tiebreak,next_day_open_entry_fixed_5td_exit,unadjusted_open,unadjusted_close,2600.0,2615.0,2625.0,2600.0,2625.0,0.009615384615384581,True,,official_unadjusted_ohlcv_twse_stock_day,official_unadjusted_ohlcv_twse_stock_day,TWSE_STOCK_DAY,TWSE_STOCK_DAY,False,unadjusted_ohlcv; adjusted_close_blocked_not_fabricated,True,False,False,False,False,False,False,False,True,False,1000000,384.0,998400.0,1008000.0,1423.0,4460.0,5883.0,0.003717658025470508,applied_local_ep05_cost_model_to_unadjusted_ohlc_unit_notional,1368
2023-09-15,2023-09-18,2023-09-25,3661,世芯-KY,TWSE,dispersion_route,regime_switch_hybrid_route,dispersion,rs20_top3_risk_tiebreak,next_day_close_entry_fixed_5td_exit,unadjusted_close,unadjusted_close,2600.0,2615.0,2625.0,2615.0,2625.0,0.003824091778202643,True,,official_unadjusted_ohlcv_twse_stock_day,official_unadjusted_ohlcv_twse_stock_day,TWSE_STOCK_DAY,TWSE_STOCK_DAY,False,unadjusted_ohlcv; adjusted_close_blocked_not_fabricated,True,False,False,False,False,False,False,False,True,False,1000000,382.0,998930.0,1002750.0,1423.0,4437.0,5860.0,-0.002039280134112658,applied_local_ep05_cost_model_to_unadjusted_ohlc_unit_notional,1368
2023-09-15,2023-09-15,2023-09-22,3661,世芯-KY,TWSE,dispersion_route,regime_switch_hybrid_route,dispersion,rs20_top3_risk_tiebreak,same_week_close_to_next_rebalance_close_comparator,unadjusted_close,unadjusted_close,2680.0,2645.0,2500.0,2645.0,2500.0,-0.05482041587901698,True,,official_unadjusted_ohlcv_twse_stock_day,official_unadjusted_ohlcv_twse_stock_day,TWSE_STOCK_DAY,TWSE_STOCK_DAY,False,unadjusted_ohlcv; adjusted_close_blocked_not_fabricated,True,False,False,False,False,False,False,False,True,False,1000000,378.0,999810.0,945000.0,1425.0,4182.0,5607.0,-0.06034247704085455,applied_local_ep05_cost_model_to_unadjusted_ohlc_unit_notional,1368
2023-09-15,2023-09-18,2023-09-25,3661,世芯-KY,TWSE,dispersion_route,regime_switch_hybrid_route,dispersion,rs20_top3_risk_tiebreak,next_day_open_entry_fixed_5td_exit,unadjusted_open,unadjusted_close,2600.0,2615.0,2625.0,2600.0,2625.0,0.009615384615384581,True,,official_unadjusted_ohlcv_twse_stock_day,official_unadjusted_ohlcv_twse_stock_day,TWSE_STOCK_DAY,TWSE_STOCK_DAY,False,unadjusted_ohlcv; adjusted_close_blocked_not_fabricated,True,False,False,False,False,False,False,False,True,False,1000000,384.0,998400.0,1008000.0,1423.0,4460.0,5883.0,0.003717658025470508,applied_local_ep05_cost_model_to_unadjusted_ohlc_unit_notional,1368
2023-09-15,2023-09-18,2023-09-25,3661,世芯-KY,TWSE,hybrid_pullback_base_mega_override,regime_switch_hybrid_route,hybrid,rs20_top3_risk_tiebreak,next_day_close_entry_fixed_5td_exit,unadjusted_close,unadjusted_close,2600.0,2615.0,2625.0,2615.0,2625.0,0.003824091778202643,True,,official_unadjusted_ohlcv_twse_stock_day,official_unadjusted_ohlcv_twse_stock_day,TWSE_STOCK_DAY,TWSE_STOCK_DAY,False,unadjusted_ohlcv; adjusted_close_blocked_not_fabricated,True,False,False,False,False,False,False,False,True,False,1000000,382.0,998930.0,1002750.0,1423.0,4437.0,5860.0,-0.002039280134112658,applied_local_ep05_cost_model_to_unadjusted_ohlc_unit_notional,1368
2023-09-15,2023-09-15,2023-09-22,3661,世芯-KY,TWSE,hybrid_pullback_base_mega_override,regime_switch_hybrid_route,hybrid,rs20_top3_risk_tiebreak,same_week_close_to_next_rebalance_close_comparator,unadjusted_close,unadjusted_close,2680.0,2645.0,2500.0,2645.0,2500.0,-0.05482041587901698,True,,official_unadjusted_ohlcv_twse_stock_day,official_unadjusted_ohlcv_twse_stock_day,TWSE_STOCK_DAY,TWSE_STOCK_DAY,False,unadjusted_ohlcv; adjusted_close_blocked_not_fabricated,True,False,False,False,False,False,False,False,True,False,1000000,378.0,999810.0,945000.0,1425.0,4182.0,5607.0,-0.06034247704085455,applied_local_ep05_cost_model_to_unadjusted_ohlc_unit_notional,1368
2023-09-15,2023-09-18,2023-09-25,3661,世芯-KY,TWSE,hybrid_pullback_base_mega_override,regime_switch_hybrid_route,hybrid,rs20_top3_risk_tiebreak,next_day_open_entry_fixed_5td_exit,unadjusted_open,unadjusted_close,2600.0,2615.0,2625.0,2600.0,2625.0,0.009615384615384581,True,,official_unadjusted_ohlcv_twse_stock_day,official_unadjusted_ohlcv_twse_stock_day,TWSE_STOCK_DAY,TWSE_STOCK_DAY,False,unadjusted_ohlcv; adjusted_close_blocked_not_fabricated,True,False,False,False,False,False,False,False,True,False,1000000,384.0,998400.0,1008000.0,1423.0,4460.0,5883.0,0.003717658025470508,applied_local_ep05_cost_model_to_unadjusted_ohlc_unit_notional,1368
2023-09-15,2023-09-18,2023-09-25,3661,世芯-KY,TWSE,market_bias_pool_trend_route,regime_switch_hybrid_route,mega_or_stock_route,stable_strength,next_day_close_entry_fixed_5td_exit,unadjusted_close,unadjusted_close,2600.0,2615.0,2625.0,2615.0,2625.0,0.003824091778202643,True,,official_unadjusted_ohlcv_twse_stock_day,official_unadjusted_ohlcv_twse_stock_day,TWSE_STOCK_DAY,TWSE_STOCK_DAY,False,unadjusted_ohlcv; adjusted_close_blocked_not_fabricated,True,False,False,False,False,False,False,False,True,False,1000000,382.0,998930.0,1002750.0,1423.0,4437.0,5860.0,-0.002039280134112658,applied_local_ep05_cost_model_to_unadjusted_ohlc_unit_notional,1368
2023-09-15,2023-09-15,2023-09-22,3661,世芯-KY,TWSE,market_bias_pool_trend_route,regime_switch_hybrid_route,mega_or_stock_route,stable_strength,same_week_close_to_next_rebalance_close_comparator,unadjusted_close,unadjusted_close,2680.0,2645.0,2500.0,2645.0,2500.0,-0.05482041587901698,True,,official_unadjusted_ohlcv_twse_stock_day,official_unadjusted_ohlcv_twse_stock_day,TWSE_STOCK_DAY,TWSE_STOCK_DAY,False,unadjusted_ohlcv; adjusted_close_blocked_not_fabricated,True,False,False,False,False,False,False,False,True,False,1000000,378.0,999810.0,945000.0,1425.0,4182.0,5607.0,-0.06034247704085455,applied_local_ep05_cost_model_to_unadjusted_ohlc_unit_notional,1368
2023-09-15,2023-09-18,2023-09-25,3661,世芯-KY,TWSE,market_bias_pool_trend_route,regime_switch_hybrid_route,mega_or_stock_route,stable_strength,next_day_open_entry_fixed_5td_exit,unadjusted_open,unadjusted_close,2600.0,2615.0,2625.0,2600.0,2625.0,0.009615384615384581,True,,official_unadjusted_ohlcv_twse_stock_day,official_unadjusted_ohlcv_twse_stock_day,TWSE_STOCK_DAY,TWSE_STOCK_DAY,False,unadjusted_ohlcv; adjusted_close_blocked_not_fabricated,True,False,False,False,False,False,False,False,True,False,1000000,384.0,998400.0,1008000.0,1423.0,4460.0,5883.0,0.003717658025470508,applied_local_ep05_cost_model_to_unadjusted_ohlc_unit_notional,1368
2023-09-15,2023-09-18,2023-09-25,3661,世芯-KY,TWSE,pool_breadth_route,regime_switch_hybrid_route,mega_or_stock_route,stable_strength,next_day_close_entry_fixed_5td_exit,unadjusted_close,unadjusted_close,2600.0,2615.0,2625.0,2615.0,2625.0,0.003824091778202643,True,,official_unadjusted_ohlcv_twse_stock_day,official_unadjusted_ohlcv_twse_stock_day,TWSE_STOCK_DAY,TWSE_STOCK_DAY,False,unadjusted_ohlcv; adjusted_close_blocked_not_fabricated,True,False,False,False,False,False,False,False,True,False,1000000,382.0,998930.0,1002750.0,1423.0,4437.0,5860.0,-0.002039280134112658,applied_local_ep05_cost_model_to_unadjusted_ohlc_unit_notional,1368
2023-09-15,2023-09-15,2023-09-22,3661,世芯-KY,TWSE,pool_breadth_route,regime_switch_hybrid_route,mega_or_stock_route,stable_strength,same_week_close_to_next_rebalance_close_comparator,unadjusted_close,unadjusted_close,2680.0,2645.0,2500.0,2645.0,2500.0,-0.05482041587901698,True,,official_unadjusted_ohlcv_twse_stock_day,official_unadjusted_ohlcv_twse_stock_day,TWSE_STOCK_DAY,TWSE_STOCK_DAY,False,unadjusted_ohlcv; adjusted_close_blocked_not_fabricated,True,False,False,False,False,False,False,False,True,False,1000000,378.0,999810.0,945000.0,1425.0,4182.0,5607.0,-0.06034247704085455,applied_local_ep05_cost_model_to_unadjusted_ohlc_unit_notional,1368
2023-09-15,2023-09-18,2023-09-25,3661,世芯-KY,TWSE,pool_breadth_route,regime_switch_hybrid_route,mega_or_stock_route,stable_strength,next_day_open_entry_fixed_5td_exit,unadjusted_open,unadjusted_close,2600.0,2615.0,2625.0,2600.0,2625.0,0.009615384615384581,True,,official_unadjusted_ohlcv_twse_stock_day,official_unadjusted_ohlcv_twse_stock_day,TWSE_STOCK_DAY,TWSE_STOCK_DAY,False,unadjusted_ohlcv; adjusted_close_blocked_not_fabricated,True,False,False,False,False,False,False,False,True,False,1000000,384.0,998400.0,1008000.0,1423.0,4460.0,5883.0,0.003717658025470508,applied_local_ep05_cost_model_to_unadjusted_ohlc_unit_notional,1368
2023-09-22,2023-09-25,2023-10-03,2364,倫飛,TWSE,dynamic80_top1_rs20_31_bonus_proxy,legacy_rs20_operating_mode,mega_rs20,dynamic80_top1_rs20_31_bonus_proxy,next_day_close_entry_fixed_5td_exit,unadjusted_close,unadjusted_close,114.5,116.0,117.0,116.0,117.0,0.008620689655172376,True,,official_unadjusted_ohlcv_twse_stock_day,official_unadjusted_ohlcv_twse_stock_day,TWSE_STOCK_DAY,TWSE_STOCK_DAY,False,unadjusted_ohlcv; adjusted_close_blocked_not_fabricated,True,False,False,False,False,False,False,False,True,False,1000000,8620.0,999920.0,1008540.0,1425.0,4463.0,5888.0,0.002728330395617894,applied_local_ep05_cost_model_to_unadjusted_ohlc_unit_notional,1368
2023-09-22,2023-09-22,2023-09-28,2364,倫飛,TWSE,dynamic80_top1_rs20_31_bonus_proxy,legacy_rs20_operating_mode,mega_rs20,dynamic80_top1_rs20_31_bonus_proxy,same_week_close_to_next_rebalance_close_comparator,unadjusted_close,unadjusted_close,117.0,114.5,116.0,114.5,116.0,0.013100436681222627,True,,official_unadjusted_ohlcv_twse_stock_day,official_unadjusted_ohlcv_twse_stock_day,TWSE_STOCK_DAY,TWSE_STOCK_DAY,False,unadjusted_ohlcv; adjusted_close_blocked_not_fabricated,True,False,False,False,False,False,False,False,True,False,1000000,8733.0,999928.5,1013028.0,1425.0,4483.0,5908.0,0.007181779461498861,applied_local_ep05_cost_model_to_unadjusted_ohlc_unit_notional,1368
2023-09-22,2023-09-25,2023-10-03,2364,倫飛,TWSE,dynamic80_top1_rs20_31_bonus_proxy,legacy_rs20_operating_mode,mega_rs20,dynamic80_top1_rs20_31_bonus_proxy,next_day_open_entry_fixed_5td_exit,unadjusted_open,unadjusted_close,114.5,116.0,117.0,114.5,117.0,0.02183406113537112,True,,official_unadjusted_ohlcv_twse_stock_day,official_unadjusted_ohlcv_twse_stock_day,TWSE_STOCK_DAY,TWSE_STOCK_DAY,False,unadjusted_ohlcv; adjusted_close_blocked_not_fabricated,True,False,False,False,False,False,False,False,True,False,1000000,8733.0,999928.5,1021761.0,1425.0,4521.0,5946.0,0.015865026686379985,applied_local_ep05_cost_model_to_unadjusted_ohlc_unit_notional,1368
2023-09-22,2023-09-25,2023-10-03,2364,倫飛,TWSE,dynamic80_top1_rs20_7core_context_proxy,legacy_rs20_operating_mode,mega_rs20,dynamic80_top1_rs20_7core_context_proxy,next_day_close_entry_fixed_5td_exit,unadjusted_close,unadjusted_close,114.5,116.0,117.0,116.0,117.0,0.008620689655172376,True,,official_unadjusted_ohlcv_twse_stock_day,official_unadjusted_ohlcv_twse_stock_day,TWSE_STOCK_DAY,TWSE_STOCK_DAY,False,unadjusted_ohlcv; adjusted_close_blocked_not_fabricated,True,False,False,False,False,False,False,False,True,False,1000000,8620.0,999920.0,1008540.0,1425.0,4463.0,5888.0,0.002728330395617894,applied_local_ep05_cost_model_to_unadjusted_ohlc_unit_notional,1368
2023-09-22,2023-09-22,2023-09-28,2364,倫飛,TWSE,dynamic80_top1_rs20_7core_context_proxy,legacy_rs20_operating_mode,mega_rs20,dynamic80_top1_rs20_7core_context_proxy,same_week_close_to_next_rebalance_close_comparator,unadjusted_close,unadjusted_close,117.0,114.5,116.0,114.5,116.0,0.013100436681222627,True,,official_unadjusted_ohlcv_twse_stock_day,official_unadjusted_ohlcv_twse_stock_day,TWSE_STOCK_DAY,TWSE_STOCK_DAY,False,unadjusted_ohlcv; adjusted_close_blocked_not_fabricated,True,False,False,False,False,False,False,False,True,False,1000000,8733.0,999928.5,1013028.0,1425.0,4483.0,5908.0,0.007181779461498861,applied_local_ep05_cost_model_to_unadjusted_ohlc_unit_notional,1368
2023-09-22,2023-09-25,2023-10-03,2364,倫飛,TWSE,dynamic80_top1_rs20_7core_context_proxy,legacy_rs20_operating_mode,mega_rs20,dynamic80_top1_rs20_7core_context_proxy,next_day_open_entry_fixed_5td_exit,unadjusted_open,unadjusted_close,114.5,116.0,117.0,114.5,117.0,0.02183406113537112,True,,official_unadjusted_ohlcv_twse_stock_day,official_unadjusted_ohlcv_twse_stock_day,TWSE_STOCK_DAY,TWSE_STOCK_DAY,False,unadjusted_ohlcv; adjusted_close_blocked_not_fabricated,True,False,False,False,False,False,False,False,True,False,1000000,8733.0,999928.5,1021761.0,1425.0,4521.0,5946.0,0.015865026686379985,applied_local_ep05_cost_model_to_unadjusted_ohlc_unit_notional,1368
2023-09-22,2023-09-25,2023-10-03,2364,倫飛,TWSE,dynamic80_top1_rs20_proxy,legacy_rs20_operating_mode,mega_rs20,dynamic80_top1_rs20_proxy,next_day_close_entry_fixed_5td_exit,unadjusted_close,unadjusted_close,114.5,116.0,117.0,116.0,117.0,0.008620689655172376,True,,official_unadjusted_ohlcv_twse_stock_day,official_unadjusted_ohlcv_twse_stock_day,TWSE_STOCK_DAY,TWSE_STOCK_DAY,False,unadjusted_ohlcv; adjusted_close_blocked_not_fabricated,True,False,False,False,False,False,False,False,True,False,1000000,8620.0,999920.0,1008540.0,1425.0,4463.0,5888.0,0.002728330395617894,applied_local_ep05_cost_model_to_unadjusted_ohlc_unit_notional,1368
2023-09-22,2023-09-22,2023-09-28,2364,倫飛,TWSE,dynamic80_top1_rs20_proxy,legacy_rs20_operating_mode,mega_rs20,dynamic80_top1_rs20_proxy,same_week_close_to_next_rebalance_close_comparator,unadjusted_close,unadjusted_close,117.0,114.5,116.0,114.5,116.0,0.013100436681222627,True,,official_unadjusted_ohlcv_twse_stock_day,official_unadjusted_ohlcv_twse_stock_day,TWSE_STOCK_DAY,TWSE_STOCK_DAY,False,unadjusted_ohlcv; adjusted_close_blocked_not_fabricated,True,False,False,False,False,False,False,False,True,False,1000000,8733.0,999928.5,1013028.0,1425.0,4483.0,5908.0,0.007181779461498861,applied_local_ep05_cost_model_to_unadjusted_ohlc_unit_notional,1368
2023-09-22,2023-09-25,2023-10-03,2364,倫飛,TWSE,dynamic80_top1_rs20_proxy,legacy_rs20_operating_mode,mega_rs20,dynamic80_top1_rs20_proxy,next_day_open_entry_fixed_5td_exit,unadjusted_open,unadjusted_close,114.5,116.0,117.0,114.5,117.0,0.02183406113537112,True,,official_unadjusted_ohlcv_twse_stock_day,official_unadjusted_ohlcv_twse_stock_day,TWSE_STOCK_DAY,TWSE_STOCK_DAY,False,unadjusted_ohlcv; adjusted_close_blocked_not_fabricated,True,False,False,False,False,False,False,False,True,False,1000000,8733.0,999928.5,1021761.0,1425.0,4521.0,5946.0,0.015865026686379985,applied_local_ep05_cost_model_to_unadjusted_ohlc_unit_notional,1368
2023-09-22,2023-09-25,2023-10-03,2364,倫飛,TWSE,dynamic80_top3_rs20_risk_tiebreak_proxy,legacy_rs20_operating_mode,mega_rs20,dynamic80_top3_rs20_risk_tiebreak_proxy,next_day_close_entry_fixed_5td_exit,unadjusted_close,unadjusted_close,114.5,116.0,117.0,116.0,117.0,0.008620689655172376,True,,official_unadjusted_ohlcv_twse_stock_day,official_unadjusted_ohlcv_twse_stock_day,TWSE_STOCK_DAY,TWSE_STOCK_DAY,False,unadjusted_ohlcv; adjusted_close_blocked_not_fabricated,True,False,False,False,False,False,False,False,True,False,1000000,8620.0,999920.0,1008540.0,1425.0,4463.0,5888.0,0.002728330395617894,applied_local_ep05_cost_model_to_unadjusted_ohlc_unit_notional,1368
2023-09-22,2023-09-22,2023-09-28,2364,倫飛,TWSE,dynamic80_top3_rs20_risk_tiebreak_proxy,legacy_rs20_operating_mode,mega_rs20,dynamic80_top3_rs20_risk_tiebreak_proxy,same_week_close_to_next_rebalance_close_comparator,unadjusted_close,unadjusted_close,117.0,114.5,116.0,114.5,116.0,0.013100436681222627,True,,official_unadjusted_ohlcv_twse_stock_day,official_unadjusted_ohlcv_twse_stock_day,TWSE_STOCK_DAY,TWSE_STOCK_DAY,False,unadjusted_ohlcv; adjusted_close_blocked_not_fabricated,True,False,False,False,False,False,False,False,True,False,1000000,8733.0,999928.5,1013028.0,1425.0,4483.0,5908.0,0.007181779461498861,applied_local_ep05_cost_model_to_unadjusted_ohlc_unit_notional,1368
2023-09-22,2023-09-25,2023-10-03,2364,倫飛,TWSE,dynamic80_top3_rs20_risk_tiebreak_proxy,legacy_rs20_operating_mode,mega_rs20,dynamic80_top3_rs20_risk_tiebreak_proxy,next_day_open_entry_fixed_5td_exit,unadjusted_open,unadjusted_close,114.5,116.0,117.0,114.5,117.0,0.02183406113537112,True,,official_unadjusted_ohlcv_twse_stock_day,official_unadjusted_ohlcv_twse_stock_day,TWSE_STOCK_DAY,TWSE_STOCK_DAY,False,unadjusted_ohlcv; adjusted_close_blocked_not_fabricated,True,False,False,False,False,False,False,False,True,False,1000000,8733.0,999928.5,1021761.0,1425.0,4521.0,5946.0,0.015865026686379985,applied_local_ep05_cost_model_to_unadjusted_ohlc_unit_notional,1368
2023-09-22,2023-09-25,2023-10-03,1522,堤維西,TWSE,conservative_hurdle_route,regime_switch_hybrid_route,ordinary_defensive_00631L_base,rs20_top3_risk_tiebreak,next_day_close_entry_fixed_5td_exit,unadjusted_close,unadjusted_close,44.2,44.3,43.3,44.3,43.3,-0.02257336343115124,True,,official_unadjusted_ohlcv_twse_stock_day,official_unadjusted_ohlcv_twse_stock_day,TWSE_STOCK_DAY,TWSE_STOCK_DAY,False,unadjusted_ohlcv; adjusted_close_blocked_not_fabricated,True,False,False,False,False,False,False,False,True,False,1000000,22573.0,999983.8999999999,977410.8999999999,1425.0,4325.0,5750.0,-0.028283151867334117,applied_local_ep05_cost_model_to_unadjusted_ohlc_unit_notional,1368
2023-09-22,2023-09-22,2023-09-28,1522,堤維西,TWSE,conservative_hurdle_route,regime_switch_hybrid_route,ordinary_defensive_00631L_base,rs20_top3_risk_tiebreak,same_week_close_to_next_rebalance_close_comparator,unadjusted_close,unadjusted_close,42.5,43.5,43.6,43.5,43.6,0.0022988505747125743,True,,official_unadjusted_ohlcv_twse_stock_day,official_unadjusted_ohlcv_twse_stock_day,TWSE_STOCK_DAY,TWSE_STOCK_DAY,False,unadjusted_ohlcv; adjusted_close_blocked_not_fabricated,True,False,False,False,False,False,False,False,True,False,1000000,22988.0,999978.0,1002276.8,1425.0,4435.0,5860.0,-0.0035562106364769763,applied_local_ep05_cost_model_to_unadjusted_ohlc_unit_notional,1368
2023-09-22,2023-09-25,2023-10-03,1522,堤維西,TWSE,conservative_hurdle_route,regime_switch_hybrid_route,ordinary_defensive_00631L_base,rs20_top3_risk_tiebreak,next_day_open_entry_fixed_5td_exit,unadjusted_open,unadjusted_close,44.2,44.3,43.3,44.2,43.3,-0.020361990950226394,True,,official_unadjusted_ohlcv_twse_stock_day,official_unadjusted_ohlcv_twse_stock_day,TWSE_STOCK_DAY,TWSE_STOCK_DAY,False,unadjusted_ohlcv; adjusted_close_blocked_not_fabricated,True,False,False,False,False,False,False,False,True,False,1000000,22624.0,999980.8,979619.2,1425.0,4335.0,5760.0,-0.02608492980567927,applied_local_ep05_cost_model_to_unadjusted_ohlc_unit_notional,1368
2023-09-22,2023-09-25,2023-10-03,1522,堤維西,TWSE,dispersion_route,regime_switch_hybrid_route,dispersion,rs20_top3_risk_tiebreak,next_day_close_entry_fixed_5td_exit,unadjusted_close,unadjusted_close,44.2,44.3,43.3,44.3,43.3,-0.02257336343115124,True,,official_unadjusted_ohlcv_twse_stock_day,official_unadjusted_ohlcv_twse_stock_day,TWSE_STOCK_DAY,TWSE_STOCK_DAY,False,unadjusted_ohlcv; adjusted_close_blocked_not_fabricated,True,False,False,False,False,False,False,False,True,False,1000000,22573.0,999983.8999999999,977410.8999999999,1425.0,4325.0,5750.0,-0.028283151867334117,applied_local_ep05_cost_model_to_unadjusted_ohlc_unit_notional,1368
2023-09-22,2023-09-22,2023-09-28,1522,堤維西,TWSE,dispersion_route,regime_switch_hybrid_route,dispersion,rs20_top3_risk_tiebreak,same_week_close_to_next_rebalance_close_comparator,unadjusted_close,unadjusted_close,42.5,43.5,43.6,43.5,43.6,0.0022988505747125743,True,,official_unadjusted_ohlcv_twse_stock_day,official_unadjusted_ohlcv_twse_stock_day,TWSE_STOCK_DAY,TWSE_STOCK_DAY,False,unadjusted_ohlcv; adjusted_close_blocked_not_fabricated,True,False,False,False,False,False,False,False,True,False,1000000,22988.0,999978.0,1002276.8,1425.0,4435.0,5860.0,-0.0035562106364769763,applied_local_ep05_cost_model_to_unadjusted_ohlc_unit_notional,1368
2023-09-22,2023-09-25,2023-10-03,1522,堤維西,TWSE,dispersion_route,regime_switch_hybrid_route,dispersion,rs20_top3_risk_tiebreak,next_day_open_entry_fixed_5td_exit,unadjusted_open,unadjusted_close,44.2,44.3,43.3,44.2,43.3,-0.020361990950226394,True,,official_unadjusted_ohlcv_twse_stock_day,official_unadjusted_ohlcv_twse_stock_day,TWSE_STOCK_DAY,TWSE_STOCK_DAY,False,unadjusted_ohlcv; adjusted_close_blocked_not_fabricated,True,False,False,False,False,False,False,False,True,False,1000000,22624.0,999980.8,979619.2,1425.0,4335.0,5760.0,-0.02608492980567927,applied_local_ep05_cost_model_to_unadjusted_ohlc_unit_notional,1368
2023-09-22,2023-09-25,2023-10-03,1522,堤維西,TWSE,hybrid_pullback_base_mega_override,regime_switch_hybrid_route,hybrid,rs20_top3_risk_tiebreak,next_day_close_entry_fixed_5td_exit,unadjusted_close,unadjusted_close,44.2,44.3,43.3,44.3,43.3,-0.02257336343115124,True,,official_unadjusted_ohlcv_twse_stock_day,official_unadjusted_ohlcv_twse_stock_day,TWSE_STOCK_DAY,TWSE_STOCK_DAY,False,unadjusted_ohlcv; adjusted_close_blocked_not_fabricated,True,False,False,False,False,False,False,False,True,False,1000000,22573.0,999983.8999999999,977410.8999999999,1425.0,4325.0,5750.0,-0.028283151867334117,applied_local_ep05_cost_model_to_unadjusted_ohlc_unit_notional,1368
2023-09-22,2023-09-22,2023-09-28,1522,堤維西,TWSE,hybrid_pullback_base_mega_override,regime_switch_hybrid_route,hybrid,rs20_top3_risk_tiebreak,same_week_close_to_next_rebalance_close_comparator,unadjusted_close,unadjusted_close,42.5,43.5,43.6,43.5,43.6,0.0022988505747125743,True,,official_unadjusted_ohlcv_twse_stock_day,official_unadjusted_ohlcv_twse_stock_day,TWSE_STOCK_DAY,TWSE_STOCK_DAY,False,unadjusted_ohlcv; adjusted_close_blocked_not_fabricated,True,False,False,False,False,False,False,False,True,False,1000000,22988.0,999978.0,1002276.8,1425.0,4435.0,5860.0,-0.0035562106364769763,applied_local_ep05_cost_model_to_unadjusted_ohlc_unit_notional,1368
2023-09-22,2023-09-25,2023-10-03,1522,堤維西,TWSE,hybrid_pullback_base_mega_override,regime_switch_hybrid_route,hybrid,rs20_top3_risk_tiebreak,next_day_open_entry_fixed_5td_exit,unadjusted_open,unadjusted_close,44.2,44.3,43.3,44.2,43.3,-0.020361990950226394,True,,official_unadjusted_ohlcv_twse_stock_day,official_unadjusted_ohlcv_twse_stock_day,TWSE_STOCK_DAY,TWSE_STOCK_DAY,False,unadjusted_ohlcv; adjusted_close_blocked_not_fabricated,True,False,False,False,False,False,False,False,True,False,1000000,22624.0,999980.8,979619.2,1425.0,4335.0,5760.0,-0.02608492980567927,applied_local_ep05_cost_model_to_unadjusted_ohlc_unit_notional,1368
2023-09-22,2023-09-25,2023-10-03,2364,倫飛,TWSE,market_bias_pool_trend_route,regime_switch_hybrid_route,mega_or_stock_route,stable_strength,next_day_close_entry_fixed_5td_exit,unadjusted_close,unadjusted_close,114.5,116.0,117.0,116.0,117.0,0.008620689655172376,True,,official_unadjusted_ohlcv_twse_stock_day,official_unadjusted_ohlcv_twse_stock_day,TWSE_STOCK_DAY,TWSE_STOCK_DAY,False,unadjusted_ohlcv; adjusted_close_blocked_not_fabricated,True,False,False,False,False,False,False,False,True,False,1000000,8620.0,999920.0,1008540.0,1425.0,4463.0,5888.0,0.002728330395617894,applied_local_ep05_cost_model_to_unadjusted_ohlc_unit_notional,1368
2023-09-22,2023-09-22,2023-09-28,2364,倫飛,TWSE,market_bias_pool_trend_route,regime_switch_hybrid_route,mega_or_stock_route,stable_strength,same_week_close_to_next_rebalance_close_comparator,unadjusted_close,unadjusted_close,117.0,114.5,116.0,114.5,116.0,0.013100436681222627,True,,official_unadjusted_ohlcv_twse_stock_day,official_unadjusted_ohlcv_twse_stock_day,TWSE_STOCK_DAY,TWSE_STOCK_DAY,False,unadjusted_ohlcv; adjusted_close_blocked_not_fabricated,True,False,False,False,False,False,False,False,True,False,1000000,8733.0,999928.5,1013028.0,1425.0,4483.0,5908.0,0.007181779461498861,applied_local_ep05_cost_model_to_unadjusted_ohlc_unit_notional,1368
2023-09-22,2023-09-25,2023-10-03,2364,倫飛,TWSE,market_bias_pool_trend_route,regime_switch_hybrid_route,mega_or_stock_route,stable_strength,next_day_open_entry_fixed_5td_exit,unadjusted_open,unadjusted_close,114.5,116.0,117.0,114.5,117.0,0.02183406113537112,True,,official_unadjusted_ohlcv_twse_stock_day,official_unadjusted_ohlcv_twse_stock_day,TWSE_STOCK_DAY,TWSE_STOCK_DAY,False,unadjusted_ohlcv; adjusted_close_blocked_not_fabricated,True,False,False,False,False,False,False,False,True,False,1000000,8733.0,999928.5,1021761.0,1425.0,4521.0,5946.0,0.015865026686379985,applied_local_ep05_cost_model_to_unadjusted_ohlc_unit_notional,1368
2023-09-22,2023-09-25,2023-10-03,2364,倫飛,TWSE,pool_breadth_route,regime_switch_hybrid_route,mega_or_stock_route,stable_strength,next_day_close_entry_fixed_5td_exit,unadjusted_close,unadjusted_close,114.5,116.0,117.0,116.0,117.0,0.008620689655172376,True,,official_unadjusted_ohlcv_twse_stock_day,official_unadjusted_ohlcv_twse_stock_day,TWSE_STOCK_DAY,TWSE_STOCK_DAY,False,unadjusted_ohlcv; adjusted_close_blocked_not_fabricated,True,False,False,False,False,False,False,False,True,False,1000000,8620.0,999920.0,1008540.0,1425.0,4463.0,5888.0,0.002728330395617894,applied_local_ep05_cost_model_to_unadjusted_ohlc_unit_notional,1368
2023-09-22,2023-09-22,2023-09-28,2364,倫飛,TWSE,pool_breadth_route,regime_switch_hybrid_route,mega_or_stock_route,stable_strength,same_week_close_to_next_rebalance_close_comparator,unadjusted_close,unadjusted_close,117.0,114.5,116.0,114.5,116.0,0.013100436681222627,True,,official_unadjusted_ohlcv_twse_stock_day,official_unadjusted_ohlcv_twse_stock_day,TWSE_STOCK_DAY,TWSE_STOCK_DAY,False,unadjusted_ohlcv; adjusted_close_blocked_not_fabricated,True,False,False,False,False,False,False,False,True,False,1000000,8733.0,999928.5,1013028.0,1425.0,4483.0,5908.0,0.007181779461498861,applied_local_ep05_cost_model_to_unadjusted_ohlc_unit_notional,1368
2023-09-22,2023-09-25,2023-10-03,2364,倫飛,TWSE,pool_breadth_route,regime_switch_hybrid_route,mega_or_stock_route,stable_strength,next_day_open_entry_fixed_5td_exit,unadjusted_open,unadjusted_close,114.5,116.0,117.0,114.5,117.0,0.02183406113537112,True,,official_unadjusted_ohlcv_twse_stock_day,official_unadjusted_ohlcv_twse_stock_day,TWSE_STOCK_DAY,TWSE_STOCK_DAY,False,unadjusted_ohlcv; adjusted_close_blocked_not_fabricated,True,False,False,False,False,False,False,False,True,False,1000000,8733.0,999928.5,1021761.0,1425.0,4521.0,5946.0,0.015865026686379985,applied_local_ep05_cost_model_to_unadjusted_ohlc_unit_notional,1368
2023-09-28,2023-10-02,2023-10-11,6451,訊芯-KY,TWSE,dynamic80_top1_rs20_31_bonus_proxy,legacy_rs20_operating_mode,mega_rs20,dynamic80_top1_rs20_31_bonus_proxy,next_day_close_entry_fixed_5td_exit,unadjusted_close,unadjusted_close,137.0,148.5,145.5,148.5,145.5,-0.02020202020202022,True,,official_unadjusted_ohlcv_twse_stock_day,official_unadjusted_ohlcv_twse_stock_day,TWSE_STOCK_DAY,TWSE_STOCK_DAY,False,unadjusted_ohlcv; adjusted_close_blocked_not_fabricated,True,False,False,False,False,False,False,False,True,False,1000000,6734.0,999999.0,979797.0,1425.0,4335.0,5760.0,-0.025925082682260462,applied_local_ep05_cost_model_to_unadjusted_ohlc_unit_notional,1368
2023-09-28,2023-09-28,2023-10-06,6451,訊芯-KY,TWSE,dynamic80_top1_rs20_31_bonus_proxy,legacy_rs20_operating_mode,mega_rs20,dynamic80_top1_rs20_31_bonus_proxy,same_week_close_to_next_rebalance_close_comparator,unadjusted_close,unadjusted_close,141.5,135.0,157.5,135.0,157.5,0.16666666666666674,True,,official_unadjusted_ohlcv_twse_stock_day,official_unadjusted_ohlcv_twse_stock_day,TWSE_STOCK_DAY,TWSE_STOCK_DAY,False,unadjusted_ohlcv; adjusted_close_blocked_not_fabricated,True,False,False,False,False,False,False,False,True,False,1000000,7407.0,999945.0,1166602.5,1425.0,5162.0,6587.0,0.1598515034402868,applied_local_ep05_cost_model_to_unadjusted_ohlc_unit_notional,1368
2023-09-28,2023-10-02,2023-10-11,6451,訊芯-KY,TWSE,dynamic80_top1_rs20_31_bonus_proxy,legacy_rs20_operating_mode,mega_rs20,dynamic80_top1_rs20_31_bonus_proxy,next_day_open_entry_fixed_5td_exit,unadjusted_open,unadjusted_close,137.0,148.5,145.5,137.0,145.5,0.06204379562043805,True,,official_unadjusted_ohlcv_twse_stock_day,official_unadjusted_ohlcv_twse_stock_day,TWSE_STOCK_DAY,TWSE_STOCK_DAY,False,unadjusted_ohlcv; adjusted_close_blocked_not_fabricated,True,False,False,False,False,False,False,False,True,False,1000000,7299.0,999963.0,1062004.5,1425.0,4699.0,6124.0,0.05583999408820557,applied_local_ep05_cost_model_to_unadjusted_ohlc_unit_notional,1368
2023-09-28,2023-10-02,2023-10-11,6451,訊芯-KY,TWSE,dynamic80_top1_rs20_7core_context_proxy,legacy_rs20_operating_mode,mega_rs20,dynamic80_top1_rs20_7core_context_proxy,next_day_close_entry_fixed_5td_exit,unadjusted_close,unadjusted_close,137.0,148.5,145.5,148.5,145.5,-0.02020202020202022,True,,official_unadjusted_ohlcv_twse_stock_day,official_unadjusted_ohlcv_twse_stock_day,TWSE_STOCK_DAY,TWSE_STOCK_DAY,False,unadjusted_ohlcv; adjusted_close_blocked_not_fabricated,True,False,False,False,False,False,False,False,True,False,1000000,6734.0,999999.0,979797.0,1425.0,4335.0,5760.0,-0.025925082682260462,applied_local_ep05_cost_model_to_unadjusted_ohlc_unit_notional,1368
2023-09-28,2023-09-28,2023-10-06,6451,訊芯-KY,TWSE,dynamic80_top1_rs20_7core_context_proxy,legacy_rs20_operating_mode,mega_rs20,dynamic80_top1_rs20_7core_context_proxy,same_week_close_to_next_rebalance_close_comparator,unadjusted_close,unadjusted_close,141.5,135.0,157.5,135.0,157.5,0.16666666666666674,True,,official_unadjusted_ohlcv_twse_stock_day,official_unadjusted_ohlcv_twse_stock_day,TWSE_STOCK_DAY,TWSE_STOCK_DAY,False,unadjusted_ohlcv; adjusted_close_blocked_not_fabricated,True,False,False,False,False,False,False,False,True,False,1000000,7407.0,999945.0,1166602.5,1425.0,5162.0,6587.0,0.1598515034402868,applied_local_ep05_cost_model_to_unadjusted_ohlc_unit_notional,1368
2023-09-28,2023-10-02,2023-10-11,6451,訊芯-KY,TWSE,dynamic80_top1_rs20_7core_context_proxy,legacy_rs20_operating_mode,mega_rs20,dynamic80_top1_rs20_7core_context_proxy,next_day_open_entry_fixed_5td_exit,unadjusted_open,unadjusted_close,137.0,148.5,145.5,137.0,145.5,0.06204379562043805,True,,official_unadjusted_ohlcv_twse_stock_day,official_unadjusted_ohlcv_twse_stock_day,TWSE_STOCK_DAY,TWSE_STOCK_DAY,False,unadjusted_ohlcv; adjusted_close_blocked_not_fabricated,True,False,False,False,False,False,False,False,True,False,1000000,7299.0,999963.0,1062004.5,1425.0,4699.0,6124.0,0.05583999408820557,applied_local_ep05_cost_model_to_unadjusted_ohlc_unit_notional,1368
2023-09-28,2023-10-02,2023-10-11,6451,訊芯-KY,TWSE,dynamic80_top1_rs20_proxy,legacy_rs20_operating_mode,mega_rs20,dynamic80_top1_rs20_proxy,next_day_close_entry_fixed_5td_exit,unadjusted_close,unadjusted_close,137.0,148.5,145.5,148.5,145.5,-0.02020202020202022,True,,official_unadjusted_ohlcv_twse_stock_day,official_unadjusted_ohlcv_twse_stock_day,TWSE_STOCK_DAY,TWSE_STOCK_DAY,False,unadjusted_ohlcv; adjusted_close_blocked_not_fabricated,True,False,False,False,False,False,False,False,True,False,1000000,6734.0,999999.0,979797.0,1425.0,4335.0,5760.0,-0.025925082682260462,applied_local_ep05_cost_model_to_unadjusted_ohlc_unit_notional,1368
2023-09-28,2023-09-28,2023-10-06,6451,訊芯-KY,TWSE,dynamic80_top1_rs20_proxy,legacy_rs20_operating_mode,mega_rs20,dynamic80_top1_rs20_proxy,same_week_close_to_next_rebalance_close_comparator,unadjusted_close,unadjusted_close,141.5,135.0,157.5,135.0,157.5,0.16666666666666674,True,,official_unadjusted_ohlcv_twse_stock_day,official_unadjusted_ohlcv_twse_stock_day,TWSE_STOCK_DAY,TWSE_STOCK_DAY,False,unadjusted_ohlcv; adjusted_close_blocked_not_fabricated,True,False,False,False,False,False,False,False,True,False,1000000,7407.0,999945.0,1166602.5,1425.0,5162.0,6587.0,0.1598515034402868,applied_local_ep05_cost_model_to_unadjusted_ohlc_unit_notional,1368
2023-09-28,2023-10-02,2023-10-11,6451,訊芯-KY,TWSE,dynamic80_top1_rs20_proxy,legacy_rs20_operating_mode,mega_rs20,dynamic80_top1_rs20_proxy,next_day_open_entry_fixed_5td_exit,unadjusted_open,unadjusted_close,137.0,148.5,145.5,137.0,145.5,0.06204379562043805,True,,official_unadjusted_ohlcv_twse_stock_day,official_unadjusted_ohlcv_twse_stock_day,TWSE_STOCK_DAY,TWSE_STOCK_DAY,False,unadjusted_ohlcv; adjusted_close_blocked_not_fabricated,True,False,False,False,False,False,False,False,True,False,1000000,7299.0,999963.0,1062004.5,1425.0,4699.0,6124.0,0.05583999408820557,applied_local_ep05_cost_model_to_unadjusted_ohlc_unit_notional,1368
2023-09-28,2023-10-02,2023-10-11,6451,訊芯-KY,TWSE,dynamic80_top3_rs20_risk_tiebreak_proxy,legacy_rs20_operating_mode,mega_rs20,dynamic80_top3_rs20_risk_tiebreak_proxy,next_day_close_entry_fixed_5td_exit,unadjusted_close,unadjusted_close,137.0,148.5,145.5,148.5,145.5,-0.02020202020202022,True,,official_unadjusted_ohlcv_twse_stock_day,official_unadjusted_ohlcv_twse_stock_day,TWSE_STOCK_DAY,TWSE_STOCK_DAY,False,unadjusted_ohlcv; adjusted_close_blocked_not_fabricated,True,False,False,False,False,False,False,False,True,False,1000000,6734.0,999999.0,979797.0,1425.0,4335.0,5760.0,-0.025925082682260462,applied_local_ep05_cost_model_to_unadjusted_ohlc_unit_notional,1368
2023-09-28,2023-09-28,2023-10-06,6451,訊芯-KY,TWSE,dynamic80_top3_rs20_risk_tiebreak_proxy,legacy_rs20_operating_mode,mega_rs20,dynamic80_top3_rs20_risk_tiebreak_proxy,same_week_close_to_next_rebalance_close_comparator,unadjusted_close,unadjusted_close,141.5,135.0,157.5,135.0,157.5,0.16666666666666674,True,,official_unadjusted_ohlcv_twse_stock_day,official_unadjusted_ohlcv_twse_stock_day,TWSE_STOCK_DAY,TWSE_STOCK_DAY,False,unadjusted_ohlcv; adjusted_close_blocked_not_fabricated,True,False,False,False,False,False,False,False,True,False,1000000,7407.0,999945.0,1166602.5,1425.0,5162.0,6587.0,0.1598515034402868,applied_local_ep05_cost_model_to_unadjusted_ohlc_unit_notional,1368
2023-09-28,2023-10-02,2023-10-11,6451,訊芯-KY,TWSE,dynamic80_top3_rs20_risk_tiebreak_proxy,legacy_rs20_operating_mode,mega_rs20,dynamic80_top3_rs20_risk_tiebreak_proxy,next_day_open_entry_fixed_5td_exit,unadjusted_open,unadjusted_close,137.0,148.5,145.5,137.0,145.5,0.06204379562043805,True,,official_unadjusted_ohlcv_twse_stock_day,official_unadjusted_ohlcv_twse_stock_day,TWSE_STOCK_DAY,TWSE_STOCK_DAY,False,unadjusted_ohlcv; adjusted_close_blocked_not_fabricated,True,False,False,False,False,False,False,False,True,False,1000000,7299.0,999963.0,1062004.5,1425.0,4699.0,6124.0,0.05583999408820557,applied_local_ep05_cost_model_to_unadjusted_ohlc_unit_notional,1368
2023-09-28,2023-10-02,2023-10-11,1522,堤維西,TWSE,conservative_hurdle_route,regime_switch_hybrid_route,ordinary_defensive_00631L_base,rs20_top3_risk_tiebreak,next_day_close_entry_fixed_5td_exit,unadjusted_close,unadjusted_close,43.6,44.0,42.35,44.0,42.35,-0.03749999999999998,True,,official_unadjusted_ohlcv_twse_stock_day,official_unadjusted_ohlcv_twse_stock_day,TWSE_STOCK_DAY,TWSE_STOCK_DAY,False,unadjusted_ohlcv; adjusted_close_blocked_not_fabricated,True,False,False,False,False,False,False,False,True,False,1000000,22727.0,999988.0,962488.4500000001,1425.0,4259.0,5684.0,-0.043122617741131714,applied_local_ep05_cost_model_to_unadjusted_ohlc_unit_notional,1368
2023-09-28,2023-09-28,2023-10-06,1522,堤維西,TWSE,conservative_hurdle_route,regime_switch_hybrid_route,ordinary_defensive_00631L_base,rs20_top3_risk_tiebreak,same_week_close_to_next_rebalance_close_comparator,unadjusted_close,unadjusted_close,43.5,43.6,43.15,43.6,43.15,-0.010321100917431214,True,,official_unadjusted_ohlcv_twse_stock_day,official_unadjusted_ohlcv_twse_stock_day,TWSE_STOCK_DAY,TWSE_STOCK_DAY,False,unadjusted_ohlcv; adjusted_close_blocked_not_fabricated,True,False,False,False,False,False,False,False,True,False,1000000,22935.0,999966.0,989645.25,1425.0,4379.0,5804.0,-0.016102351628884223,applied_local_ep05_cost_model_to_unadjusted_ohlc_unit_notional,1368
2023-09-28,2023-10-02,2023-10-11,1522,堤維西,TWSE,conservative_hurdle_route,regime_switch_hybrid_route,ordinary_defensive_00631L_base,rs20_top3_risk_tiebreak,next_day_open_entry_fixed_5td_exit,unadjusted_open,unadjusted_close,43.6,44.0,42.35,43.6,42.35,-0.028669724770642224,True,,official_unadjusted_ohlcv_twse_stock_day,official_unadjusted_ohlcv_twse_stock_day,TWSE_STOCK_DAY,TWSE_STOCK_DAY,False,unadjusted_ohlcv; adjusted_close_blocked_not_fabricated,True,False,False,False,False,False,False,False,True,False,1000000,22935.0,999966.0,971297.25,1425.0,4298.0,5723.0,-0.03434397752725958,applied_local_ep05_cost_model_to_unadjusted_ohlc_unit_notional,1368
2023-09-28,2023-10-02,2023-10-11,1522,堤維西,TWSE,dispersion_route,regime_switch_hybrid_route,dispersion,rs20_top3_risk_tiebreak,next_day_close_entry_fixed_5td_exit,unadjusted_close,unadjusted_close,43.6,44.0,42.35,44.0,42.35,-0.03749999999999998,True,,official_unadjusted_ohlcv_twse_stock_day,official_unadjusted_ohlcv_twse_stock_day,TWSE_STOCK_DAY,TWSE_STOCK_DAY,False,unadjusted_ohlcv; adjusted_close_blocked_not_fabricated,True,False,False,False,False,False,False,False,True,False,1000000,22727.0,999988.0,962488.4500000001,1425.0,4259.0,5684.0,-0.043122617741131714,applied_local_ep05_cost_model_to_unadjusted_ohlc_unit_notional,1368
2023-09-28,2023-09-28,2023-10-06,1522,堤維西,TWSE,dispersion_route,regime_switch_hybrid_route,dispersion,rs20_top3_risk_tiebreak,same_week_close_to_next_rebalance_close_comparator,unadjusted_close,unadjusted_close,43.5,43.6,43.15,43.6,43.15,-0.010321100917431214,True,,official_unadjusted_ohlcv_twse_stock_day,official_unadjusted_ohlcv_twse_stock_day,TWSE_STOCK_DAY,TWSE_STOCK_DAY,False,unadjusted_ohlcv; adjusted_close_blocked_not_fabricated,True,False,False,False,False,False,False,False,True,False,1000000,22935.0,999966.0,989645.25,1425.0,4379.0,5804.0,-0.016102351628884223,applied_local_ep05_cost_model_to_unadjusted_ohlc_unit_notional,1368
2023-09-28,2023-10-02,2023-10-11,1522,堤維西,TWSE,dispersion_route,regime_switch_hybrid_route,dispersion,rs20_top3_risk_tiebreak,next_day_open_entry_fixed_5td_exit,unadjusted_open,unadjusted_close,43.6,44.0,42.35,43.6,42.35,-0.028669724770642224,True,,official_unadjusted_ohlcv_twse_stock_day,official_unadjusted_ohlcv_twse_stock_day,TWSE_STOCK_DAY,TWSE_STOCK_DAY,False,unadjusted_ohlcv; adjusted_close_blocked_not_fabricated,True,False,False,False,False,False,False,False,True,False,1000000,22935.0,999966.0,971297.25,1425.0,4298.0,5723.0,-0.03434397752725958,applied_local_ep05_cost_model_to_unadjusted_ohlc_unit_notional,1368
2023-09-28,2023-10-02,2023-10-11,1522,堤維西,TWSE,hybrid_pullback_base_mega_override,regime_switch_hybrid_route,hybrid,rs20_top3_risk_tiebreak,next_day_close_entry_fixed_5td_exit,unadjusted_close,unadjusted_close,43.6,44.0,42.35,44.0,42.35,-0.03749999999999998,True,,official_unadjusted_ohlcv_twse_stock_day,official_unadjusted_ohlcv_twse_stock_day,TWSE_STOCK_DAY,TWSE_STOCK_DAY,False,unadjusted_ohlcv; adjusted_close_blocked_not_fabricated,True,False,False,False,False,False,False,False,True,False,1000000,22727.0,999988.0,962488.4500000001,1425.0,4259.0,5684.0,-0.043122617741131714,applied_local_ep05_cost_model_to_unadjusted_ohlc_unit_notional,1368
2023-09-28,2023-09-28,2023-10-06,1522,堤維西,TWSE,hybrid_pullback_base_mega_override,regime_switch_hybrid_route,hybrid,rs20_top3_risk_tiebreak,same_week_close_to_next_rebalance_close_comparator,unadjusted_close,unadjusted_close,43.5,43.6,43.15,43.6,43.15,-0.010321100917431214,True,,official_unadjusted_ohlcv_twse_stock_day,official_unadjusted_ohlcv_twse_stock_day,TWSE_STOCK_DAY,TWSE_STOCK_DAY,False,unadjusted_ohlcv; adjusted_close_blocked_not_fabricated,True,False,False,False,False,False,False,False,True,False,1000000,22935.0,999966.0,989645.25,1425.0,4379.0,5804.0,-0.016102351628884223,applied_local_ep05_cost_model_to_unadjusted_ohlc_unit_notional,1368
2023-09-28,2023-10-02,2023-10-11,1522,堤維西,TWSE,hybrid_pullback_base_mega_override,regime_switch_hybrid_route,hybrid,rs20_top3_risk_tiebreak,next_day_open_entry_fixed_5td_exit,unadjusted_open,unadjusted_close,43.6,44.0,42.35,43.6,42.35,-0.028669724770642224,True,,official_unadjusted_ohlcv_twse_stock_day,official_unadjusted_ohlcv_twse_stock_day,TWSE_STOCK_DAY,TWSE_STOCK_DAY,False,unadjusted_ohlcv; adjusted_close_blocked_not_fabricated,True,False,False,False,False,False,False,False,True,False,1000000,22935.0,999966.0,971297.25,1425.0,4298.0,5723.0,-0.03434397752725958,applied_local_ep05_cost_model_to_unadjusted_ohlc_unit_notional,1368
2023-09-28,2023-10-02,2023-10-11,6139,亞翔,TWSE,market_bias_pool_trend_route,regime_switch_hybrid_route,mega_or_stock_route,stable_strength,next_day_close_entry_fixed_5td_exit,unadjusted_close,unadjusted_close,119.5,114.5,105.5,114.5,105.5,-0.0786026200873362,True,,official_unadjusted_ohlcv_twse_stock_day,official_unadjusted_ohlcv_twse_stock_day,TWSE_STOCK_DAY,TWSE_STOCK_DAY,False,unadjusted_ohlcv; adjusted_close_blocked_not_fabricated,True,False,False,False,False,False,False,False,True,False,1000000,8733.0,999928.5,921331.5,1425.0,4077.0,5502.0,-0.08398532586144654,applied_local_ep05_cost_model_to_unadjusted_ohlc_unit_notional,1368
2023-09-28,2023-09-28,2023-10-06,6139,亞翔,TWSE,market_bias_pool_trend_route,regime_switch_hybrid_route,mega_or_stock_route,stable_strength,same_week_close_to_next_rebalance_close_comparator,unadjusted_close,unadjusted_close,115.5,117.5,106.5,117.5,106.5,-0.09361702127659577,True,,official_unadjusted_ohlcv_twse_stock_day,official_unadjusted_ohlcv_twse_stock_day,TWSE_STOCK_DAY,TWSE_STOCK_DAY,False,unadjusted_ohlcv; adjusted_close_blocked_not_fabricated,True,False,False,False,False,False,False,False,True,False,1000000,8510.0,999925.0,906315.0,1425.0,4010.0,5435.0,-0.09891146951615319,applied_local_ep05_cost_model_to_unadjusted_ohlc_unit_notional,1368
2023-09-28,2023-10-02,2023-10-11,6139,亞翔,TWSE,market_bias_pool_trend_route,regime_switch_hybrid_route,mega_or_stock_route,stable_strength,next_day_open_entry_fixed_5td_exit,unadjusted_open,unadjusted_close,119.5,114.5,105.5,119.5,105.5,-0.11715481171548114,True,,official_unadjusted_ohlcv_twse_stock_day,official_unadjusted_ohlcv_twse_stock_day,TWSE_STOCK_DAY,TWSE_STOCK_DAY,False,unadjusted_ohlcv; adjusted_close_blocked_not_fabricated,True,False,False,False,False,False,False,False,True,False,1000000,8368.0,999976.0,882824.0,1425.0,3906.0,5331.0,-0.12231164139041203,applied_local_ep05_cost_model_to_unadjusted_ohlc_unit_notional,1368
2023-09-28,2023-10-02,2023-10-11,6139,亞翔,TWSE,pool_breadth_route,regime_switch_hybrid_route,mega_or_stock_route,stable_strength,next_day_close_entry_fixed_5td_exit,unadjusted_close,unadjusted_close,119.5,114.5,105.5,114.5,105.5,-0.0786026200873362,True,,official_unadjusted_ohlcv_twse_stock_day,official_unadjusted_ohlcv_twse_stock_day,TWSE_STOCK_DAY,TWSE_STOCK_DAY,False,unadjusted_ohlcv; adjusted_close_blocked_not_fabricated,True,False,False,False,False,False,False,False,True,False,1000000,8733.0,999928.5,921331.5,1425.0,4077.0,5502.0,-0.08398532586144654,applied_local_ep05_cost_model_to_unadjusted_ohlc_unit_notional,1368
2023-09-28,2023-09-28,2023-10-06,6139,亞翔,TWSE,pool_breadth_route,regime_switch_hybrid_route,mega_or_stock_route,stable_strength,same_week_close_to_next_rebalance_close_comparator,unadjusted_close,unadjusted_close,115.5,117.5,106.5,117.5,106.5,-0.09361702127659577,True,,official_unadjusted_ohlcv_twse_stock_day,official_unadjusted_ohlcv_twse_stock_day,TWSE_STOCK_DAY,TWSE_STOCK_DAY,False,unadjusted_ohlcv; adjusted_close_blocked_not_fabricated,True,False,False,False,False,False,False,False,True,False,1000000,8510.0,999925.0,906315.0,1425.0,4010.0,5435.0,-0.09891146951615319,applied_local_ep05_cost_model_to_unadjusted_ohlc_unit_notional,1368
2023-09-28,2023-10-02,2023-10-11,6139,亞翔,TWSE,pool_breadth_route,regime_switch_hybrid_route,mega_or_stock_route,stable_strength,next_day_open_entry_fixed_5td_exit,unadjusted_open,unadjusted_close,119.5,114.5,105.5,119.5,105.5,-0.11715481171548114,True,,official_unadjusted_ohlcv_twse_stock_day,official_unadjusted_ohlcv_twse_stock_day,TWSE_STOCK_DAY,TWSE_STOCK_DAY,False,unadjusted_ohlcv; adjusted_close_blocked_not_fabricated,True,False,False,False,False,False,False,False,True,False,1000000,8368.0,999976.0,882824.0,1425.0,3906.0,5331.0,-0.12231164139041203,applied_local_ep05_cost_model_to_unadjusted_ohlc_unit_notional,1368
2023-10-06,2023-10-11,2023-10-18,3715,定穎投控,TWSE,dynamic80_top1_rs20_31_bonus_proxy,legacy_rs20_operating_mode,mega_rs20,dynamic80_top1_rs20_31_bonus_proxy,next_day_close_entry_fixed_5td_exit,unadjusted_close,unadjusted_close,95.9,90.7,95.3,90.7,95.3,0.05071664829106948,True,,official_unadjusted_ohlcv_twse_stock_day,official_unadjusted_ohlcv_twse_stock_day,TWSE_STOCK_DAY,TWSE_STOCK_DAY,False,unadjusted_ohlcv; adjusted_close_blocked_not_fabricated,True,False,False,False,False,False,False,False,True,False,1000000,11025.0,999967.5,1050682.5,1425.0,4649.0,6074.0,0.044578923848540904,applied_local_ep05_cost_model_to_unadjusted_ohlc_unit_notional,1368
2023-10-06,2023-10-06,2023-10-13,3715,定穎投控,TWSE,dynamic80_top1_rs20_31_bonus_proxy,legacy_rs20_operating_mode,mega_rs20,dynamic80_top1_rs20_31_bonus_proxy,same_week_close_to_next_rebalance_close_comparator,unadjusted_close,unadjusted_close,88.2,93.0,103.0,93.0,103.0,0.10752688172043001,True,,official_unadjusted_ohlcv_twse_stock_day,official_unadjusted_ohlcv_twse_stock_day,TWSE_STOCK_DAY,TWSE_STOCK_DAY,False,unadjusted_ohlcv; adjusted_close_blocked_not_fabricated,True,False,False,False,False,False,False,False,True,False,1000000,10752.0,999936.0,1107456.0,1425.0,4900.0,6325.0,0.10105746079585684,applied_local_ep05_cost_model_to_unadjusted_ohlc_unit_notional,1368
2023-10-06,2023-10-11,2023-10-18,3715,定穎投控,TWSE,dynamic80_top1_rs20_31_bonus_proxy,legacy_rs20_operating_mode,mega_rs20,dynamic80_top1_rs20_31_bonus_proxy,next_day_open_entry_fixed_5td_exit,unadjusted_open,unadjusted_close,95.9,90.7,95.3,95.9,95.3,-0.006256517205422418,True,,official_unadjusted_ohlcv_twse_stock_day,official_unadjusted_ohlcv_twse_stock_day,TWSE_STOCK_DAY,TWSE_STOCK_DAY,False,unadjusted_ohlcv; adjusted_close_blocked_not_fabricated,True,False,False,False,False,False,False,False,True,False,1000000,10427.0,999949.3,993693.1,1425.0,4397.0,5822.0,-0.012061623710534682,applied_local_ep05_cost_model_to_unadjusted_ohlc_unit_notional,1368
2023-10-06,2023-10-11,2023-10-18,3715,定穎投控,TWSE,dynamic80_top1_rs20_7core_context_proxy,legacy_rs20_operating_mode,mega_rs20,dynamic80_top1_rs20_7core_context_proxy,next_day_close_entry_fixed_5td_exit,unadjusted_close,unadjusted_close,95.9,90.7,95.3,90.7,95.3,0.05071664829106948,True,,official_unadjusted_ohlcv_twse_stock_day,official_unadjusted_ohlcv_twse_stock_day,TWSE_STOCK_DAY,TWSE_STOCK_DAY,False,unadjusted_ohlcv; adjusted_close_blocked_not_fabricated,True,False,False,False,False,False,False,False,True,False,1000000,11025.0,999967.5,1050682.5,1425.0,4649.0,6074.0,0.044578923848540904,applied_local_ep05_cost_model_to_unadjusted_ohlc_unit_notional,1368
2023-10-06,2023-10-06,2023-10-13,3715,定穎投控,TWSE,dynamic80_top1_rs20_7core_context_proxy,legacy_rs20_operating_mode,mega_rs20,dynamic80_top1_rs20_7core_context_proxy,same_week_close_to_next_rebalance_close_comparator,unadjusted_close,unadjusted_close,88.2,93.0,103.0,93.0,103.0,0.10752688172043001,True,,official_unadjusted_ohlcv_twse_stock_day,official_unadjusted_ohlcv_twse_stock_day,TWSE_STOCK_DAY,TWSE_STOCK_DAY,False,unadjusted_ohlcv; adjusted_close_blocked_not_fabricated,True,False,False,False,False,False,False,False,True,False,1000000,10752.0,999936.0,1107456.0,1425.0,4900.0,6325.0,0.10105746079585684,applied_local_ep05_cost_model_to_unadjusted_ohlc_unit_notional,1368
2023-10-06,2023-10-11,2023-10-18,3715,定穎投控,TWSE,dynamic80_top1_rs20_7core_context_proxy,legacy_rs20_operating_mode,mega_rs20,dynamic80_top1_rs20_7core_context_proxy,next_day_open_entry_fixed_5td_exit,unadjusted_open,unadjusted_close,95.9,90.7,95.3,95.9,95.3,-0.006256517205422418,True,,official_unadjusted_ohlcv_twse_stock_day,official_unadjusted_ohlcv_twse_stock_day,TWSE_STOCK_DAY,TWSE_STOCK_DAY,False,unadjusted_ohlcv; adjusted_close_blocked_not_fabricated,True,False,False,False,False,False,False,False,True,False,1000000,10427.0,999949.3,993693.1,1425.0,4397.0,5822.0,-0.012061623710534682,applied_local_ep05_cost_model_to_unadjusted_ohlc_unit_notional,1368
2023-10-06,2023-10-11,2023-10-18,3715,定穎投控,TWSE,dynamic80_top1_rs20_proxy,legacy_rs20_operating_mode,mega_rs20,dynamic80_top1_rs20_proxy,next_day_close_entry_fixed_5td_exit,unadjusted_close,unadjusted_close,95.9,90.7,95.3,90.7,95.3,0.05071664829106948,True,,official_unadjusted_ohlcv_twse_stock_day,official_unadjusted_ohlcv_twse_stock_day,TWSE_STOCK_DAY,TWSE_STOCK_DAY,False,unadjusted_ohlcv; adjusted_close_blocked_not_fabricated,True,False,False,False,False,False,False,False,True,False,1000000,11025.0,999967.5,1050682.5,1425.0,4649.0,6074.0,0.044578923848540904,applied_local_ep05_cost_model_to_unadjusted_ohlc_unit_notional,1368
2023-10-06,2023-10-06,2023-10-13,3715,定穎投控,TWSE,dynamic80_top1_rs20_proxy,legacy_rs20_operating_mode,mega_rs20,dynamic80_top1_rs20_proxy,same_week_close_to_next_rebalance_close_comparator,unadjusted_close,unadjusted_close,88.2,93.0,103.0,93.0,103.0,0.10752688172043001,True,,official_unadjusted_ohlcv_twse_stock_day,official_unadjusted_ohlcv_twse_stock_day,TWSE_STOCK_DAY,TWSE_STOCK_DAY,False,unadjusted_ohlcv; adjusted_close_blocked_not_fabricated,True,False,False,False,False,False,False,False,True,False,1000000,10752.0,999936.0,1107456.0,1425.0,4900.0,6325.0,0.10105746079585684,applied_local_ep05_cost_model_to_unadjusted_ohlc_unit_notional,1368
2023-10-06,2023-10-11,2023-10-18,3715,定穎投控,TWSE,dynamic80_top1_rs20_proxy,legacy_rs20_operating_mode,mega_rs20,dynamic80_top1_rs20_proxy,next_day_open_entry_fixed_5td_exit,unadjusted_open,unadjusted_close,95.9,90.7,95.3,95.9,95.3,-0.006256517205422418,True,,official_unadjusted_ohlcv_twse_stock_day,official_unadjusted_ohlcv_twse_stock_day,TWSE_STOCK_DAY,TWSE_STOCK_DAY,False,unadjusted_ohlcv; adjusted_close_blocked_not_fabricated,True,False,False,False,False,False,False,False,True,False,1000000,10427.0,999949.3,993693.1,1425.0,4397.0,5822.0,-0.012061623710534682,applied_local_ep05_cost_model_to_unadjusted_ohlc_unit_notional,1368
2023-10-06,2023-10-11,2023-10-18,3715,定穎投控,TWSE,dynamic80_top3_rs20_risk_tiebreak_proxy,legacy_rs20_operating_mode,mega_rs20,dynamic80_top3_rs20_risk_tiebreak_proxy,next_day_close_entry_fixed_5td_exit,unadjusted_close,unadjusted_close,95.9,90.7,95.3,90.7,95.3,0.05071664829106948,True,,official_unadjusted_ohlcv_twse_stock_day,official_unadjusted_ohlcv_twse_stock_day,TWSE_STOCK_DAY,TWSE_STOCK_DAY,False,unadjusted_ohlcv; adjusted_close_blocked_not_fabricated,True,False,False,False,False,False,False,False,True,False,1000000,11025.0,999967.5,1050682.5,1425.0,4649.0,6074.0,0.044578923848540904,applied_local_ep05_cost_model_to_unadjusted_ohlc_unit_notional,1368
2023-10-06,2023-10-06,2023-10-13,3715,定穎投控,TWSE,dynamic80_top3_rs20_risk_tiebreak_proxy,legacy_rs20_operating_mode,mega_rs20,dynamic80_top3_rs20_risk_tiebreak_proxy,same_week_close_to_next_rebalance_close_comparator,unadjusted_close,unadjusted_close,88.2,93.0,103.0,93.0,103.0,0.10752688172043001,True,,official_unadjusted_ohlcv_twse_stock_day,official_unadjusted_ohlcv_twse_stock_day,TWSE_STOCK_DAY,TWSE_STOCK_DAY,False,unadjusted_ohlcv; adjusted_close_blocked_not_fabricated,True,False,False,False,False,False,False,False,True,False,1000000,10752.0,999936.0,1107456.0,1425.0,4900.0,6325.0,0.10105746079585684,applied_local_ep05_cost_model_to_unadjusted_ohlc_unit_notional,1368
2023-10-06,2023-10-11,2023-10-18,3715,定穎投控,TWSE,dynamic80_top3_rs20_risk_tiebreak_proxy,legacy_rs20_operating_mode,mega_rs20,dynamic80_top3_rs20_risk_tiebreak_proxy,next_day_open_entry_fixed_5td_exit,unadjusted_open,unadjusted_close,95.9,90.7,95.3,95.9,95.3,-0.006256517205422418,True,,official_unadjusted_ohlcv_twse_stock_day,official_unadjusted_ohlcv_twse_stock_day,TWSE_STOCK_DAY,TWSE_STOCK_DAY,False,unadjusted_ohlcv; adjusted_close_blocked_not_fabricated,True,False,False,False,False,False,False,False,True,False,1000000,10427.0,999949.3,993693.1,1425.0,4397.0,5822.0,-0.012061623710534682,applied_local_ep05_cost_model_to_unadjusted_ohlc_unit_notional,1368
2023-10-06,2023-10-11,2023-10-18,3715,定穎投控,TWSE,conservative_hurdle_route,regime_switch_hybrid_route,ordinary_defensive_00631L_base,rs20_top3_risk_tiebreak,next_day_close_entry_fixed_5td_exit,unadjusted_close,unadjusted_close,95.9,90.7,95.3,90.7,95.3,0.05071664829106948,True,,official_unadjusted_ohlcv_twse_stock_day,official_unadjusted_ohlcv_twse_stock_day,TWSE_STOCK_DAY,TWSE_STOCK_DAY,False,unadjusted_ohlcv; adjusted_close_blocked_not_fabricated,True,False,False,False,False,False,False,False,True,False,1000000,11025.0,999967.5,1050682.5,1425.0,4649.0,6074.0,0.044578923848540904,applied_local_ep05_cost_model_to_unadjusted_ohlc_unit_notional,1368
2023-10-06,2023-10-06,2023-10-13,3715,定穎投控,TWSE,conservative_hurdle_route,regime_switch_hybrid_route,ordinary_defensive_00631L_base,rs20_top3_risk_tiebreak,same_week_close_to_next_rebalance_close_comparator,unadjusted_close,unadjusted_close,88.2,93.0,103.0,93.0,103.0,0.10752688172043001,True,,official_unadjusted_ohlcv_twse_stock_day,official_unadjusted_ohlcv_twse_stock_day,TWSE_STOCK_DAY,TWSE_STOCK_DAY,False,unadjusted_ohlcv; adjusted_close_blocked_not_fabricated,True,False,False,False,False,False,False,False,True,False,1000000,10752.0,999936.0,1107456.0,1425.0,4900.0,6325.0,0.10105746079585684,applied_local_ep05_cost_model_to_unadjusted_ohlc_unit_notional,1368
2023-10-06,2023-10-11,2023-10-18,3715,定穎投控,TWSE,conservative_hurdle_route,regime_switch_hybrid_route,ordinary_defensive_00631L_base,rs20_top3_risk_tiebreak,next_day_open_entry_fixed_5td_exit,unadjusted_open,unadjusted_close,95.9,90.7,95.3,95.9,95.3,-0.006256517205422418,True,,official_unadjusted_ohlcv_twse_stock_day,official_unadjusted_ohlcv_twse_stock_day,TWSE_STOCK_DAY,TWSE_STOCK_DAY,False,unadjusted_ohlcv; adjusted_close_blocked_not_fabricated,True,False,False,False,False,False,False,False,True,False,1000000,10427.0,999949.3,993693.1,1425.0,4397.0,5822.0,-0.012061623710534682,applied_local_ep05_cost_model_to_unadjusted_ohlc_unit_notional,1368
2023-10-06,2023-10-11,2023-10-18,3715,定穎投控,TWSE,dispersion_route,regime_switch_hybrid_route,dispersion,rs20_top3_risk_tiebreak,next_day_close_entry_fixed_5td_exit,unadjusted_close,unadjusted_close,95.9,90.7,95.3,90.7,95.3,0.05071664829106948,True,,official_unadjusted_ohlcv_twse_stock_day,official_unadjusted_ohlcv_twse_stock_day,TWSE_STOCK_DAY,TWSE_STOCK_DAY,False,unadjusted_ohlcv; adjusted_close_blocked_not_fabricated,True,False,False,False,False,False,False,False,True,False,1000000,11025.0,999967.5,1050682.5,1425.0,4649.0,6074.0,0.044578923848540904,applied_local_ep05_cost_model_to_unadjusted_ohlc_unit_notional,1368
2023-10-06,2023-10-06,2023-10-13,3715,定穎投控,TWSE,dispersion_route,regime_switch_hybrid_route,dispersion,rs20_top3_risk_tiebreak,same_week_close_to_next_rebalance_close_comparator,unadjusted_close,unadjusted_close,88.2,93.0,103.0,93.0,103.0,0.10752688172043001,True,,official_unadjusted_ohlcv_twse_stock_day,official_unadjusted_ohlcv_twse_stock_day,TWSE_STOCK_DAY,TWSE_STOCK_DAY,False,unadjusted_ohlcv; adjusted_close_blocked_not_fabricated,True,False,False,False,False,False,False,False,True,False,1000000,10752.0,999936.0,1107456.0,1425.0,4900.0,6325.0,0.10105746079585684,applied_local_ep05_cost_model_to_unadjusted_ohlc_unit_notional,1368
2023-10-06,2023-10-11,2023-10-18,3715,定穎投控,TWSE,dispersion_route,regime_switch_hybrid_route,dispersion,rs20_top3_risk_tiebreak,next_day_open_entry_fixed_5td_exit,unadjusted_open,unadjusted_close,95.9,90.7,95.3,95.9,95.3,-0.006256517205422418,True,,official_unadjusted_ohlcv_twse_stock_day,official_unadjusted_ohlcv_twse_stock_day,TWSE_STOCK_DAY,TWSE_STOCK_DAY,False,unadjusted_ohlcv; adjusted_close_blocked_not_fabricated,True,False,False,False,False,False,False,False,True,False,1000000,10427.0,999949.3,993693.1,1425.0,4397.0,5822.0,-0.012061623710534682,applied_local_ep05_cost_model_to_unadjusted_ohlc_unit_notional,1368
2023-10-06,2023-10-11,2023-10-18,3715,定穎投控,TWSE,hybrid_pullback_base_mega_override,regime_switch_hybrid_route,hybrid,rs20_top3_risk_tiebreak,next_day_close_entry_fixed_5td_exit,unadjusted_close,unadjusted_close,95.9,90.7,95.3,90.7,95.3,0.05071664829106948,True,,official_unadjusted_ohlcv_twse_stock_day,official_unadjusted_ohlcv_twse_stock_day,TWSE_STOCK_DAY,TWSE_STOCK_DAY,False,unadjusted_ohlcv; adjusted_close_blocked_not_fabricated,True,False,False,False,False,False,False,False,True,False,1000000,11025.0,999967.5,1050682.5,1425.0,4649.0,6074.0,0.044578923848540904,applied_local_ep05_cost_model_to_unadjusted_ohlc_unit_notional,1368
2023-10-06,2023-10-06,2023-10-13,3715,定穎投控,TWSE,hybrid_pullback_base_mega_override,regime_switch_hybrid_route,hybrid,rs20_top3_risk_tiebreak,same_week_close_to_next_rebalance_close_comparator,unadjusted_close,unadjusted_close,88.2,93.0,103.0,93.0,103.0,0.10752688172043001,True,,official_unadjusted_ohlcv_twse_stock_day,official_unadjusted_ohlcv_twse_stock_day,TWSE_STOCK_DAY,TWSE_STOCK_DAY,False,unadjusted_ohlcv; adjusted_close_blocked_not_fabricated,True,False,False,False,False,False,False,False,True,False,1000000,10752.0,999936.0,1107456.0,1425.0,4900.0,6325.0,0.10105746079585684,applied_local_ep05_cost_model_to_unadjusted_ohlc_unit_notional,1368
2023-10-06,2023-10-11,2023-10-18,3715,定穎投控,TWSE,hybrid_pullback_base_mega_override,regime_switch_hybrid_route,hybrid,rs20_top3_risk_tiebreak,next_day_open_entry_fixed_5td_exit,unadjusted_open,unadjusted_close,95.9,90.7,95.3,95.9,95.3,-0.006256517205422418,True,,official_unadjusted_ohlcv_twse_stock_day,official_unadjusted_ohlcv_twse_stock_day,TWSE_STOCK_DAY,TWSE_STOCK_DAY,False,unadjusted_ohlcv; adjusted_close_blocked_not_fabricated,True,False,False,False,False,False,False,False,True,False,1000000,10427.0,999949.3,993693.1,1425.0,4397.0,5822.0,-0.012061623710534682,applied_local_ep05_cost_model_to_unadjusted_ohlc_unit_notional,1368
2023-10-06,2023-10-11,2023-10-18,3715,定穎投控,TWSE,market_bias_pool_trend_route,regime_switch_hybrid_route,mega_or_stock_route,stable_strength,next_day_close_entry_fixed_5td_exit,unadjusted_close,unadjusted_close,95.9,90.7,95.3,90.7,95.3,0.05071664829106948,True,,official_unadjusted_ohlcv_twse_stock_day,official_unadjusted_ohlcv_twse_stock_day,TWSE_STOCK_DAY,TWSE_STOCK_DAY,False,unadjusted_ohlcv; adjusted_close_blocked_not_fabricated,True,False,False,False,False,False,False,False,True,False,1000000,11025.0,999967.5,1050682.5,1425.0,4649.0,6074.0,0.044578923848540904,applied_local_ep05_cost_model_to_unadjusted_ohlc_unit_notional,1368
2023-10-06,2023-10-06,2023-10-13,3715,定穎投控,TWSE,market_bias_pool_trend_route,regime_switch_hybrid_route,mega_or_stock_route,stable_strength,same_week_close_to_next_rebalance_close_comparator,unadjusted_close,unadjusted_close,88.2,93.0,103.0,93.0,103.0,0.10752688172043001,True,,official_unadjusted_ohlcv_twse_stock_day,official_unadjusted_ohlcv_twse_stock_day,TWSE_STOCK_DAY,TWSE_STOCK_DAY,False,unadjusted_ohlcv; adjusted_close_blocked_not_fabricated,True,False,False,False,False,False,False,False,True,False,1000000,10752.0,999936.0,1107456.0,1425.0,4900.0,6325.0,0.10105746079585684,applied_local_ep05_cost_model_to_unadjusted_ohlc_unit_notional,1368
2023-10-06,2023-10-11,2023-10-18,3715,定穎投控,TWSE,market_bias_pool_trend_route,regime_switch_hybrid_route,mega_or_stock_route,stable_strength,next_day_open_entry_fixed_5td_exit,unadjusted_open,unadjusted_close,95.9,90.7,95.3,95.9,95.3,-0.006256517205422418,True,,official_unadjusted_ohlcv_twse_stock_day,official_unadjusted_ohlcv_twse_stock_day,TWSE_STOCK_DAY,TWSE_STOCK_DAY,False,unadjusted_ohlcv; adjusted_close_blocked_not_fabricated,True,False,False,False,False,False,False,False,True,False,1000000,10427.0,999949.3,993693.1,1425.0,4397.0,5822.0,-0.012061623710534682,applied_local_ep05_cost_model_to_unadjusted_ohlc_unit_notional,1368
2023-10-06,2023-10-11,2023-10-18,3715,定穎投控,TWSE,pool_breadth_route,regime_switch_hybrid_route,mega_or_stock_route,stable_strength,next_day_close_entry_fixed_5td_exit,unadjusted_close,unadjusted_close,95.9,90.7,95.3,90.7,95.3,0.05071664829106948,True,,official_unadjusted_ohlcv_twse_stock_day,official_unadjusted_ohlcv_twse_stock_day,TWSE_STOCK_DAY,TWSE_STOCK_DAY,False,unadjusted_ohlcv; adjusted_close_blocked_not_fabricated,True,False,False,False,False,False,False,False,True,False,1000000,11025.0,999967.5,1050682.5,1425.0,4649.0,6074.0,0.044578923848540904,applied_local_ep05_cost_model_to_unadjusted_ohlc_unit_notional,1368
2023-10-06,2023-10-06,2023-10-13,3715,定穎投控,TWSE,pool_breadth_route,regime_switch_hybrid_route,mega_or_stock_route,stable_strength,same_week_close_to_next_rebalance_close_comparator,unadjusted_close,unadjusted_close,88.2,93.0,103.0,93.0,103.0,0.10752688172043001,True,,official_unadjusted_ohlcv_twse_stock_day,official_unadjusted_ohlcv_twse_stock_day,TWSE_STOCK_DAY,TWSE_STOCK_DAY,False,unadjusted_ohlcv; adjusted_close_blocked_not_fabricated,True,False,False,False,False,False,False,False,True,False,1000000,10752.0,999936.0,1107456.0,1425.0,4900.0,6325.0,0.10105746079585684,applied_local_ep05_cost_model_to_unadjusted_ohlc_unit_notional,1368
2023-10-06,2023-10-11,2023-10-18,3715,定穎投控,TWSE,pool_breadth_route,regime_switch_hybrid_route,mega_or_stock_route,stable_strength,next_day_open_entry_fixed_5td_exit,unadjusted_open,unadjusted_close,95.9,90.7,95.3,95.9,95.3,-0.006256517205422418,True,,official_unadjusted_ohlcv_twse_stock_day,official_unadjusted_ohlcv_twse_stock_day,TWSE_STOCK_DAY,TWSE_STOCK_DAY,False,unadjusted_ohlcv; adjusted_close_blocked_not_fabricated,True,False,False,False,False,False,False,False,True,False,1000000,10427.0,999949.3,993693.1,1425.0,4397.0,5822.0,-0.012061623710534682,applied_local_ep05_cost_model_to_unadjusted_ohlc_unit_notional,1368
2023-10-13,2023-10-16,2023-10-23,4908,前鼎,TPEx,dynamic80_top1_rs20_31_bonus_proxy,legacy_rs20_operating_mode,mega_rs20,dynamic80_top1_rs20_31_bonus_proxy,next_day_close_entry_fixed_5td_exit,unadjusted_close,unadjusted_close,82.0,83.7,90.0,83.7,90.0,0.07526881720430101,True,,official_unadjusted_ohlcv_tpex_trading_stock,official_unadjusted_ohlcv_tpex_trading_stock,TPEX_TRADING_STOCK,TPEX_TRADING_STOCK,False,unadjusted_ohlcv; adjusted_close_blocked_not_fabricated,True,False,False,False,False,False,False,False,True,False,1000000,11947.0,999963.9,1075230.0,1425.0,4758.0,6183.0,0.0689872835618609,applied_local_ep05_cost_model_to_unadjusted_ohlc_unit_notional,1368
2023-10-13,2023-10-13,2023-10-20,4908,前鼎,TPEx,dynamic80_top1_rs20_31_bonus_proxy,legacy_rs20_operating_mode,mega_rs20,dynamic80_top1_rs20_31_bonus_proxy,same_week_close_to_next_rebalance_close_comparator,unadjusted_close,unadjusted_close,75.4,81.0,91.6,81.0,91.6,0.1308641975308642,True,,official_unadjusted_ohlcv_tpex_trading_stock,official_unadjusted_ohlcv_tpex_trading_stock,TPEX_TRADING_STOCK,TPEX_TRADING_STOCK,False,unadjusted_ohlcv; adjusted_close_blocked_not_fabricated,True,False,False,False,False,False,False,False,True,False,1000000,12345.0,999945.0,1130802.0,1425.0,5003.0,6428.0,0.12425876549127696,applied_local_ep05_cost_model_to_unadjusted_ohlc_unit_notional,1368
2023-10-13,2023-10-16,2023-10-23,4908,前鼎,TPEx,dynamic80_top1_rs20_31_bonus_proxy,legacy_rs20_operating_mode,mega_rs20,dynamic80_top1_rs20_31_bonus_proxy,next_day_open_entry_fixed_5td_exit,unadjusted_open,unadjusted_close,82.0,83.7,90.0,82.0,90.0,0.09756097560975618,True,,official_unadjusted_ohlcv_tpex_trading_stock,official_unadjusted_ohlcv_tpex_trading_stock,TPEX_TRADING_STOCK,TPEX_TRADING_STOCK,False,unadjusted_ohlcv; adjusted_close_blocked_not_fabricated,True,False,False,False,False,False,False,False,True,False,1000000,12195.0,999990.0,1097550.0,1425.0,4857.0,6282.0,0.09114902413085484,applied_local_ep05_cost_model_to_unadjusted_ohlc_unit_notional,1368
2023-10-13,2023-10-16,2023-10-23,4908,前鼎,TPEx,dynamic80_top1_rs20_7core_context_proxy,legacy_rs20_operating_mode,mega_rs20,dynamic80_top1_rs20_7core_context_proxy,next_day_close_entry_fixed_5td_exit,unadjusted_close,unadjusted_close,82.0,83.7,90.0,83.7,90.0,0.07526881720430101,True,,official_unadjusted_ohlcv_tpex_trading_stock,official_unadjusted_ohlcv_tpex_trading_stock,TPEX_TRADING_STOCK,TPEX_TRADING_STOCK,False,unadjusted_ohlcv; adjusted_close_blocked_not_fabricated,True,False,False,False,False,False,False,False,True,False,1000000,11947.0,999963.9,1075230.0,1425.0,4758.0,6183.0,0.0689872835618609,applied_local_ep05_cost_model_to_unadjusted_ohlc_unit_notional,1368
2023-10-13,2023-10-13,2023-10-20,4908,前鼎,TPEx,dynamic80_top1_rs20_7core_context_proxy,legacy_rs20_operating_mode,mega_rs20,dynamic80_top1_rs20_7core_context_proxy,same_week_close_to_next_rebalance_close_comparator,unadjusted_close,unadjusted_close,75.4,81.0,91.6,81.0,91.6,0.1308641975308642,True,,official_unadjusted_ohlcv_tpex_trading_stock,official_unadjusted_ohlcv_tpex_trading_stock,TPEX_TRADING_STOCK,TPEX_TRADING_STOCK,False,unadjusted_ohlcv; adjusted_close_blocked_not_fabricated,True,False,False,False,False,False,False,False,True,False,1000000,12345.0,999945.0,1130802.0,1425.0,5003.0,6428.0,0.12425876549127696,applied_local_ep05_cost_model_to_unadjusted_ohlc_unit_notional,1368
2023-10-13,2023-10-16,2023-10-23,4908,前鼎,TPEx,dynamic80_top1_rs20_7core_context_proxy,legacy_rs20_operating_mode,mega_rs20,dynamic80_top1_rs20_7core_context_proxy,next_day_open_entry_fixed_5td_exit,unadjusted_open,unadjusted_close,82.0,83.7,90.0,82.0,90.0,0.09756097560975618,True,,official_unadjusted_ohlcv_tpex_trading_stock,official_unadjusted_ohlcv_tpex_trading_stock,TPEX_TRADING_STOCK,TPEX_TRADING_STOCK,False,unadjusted_ohlcv; adjusted_close_blocked_not_fabricated,True,False,False,False,False,False,False,False,True,False,1000000,12195.0,999990.0,1097550.0,1425.0,4857.0,6282.0,0.09114902413085484,applied_local_ep05_cost_model_to_unadjusted_ohlc_unit_notional,1368
2023-10-13,2023-10-16,2023-10-23,4908,前鼎,TPEx,dynamic80_top1_rs20_proxy,legacy_rs20_operating_mode,mega_rs20,dynamic80_top1_rs20_proxy,next_day_close_entry_fixed_5td_exit,unadjusted_close,unadjusted_close,82.0,83.7,90.0,83.7,90.0,0.07526881720430101,True,,official_unadjusted_ohlcv_tpex_trading_stock,official_unadjusted_ohlcv_tpex_trading_stock,TPEX_TRADING_STOCK,TPEX_TRADING_STOCK,False,unadjusted_ohlcv; adjusted_close_blocked_not_fabricated,True,False,False,False,False,False,False,False,True,False,1000000,11947.0,999963.9,1075230.0,1425.0,4758.0,6183.0,0.0689872835618609,applied_local_ep05_cost_model_to_unadjusted_ohlc_unit_notional,1368
2023-10-13,2023-10-13,2023-10-20,4908,前鼎,TPEx,dynamic80_top1_rs20_proxy,legacy_rs20_operating_mode,mega_rs20,dynamic80_top1_rs20_proxy,same_week_close_to_next_rebalance_close_comparator,unadjusted_close,unadjusted_close,75.4,81.0,91.6,81.0,91.6,0.1308641975308642,True,,official_unadjusted_ohlcv_tpex_trading_stock,official_unadjusted_ohlcv_tpex_trading_stock,TPEX_TRADING_STOCK,TPEX_TRADING_STOCK,False,unadjusted_ohlcv; adjusted_close_blocked_not_fabricated,True,False,False,False,False,False,False,False,True,False,1000000,12345.0,999945.0,1130802.0,1425.0,5003.0,6428.0,0.12425876549127696,applied_local_ep05_cost_model_to_unadjusted_ohlc_unit_notional,1368
2023-10-13,2023-10-16,2023-10-23,4908,前鼎,TPEx,dynamic80_top1_rs20_proxy,legacy_rs20_operating_mode,mega_rs20,dynamic80_top1_rs20_proxy,next_day_open_entry_fixed_5td_exit,unadjusted_open,unadjusted_close,82.0,83.7,90.0,82.0,90.0,0.09756097560975618,True,,official_unadjusted_ohlcv_tpex_trading_stock,official_unadjusted_ohlcv_tpex_trading_stock,TPEX_TRADING_STOCK,TPEX_TRADING_STOCK,False,unadjusted_ohlcv; adjusted_close_blocked_not_fabricated,True,False,False,False,False,False,False,False,True,False,1000000,12195.0,999990.0,1097550.0,1425.0,4857.0,6282.0,0.09114902413085484,applied_local_ep05_cost_model_to_unadjusted_ohlc_unit_notional,1368
2023-10-13,2023-10-16,2023-10-23,4908,前鼎,TPEx,dynamic80_top3_rs20_risk_tiebreak_proxy,legacy_rs20_operating_mode,mega_rs20,dynamic80_top3_rs20_risk_tiebreak_proxy,next_day_close_entry_fixed_5td_exit,unadjusted_close,unadjusted_close,82.0,83.7,90.0,83.7,90.0,0.07526881720430101,True,,official_unadjusted_ohlcv_tpex_trading_stock,official_unadjusted_ohlcv_tpex_trading_stock,TPEX_TRADING_STOCK,TPEX_TRADING_STOCK,False,unadjusted_ohlcv; adjusted_close_blocked_not_fabricated,True,False,False,False,False,False,False,False,True,False,1000000,11947.0,999963.9,1075230.0,1425.0,4758.0,6183.0,0.0689872835618609,applied_local_ep05_cost_model_to_unadjusted_ohlc_unit_notional,1368
2023-10-13,2023-10-13,2023-10-20,4908,前鼎,TPEx,dynamic80_top3_rs20_risk_tiebreak_proxy,legacy_rs20_operating_mode,mega_rs20,dynamic80_top3_rs20_risk_tiebreak_proxy,same_week_close_to_next_rebalance_close_comparator,unadjusted_close,unadjusted_close,75.4,81.0,91.6,81.0,91.6,0.1308641975308642,True,,official_unadjusted_ohlcv_tpex_trading_stock,official_unadjusted_ohlcv_tpex_trading_stock,TPEX_TRADING_STOCK,TPEX_TRADING_STOCK,False,unadjusted_ohlcv; adjusted_close_blocked_not_fabricated,True,False,False,False,False,False,False,False,True,False,1000000,12345.0,999945.0,1130802.0,1425.0,5003.0,6428.0,0.12425876549127696,applied_local_ep05_cost_model_to_unadjusted_ohlc_unit_notional,1368
2023-10-13,2023-10-16,2023-10-23,4908,前鼎,TPEx,dynamic80_top3_rs20_risk_tiebreak_proxy,legacy_rs20_operating_mode,mega_rs20,dynamic80_top3_rs20_risk_tiebreak_proxy,next_day_open_entry_fixed_5td_exit,unadjusted_open,unadjusted_close,82.0,83.7,90.0,82.0,90.0,0.09756097560975618,True,,official_unadjusted_ohlcv_tpex_trading_stock,official_unadjusted_ohlcv_tpex_trading_stock,TPEX_TRADING_STOCK,TPEX_TRADING_STOCK,False,unadjusted_ohlcv; adjusted_close_blocked_not_fabricated,True,False,False,False,False,False,False,False,True,False,1000000,12195.0,999990.0,1097550.0,1425.0,4857.0,6282.0,0.09114902413085484,applied_local_ep05_cost_model_to_unadjusted_ohlc_unit_notional,1368
2023-10-13,2023-10-16,2023-10-23,1339,昭輝,TWSE,conservative_hurdle_route,regime_switch_hybrid_route,ordinary_defensive_00631L_base,rs20_top3_risk_tiebreak,next_day_close_entry_fixed_5td_exit,unadjusted_close,unadjusted_close,63.1,61.1,62.7,61.1,62.7,0.026186579378068675,True,,official_unadjusted_ohlcv_twse_stock_day,official_unadjusted_ohlcv_twse_stock_day,TWSE_STOCK_DAY,TWSE_STOCK_DAY,False,unadjusted_ohlcv; adjusted_close_blocked_not_fabricated,True,False,False,False,False,False,False,False,True,False,1000000,16366.0,999962.6,1026148.2000000001,1425.0,4540.0,5965.0,0.02019258077491682,applied_local_ep05_cost_model_to_unadjusted_ohlc_unit_notional,1368
2023-10-13,2023-10-13,2023-10-20,1339,昭輝,TWSE,conservative_hurdle_route,regime_switch_hybrid_route,ordinary_defensive_00631L_base,rs20_top3_risk_tiebreak,same_week_close_to_next_rebalance_close_comparator,unadjusted_close,unadjusted_close,62.5,62.7,62.5,62.7,62.5,-0.0031897926634769647,True,,official_unadjusted_ohlcv_twse_stock_day,official_unadjusted_ohlcv_twse_stock_day,TWSE_STOCK_DAY,TWSE_STOCK_DAY,False,unadjusted_ohlcv; adjusted_close_blocked_not_fabricated,True,False,False,False,False,False,False,False,True,False,1000000,15948.0,999939.6000000001,996750.0,1425.0,4410.0,5835.0,-0.009012301812946147,applied_local_ep05_cost_model_to_unadjusted_ohlc_unit_notional,1368
2023-10-13,2023-10-16,2023-10-23,1339,昭輝,TWSE,conservative_hurdle_route,regime_switch_hybrid_route,ordinary_defensive_00631L_base,rs20_top3_risk_tiebreak,next_day_open_entry_fixed_5td_exit,unadjusted_open,unadjusted_close,63.1,61.1,62.7,63.1,62.7,-0.006339144215530834,True,,official_unadjusted_ohlcv_twse_stock_day,official_unadjusted_ohlcv_twse_stock_day,TWSE_STOCK_DAY,TWSE_STOCK_DAY,False,unadjusted_ohlcv; adjusted_close_blocked_not_fabricated,True,False,False,False,False,False,False,False,True,False,1000000,15847.0,999945.7000000001,993606.9,1425.0,4397.0,5822.0,-0.012144154008101142,applied_local_ep05_cost_model_to_unadjusted_ohlc_unit_notional,1368
2023-10-13,2023-10-16,2023-10-23,1339,昭輝,TWSE,dispersion_route,regime_switch_hybrid_route,dispersion,rs20_top3_risk_tiebreak,next_day_close_entry_fixed_5td_exit,unadjusted_close,unadjusted_close,63.1,61.1,62.7,61.1,62.7,0.026186579378068675,True,,official_unadjusted_ohlcv_twse_stock_day,official_unadjusted_ohlcv_twse_stock_day,TWSE_STOCK_DAY,TWSE_STOCK_DAY,False,unadjusted_ohlcv; adjusted_close_blocked_not_fabricated,True,False,False,False,False,False,False,False,True,False,1000000,16366.0,999962.6,1026148.2000000001,1425.0,4540.0,5965.0,0.02019258077491682,applied_local_ep05_cost_model_to_unadjusted_ohlc_unit_notional,1368
2023-10-13,2023-10-13,2023-10-20,1339,昭輝,TWSE,dispersion_route,regime_switch_hybrid_route,dispersion,rs20_top3_risk_tiebreak,same_week_close_to_next_rebalance_close_comparator,unadjusted_close,unadjusted_close,62.5,62.7,62.5,62.7,62.5,-0.0031897926634769647,True,,official_unadjusted_ohlcv_twse_stock_day,official_unadjusted_ohlcv_twse_stock_day,TWSE_STOCK_DAY,TWSE_STOCK_DAY,False,unadjusted_ohlcv; adjusted_close_blocked_not_fabricated,True,False,False,False,False,False,False,False,True,False,1000000,15948.0,999939.6000000001,996750.0,1425.0,4410.0,5835.0,-0.009012301812946147,applied_local_ep05_cost_model_to_unadjusted_ohlc_unit_notional,1368
2023-10-13,2023-10-16,2023-10-23,1339,昭輝,TWSE,dispersion_route,regime_switch_hybrid_route,dispersion,rs20_top3_risk_tiebreak,next_day_open_entry_fixed_5td_exit,unadjusted_open,unadjusted_close,63.1,61.1,62.7,63.1,62.7,-0.006339144215530834,True,,official_unadjusted_ohlcv_twse_stock_day,official_unadjusted_ohlcv_twse_stock_day,TWSE_STOCK_DAY,TWSE_STOCK_DAY,False,unadjusted_ohlcv; adjusted_close_blocked_not_fabricated,True,False,False,False,False,False,False,False,True,False,1000000,15847.0,999945.7000000001,993606.9,1425.0,4397.0,5822.0,-0.012144154008101142,applied_local_ep05_cost_model_to_unadjusted_ohlc_unit_notional,1368
2023-10-13,2023-10-16,2023-10-23,1339,昭輝,TWSE,hybrid_pullback_base_mega_override,regime_switch_hybrid_route,hybrid,rs20_top3_risk_tiebreak,next_day_close_entry_fixed_5td_exit,unadjusted_close,unadjusted_close,63.1,61.1,62.7,61.1,62.7,0.026186579378068675,True,,official_unadjusted_ohlcv_twse_stock_day,official_unadjusted_ohlcv_twse_stock_day,TWSE_STOCK_DAY,TWSE_STOCK_DAY,False,unadjusted_ohlcv; adjusted_close_blocked_not_fabricated,True,False,False,False,False,False,False,False,True,False,1000000,16366.0,999962.6,1026148.2000000001,1425.0,4540.0,5965.0,0.02019258077491682,applied_local_ep05_cost_model_to_unadjusted_ohlc_unit_notional,1368
2023-10-13,2023-10-13,2023-10-20,1339,昭輝,TWSE,hybrid_pullback_base_mega_override,regime_switch_hybrid_route,hybrid,rs20_top3_risk_tiebreak,same_week_close_to_next_rebalance_close_comparator,unadjusted_close,unadjusted_close,62.5,62.7,62.5,62.7,62.5,-0.0031897926634769647,True,,official_unadjusted_ohlcv_twse_stock_day,official_unadjusted_ohlcv_twse_stock_day,TWSE_STOCK_DAY,TWSE_STOCK_DAY,False,unadjusted_ohlcv; adjusted_close_blocked_not_fabricated,True,False,False,False,False,False,False,False,True,False,1000000,15948.0,999939.6000000001,996750.0,1425.0,4410.0,5835.0,-0.009012301812946147,applied_local_ep05_cost_model_to_unadjusted_ohlc_unit_notional,1368
2023-10-13,2023-10-16,2023-10-23,1339,昭輝,TWSE,hybrid_pullback_base_mega_override,regime_switch_hybrid_route,hybrid,rs20_top3_risk_tiebreak,next_day_open_entry_fixed_5td_exit,unadjusted_open,unadjusted_close,63.1,61.1,62.7,63.1,62.7,-0.006339144215530834,True,,official_unadjusted_ohlcv_twse_stock_day,official_unadjusted_ohlcv_twse_stock_day,TWSE_STOCK_DAY,TWSE_STOCK_DAY,False,unadjusted_ohlcv; adjusted_close_blocked_not_fabricated,True,False,False,False,False,False,False,False,True,False,1000000,15847.0,999945.7000000001,993606.9,1425.0,4397.0,5822.0,-0.012144154008101142,applied_local_ep05_cost_model_to_unadjusted_ohlc_unit_notional,1368
2023-10-13,2023-10-16,2023-10-23,4908,前鼎,TPEx,market_bias_pool_trend_route,regime_switch_hybrid_route,mega_or_stock_route,stable_strength,next_day_close_entry_fixed_5td_exit,unadjusted_close,unadjusted_close,82.0,83.7,90.0,83.7,90.0,0.07526881720430101,True,,official_unadjusted_ohlcv_tpex_trading_stock,official_unadjusted_ohlcv_tpex_trading_stock,TPEX_TRADING_STOCK,TPEX_TRADING_STOCK,False,unadjusted_ohlcv; adjusted_close_blocked_not_fabricated,True,False,False,False,False,False,False,False,True,False,1000000,11947.0,999963.9,1075230.0,1425.0,4758.0,6183.0,0.0689872835618609,applied_local_ep05_cost_model_to_unadjusted_ohlc_unit_notional,1368
2023-10-13,2023-10-13,2023-10-20,4908,前鼎,TPEx,market_bias_pool_trend_route,regime_switch_hybrid_route,mega_or_stock_route,stable_strength,same_week_close_to_next_rebalance_close_comparator,unadjusted_close,unadjusted_close,75.4,81.0,91.6,81.0,91.6,0.1308641975308642,True,,official_unadjusted_ohlcv_tpex_trading_stock,official_unadjusted_ohlcv_tpex_trading_stock,TPEX_TRADING_STOCK,TPEX_TRADING_STOCK,False,unadjusted_ohlcv; adjusted_close_blocked_not_fabricated,True,False,False,False,False,False,False,False,True,False,1000000,12345.0,999945.0,1130802.0,1425.0,5003.0,6428.0,0.12425876549127696,applied_local_ep05_cost_model_to_unadjusted_ohlc_unit_notional,1368
2023-10-13,2023-10-16,2023-10-23,4908,前鼎,TPEx,market_bias_pool_trend_route,regime_switch_hybrid_route,mega_or_stock_route,stable_strength,next_day_open_entry_fixed_5td_exit,unadjusted_open,unadjusted_close,82.0,83.7,90.0,82.0,90.0,0.09756097560975618,True,,official_unadjusted_ohlcv_tpex_trading_stock,official_unadjusted_ohlcv_tpex_trading_stock,TPEX_TRADING_STOCK,TPEX_TRADING_STOCK,False,unadjusted_ohlcv; adjusted_close_blocked_not_fabricated,True,False,False,False,False,False,False,False,True,False,1000000,12195.0,999990.0,1097550.0,1425.0,4857.0,6282.0,0.09114902413085484,applied_local_ep05_cost_model_to_unadjusted_ohlc_unit_notional,1368
2023-10-13,2023-10-16,2023-10-23,4908,前鼎,TPEx,pool_breadth_route,regime_switch_hybrid_route,mega_or_stock_route,stable_strength,next_day_close_entry_fixed_5td_exit,unadjusted_close,unadjusted_close,82.0,83.7,90.0,83.7,90.0,0.07526881720430101,True,,official_unadjusted_ohlcv_tpex_trading_stock,official_unadjusted_ohlcv_tpex_trading_stock,TPEX_TRADING_STOCK,TPEX_TRADING_STOCK,False,unadjusted_ohlcv; adjusted_close_blocked_not_fabricated,True,False,False,False,False,False,False,False,True,False,1000000,11947.0,999963.9,1075230.0,1425.0,4758.0,6183.0,0.0689872835618609,applied_local_ep05_cost_model_to_unadjusted_ohlc_unit_notional,1368
2023-10-13,2023-10-13,2023-10-20,4908,前鼎,TPEx,pool_breadth_route,regime_switch_hybrid_route,mega_or_stock_route,stable_strength,same_week_close_to_next_rebalance_close_comparator,unadjusted_close,unadjusted_close,75.4,81.0,91.6,81.0,91.6,0.1308641975308642,True,,official_unadjusted_ohlcv_tpex_trading_stock,official_unadjusted_ohlcv_tpex_trading_stock,TPEX_TRADING_STOCK,TPEX_TRADING_STOCK,False,unadjusted_ohlcv; adjusted_close_blocked_not_fabricated,True,False,False,False,False,False,False,False,True,False,1000000,12345.0,999945.0,1130802.0,1425.0,5003.0,6428.0,0.12425876549127696,applied_local_ep05_cost_model_to_unadjusted_ohlc_unit_notional,1368
2023-10-13,2023-10-16,2023-10-23,4908,前鼎,TPEx,pool_breadth_route,regime_switch_hybrid_route,mega_or_stock_route,stable_strength,next_day_open_entry_fixed_5td_exit,unadjusted_open,unadjusted_close,82.0,83.7,90.0,82.0,90.0,0.09756097560975618,True,,official_unadjusted_ohlcv_tpex_trading_stock,official_unadjusted_ohlcv_tpex_trading_stock,TPEX_TRADING_STOCK,TPEX_TRADING_STOCK,False,unadjusted_ohlcv; adjusted_close_blocked_not_fabricated,True,False,False,False,False,False,False,False,True,False,1000000,12195.0,999990.0,1097550.0,1425.0,4857.0,6282.0,0.09114902413085484,applied_local_ep05_cost_model_to_unadjusted_ohlc_unit_notional,1368
2023-10-20,2023-10-23,2023-10-30,6139,亞翔,TWSE,dynamic80_top1_rs20_31_bonus_proxy,legacy_rs20_operating_mode,mega_rs20,dynamic80_top1_rs20_31_bonus_proxy,next_day_close_entry_fixed_5td_exit,unadjusted_close,unadjusted_close,116.5,117.5,133.0,117.5,133.0,0.13191489361702136,True,,official_unadjusted_ohlcv_twse_stock_day,official_unadjusted_ohlcv_twse_stock_day,TWSE_STOCK_DAY,TWSE_STOCK_DAY,False,unadjusted_ohlcv; adjusted_close_blocked_not_fabricated,True,False,False,False,False,False,False,False,True,False,1000000,8510.0,999925.0,1131830.0,1425.0,5008.0,6433.0,0.12530284116442802,applied_local_ep05_cost_model_to_unadjusted_ohlc_unit_notional,1368
2023-10-20,2023-10-20,2023-10-27,6139,亞翔,TWSE,dynamic80_top1_rs20_31_bonus_proxy,legacy_rs20_operating_mode,mega_rs20,dynamic80_top1_rs20_31_bonus_proxy,same_week_close_to_next_rebalance_close_comparator,unadjusted_close,unadjusted_close,114.5,116.0,132.0,116.0,132.0,0.13793103448275867,True,,official_unadjusted_ohlcv_twse_stock_day,official_unadjusted_ohlcv_twse_stock_day,TWSE_STOCK_DAY,TWSE_STOCK_DAY,False,unadjusted_ohlcv; adjusted_close_blocked_not_fabricated,True,False,False,False,False,False,False,False,True,False,1000000,8620.0,999920.0,1137840.0,1425.0,5035.0,6460.0,0.13128342379499572,applied_local_ep05_cost_model_to_unadjusted_ohlc_unit_notional,1368
2023-10-20,2023-10-23,2023-10-30,6139,亞翔,TWSE,dynamic80_top1_rs20_31_bonus_proxy,legacy_rs20_operating_mode,mega_rs20,dynamic80_top1_rs20_31_bonus_proxy,next_day_open_entry_fixed_5td_exit,unadjusted_open,unadjusted_close,116.5,117.5,133.0,116.5,133.0,0.14163090128755362,True,,official_unadjusted_ohlcv_twse_stock_day,official_unadjusted_ohlcv_twse_stock_day,TWSE_STOCK_DAY,TWSE_STOCK_DAY,False,unadjusted_ohlcv; adjusted_close_blocked_not_fabricated,True,False,False,False,False,False,False,False,True,False,1000000,8583.0,999919.5,1141539.0,1425.0,5052.0,6477.0,0.13496104487516533,applied_local_ep05_cost_model_to_unadjusted_ohlc_unit_notional,1368
2023-10-20,2023-10-23,2023-10-30,6139,亞翔,TWSE,dynamic80_top1_rs20_7core_context_proxy,legacy_rs20_operating_mode,mega_rs20,dynamic80_top1_rs20_7core_context_proxy,next_day_close_entry_fixed_5td_exit,unadjusted_close,unadjusted_close,116.5,117.5,133.0,117.5,133.0,0.13191489361702136,True,,official_unadjusted_ohlcv_twse_stock_day,official_unadjusted_ohlcv_twse_stock_day,TWSE_STOCK_DAY,TWSE_STOCK_DAY,False,unadjusted_ohlcv; adjusted_close_blocked_not_fabricated,True,False,False,False,False,False,False,False,True,False,1000000,8510.0,999925.0,1131830.0,1425.0,5008.0,6433.0,0.12530284116442802,applied_local_ep05_cost_model_to_unadjusted_ohlc_unit_notional,1368
2023-10-20,2023-10-20,2023-10-27,6139,亞翔,TWSE,dynamic80_top1_rs20_7core_context_proxy,legacy_rs20_operating_mode,mega_rs20,dynamic80_top1_rs20_7core_context_proxy,same_week_close_to_next_rebalance_close_comparator,unadjusted_close,unadjusted_close,114.5,116.0,132.0,116.0,132.0,0.13793103448275867,True,,official_unadjusted_ohlcv_twse_stock_day,official_unadjusted_ohlcv_twse_stock_day,TWSE_STOCK_DAY,TWSE_STOCK_DAY,False,unadjusted_ohlcv; adjusted_close_blocked_not_fabricated,True,False,False,False,False,False,False,False,True,False,1000000,8620.0,999920.0,1137840.0,1425.0,5035.0,6460.0,0.13128342379499572,applied_local_ep05_cost_model_to_unadjusted_ohlc_unit_notional,1368
2023-10-20,2023-10-23,2023-10-30,6139,亞翔,TWSE,dynamic80_top1_rs20_7core_context_proxy,legacy_rs20_operating_mode,mega_rs20,dynamic80_top1_rs20_7core_context_proxy,next_day_open_entry_fixed_5td_exit,unadjusted_open,unadjusted_close,116.5,117.5,133.0,116.5,133.0,0.14163090128755362,True,,official_unadjusted_ohlcv_twse_stock_day,official_unadjusted_ohlcv_twse_stock_day,TWSE_STOCK_DAY,TWSE_STOCK_DAY,False,unadjusted_ohlcv; adjusted_close_blocked_not_fabricated,True,False,False,False,False,False,False,False,True,False,1000000,8583.0,999919.5,1141539.0,1425.0,5052.0,6477.0,0.13496104487516533,applied_local_ep05_cost_model_to_unadjusted_ohlc_unit_notional,1368
2023-10-20,2023-10-23,2023-10-30,6139,亞翔,TWSE,dynamic80_top1_rs20_proxy,legacy_rs20_operating_mode,mega_rs20,dynamic80_top1_rs20_proxy,next_day_close_entry_fixed_5td_exit,unadjusted_close,unadjusted_close,116.5,117.5,133.0,117.5,133.0,0.13191489361702136,True,,official_unadjusted_ohlcv_twse_stock_day,official_unadjusted_ohlcv_twse_stock_day,TWSE_STOCK_DAY,TWSE_STOCK_DAY,False,unadjusted_ohlcv; adjusted_close_blocked_not_fabricated,True,False,False,False,False,False,False,False,True,False,1000000,8510.0,999925.0,1131830.0,1425.0,5008.0,6433.0,0.12530284116442802,applied_local_ep05_cost_model_to_unadjusted_ohlc_unit_notional,1368
2023-10-20,2023-10-20,2023-10-27,6139,亞翔,TWSE,dynamic80_top1_rs20_proxy,legacy_rs20_operating_mode,mega_rs20,dynamic80_top1_rs20_proxy,same_week_close_to_next_rebalance_close_comparator,unadjusted_close,unadjusted_close,114.5,116.0,132.0,116.0,132.0,0.13793103448275867,True,,official_unadjusted_ohlcv_twse_stock_day,official_unadjusted_ohlcv_twse_stock_day,TWSE_STOCK_DAY,TWSE_STOCK_DAY,False,unadjusted_ohlcv; adjusted_close_blocked_not_fabricated,True,False,False,False,False,False,False,False,True,False,1000000,8620.0,999920.0,1137840.0,1425.0,5035.0,6460.0,0.13128342379499572,applied_local_ep05_cost_model_to_unadjusted_ohlc_unit_notional,1368
2023-10-20,2023-10-23,2023-10-30,6139,亞翔,TWSE,dynamic80_top1_rs20_proxy,legacy_rs20_operating_mode,mega_rs20,dynamic80_top1_rs20_proxy,next_day_open_entry_fixed_5td_exit,unadjusted_open,unadjusted_close,116.5,117.5,133.0,116.5,133.0,0.14163090128755362,True,,official_unadjusted_ohlcv_twse_stock_day,official_unadjusted_ohlcv_twse_stock_day,TWSE_STOCK_DAY,TWSE_STOCK_DAY,False,unadjusted_ohlcv; adjusted_close_blocked_not_fabricated,True,False,False,False,False,False,False,False,True,False,1000000,8583.0,999919.5,1141539.0,1425.0,5052.0,6477.0,0.13496104487516533,applied_local_ep05_cost_model_to_unadjusted_ohlc_unit_notional,1368
2023-10-20,2023-10-23,2023-10-30,6139,亞翔,TWSE,dynamic80_top3_rs20_risk_tiebreak_proxy,legacy_rs20_operating_mode,mega_rs20,dynamic80_top3_rs20_risk_tiebreak_proxy,next_day_close_entry_fixed_5td_exit,unadjusted_close,unadjusted_close,116.5,117.5,133.0,117.5,133.0,0.13191489361702136,True,,official_unadjusted_ohlcv_twse_stock_day,official_unadjusted_ohlcv_twse_stock_day,TWSE_STOCK_DAY,TWSE_STOCK_DAY,False,unadjusted_ohlcv; adjusted_close_blocked_not_fabricated,True,False,False,False,False,False,False,False,True,False,1000000,8510.0,999925.0,1131830.0,1425.0,5008.0,6433.0,0.12530284116442802,applied_local_ep05_cost_model_to_unadjusted_ohlc_unit_notional,1368
2023-10-20,2023-10-20,2023-10-27,6139,亞翔,TWSE,dynamic80_top3_rs20_risk_tiebreak_proxy,legacy_rs20_operating_mode,mega_rs20,dynamic80_top3_rs20_risk_tiebreak_proxy,same_week_close_to_next_rebalance_close_comparator,unadjusted_close,unadjusted_close,114.5,116.0,132.0,116.0,132.0,0.13793103448275867,True,,official_unadjusted_ohlcv_twse_stock_day,official_unadjusted_ohlcv_twse_stock_day,TWSE_STOCK_DAY,TWSE_STOCK_DAY,False,unadjusted_ohlcv; adjusted_close_blocked_not_fabricated,True,False,False,False,False,False,False,False,True,False,1000000,8620.0,999920.0,1137840.0,1425.0,5035.0,6460.0,0.13128342379499572,applied_local_ep05_cost_model_to_unadjusted_ohlc_unit_notional,1368
2023-10-20,2023-10-23,2023-10-30,6139,亞翔,TWSE,dynamic80_top3_rs20_risk_tiebreak_proxy,legacy_rs20_operating_mode,mega_rs20,dynamic80_top3_rs20_risk_tiebreak_proxy,next_day_open_entry_fixed_5td_exit,unadjusted_open,unadjusted_close,116.5,117.5,133.0,116.5,133.0,0.14163090128755362,True,,official_unadjusted_ohlcv_twse_stock_day,official_unadjusted_ohlcv_twse_stock_day,TWSE_STOCK_DAY,TWSE_STOCK_DAY,False,unadjusted_ohlcv; adjusted_close_blocked_not_fabricated,True,False,False,False,False,False,False,False,True,False,1000000,8583.0,999919.5,1141539.0,1425.0,5052.0,6477.0,0.13496104487516533,applied_local_ep05_cost_model_to_unadjusted_ohlc_unit_notional,1368
2023-10-20,2023-10-23,2023-10-30,6531,愛普*,TWSE,conservative_hurdle_route,regime_switch_hybrid_route,ordinary_defensive_00631L_base,hurdle_reference,next_day_close_entry_fixed_5td_exit,unadjusted_close,unadjusted_close,373.0,366.0,375.5,366.0,375.5,0.025956284153005438,True,,official_unadjusted_ohlcv_twse_stock_day,official_unadjusted_ohlcv_twse_stock_day,TWSE_STOCK_DAY,TWSE_STOCK_DAY,False,unadjusted_ohlcv; adjusted_close_blocked_not_fabricated,True,False,False,False,False,False,False,False,True,False,1000000,2732.0,999912.0,1025866.0,1425.0,4540.0,5965.0,0.019962310391007224,applied_local_ep05_cost_model_to_unadjusted_ohlc_unit_notional,1368
2023-10-20,2023-10-20,2023-10-27,6531,愛普*,TWSE,conservative_hurdle_route,regime_switch_hybrid_route,ordinary_defensive_00631L_base,hurdle_reference,same_week_close_to_next_rebalance_close_comparator,unadjusted_close,unadjusted_close,370.5,377.5,361.5,377.5,361.5,-0.04238410596026487,True,,official_unadjusted_ohlcv_twse_stock_day,official_unadjusted_ohlcv_twse_stock_day,TWSE_STOCK_DAY,TWSE_STOCK_DAY,False,unadjusted_ohlcv; adjusted_close_blocked_not_fabricated,True,False,False,False,False,False,False,False,True,False,1000000,2649.0,999997.5,957613.5,1425.0,4238.0,5663.0,-0.04797875022780095,applied_local_ep05_cost_model_to_unadjusted_ohlc_unit_notional,1368
2023-10-20,2023-10-23,2023-10-30,6531,愛普*,TWSE,conservative_hurdle_route,regime_switch_hybrid_route,ordinary_defensive_00631L_base,hurdle_reference,next_day_open_entry_fixed_5td_exit,unadjusted_open,unadjusted_close,373.0,366.0,375.5,373.0,375.5,0.006702412868632601,True,,official_unadjusted_ohlcv_twse_stock_day,official_unadjusted_ohlcv_twse_stock_day,TWSE_STOCK_DAY,TWSE_STOCK_DAY,False,unadjusted_ohlcv; adjusted_close_blocked_not_fabricated,True,False,False,False,False,False,False,False,True,False,1000000,2680.0,999640.0,1006340.0,1424.0,4453.0,5877.0,0.0008221252587247169,applied_local_ep05_cost_model_to_unadjusted_ohlc_unit_notional,1368
2023-10-20,2023-10-23,2023-10-30,6139,亞翔,TWSE,dispersion_route,regime_switch_hybrid_route,dispersion,rs20_top3_risk_tiebreak,next_day_close_entry_fixed_5td_exit,unadjusted_close,unadjusted_close,116.5,117.5,133.0,117.5,133.0,0.13191489361702136,True,,official_unadjusted_ohlcv_twse_stock_day,official_unadjusted_ohlcv_twse_stock_day,TWSE_STOCK_DAY,TWSE_STOCK_DAY,False,unadjusted_ohlcv; adjusted_close_blocked_not_fabricated,True,False,False,False,False,False,False,False,True,False,1000000,8510.0,999925.0,1131830.0,1425.0,5008.0,6433.0,0.12530284116442802,applied_local_ep05_cost_model_to_unadjusted_ohlc_unit_notional,1368
2023-10-20,2023-10-20,2023-10-27,6139,亞翔,TWSE,dispersion_route,regime_switch_hybrid_route,dispersion,rs20_top3_risk_tiebreak,same_week_close_to_next_rebalance_close_comparator,unadjusted_close,unadjusted_close,114.5,116.0,132.0,116.0,132.0,0.13793103448275867,True,,official_unadjusted_ohlcv_twse_stock_day,official_unadjusted_ohlcv_twse_stock_day,TWSE_STOCK_DAY,TWSE_STOCK_DAY,False,unadjusted_ohlcv; adjusted_close_blocked_not_fabricated,True,False,False,False,False,False,False,False,True,False,1000000,8620.0,999920.0,1137840.0,1425.0,5035.0,6460.0,0.13128342379499572,applied_local_ep05_cost_model_to_unadjusted_ohlc_unit_notional,1368
2023-10-20,2023-10-23,2023-10-30,6139,亞翔,TWSE,dispersion_route,regime_switch_hybrid_route,dispersion,rs20_top3_risk_tiebreak,next_day_open_entry_fixed_5td_exit,unadjusted_open,unadjusted_close,116.5,117.5,133.0,116.5,133.0,0.14163090128755362,True,,official_unadjusted_ohlcv_twse_stock_day,official_unadjusted_ohlcv_twse_stock_day,TWSE_STOCK_DAY,TWSE_STOCK_DAY,False,unadjusted_ohlcv; adjusted_close_blocked_not_fabricated,True,False,False,False,False,False,False,False,True,False,1000000,8583.0,999919.5,1141539.0,1425.0,5052.0,6477.0,0.13496104487516533,applied_local_ep05_cost_model_to_unadjusted_ohlc_unit_notional,1368
2023-10-20,2023-10-23,2023-10-30,6139,亞翔,TWSE,hybrid_pullback_base_mega_override,regime_switch_hybrid_route,hybrid,pullback_repair,next_day_close_entry_fixed_5td_exit,unadjusted_close,unadjusted_close,116.5,117.5,133.0,117.5,133.0,0.13191489361702136,True,,official_unadjusted_ohlcv_twse_stock_day,official_unadjusted_ohlcv_twse_stock_day,TWSE_STOCK_DAY,TWSE_STOCK_DAY,False,unadjusted_ohlcv; adjusted_close_blocked_not_fabricated,True,False,False,False,False,False,False,False,True,False,1000000,8510.0,999925.0,1131830.0,1425.0,5008.0,6433.0,0.12530284116442802,applied_local_ep05_cost_model_to_unadjusted_ohlc_unit_notional,1368
2023-10-20,2023-10-20,2023-10-27,6139,亞翔,TWSE,hybrid_pullback_base_mega_override,regime_switch_hybrid_route,hybrid,pullback_repair,same_week_close_to_next_rebalance_close_comparator,unadjusted_close,unadjusted_close,114.5,116.0,132.0,116.0,132.0,0.13793103448275867,True,,official_unadjusted_ohlcv_twse_stock_day,official_unadjusted_ohlcv_twse_stock_day,TWSE_STOCK_DAY,TWSE_STOCK_DAY,False,unadjusted_ohlcv; adjusted_close_blocked_not_fabricated,True,False,False,False,False,False,False,False,True,False,1000000,8620.0,999920.0,1137840.0,1425.0,5035.0,6460.0,0.13128342379499572,applied_local_ep05_cost_model_to_unadjusted_ohlc_unit_notional,1368
2023-10-20,2023-10-23,2023-10-30,6139,亞翔,TWSE,hybrid_pullback_base_mega_override,regime_switch_hybrid_route,hybrid,pullback_repair,next_day_open_entry_fixed_5td_exit,unadjusted_open,unadjusted_close,116.5,117.5,133.0,116.5,133.0,0.14163090128755362,True,,official_unadjusted_ohlcv_twse_stock_day,official_unadjusted_ohlcv_twse_stock_day,TWSE_STOCK_DAY,TWSE_STOCK_DAY,False,unadjusted_ohlcv; adjusted_close_blocked_not_fabricated,True,False,False,False,False,False,False,False,True,False,1000000,8583.0,999919.5,1141539.0,1425.0,5052.0,6477.0,0.13496104487516533,applied_local_ep05_cost_model_to_unadjusted_ohlc_unit_notional,1368
2023-10-20,2023-10-23,2023-10-30,6139,亞翔,TWSE,market_bias_pool_trend_route,regime_switch_hybrid_route,mega_or_stock_route,pullback_repair,next_day_close_entry_fixed_5td_exit,unadjusted_close,unadjusted_close,116.5,117.5,133.0,117.5,133.0,0.13191489361702136,True,,official_unadjusted_ohlcv_twse_stock_day,official_unadjusted_ohlcv_twse_stock_day,TWSE_STOCK_DAY,TWSE_STOCK_DAY,False,unadjusted_ohlcv; adjusted_close_blocked_not_fabricated,True,False,False,False,False,False,False,False,True,False,1000000,8510.0,999925.0,1131830.0,1425.0,5008.0,6433.0,0.12530284116442802,applied_local_ep05_cost_model_to_unadjusted_ohlc_unit_notional,1368
2023-10-20,2023-10-20,2023-10-27,6139,亞翔,TWSE,market_bias_pool_trend_route,regime_switch_hybrid_route,mega_or_stock_route,pullback_repair,same_week_close_to_next_rebalance_close_comparator,unadjusted_close,unadjusted_close,114.5,116.0,132.0,116.0,132.0,0.13793103448275867,True,,official_unadjusted_ohlcv_twse_stock_day,official_unadjusted_ohlcv_twse_stock_day,TWSE_STOCK_DAY,TWSE_STOCK_DAY,False,unadjusted_ohlcv; adjusted_close_blocked_not_fabricated,True,False,False,False,False,False,False,False,True,False,1000000,8620.0,999920.0,1137840.0,1425.0,5035.0,6460.0,0.13128342379499572,applied_local_ep05_cost_model_to_unadjusted_ohlc_unit_notional,1368
2023-10-20,2023-10-23,2023-10-30,6139,亞翔,TWSE,market_bias_pool_trend_route,regime_switch_hybrid_route,mega_or_stock_route,pullback_repair,next_day_open_entry_fixed_5td_exit,unadjusted_open,unadjusted_close,116.5,117.5,133.0,116.5,133.0,0.14163090128755362,True,,official_unadjusted_ohlcv_twse_stock_day,official_unadjusted_ohlcv_twse_stock_day,TWSE_STOCK_DAY,TWSE_STOCK_DAY,False,unadjusted_ohlcv; adjusted_close_blocked_not_fabricated,True,False,False,False,False,False,False,False,True,False,1000000,8583.0,999919.5,1141539.0,1425.0,5052.0,6477.0,0.13496104487516533,applied_local_ep05_cost_model_to_unadjusted_ohlc_unit_notional,1368
2023-10-20,2023-10-23,2023-10-30,4961,天鈺,TWSE,pool_breadth_route,regime_switch_hybrid_route,mega_or_stock_route,low_risk_strength,next_day_close_entry_fixed_5td_exit,unadjusted_close,unadjusted_close,265.0,256.0,269.5,256.0,269.5,0.052734375,True,,official_unadjusted_ohlcv_twse_stock_day,official_unadjusted_ohlcv_twse_stock_day,TWSE_STOCK_DAY,TWSE_STOCK_DAY,False,unadjusted_ohlcv; adjusted_close_blocked_not_fabricated,True,False,False,False,False,False,False,False,True,False,1000000,3906.0,999936.0,1052667.0,1425.0,4658.0,6083.0,0.04658459836162982,applied_local_ep05_cost_model_to_unadjusted_ohlc_unit_notional,1368
2023-10-20,2023-10-20,2023-10-27,4961,天鈺,TWSE,pool_breadth_route,regime_switch_hybrid_route,mega_or_stock_route,low_risk_strength,same_week_close_to_next_rebalance_close_comparator,unadjusted_close,unadjusted_close,263.0,266.5,258.0,266.5,258.0,-0.031894934333958735,True,,official_unadjusted_ohlcv_twse_stock_day,official_unadjusted_ohlcv_twse_stock_day,TWSE_STOCK_DAY,TWSE_STOCK_DAY,False,unadjusted_ohlcv; adjusted_close_blocked_not_fabricated,True,False,False,False,False,False,False,False,True,False,1000000,3752.0,999908.0,968016.0,1425.0,4283.0,5708.0,-0.03754994592208586,applied_local_ep05_cost_model_to_unadjusted_ohlc_unit_notional,1368
2023-10-20,2023-10-23,2023-10-30,4961,天鈺,TWSE,pool_breadth_route,regime_switch_hybrid_route,mega_or_stock_route,low_risk_strength,next_day_open_entry_fixed_5td_exit,unadjusted_open,unadjusted_close,265.0,256.0,269.5,265.0,269.5,0.016981132075471805,True,,official_unadjusted_ohlcv_twse_stock_day,official_unadjusted_ohlcv_twse_stock_day,TWSE_STOCK_DAY,TWSE_STOCK_DAY,False,unadjusted_ohlcv; adjusted_close_blocked_not_fabricated,True,False,False,False,False,False,False,False,True,False,1000000,3773.0,999845.0,1016823.5,1425.0,4499.0,5924.0,0.011040478592187921,applied_local_ep05_cost_model_to_unadjusted_ohlc_unit_notional,1368
2023-10-27,2023-10-30,2023-11-06,4162,智擎,TPEx,dynamic80_top1_rs20_31_bonus_proxy,legacy_rs20_operating_mode,mega_rs20,dynamic80_top1_rs20_31_bonus_proxy,next_day_close_entry_fixed_5td_exit,unadjusted_close,unadjusted_close,120.0,116.0,115.5,116.0,115.5,-0.004310344827586188,True,,official_unadjusted_ohlcv_tpex_trading_stock,official_unadjusted_ohlcv_tpex_trading_stock,TPEX_TRADING_STOCK,TPEX_TRADING_STOCK,False,unadjusted_ohlcv; adjusted_close_blocked_not_fabricated,True,False,False,False,False,False,False,False,True,False,1000000,8620.0,999920.0,995610.0,1425.0,4406.0,5831.0,-0.010127378675681208,applied_local_ep05_cost_model_to_unadjusted_ohlc_unit_notional,1368
2023-10-27,2023-10-27,2023-11-03,4162,智擎,TPEx,dynamic80_top1_rs20_31_bonus_proxy,legacy_rs20_operating_mode,mega_rs20,dynamic80_top1_rs20_31_bonus_proxy,same_week_close_to_next_rebalance_close_comparator,unadjusted_close,unadjusted_close,108.5,118.0,112.0,118.0,112.0,-0.05084745762711862,True,,official_unadjusted_ohlcv_tpex_trading_stock,official_unadjusted_ohlcv_tpex_trading_stock,TPEX_TRADING_STOCK,TPEX_TRADING_STOCK,False,unadjusted_ohlcv; adjusted_close_blocked_not_fabricated,True,False,False,False,False,False,False,False,True,False,1000000,8474.0,999932.0,949088.0,1425.0,4199.0,5624.0,-0.0563914767660285,applied_local_ep05_cost_model_to_unadjusted_ohlc_unit_notional,1368
2023-10-27,2023-10-30,2023-11-06,4162,智擎,TPEx,dynamic80_top1_rs20_31_bonus_proxy,legacy_rs20_operating_mode,mega_rs20,dynamic80_top1_rs20_31_bonus_proxy,next_day_open_entry_fixed_5td_exit,unadjusted_open,unadjusted_close,120.0,116.0,115.5,120.0,115.5,-0.03749999999999998,True,,official_unadjusted_ohlcv_tpex_trading_stock,official_unadjusted_ohlcv_tpex_trading_stock,TPEX_TRADING_STOCK,TPEX_TRADING_STOCK,False,unadjusted_ohlcv; adjusted_close_blocked_not_fabricated,True,False,False,False,False,False,False,False,True,False,1000000,8333.0,999960.0,962461.5,1425.0,4259.0,5684.0,-0.04312277495668499,applied_local_ep05_cost_model_to_unadjusted_ohlc_unit_notional,1368
2023-10-27,2023-10-30,2023-11-06,4162,智擎,TPEx,dynamic80_top1_rs20_7core_context_proxy,legacy_rs20_operating_mode,mega_rs20,dynamic80_top1_rs20_7core_context_proxy,next_day_close_entry_fixed_5td_exit,unadjusted_close,unadjusted_close,120.0,116.0,115.5,116.0,115.5,-0.004310344827586188,True,,official_unadjusted_ohlcv_tpex_trading_stock,official_unadjusted_ohlcv_tpex_trading_stock,TPEX_TRADING_STOCK,TPEX_TRADING_STOCK,False,unadjusted_ohlcv; adjusted_close_blocked_not_fabricated,True,False,False,False,False,False,False,False,True,False,1000000,8620.0,999920.0,995610.0,1425.0,4406.0,5831.0,-0.010127378675681208,applied_local_ep05_cost_model_to_unadjusted_ohlc_unit_notional,1368
2023-10-27,2023-10-27,2023-11-03,4162,智擎,TPEx,dynamic80_top1_rs20_7core_context_proxy,legacy_rs20_operating_mode,mega_rs20,dynamic80_top1_rs20_7core_context_proxy,same_week_close_to_next_rebalance_close_comparator,unadjusted_close,unadjusted_close,108.5,118.0,112.0,118.0,112.0,-0.05084745762711862,True,,official_unadjusted_ohlcv_tpex_trading_stock,official_unadjusted_ohlcv_tpex_trading_stock,TPEX_TRADING_STOCK,TPEX_TRADING_STOCK,False,unadjusted_ohlcv; adjusted_close_blocked_not_fabricated,True,False,False,False,False,False,False,False,True,False,1000000,8474.0,999932.0,949088.0,1425.0,4199.0,5624.0,-0.0563914767660285,applied_local_ep05_cost_model_to_unadjusted_ohlc_unit_notional,1368
2023-10-27,2023-10-30,2023-11-06,4162,智擎,TPEx,dynamic80_top1_rs20_7core_context_proxy,legacy_rs20_operating_mode,mega_rs20,dynamic80_top1_rs20_7core_context_proxy,next_day_open_entry_fixed_5td_exit,unadjusted_open,unadjusted_close,120.0,116.0,115.5,120.0,115.5,-0.03749999999999998,True,,official_unadjusted_ohlcv_tpex_trading_stock,official_unadjusted_ohlcv_tpex_trading_stock,TPEX_TRADING_STOCK,TPEX_TRADING_STOCK,False,unadjusted_ohlcv; adjusted_close_blocked_not_fabricated,True,False,False,False,False,False,False,False,True,False,1000000,8333.0,999960.0,962461.5,1425.0,4259.0,5684.0,-0.04312277495668499,applied_local_ep05_cost_model_to_unadjusted_ohlc_unit_notional,1368
2023-10-27,2023-10-30,2023-11-06,4162,智擎,TPEx,dynamic80_top1_rs20_proxy,legacy_rs20_operating_mode,mega_rs20,dynamic80_top1_rs20_proxy,next_day_close_entry_fixed_5td_exit,unadjusted_close,unadjusted_close,120.0,116.0,115.5,116.0,115.5,-0.004310344827586188,True,,official_unadjusted_ohlcv_tpex_trading_stock,official_unadjusted_ohlcv_tpex_trading_stock,TPEX_TRADING_STOCK,TPEX_TRADING_STOCK,False,unadjusted_ohlcv; adjusted_close_blocked_not_fabricated,True,False,False,False,False,False,False,False,True,False,1000000,8620.0,999920.0,995610.0,1425.0,4406.0,5831.0,-0.010127378675681208,applied_local_ep05_cost_model_to_unadjusted_ohlc_unit_notional,1368
2023-10-27,2023-10-27,2023-11-03,4162,智擎,TPEx,dynamic80_top1_rs20_proxy,legacy_rs20_operating_mode,mega_rs20,dynamic80_top1_rs20_proxy,same_week_close_to_next_rebalance_close_comparator,unadjusted_close,unadjusted_close,108.5,118.0,112.0,118.0,112.0,-0.05084745762711862,True,,official_unadjusted_ohlcv_tpex_trading_stock,official_unadjusted_ohlcv_tpex_trading_stock,TPEX_TRADING_STOCK,TPEX_TRADING_STOCK,False,unadjusted_ohlcv; adjusted_close_blocked_not_fabricated,True,False,False,False,False,False,False,False,True,False,1000000,8474.0,999932.0,949088.0,1425.0,4199.0,5624.0,-0.0563914767660285,applied_local_ep05_cost_model_to_unadjusted_ohlc_unit_notional,1368
2023-10-27,2023-10-30,2023-11-06,4162,智擎,TPEx,dynamic80_top1_rs20_proxy,legacy_rs20_operating_mode,mega_rs20,dynamic80_top1_rs20_proxy,next_day_open_entry_fixed_5td_exit,unadjusted_open,unadjusted_close,120.0,116.0,115.5,120.0,115.5,-0.03749999999999998,True,,official_unadjusted_ohlcv_tpex_trading_stock,official_unadjusted_ohlcv_tpex_trading_stock,TPEX_TRADING_STOCK,TPEX_TRADING_STOCK,False,unadjusted_ohlcv; adjusted_close_blocked_not_fabricated,True,False,False,False,False,False,False,False,True,False,1000000,8333.0,999960.0,962461.5,1425.0,4259.0,5684.0,-0.04312277495668499,applied_local_ep05_cost_model_to_unadjusted_ohlc_unit_notional,1368
2023-10-27,2023-10-30,2023-11-06,4162,智擎,TPEx,dynamic80_top3_rs20_risk_tiebreak_proxy,legacy_rs20_operating_mode,mega_rs20,dynamic80_top3_rs20_risk_tiebreak_proxy,next_day_close_entry_fixed_5td_exit,unadjusted_close,unadjusted_close,120.0,116.0,115.5,116.0,115.5,-0.004310344827586188,True,,official_unadjusted_ohlcv_tpex_trading_stock,official_unadjusted_ohlcv_tpex_trading_stock,TPEX_TRADING_STOCK,TPEX_TRADING_STOCK,False,unadjusted_ohlcv; adjusted_close_blocked_not_fabricated,True,False,False,False,False,False,False,False,True,False,1000000,8620.0,999920.0,995610.0,1425.0,4406.0,5831.0,-0.010127378675681208,applied_local_ep05_cost_model_to_unadjusted_ohlc_unit_notional,1368
2023-10-27,2023-10-27,2023-11-03,4162,智擎,TPEx,dynamic80_top3_rs20_risk_tiebreak_proxy,legacy_rs20_operating_mode,mega_rs20,dynamic80_top3_rs20_risk_tiebreak_proxy,same_week_close_to_next_rebalance_close_comparator,unadjusted_close,unadjusted_close,108.5,118.0,112.0,118.0,112.0,-0.05084745762711862,True,,official_unadjusted_ohlcv_tpex_trading_stock,official_unadjusted_ohlcv_tpex_trading_stock,TPEX_TRADING_STOCK,TPEX_TRADING_STOCK,False,unadjusted_ohlcv; adjusted_close_blocked_not_fabricated,True,False,False,False,False,False,False,False,True,False,1000000,8474.0,999932.0,949088.0,1425.0,4199.0,5624.0,-0.0563914767660285,applied_local_ep05_cost_model_to_unadjusted_ohlc_unit_notional,1368
2023-10-27,2023-10-30,2023-11-06,4162,智擎,TPEx,dynamic80_top3_rs20_risk_tiebreak_proxy,legacy_rs20_operating_mode,mega_rs20,dynamic80_top3_rs20_risk_tiebreak_proxy,next_day_open_entry_fixed_5td_exit,unadjusted_open,unadjusted_close,120.0,116.0,115.5,120.0,115.5,-0.03749999999999998,True,,official_unadjusted_ohlcv_tpex_trading_stock,official_unadjusted_ohlcv_tpex_trading_stock,TPEX_TRADING_STOCK,TPEX_TRADING_STOCK,False,unadjusted_ohlcv; adjusted_close_blocked_not_fabricated,True,False,False,False,False,False,False,False,True,False,1000000,8333.0,999960.0,962461.5,1425.0,4259.0,5684.0,-0.04312277495668499,applied_local_ep05_cost_model_to_unadjusted_ohlc_unit_notional,1368
2023-10-27,2023-10-30,2023-11-06,6139,亞翔,TWSE,conservative_hurdle_route,regime_switch_hybrid_route,ordinary_defensive_00631L_base,rs20_top3_risk_tiebreak,next_day_close_entry_fixed_5td_exit,unadjusted_close,unadjusted_close,130.0,133.0,133.5,133.0,133.5,0.003759398496240518,True,,official_unadjusted_ohlcv_twse_stock_day,official_unadjusted_ohlcv_twse_stock_day,TWSE_STOCK_DAY,TWSE_STOCK_DAY,False,unadjusted_ohlcv; adjusted_close_blocked_not_fabricated,True,False,False,False,False,False,False,False,True,False,1000000,7518.0,999894.0,1003653.0,1425.0,4441.0,5866.0,-0.002104224527847769,applied_local_ep05_cost_model_to_unadjusted_ohlc_unit_notional,1368
2023-10-27,2023-10-27,2023-11-03,6139,亞翔,TWSE,conservative_hurdle_route,regime_switch_hybrid_route,ordinary_defensive_00631L_base,rs20_top3_risk_tiebreak,same_week_close_to_next_rebalance_close_comparator,unadjusted_close,unadjusted_close,134.5,132.0,137.5,132.0,137.5,0.04166666666666674,True,,official_unadjusted_ohlcv_twse_stock_day,official_unadjusted_ohlcv_twse_stock_day,TWSE_STOCK_DAY,TWSE_STOCK_DAY,False,unadjusted_ohlcv; adjusted_close_blocked_not_fabricated,True,False,False,False,False,False,False,False,True,False,1000000,7575.0,999900.0,1041562.5,1425.0,4609.0,6034.0,0.035581354705015854,applied_local_ep05_cost_model_to_unadjusted_ohlc_unit_notional,1368
2023-10-27,2023-10-30,2023-11-06,6139,亞翔,TWSE,conservative_hurdle_route,regime_switch_hybrid_route,ordinary_defensive_00631L_base,rs20_top3_risk_tiebreak,next_day_open_entry_fixed_5td_exit,unadjusted_open,unadjusted_close,130.0,133.0,133.5,130.0,133.5,0.026923076923076827,True,,official_unadjusted_ohlcv_twse_stock_day,official_unadjusted_ohlcv_twse_stock_day,TWSE_STOCK_DAY,TWSE_STOCK_DAY,False,unadjusted_ohlcv; adjusted_close_blocked_not_fabricated,True,False,False,False,False,False,False,False,True,False,1000000,7692.0,999960.0,1026882.0,1425.0,4544.0,5969.0,0.02092402023197871,applied_local_ep05_cost_model_to_unadjusted_ohlc_unit_notional,1368
2023-10-27,2023-10-30,2023-11-06,6139,亞翔,TWSE,dispersion_route,regime_switch_hybrid_route,dispersion,rs20_top3_risk_tiebreak,next_day_close_entry_fixed_5td_exit,unadjusted_close,unadjusted_close,130.0,133.0,133.5,133.0,133.5,0.003759398496240518,True,,official_unadjusted_ohlcv_twse_stock_day,official_unadjusted_ohlcv_twse_stock_day,TWSE_STOCK_DAY,TWSE_STOCK_DAY,False,unadjusted_ohlcv; adjusted_close_blocked_not_fabricated,True,False,False,False,False,False,False,False,True,False,1000000,7518.0,999894.0,1003653.0,1425.0,4441.0,5866.0,-0.002104224527847769,applied_local_ep05_cost_model_to_unadjusted_ohlc_unit_notional,1368
2023-10-27,2023-10-27,2023-11-03,6139,亞翔,TWSE,dispersion_route,regime_switch_hybrid_route,dispersion,rs20_top3_risk_tiebreak,same_week_close_to_next_rebalance_close_comparator,unadjusted_close,unadjusted_close,134.5,132.0,137.5,132.0,137.5,0.04166666666666674,True,,official_unadjusted_ohlcv_twse_stock_day,official_unadjusted_ohlcv_twse_stock_day,TWSE_STOCK_DAY,TWSE_STOCK_DAY,False,unadjusted_ohlcv; adjusted_close_blocked_not_fabricated,True,False,False,False,False,False,False,False,True,False,1000000,7575.0,999900.0,1041562.5,1425.0,4609.0,6034.0,0.035581354705015854,applied_local_ep05_cost_model_to_unadjusted_ohlc_unit_notional,1368
2023-10-27,2023-10-30,2023-11-06,6139,亞翔,TWSE,dispersion_route,regime_switch_hybrid_route,dispersion,rs20_top3_risk_tiebreak,next_day_open_entry_fixed_5td_exit,unadjusted_open,unadjusted_close,130.0,133.0,133.5,130.0,133.5,0.026923076923076827,True,,official_unadjusted_ohlcv_twse_stock_day,official_unadjusted_ohlcv_twse_stock_day,TWSE_STOCK_DAY,TWSE_STOCK_DAY,False,unadjusted_ohlcv; adjusted_close_blocked_not_fabricated,True,False,False,False,False,False,False,False,True,False,1000000,7692.0,999960.0,1026882.0,1425.0,4544.0,5969.0,0.02092402023197871,applied_local_ep05_cost_model_to_unadjusted_ohlc_unit_notional,1368
2023-10-27,2023-10-30,2023-11-06,6139,亞翔,TWSE,hybrid_pullback_base_mega_override,regime_switch_hybrid_route,hybrid,rs20_top3_risk_tiebreak,next_day_close_entry_fixed_5td_exit,unadjusted_close,unadjusted_close,130.0,133.0,133.5,133.0,133.5,0.003759398496240518,True,,official_unadjusted_ohlcv_twse_stock_day,official_unadjusted_ohlcv_twse_stock_day,TWSE_STOCK_DAY,TWSE_STOCK_DAY,False,unadjusted_ohlcv; adjusted_close_blocked_not_fabricated,True,False,False,False,False,False,False,False,True,False,1000000,7518.0,999894.0,1003653.0,1425.0,4441.0,5866.0,-0.002104224527847769,applied_local_ep05_cost_model_to_unadjusted_ohlc_unit_notional,1368
2023-10-27,2023-10-27,2023-11-03,6139,亞翔,TWSE,hybrid_pullback_base_mega_override,regime_switch_hybrid_route,hybrid,rs20_top3_risk_tiebreak,same_week_close_to_next_rebalance_close_comparator,unadjusted_close,unadjusted_close,134.5,132.0,137.5,132.0,137.5,0.04166666666666674,True,,official_unadjusted_ohlcv_twse_stock_day,official_unadjusted_ohlcv_twse_stock_day,TWSE_STOCK_DAY,TWSE_STOCK_DAY,False,unadjusted_ohlcv; adjusted_close_blocked_not_fabricated,True,False,False,False,False,False,False,False,True,False,1000000,7575.0,999900.0,1041562.5,1425.0,4609.0,6034.0,0.035581354705015854,applied_local_ep05_cost_model_to_unadjusted_ohlc_unit_notional,1368
2023-10-27,2023-10-30,2023-11-06,6139,亞翔,TWSE,hybrid_pullback_base_mega_override,regime_switch_hybrid_route,hybrid,rs20_top3_risk_tiebreak,next_day_open_entry_fixed_5td_exit,unadjusted_open,unadjusted_close,130.0,133.0,133.5,130.0,133.5,0.026923076923076827,True,,official_unadjusted_ohlcv_twse_stock_day,official_unadjusted_ohlcv_twse_stock_day,TWSE_STOCK_DAY,TWSE_STOCK_DAY,False,unadjusted_ohlcv; adjusted_close_blocked_not_fabricated,True,False,False,False,False,False,False,False,True,False,1000000,7692.0,999960.0,1026882.0,1425.0,4544.0,5969.0,0.02092402023197871,applied_local_ep05_cost_model_to_unadjusted_ohlc_unit_notional,1368
2023-10-27,2023-10-30,2023-11-06,4162,智擎,TPEx,market_bias_pool_trend_route,regime_switch_hybrid_route,mega_or_stock_route,stable_strength,next_day_close_entry_fixed_5td_exit,unadjusted_close,unadjusted_close,120.0,116.0,115.5,116.0,115.5,-0.004310344827586188,True,,official_unadjusted_ohlcv_tpex_trading_stock,official_unadjusted_ohlcv_tpex_trading_stock,TPEX_TRADING_STOCK,TPEX_TRADING_STOCK,False,unadjusted_ohlcv; adjusted_close_blocked_not_fabricated,True,False,False,False,False,False,False,False,True,False,1000000,8620.0,999920.0,995610.0,1425.0,4406.0,5831.0,-0.010127378675681208,applied_local_ep05_cost_model_to_unadjusted_ohlc_unit_notional,1368
2023-10-27,2023-10-27,2023-11-03,4162,智擎,TPEx,market_bias_pool_trend_route,regime_switch_hybrid_route,mega_or_stock_route,stable_strength,same_week_close_to_next_rebalance_close_comparator,unadjusted_close,unadjusted_close,108.5,118.0,112.0,118.0,112.0,-0.05084745762711862,True,,official_unadjusted_ohlcv_tpex_trading_stock,official_unadjusted_ohlcv_tpex_trading_stock,TPEX_TRADING_STOCK,TPEX_TRADING_STOCK,False,unadjusted_ohlcv; adjusted_close_blocked_not_fabricated,True,False,False,False,False,False,False,False,True,False,1000000,8474.0,999932.0,949088.0,1425.0,4199.0,5624.0,-0.0563914767660285,applied_local_ep05_cost_model_to_unadjusted_ohlc_unit_notional,1368
2023-10-27,2023-10-30,2023-11-06,4162,智擎,TPEx,market_bias_pool_trend_route,regime_switch_hybrid_route,mega_or_stock_route,stable_strength,next_day_open_entry_fixed_5td_exit,unadjusted_open,unadjusted_close,120.0,116.0,115.5,120.0,115.5,-0.03749999999999998,True,,official_unadjusted_ohlcv_tpex_trading_stock,official_unadjusted_ohlcv_tpex_trading_stock,TPEX_TRADING_STOCK,TPEX_TRADING_STOCK,False,unadjusted_ohlcv; adjusted_close_blocked_not_fabricated,True,False,False,False,False,False,False,False,True,False,1000000,8333.0,999960.0,962461.5,1425.0,4259.0,5684.0,-0.04312277495668499,applied_local_ep05_cost_model_to_unadjusted_ohlc_unit_notional,1368
2023-10-27,2023-10-30,2023-11-06,4162,智擎,TPEx,pool_breadth_route,regime_switch_hybrid_route,mega_or_stock_route,stable_strength,next_day_close_entry_fixed_5td_exit,unadjusted_close,unadjusted_close,120.0,116.0,115.5,116.0,115.5,-0.004310344827586188,True,,official_unadjusted_ohlcv_tpex_trading_stock,official_unadjusted_ohlcv_tpex_trading_stock,TPEX_TRADING_STOCK,TPEX_TRADING_STOCK,False,unadjusted_ohlcv; adjusted_close_blocked_not_fabricated,True,False,False,False,False,False,False,False,True,False,1000000,8620.0,999920.0,995610.0,1425.0,4406.0,5831.0,-0.010127378675681208,applied_local_ep05_cost_model_to_unadjusted_ohlc_unit_notional,1368
2023-10-27,2023-10-27,2023-11-03,4162,智擎,TPEx,pool_breadth_route,regime_switch_hybrid_route,mega_or_stock_route,stable_strength,same_week_close_to_next_rebalance_close_comparator,unadjusted_close,unadjusted_close,108.5,118.0,112.0,118.0,112.0,-0.05084745762711862,True,,official_unadjusted_ohlcv_tpex_trading_stock,official_unadjusted_ohlcv_tpex_trading_stock,TPEX_TRADING_STOCK,TPEX_TRADING_STOCK,False,unadjusted_ohlcv; adjusted_close_blocked_not_fabricated,True,False,False,False,False,False,False,False,True,False,1000000,8474.0,999932.0,949088.0,1425.0,4199.0,5624.0,-0.0563914767660285,applied_local_ep05_cost_model_to_unadjusted_ohlc_unit_notional,1368
2023-10-27,2023-10-30,2023-11-06,4162,智擎,TPEx,pool_breadth_route,regime_switch_hybrid_route,mega_or_stock_route,stable_strength,next_day_open_entry_fixed_5td_exit,unadjusted_open,unadjusted_close,120.0,116.0,115.5,120.0,115.5,-0.03749999999999998,True,,official_unadjusted_ohlcv_tpex_trading_stock,official_unadjusted_ohlcv_tpex_trading_stock,TPEX_TRADING_STOCK,TPEX_TRADING_STOCK,False,unadjusted_ohlcv; adjusted_close_blocked_not_fabricated,True,False,False,False,False,False,False,False,True,False,1000000,8333.0,999960.0,962461.5,1425.0,4259.0,5684.0,-0.04312277495668499,applied_local_ep05_cost_model_to_unadjusted_ohlc_unit_notional,1368
2023-11-03,2023-11-06,2023-11-13,2363,矽統,TWSE,dynamic80_top1_rs20_31_bonus_proxy,legacy_rs20_operating_mode,mega_rs20,dynamic80_top1_rs20_31_bonus_proxy,next_day_close_entry_fixed_5td_exit,unadjusted_close,unadjusted_close,52.3,53.7,45.4,53.7,45.4,-0.15456238361266306,True,,official_unadjusted_ohlcv_twse_stock_day,official_unadjusted_ohlcv_twse_stock_day,TWSE_STOCK_DAY,TWSE_STOCK_DAY,False,unadjusted_ohlcv; adjusted_close_blocked_not_fabricated,True,False,False,False,False,False,False,False,True,False,1000000,18621.0,999947.7000000001,845393.4,1425.0,3741.0,5166.0,-0.1595013524934323,applied_local_ep05_cost_model_to_unadjusted_ohlc_unit_notional,1368
2023-11-03,2023-11-03,2023-11-10,2363,矽統,TWSE,dynamic80_top1_rs20_31_bonus_proxy,legacy_rs20_operating_mode,mega_rs20,dynamic80_top1_rs20_31_bonus_proxy,same_week_close_to_next_rebalance_close_comparator,unadjusted_close,unadjusted_close,59.5,52.3,45.1,52.3,45.1,-0.13766730401529625,True,,official_unadjusted_ohlcv_twse_stock_day,official_unadjusted_ohlcv_twse_stock_day,TWSE_STOCK_DAY,TWSE_STOCK_DAY,False,unadjusted_ohlcv; adjusted_close_blocked_not_fabricated,True,False,False,False,False,False,False,False,True,False,1000000,19120.0,999976.0,862312.0,1425.0,3816.0,5241.0,-0.1427050701966545,applied_local_ep05_cost_model_to_unadjusted_ohlc_unit_notional,1368
2023-11-03,2023-11-06,2023-11-13,2363,矽統,TWSE,dynamic80_top1_rs20_31_bonus_proxy,legacy_rs20_operating_mode,mega_rs20,dynamic80_top1_rs20_31_bonus_proxy,next_day_open_entry_fixed_5td_exit,unadjusted_open,unadjusted_close,52.3,53.7,45.4,52.3,45.4,-0.1319311663479923,True,,official_unadjusted_ohlcv_twse_stock_day,official_unadjusted_ohlcv_twse_stock_day,TWSE_STOCK_DAY,TWSE_STOCK_DAY,False,unadjusted_ohlcv; adjusted_close_blocked_not_fabricated,True,False,False,False,False,False,False,False,True,False,1000000,19120.0,999976.0,868048.0,1425.0,3841.0,5266.0,-0.1370020601137806,applied_local_ep05_cost_model_to_unadjusted_ohlc_unit_notional,1368
2023-11-03,2023-11-06,2023-11-13,2363,矽統,TWSE,dynamic80_top1_rs20_7core_context_proxy,legacy_rs20_operating_mode,mega_rs20,dynamic80_top1_rs20_7core_context_proxy,next_day_close_entry_fixed_5td_exit,unadjusted_close,unadjusted_close,52.3,53.7,45.4,53.7,45.4,-0.15456238361266306,True,,official_unadjusted_ohlcv_twse_stock_day,official_unadjusted_ohlcv_twse_stock_day,TWSE_STOCK_DAY,TWSE_STOCK_DAY,False,unadjusted_ohlcv; adjusted_close_blocked_not_fabricated,True,False,False,False,False,False,False,False,True,False,1000000,18621.0,999947.7000000001,845393.4,1425.0,3741.0,5166.0,-0.1595013524934323,applied_local_ep05_cost_model_to_unadjusted_ohlc_unit_notional,1368
2023-11-03,2023-11-03,2023-11-10,2363,矽統,TWSE,dynamic80_top1_rs20_7core_context_proxy,legacy_rs20_operating_mode,mega_rs20,dynamic80_top1_rs20_7core_context_proxy,same_week_close_to_next_rebalance_close_comparator,unadjusted_close,unadjusted_close,59.5,52.3,45.1,52.3,45.1,-0.13766730401529625,True,,official_unadjusted_ohlcv_twse_stock_day,official_unadjusted_ohlcv_twse_stock_day,TWSE_STOCK_DAY,TWSE_STOCK_DAY,False,unadjusted_ohlcv; adjusted_close_blocked_not_fabricated,True,False,False,False,False,False,False,False,True,False,1000000,19120.0,999976.0,862312.0,1425.0,3816.0,5241.0,-0.1427050701966545,applied_local_ep05_cost_model_to_unadjusted_ohlc_unit_notional,1368
2023-11-03,2023-11-06,2023-11-13,2363,矽統,TWSE,dynamic80_top1_rs20_7core_context_proxy,legacy_rs20_operating_mode,mega_rs20,dynamic80_top1_rs20_7core_context_proxy,next_day_open_entry_fixed_5td_exit,unadjusted_open,unadjusted_close,52.3,53.7,45.4,52.3,45.4,-0.1319311663479923,True,,official_unadjusted_ohlcv_twse_stock_day,official_unadjusted_ohlcv_twse_stock_day,TWSE_STOCK_DAY,TWSE_STOCK_DAY,False,unadjusted_ohlcv; adjusted_close_blocked_not_fabricated,True,False,False,False,False,False,False,False,True,False,1000000,19120.0,999976.0,868048.0,1425.0,3841.0,5266.0,-0.1370020601137806,applied_local_ep05_cost_model_to_unadjusted_ohlc_unit_notional,1368
2023-11-03,2023-11-06,2023-11-13,2363,矽統,TWSE,dynamic80_top1_rs20_proxy,legacy_rs20_operating_mode,mega_rs20,dynamic80_top1_rs20_proxy,next_day_close_entry_fixed_5td_exit,unadjusted_close,unadjusted_close,52.3,53.7,45.4,53.7,45.4,-0.15456238361266306,True,,official_unadjusted_ohlcv_twse_stock_day,official_unadjusted_ohlcv_twse_stock_day,TWSE_STOCK_DAY,TWSE_STOCK_DAY,False,unadjusted_ohlcv; adjusted_close_blocked_not_fabricated,True,False,False,False,False,False,False,False,True,False,1000000,18621.0,999947.7000000001,845393.4,1425.0,3741.0,5166.0,-0.1595013524934323,applied_local_ep05_cost_model_to_unadjusted_ohlc_unit_notional,1368
2023-11-03,2023-11-03,2023-11-10,2363,矽統,TWSE,dynamic80_top1_rs20_proxy,legacy_rs20_operating_mode,mega_rs20,dynamic80_top1_rs20_proxy,same_week_close_to_next_rebalance_close_comparator,unadjusted_close,unadjusted_close,59.5,52.3,45.1,52.3,45.1,-0.13766730401529625,True,,official_unadjusted_ohlcv_twse_stock_day,official_unadjusted_ohlcv_twse_stock_day,TWSE_STOCK_DAY,TWSE_STOCK_DAY,False,unadjusted_ohlcv; adjusted_close_blocked_not_fabricated,True,False,False,False,False,False,False,False,True,False,1000000,19120.0,999976.0,862312.0,1425.0,3816.0,5241.0,-0.1427050701966545,applied_local_ep05_cost_model_to_unadjusted_ohlc_unit_notional,1368
2023-11-03,2023-11-06,2023-11-13,2363,矽統,TWSE,dynamic80_top1_rs20_proxy,legacy_rs20_operating_mode,mega_rs20,dynamic80_top1_rs20_proxy,next_day_open_entry_fixed_5td_exit,unadjusted_open,unadjusted_close,52.3,53.7,45.4,52.3,45.4,-0.1319311663479923,True,,official_unadjusted_ohlcv_twse_stock_day,official_unadjusted_ohlcv_twse_stock_day,TWSE_STOCK_DAY,TWSE_STOCK_DAY,False,unadjusted_ohlcv; adjusted_close_blocked_not_fabricated,True,False,False,False,False,False,False,False,True,False,1000000,19120.0,999976.0,868048.0,1425.0,3841.0,5266.0,-0.1370020601137806,applied_local_ep05_cost_model_to_unadjusted_ohlc_unit_notional,1368
2023-11-03,2023-11-06,2023-11-13,2363,矽統,TWSE,dynamic80_top3_rs20_risk_tiebreak_proxy,legacy_rs20_operating_mode,mega_rs20,dynamic80_top3_rs20_risk_tiebreak_proxy,next_day_close_entry_fixed_5td_exit,unadjusted_close,unadjusted_close,52.3,53.7,45.4,53.7,45.4,-0.15456238361266306,True,,official_unadjusted_ohlcv_twse_stock_day,official_unadjusted_ohlcv_twse_stock_day,TWSE_STOCK_DAY,TWSE_STOCK_DAY,False,unadjusted_ohlcv; adjusted_close_blocked_not_fabricated,True,False,False,False,False,False,False,False,True,False,1000000,18621.0,999947.7000000001,845393.4,1425.0,3741.0,5166.0,-0.1595013524934323,applied_local_ep05_cost_model_to_unadjusted_ohlc_unit_notional,1368
2023-11-03,2023-11-03,2023-11-10,2363,矽統,TWSE,dynamic80_top3_rs20_risk_tiebreak_proxy,legacy_rs20_operating_mode,mega_rs20,dynamic80_top3_rs20_risk_tiebreak_proxy,same_week_close_to_next_rebalance_close_comparator,unadjusted_close,unadjusted_close,59.5,52.3,45.1,52.3,45.1,-0.13766730401529625,True,,official_unadjusted_ohlcv_twse_stock_day,official_unadjusted_ohlcv_twse_stock_day,TWSE_STOCK_DAY,TWSE_STOCK_DAY,False,unadjusted_ohlcv; adjusted_close_blocked_not_fabricated,True,False,False,False,False,False,False,False,True,False,1000000,19120.0,999976.0,862312.0,1425.0,3816.0,5241.0,-0.1427050701966545,applied_local_ep05_cost_model_to_unadjusted_ohlc_unit_notional,1368
2023-11-03,2023-11-06,2023-11-13,2363,矽統,TWSE,dynamic80_top3_rs20_risk_tiebreak_proxy,legacy_rs20_operating_mode,mega_rs20,dynamic80_top3_rs20_risk_tiebreak_proxy,next_day_open_entry_fixed_5td_exit,unadjusted_open,unadjusted_close,52.3,53.7,45.4,52.3,45.4,-0.1319311663479923,True,,official_unadjusted_ohlcv_twse_stock_day,official_unadjusted_ohlcv_twse_stock_day,TWSE_STOCK_DAY,TWSE_STOCK_DAY,False,unadjusted_ohlcv; adjusted_close_blocked_not_fabricated,True,False,False,False,False,False,False,False,True,False,1000000,19120.0,999976.0,868048.0,1425.0,3841.0,5266.0,-0.1370020601137806,applied_local_ep05_cost_model_to_unadjusted_ohlc_unit_notional,1368
2023-11-03,2023-11-06,2023-11-13,6197,佳必琪,TWSE,conservative_hurdle_route,regime_switch_hybrid_route,ordinary_defensive_00631L_base,rs20_top3_risk_tiebreak,next_day_close_entry_fixed_5td_exit,unadjusted_close,unadjusted_close,91.7,94.0,86.1,94.0,86.1,-0.08404255319148946,True,,official_unadjusted_ohlcv_twse_stock_day,official_unadjusted_ohlcv_twse_stock_day,TWSE_STOCK_DAY,TWSE_STOCK_DAY,False,unadjusted_ohlcv; adjusted_close_blocked_not_fabricated,True,False,False,False,False,False,False,False,True,False,1000000,10638.0,999972.0,915931.7999999999,1425.0,4053.0,5478.0,-0.08939331753540311,applied_local_ep05_cost_model_to_unadjusted_ohlc_unit_notional,1368
2023-11-03,2023-11-03,2023-11-10,6197,佳必琪,TWSE,conservative_hurdle_route,regime_switch_hybrid_route,ordinary_defensive_00631L_base,rs20_top3_risk_tiebreak,same_week_close_to_next_rebalance_close_comparator,unadjusted_close,unadjusted_close,88.6,90.9,87.2,90.9,87.2,-0.040704070407040716,True,,official_unadjusted_ohlcv_twse_stock_day,official_unadjusted_ohlcv_twse_stock_day,TWSE_STOCK_DAY,TWSE_STOCK_DAY,False,unadjusted_ohlcv; adjusted_close_blocked_not_fabricated,True,False,False,False,False,False,False,False,True,False,1000000,11001.0,999990.9,959287.2000000001,1425.0,4245.0,5670.0,-0.0463081323154545,applied_local_ep05_cost_model_to_unadjusted_ohlc_unit_notional,1368
2023-11-03,2023-11-06,2023-11-13,6197,佳必琪,TWSE,conservative_hurdle_route,regime_switch_hybrid_route,ordinary_defensive_00631L_base,rs20_top3_risk_tiebreak,next_day_open_entry_fixed_5td_exit,unadjusted_open,unadjusted_close,91.7,94.0,86.1,91.7,86.1,-0.06106870229007644,True,,official_unadjusted_ohlcv_twse_stock_day,official_unadjusted_ohlcv_twse_stock_day,TWSE_STOCK_DAY,TWSE_STOCK_DAY,False,unadjusted_ohlcv; adjusted_close_blocked_not_fabricated,True,False,False,False,False,False,False,False,True,False,1000000,10905.0,999988.5,938920.4999999999,1425.0,4155.0,5580.0,-0.06655392602556298,applied_local_ep05_cost_model_to_unadjusted_ohlc_unit_notional,1368
2023-11-03,2023-11-06,2023-11-13,6197,佳必琪,TWSE,dispersion_route,regime_switch_hybrid_route,dispersion,rs20_top3_risk_tiebreak,next_day_close_entry_fixed_5td_exit,unadjusted_close,unadjusted_close,91.7,94.0,86.1,94.0,86.1,-0.08404255319148946,True,,official_unadjusted_ohlcv_twse_stock_day,official_unadjusted_ohlcv_twse_stock_day,TWSE_STOCK_DAY,TWSE_STOCK_DAY,False,unadjusted_ohlcv; adjusted_close_blocked_not_fabricated,True,False,False,False,False,False,False,False,True,False,1000000,10638.0,999972.0,915931.7999999999,1425.0,4053.0,5478.0,-0.08939331753540311,applied_local_ep05_cost_model_to_unadjusted_ohlc_unit_notional,1368
2023-11-03,2023-11-03,2023-11-10,6197,佳必琪,TWSE,dispersion_route,regime_switch_hybrid_route,dispersion,rs20_top3_risk_tiebreak,same_week_close_to_next_rebalance_close_comparator,unadjusted_close,unadjusted_close,88.6,90.9,87.2,90.9,87.2,-0.040704070407040716,True,,official_unadjusted_ohlcv_twse_stock_day,official_unadjusted_ohlcv_twse_stock_day,TWSE_STOCK_DAY,TWSE_STOCK_DAY,False,unadjusted_ohlcv; adjusted_close_blocked_not_fabricated,True,False,False,False,False,False,False,False,True,False,1000000,11001.0,999990.9,959287.2000000001,1425.0,4245.0,5670.0,-0.0463081323154545,applied_local_ep05_cost_model_to_unadjusted_ohlc_unit_notional,1368
2023-11-03,2023-11-06,2023-11-13,6197,佳必琪,TWSE,dispersion_route,regime_switch_hybrid_route,dispersion,rs20_top3_risk_tiebreak,next_day_open_entry_fixed_5td_exit,unadjusted_open,unadjusted_close,91.7,94.0,86.1,91.7,86.1,-0.06106870229007644,True,,official_unadjusted_ohlcv_twse_stock_day,official_unadjusted_ohlcv_twse_stock_day,TWSE_STOCK_DAY,TWSE_STOCK_DAY,False,unadjusted_ohlcv; adjusted_close_blocked_not_fabricated,True,False,False,False,False,False,False,False,True,False,1000000,10905.0,999988.5,938920.4999999999,1425.0,4155.0,5580.0,-0.06655392602556298,applied_local_ep05_cost_model_to_unadjusted_ohlc_unit_notional,1368
2023-11-03,2023-11-06,2023-11-13,6197,佳必琪,TWSE,hybrid_pullback_base_mega_override,regime_switch_hybrid_route,hybrid,rs20_top3_risk_tiebreak,next_day_close_entry_fixed_5td_exit,unadjusted_close,unadjusted_close,91.7,94.0,86.1,94.0,86.1,-0.08404255319148946,True,,official_unadjusted_ohlcv_twse_stock_day,official_unadjusted_ohlcv_twse_stock_day,TWSE_STOCK_DAY,TWSE_STOCK_DAY,False,unadjusted_ohlcv; adjusted_close_blocked_not_fabricated,True,False,False,False,False,False,False,False,True,False,1000000,10638.0,999972.0,915931.7999999999,1425.0,4053.0,5478.0,-0.08939331753540311,applied_local_ep05_cost_model_to_unadjusted_ohlc_unit_notional,1368
2023-11-03,2023-11-03,2023-11-10,6197,佳必琪,TWSE,hybrid_pullback_base_mega_override,regime_switch_hybrid_route,hybrid,rs20_top3_risk_tiebreak,same_week_close_to_next_rebalance_close_comparator,unadjusted_close,unadjusted_close,88.6,90.9,87.2,90.9,87.2,-0.040704070407040716,True,,official_unadjusted_ohlcv_twse_stock_day,official_unadjusted_ohlcv_twse_stock_day,TWSE_STOCK_DAY,TWSE_STOCK_DAY,False,unadjusted_ohlcv; adjusted_close_blocked_not_fabricated,True,False,False,False,False,False,False,False,True,False,1000000,11001.0,999990.9,959287.2000000001,1425.0,4245.0,5670.0,-0.0463081323154545,applied_local_ep05_cost_model_to_unadjusted_ohlc_unit_notional,1368
2023-11-03,2023-11-06,2023-11-13,6197,佳必琪,TWSE,hybrid_pullback_base_mega_override,regime_switch_hybrid_route,hybrid,rs20_top3_risk_tiebreak,next_day_open_entry_fixed_5td_exit,unadjusted_open,unadjusted_close,91.7,94.0,86.1,91.7,86.1,-0.06106870229007644,True,,official_unadjusted_ohlcv_twse_stock_day,official_unadjusted_ohlcv_twse_stock_day,TWSE_STOCK_DAY,TWSE_STOCK_DAY,False,unadjusted_ohlcv; adjusted_close_blocked_not_fabricated,True,False,False,False,False,False,False,False,True,False,1000000,10905.0,999988.5,938920.4999999999,1425.0,4155.0,5580.0,-0.06655392602556298,applied_local_ep05_cost_model_to_unadjusted_ohlc_unit_notional,1368
2023-11-03,2023-11-06,2023-11-13,2363,矽統,TWSE,market_bias_pool_trend_route,regime_switch_hybrid_route,mega_or_stock_route,stable_strength,next_day_close_entry_fixed_5td_exit,unadjusted_close,unadjusted_close,52.3,53.7,45.4,53.7,45.4,-0.15456238361266306,True,,official_unadjusted_ohlcv_twse_stock_day,official_unadjusted_ohlcv_twse_stock_day,TWSE_STOCK_DAY,TWSE_STOCK_DAY,False,unadjusted_ohlcv; adjusted_close_blocked_not_fabricated,True,False,False,False,False,False,False,False,True,False,1000000,18621.0,999947.7000000001,845393.4,1425.0,3741.0,5166.0,-0.1595013524934323,applied_local_ep05_cost_model_to_unadjusted_ohlc_unit_notional,1368
2023-11-03,2023-11-03,2023-11-10,2363,矽統,TWSE,market_bias_pool_trend_route,regime_switch_hybrid_route,mega_or_stock_route,stable_strength,same_week_close_to_next_rebalance_close_comparator,unadjusted_close,unadjusted_close,59.5,52.3,45.1,52.3,45.1,-0.13766730401529625,True,,official_unadjusted_ohlcv_twse_stock_day,official_unadjusted_ohlcv_twse_stock_day,TWSE_STOCK_DAY,TWSE_STOCK_DAY,False,unadjusted_ohlcv; adjusted_close_blocked_not_fabricated,True,False,False,False,False,False,False,False,True,False,1000000,19120.0,999976.0,862312.0,1425.0,3816.0,5241.0,-0.1427050701966545,applied_local_ep05_cost_model_to_unadjusted_ohlc_unit_notional,1368
2023-11-03,2023-11-06,2023-11-13,2363,矽統,TWSE,market_bias_pool_trend_route,regime_switch_hybrid_route,mega_or_stock_route,stable_strength,next_day_open_entry_fixed_5td_exit,unadjusted_open,unadjusted_close,52.3,53.7,45.4,52.3,45.4,-0.1319311663479923,True,,official_unadjusted_ohlcv_twse_stock_day,official_unadjusted_ohlcv_twse_stock_day,TWSE_STOCK_DAY,TWSE_STOCK_DAY,False,unadjusted_ohlcv; adjusted_close_blocked_not_fabricated,True,False,False,False,False,False,False,False,True,False,1000000,19120.0,999976.0,868048.0,1425.0,3841.0,5266.0,-0.1370020601137806,applied_local_ep05_cost_model_to_unadjusted_ohlc_unit_notional,1368
2023-11-03,2023-11-06,2023-11-13,2363,矽統,TWSE,pool_breadth_route,regime_switch_hybrid_route,mega_or_stock_route,stable_strength,next_day_close_entry_fixed_5td_exit,unadjusted_close,unadjusted_close,52.3,53.7,45.4,53.7,45.4,-0.15456238361266306,True,,official_unadjusted_ohlcv_twse_stock_day,official_unadjusted_ohlcv_twse_stock_day,TWSE_STOCK_DAY,TWSE_STOCK_DAY,False,unadjusted_ohlcv; adjusted_close_blocked_not_fabricated,True,False,False,False,False,False,False,False,True,False,1000000,18621.0,999947.7000000001,845393.4,1425.0,3741.0,5166.0,-0.1595013524934323,applied_local_ep05_cost_model_to_unadjusted_ohlc_unit_notional,1368
2023-11-03,2023-11-03,2023-11-10,2363,矽統,TWSE,pool_breadth_route,regime_switch_hybrid_route,mega_or_stock_route,stable_strength,same_week_close_to_next_rebalance_close_comparator,unadjusted_close,unadjusted_close,59.5,52.3,45.1,52.3,45.1,-0.13766730401529625,True,,official_unadjusted_ohlcv_twse_stock_day,official_unadjusted_ohlcv_twse_stock_day,TWSE_STOCK_DAY,TWSE_STOCK_DAY,False,unadjusted_ohlcv; adjusted_close_blocked_not_fabricated,True,False,False,False,False,False,False,False,True,False,1000000,19120.0,999976.0,862312.0,1425.0,3816.0,5241.0,-0.1427050701966545,applied_local_ep05_cost_model_to_unadjusted_ohlc_unit_notional,1368
2023-11-03,2023-11-06,2023-11-13,2363,矽統,TWSE,pool_breadth_route,regime_switch_hybrid_route,mega_or_stock_route,stable_strength,next_day_open_entry_fixed_5td_exit,unadjusted_open,unadjusted_close,52.3,53.7,45.4,52.3,45.4,-0.1319311663479923,True,,official_unadjusted_ohlcv_twse_stock_day,official_unadjusted_ohlcv_twse_stock_day,TWSE_STOCK_DAY,TWSE_STOCK_DAY,False,unadjusted_ohlcv; adjusted_close_blocked_not_fabricated,True,False,False,False,False,False,False,False,True,False,1000000,19120.0,999976.0,868048.0,1425.0,3841.0,5266.0,-0.1370020601137806,applied_local_ep05_cost_model_to_unadjusted_ohlc_unit_notional,1368
2023-11-10,2023-11-13,2023-11-20,2816,旺旺保,TWSE,dynamic80_top1_rs20_31_bonus_proxy,legacy_rs20_operating_mode,mega_rs20,dynamic80_top1_rs20_31_bonus_proxy,next_day_close_entry_fixed_5td_exit,unadjusted_close,unadjusted_close,36.55,36.35,36.35,36.35,36.35,0.0,True,,official_unadjusted_ohlcv_twse_stock_day,official_unadjusted_ohlcv_twse_stock_day,TWSE_STOCK_DAY,TWSE_STOCK_DAY,False,unadjusted_ohlcv; adjusted_close_blocked_not_fabricated,True,False,False,False,False,False,False,False,True,False,1000000,27510.0,999988.5,999988.5,1425.0,4425.0,5850.0,-0.005841742696698217,applied_local_ep05_cost_model_to_unadjusted_ohlc_unit_notional,1368
2023-11-10,2023-11-10,2023-11-17,2816,旺旺保,TWSE,dynamic80_top1_rs20_31_bonus_proxy,legacy_rs20_operating_mode,mega_rs20,dynamic80_top1_rs20_31_bonus_proxy,same_week_close_to_next_rebalance_close_comparator,unadjusted_close,unadjusted_close,37.4,36.25,37.2,36.25,37.2,0.026206896551724146,True,,official_unadjusted_ohlcv_twse_stock_day,official_unadjusted_ohlcv_twse_stock_day,TWSE_STOCK_DAY,TWSE_STOCK_DAY,False,unadjusted_ohlcv; adjusted_close_blocked_not_fabricated,True,False,False,False,False,False,False,False,True,False,1000000,27586.0,999992.5,1026199.2000000001,1425.0,4541.0,5966.0,0.020212049419947295,applied_local_ep05_cost_model_to_unadjusted_ohlc_unit_notional,1368
2023-11-10,2023-11-13,2023-11-20,2816,旺旺保,TWSE,dynamic80_top1_rs20_31_bonus_proxy,legacy_rs20_operating_mode,mega_rs20,dynamic80_top1_rs20_31_bonus_proxy,next_day_open_entry_fixed_5td_exit,unadjusted_open,unadjusted_close,36.55,36.35,36.35,36.55,36.35,-0.005471956224350039,True,,official_unadjusted_ohlcv_twse_stock_day,official_unadjusted_ohlcv_twse_stock_day,TWSE_STOCK_DAY,TWSE_STOCK_DAY,False,unadjusted_ohlcv; adjusted_close_blocked_not_fabricated,True,False,False,False,False,False,False,False,True,False,1000000,27359.0,999971.45,994499.65,1425.0,4400.0,5825.0,-0.0112810465824998,applied_local_ep05_cost_model_to_unadjusted_ohlc_unit_notional,1368
2023-11-10,2023-11-13,2023-11-20,2816,旺旺保,TWSE,dynamic80_top1_rs20_7core_context_proxy,legacy_rs20_operating_mode,mega_rs20,dynamic80_top1_rs20_7core_context_proxy,next_day_close_entry_fixed_5td_exit,unadjusted_close,unadjusted_close,36.55,36.35,36.35,36.35,36.35,0.0,True,,official_unadjusted_ohlcv_twse_stock_day,official_unadjusted_ohlcv_twse_stock_day,TWSE_STOCK_DAY,TWSE_STOCK_DAY,False,unadjusted_ohlcv; adjusted_close_blocked_not_fabricated,True,False,False,False,False,False,False,False,True,False,1000000,27510.0,999988.5,999988.5,1425.0,4425.0,5850.0,-0.005841742696698217,applied_local_ep05_cost_model_to_unadjusted_ohlc_unit_notional,1368
2023-11-10,2023-11-10,2023-11-17,2816,旺旺保,TWSE,dynamic80_top1_rs20_7core_context_proxy,legacy_rs20_operating_mode,mega_rs20,dynamic80_top1_rs20_7core_context_proxy,same_week_close_to_next_rebalance_close_comparator,unadjusted_close,unadjusted_close,37.4,36.25,37.2,36.25,37.2,0.026206896551724146,True,,official_unadjusted_ohlcv_twse_stock_day,official_unadjusted_ohlcv_twse_stock_day,TWSE_STOCK_DAY,TWSE_STOCK_DAY,False,unadjusted_ohlcv; adjusted_close_blocked_not_fabricated,True,False,False,False,False,False,False,False,True,False,1000000,27586.0,999992.5,1026199.2000000001,1425.0,4541.0,5966.0,0.020212049419947295,applied_local_ep05_cost_model_to_unadjusted_ohlc_unit_notional,1368
2023-11-10,2023-11-13,2023-11-20,2816,旺旺保,TWSE,dynamic80_top1_rs20_7core_context_proxy,legacy_rs20_operating_mode,mega_rs20,dynamic80_top1_rs20_7core_context_proxy,next_day_open_entry_fixed_5td_exit,unadjusted_open,unadjusted_close,36.55,36.35,36.35,36.55,36.35,-0.005471956224350039,True,,official_unadjusted_ohlcv_twse_stock_day,official_unadjusted_ohlcv_twse_stock_day,TWSE_STOCK_DAY,TWSE_STOCK_DAY,False,unadjusted_ohlcv; adjusted_close_blocked_not_fabricated,True,False,False,False,False,False,False,False,True,False,1000000,27359.0,999971.45,994499.65,1425.0,4400.0,5825.0,-0.0112810465824998,applied_local_ep05_cost_model_to_unadjusted_ohlc_unit_notional,1368
2023-11-10,2023-11-13,2023-11-20,2816,旺旺保,TWSE,dynamic80_top1_rs20_proxy,legacy_rs20_operating_mode,mega_rs20,dynamic80_top1_rs20_proxy,next_day_close_entry_fixed_5td_exit,unadjusted_close,unadjusted_close,36.55,36.35,36.35,36.35,36.35,0.0,True,,official_unadjusted_ohlcv_twse_stock_day,official_unadjusted_ohlcv_twse_stock_day,TWSE_STOCK_DAY,TWSE_STOCK_DAY,False,unadjusted_ohlcv; adjusted_close_blocked_not_fabricated,True,False,False,False,False,False,False,False,True,False,1000000,27510.0,999988.5,999988.5,1425.0,4425.0,5850.0,-0.005841742696698217,applied_local_ep05_cost_model_to_unadjusted_ohlc_unit_notional,1368
2023-11-10,2023-11-10,2023-11-17,2816,旺旺保,TWSE,dynamic80_top1_rs20_proxy,legacy_rs20_operating_mode,mega_rs20,dynamic80_top1_rs20_proxy,same_week_close_to_next_rebalance_close_comparator,unadjusted_close,unadjusted_close,37.4,36.25,37.2,36.25,37.2,0.026206896551724146,True,,official_unadjusted_ohlcv_twse_stock_day,official_unadjusted_ohlcv_twse_stock_day,TWSE_STOCK_DAY,TWSE_STOCK_DAY,False,unadjusted_ohlcv; adjusted_close_blocked_not_fabricated,True,False,False,False,False,False,False,False,True,False,1000000,27586.0,999992.5,1026199.2000000001,1425.0,4541.0,5966.0,0.020212049419947295,applied_local_ep05_cost_model_to_unadjusted_ohlc_unit_notional,1368
2023-11-10,2023-11-13,2023-11-20,2816,旺旺保,TWSE,dynamic80_top1_rs20_proxy,legacy_rs20_operating_mode,mega_rs20,dynamic80_top1_rs20_proxy,next_day_open_entry_fixed_5td_exit,unadjusted_open,unadjusted_close,36.55,36.35,36.35,36.55,36.35,-0.005471956224350039,True,,official_unadjusted_ohlcv_twse_stock_day,official_unadjusted_ohlcv_twse_stock_day,TWSE_STOCK_DAY,TWSE_STOCK_DAY,False,unadjusted_ohlcv; adjusted_close_blocked_not_fabricated,True,False,False,False,False,False,False,False,True,False,1000000,27359.0,999971.45,994499.65,1425.0,4400.0,5825.0,-0.0112810465824998,applied_local_ep05_cost_model_to_unadjusted_ohlc_unit_notional,1368
2023-11-10,2023-11-13,2023-11-20,2816,旺旺保,TWSE,dynamic80_top3_rs20_risk_tiebreak_proxy,legacy_rs20_operating_mode,mega_rs20,dynamic80_top3_rs20_risk_tiebreak_proxy,next_day_close_entry_fixed_5td_exit,unadjusted_close,unadjusted_close,36.55,36.35,36.35,36.35,36.35,0.0,True,,official_unadjusted_ohlcv_twse_stock_day,official_unadjusted_ohlcv_twse_stock_day,TWSE_STOCK_DAY,TWSE_STOCK_DAY,False,unadjusted_ohlcv; adjusted_close_blocked_not_fabricated,True,False,False,False,False,False,False,False,True,False,1000000,27510.0,999988.5,999988.5,1425.0,4425.0,5850.0,-0.005841742696698217,applied_local_ep05_cost_model_to_unadjusted_ohlc_unit_notional,1368
2023-11-10,2023-11-10,2023-11-17,2816,旺旺保,TWSE,dynamic80_top3_rs20_risk_tiebreak_proxy,legacy_rs20_operating_mode,mega_rs20,dynamic80_top3_rs20_risk_tiebreak_proxy,same_week_close_to_next_rebalance_close_comparator,unadjusted_close,unadjusted_close,37.4,36.25,37.2,36.25,37.2,0.026206896551724146,True,,official_unadjusted_ohlcv_twse_stock_day,official_unadjusted_ohlcv_twse_stock_day,TWSE_STOCK_DAY,TWSE_STOCK_DAY,False,unadjusted_ohlcv; adjusted_close_blocked_not_fabricated,True,False,False,False,False,False,False,False,True,False,1000000,27586.0,999992.5,1026199.2000000001,1425.0,4541.0,5966.0,0.020212049419947295,applied_local_ep05_cost_model_to_unadjusted_ohlc_unit_notional,1368
2023-11-10,2023-11-13,2023-11-20,2816,旺旺保,TWSE,dynamic80_top3_rs20_risk_tiebreak_proxy,legacy_rs20_operating_mode,mega_rs20,dynamic80_top3_rs20_risk_tiebreak_proxy,next_day_open_entry_fixed_5td_exit,unadjusted_open,unadjusted_close,36.55,36.35,36.35,36.55,36.35,-0.005471956224350039,True,,official_unadjusted_ohlcv_twse_stock_day,official_unadjusted_ohlcv_twse_stock_day,TWSE_STOCK_DAY,TWSE_STOCK_DAY,False,unadjusted_ohlcv; adjusted_close_blocked_not_fabricated,True,False,False,False,False,False,False,False,True,False,1000000,27359.0,999971.45,994499.65,1425.0,4400.0,5825.0,-0.0112810465824998,applied_local_ep05_cost_model_to_unadjusted_ohlc_unit_notional,1368
2023-11-10,2023-11-13,2023-11-20,2816,旺旺保,TWSE,conservative_hurdle_route,regime_switch_hybrid_route,ordinary_defensive_00631L_base,rs20_top3_risk_tiebreak,next_day_close_entry_fixed_5td_exit,unadjusted_close,unadjusted_close,36.55,36.35,36.35,36.35,36.35,0.0,True,,official_unadjusted_ohlcv_twse_stock_day,official_unadjusted_ohlcv_twse_stock_day,TWSE_STOCK_DAY,TWSE_STOCK_DAY,False,unadjusted_ohlcv; adjusted_close_blocked_not_fabricated,True,False,False,False,False,False,False,False,True,False,1000000,27510.0,999988.5,999988.5,1425.0,4425.0,5850.0,-0.005841742696698217,applied_local_ep05_cost_model_to_unadjusted_ohlc_unit_notional,1368
2023-11-10,2023-11-10,2023-11-17,2816,旺旺保,TWSE,conservative_hurdle_route,regime_switch_hybrid_route,ordinary_defensive_00631L_base,rs20_top3_risk_tiebreak,same_week_close_to_next_rebalance_close_comparator,unadjusted_close,unadjusted_close,37.4,36.25,37.2,36.25,37.2,0.026206896551724146,True,,official_unadjusted_ohlcv_twse_stock_day,official_unadjusted_ohlcv_twse_stock_day,TWSE_STOCK_DAY,TWSE_STOCK_DAY,False,unadjusted_ohlcv; adjusted_close_blocked_not_fabricated,True,False,False,False,False,False,False,False,True,False,1000000,27586.0,999992.5,1026199.2000000001,1425.0,4541.0,5966.0,0.020212049419947295,applied_local_ep05_cost_model_to_unadjusted_ohlc_unit_notional,1368
2023-11-10,2023-11-13,2023-11-20,2816,旺旺保,TWSE,conservative_hurdle_route,regime_switch_hybrid_route,ordinary_defensive_00631L_base,rs20_top3_risk_tiebreak,next_day_open_entry_fixed_5td_exit,unadjusted_open,unadjusted_close,36.55,36.35,36.35,36.55,36.35,-0.005471956224350039,True,,official_unadjusted_ohlcv_twse_stock_day,official_unadjusted_ohlcv_twse_stock_day,TWSE_STOCK_DAY,TWSE_STOCK_DAY,False,unadjusted_ohlcv; adjusted_close_blocked_not_fabricated,True,False,False,False,False,False,False,False,True,False,1000000,27359.0,999971.45,994499.65,1425.0,4400.0,5825.0,-0.0112810465824998,applied_local_ep05_cost_model_to_unadjusted_ohlc_unit_notional,1368
2023-11-10,2023-11-13,2023-11-20,2816,旺旺保,TWSE,dispersion_route,regime_switch_hybrid_route,dispersion,rs20_top3_risk_tiebreak,next_day_close_entry_fixed_5td_exit,unadjusted_close,unadjusted_close,36.55,36.35,36.35,36.35,36.35,0.0,True,,official_unadjusted_ohlcv_twse_stock_day,official_unadjusted_ohlcv_twse_stock_day,TWSE_STOCK_DAY,TWSE_STOCK_DAY,False,unadjusted_ohlcv; adjusted_close_blocked_not_fabricated,True,False,False,False,False,False,False,False,True,False,1000000,27510.0,999988.5,999988.5,1425.0,4425.0,5850.0,-0.005841742696698217,applied_local_ep05_cost_model_to_unadjusted_ohlc_unit_notional,1368
2023-11-10,2023-11-10,2023-11-17,2816,旺旺保,TWSE,dispersion_route,regime_switch_hybrid_route,dispersion,rs20_top3_risk_tiebreak,same_week_close_to_next_rebalance_close_comparator,unadjusted_close,unadjusted_close,37.4,36.25,37.2,36.25,37.2,0.026206896551724146,True,,official_unadjusted_ohlcv_twse_stock_day,official_unadjusted_ohlcv_twse_stock_day,TWSE_STOCK_DAY,TWSE_STOCK_DAY,False,unadjusted_ohlcv; adjusted_close_blocked_not_fabricated,True,False,False,False,False,False,False,False,True,False,1000000,27586.0,999992.5,1026199.2000000001,1425.0,4541.0,5966.0,0.020212049419947295,applied_local_ep05_cost_model_to_unadjusted_ohlc_unit_notional,1368
2023-11-10,2023-11-13,2023-11-20,2816,旺旺保,TWSE,dispersion_route,regime_switch_hybrid_route,dispersion,rs20_top3_risk_tiebreak,next_day_open_entry_fixed_5td_exit,unadjusted_open,unadjusted_close,36.55,36.35,36.35,36.55,36.35,-0.005471956224350039,True,,official_unadjusted_ohlcv_twse_stock_day,official_unadjusted_ohlcv_twse_stock_day,TWSE_STOCK_DAY,TWSE_STOCK_DAY,False,unadjusted_ohlcv; adjusted_close_blocked_not_fabricated,True,False,False,False,False,False,False,False,True,False,1000000,27359.0,999971.45,994499.65,1425.0,4400.0,5825.0,-0.0112810465824998,applied_local_ep05_cost_model_to_unadjusted_ohlc_unit_notional,1368
2023-11-10,2023-11-13,2023-11-20,2816,旺旺保,TWSE,hybrid_pullback_base_mega_override,regime_switch_hybrid_route,hybrid,rs20_top3_risk_tiebreak,next_day_close_entry_fixed_5td_exit,unadjusted_close,unadjusted_close,36.55,36.35,36.35,36.35,36.35,0.0,True,,official_unadjusted_ohlcv_twse_stock_day,official_unadjusted_ohlcv_twse_stock_day,TWSE_STOCK_DAY,TWSE_STOCK_DAY,False,unadjusted_ohlcv; adjusted_close_blocked_not_fabricated,True,False,False,False,False,False,False,False,True,False,1000000,27510.0,999988.5,999988.5,1425.0,4425.0,5850.0,-0.005841742696698217,applied_local_ep05_cost_model_to_unadjusted_ohlc_unit_notional,1368
2023-11-10,2023-11-10,2023-11-17,2816,旺旺保,TWSE,hybrid_pullback_base_mega_override,regime_switch_hybrid_route,hybrid,rs20_top3_risk_tiebreak,same_week_close_to_next_rebalance_close_comparator,unadjusted_close,unadjusted_close,37.4,36.25,37.2,36.25,37.2,0.026206896551724146,True,,official_unadjusted_ohlcv_twse_stock_day,official_unadjusted_ohlcv_twse_stock_day,TWSE_STOCK_DAY,TWSE_STOCK_DAY,False,unadjusted_ohlcv; adjusted_close_blocked_not_fabricated,True,False,False,False,False,False,False,False,True,False,1000000,27586.0,999992.5,1026199.2000000001,1425.0,4541.0,5966.0,0.020212049419947295,applied_local_ep05_cost_model_to_unadjusted_ohlc_unit_notional,1368
2023-11-10,2023-11-13,2023-11-20,2816,旺旺保,TWSE,hybrid_pullback_base_mega_override,regime_switch_hybrid_route,hybrid,rs20_top3_risk_tiebreak,next_day_open_entry_fixed_5td_exit,unadjusted_open,unadjusted_close,36.55,36.35,36.35,36.55,36.35,-0.005471956224350039,True,,official_unadjusted_ohlcv_twse_stock_day,official_unadjusted_ohlcv_twse_stock_day,TWSE_STOCK_DAY,TWSE_STOCK_DAY,False,unadjusted_ohlcv; adjusted_close_blocked_not_fabricated,True,False,False,False,False,False,False,False,True,False,1000000,27359.0,999971.45,994499.65,1425.0,4400.0,5825.0,-0.0112810465824998,applied_local_ep05_cost_model_to_unadjusted_ohlc_unit_notional,1368
2023-11-10,2023-11-13,2023-11-20,3036,文曄,TWSE,market_bias_pool_trend_route,regime_switch_hybrid_route,mega_or_stock_route,stable_strength,next_day_close_entry_fixed_5td_exit,unadjusted_close,unadjusted_close,130.0,125.0,116.5,125.0,116.5,-0.06799999999999995,True,,official_unadjusted_ohlcv_twse_stock_day,official_unadjusted_ohlcv_twse_stock_day,TWSE_STOCK_DAY,TWSE_STOCK_DAY,False,unadjusted_ohlcv; adjusted_close_blocked_not_fabricated,True,False,False,False,False,False,False,False,True,False,1000000,8000.0,1000000.0,932000.0,1425.0,4124.0,5549.0,-0.07344434181291659,applied_local_ep05_cost_model_to_unadjusted_ohlc_unit_notional,1368
2023-11-10,2023-11-10,2023-11-17,3036,文曄,TWSE,market_bias_pool_trend_route,regime_switch_hybrid_route,mega_or_stock_route,stable_strength,same_week_close_to_next_rebalance_close_comparator,unadjusted_close,unadjusted_close,142.0,138.5,114.0,138.5,114.0,-0.17689530685920574,True,,official_unadjusted_ohlcv_twse_stock_day,official_unadjusted_ohlcv_twse_stock_day,TWSE_STOCK_DAY,TWSE_STOCK_DAY,False,unadjusted_ohlcv; adjusted_close_blocked_not_fabricated,True,False,False,False,False,False,False,False,True,False,1000000,7220.0,999970.0,823080.0,1425.0,3642.0,5067.0,-0.18170352358459949,applied_local_ep05_cost_model_to_unadjusted_ohlc_unit_notional,1368
2023-11-10,2023-11-13,2023-11-20,3036,文曄,TWSE,market_bias_pool_trend_route,regime_switch_hybrid_route,mega_or_stock_route,stable_strength,next_day_open_entry_fixed_5td_exit,unadjusted_open,unadjusted_close,130.0,125.0,116.5,130.0,116.5,-0.10384615384615381,True,,official_unadjusted_ohlcv_twse_stock_day,official_unadjusted_ohlcv_twse_stock_day,TWSE_STOCK_DAY,TWSE_STOCK_DAY,False,unadjusted_ohlcv; adjusted_close_blocked_not_fabricated,True,False,False,False,False,False,False,False,True,False,1000000,7692.0,999960.0,896118.0,1425.0,3965.0,5390.0,-0.10908092292175336,applied_local_ep05_cost_model_to_unadjusted_ohlc_unit_notional,1368
2023-11-10,2023-11-13,2023-11-20,3036,文曄,TWSE,pool_breadth_route,regime_switch_hybrid_route,mega_or_stock_route,stable_strength,next_day_close_entry_fixed_5td_exit,unadjusted_close,unadjusted_close,130.0,125.0,116.5,125.0,116.5,-0.06799999999999995,True,,official_unadjusted_ohlcv_twse_stock_day,official_unadjusted_ohlcv_twse_stock_day,TWSE_STOCK_DAY,TWSE_STOCK_DAY,False,unadjusted_ohlcv; adjusted_close_blocked_not_fabricated,True,False,False,False,False,False,False,False,True,False,1000000,8000.0,1000000.0,932000.0,1425.0,4124.0,5549.0,-0.07344434181291659,applied_local_ep05_cost_model_to_unadjusted_ohlc_unit_notional,1368
2023-11-10,2023-11-10,2023-11-17,3036,文曄,TWSE,pool_breadth_route,regime_switch_hybrid_route,mega_or_stock_route,stable_strength,same_week_close_to_next_rebalance_close_comparator,unadjusted_close,unadjusted_close,142.0,138.5,114.0,138.5,114.0,-0.17689530685920574,True,,official_unadjusted_ohlcv_twse_stock_day,official_unadjusted_ohlcv_twse_stock_day,TWSE_STOCK_DAY,TWSE_STOCK_DAY,False,unadjusted_ohlcv; adjusted_close_blocked_not_fabricated,True,False,False,False,False,False,False,False,True,False,1000000,7220.0,999970.0,823080.0,1425.0,3642.0,5067.0,-0.18170352358459949,applied_local_ep05_cost_model_to_unadjusted_ohlc_unit_notional,1368
2023-11-10,2023-11-13,2023-11-20,3036,文曄,TWSE,pool_breadth_route,regime_switch_hybrid_route,mega_or_stock_route,stable_strength,next_day_open_entry_fixed_5td_exit,unadjusted_open,unadjusted_close,130.0,125.0,116.5,130.0,116.5,-0.10384615384615381,True,,official_unadjusted_ohlcv_twse_stock_day,official_unadjusted_ohlcv_twse_stock_day,TWSE_STOCK_DAY,TWSE_STOCK_DAY,False,unadjusted_ohlcv; adjusted_close_blocked_not_fabricated,True,False,False,False,False,False,False,False,True,False,1000000,7692.0,999960.0,896118.0,1425.0,3965.0,5390.0,-0.10908092292175336,applied_local_ep05_cost_model_to_unadjusted_ohlc_unit_notional,1368
2023-11-17,2023-11-20,2023-11-27,6593,台灣銘板,TPEx,dynamic80_top1_rs20_31_bonus_proxy,legacy_rs20_operating_mode,mega_rs20,dynamic80_top1_rs20_31_bonus_proxy,next_day_close_entry_fixed_5td_exit,unadjusted_close,unadjusted_close,135.0,142.0,138.0,142.0,138.0,-0.028169014084507005,True,,official_unadjusted_ohlcv_tpex_trading_stock,official_unadjusted_ohlcv_tpex_trading_stock,TPEX_TRADING_STOCK,TPEX_TRADING_STOCK,False,unadjusted_ohlcv; adjusted_close_blocked_not_fabricated,True,False,False,False,False,False,False,False,True,False,1000000,7042.0,999964.0,971796.0,1425.0,4300.0,5725.0,-0.03384598792277527,applied_local_ep05_cost_model_to_unadjusted_ohlc_unit_notional,1368
2023-11-17,2023-11-17,2023-11-24,6593,台灣銘板,TPEx,dynamic80_top1_rs20_31_bonus_proxy,legacy_rs20_operating_mode,mega_rs20,dynamic80_top1_rs20_31_bonus_proxy,same_week_close_to_next_rebalance_close_comparator,unadjusted_close,unadjusted_close,132.5,135.0,142.0,135.0,142.0,0.051851851851851816,True,,official_unadjusted_ohlcv_tpex_trading_stock,official_unadjusted_ohlcv_tpex_trading_stock,TPEX_TRADING_STOCK,TPEX_TRADING_STOCK,False,unadjusted_ohlcv; adjusted_close_blocked_not_fabricated,True,False,False,False,False,False,False,False,True,False,1000000,7407.0,999945.0,1051794.0,1425.0,4654.0,6079.0,0.045707380888183186,applied_local_ep05_cost_model_to_unadjusted_ohlc_unit_notional,1368
2023-11-17,2023-11-20,2023-11-27,6593,台灣銘板,TPEx,dynamic80_top1_rs20_31_bonus_proxy,legacy_rs20_operating_mode,mega_rs20,dynamic80_top1_rs20_31_bonus_proxy,next_day_open_entry_fixed_5td_exit,unadjusted_open,unadjusted_close,135.0,142.0,138.0,135.0,138.0,0.022222222222222143,True,,official_unadjusted_ohlcv_tpex_trading_stock,official_unadjusted_ohlcv_tpex_trading_stock,TPEX_TRADING_STOCK,TPEX_TRADING_STOCK,False,unadjusted_ohlcv; adjusted_close_blocked_not_fabricated,True,False,False,False,False,False,False,False,True,False,1000000,7407.0,999945.0,1022166.0,1425.0,4523.0,5948.0,0.01625073649100732,applied_local_ep05_cost_model_to_unadjusted_ohlc_unit_notional,1368
2023-11-17,2023-11-20,2023-11-27,6593,台灣銘板,TPEx,dynamic80_top1_rs20_7core_context_proxy,legacy_rs20_operating_mode,mega_rs20,dynamic80_top1_rs20_7core_context_proxy,next_day_close_entry_fixed_5td_exit,unadjusted_close,unadjusted_close,135.0,142.0,138.0,142.0,138.0,-0.028169014084507005,True,,official_unadjusted_ohlcv_tpex_trading_stock,official_unadjusted_ohlcv_tpex_trading_stock,TPEX_TRADING_STOCK,TPEX_TRADING_STOCK,False,unadjusted_ohlcv; adjusted_close_blocked_not_fabricated,True,False,False,False,False,False,False,False,True,False,1000000,7042.0,999964.0,971796.0,1425.0,4300.0,5725.0,-0.03384598792277527,applied_local_ep05_cost_model_to_unadjusted_ohlc_unit_notional,1368
2023-11-17,2023-11-17,2023-11-24,6593,台灣銘板,TPEx,dynamic80_top1_rs20_7core_context_proxy,legacy_rs20_operating_mode,mega_rs20,dynamic80_top1_rs20_7core_context_proxy,same_week_close_to_next_rebalance_close_comparator,unadjusted_close,unadjusted_close,132.5,135.0,142.0,135.0,142.0,0.051851851851851816,True,,official_unadjusted_ohlcv_tpex_trading_stock,official_unadjusted_ohlcv_tpex_trading_stock,TPEX_TRADING_STOCK,TPEX_TRADING_STOCK,False,unadjusted_ohlcv; adjusted_close_blocked_not_fabricated,True,False,False,False,False,False,False,False,True,False,1000000,7407.0,999945.0,1051794.0,1425.0,4654.0,6079.0,0.045707380888183186,applied_local_ep05_cost_model_to_unadjusted_ohlc_unit_notional,1368
2023-11-17,2023-11-20,2023-11-27,6593,台灣銘板,TPEx,dynamic80_top1_rs20_7core_context_proxy,legacy_rs20_operating_mode,mega_rs20,dynamic80_top1_rs20_7core_context_proxy,next_day_open_entry_fixed_5td_exit,unadjusted_open,unadjusted_close,135.0,142.0,138.0,135.0,138.0,0.022222222222222143,True,,official_unadjusted_ohlcv_tpex_trading_stock,official_unadjusted_ohlcv_tpex_trading_stock,TPEX_TRADING_STOCK,TPEX_TRADING_STOCK,False,unadjusted_ohlcv; adjusted_close_blocked_not_fabricated,True,False,False,False,False,False,False,False,True,False,1000000,7407.0,999945.0,1022166.0,1425.0,4523.0,5948.0,0.01625073649100732,applied_local_ep05_cost_model_to_unadjusted_ohlc_unit_notional,1368
2023-11-17,2023-11-20,2023-11-27,6593,台灣銘板,TPEx,dynamic80_top1_rs20_proxy,legacy_rs20_operating_mode,mega_rs20,dynamic80_top1_rs20_proxy,next_day_close_entry_fixed_5td_exit,unadjusted_close,unadjusted_close,135.0,142.0,138.0,142.0,138.0,-0.028169014084507005,True,,official_unadjusted_ohlcv_tpex_trading_stock,official_unadjusted_ohlcv_tpex_trading_stock,TPEX_TRADING_STOCK,TPEX_TRADING_STOCK,False,unadjusted_ohlcv; adjusted_close_blocked_not_fabricated,True,False,False,False,False,False,False,False,True,False,1000000,7042.0,999964.0,971796.0,1425.0,4300.0,5725.0,-0.03384598792277527,applied_local_ep05_cost_model_to_unadjusted_ohlc_unit_notional,1368
2023-11-17,2023-11-17,2023-11-24,6593,台灣銘板,TPEx,dynamic80_top1_rs20_proxy,legacy_rs20_operating_mode,mega_rs20,dynamic80_top1_rs20_proxy,same_week_close_to_next_rebalance_close_comparator,unadjusted_close,unadjusted_close,132.5,135.0,142.0,135.0,142.0,0.051851851851851816,True,,official_unadjusted_ohlcv_tpex_trading_stock,official_unadjusted_ohlcv_tpex_trading_stock,TPEX_TRADING_STOCK,TPEX_TRADING_STOCK,False,unadjusted_ohlcv; adjusted_close_blocked_not_fabricated,True,False,False,False,False,False,False,False,True,False,1000000,7407.0,999945.0,1051794.0,1425.0,4654.0,6079.0,0.045707380888183186,applied_local_ep05_cost_model_to_unadjusted_ohlc_unit_notional,1368
2023-11-17,2023-11-20,2023-11-27,6593,台灣銘板,TPEx,dynamic80_top1_rs20_proxy,legacy_rs20_operating_mode,mega_rs20,dynamic80_top1_rs20_proxy,next_day_open_entry_fixed_5td_exit,unadjusted_open,unadjusted_close,135.0,142.0,138.0,135.0,138.0,0.022222222222222143,True,,official_unadjusted_ohlcv_tpex_trading_stock,official_unadjusted_ohlcv_tpex_trading_stock,TPEX_TRADING_STOCK,TPEX_TRADING_STOCK,False,unadjusted_ohlcv; adjusted_close_blocked_not_fabricated,True,False,False,False,False,False,False,False,True,False,1000000,7407.0,999945.0,1022166.0,1425.0,4523.0,5948.0,0.01625073649100732,applied_local_ep05_cost_model_to_unadjusted_ohlc_unit_notional,1368
2023-11-17,2023-11-20,2023-11-27,6593,台灣銘板,TPEx,dynamic80_top3_rs20_risk_tiebreak_proxy,legacy_rs20_operating_mode,mega_rs20,dynamic80_top3_rs20_risk_tiebreak_proxy,next_day_close_entry_fixed_5td_exit,unadjusted_close,unadjusted_close,135.0,142.0,138.0,142.0,138.0,-0.028169014084507005,True,,official_unadjusted_ohlcv_tpex_trading_stock,official_unadjusted_ohlcv_tpex_trading_stock,TPEX_TRADING_STOCK,TPEX_TRADING_STOCK,False,unadjusted_ohlcv; adjusted_close_blocked_not_fabricated,True,False,False,False,False,False,False,False,True,False,1000000,7042.0,999964.0,971796.0,1425.0,4300.0,5725.0,-0.03384598792277527,applied_local_ep05_cost_model_to_unadjusted_ohlc_unit_notional,1368
2023-11-17,2023-11-17,2023-11-24,6593,台灣銘板,TPEx,dynamic80_top3_rs20_risk_tiebreak_proxy,legacy_rs20_operating_mode,mega_rs20,dynamic80_top3_rs20_risk_tiebreak_proxy,same_week_close_to_next_rebalance_close_comparator,unadjusted_close,unadjusted_close,132.5,135.0,142.0,135.0,142.0,0.051851851851851816,True,,official_unadjusted_ohlcv_tpex_trading_stock,official_unadjusted_ohlcv_tpex_trading_stock,TPEX_TRADING_STOCK,TPEX_TRADING_STOCK,False,unadjusted_ohlcv; adjusted_close_blocked_not_fabricated,True,False,False,False,False,False,False,False,True,False,1000000,7407.0,999945.0,1051794.0,1425.0,4654.0,6079.0,0.045707380888183186,applied_local_ep05_cost_model_to_unadjusted_ohlc_unit_notional,1368
2023-11-17,2023-11-20,2023-11-27,6593,台灣銘板,TPEx,dynamic80_top3_rs20_risk_tiebreak_proxy,legacy_rs20_operating_mode,mega_rs20,dynamic80_top3_rs20_risk_tiebreak_proxy,next_day_open_entry_fixed_5td_exit,unadjusted_open,unadjusted_close,135.0,142.0,138.0,135.0,138.0,0.022222222222222143,True,,official_unadjusted_ohlcv_tpex_trading_stock,official_unadjusted_ohlcv_tpex_trading_stock,TPEX_TRADING_STOCK,TPEX_TRADING_STOCK,False,unadjusted_ohlcv; adjusted_close_blocked_not_fabricated,True,False,False,False,False,False,False,False,True,False,1000000,7407.0,999945.0,1022166.0,1425.0,4523.0,5948.0,0.01625073649100732,applied_local_ep05_cost_model_to_unadjusted_ohlc_unit_notional,1368
2023-11-17,2023-11-20,2023-11-27,2748,雲品,TWSE,conservative_hurdle_route,regime_switch_hybrid_route,ordinary_defensive_00631L_base,rs20_top3_risk_tiebreak,next_day_close_entry_fixed_5td_exit,unadjusted_close,unadjusted_close,86.6,83.8,80.8,83.8,80.8,-0.03579952267303099,True,,official_unadjusted_ohlcv_twse_stock_day,official_unadjusted_ohlcv_twse_stock_day,TWSE_STOCK_DAY,TWSE_STOCK_DAY,False,unadjusted_ohlcv; adjusted_close_blocked_not_fabricated,True,False,False,False,False,False,False,False,True,False,1000000,11933.0,999985.4,964186.4,1425.0,4267.0,5692.0,-0.041432563512422076,applied_local_ep05_cost_model_to_unadjusted_ohlc_unit_notional,1368
2023-11-17,2023-11-17,2023-11-24,2748,雲品,TWSE,conservative_hurdle_route,regime_switch_hybrid_route,ordinary_defensive_00631L_base,rs20_top3_risk_tiebreak,same_week_close_to_next_rebalance_close_comparator,unadjusted_close,unadjusted_close,84.2,90.9,83.3,90.9,83.3,-0.0836083608360837,True,,official_unadjusted_ohlcv_twse_stock_day,official_unadjusted_ohlcv_twse_stock_day,TWSE_STOCK_DAY,TWSE_STOCK_DAY,False,unadjusted_ohlcv; adjusted_close_blocked_not_fabricated,True,False,False,False,False,False,False,False,True,False,1000000,11001.0,999990.9,916383.2999999999,1425.0,4055.0,5480.0,-0.08896163921503553,applied_local_ep05_cost_model_to_unadjusted_ohlc_unit_notional,1368
2023-11-17,2023-11-20,2023-11-27,2748,雲品,TWSE,conservative_hurdle_route,regime_switch_hybrid_route,ordinary_defensive_00631L_base,rs20_top3_risk_tiebreak,next_day_open_entry_fixed_5td_exit,unadjusted_open,unadjusted_close,86.6,83.8,80.8,86.6,80.8,-0.06697459584295606,True,,official_unadjusted_ohlcv_twse_stock_day,official_unadjusted_ohlcv_twse_stock_day,TWSE_STOCK_DAY,TWSE_STOCK_DAY,False,unadjusted_ohlcv; adjusted_close_blocked_not_fabricated,True,False,False,False,False,False,False,False,True,False,1000000,11547.0,999970.2,932997.6,1425.0,4129.0,5554.0,-0.07242555187003091,applied_local_ep05_cost_model_to_unadjusted_ohlc_unit_notional,1368
2023-11-17,2023-11-20,2023-11-27,2748,雲品,TWSE,dispersion_route,regime_switch_hybrid_route,dispersion,rs20_top3_risk_tiebreak,next_day_close_entry_fixed_5td_exit,unadjusted_close,unadjusted_close,86.6,83.8,80.8,83.8,80.8,-0.03579952267303099,True,,official_unadjusted_ohlcv_twse_stock_day,official_unadjusted_ohlcv_twse_stock_day,TWSE_STOCK_DAY,TWSE_STOCK_DAY,False,unadjusted_ohlcv; adjusted_close_blocked_not_fabricated,True,False,False,False,False,False,False,False,True,False,1000000,11933.0,999985.4,964186.4,1425.0,4267.0,5692.0,-0.041432563512422076,applied_local_ep05_cost_model_to_unadjusted_ohlc_unit_notional,1368
2023-11-17,2023-11-17,2023-11-24,2748,雲品,TWSE,dispersion_route,regime_switch_hybrid_route,dispersion,rs20_top3_risk_tiebreak,same_week_close_to_next_rebalance_close_comparator,unadjusted_close,unadjusted_close,84.2,90.9,83.3,90.9,83.3,-0.0836083608360837,True,,official_unadjusted_ohlcv_twse_stock_day,official_unadjusted_ohlcv_twse_stock_day,TWSE_STOCK_DAY,TWSE_STOCK_DAY,False,unadjusted_ohlcv; adjusted_close_blocked_not_fabricated,True,False,False,False,False,False,False,False,True,False,1000000,11001.0,999990.9,916383.2999999999,1425.0,4055.0,5480.0,-0.08896163921503553,applied_local_ep05_cost_model_to_unadjusted_ohlc_unit_notional,1368
2023-11-17,2023-11-20,2023-11-27,2748,雲品,TWSE,dispersion_route,regime_switch_hybrid_route,dispersion,rs20_top3_risk_tiebreak,next_day_open_entry_fixed_5td_exit,unadjusted_open,unadjusted_close,86.6,83.8,80.8,86.6,80.8,-0.06697459584295606,True,,official_unadjusted_ohlcv_twse_stock_day,official_unadjusted_ohlcv_twse_stock_day,TWSE_STOCK_DAY,TWSE_STOCK_DAY,False,unadjusted_ohlcv; adjusted_close_blocked_not_fabricated,True,False,False,False,False,False,False,False,True,False,1000000,11547.0,999970.2,932997.6,1425.0,4129.0,5554.0,-0.07242555187003091,applied_local_ep05_cost_model_to_unadjusted_ohlc_unit_notional,1368
2023-11-17,2023-11-20,2023-11-27,2748,雲品,TWSE,hybrid_pullback_base_mega_override,regime_switch_hybrid_route,hybrid,rs20_top3_risk_tiebreak,next_day_close_entry_fixed_5td_exit,unadjusted_close,unadjusted_close,86.6,83.8,80.8,83.8,80.8,-0.03579952267303099,True,,official_unadjusted_ohlcv_twse_stock_day,official_unadjusted_ohlcv_twse_stock_day,TWSE_STOCK_DAY,TWSE_STOCK_DAY,False,unadjusted_ohlcv; adjusted_close_blocked_not_fabricated,True,False,False,False,False,False,False,False,True,False,1000000,11933.0,999985.4,964186.4,1425.0,4267.0,5692.0,-0.041432563512422076,applied_local_ep05_cost_model_to_unadjusted_ohlc_unit_notional,1368
2023-11-17,2023-11-17,2023-11-24,2748,雲品,TWSE,hybrid_pullback_base_mega_override,regime_switch_hybrid_route,hybrid,rs20_top3_risk_tiebreak,same_week_close_to_next_rebalance_close_comparator,unadjusted_close,unadjusted_close,84.2,90.9,83.3,90.9,83.3,-0.0836083608360837,True,,official_unadjusted_ohlcv_twse_stock_day,official_unadjusted_ohlcv_twse_stock_day,TWSE_STOCK_DAY,TWSE_STOCK_DAY,False,unadjusted_ohlcv; adjusted_close_blocked_not_fabricated,True,False,False,False,False,False,False,False,True,False,1000000,11001.0,999990.9,916383.2999999999,1425.0,4055.0,5480.0,-0.08896163921503553,applied_local_ep05_cost_model_to_unadjusted_ohlc_unit_notional,1368
2023-11-17,2023-11-20,2023-11-27,2748,雲品,TWSE,hybrid_pullback_base_mega_override,regime_switch_hybrid_route,hybrid,rs20_top3_risk_tiebreak,next_day_open_entry_fixed_5td_exit,unadjusted_open,unadjusted_close,86.6,83.8,80.8,86.6,80.8,-0.06697459584295606,True,,official_unadjusted_ohlcv_twse_stock_day,official_unadjusted_ohlcv_twse_stock_day,TWSE_STOCK_DAY,TWSE_STOCK_DAY,False,unadjusted_ohlcv; adjusted_close_blocked_not_fabricated,True,False,False,False,False,False,False,False,True,False,1000000,11547.0,999970.2,932997.6,1425.0,4129.0,5554.0,-0.07242555187003091,applied_local_ep05_cost_model_to_unadjusted_ohlc_unit_notional,1368
2023-11-17,2023-11-20,2023-11-27,2388,威盛,TWSE,market_bias_pool_trend_route,regime_switch_hybrid_route,mega_or_stock_route,stable_strength,next_day_close_entry_fixed_5td_exit,unadjusted_close,unadjusted_close,164.5,166.0,160.0,166.0,160.0,-0.03614457831325302,True,,official_unadjusted_ohlcv_twse_stock_day,official_unadjusted_ohlcv_twse_stock_day,TWSE_STOCK_DAY,TWSE_STOCK_DAY,False,unadjusted_ohlcv; adjusted_close_blocked_not_fabricated,True,False,False,False,False,False,False,False,True,False,1000000,6024.0,999984.0,963840.0,1425.0,4265.0,5690.0,-0.04177513882938939,applied_local_ep05_cost_model_to_unadjusted_ohlc_unit_notional,1368
2023-11-17,2023-11-17,2023-11-24,2388,威盛,TWSE,market_bias_pool_trend_route,regime_switch_hybrid_route,mega_or_stock_route,stable_strength,same_week_close_to_next_rebalance_close_comparator,unadjusted_close,unadjusted_close,166.0,164.0,165.0,164.0,165.0,0.0060975609756097615,True,,official_unadjusted_ohlcv_twse_stock_day,official_unadjusted_ohlcv_twse_stock_day,TWSE_STOCK_DAY,TWSE_STOCK_DAY,False,unadjusted_ohlcv; adjusted_close_blocked_not_fabricated,True,False,False,False,False,False,False,False,True,False,1000000,6097.0,999908.0,1006005.0,1425.0,4452.0,5877.0,0.00021970713039518323,applied_local_ep05_cost_model_to_unadjusted_ohlc_unit_notional,1368
2023-11-17,2023-11-20,2023-11-27,2388,威盛,TWSE,market_bias_pool_trend_route,regime_switch_hybrid_route,mega_or_stock_route,stable_strength,next_day_open_entry_fixed_5td_exit,unadjusted_open,unadjusted_close,164.5,166.0,160.0,164.5,160.0,-0.027355623100303927,True,,official_unadjusted_ohlcv_twse_stock_day,official_unadjusted_ohlcv_twse_stock_day,TWSE_STOCK_DAY,TWSE_STOCK_DAY,False,unadjusted_ohlcv; adjusted_close_blocked_not_fabricated,True,False,False,False,False,False,False,False,True,False,1000000,6079.0,999995.5,972640.0,1425.0,4304.0,5729.0,-0.03303757013162802,applied_local_ep05_cost_model_to_unadjusted_ohlc_unit_notional,1368
2023-11-17,2023-11-20,2023-11-27,2388,威盛,TWSE,pool_breadth_route,regime_switch_hybrid_route,mega_or_stock_route,stable_strength,next_day_close_entry_fixed_5td_exit,unadjusted_close,unadjusted_close,164.5,166.0,160.0,166.0,160.0,-0.03614457831325302,True,,official_unadjusted_ohlcv_twse_stock_day,official_unadjusted_ohlcv_twse_stock_day,TWSE_STOCK_DAY,TWSE_STOCK_DAY,False,unadjusted_ohlcv; adjusted_close_blocked_not_fabricated,True,False,False,False,False,False,False,False,True,False,1000000,6024.0,999984.0,963840.0,1425.0,4265.0,5690.0,-0.04177513882938939,applied_local_ep05_cost_model_to_unadjusted_ohlc_unit_notional,1368
2023-11-17,2023-11-17,2023-11-24,2388,威盛,TWSE,pool_breadth_route,regime_switch_hybrid_route,mega_or_stock_route,stable_strength,same_week_close_to_next_rebalance_close_comparator,unadjusted_close,unadjusted_close,166.0,164.0,165.0,164.0,165.0,0.0060975609756097615,True,,official_unadjusted_ohlcv_twse_stock_day,official_unadjusted_ohlcv_twse_stock_day,TWSE_STOCK_DAY,TWSE_STOCK_DAY,False,unadjusted_ohlcv; adjusted_close_blocked_not_fabricated,True,False,False,False,False,False,False,False,True,False,1000000,6097.0,999908.0,1006005.0,1425.0,4452.0,5877.0,0.00021970713039518323,applied_local_ep05_cost_model_to_unadjusted_ohlc_unit_notional,1368
2023-11-17,2023-11-20,2023-11-27,2388,威盛,TWSE,pool_breadth_route,regime_switch_hybrid_route,mega_or_stock_route,stable_strength,next_day_open_entry_fixed_5td_exit,unadjusted_open,unadjusted_close,164.5,166.0,160.0,164.5,160.0,-0.027355623100303927,True,,official_unadjusted_ohlcv_twse_stock_day,official_unadjusted_ohlcv_twse_stock_day,TWSE_STOCK_DAY,TWSE_STOCK_DAY,False,unadjusted_ohlcv; adjusted_close_blocked_not_fabricated,True,False,False,False,False,False,False,False,True,False,1000000,6079.0,999995.5,972640.0,1425.0,4304.0,5729.0,-0.03303757013162802,applied_local_ep05_cost_model_to_unadjusted_ohlc_unit_notional,1368
2023-11-24,2023-11-27,2023-12-04,6799,來頡,TWSE,dynamic80_top1_rs20_31_bonus_proxy,legacy_rs20_operating_mode,mega_rs20,dynamic80_top1_rs20_31_bonus_proxy,next_day_close_entry_fixed_5td_exit,unadjusted_close,unadjusted_close,162.0,159.5,162.5,159.5,162.5,0.018808777429467183,True,,official_unadjusted_ohlcv_twse_stock_day,official_unadjusted_ohlcv_twse_stock_day,TWSE_STOCK_DAY,TWSE_STOCK_DAY,False,unadjusted_ohlcv; adjusted_close_blocked_not_fabricated,True,False,False,False,False,False,False,False,True,False,1000000,6269.0,999905.5,1018712.5,1425.0,4508.0,5933.0,0.012856893902662507,applied_local_ep05_cost_model_to_unadjusted_ohlc_unit_notional,1368
2023-11-24,2023-11-24,2023-12-01,6799,來頡,TWSE,dynamic80_top1_rs20_31_bonus_proxy,legacy_rs20_operating_mode,mega_rs20,dynamic80_top1_rs20_31_bonus_proxy,same_week_close_to_next_rebalance_close_comparator,unadjusted_close,unadjusted_close,162.5,162.0,165.0,162.0,165.0,0.0185185185185186,True,,official_unadjusted_ohlcv_twse_stock_day,official_unadjusted_ohlcv_twse_stock_day,TWSE_STOCK_DAY,TWSE_STOCK_DAY,False,unadjusted_ohlcv; adjusted_close_blocked_not_fabricated,True,False,False,False,False,False,False,False,True,False,1000000,6172.0,999864.0,1018380.0,1425.0,4506.0,5931.0,0.012568798818323181,applied_local_ep05_cost_model_to_unadjusted_ohlc_unit_notional,1368
2023-11-24,2023-11-27,2023-12-04,6799,來頡,TWSE,dynamic80_top1_rs20_31_bonus_proxy,legacy_rs20_operating_mode,mega_rs20,dynamic80_top1_rs20_31_bonus_proxy,next_day_open_entry_fixed_5td_exit,unadjusted_open,unadjusted_close,162.0,159.5,162.5,162.0,162.5,0.0030864197530864335,True,,official_unadjusted_ohlcv_twse_stock_day,official_unadjusted_ohlcv_twse_stock_day,TWSE_STOCK_DAY,TWSE_STOCK_DAY,False,unadjusted_ohlcv; adjusted_close_blocked_not_fabricated,True,False,False,False,False,False,False,False,True,False,1000000,6172.0,999864.0,1002950.0,1425.0,4438.0,5863.0,-0.002773425055103971,applied_local_ep05_cost_model_to_unadjusted_ohlc_unit_notional,1368
2023-11-24,2023-11-27,2023-12-04,6799,來頡,TWSE,dynamic80_top1_rs20_7core_context_proxy,legacy_rs20_operating_mode,mega_rs20,dynamic80_top1_rs20_7core_context_proxy,next_day_close_entry_fixed_5td_exit,unadjusted_close,unadjusted_close,162.0,159.5,162.5,159.5,162.5,0.018808777429467183,True,,official_unadjusted_ohlcv_twse_stock_day,official_unadjusted_ohlcv_twse_stock_day,TWSE_STOCK_DAY,TWSE_STOCK_DAY,False,unadjusted_ohlcv; adjusted_close_blocked_not_fabricated,True,False,False,False,False,False,False,False,True,False,1000000,6269.0,999905.5,1018712.5,1425.0,4508.0,5933.0,0.012856893902662507,applied_local_ep05_cost_model_to_unadjusted_ohlc_unit_notional,1368
2023-11-24,2023-11-24,2023-12-01,6799,來頡,TWSE,dynamic80_top1_rs20_7core_context_proxy,legacy_rs20_operating_mode,mega_rs20,dynamic80_top1_rs20_7core_context_proxy,same_week_close_to_next_rebalance_close_comparator,unadjusted_close,unadjusted_close,162.5,162.0,165.0,162.0,165.0,0.0185185185185186,True,,official_unadjusted_ohlcv_twse_stock_day,official_unadjusted_ohlcv_twse_stock_day,TWSE_STOCK_DAY,TWSE_STOCK_DAY,False,unadjusted_ohlcv; adjusted_close_blocked_not_fabricated,True,False,False,False,False,False,False,False,True,False,1000000,6172.0,999864.0,1018380.0,1425.0,4506.0,5931.0,0.012568798818323181,applied_local_ep05_cost_model_to_unadjusted_ohlc_unit_notional,1368
2023-11-24,2023-11-27,2023-12-04,6799,來頡,TWSE,dynamic80_top1_rs20_7core_context_proxy,legacy_rs20_operating_mode,mega_rs20,dynamic80_top1_rs20_7core_context_proxy,next_day_open_entry_fixed_5td_exit,unadjusted_open,unadjusted_close,162.0,159.5,162.5,162.0,162.5,0.0030864197530864335,True,,official_unadjusted_ohlcv_twse_stock_day,official_unadjusted_ohlcv_twse_stock_day,TWSE_STOCK_DAY,TWSE_STOCK_DAY,False,unadjusted_ohlcv; adjusted_close_blocked_not_fabricated,True,False,False,False,False,False,False,False,True,False,1000000,6172.0,999864.0,1002950.0,1425.0,4438.0,5863.0,-0.002773425055103971,applied_local_ep05_cost_model_to_unadjusted_ohlc_unit_notional,1368
2023-11-24,2023-11-27,2023-12-04,6799,來頡,TWSE,dynamic80_top1_rs20_proxy,legacy_rs20_operating_mode,mega_rs20,dynamic80_top1_rs20_proxy,next_day_close_entry_fixed_5td_exit,unadjusted_close,unadjusted_close,162.0,159.5,162.5,159.5,162.5,0.018808777429467183,True,,official_unadjusted_ohlcv_twse_stock_day,official_unadjusted_ohlcv_twse_stock_day,TWSE_STOCK_DAY,TWSE_STOCK_DAY,False,unadjusted_ohlcv; adjusted_close_blocked_not_fabricated,True,False,False,False,False,False,False,False,True,False,1000000,6269.0,999905.5,1018712.5,1425.0,4508.0,5933.0,0.012856893902662507,applied_local_ep05_cost_model_to_unadjusted_ohlc_unit_notional,1368
2023-11-24,2023-11-24,2023-12-01,6799,來頡,TWSE,dynamic80_top1_rs20_proxy,legacy_rs20_operating_mode,mega_rs20,dynamic80_top1_rs20_proxy,same_week_close_to_next_rebalance_close_comparator,unadjusted_close,unadjusted_close,162.5,162.0,165.0,162.0,165.0,0.0185185185185186,True,,official_unadjusted_ohlcv_twse_stock_day,official_unadjusted_ohlcv_twse_stock_day,TWSE_STOCK_DAY,TWSE_STOCK_DAY,False,unadjusted_ohlcv; adjusted_close_blocked_not_fabricated,True,False,False,False,False,False,False,False,True,False,1000000,6172.0,999864.0,1018380.0,1425.0,4506.0,5931.0,0.012568798818323181,applied_local_ep05_cost_model_to_unadjusted_ohlc_unit_notional,1368
2023-11-24,2023-11-27,2023-12-04,6799,來頡,TWSE,dynamic80_top1_rs20_proxy,legacy_rs20_operating_mode,mega_rs20,dynamic80_top1_rs20_proxy,next_day_open_entry_fixed_5td_exit,unadjusted_open,unadjusted_close,162.0,159.5,162.5,162.0,162.5,0.0030864197530864335,True,,official_unadjusted_ohlcv_twse_stock_day,official_unadjusted_ohlcv_twse_stock_day,TWSE_STOCK_DAY,TWSE_STOCK_DAY,False,unadjusted_ohlcv; adjusted_close_blocked_not_fabricated,True,False,False,False,False,False,False,False,True,False,1000000,6172.0,999864.0,1002950.0,1425.0,4438.0,5863.0,-0.002773425055103971,applied_local_ep05_cost_model_to_unadjusted_ohlc_unit_notional,1368
2023-11-24,2023-11-27,2023-12-04,6799,來頡,TWSE,dynamic80_top3_rs20_risk_tiebreak_proxy,legacy_rs20_operating_mode,mega_rs20,dynamic80_top3_rs20_risk_tiebreak_proxy,next_day_close_entry_fixed_5td_exit,unadjusted_close,unadjusted_close,162.0,159.5,162.5,159.5,162.5,0.018808777429467183,True,,official_unadjusted_ohlcv_twse_stock_day,official_unadjusted_ohlcv_twse_stock_day,TWSE_STOCK_DAY,TWSE_STOCK_DAY,False,unadjusted_ohlcv; adjusted_close_blocked_not_fabricated,True,False,False,False,False,False,False,False,True,False,1000000,6269.0,999905.5,1018712.5,1425.0,4508.0,5933.0,0.012856893902662507,applied_local_ep05_cost_model_to_unadjusted_ohlc_unit_notional,1368
2023-11-24,2023-11-24,2023-12-01,6799,來頡,TWSE,dynamic80_top3_rs20_risk_tiebreak_proxy,legacy_rs20_operating_mode,mega_rs20,dynamic80_top3_rs20_risk_tiebreak_proxy,same_week_close_to_next_rebalance_close_comparator,unadjusted_close,unadjusted_close,162.5,162.0,165.0,162.0,165.0,0.0185185185185186,True,,official_unadjusted_ohlcv_twse_stock_day,official_unadjusted_ohlcv_twse_stock_day,TWSE_STOCK_DAY,TWSE_STOCK_DAY,False,unadjusted_ohlcv; adjusted_close_blocked_not_fabricated,True,False,False,False,False,False,False,False,True,False,1000000,6172.0,999864.0,1018380.0,1425.0,4506.0,5931.0,0.012568798818323181,applied_local_ep05_cost_model_to_unadjusted_ohlc_unit_notional,1368
2023-11-24,2023-11-27,2023-12-04,6799,來頡,TWSE,dynamic80_top3_rs20_risk_tiebreak_proxy,legacy_rs20_operating_mode,mega_rs20,dynamic80_top3_rs20_risk_tiebreak_proxy,next_day_open_entry_fixed_5td_exit,unadjusted_open,unadjusted_close,162.0,159.5,162.5,162.0,162.5,0.0030864197530864335,True,,official_unadjusted_ohlcv_twse_stock_day,official_unadjusted_ohlcv_twse_stock_day,TWSE_STOCK_DAY,TWSE_STOCK_DAY,False,unadjusted_ohlcv; adjusted_close_blocked_not_fabricated,True,False,False,False,False,False,False,False,True,False,1000000,6172.0,999864.0,1002950.0,1425.0,4438.0,5863.0,-0.002773425055103971,applied_local_ep05_cost_model_to_unadjusted_ohlc_unit_notional,1368
2023-11-24,2023-11-27,2023-12-04,3152,璟德,TPEx,conservative_hurdle_route,regime_switch_hybrid_route,ordinary_defensive_00631L_base,rs20_top3_risk_tiebreak,next_day_close_entry_fixed_5td_exit,unadjusted_close,unadjusted_close,272.5,268.5,256.0,268.5,256.0,-0.046554934823091254,True,,official_unadjusted_ohlcv_tpex_trading_stock,official_unadjusted_ohlcv_tpex_trading_stock,TPEX_TRADING_STOCK,TPEX_TRADING_STOCK,False,unadjusted_ohlcv; adjusted_close_blocked_not_fabricated,True,False,False,False,False,False,False,False,True,False,1000000,3724.0,999894.0,953344.0,1425.0,4219.0,5644.0,-0.052125246799471496,applied_local_ep05_cost_model_to_unadjusted_ohlc_unit_notional,1368
2023-11-24,2023-11-24,2023-12-01,3152,璟德,TPEx,conservative_hurdle_route,regime_switch_hybrid_route,ordinary_defensive_00631L_base,rs20_top3_risk_tiebreak,same_week_close_to_next_rebalance_close_comparator,unadjusted_close,unadjusted_close,269.5,272.0,260.0,272.0,260.0,-0.044117647058823484,True,,official_unadjusted_ohlcv_tpex_trading_stock,official_unadjusted_ohlcv_tpex_trading_stock,TPEX_TRADING_STOCK,TPEX_TRADING_STOCK,False,unadjusted_ohlcv; adjusted_close_blocked_not_fabricated,True,False,False,False,False,False,False,False,True,False,1000000,3676.0,999872.0,955760.0,1425.0,4229.0,5654.0,-0.04970153710637303,applied_local_ep05_cost_model_to_unadjusted_ohlc_unit_notional,1368
2023-11-24,2023-11-27,2023-12-04,3152,璟德,TPEx,conservative_hurdle_route,regime_switch_hybrid_route,ordinary_defensive_00631L_base,rs20_top3_risk_tiebreak,next_day_open_entry_fixed_5td_exit,unadjusted_open,unadjusted_close,272.5,268.5,256.0,272.5,256.0,-0.06055045871559628,True,,official_unadjusted_ohlcv_tpex_trading_stock,official_unadjusted_ohlcv_tpex_trading_stock,TPEX_TRADING_STOCK,TPEX_TRADING_STOCK,False,unadjusted_ohlcv; adjusted_close_blocked_not_fabricated,True,False,False,False,False,False,False,False,True,False,1000000,3669.0,999802.5,939264.0,1425.0,4156.0,5581.0,-0.06603843781757893,applied_local_ep05_cost_model_to_unadjusted_ohlc_unit_notional,1368
2023-11-24,2023-11-27,2023-12-04,3152,璟德,TPEx,dispersion_route,regime_switch_hybrid_route,dispersion,rs20_top3_risk_tiebreak,next_day_close_entry_fixed_5td_exit,unadjusted_close,unadjusted_close,272.5,268.5,256.0,268.5,256.0,-0.046554934823091254,True,,official_unadjusted_ohlcv_tpex_trading_stock,official_unadjusted_ohlcv_tpex_trading_stock,TPEX_TRADING_STOCK,TPEX_TRADING_STOCK,False,unadjusted_ohlcv; adjusted_close_blocked_not_fabricated,True,False,False,False,False,False,False,False,True,False,1000000,3724.0,999894.0,953344.0,1425.0,4219.0,5644.0,-0.052125246799471496,applied_local_ep05_cost_model_to_unadjusted_ohlc_unit_notional,1368
2023-11-24,2023-11-24,2023-12-01,3152,璟德,TPEx,dispersion_route,regime_switch_hybrid_route,dispersion,rs20_top3_risk_tiebreak,same_week_close_to_next_rebalance_close_comparator,unadjusted_close,unadjusted_close,269.5,272.0,260.0,272.0,260.0,-0.044117647058823484,True,,official_unadjusted_ohlcv_tpex_trading_stock,official_unadjusted_ohlcv_tpex_trading_stock,TPEX_TRADING_STOCK,TPEX_TRADING_STOCK,False,unadjusted_ohlcv; adjusted_close_blocked_not_fabricated,True,False,False,False,False,False,False,False,True,False,1000000,3676.0,999872.0,955760.0,1425.0,4229.0,5654.0,-0.04970153710637303,applied_local_ep05_cost_model_to_unadjusted_ohlc_unit_notional,1368
2023-11-24,2023-11-27,2023-12-04,3152,璟德,TPEx,dispersion_route,regime_switch_hybrid_route,dispersion,rs20_top3_risk_tiebreak,next_day_open_entry_fixed_5td_exit,unadjusted_open,unadjusted_close,272.5,268.5,256.0,272.5,256.0,-0.06055045871559628,True,,official_unadjusted_ohlcv_tpex_trading_stock,official_unadjusted_ohlcv_tpex_trading_stock,TPEX_TRADING_STOCK,TPEX_TRADING_STOCK,False,unadjusted_ohlcv; adjusted_close_blocked_not_fabricated,True,False,False,False,False,False,False,False,True,False,1000000,3669.0,999802.5,939264.0,1425.0,4156.0,5581.0,-0.06603843781757893,applied_local_ep05_cost_model_to_unadjusted_ohlc_unit_notional,1368
2023-11-24,2023-11-27,2023-12-04,3152,璟德,TPEx,hybrid_pullback_base_mega_override,regime_switch_hybrid_route,hybrid,rs20_top3_risk_tiebreak,next_day_close_entry_fixed_5td_exit,unadjusted_close,unadjusted_close,272.5,268.5,256.0,268.5,256.0,-0.046554934823091254,True,,official_unadjusted_ohlcv_tpex_trading_stock,official_unadjusted_ohlcv_tpex_trading_stock,TPEX_TRADING_STOCK,TPEX_TRADING_STOCK,False,unadjusted_ohlcv; adjusted_close_blocked_not_fabricated,True,False,False,False,False,False,False,False,True,False,1000000,3724.0,999894.0,953344.0,1425.0,4219.0,5644.0,-0.052125246799471496,applied_local_ep05_cost_model_to_unadjusted_ohlc_unit_notional,1368
2023-11-24,2023-11-24,2023-12-01,3152,璟德,TPEx,hybrid_pullback_base_mega_override,regime_switch_hybrid_route,hybrid,rs20_top3_risk_tiebreak,same_week_close_to_next_rebalance_close_comparator,unadjusted_close,unadjusted_close,269.5,272.0,260.0,272.0,260.0,-0.044117647058823484,True,,official_unadjusted_ohlcv_tpex_trading_stock,official_unadjusted_ohlcv_tpex_trading_stock,TPEX_TRADING_STOCK,TPEX_TRADING_STOCK,False,unadjusted_ohlcv; adjusted_close_blocked_not_fabricated,True,False,False,False,False,False,False,False,True,False,1000000,3676.0,999872.0,955760.0,1425.0,4229.0,5654.0,-0.04970153710637303,applied_local_ep05_cost_model_to_unadjusted_ohlc_unit_notional,1368
2023-11-24,2023-11-27,2023-12-04,3152,璟德,TPEx,hybrid_pullback_base_mega_override,regime_switch_hybrid_route,hybrid,rs20_top3_risk_tiebreak,next_day_open_entry_fixed_5td_exit,unadjusted_open,unadjusted_close,272.5,268.5,256.0,272.5,256.0,-0.06055045871559628,True,,official_unadjusted_ohlcv_tpex_trading_stock,official_unadjusted_ohlcv_tpex_trading_stock,TPEX_TRADING_STOCK,TPEX_TRADING_STOCK,False,unadjusted_ohlcv; adjusted_close_blocked_not_fabricated,True,False,False,False,False,False,False,False,True,False,1000000,3669.0,999802.5,939264.0,1425.0,4156.0,5581.0,-0.06603843781757893,applied_local_ep05_cost_model_to_unadjusted_ohlc_unit_notional,1368
2023-11-24,2023-11-27,2023-12-04,6593,台灣銘板,TPEx,market_bias_pool_trend_route,regime_switch_hybrid_route,mega_or_stock_route,stable_strength,next_day_close_entry_fixed_5td_exit,unadjusted_close,unadjusted_close,143.0,138.0,177.5,138.0,177.5,0.28623188405797095,True,,official_unadjusted_ohlcv_tpex_trading_stock,official_unadjusted_ohlcv_tpex_trading_stock,TPEX_TRADING_STOCK,TPEX_TRADING_STOCK,False,unadjusted_ohlcv; adjusted_close_blocked_not_fabricated,True,False,False,False,False,False,False,False,True,False,1000000,7246.0,999948.0,1286165.0,1425.0,5691.0,7116.0,0.2787183197469874,applied_local_ep05_cost_model_to_unadjusted_ohlc_unit_notional,1368
2023-11-24,2023-11-24,2023-12-01,6593,台灣銘板,TPEx,market_bias_pool_trend_route,regime_switch_hybrid_route,mega_or_stock_route,stable_strength,same_week_close_to_next_rebalance_close_comparator,unadjusted_close,unadjusted_close,143.0,142.0,190.5,142.0,190.5,0.341549295774648,True,,official_unadjusted_ohlcv_tpex_trading_stock,official_unadjusted_ohlcv_tpex_trading_stock,TPEX_TRADING_STOCK,TPEX_TRADING_STOCK,False,unadjusted_ohlcv; adjusted_close_blocked_not_fabricated,True,False,False,False,False,False,False,False,True,False,1000000,7042.0,999964.0,1341501.0,1425.0,5937.0,7362.0,0.3337114747615562,applied_local_ep05_cost_model_to_unadjusted_ohlc_unit_notional,1368
2023-11-24,2023-11-27,2023-12-04,6593,台灣銘板,TPEx,market_bias_pool_trend_route,regime_switch_hybrid_route,mega_or_stock_route,stable_strength,next_day_open_entry_fixed_5td_exit,unadjusted_open,unadjusted_close,143.0,138.0,177.5,143.0,177.5,0.24125874125874125,True,,official_unadjusted_ohlcv_tpex_trading_stock,official_unadjusted_ohlcv_tpex_trading_stock,TPEX_TRADING_STOCK,TPEX_TRADING_STOCK,False,unadjusted_ohlcv; adjusted_close_blocked_not_fabricated,True,False,False,False,False,False,False,False,True,False,1000000,6993.0,999999.0,1241257.5,1425.0,5493.0,6918.0,0.2340072736423333,applied_local_ep05_cost_model_to_unadjusted_ohlc_unit_notional,1368
2023-11-24,2023-11-27,2023-12-04,6593,台灣銘板,TPEx,pool_breadth_route,regime_switch_hybrid_route,mega_or_stock_route,stable_strength,next_day_close_entry_fixed_5td_exit,unadjusted_close,unadjusted_close,143.0,138.0,177.5,138.0,177.5,0.28623188405797095,True,,official_unadjusted_ohlcv_tpex_trading_stock,official_unadjusted_ohlcv_tpex_trading_stock,TPEX_TRADING_STOCK,TPEX_TRADING_STOCK,False,unadjusted_ohlcv; adjusted_close_blocked_not_fabricated,True,False,False,False,False,False,False,False,True,False,1000000,7246.0,999948.0,1286165.0,1425.0,5691.0,7116.0,0.2787183197469874,applied_local_ep05_cost_model_to_unadjusted_ohlc_unit_notional,1368
2023-11-24,2023-11-24,2023-12-01,6593,台灣銘板,TPEx,pool_breadth_route,regime_switch_hybrid_route,mega_or_stock_route,stable_strength,same_week_close_to_next_rebalance_close_comparator,unadjusted_close,unadjusted_close,143.0,142.0,190.5,142.0,190.5,0.341549295774648,True,,official_unadjusted_ohlcv_tpex_trading_stock,official_unadjusted_ohlcv_tpex_trading_stock,TPEX_TRADING_STOCK,TPEX_TRADING_STOCK,False,unadjusted_ohlcv; adjusted_close_blocked_not_fabricated,True,False,False,False,False,False,False,False,True,False,1000000,7042.0,999964.0,1341501.0,1425.0,5937.0,7362.0,0.3337114747615562,applied_local_ep05_cost_model_to_unadjusted_ohlc_unit_notional,1368
2023-11-24,2023-11-27,2023-12-04,6593,台灣銘板,TPEx,pool_breadth_route,regime_switch_hybrid_route,mega_or_stock_route,stable_strength,next_day_open_entry_fixed_5td_exit,unadjusted_open,unadjusted_close,143.0,138.0,177.5,143.0,177.5,0.24125874125874125,True,,official_unadjusted_ohlcv_tpex_trading_stock,official_unadjusted_ohlcv_tpex_trading_stock,TPEX_TRADING_STOCK,TPEX_TRADING_STOCK,False,unadjusted_ohlcv; adjusted_close_blocked_not_fabricated,True,False,False,False,False,False,False,False,True,False,1000000,6993.0,999999.0,1241257.5,1425.0,5493.0,6918.0,0.2340072736423333,applied_local_ep05_cost_model_to_unadjusted_ohlc_unit_notional,1368
2023-12-01,2023-12-04,2023-12-11,2329,華泰,TWSE,dynamic80_top1_rs20_31_bonus_proxy,legacy_rs20_operating_mode,mega_rs20,dynamic80_top1_rs20_31_bonus_proxy,next_day_close_entry_fixed_5td_exit,unadjusted_close,unadjusted_close,64.8,64.9,60.5,64.9,60.5,-0.06779661016949157,True,,official_unadjusted_ohlcv_twse_stock_day,official_unadjusted_ohlcv_twse_stock_day,TWSE_STOCK_DAY,TWSE_STOCK_DAY,False,unadjusted_ohlcv; adjusted_close_blocked_not_fabricated,True,False,False,False,False,False,False,False,True,False,1000000,15408.0,999979.2000000001,932184.0,1425.0,4125.0,5550.0,-0.07324235308779418,applied_local_ep05_cost_model_to_unadjusted_ohlc_unit_notional,1368
2023-12-01,2023-12-01,2023-12-08,2329,華泰,TWSE,dynamic80_top1_rs20_31_bonus_proxy,legacy_rs20_operating_mode,mega_rs20,dynamic80_top1_rs20_31_bonus_proxy,same_week_close_to_next_rebalance_close_comparator,unadjusted_close,unadjusted_close,60.0,64.0,60.6,64.0,60.6,-0.05312499999999998,True,,official_unadjusted_ohlcv_twse_stock_day,official_unadjusted_ohlcv_twse_stock_day,TWSE_STOCK_DAY,TWSE_STOCK_DAY,False,unadjusted_ohlcv; adjusted_close_blocked_not_fabricated,True,False,False,False,False,False,False,False,True,False,1000000,15625.0,1000000.0,946875.0,1425.0,4190.0,5615.0,-0.05865641460918192,applied_local_ep05_cost_model_to_unadjusted_ohlc_unit_notional,1368
2023-12-01,2023-12-04,2023-12-11,2329,華泰,TWSE,dynamic80_top1_rs20_31_bonus_proxy,legacy_rs20_operating_mode,mega_rs20,dynamic80_top1_rs20_31_bonus_proxy,next_day_open_entry_fixed_5td_exit,unadjusted_open,unadjusted_close,64.8,64.9,60.5,64.8,60.5,-0.06635802469135799,True,,official_unadjusted_ohlcv_twse_stock_day,official_unadjusted_ohlcv_twse_stock_day,TWSE_STOCK_DAY,TWSE_STOCK_DAY,False,unadjusted_ohlcv; adjusted_close_blocked_not_fabricated,True,False,False,False,False,False,False,False,True,False,1000000,15432.0,999993.6,933636.0,1425.0,4131.0,5556.0,-0.0718117278828254,applied_local_ep05_cost_model_to_unadjusted_ohlc_unit_notional,1368
2023-12-01,2023-12-04,2023-12-11,2329,華泰,TWSE,dynamic80_top1_rs20_7core_context_proxy,legacy_rs20_operating_mode,mega_rs20,dynamic80_top1_rs20_7core_context_proxy,next_day_close_entry_fixed_5td_exit,unadjusted_close,unadjusted_close,64.8,64.9,60.5,64.9,60.5,-0.06779661016949157,True,,official_unadjusted_ohlcv_twse_stock_day,official_unadjusted_ohlcv_twse_stock_day,TWSE_STOCK_DAY,TWSE_STOCK_DAY,False,unadjusted_ohlcv; adjusted_close_blocked_not_fabricated,True,False,False,False,False,False,False,False,True,False,1000000,15408.0,999979.2000000001,932184.0,1425.0,4125.0,5550.0,-0.07324235308779418,applied_local_ep05_cost_model_to_unadjusted_ohlc_unit_notional,1368
2023-12-01,2023-12-01,2023-12-08,2329,華泰,TWSE,dynamic80_top1_rs20_7core_context_proxy,legacy_rs20_operating_mode,mega_rs20,dynamic80_top1_rs20_7core_context_proxy,same_week_close_to_next_rebalance_close_comparator,unadjusted_close,unadjusted_close,60.0,64.0,60.6,64.0,60.6,-0.05312499999999998,True,,official_unadjusted_ohlcv_twse_stock_day,official_unadjusted_ohlcv_twse_stock_day,TWSE_STOCK_DAY,TWSE_STOCK_DAY,False,unadjusted_ohlcv; adjusted_close_blocked_not_fabricated,True,False,False,False,False,False,False,False,True,False,1000000,15625.0,1000000.0,946875.0,1425.0,4190.0,5615.0,-0.05865641460918192,applied_local_ep05_cost_model_to_unadjusted_ohlc_unit_notional,1368
2023-12-01,2023-12-04,2023-12-11,2329,華泰,TWSE,dynamic80_top1_rs20_7core_context_proxy,legacy_rs20_operating_mode,mega_rs20,dynamic80_top1_rs20_7core_context_proxy,next_day_open_entry_fixed_5td_exit,unadjusted_open,unadjusted_close,64.8,64.9,60.5,64.8,60.5,-0.06635802469135799,True,,official_unadjusted_ohlcv_twse_stock_day,official_unadjusted_ohlcv_twse_stock_day,TWSE_STOCK_DAY,TWSE_STOCK_DAY,False,unadjusted_ohlcv; adjusted_close_blocked_not_fabricated,True,False,False,False,False,False,False,False,True,False,1000000,15432.0,999993.6,933636.0,1425.0,4131.0,5556.0,-0.0718117278828254,applied_local_ep05_cost_model_to_unadjusted_ohlc_unit_notional,1368
2023-12-01,2023-12-04,2023-12-11,2329,華泰,TWSE,dynamic80_top1_rs20_proxy,legacy_rs20_operating_mode,mega_rs20,dynamic80_top1_rs20_proxy,next_day_close_entry_fixed_5td_exit,unadjusted_close,unadjusted_close,64.8,64.9,60.5,64.9,60.5,-0.06779661016949157,True,,official_unadjusted_ohlcv_twse_stock_day,official_unadjusted_ohlcv_twse_stock_day,TWSE_STOCK_DAY,TWSE_STOCK_DAY,False,unadjusted_ohlcv; adjusted_close_blocked_not_fabricated,True,False,False,False,False,False,False,False,True,False,1000000,15408.0,999979.2000000001,932184.0,1425.0,4125.0,5550.0,-0.07324235308779418,applied_local_ep05_cost_model_to_unadjusted_ohlc_unit_notional,1368
2023-12-01,2023-12-01,2023-12-08,2329,華泰,TWSE,dynamic80_top1_rs20_proxy,legacy_rs20_operating_mode,mega_rs20,dynamic80_top1_rs20_proxy,same_week_close_to_next_rebalance_close_comparator,unadjusted_close,unadjusted_close,60.0,64.0,60.6,64.0,60.6,-0.05312499999999998,True,,official_unadjusted_ohlcv_twse_stock_day,official_unadjusted_ohlcv_twse_stock_day,TWSE_STOCK_DAY,TWSE_STOCK_DAY,False,unadjusted_ohlcv; adjusted_close_blocked_not_fabricated,True,False,False,False,False,False,False,False,True,False,1000000,15625.0,1000000.0,946875.0,1425.0,4190.0,5615.0,-0.05865641460918192,applied_local_ep05_cost_model_to_unadjusted_ohlc_unit_notional,1368
2023-12-01,2023-12-04,2023-12-11,2329,華泰,TWSE,dynamic80_top1_rs20_proxy,legacy_rs20_operating_mode,mega_rs20,dynamic80_top1_rs20_proxy,next_day_open_entry_fixed_5td_exit,unadjusted_open,unadjusted_close,64.8,64.9,60.5,64.8,60.5,-0.06635802469135799,True,,official_unadjusted_ohlcv_twse_stock_day,official_unadjusted_ohlcv_twse_stock_day,TWSE_STOCK_DAY,TWSE_STOCK_DAY,False,unadjusted_ohlcv; adjusted_close_blocked_not_fabricated,True,False,False,False,False,False,False,False,True,False,1000000,15432.0,999993.6,933636.0,1425.0,4131.0,5556.0,-0.0718117278828254,applied_local_ep05_cost_model_to_unadjusted_ohlc_unit_notional,1368
2023-12-01,2023-12-04,2023-12-11,2329,華泰,TWSE,dynamic80_top3_rs20_risk_tiebreak_proxy,legacy_rs20_operating_mode,mega_rs20,dynamic80_top3_rs20_risk_tiebreak_proxy,next_day_close_entry_fixed_5td_exit,unadjusted_close,unadjusted_close,64.8,64.9,60.5,64.9,60.5,-0.06779661016949157,True,,official_unadjusted_ohlcv_twse_stock_day,official_unadjusted_ohlcv_twse_stock_day,TWSE_STOCK_DAY,TWSE_STOCK_DAY,False,unadjusted_ohlcv; adjusted_close_blocked_not_fabricated,True,False,False,False,False,False,False,False,True,False,1000000,15408.0,999979.2000000001,932184.0,1425.0,4125.0,5550.0,-0.07324235308779418,applied_local_ep05_cost_model_to_unadjusted_ohlc_unit_notional,1368
2023-12-01,2023-12-01,2023-12-08,2329,華泰,TWSE,dynamic80_top3_rs20_risk_tiebreak_proxy,legacy_rs20_operating_mode,mega_rs20,dynamic80_top3_rs20_risk_tiebreak_proxy,same_week_close_to_next_rebalance_close_comparator,unadjusted_close,unadjusted_close,60.0,64.0,60.6,64.0,60.6,-0.05312499999999998,True,,official_unadjusted_ohlcv_twse_stock_day,official_unadjusted_ohlcv_twse_stock_day,TWSE_STOCK_DAY,TWSE_STOCK_DAY,False,unadjusted_ohlcv; adjusted_close_blocked_not_fabricated,True,False,False,False,False,False,False,False,True,False,1000000,15625.0,1000000.0,946875.0,1425.0,4190.0,5615.0,-0.05865641460918192,applied_local_ep05_cost_model_to_unadjusted_ohlc_unit_notional,1368
2023-12-01,2023-12-04,2023-12-11,2329,華泰,TWSE,dynamic80_top3_rs20_risk_tiebreak_proxy,legacy_rs20_operating_mode,mega_rs20,dynamic80_top3_rs20_risk_tiebreak_proxy,next_day_open_entry_fixed_5td_exit,unadjusted_open,unadjusted_close,64.8,64.9,60.5,64.8,60.5,-0.06635802469135799,True,,official_unadjusted_ohlcv_twse_stock_day,official_unadjusted_ohlcv_twse_stock_day,TWSE_STOCK_DAY,TWSE_STOCK_DAY,False,unadjusted_ohlcv; adjusted_close_blocked_not_fabricated,True,False,False,False,False,False,False,False,True,False,1000000,15432.0,999993.6,933636.0,1425.0,4131.0,5556.0,-0.0718117278828254,applied_local_ep05_cost_model_to_unadjusted_ohlc_unit_notional,1368
2023-12-01,2023-12-04,2023-12-11,3362,先進光,TPEx,conservative_hurdle_route,regime_switch_hybrid_route,ordinary_defensive_00631L_base,rs20_top3_risk_tiebreak,next_day_close_entry_fixed_5td_exit,unadjusted_close,unadjusted_close,193.5,186.0,184.5,186.0,184.5,-0.008064516129032251,True,,official_unadjusted_ohlcv_tpex_trading_stock,official_unadjusted_ohlcv_tpex_trading_stock,TPEX_TRADING_STOCK,TPEX_TRADING_STOCK,False,unadjusted_ohlcv; adjusted_close_blocked_not_fabricated,True,False,False,False,False,False,False,False,True,False,1000000,5376.0,999936.0,991872.0,1425.0,4389.0,5814.0,-0.013859137713571829,applied_local_ep05_cost_model_to_unadjusted_ohlc_unit_notional,1368
2023-12-01,2023-12-01,2023-12-08,3362,先進光,TPEx,conservative_hurdle_route,regime_switch_hybrid_route,ordinary_defensive_00631L_base,rs20_top3_risk_tiebreak,same_week_close_to_next_rebalance_close_comparator,unadjusted_close,unadjusted_close,183.0,193.0,180.5,193.0,180.5,-0.06476683937823835,True,,official_unadjusted_ohlcv_tpex_trading_stock,official_unadjusted_ohlcv_tpex_trading_stock,TPEX_TRADING_STOCK,TPEX_TRADING_STOCK,False,unadjusted_ohlcv; adjusted_close_blocked_not_fabricated,True,False,False,False,False,False,False,False,True,False,1000000,5181.0,999933.0,935170.5,1425.0,4139.0,5564.0,-0.07023112613071449,applied_local_ep05_cost_model_to_unadjusted_ohlc_unit_notional,1368
2023-12-01,2023-12-04,2023-12-11,3362,先進光,TPEx,conservative_hurdle_route,regime_switch_hybrid_route,ordinary_defensive_00631L_base,rs20_top3_risk_tiebreak,next_day_open_entry_fixed_5td_exit,unadjusted_open,unadjusted_close,193.5,186.0,184.5,193.5,184.5,-0.046511627906976716,True,,official_unadjusted_ohlcv_tpex_trading_stock,official_unadjusted_ohlcv_tpex_trading_stock,TPEX_TRADING_STOCK,TPEX_TRADING_STOCK,False,unadjusted_ohlcv; adjusted_close_blocked_not_fabricated,True,False,False,False,False,False,False,False,True,False,1000000,5167.0,999814.5,953311.5,1425.0,4218.0,5643.0,-0.05208144504886193,applied_local_ep05_cost_model_to_unadjusted_ohlc_unit_notional,1368
2023-12-01,2023-12-04,2023-12-11,3362,先進光,TPEx,dispersion_route,regime_switch_hybrid_route,dispersion,rs20_top3_risk_tiebreak,next_day_close_entry_fixed_5td_exit,unadjusted_close,unadjusted_close,193.5,186.0,184.5,186.0,184.5,-0.008064516129032251,True,,official_unadjusted_ohlcv_tpex_trading_stock,official_unadjusted_ohlcv_tpex_trading_stock,TPEX_TRADING_STOCK,TPEX_TRADING_STOCK,False,unadjusted_ohlcv; adjusted_close_blocked_not_fabricated,True,False,False,False,False,False,False,False,True,False,1000000,5376.0,999936.0,991872.0,1425.0,4389.0,5814.0,-0.013859137713571829,applied_local_ep05_cost_model_to_unadjusted_ohlc_unit_notional,1368
2023-12-01,2023-12-01,2023-12-08,3362,先進光,TPEx,dispersion_route,regime_switch_hybrid_route,dispersion,rs20_top3_risk_tiebreak,same_week_close_to_next_rebalance_close_comparator,unadjusted_close,unadjusted_close,183.0,193.0,180.5,193.0,180.5,-0.06476683937823835,True,,official_unadjusted_ohlcv_tpex_trading_stock,official_unadjusted_ohlcv_tpex_trading_stock,TPEX_TRADING_STOCK,TPEX_TRADING_STOCK,False,unadjusted_ohlcv; adjusted_close_blocked_not_fabricated,True,False,False,False,False,False,False,False,True,False,1000000,5181.0,999933.0,935170.5,1425.0,4139.0,5564.0,-0.07023112613071449,applied_local_ep05_cost_model_to_unadjusted_ohlc_unit_notional,1368
2023-12-01,2023-12-04,2023-12-11,3362,先進光,TPEx,dispersion_route,regime_switch_hybrid_route,dispersion,rs20_top3_risk_tiebreak,next_day_open_entry_fixed_5td_exit,unadjusted_open,unadjusted_close,193.5,186.0,184.5,193.5,184.5,-0.046511627906976716,True,,official_unadjusted_ohlcv_tpex_trading_stock,official_unadjusted_ohlcv_tpex_trading_stock,TPEX_TRADING_STOCK,TPEX_TRADING_STOCK,False,unadjusted_ohlcv; adjusted_close_blocked_not_fabricated,True,False,False,False,False,False,False,False,True,False,1000000,5167.0,999814.5,953311.5,1425.0,4218.0,5643.0,-0.05208144504886193,applied_local_ep05_cost_model_to_unadjusted_ohlc_unit_notional,1368
2023-12-01,2023-12-04,2023-12-11,3362,先進光,TPEx,hybrid_pullback_base_mega_override,regime_switch_hybrid_route,hybrid,rs20_top3_risk_tiebreak,next_day_close_entry_fixed_5td_exit,unadjusted_close,unadjusted_close,193.5,186.0,184.5,186.0,184.5,-0.008064516129032251,True,,official_unadjusted_ohlcv_tpex_trading_stock,official_unadjusted_ohlcv_tpex_trading_stock,TPEX_TRADING_STOCK,TPEX_TRADING_STOCK,False,unadjusted_ohlcv; adjusted_close_blocked_not_fabricated,True,False,False,False,False,False,False,False,True,False,1000000,5376.0,999936.0,991872.0,1425.0,4389.0,5814.0,-0.013859137713571829,applied_local_ep05_cost_model_to_unadjusted_ohlc_unit_notional,1368
2023-12-01,2023-12-01,2023-12-08,3362,先進光,TPEx,hybrid_pullback_base_mega_override,regime_switch_hybrid_route,hybrid,rs20_top3_risk_tiebreak,same_week_close_to_next_rebalance_close_comparator,unadjusted_close,unadjusted_close,183.0,193.0,180.5,193.0,180.5,-0.06476683937823835,True,,official_unadjusted_ohlcv_tpex_trading_stock,official_unadjusted_ohlcv_tpex_trading_stock,TPEX_TRADING_STOCK,TPEX_TRADING_STOCK,False,unadjusted_ohlcv; adjusted_close_blocked_not_fabricated,True,False,False,False,False,False,False,False,True,False,1000000,5181.0,999933.0,935170.5,1425.0,4139.0,5564.0,-0.07023112613071449,applied_local_ep05_cost_model_to_unadjusted_ohlc_unit_notional,1368
2023-12-01,2023-12-04,2023-12-11,3362,先進光,TPEx,hybrid_pullback_base_mega_override,regime_switch_hybrid_route,hybrid,rs20_top3_risk_tiebreak,next_day_open_entry_fixed_5td_exit,unadjusted_open,unadjusted_close,193.5,186.0,184.5,193.5,184.5,-0.046511627906976716,True,,official_unadjusted_ohlcv_tpex_trading_stock,official_unadjusted_ohlcv_tpex_trading_stock,TPEX_TRADING_STOCK,TPEX_TRADING_STOCK,False,unadjusted_ohlcv; adjusted_close_blocked_not_fabricated,True,False,False,False,False,False,False,False,True,False,1000000,5167.0,999814.5,953311.5,1425.0,4218.0,5643.0,-0.05208144504886193,applied_local_ep05_cost_model_to_unadjusted_ohlc_unit_notional,1368
2023-12-01,2023-12-04,2023-12-11,6593,台灣銘板,TPEx,market_bias_pool_trend_route,regime_switch_hybrid_route,mega_or_stock_route,stable_strength,next_day_close_entry_fixed_5td_exit,unadjusted_close,unadjusted_close,198.5,177.5,193.0,177.5,193.0,0.08732394366197194,True,,official_unadjusted_ohlcv_tpex_trading_stock,official_unadjusted_ohlcv_tpex_trading_stock,TPEX_TRADING_STOCK,TPEX_TRADING_STOCK,False,unadjusted_ohlcv; adjusted_close_blocked_not_fabricated,True,False,False,False,False,False,False,False,True,False,1000000,5633.0,999857.5,1087169.0,1425.0,4811.0,6236.0,0.08097165385393233,applied_local_ep05_cost_model_to_unadjusted_ohlc_unit_notional,1368
2023-12-01,2023-12-01,2023-12-08,6593,台灣銘板,TPEx,market_bias_pool_trend_route,regime_switch_hybrid_route,mega_or_stock_route,stable_strength,same_week_close_to_next_rebalance_close_comparator,unadjusted_close,unadjusted_close,170.0,190.5,184.5,190.5,184.5,-0.03149606299212604,True,,official_unadjusted_ohlcv_tpex_trading_stock,official_unadjusted_ohlcv_tpex_trading_stock,TPEX_TRADING_STOCK,TPEX_TRADING_STOCK,False,unadjusted_ohlcv; adjusted_close_blocked_not_fabricated,True,False,False,False,False,False,False,False,True,False,1000000,5249.0,999934.5,968440.5,1425.0,4285.0,5710.0,-0.037153489830575336,applied_local_ep05_cost_model_to_unadjusted_ohlc_unit_notional,1368
2023-12-01,2023-12-04,2023-12-11,6593,台灣銘板,TPEx,market_bias_pool_trend_route,regime_switch_hybrid_route,mega_or_stock_route,stable_strength,next_day_open_entry_fixed_5td_exit,unadjusted_open,unadjusted_close,198.5,177.5,193.0,198.5,193.0,-0.027707808564231717,True,,official_unadjusted_ohlcv_tpex_trading_stock,official_unadjusted_ohlcv_tpex_trading_stock,TPEX_TRADING_STOCK,TPEX_TRADING_STOCK,False,unadjusted_ohlcv; adjusted_close_blocked_not_fabricated,True,False,False,False,False,False,False,False,True,False,1000000,5037.0,999844.5,972141.0,1425.0,4301.0,5726.0,-0.03338711505743459,applied_local_ep05_cost_model_to_unadjusted_ohlc_unit_notional,1368
2023-12-01,2023-12-04,2023-12-11,6593,台灣銘板,TPEx,pool_breadth_route,regime_switch_hybrid_route,mega_or_stock_route,stable_strength,next_day_close_entry_fixed_5td_exit,unadjusted_close,unadjusted_close,198.5,177.5,193.0,177.5,193.0,0.08732394366197194,True,,official_unadjusted_ohlcv_tpex_trading_stock,official_unadjusted_ohlcv_tpex_trading_stock,TPEX_TRADING_STOCK,TPEX_TRADING_STOCK,False,unadjusted_ohlcv; adjusted_close_blocked_not_fabricated,True,False,False,False,False,False,False,False,True,False,1000000,5633.0,999857.5,1087169.0,1425.0,4811.0,6236.0,0.08097165385393233,applied_local_ep05_cost_model_to_unadjusted_ohlc_unit_notional,1368
2023-12-01,2023-12-01,2023-12-08,6593,台灣銘板,TPEx,pool_breadth_route,regime_switch_hybrid_route,mega_or_stock_route,stable_strength,same_week_close_to_next_rebalance_close_comparator,unadjusted_close,unadjusted_close,170.0,190.5,184.5,190.5,184.5,-0.03149606299212604,True,,official_unadjusted_ohlcv_tpex_trading_stock,official_unadjusted_ohlcv_tpex_trading_stock,TPEX_TRADING_STOCK,TPEX_TRADING_STOCK,False,unadjusted_ohlcv; adjusted_close_blocked_not_fabricated,True,False,False,False,False,False,False,False,True,False,1000000,5249.0,999934.5,968440.5,1425.0,4285.0,5710.0,-0.037153489830575336,applied_local_ep05_cost_model_to_unadjusted_ohlc_unit_notional,1368
2023-12-01,2023-12-04,2023-12-11,6593,台灣銘板,TPEx,pool_breadth_route,regime_switch_hybrid_route,mega_or_stock_route,stable_strength,next_day_open_entry_fixed_5td_exit,unadjusted_open,unadjusted_close,198.5,177.5,193.0,198.5,193.0,-0.027707808564231717,True,,official_unadjusted_ohlcv_tpex_trading_stock,official_unadjusted_ohlcv_tpex_trading_stock,TPEX_TRADING_STOCK,TPEX_TRADING_STOCK,False,unadjusted_ohlcv; adjusted_close_blocked_not_fabricated,True,False,False,False,False,False,False,False,True,False,1000000,5037.0,999844.5,972141.0,1425.0,4301.0,5726.0,-0.03338711505743459,applied_local_ep05_cost_model_to_unadjusted_ohlc_unit_notional,1368
2023-12-08,2023-12-11,2023-12-18,1514,亞力,TWSE,dynamic80_top1_rs20_31_bonus_proxy,legacy_rs20_operating_mode,mega_rs20,dynamic80_top1_rs20_31_bonus_proxy,next_day_close_entry_fixed_5td_exit,unadjusted_close,unadjusted_close,88.6,88.5,83.9,88.5,83.9,-0.051977401129943424,True,,official_unadjusted_ohlcv_twse_stock_day,official_unadjusted_ohlcv_twse_stock_day,TWSE_STOCK_DAY,TWSE_STOCK_DAY,False,unadjusted_ohlcv; adjusted_close_blocked_not_fabricated,True,False,False,False,False,False,False,False,True,False,1000000,11299.0,999961.5,947986.1000000001,1425.0,4195.0,5620.0,-0.0575156545449733,applied_local_ep05_cost_model_to_unadjusted_ohlc_unit_notional,1368
2023-12-08,2023-12-08,2023-12-15,1514,亞力,TWSE,dynamic80_top1_rs20_31_bonus_proxy,legacy_rs20_operating_mode,mega_rs20,dynamic80_top1_rs20_31_bonus_proxy,same_week_close_to_next_rebalance_close_comparator,unadjusted_close,unadjusted_close,86.5,87.6,87.2,87.6,87.2,-0.004566210045662045,True,,official_unadjusted_ohlcv_twse_stock_day,official_unadjusted_ohlcv_twse_stock_day,TWSE_STOCK_DAY,TWSE_STOCK_DAY,False,unadjusted_ohlcv; adjusted_close_blocked_not_fabricated,True,False,False,False,False,False,False,False,True,False,1000000,11415.0,999953.9999999999,995388.0,1425.0,4404.0,5829.0,-0.010380685035336156,applied_local_ep05_cost_model_to_unadjusted_ohlc_unit_notional,1368
2023-12-08,2023-12-11,2023-12-18,1514,亞力,TWSE,dynamic80_top1_rs20_31_bonus_proxy,legacy_rs20_operating_mode,mega_rs20,dynamic80_top1_rs20_31_bonus_proxy,next_day_open_entry_fixed_5td_exit,unadjusted_open,unadjusted_close,88.6,88.5,83.9,88.6,83.9,-0.053047404063205295,True,,official_unadjusted_ohlcv_twse_stock_day,official_unadjusted_ohlcv_twse_stock_day,TWSE_STOCK_DAY,TWSE_STOCK_DAY,False,unadjusted_ohlcv; adjusted_close_blocked_not_fabricated,True,False,False,False,False,False,False,False,True,False,1000000,11286.0,999939.6,946895.4,1425.0,4190.0,5615.0,-0.058579262738067586,applied_local_ep05_cost_model_to_unadjusted_ohlc_unit_notional,1368
2023-12-08,2023-12-11,2023-12-18,1514,亞力,TWSE,dynamic80_top1_rs20_7core_context_proxy,legacy_rs20_operating_mode,mega_rs20,dynamic80_top1_rs20_7core_context_proxy,next_day_close_entry_fixed_5td_exit,unadjusted_close,unadjusted_close,88.6,88.5,83.9,88.5,83.9,-0.051977401129943424,True,,official_unadjusted_ohlcv_twse_stock_day,official_unadjusted_ohlcv_twse_stock_day,TWSE_STOCK_DAY,TWSE_STOCK_DAY,False,unadjusted_ohlcv; adjusted_close_blocked_not_fabricated,True,False,False,False,False,False,False,False,True,False,1000000,11299.0,999961.5,947986.1000000001,1425.0,4195.0,5620.0,-0.0575156545449733,applied_local_ep05_cost_model_to_unadjusted_ohlc_unit_notional,1368
2023-12-08,2023-12-08,2023-12-15,1514,亞力,TWSE,dynamic80_top1_rs20_7core_context_proxy,legacy_rs20_operating_mode,mega_rs20,dynamic80_top1_rs20_7core_context_proxy,same_week_close_to_next_rebalance_close_comparator,unadjusted_close,unadjusted_close,86.5,87.6,87.2,87.6,87.2,-0.004566210045662045,True,,official_unadjusted_ohlcv_twse_stock_day,official_unadjusted_ohlcv_twse_stock_day,TWSE_STOCK_DAY,TWSE_STOCK_DAY,False,unadjusted_ohlcv; adjusted_close_blocked_not_fabricated,True,False,False,False,False,False,False,False,True,False,1000000,11415.0,999953.9999999999,995388.0,1425.0,4404.0,5829.0,-0.010380685035336156,applied_local_ep05_cost_model_to_unadjusted_ohlc_unit_notional,1368
2023-12-08,2023-12-11,2023-12-18,1514,亞力,TWSE,dynamic80_top1_rs20_7core_context_proxy,legacy_rs20_operating_mode,mega_rs20,dynamic80_top1_rs20_7core_context_proxy,next_day_open_entry_fixed_5td_exit,unadjusted_open,unadjusted_close,88.6,88.5,83.9,88.6,83.9,-0.053047404063205295,True,,official_unadjusted_ohlcv_twse_stock_day,official_unadjusted_ohlcv_twse_stock_day,TWSE_STOCK_DAY,TWSE_STOCK_DAY,False,unadjusted_ohlcv; adjusted_close_blocked_not_fabricated,True,False,False,False,False,False,False,False,True,False,1000000,11286.0,999939.6,946895.4,1425.0,4190.0,5615.0,-0.058579262738067586,applied_local_ep05_cost_model_to_unadjusted_ohlc_unit_notional,1368
2023-12-08,2023-12-11,2023-12-18,1514,亞力,TWSE,dynamic80_top1_rs20_proxy,legacy_rs20_operating_mode,mega_rs20,dynamic80_top1_rs20_proxy,next_day_close_entry_fixed_5td_exit,unadjusted_close,unadjusted_close,88.6,88.5,83.9,88.5,83.9,-0.051977401129943424,True,,official_unadjusted_ohlcv_twse_stock_day,official_unadjusted_ohlcv_twse_stock_day,TWSE_STOCK_DAY,TWSE_STOCK_DAY,False,unadjusted_ohlcv; adjusted_close_blocked_not_fabricated,True,False,False,False,False,False,False,False,True,False,1000000,11299.0,999961.5,947986.1000000001,1425.0,4195.0,5620.0,-0.0575156545449733,applied_local_ep05_cost_model_to_unadjusted_ohlc_unit_notional,1368
2023-12-08,2023-12-08,2023-12-15,1514,亞力,TWSE,dynamic80_top1_rs20_proxy,legacy_rs20_operating_mode,mega_rs20,dynamic80_top1_rs20_proxy,same_week_close_to_next_rebalance_close_comparator,unadjusted_close,unadjusted_close,86.5,87.6,87.2,87.6,87.2,-0.004566210045662045,True,,official_unadjusted_ohlcv_twse_stock_day,official_unadjusted_ohlcv_twse_stock_day,TWSE_STOCK_DAY,TWSE_STOCK_DAY,False,unadjusted_ohlcv; adjusted_close_blocked_not_fabricated,True,False,False,False,False,False,False,False,True,False,1000000,11415.0,999953.9999999999,995388.0,1425.0,4404.0,5829.0,-0.010380685035336156,applied_local_ep05_cost_model_to_unadjusted_ohlc_unit_notional,1368
2023-12-08,2023-12-11,2023-12-18,1514,亞力,TWSE,dynamic80_top1_rs20_proxy,legacy_rs20_operating_mode,mega_rs20,dynamic80_top1_rs20_proxy,next_day_open_entry_fixed_5td_exit,unadjusted_open,unadjusted_close,88.6,88.5,83.9,88.6,83.9,-0.053047404063205295,True,,official_unadjusted_ohlcv_twse_stock_day,official_unadjusted_ohlcv_twse_stock_day,TWSE_STOCK_DAY,TWSE_STOCK_DAY,False,unadjusted_ohlcv; adjusted_close_blocked_not_fabricated,True,False,False,False,False,False,False,False,True,False,1000000,11286.0,999939.6,946895.4,1425.0,4190.0,5615.0,-0.058579262738067586,applied_local_ep05_cost_model_to_unadjusted_ohlc_unit_notional,1368
2023-12-08,2023-12-11,2023-12-18,1514,亞力,TWSE,dynamic80_top3_rs20_risk_tiebreak_proxy,legacy_rs20_operating_mode,mega_rs20,dynamic80_top3_rs20_risk_tiebreak_proxy,next_day_close_entry_fixed_5td_exit,unadjusted_close,unadjusted_close,88.6,88.5,83.9,88.5,83.9,-0.051977401129943424,True,,official_unadjusted_ohlcv_twse_stock_day,official_unadjusted_ohlcv_twse_stock_day,TWSE_STOCK_DAY,TWSE_STOCK_DAY,False,unadjusted_ohlcv; adjusted_close_blocked_not_fabricated,True,False,False,False,False,False,False,False,True,False,1000000,11299.0,999961.5,947986.1000000001,1425.0,4195.0,5620.0,-0.0575156545449733,applied_local_ep05_cost_model_to_unadjusted_ohlc_unit_notional,1368
2023-12-08,2023-12-08,2023-12-15,1514,亞力,TWSE,dynamic80_top3_rs20_risk_tiebreak_proxy,legacy_rs20_operating_mode,mega_rs20,dynamic80_top3_rs20_risk_tiebreak_proxy,same_week_close_to_next_rebalance_close_comparator,unadjusted_close,unadjusted_close,86.5,87.6,87.2,87.6,87.2,-0.004566210045662045,True,,official_unadjusted_ohlcv_twse_stock_day,official_unadjusted_ohlcv_twse_stock_day,TWSE_STOCK_DAY,TWSE_STOCK_DAY,False,unadjusted_ohlcv; adjusted_close_blocked_not_fabricated,True,False,False,False,False,False,False,False,True,False,1000000,11415.0,999953.9999999999,995388.0,1425.0,4404.0,5829.0,-0.010380685035336156,applied_local_ep05_cost_model_to_unadjusted_ohlc_unit_notional,1368
2023-12-08,2023-12-11,2023-12-18,1514,亞力,TWSE,dynamic80_top3_rs20_risk_tiebreak_proxy,legacy_rs20_operating_mode,mega_rs20,dynamic80_top3_rs20_risk_tiebreak_proxy,next_day_open_entry_fixed_5td_exit,unadjusted_open,unadjusted_close,88.6,88.5,83.9,88.6,83.9,-0.053047404063205295,True,,official_unadjusted_ohlcv_twse_stock_day,official_unadjusted_ohlcv_twse_stock_day,TWSE_STOCK_DAY,TWSE_STOCK_DAY,False,unadjusted_ohlcv; adjusted_close_blocked_not_fabricated,True,False,False,False,False,False,False,False,True,False,1000000,11286.0,999939.6,946895.4,1425.0,4190.0,5615.0,-0.058579262738067586,applied_local_ep05_cost_model_to_unadjusted_ohlc_unit_notional,1368
2023-12-08,2023-12-11,2023-12-18,1514,亞力,TWSE,conservative_hurdle_route,regime_switch_hybrid_route,ordinary_defensive_00631L_base,rs20_top3_risk_tiebreak,next_day_close_entry_fixed_5td_exit,unadjusted_close,unadjusted_close,88.6,88.5,83.9,88.5,83.9,-0.051977401129943424,True,,official_unadjusted_ohlcv_twse_stock_day,official_unadjusted_ohlcv_twse_stock_day,TWSE_STOCK_DAY,TWSE_STOCK_DAY,False,unadjusted_ohlcv; adjusted_close_blocked_not_fabricated,True,False,False,False,False,False,False,False,True,False,1000000,11299.0,999961.5,947986.1000000001,1425.0,4195.0,5620.0,-0.0575156545449733,applied_local_ep05_cost_model_to_unadjusted_ohlc_unit_notional,1368
2023-12-08,2023-12-08,2023-12-15,1514,亞力,TWSE,conservative_hurdle_route,regime_switch_hybrid_route,ordinary_defensive_00631L_base,rs20_top3_risk_tiebreak,same_week_close_to_next_rebalance_close_comparator,unadjusted_close,unadjusted_close,86.5,87.6,87.2,87.6,87.2,-0.004566210045662045,True,,official_unadjusted_ohlcv_twse_stock_day,official_unadjusted_ohlcv_twse_stock_day,TWSE_STOCK_DAY,TWSE_STOCK_DAY,False,unadjusted_ohlcv; adjusted_close_blocked_not_fabricated,True,False,False,False,False,False,False,False,True,False,1000000,11415.0,999953.9999999999,995388.0,1425.0,4404.0,5829.0,-0.010380685035336156,applied_local_ep05_cost_model_to_unadjusted_ohlc_unit_notional,1368
2023-12-08,2023-12-11,2023-12-18,1514,亞力,TWSE,conservative_hurdle_route,regime_switch_hybrid_route,ordinary_defensive_00631L_base,rs20_top3_risk_tiebreak,next_day_open_entry_fixed_5td_exit,unadjusted_open,unadjusted_close,88.6,88.5,83.9,88.6,83.9,-0.053047404063205295,True,,official_unadjusted_ohlcv_twse_stock_day,official_unadjusted_ohlcv_twse_stock_day,TWSE_STOCK_DAY,TWSE_STOCK_DAY,False,unadjusted_ohlcv; adjusted_close_blocked_not_fabricated,True,False,False,False,False,False,False,False,True,False,1000000,11286.0,999939.6,946895.4,1425.0,4190.0,5615.0,-0.058579262738067586,applied_local_ep05_cost_model_to_unadjusted_ohlc_unit_notional,1368
2023-12-08,2023-12-11,2023-12-18,1514,亞力,TWSE,dispersion_route,regime_switch_hybrid_route,dispersion,rs20_top3_risk_tiebreak,next_day_close_entry_fixed_5td_exit,unadjusted_close,unadjusted_close,88.6,88.5,83.9,88.5,83.9,-0.051977401129943424,True,,official_unadjusted_ohlcv_twse_stock_day,official_unadjusted_ohlcv_twse_stock_day,TWSE_STOCK_DAY,TWSE_STOCK_DAY,False,unadjusted_ohlcv; adjusted_close_blocked_not_fabricated,True,False,False,False,False,False,False,False,True,False,1000000,11299.0,999961.5,947986.1000000001,1425.0,4195.0,5620.0,-0.0575156545449733,applied_local_ep05_cost_model_to_unadjusted_ohlc_unit_notional,1368
2023-12-08,2023-12-08,2023-12-15,1514,亞力,TWSE,dispersion_route,regime_switch_hybrid_route,dispersion,rs20_top3_risk_tiebreak,same_week_close_to_next_rebalance_close_comparator,unadjusted_close,unadjusted_close,86.5,87.6,87.2,87.6,87.2,-0.004566210045662045,True,,official_unadjusted_ohlcv_twse_stock_day,official_unadjusted_ohlcv_twse_stock_day,TWSE_STOCK_DAY,TWSE_STOCK_DAY,False,unadjusted_ohlcv; adjusted_close_blocked_not_fabricated,True,False,False,False,False,False,False,False,True,False,1000000,11415.0,999953.9999999999,995388.0,1425.0,4404.0,5829.0,-0.010380685035336156,applied_local_ep05_cost_model_to_unadjusted_ohlc_unit_notional,1368
2023-12-08,2023-12-11,2023-12-18,1514,亞力,TWSE,dispersion_route,regime_switch_hybrid_route,dispersion,rs20_top3_risk_tiebreak,next_day_open_entry_fixed_5td_exit,unadjusted_open,unadjusted_close,88.6,88.5,83.9,88.6,83.9,-0.053047404063205295,True,,official_unadjusted_ohlcv_twse_stock_day,official_unadjusted_ohlcv_twse_stock_day,TWSE_STOCK_DAY,TWSE_STOCK_DAY,False,unadjusted_ohlcv; adjusted_close_blocked_not_fabricated,True,False,False,False,False,False,False,False,True,False,1000000,11286.0,999939.6,946895.4,1425.0,4190.0,5615.0,-0.058579262738067586,applied_local_ep05_cost_model_to_unadjusted_ohlc_unit_notional,1368
2023-12-08,2023-12-11,2023-12-18,1514,亞力,TWSE,hybrid_pullback_base_mega_override,regime_switch_hybrid_route,hybrid,rs20_top3_risk_tiebreak,next_day_close_entry_fixed_5td_exit,unadjusted_close,unadjusted_close,88.6,88.5,83.9,88.5,83.9,-0.051977401129943424,True,,official_unadjusted_ohlcv_twse_stock_day,official_unadjusted_ohlcv_twse_stock_day,TWSE_STOCK_DAY,TWSE_STOCK_DAY,False,unadjusted_ohlcv; adjusted_close_blocked_not_fabricated,True,False,False,False,False,False,False,False,True,False,1000000,11299.0,999961.5,947986.1000000001,1425.0,4195.0,5620.0,-0.0575156545449733,applied_local_ep05_cost_model_to_unadjusted_ohlc_unit_notional,1368
2023-12-08,2023-12-08,2023-12-15,1514,亞力,TWSE,hybrid_pullback_base_mega_override,regime_switch_hybrid_route,hybrid,rs20_top3_risk_tiebreak,same_week_close_to_next_rebalance_close_comparator,unadjusted_close,unadjusted_close,86.5,87.6,87.2,87.6,87.2,-0.004566210045662045,True,,official_unadjusted_ohlcv_twse_stock_day,official_unadjusted_ohlcv_twse_stock_day,TWSE_STOCK_DAY,TWSE_STOCK_DAY,False,unadjusted_ohlcv; adjusted_close_blocked_not_fabricated,True,False,False,False,False,False,False,False,True,False,1000000,11415.0,999953.9999999999,995388.0,1425.0,4404.0,5829.0,-0.010380685035336156,applied_local_ep05_cost_model_to_unadjusted_ohlc_unit_notional,1368
2023-12-08,2023-12-11,2023-12-18,1514,亞力,TWSE,hybrid_pullback_base_mega_override,regime_switch_hybrid_route,hybrid,rs20_top3_risk_tiebreak,next_day_open_entry_fixed_5td_exit,unadjusted_open,unadjusted_close,88.6,88.5,83.9,88.6,83.9,-0.053047404063205295,True,,official_unadjusted_ohlcv_twse_stock_day,official_unadjusted_ohlcv_twse_stock_day,TWSE_STOCK_DAY,TWSE_STOCK_DAY,False,unadjusted_ohlcv; adjusted_close_blocked_not_fabricated,True,False,False,False,False,False,False,False,True,False,1000000,11286.0,999939.6,946895.4,1425.0,4190.0,5615.0,-0.058579262738067586,applied_local_ep05_cost_model_to_unadjusted_ohlc_unit_notional,1368
2023-12-08,2023-12-11,2023-12-18,6117,迎廣,TWSE,market_bias_pool_trend_route,regime_switch_hybrid_route,mega_or_stock_route,stable_strength,next_day_close_entry_fixed_5td_exit,unadjusted_close,unadjusted_close,75.8,71.5,73.8,71.5,73.8,0.03216783216783203,True,,official_unadjusted_ohlcv_twse_stock_day,official_unadjusted_ohlcv_twse_stock_day,TWSE_STOCK_DAY,TWSE_STOCK_DAY,False,unadjusted_ohlcv; adjusted_close_blocked_not_fabricated,True,False,False,False,False,False,False,False,True,False,1000000,13986.0,999999.0,1032166.7999999999,1425.0,4568.0,5993.0,0.026137580085957526,applied_local_ep05_cost_model_to_unadjusted_ohlc_unit_notional,1368
2023-12-08,2023-12-08,2023-12-15,6117,迎廣,TWSE,market_bias_pool_trend_route,regime_switch_hybrid_route,mega_or_stock_route,stable_strength,same_week_close_to_next_rebalance_close_comparator,unadjusted_close,unadjusted_close,79.7,75.2,72.5,75.2,72.5,-0.03590425531914898,True,,official_unadjusted_ohlcv_twse_stock_day,official_unadjusted_ohlcv_twse_stock_day,TWSE_STOCK_DAY,TWSE_STOCK_DAY,False,unadjusted_ohlcv; adjusted_close_blocked_not_fabricated,True,False,False,False,False,False,False,False,True,False,1000000,13297.0,999934.4,964032.5,1425.0,4266.0,5691.0,-0.04153643536975837,applied_local_ep05_cost_model_to_unadjusted_ohlc_unit_notional,1368
2023-12-08,2023-12-11,2023-12-18,6117,迎廣,TWSE,market_bias_pool_trend_route,regime_switch_hybrid_route,mega_or_stock_route,stable_strength,next_day_open_entry_fixed_5td_exit,unadjusted_open,unadjusted_close,75.8,71.5,73.8,75.8,73.8,-0.02638522427440637,True,,official_unadjusted_ohlcv_twse_stock_day,official_unadjusted_ohlcv_twse_stock_day,TWSE_STOCK_DAY,TWSE_STOCK_DAY,False,unadjusted_ohlcv; adjusted_close_blocked_not_fabricated,True,False,False,False,False,False,False,False,True,False,1000000,13192.0,999953.6,973569.6,1425.0,4308.0,5733.0,-0.03207278445934435,applied_local_ep05_cost_model_to_unadjusted_ohlc_unit_notional,1368
2023-12-08,2023-12-11,2023-12-18,6117,迎廣,TWSE,pool_breadth_route,regime_switch_hybrid_route,mega_or_stock_route,stable_strength,next_day_close_entry_fixed_5td_exit,unadjusted_close,unadjusted_close,75.8,71.5,73.8,71.5,73.8,0.03216783216783203,True,,official_unadjusted_ohlcv_twse_stock_day,official_unadjusted_ohlcv_twse_stock_day,TWSE_STOCK_DAY,TWSE_STOCK_DAY,False,unadjusted_ohlcv; adjusted_close_blocked_not_fabricated,True,False,False,False,False,False,False,False,True,False,1000000,13986.0,999999.0,1032166.7999999999,1425.0,4568.0,5993.0,0.026137580085957526,applied_local_ep05_cost_model_to_unadjusted_ohlc_unit_notional,1368
2023-12-08,2023-12-08,2023-12-15,6117,迎廣,TWSE,pool_breadth_route,regime_switch_hybrid_route,mega_or_stock_route,stable_strength,same_week_close_to_next_rebalance_close_comparator,unadjusted_close,unadjusted_close,79.7,75.2,72.5,75.2,72.5,-0.03590425531914898,True,,official_unadjusted_ohlcv_twse_stock_day,official_unadjusted_ohlcv_twse_stock_day,TWSE_STOCK_DAY,TWSE_STOCK_DAY,False,unadjusted_ohlcv; adjusted_close_blocked_not_fabricated,True,False,False,False,False,False,False,False,True,False,1000000,13297.0,999934.4,964032.5,1425.0,4266.0,5691.0,-0.04153643536975837,applied_local_ep05_cost_model_to_unadjusted_ohlc_unit_notional,1368
2023-12-08,2023-12-11,2023-12-18,6117,迎廣,TWSE,pool_breadth_route,regime_switch_hybrid_route,mega_or_stock_route,stable_strength,next_day_open_entry_fixed_5td_exit,unadjusted_open,unadjusted_close,75.8,71.5,73.8,75.8,73.8,-0.02638522427440637,True,,official_unadjusted_ohlcv_twse_stock_day,official_unadjusted_ohlcv_twse_stock_day,TWSE_STOCK_DAY,TWSE_STOCK_DAY,False,unadjusted_ohlcv; adjusted_close_blocked_not_fabricated,True,False,False,False,False,False,False,False,True,False,1000000,13192.0,999953.6,973569.6,1425.0,4308.0,5733.0,-0.03207278445934435,applied_local_ep05_cost_model_to_unadjusted_ohlc_unit_notional,1368
2023-12-15,2023-12-18,2023-12-25,6593,台灣銘板,TPEx,dynamic80_top1_rs20_31_bonus_proxy,legacy_rs20_operating_mode,mega_rs20,dynamic80_top1_rs20_31_bonus_proxy,next_day_close_entry_fixed_5td_exit,unadjusted_close,unadjusted_close,185.0,183.0,167.0,183.0,167.0,-0.08743169398907102,True,,official_unadjusted_ohlcv_tpex_trading_stock,official_unadjusted_ohlcv_tpex_trading_stock,TPEX_TRADING_STOCK,TPEX_TRADING_STOCK,False,unadjusted_ohlcv; adjusted_close_blocked_not_fabricated,True,False,False,False,False,False,False,False,True,False,1000000,5464.0,999912.0,912488.0,1425.0,4037.0,5462.0,-0.09276197723643488,applied_local_ep05_cost_model_to_unadjusted_ohlc_unit_notional,1368
2023-12-15,2023-12-15,2023-12-22,6593,台灣銘板,TPEx,dynamic80_top1_rs20_31_bonus_proxy,legacy_rs20_operating_mode,mega_rs20,dynamic80_top1_rs20_31_bonus_proxy,same_week_close_to_next_rebalance_close_comparator,unadjusted_close,unadjusted_close,190.5,191.0,170.0,191.0,170.0,-0.10994764397905754,True,,official_unadjusted_ohlcv_tpex_trading_stock,official_unadjusted_ohlcv_tpex_trading_stock,TPEX_TRADING_STOCK,TPEX_TRADING_STOCK,False,unadjusted_ohlcv; adjusted_close_blocked_not_fabricated,True,False,False,False,False,False,False,False,True,False,1000000,5235.0,999885.0,889950.0,1425.0,3938.0,5363.0,-0.11514715722403651,applied_local_ep05_cost_model_to_unadjusted_ohlc_unit_notional,1368
2023-12-15,2023-12-18,2023-12-25,6593,台灣銘板,TPEx,dynamic80_top1_rs20_31_bonus_proxy,legacy_rs20_operating_mode,mega_rs20,dynamic80_top1_rs20_31_bonus_proxy,next_day_open_entry_fixed_5td_exit,unadjusted_open,unadjusted_close,185.0,183.0,167.0,185.0,167.0,-0.0972972972972973,True,,official_unadjusted_ohlcv_tpex_trading_stock,official_unadjusted_ohlcv_tpex_trading_stock,TPEX_TRADING_STOCK,TPEX_TRADING_STOCK,False,unadjusted_ohlcv; adjusted_close_blocked_not_fabricated,True,False,False,False,False,False,False,False,True,False,1000000,5405.0,999925.0,902635.0,1425.0,3994.0,5419.0,-0.10257052978479053,applied_local_ep05_cost_model_to_unadjusted_ohlc_unit_notional,1368
2023-12-15,2023-12-18,2023-12-25,6593,台灣銘板,TPEx,dynamic80_top1_rs20_7core_context_proxy,legacy_rs20_operating_mode,mega_rs20,dynamic80_top1_rs20_7core_context_proxy,next_day_close_entry_fixed_5td_exit,unadjusted_close,unadjusted_close,185.0,183.0,167.0,183.0,167.0,-0.08743169398907102,True,,official_unadjusted_ohlcv_tpex_trading_stock,official_unadjusted_ohlcv_tpex_trading_stock,TPEX_TRADING_STOCK,TPEX_TRADING_STOCK,False,unadjusted_ohlcv; adjusted_close_blocked_not_fabricated,True,False,False,False,False,False,False,False,True,False,1000000,5464.0,999912.0,912488.0,1425.0,4037.0,5462.0,-0.09276197723643488,applied_local_ep05_cost_model_to_unadjusted_ohlc_unit_notional,1368
2023-12-15,2023-12-15,2023-12-22,6593,台灣銘板,TPEx,dynamic80_top1_rs20_7core_context_proxy,legacy_rs20_operating_mode,mega_rs20,dynamic80_top1_rs20_7core_context_proxy,same_week_close_to_next_rebalance_close_comparator,unadjusted_close,unadjusted_close,190.5,191.0,170.0,191.0,170.0,-0.10994764397905754,True,,official_unadjusted_ohlcv_tpex_trading_stock,official_unadjusted_ohlcv_tpex_trading_stock,TPEX_TRADING_STOCK,TPEX_TRADING_STOCK,False,unadjusted_ohlcv; adjusted_close_blocked_not_fabricated,True,False,False,False,False,False,False,False,True,False,1000000,5235.0,999885.0,889950.0,1425.0,3938.0,5363.0,-0.11514715722403651,applied_local_ep05_cost_model_to_unadjusted_ohlc_unit_notional,1368
2023-12-15,2023-12-18,2023-12-25,6593,台灣銘板,TPEx,dynamic80_top1_rs20_7core_context_proxy,legacy_rs20_operating_mode,mega_rs20,dynamic80_top1_rs20_7core_context_proxy,next_day_open_entry_fixed_5td_exit,unadjusted_open,unadjusted_close,185.0,183.0,167.0,185.0,167.0,-0.0972972972972973,True,,official_unadjusted_ohlcv_tpex_trading_stock,official_unadjusted_ohlcv_tpex_trading_stock,TPEX_TRADING_STOCK,TPEX_TRADING_STOCK,False,unadjusted_ohlcv; adjusted_close_blocked_not_fabricated,True,False,False,False,False,False,False,False,True,False,1000000,5405.0,999925.0,902635.0,1425.0,3994.0,5419.0,-0.10257052978479053,applied_local_ep05_cost_model_to_unadjusted_ohlc_unit_notional,1368
2023-12-15,2023-12-18,2023-12-25,6593,台灣銘板,TPEx,dynamic80_top1_rs20_proxy,legacy_rs20_operating_mode,mega_rs20,dynamic80_top1_rs20_proxy,next_day_close_entry_fixed_5td_exit,unadjusted_close,unadjusted_close,185.0,183.0,167.0,183.0,167.0,-0.08743169398907102,True,,official_unadjusted_ohlcv_tpex_trading_stock,official_unadjusted_ohlcv_tpex_trading_stock,TPEX_TRADING_STOCK,TPEX_TRADING_STOCK,False,unadjusted_ohlcv; adjusted_close_blocked_not_fabricated,True,False,False,False,False,False,False,False,True,False,1000000,5464.0,999912.0,912488.0,1425.0,4037.0,5462.0,-0.09276197723643488,applied_local_ep05_cost_model_to_unadjusted_ohlc_unit_notional,1368
2023-12-15,2023-12-15,2023-12-22,6593,台灣銘板,TPEx,dynamic80_top1_rs20_proxy,legacy_rs20_operating_mode,mega_rs20,dynamic80_top1_rs20_proxy,same_week_close_to_next_rebalance_close_comparator,unadjusted_close,unadjusted_close,190.5,191.0,170.0,191.0,170.0,-0.10994764397905754,True,,official_unadjusted_ohlcv_tpex_trading_stock,official_unadjusted_ohlcv_tpex_trading_stock,TPEX_TRADING_STOCK,TPEX_TRADING_STOCK,False,unadjusted_ohlcv; adjusted_close_blocked_not_fabricated,True,False,False,False,False,False,False,False,True,False,1000000,5235.0,999885.0,889950.0,1425.0,3938.0,5363.0,-0.11514715722403651,applied_local_ep05_cost_model_to_unadjusted_ohlc_unit_notional,1368
2023-12-15,2023-12-18,2023-12-25,6593,台灣銘板,TPEx,dynamic80_top1_rs20_proxy,legacy_rs20_operating_mode,mega_rs20,dynamic80_top1_rs20_proxy,next_day_open_entry_fixed_5td_exit,unadjusted_open,unadjusted_close,185.0,183.0,167.0,185.0,167.0,-0.0972972972972973,True,,official_unadjusted_ohlcv_tpex_trading_stock,official_unadjusted_ohlcv_tpex_trading_stock,TPEX_TRADING_STOCK,TPEX_TRADING_STOCK,False,unadjusted_ohlcv; adjusted_close_blocked_not_fabricated,True,False,False,False,False,False,False,False,True,False,1000000,5405.0,999925.0,902635.0,1425.0,3994.0,5419.0,-0.10257052978479053,applied_local_ep05_cost_model_to_unadjusted_ohlc_unit_notional,1368
2023-12-15,2023-12-18,2023-12-25,6593,台灣銘板,TPEx,dynamic80_top3_rs20_risk_tiebreak_proxy,legacy_rs20_operating_mode,mega_rs20,dynamic80_top3_rs20_risk_tiebreak_proxy,next_day_close_entry_fixed_5td_exit,unadjusted_close,unadjusted_close,185.0,183.0,167.0,183.0,167.0,-0.08743169398907102,True,,official_unadjusted_ohlcv_tpex_trading_stock,official_unadjusted_ohlcv_tpex_trading_stock,TPEX_TRADING_STOCK,TPEX_TRADING_STOCK,False,unadjusted_ohlcv; adjusted_close_blocked_not_fabricated,True,False,False,False,False,False,False,False,True,False,1000000,5464.0,999912.0,912488.0,1425.0,4037.0,5462.0,-0.09276197723643488,applied_local_ep05_cost_model_to_unadjusted_ohlc_unit_notional,1368
2023-12-15,2023-12-15,2023-12-22,6593,台灣銘板,TPEx,dynamic80_top3_rs20_risk_tiebreak_proxy,legacy_rs20_operating_mode,mega_rs20,dynamic80_top3_rs20_risk_tiebreak_proxy,same_week_close_to_next_rebalance_close_comparator,unadjusted_close,unadjusted_close,190.5,191.0,170.0,191.0,170.0,-0.10994764397905754,True,,official_unadjusted_ohlcv_tpex_trading_stock,official_unadjusted_ohlcv_tpex_trading_stock,TPEX_TRADING_STOCK,TPEX_TRADING_STOCK,False,unadjusted_ohlcv; adjusted_close_blocked_not_fabricated,True,False,False,False,False,False,False,False,True,False,1000000,5235.0,999885.0,889950.0,1425.0,3938.0,5363.0,-0.11514715722403651,applied_local_ep05_cost_model_to_unadjusted_ohlc_unit_notional,1368
2023-12-15,2023-12-18,2023-12-25,6593,台灣銘板,TPEx,dynamic80_top3_rs20_risk_tiebreak_proxy,legacy_rs20_operating_mode,mega_rs20,dynamic80_top3_rs20_risk_tiebreak_proxy,next_day_open_entry_fixed_5td_exit,unadjusted_open,unadjusted_close,185.0,183.0,167.0,185.0,167.0,-0.0972972972972973,True,,official_unadjusted_ohlcv_tpex_trading_stock,official_unadjusted_ohlcv_tpex_trading_stock,TPEX_TRADING_STOCK,TPEX_TRADING_STOCK,False,unadjusted_ohlcv; adjusted_close_blocked_not_fabricated,True,False,False,False,False,False,False,False,True,False,1000000,5405.0,999925.0,902635.0,1425.0,3994.0,5419.0,-0.10257052978479053,applied_local_ep05_cost_model_to_unadjusted_ohlc_unit_notional,1368
2023-12-15,2023-12-18,2023-12-25,3008,大立光,TWSE,conservative_hurdle_route,regime_switch_hybrid_route,ordinary_defensive_00631L_base,rs20_top3_risk_tiebreak,next_day_close_entry_fixed_5td_exit,unadjusted_close,unadjusted_close,2670.0,2675.0,2795.0,2675.0,2795.0,0.04485981308411224,True,,official_unadjusted_ohlcv_twse_stock_day,official_unadjusted_ohlcv_twse_stock_day,TWSE_STOCK_DAY,TWSE_STOCK_DAY,False,unadjusted_ohlcv; adjusted_close_blocked_not_fabricated,True,False,False,False,False,False,False,False,True,False,1000000,373.0,997775.0,1042535.0,1422.0,4614.0,6036.0,0.03875512036165041,applied_local_ep05_cost_model_to_unadjusted_ohlc_unit_notional,1368
2023-12-15,2023-12-15,2023-12-22,3008,大立光,TWSE,conservative_hurdle_route,regime_switch_hybrid_route,ordinary_defensive_00631L_base,rs20_top3_risk_tiebreak,same_week_close_to_next_rebalance_close_comparator,unadjusted_close,unadjusted_close,2715.0,2670.0,2650.0,2670.0,2650.0,-0.0074906367041198685,True,,official_unadjusted_ohlcv_twse_stock_day,official_unadjusted_ohlcv_twse_stock_day,TWSE_STOCK_DAY,TWSE_STOCK_DAY,False,unadjusted_ohlcv; adjusted_close_blocked_not_fabricated,True,False,False,False,False,False,False,False,True,False,1000000,374.0,998580.0,991100.0,1423.0,4385.0,5808.0,-0.013287960136119591,applied_local_ep05_cost_model_to_unadjusted_ohlc_unit_notional,1368
2023-12-15,2023-12-18,2023-12-25,3008,大立光,TWSE,conservative_hurdle_route,regime_switch_hybrid_route,ordinary_defensive_00631L_base,rs20_top3_risk_tiebreak,next_day_open_entry_fixed_5td_exit,unadjusted_open,unadjusted_close,2670.0,2675.0,2795.0,2670.0,2795.0,0.04681647940074907,True,,official_unadjusted_ohlcv_twse_stock_day,official_unadjusted_ohlcv_twse_stock_day,TWSE_STOCK_DAY,TWSE_STOCK_DAY,False,unadjusted_ohlcv; adjusted_close_blocked_not_fabricated,True,False,False,False,False,False,False,False,True,False,1000000,374.0,998580.0,1045330.0,1423.0,4626.0,6049.0,0.04070087789736631,applied_local_ep05_cost_model_to_unadjusted_ohlc_unit_notional,1368
2023-12-15,2023-12-18,2023-12-25,3008,大立光,TWSE,dispersion_route,regime_switch_hybrid_route,dispersion,rs20_top3_risk_tiebreak,next_day_close_entry_fixed_5td_exit,unadjusted_close,unadjusted_close,2670.0,2675.0,2795.0,2675.0,2795.0,0.04485981308411224,True,,official_unadjusted_ohlcv_twse_stock_day,official_unadjusted_ohlcv_twse_stock_day,TWSE_STOCK_DAY,TWSE_STOCK_DAY,False,unadjusted_ohlcv; adjusted_close_blocked_not_fabricated,True,False,False,False,False,False,False,False,True,False,1000000,373.0,997775.0,1042535.0,1422.0,4614.0,6036.0,0.03875512036165041,applied_local_ep05_cost_model_to_unadjusted_ohlc_unit_notional,1368
2023-12-15,2023-12-15,2023-12-22,3008,大立光,TWSE,dispersion_route,regime_switch_hybrid_route,dispersion,rs20_top3_risk_tiebreak,same_week_close_to_next_rebalance_close_comparator,unadjusted_close,unadjusted_close,2715.0,2670.0,2650.0,2670.0,2650.0,-0.0074906367041198685,True,,official_unadjusted_ohlcv_twse_stock_day,official_unadjusted_ohlcv_twse_stock_day,TWSE_STOCK_DAY,TWSE_STOCK_DAY,False,unadjusted_ohlcv; adjusted_close_blocked_not_fabricated,True,False,False,False,False,False,False,False,True,False,1000000,374.0,998580.0,991100.0,1423.0,4385.0,5808.0,-0.013287960136119591,applied_local_ep05_cost_model_to_unadjusted_ohlc_unit_notional,1368
2023-12-15,2023-12-18,2023-12-25,3008,大立光,TWSE,dispersion_route,regime_switch_hybrid_route,dispersion,rs20_top3_risk_tiebreak,next_day_open_entry_fixed_5td_exit,unadjusted_open,unadjusted_close,2670.0,2675.0,2795.0,2670.0,2795.0,0.04681647940074907,True,,official_unadjusted_ohlcv_twse_stock_day,official_unadjusted_ohlcv_twse_stock_day,TWSE_STOCK_DAY,TWSE_STOCK_DAY,False,unadjusted_ohlcv; adjusted_close_blocked_not_fabricated,True,False,False,False,False,False,False,False,True,False,1000000,374.0,998580.0,1045330.0,1423.0,4626.0,6049.0,0.04070087789736631,applied_local_ep05_cost_model_to_unadjusted_ohlc_unit_notional,1368
2023-12-15,2023-12-18,2023-12-25,3008,大立光,TWSE,hybrid_pullback_base_mega_override,regime_switch_hybrid_route,hybrid,rs20_top3_risk_tiebreak,next_day_close_entry_fixed_5td_exit,unadjusted_close,unadjusted_close,2670.0,2675.0,2795.0,2675.0,2795.0,0.04485981308411224,True,,official_unadjusted_ohlcv_twse_stock_day,official_unadjusted_ohlcv_twse_stock_day,TWSE_STOCK_DAY,TWSE_STOCK_DAY,False,unadjusted_ohlcv; adjusted_close_blocked_not_fabricated,True,False,False,False,False,False,False,False,True,False,1000000,373.0,997775.0,1042535.0,1422.0,4614.0,6036.0,0.03875512036165041,applied_local_ep05_cost_model_to_unadjusted_ohlc_unit_notional,1368
2023-12-15,2023-12-15,2023-12-22,3008,大立光,TWSE,hybrid_pullback_base_mega_override,regime_switch_hybrid_route,hybrid,rs20_top3_risk_tiebreak,same_week_close_to_next_rebalance_close_comparator,unadjusted_close,unadjusted_close,2715.0,2670.0,2650.0,2670.0,2650.0,-0.0074906367041198685,True,,official_unadjusted_ohlcv_twse_stock_day,official_unadjusted_ohlcv_twse_stock_day,TWSE_STOCK_DAY,TWSE_STOCK_DAY,False,unadjusted_ohlcv; adjusted_close_blocked_not_fabricated,True,False,False,False,False,False,False,False,True,False,1000000,374.0,998580.0,991100.0,1423.0,4385.0,5808.0,-0.013287960136119591,applied_local_ep05_cost_model_to_unadjusted_ohlc_unit_notional,1368
2023-12-15,2023-12-18,2023-12-25,3008,大立光,TWSE,hybrid_pullback_base_mega_override,regime_switch_hybrid_route,hybrid,rs20_top3_risk_tiebreak,next_day_open_entry_fixed_5td_exit,unadjusted_open,unadjusted_close,2670.0,2675.0,2795.0,2670.0,2795.0,0.04681647940074907,True,,official_unadjusted_ohlcv_twse_stock_day,official_unadjusted_ohlcv_twse_stock_day,TWSE_STOCK_DAY,TWSE_STOCK_DAY,False,unadjusted_ohlcv; adjusted_close_blocked_not_fabricated,True,False,False,False,False,False,False,False,True,False,1000000,374.0,998580.0,1045330.0,1423.0,4626.0,6049.0,0.04070087789736631,applied_local_ep05_cost_model_to_unadjusted_ohlc_unit_notional,1368
2023-12-15,2023-12-18,2023-12-25,6593,台灣銘板,TPEx,market_bias_pool_trend_route,regime_switch_hybrid_route,mega_or_stock_route,stable_strength,next_day_close_entry_fixed_5td_exit,unadjusted_close,unadjusted_close,185.0,183.0,167.0,183.0,167.0,-0.08743169398907102,True,,official_unadjusted_ohlcv_tpex_trading_stock,official_unadjusted_ohlcv_tpex_trading_stock,TPEX_TRADING_STOCK,TPEX_TRADING_STOCK,False,unadjusted_ohlcv; adjusted_close_blocked_not_fabricated,True,False,False,False,False,False,False,False,True,False,1000000,5464.0,999912.0,912488.0,1425.0,4037.0,5462.0,-0.09276197723643488,applied_local_ep05_cost_model_to_unadjusted_ohlc_unit_notional,1368
2023-12-15,2023-12-15,2023-12-22,6593,台灣銘板,TPEx,market_bias_pool_trend_route,regime_switch_hybrid_route,mega_or_stock_route,stable_strength,same_week_close_to_next_rebalance_close_comparator,unadjusted_close,unadjusted_close,190.5,191.0,170.0,191.0,170.0,-0.10994764397905754,True,,official_unadjusted_ohlcv_tpex_trading_stock,official_unadjusted_ohlcv_tpex_trading_stock,TPEX_TRADING_STOCK,TPEX_TRADING_STOCK,False,unadjusted_ohlcv; adjusted_close_blocked_not_fabricated,True,False,False,False,False,False,False,False,True,False,1000000,5235.0,999885.0,889950.0,1425.0,3938.0,5363.0,-0.11514715722403651,applied_local_ep05_cost_model_to_unadjusted_ohlc_unit_notional,1368
2023-12-15,2023-12-18,2023-12-25,6593,台灣銘板,TPEx,market_bias_pool_trend_route,regime_switch_hybrid_route,mega_or_stock_route,stable_strength,next_day_open_entry_fixed_5td_exit,unadjusted_open,unadjusted_close,185.0,183.0,167.0,185.0,167.0,-0.0972972972972973,True,,official_unadjusted_ohlcv_tpex_trading_stock,official_unadjusted_ohlcv_tpex_trading_stock,TPEX_TRADING_STOCK,TPEX_TRADING_STOCK,False,unadjusted_ohlcv; adjusted_close_blocked_not_fabricated,True,False,False,False,False,False,False,False,True,False,1000000,5405.0,999925.0,902635.0,1425.0,3994.0,5419.0,-0.10257052978479053,applied_local_ep05_cost_model_to_unadjusted_ohlc_unit_notional,1368
2023-12-15,2023-12-18,2023-12-25,6593,台灣銘板,TPEx,pool_breadth_route,regime_switch_hybrid_route,mega_or_stock_route,stable_strength,next_day_close_entry_fixed_5td_exit,unadjusted_close,unadjusted_close,185.0,183.0,167.0,183.0,167.0,-0.08743169398907102,True,,official_unadjusted_ohlcv_tpex_trading_stock,official_unadjusted_ohlcv_tpex_trading_stock,TPEX_TRADING_STOCK,TPEX_TRADING_STOCK,False,unadjusted_ohlcv; adjusted_close_blocked_not_fabricated,True,False,False,False,False,False,False,False,True,False,1000000,5464.0,999912.0,912488.0,1425.0,4037.0,5462.0,-0.09276197723643488,applied_local_ep05_cost_model_to_unadjusted_ohlc_unit_notional,1368
2023-12-15,2023-12-15,2023-12-22,6593,台灣銘板,TPEx,pool_breadth_route,regime_switch_hybrid_route,mega_or_stock_route,stable_strength,same_week_close_to_next_rebalance_close_comparator,unadjusted_close,unadjusted_close,190.5,191.0,170.0,191.0,170.0,-0.10994764397905754,True,,official_unadjusted_ohlcv_tpex_trading_stock,official_unadjusted_ohlcv_tpex_trading_stock,TPEX_TRADING_STOCK,TPEX_TRADING_STOCK,False,unadjusted_ohlcv; adjusted_close_blocked_not_fabricated,True,False,False,False,False,False,False,False,True,False,1000000,5235.0,999885.0,889950.0,1425.0,3938.0,5363.0,-0.11514715722403651,applied_local_ep05_cost_model_to_unadjusted_ohlc_unit_notional,1368
2023-12-15,2023-12-18,2023-12-25,6593,台灣銘板,TPEx,pool_breadth_route,regime_switch_hybrid_route,mega_or_stock_route,stable_strength,next_day_open_entry_fixed_5td_exit,unadjusted_open,unadjusted_close,185.0,183.0,167.0,185.0,167.0,-0.0972972972972973,True,,official_unadjusted_ohlcv_tpex_trading_stock,official_unadjusted_ohlcv_tpex_trading_stock,TPEX_TRADING_STOCK,TPEX_TRADING_STOCK,False,unadjusted_ohlcv; adjusted_close_blocked_not_fabricated,True,False,False,False,False,False,False,False,True,False,1000000,5405.0,999925.0,902635.0,1425.0,3994.0,5419.0,-0.10257052978479053,applied_local_ep05_cost_model_to_unadjusted_ohlc_unit_notional,1368
2023-12-22,2023-12-25,2024-01-02,6117,迎廣,TWSE,dynamic80_top1_rs20_31_bonus_proxy,legacy_rs20_operating_mode,mega_rs20,dynamic80_top1_rs20_31_bonus_proxy,next_day_close_entry_fixed_5td_exit,unadjusted_close,unadjusted_close,81.0,77.5,77.2,77.5,77.2,-0.003870967741935405,True,,official_unadjusted_ohlcv_twse_stock_day,official_unadjusted_ohlcv_twse_stock_day,TWSE_STOCK_DAY,TWSE_STOCK_DAY,False,unadjusted_ohlcv; adjusted_close_blocked_not_fabricated,True,False,False,False,False,False,False,False,True,False,1000000,12903.0,999982.5,996111.6000000001,1425.0,4407.0,5832.0,-0.009689262363223669,applied_local_ep05_cost_model_to_unadjusted_ohlc_unit_notional,1368
2023-12-22,2023-12-22,2023-12-29,6117,迎廣,TWSE,dynamic80_top1_rs20_31_bonus_proxy,legacy_rs20_operating_mode,mega_rs20,dynamic80_top1_rs20_31_bonus_proxy,same_week_close_to_next_rebalance_close_comparator,unadjusted_close,unadjusted_close,72.8,78.2,76.7,78.2,76.7,-0.019181585677749413,True,,official_unadjusted_ohlcv_twse_stock_day,official_unadjusted_ohlcv_twse_stock_day,TWSE_STOCK_DAY,TWSE_STOCK_DAY,False,unadjusted_ohlcv; adjusted_close_blocked_not_fabricated,True,False,False,False,False,False,False,False,True,False,1000000,12787.0,999943.4,980762.9,1425.0,4340.0,5765.0,-0.024911411224879873,applied_local_ep05_cost_model_to_unadjusted_ohlc_unit_notional,1368
2023-12-22,2023-12-25,2024-01-02,6117,迎廣,TWSE,dynamic80_top1_rs20_31_bonus_proxy,legacy_rs20_operating_mode,mega_rs20,dynamic80_top1_rs20_31_bonus_proxy,next_day_open_entry_fixed_5td_exit,unadjusted_open,unadjusted_close,81.0,77.5,77.2,81.0,77.2,-0.0469135802469135,True,,official_unadjusted_ohlcv_twse_stock_day,official_unadjusted_ohlcv_twse_stock_day,TWSE_STOCK_DAY,TWSE_STOCK_DAY,False,unadjusted_ohlcv; adjusted_close_blocked_not_fabricated,True,False,False,False,False,False,False,False,True,False,1000000,12345.0,999945.0,953034.0,1425.0,4217.0,5642.0,-0.052481100891778265,applied_local_ep05_cost_model_to_unadjusted_ohlc_unit_notional,1368
2023-12-22,2023-12-25,2024-01-02,6117,迎廣,TWSE,dynamic80_top1_rs20_7core_context_proxy,legacy_rs20_operating_mode,mega_rs20,dynamic80_top1_rs20_7core_context_proxy,next_day_close_entry_fixed_5td_exit,unadjusted_close,unadjusted_close,81.0,77.5,77.2,77.5,77.2,-0.003870967741935405,True,,official_unadjusted_ohlcv_twse_stock_day,official_unadjusted_ohlcv_twse_stock_day,TWSE_STOCK_DAY,TWSE_STOCK_DAY,False,unadjusted_ohlcv; adjusted_close_blocked_not_fabricated,True,False,False,False,False,False,False,False,True,False,1000000,12903.0,999982.5,996111.6000000001,1425.0,4407.0,5832.0,-0.009689262363223669,applied_local_ep05_cost_model_to_unadjusted_ohlc_unit_notional,1368
2023-12-22,2023-12-22,2023-12-29,6117,迎廣,TWSE,dynamic80_top1_rs20_7core_context_proxy,legacy_rs20_operating_mode,mega_rs20,dynamic80_top1_rs20_7core_context_proxy,same_week_close_to_next_rebalance_close_comparator,unadjusted_close,unadjusted_close,72.8,78.2,76.7,78.2,76.7,-0.019181585677749413,True,,official_unadjusted_ohlcv_twse_stock_day,official_unadjusted_ohlcv_twse_stock_day,TWSE_STOCK_DAY,TWSE_STOCK_DAY,False,unadjusted_ohlcv; adjusted_close_blocked_not_fabricated,True,False,False,False,False,False,False,False,True,False,1000000,12787.0,999943.4,980762.9,1425.0,4340.0,5765.0,-0.024911411224879873,applied_local_ep05_cost_model_to_unadjusted_ohlc_unit_notional,1368
2023-12-22,2023-12-25,2024-01-02,6117,迎廣,TWSE,dynamic80_top1_rs20_7core_context_proxy,legacy_rs20_operating_mode,mega_rs20,dynamic80_top1_rs20_7core_context_proxy,next_day_open_entry_fixed_5td_exit,unadjusted_open,unadjusted_close,81.0,77.5,77.2,81.0,77.2,-0.0469135802469135,True,,official_unadjusted_ohlcv_twse_stock_day,official_unadjusted_ohlcv_twse_stock_day,TWSE_STOCK_DAY,TWSE_STOCK_DAY,False,unadjusted_ohlcv; adjusted_close_blocked_not_fabricated,True,False,False,False,False,False,False,False,True,False,1000000,12345.0,999945.0,953034.0,1425.0,4217.0,5642.0,-0.052481100891778265,applied_local_ep05_cost_model_to_unadjusted_ohlc_unit_notional,1368
2023-12-22,2023-12-25,2024-01-02,6117,迎廣,TWSE,dynamic80_top1_rs20_proxy,legacy_rs20_operating_mode,mega_rs20,dynamic80_top1_rs20_proxy,next_day_close_entry_fixed_5td_exit,unadjusted_close,unadjusted_close,81.0,77.5,77.2,77.5,77.2,-0.003870967741935405,True,,official_unadjusted_ohlcv_twse_stock_day,official_unadjusted_ohlcv_twse_stock_day,TWSE_STOCK_DAY,TWSE_STOCK_DAY,False,unadjusted_ohlcv; adjusted_close_blocked_not_fabricated,True,False,False,False,False,False,False,False,True,False,1000000,12903.0,999982.5,996111.6000000001,1425.0,4407.0,5832.0,-0.009689262363223669,applied_local_ep05_cost_model_to_unadjusted_ohlc_unit_notional,1368
2023-12-22,2023-12-22,2023-12-29,6117,迎廣,TWSE,dynamic80_top1_rs20_proxy,legacy_rs20_operating_mode,mega_rs20,dynamic80_top1_rs20_proxy,same_week_close_to_next_rebalance_close_comparator,unadjusted_close,unadjusted_close,72.8,78.2,76.7,78.2,76.7,-0.019181585677749413,True,,official_unadjusted_ohlcv_twse_stock_day,official_unadjusted_ohlcv_twse_stock_day,TWSE_STOCK_DAY,TWSE_STOCK_DAY,False,unadjusted_ohlcv; adjusted_close_blocked_not_fabricated,True,False,False,False,False,False,False,False,True,False,1000000,12787.0,999943.4,980762.9,1425.0,4340.0,5765.0,-0.024911411224879873,applied_local_ep05_cost_model_to_unadjusted_ohlc_unit_notional,1368
2023-12-22,2023-12-25,2024-01-02,6117,迎廣,TWSE,dynamic80_top1_rs20_proxy,legacy_rs20_operating_mode,mega_rs20,dynamic80_top1_rs20_proxy,next_day_open_entry_fixed_5td_exit,unadjusted_open,unadjusted_close,81.0,77.5,77.2,81.0,77.2,-0.0469135802469135,True,,official_unadjusted_ohlcv_twse_stock_day,official_unadjusted_ohlcv_twse_stock_day,TWSE_STOCK_DAY,TWSE_STOCK_DAY,False,unadjusted_ohlcv; adjusted_close_blocked_not_fabricated,True,False,False,False,False,False,False,False,True,False,1000000,12345.0,999945.0,953034.0,1425.0,4217.0,5642.0,-0.052481100891778265,applied_local_ep05_cost_model_to_unadjusted_ohlc_unit_notional,1368
2023-12-22,2023-12-25,2024-01-02,6117,迎廣,TWSE,dynamic80_top3_rs20_risk_tiebreak_proxy,legacy_rs20_operating_mode,mega_rs20,dynamic80_top3_rs20_risk_tiebreak_proxy,next_day_close_entry_fixed_5td_exit,unadjusted_close,unadjusted_close,81.0,77.5,77.2,77.5,77.2,-0.003870967741935405,True,,official_unadjusted_ohlcv_twse_stock_day,official_unadjusted_ohlcv_twse_stock_day,TWSE_STOCK_DAY,TWSE_STOCK_DAY,False,unadjusted_ohlcv; adjusted_close_blocked_not_fabricated,True,False,False,False,False,False,False,False,True,False,1000000,12903.0,999982.5,996111.6000000001,1425.0,4407.0,5832.0,-0.009689262363223669,applied_local_ep05_cost_model_to_unadjusted_ohlc_unit_notional,1368
2023-12-22,2023-12-22,2023-12-29,6117,迎廣,TWSE,dynamic80_top3_rs20_risk_tiebreak_proxy,legacy_rs20_operating_mode,mega_rs20,dynamic80_top3_rs20_risk_tiebreak_proxy,same_week_close_to_next_rebalance_close_comparator,unadjusted_close,unadjusted_close,72.8,78.2,76.7,78.2,76.7,-0.019181585677749413,True,,official_unadjusted_ohlcv_twse_stock_day,official_unadjusted_ohlcv_twse_stock_day,TWSE_STOCK_DAY,TWSE_STOCK_DAY,False,unadjusted_ohlcv; adjusted_close_blocked_not_fabricated,True,False,False,False,False,False,False,False,True,False,1000000,12787.0,999943.4,980762.9,1425.0,4340.0,5765.0,-0.024911411224879873,applied_local_ep05_cost_model_to_unadjusted_ohlc_unit_notional,1368
2023-12-22,2023-12-25,2024-01-02,6117,迎廣,TWSE,dynamic80_top3_rs20_risk_tiebreak_proxy,legacy_rs20_operating_mode,mega_rs20,dynamic80_top3_rs20_risk_tiebreak_proxy,next_day_open_entry_fixed_5td_exit,unadjusted_open,unadjusted_close,81.0,77.5,77.2,81.0,77.2,-0.0469135802469135,True,,official_unadjusted_ohlcv_twse_stock_day,official_unadjusted_ohlcv_twse_stock_day,TWSE_STOCK_DAY,TWSE_STOCK_DAY,False,unadjusted_ohlcv; adjusted_close_blocked_not_fabricated,True,False,False,False,False,False,False,False,True,False,1000000,12345.0,999945.0,953034.0,1425.0,4217.0,5642.0,-0.052481100891778265,applied_local_ep05_cost_model_to_unadjusted_ohlc_unit_notional,1368
2023-12-22,2023-12-25,2024-01-02,2353,宏碁,TWSE,conservative_hurdle_route,regime_switch_hybrid_route,ordinary_defensive_00631L_base,rs20_top3_risk_tiebreak,next_day_close_entry_fixed_5td_exit,unadjusted_close,unadjusted_close,47.55,49.0,52.3,49.0,52.3,0.06734693877551012,True,,official_unadjusted_ohlcv_twse_stock_day,official_unadjusted_ohlcv_twse_stock_day,TWSE_STOCK_DAY,TWSE_STOCK_DAY,False,unadjusted_ohlcv; adjusted_close_blocked_not_fabricated,True,False,False,False,False,False,False,False,True,False,1000000,20408.0,999992.0,1067338.4,1425.0,4723.0,6148.0,0.06111180457292008,applied_local_ep05_cost_model_to_unadjusted_ohlc_unit_notional,1368
2023-12-22,2023-12-22,2023-12-29,2353,宏碁,TWSE,conservative_hurdle_route,regime_switch_hybrid_route,ordinary_defensive_00631L_base,rs20_top3_risk_tiebreak,same_week_close_to_next_rebalance_close_comparator,unadjusted_close,unadjusted_close,44.9,45.3,53.8,45.3,53.8,0.1876379690949228,True,,official_unadjusted_ohlcv_twse_stock_day,official_unadjusted_ohlcv_twse_stock_day,TWSE_STOCK_DAY,TWSE_STOCK_DAY,False,unadjusted_ohlcv; adjusted_close_blocked_not_fabricated,True,False,False,False,False,False,False,False,True,False,1000000,22075.0,999997.4999999999,1187635.0,1425.0,5255.0,6680.0,0.18070045360474737,applied_local_ep05_cost_model_to_unadjusted_ohlc_unit_notional,1368
2023-12-22,2023-12-25,2024-01-02,2353,宏碁,TWSE,conservative_hurdle_route,regime_switch_hybrid_route,ordinary_defensive_00631L_base,rs20_top3_risk_tiebreak,next_day_open_entry_fixed_5td_exit,unadjusted_open,unadjusted_close,47.55,49.0,52.3,47.55,52.3,0.09989484752891697,True,,official_unadjusted_ohlcv_twse_stock_day,official_unadjusted_ohlcv_twse_stock_day,TWSE_STOCK_DAY,TWSE_STOCK_DAY,False,unadjusted_ohlcv; adjusted_close_blocked_not_fabricated,True,False,False,False,False,False,False,False,True,False,1000000,21030.0,999976.4999999999,1099869.0,1425.0,4867.0,6292.0,0.09346950249225723,applied_local_ep05_cost_model_to_unadjusted_ohlc_unit_notional,1368
2023-12-22,2023-12-25,2024-01-02,2353,宏碁,TWSE,dispersion_route,regime_switch_hybrid_route,dispersion,rs20_top3_risk_tiebreak,next_day_close_entry_fixed_5td_exit,unadjusted_close,unadjusted_close,47.55,49.0,52.3,49.0,52.3,0.06734693877551012,True,,official_unadjusted_ohlcv_twse_stock_day,official_unadjusted_ohlcv_twse_stock_day,TWSE_STOCK_DAY,TWSE_STOCK_DAY,False,unadjusted_ohlcv; adjusted_close_blocked_not_fabricated,True,False,False,False,False,False,False,False,True,False,1000000,20408.0,999992.0,1067338.4,1425.0,4723.0,6148.0,0.06111180457292008,applied_local_ep05_cost_model_to_unadjusted_ohlc_unit_notional,1368
2023-12-22,2023-12-22,2023-12-29,2353,宏碁,TWSE,dispersion_route,regime_switch_hybrid_route,dispersion,rs20_top3_risk_tiebreak,same_week_close_to_next_rebalance_close_comparator,unadjusted_close,unadjusted_close,44.9,45.3,53.8,45.3,53.8,0.1876379690949228,True,,official_unadjusted_ohlcv_twse_stock_day,official_unadjusted_ohlcv_twse_stock_day,TWSE_STOCK_DAY,TWSE_STOCK_DAY,False,unadjusted_ohlcv; adjusted_close_blocked_not_fabricated,True,False,False,False,False,False,False,False,True,False,1000000,22075.0,999997.4999999999,1187635.0,1425.0,5255.0,6680.0,0.18070045360474737,applied_local_ep05_cost_model_to_unadjusted_ohlc_unit_notional,1368
2023-12-22,2023-12-25,2024-01-02,2353,宏碁,TWSE,dispersion_route,regime_switch_hybrid_route,dispersion,rs20_top3_risk_tiebreak,next_day_open_entry_fixed_5td_exit,unadjusted_open,unadjusted_close,47.55,49.0,52.3,47.55,52.3,0.09989484752891697,True,,official_unadjusted_ohlcv_twse_stock_day,official_unadjusted_ohlcv_twse_stock_day,TWSE_STOCK_DAY,TWSE_STOCK_DAY,False,unadjusted_ohlcv; adjusted_close_blocked_not_fabricated,True,False,False,False,False,False,False,False,True,False,1000000,21030.0,999976.4999999999,1099869.0,1425.0,4867.0,6292.0,0.09346950249225723,applied_local_ep05_cost_model_to_unadjusted_ohlc_unit_notional,1368
2023-12-22,2023-12-25,2024-01-02,2353,宏碁,TWSE,hybrid_pullback_base_mega_override,regime_switch_hybrid_route,hybrid,rs20_top3_risk_tiebreak,next_day_close_entry_fixed_5td_exit,unadjusted_close,unadjusted_close,47.55,49.0,52.3,49.0,52.3,0.06734693877551012,True,,official_unadjusted_ohlcv_twse_stock_day,official_unadjusted_ohlcv_twse_stock_day,TWSE_STOCK_DAY,TWSE_STOCK_DAY,False,unadjusted_ohlcv; adjusted_close_blocked_not_fabricated,True,False,False,False,False,False,False,False,True,False,1000000,20408.0,999992.0,1067338.4,1425.0,4723.0,6148.0,0.06111180457292008,applied_local_ep05_cost_model_to_unadjusted_ohlc_unit_notional,1368
2023-12-22,2023-12-22,2023-12-29,2353,宏碁,TWSE,hybrid_pullback_base_mega_override,regime_switch_hybrid_route,hybrid,rs20_top3_risk_tiebreak,same_week_close_to_next_rebalance_close_comparator,unadjusted_close,unadjusted_close,44.9,45.3,53.8,45.3,53.8,0.1876379690949228,True,,official_unadjusted_ohlcv_twse_stock_day,official_unadjusted_ohlcv_twse_stock_day,TWSE_STOCK_DAY,TWSE_STOCK_DAY,False,unadjusted_ohlcv; adjusted_close_blocked_not_fabricated,True,False,False,False,False,False,False,False,True,False,1000000,22075.0,999997.4999999999,1187635.0,1425.0,5255.0,6680.0,0.18070045360474737,applied_local_ep05_cost_model_to_unadjusted_ohlc_unit_notional,1368
2023-12-22,2023-12-25,2024-01-02,2353,宏碁,TWSE,hybrid_pullback_base_mega_override,regime_switch_hybrid_route,hybrid,rs20_top3_risk_tiebreak,next_day_open_entry_fixed_5td_exit,unadjusted_open,unadjusted_close,47.55,49.0,52.3,47.55,52.3,0.09989484752891697,True,,official_unadjusted_ohlcv_twse_stock_day,official_unadjusted_ohlcv_twse_stock_day,TWSE_STOCK_DAY,TWSE_STOCK_DAY,False,unadjusted_ohlcv; adjusted_close_blocked_not_fabricated,True,False,False,False,False,False,False,False,True,False,1000000,21030.0,999976.4999999999,1099869.0,1425.0,4867.0,6292.0,0.09346950249225723,applied_local_ep05_cost_model_to_unadjusted_ohlc_unit_notional,1368
2023-12-22,2023-12-25,2024-01-02,6117,迎廣,TWSE,market_bias_pool_trend_route,regime_switch_hybrid_route,mega_or_stock_route,stable_strength,next_day_close_entry_fixed_5td_exit,unadjusted_close,unadjusted_close,81.0,77.5,77.2,77.5,77.2,-0.003870967741935405,True,,official_unadjusted_ohlcv_twse_stock_day,official_unadjusted_ohlcv_twse_stock_day,TWSE_STOCK_DAY,TWSE_STOCK_DAY,False,unadjusted_ohlcv; adjusted_close_blocked_not_fabricated,True,False,False,False,False,False,False,False,True,False,1000000,12903.0,999982.5,996111.6000000001,1425.0,4407.0,5832.0,-0.009689262363223669,applied_local_ep05_cost_model_to_unadjusted_ohlc_unit_notional,1368
2023-12-22,2023-12-22,2023-12-29,6117,迎廣,TWSE,market_bias_pool_trend_route,regime_switch_hybrid_route,mega_or_stock_route,stable_strength,same_week_close_to_next_rebalance_close_comparator,unadjusted_close,unadjusted_close,72.8,78.2,76.7,78.2,76.7,-0.019181585677749413,True,,official_unadjusted_ohlcv_twse_stock_day,official_unadjusted_ohlcv_twse_stock_day,TWSE_STOCK_DAY,TWSE_STOCK_DAY,False,unadjusted_ohlcv; adjusted_close_blocked_not_fabricated,True,False,False,False,False,False,False,False,True,False,1000000,12787.0,999943.4,980762.9,1425.0,4340.0,5765.0,-0.024911411224879873,applied_local_ep05_cost_model_to_unadjusted_ohlc_unit_notional,1368
2023-12-22,2023-12-25,2024-01-02,6117,迎廣,TWSE,market_bias_pool_trend_route,regime_switch_hybrid_route,mega_or_stock_route,stable_strength,next_day_open_entry_fixed_5td_exit,unadjusted_open,unadjusted_close,81.0,77.5,77.2,81.0,77.2,-0.0469135802469135,True,,official_unadjusted_ohlcv_twse_stock_day,official_unadjusted_ohlcv_twse_stock_day,TWSE_STOCK_DAY,TWSE_STOCK_DAY,False,unadjusted_ohlcv; adjusted_close_blocked_not_fabricated,True,False,False,False,False,False,False,False,True,False,1000000,12345.0,999945.0,953034.0,1425.0,4217.0,5642.0,-0.052481100891778265,applied_local_ep05_cost_model_to_unadjusted_ohlc_unit_notional,1368
2023-12-22,2023-12-25,2024-01-02,6117,迎廣,TWSE,pool_breadth_route,regime_switch_hybrid_route,mega_or_stock_route,stable_strength,next_day_close_entry_fixed_5td_exit,unadjusted_close,unadjusted_close,81.0,77.5,77.2,77.5,77.2,-0.003870967741935405,True,,official_unadjusted_ohlcv_twse_stock_day,official_unadjusted_ohlcv_twse_stock_day,TWSE_STOCK_DAY,TWSE_STOCK_DAY,False,unadjusted_ohlcv; adjusted_close_blocked_not_fabricated,True,False,False,False,False,False,False,False,True,False,1000000,12903.0,999982.5,996111.6000000001,1425.0,4407.0,5832.0,-0.009689262363223669,applied_local_ep05_cost_model_to_unadjusted_ohlc_unit_notional,1368
2023-12-22,2023-12-22,2023-12-29,6117,迎廣,TWSE,pool_breadth_route,regime_switch_hybrid_route,mega_or_stock_route,stable_strength,same_week_close_to_next_rebalance_close_comparator,unadjusted_close,unadjusted_close,72.8,78.2,76.7,78.2,76.7,-0.019181585677749413,True,,official_unadjusted_ohlcv_twse_stock_day,official_unadjusted_ohlcv_twse_stock_day,TWSE_STOCK_DAY,TWSE_STOCK_DAY,False,unadjusted_ohlcv; adjusted_close_blocked_not_fabricated,True,False,False,False,False,False,False,False,True,False,1000000,12787.0,999943.4,980762.9,1425.0,4340.0,5765.0,-0.024911411224879873,applied_local_ep05_cost_model_to_unadjusted_ohlc_unit_notional,1368
2023-12-22,2023-12-25,2024-01-02,6117,迎廣,TWSE,pool_breadth_route,regime_switch_hybrid_route,mega_or_stock_route,stable_strength,next_day_open_entry_fixed_5td_exit,unadjusted_open,unadjusted_close,81.0,77.5,77.2,81.0,77.2,-0.0469135802469135,True,,official_unadjusted_ohlcv_twse_stock_day,official_unadjusted_ohlcv_twse_stock_day,TWSE_STOCK_DAY,TWSE_STOCK_DAY,False,unadjusted_ohlcv; adjusted_close_blocked_not_fabricated,True,False,False,False,False,False,False,False,True,False,1000000,12345.0,999945.0,953034.0,1425.0,4217.0,5642.0,-0.052481100891778265,applied_local_ep05_cost_model_to_unadjusted_ohlc_unit_notional,1368
2023-12-29,2024-01-02,2024-01-09,3515,華擎,TWSE,dynamic80_top1_rs20_31_bonus_proxy,legacy_rs20_operating_mode,mega_rs20,dynamic80_top1_rs20_31_bonus_proxy,next_day_close_entry_fixed_5td_exit,unadjusted_close,unadjusted_close,256.0,247.0,243.0,247.0,243.0,-0.01619433198380571,True,,official_unadjusted_ohlcv_twse_stock_day,official_unadjusted_ohlcv_twse_stock_day,TWSE_STOCK_DAY,TWSE_STOCK_DAY,False,unadjusted_ohlcv; adjusted_close_blocked_not_fabricated,True,False,False,False,False,False,False,False,True,False,1000000,4048.0,999856.0,983664.0,1425.0,4353.0,5778.0,-0.021941892435789753,applied_local_ep05_cost_model_to_unadjusted_ohlc_unit_notional,1368
2023-12-29,2023-12-29,,3515,華擎,TWSE,dynamic80_top1_rs20_31_bonus_proxy,legacy_rs20_operating_mode,mega_rs20,dynamic80_top1_rs20_31_bonus_proxy,same_week_close_to_next_rebalance_close_comparator,unadjusted_close,unadjusted_close,256.0,257.0,,257.0,,,False,same_week_terminal_blank_exit_date_policy_blocked,official_unadjusted_ohlcv_twse_stock_day,,TWSE_STOCK_DAY,,False,unadjusted_ohlcv; adjusted_close_blocked_not_fabricated,True,False,False,False,False,False,False,False,True,False,1000000,,,,,,,,blocked_missing_entry_or_exit_price,1368
2023-12-29,2024-01-02,2024-01-09,3515,華擎,TWSE,dynamic80_top1_rs20_31_bonus_proxy,legacy_rs20_operating_mode,mega_rs20,dynamic80_top1_rs20_31_bonus_proxy,next_day_open_entry_fixed_5td_exit,unadjusted_open,unadjusted_close,256.0,247.0,243.0,256.0,243.0,-0.05078125,True,,official_unadjusted_ohlcv_twse_stock_day,official_unadjusted_ohlcv_twse_stock_day,TWSE_STOCK_DAY,TWSE_STOCK_DAY,False,unadjusted_ohlcv; adjusted_close_blocked_not_fabricated,True,False,False,False,False,False,False,False,True,False,1000000,3906.0,999936.0,949158.0,1425.0,4200.0,5625.0,-0.05632633985146216,applied_local_ep05_cost_model_to_unadjusted_ohlc_unit_notional,1368
2023-12-29,2024-01-02,2024-01-09,3515,華擎,TWSE,dynamic80_top1_rs20_7core_context_proxy,legacy_rs20_operating_mode,mega_rs20,dynamic80_top1_rs20_7core_context_proxy,next_day_close_entry_fixed_5td_exit,unadjusted_close,unadjusted_close,256.0,247.0,243.0,247.0,243.0,-0.01619433198380571,True,,official_unadjusted_ohlcv_twse_stock_day,official_unadjusted_ohlcv_twse_stock_day,TWSE_STOCK_DAY,TWSE_STOCK_DAY,False,unadjusted_ohlcv; adjusted_close_blocked_not_fabricated,True,False,False,False,False,False,False,False,True,False,1000000,4048.0,999856.0,983664.0,1425.0,4353.0,5778.0,-0.021941892435789753,applied_local_ep05_cost_model_to_unadjusted_ohlc_unit_notional,1368
2023-12-29,2023-12-29,,3515,華擎,TWSE,dynamic80_top1_rs20_7core_context_proxy,legacy_rs20_operating_mode,mega_rs20,dynamic80_top1_rs20_7core_context_proxy,same_week_close_to_next_rebalance_close_comparator,unadjusted_close,unadjusted_close,256.0,257.0,,257.0,,,False,same_week_terminal_blank_exit_date_policy_blocked,official_unadjusted_ohlcv_twse_stock_day,,TWSE_STOCK_DAY,,False,unadjusted_ohlcv; adjusted_close_blocked_not_fabricated,True,False,False,False,False,False,False,False,True,False,1000000,,,,,,,,blocked_missing_entry_or_exit_price,1368
2023-12-29,2024-01-02,2024-01-09,3515,華擎,TWSE,dynamic80_top1_rs20_7core_context_proxy,legacy_rs20_operating_mode,mega_rs20,dynamic80_top1_rs20_7core_context_proxy,next_day_open_entry_fixed_5td_exit,unadjusted_open,unadjusted_close,256.0,247.0,243.0,256.0,243.0,-0.05078125,True,,official_unadjusted_ohlcv_twse_stock_day,official_unadjusted_ohlcv_twse_stock_day,TWSE_STOCK_DAY,TWSE_STOCK_DAY,False,unadjusted_ohlcv; adjusted_close_blocked_not_fabricated,True,False,False,False,False,False,False,False,True,False,1000000,3906.0,999936.0,949158.0,1425.0,4200.0,5625.0,-0.05632633985146216,applied_local_ep05_cost_model_to_unadjusted_ohlc_unit_notional,1368
2023-12-29,2024-01-02,2024-01-09,3515,華擎,TWSE,dynamic80_top1_rs20_proxy,legacy_rs20_operating_mode,mega_rs20,dynamic80_top1_rs20_proxy,next_day_close_entry_fixed_5td_exit,unadjusted_close,unadjusted_close,256.0,247.0,243.0,247.0,243.0,-0.01619433198380571,True,,official_unadjusted_ohlcv_twse_stock_day,official_unadjusted_ohlcv_twse_stock_day,TWSE_STOCK_DAY,TWSE_STOCK_DAY,False,unadjusted_ohlcv; adjusted_close_blocked_not_fabricated,True,False,False,False,False,False,False,False,True,False,1000000,4048.0,999856.0,983664.0,1425.0,4353.0,5778.0,-0.021941892435789753,applied_local_ep05_cost_model_to_unadjusted_ohlc_unit_notional,1368
2023-12-29,2023-12-29,,3515,華擎,TWSE,dynamic80_top1_rs20_proxy,legacy_rs20_operating_mode,mega_rs20,dynamic80_top1_rs20_proxy,same_week_close_to_next_rebalance_close_comparator,unadjusted_close,unadjusted_close,256.0,257.0,,257.0,,,False,same_week_terminal_blank_exit_date_policy_blocked,official_unadjusted_ohlcv_twse_stock_day,,TWSE_STOCK_DAY,,False,unadjusted_ohlcv; adjusted_close_blocked_not_fabricated,True,False,False,False,False,False,False,False,True,False,1000000,,,,,,,,blocked_missing_entry_or_exit_price,1368
2023-12-29,2024-01-02,2024-01-09,3515,華擎,TWSE,dynamic80_top1_rs20_proxy,legacy_rs20_operating_mode,mega_rs20,dynamic80_top1_rs20_proxy,next_day_open_entry_fixed_5td_exit,unadjusted_open,unadjusted_close,256.0,247.0,243.0,256.0,243.0,-0.05078125,True,,official_unadjusted_ohlcv_twse_stock_day,official_unadjusted_ohlcv_twse_stock_day,TWSE_STOCK_DAY,TWSE_STOCK_DAY,False,unadjusted_ohlcv; adjusted_close_blocked_not_fabricated,True,False,False,False,False,False,False,False,True,False,1000000,3906.0,999936.0,949158.0,1425.0,4200.0,5625.0,-0.05632633985146216,applied_local_ep05_cost_model_to_unadjusted_ohlc_unit_notional,1368
2023-12-29,2024-01-02,2024-01-09,6239,力成,TWSE,dynamic80_top3_rs20_risk_tiebreak_proxy,legacy_rs20_operating_mode,mega_rs20,dynamic80_top3_rs20_risk_tiebreak_proxy,next_day_close_entry_fixed_5td_exit,unadjusted_close,unadjusted_close,140.5,136.5,130.0,136.5,130.0,-0.04761904761904767,True,,official_unadjusted_ohlcv_twse_stock_day,official_unadjusted_ohlcv_twse_stock_day,TWSE_STOCK_DAY,TWSE_STOCK_DAY,False,unadjusted_ohlcv; adjusted_close_blocked_not_fabricated,True,False,False,False,False,False,False,False,True,False,1000000,7326.0,999999.0,952380.0,1425.0,4214.0,5639.0,-0.053182268449727586,applied_local_ep05_cost_model_to_unadjusted_ohlc_unit_notional,1368
2023-12-29,2023-12-29,,6239,力成,TWSE,dynamic80_top3_rs20_risk_tiebreak_proxy,legacy_rs20_operating_mode,mega_rs20,dynamic80_top3_rs20_risk_tiebreak_proxy,same_week_close_to_next_rebalance_close_comparator,unadjusted_close,unadjusted_close,142.0,141.0,,141.0,,,False,same_week_terminal_blank_exit_date_policy_blocked,official_unadjusted_ohlcv_twse_stock_day,,TWSE_STOCK_DAY,,False,unadjusted_ohlcv; adjusted_close_blocked_not_fabricated,True,False,False,False,False,False,False,False,True,False,1000000,,,,,,,,blocked_missing_entry_or_exit_price,1368
2023-12-29,2024-01-02,2024-01-09,6239,力成,TWSE,dynamic80_top3_rs20_risk_tiebreak_proxy,legacy_rs20_operating_mode,mega_rs20,dynamic80_top3_rs20_risk_tiebreak_proxy,next_day_open_entry_fixed_5td_exit,unadjusted_open,unadjusted_close,140.5,136.5,130.0,140.5,130.0,-0.07473309608540923,True,,official_unadjusted_ohlcv_twse_stock_day,official_unadjusted_ohlcv_twse_stock_day,TWSE_STOCK_DAY,TWSE_STOCK_DAY,False,unadjusted_ohlcv; adjusted_close_blocked_not_fabricated,True,False,False,False,False,False,False,False,True,False,1000000,7117.0,999938.5,925210.0,1425.0,4094.0,5519.0,-0.08013823152132069,applied_local_ep05_cost_model_to_unadjusted_ohlc_unit_notional,1368
2023-12-29,2024-01-02,2024-01-09,6285,啟碁,TWSE,conservative_hurdle_route,regime_switch_hybrid_route,ordinary_defensive_00631L_base,hurdle_reference,next_day_close_entry_fixed_5td_exit,unadjusted_close,unadjusted_close,155.5,157.5,151.0,157.5,151.0,-0.041269841269841234,True,,official_unadjusted_ohlcv_twse_stock_day,official_unadjusted_ohlcv_twse_stock_day,TWSE_STOCK_DAY,TWSE_STOCK_DAY,False,unadjusted_ohlcv; adjusted_close_blocked_not_fabricated,True,False,False,False,False,False,False,False,True,False,1000000,6349.0,999967.5,958699.0,1425.0,4242.0,5667.0,-0.046870233200268625,applied_local_ep05_cost_model_to_unadjusted_ohlc_unit_notional,1368
2023-12-29,2023-12-29,,6285,啟碁,TWSE,conservative_hurdle_route,regime_switch_hybrid_route,ordinary_defensive_00631L_base,hurdle_reference,same_week_close_to_next_rebalance_close_comparator,unadjusted_close,unadjusted_close,160.0,156.0,,156.0,,,False,same_week_terminal_blank_exit_date_policy_blocked,official_unadjusted_ohlcv_twse_stock_day,,TWSE_STOCK_DAY,,False,unadjusted_ohlcv; adjusted_close_blocked_not_fabricated,True,False,False,False,False,False,False,False,True,False,1000000,,,,,,,,blocked_missing_entry_or_exit_price,1368
2023-12-29,2024-01-02,2024-01-09,6285,啟碁,TWSE,conservative_hurdle_route,regime_switch_hybrid_route,ordinary_defensive_00631L_base,hurdle_reference,next_day_open_entry_fixed_5td_exit,unadjusted_open,unadjusted_close,155.5,157.5,151.0,155.5,151.0,-0.02893890675241162,True,,official_unadjusted_ohlcv_twse_stock_day,official_unadjusted_ohlcv_twse_stock_day,TWSE_STOCK_DAY,TWSE_STOCK_DAY,False,unadjusted_ohlcv; adjusted_close_blocked_not_fabricated,True,False,False,False,False,False,False,False,True,False,1000000,6430.0,999865.0,970930.0,1425.0,4297.0,5722.0,-0.03461235006841175,applied_local_ep05_cost_model_to_unadjusted_ohlc_unit_notional,1368
2023-12-29,2024-01-02,2024-01-09,3293,鈊象,TPEx,dispersion_route,regime_switch_hybrid_route,dispersion,low_risk_strength,next_day_close_entry_fixed_5td_exit,unadjusted_close,unadjusted_close,735.0,725.0,749.0,725.0,749.0,0.03310344827586209,True,,official_unadjusted_ohlcv_tpex_trading_stock,official_unadjusted_ohlcv_tpex_trading_stock,TPEX_TRADING_STOCK,TPEX_TRADING_STOCK,False,unadjusted_ohlcv; adjusted_close_blocked_not_fabricated,True,False,False,False,False,False,False,False,True,False,1000000,1379.0,999775.0,1032871.0,1425.0,4571.0,5996.0,0.027067518977227326,applied_local_ep05_cost_model_to_unadjusted_ohlc_unit_notional,1368
2023-12-29,2023-12-29,,3293,鈊象,TPEx,dispersion_route,regime_switch_hybrid_route,dispersion,low_risk_strength,same_week_close_to_next_rebalance_close_comparator,unadjusted_close,unadjusted_close,715.0,724.0,,724.0,,,False,same_week_terminal_blank_exit_date_policy_blocked,official_unadjusted_ohlcv_tpex_trading_stock,,TPEX_TRADING_STOCK,,False,unadjusted_ohlcv; adjusted_close_blocked_not_fabricated,True,False,False,False,False,False,False,False,True,False,1000000,,,,,,,,blocked_missing_entry_or_exit_price,1368
2023-12-29,2024-01-02,2024-01-09,3293,鈊象,TPEx,dispersion_route,regime_switch_hybrid_route,dispersion,low_risk_strength,next_day_open_entry_fixed_5td_exit,unadjusted_open,unadjusted_close,735.0,725.0,749.0,735.0,749.0,0.01904761904761898,True,,official_unadjusted_ohlcv_tpex_trading_stock,official_unadjusted_ohlcv_tpex_trading_stock,TPEX_TRADING_STOCK,TPEX_TRADING_STOCK,False,unadjusted_ohlcv; adjusted_close_blocked_not_fabricated,True,False,False,False,False,False,False,False,True,False,1000000,1360.0,999600.0,1018640.0,1424.0,4508.0,5932.0,0.013094591138673999,applied_local_ep05_cost_model_to_unadjusted_ohlc_unit_notional,1368
2023-12-29,2024-01-02,2024-01-09,2454,聯發科,TWSE,hybrid_pullback_base_mega_override,regime_switch_hybrid_route,hybrid,pullback_repair,next_day_close_entry_fixed_5td_exit,unadjusted_close,unadjusted_close,1010.0,981.0,928.0,981.0,928.0,-0.05402650356778793,True,,official_unadjusted_ohlcv_twse_stock_day,official_unadjusted_ohlcv_twse_stock_day,TWSE_STOCK_DAY,TWSE_STOCK_DAY,False,unadjusted_ohlcv; adjusted_close_blocked_not_fabricated,True,False,False,False,False,False,False,False,True,False,1000000,1019.0,999639.0,945632.0,1424.0,4185.0,5609.0,-0.05955269548469976,applied_local_ep05_cost_model_to_unadjusted_ohlc_unit_notional,1368
2023-12-29,2023-12-29,,2454,聯發科,TWSE,hybrid_pullback_base_mega_override,regime_switch_hybrid_route,hybrid,pullback_repair,same_week_close_to_next_rebalance_close_comparator,unadjusted_close,unadjusted_close,1025.0,1015.0,,1015.0,,,False,same_week_terminal_blank_exit_date_policy_blocked,official_unadjusted_ohlcv_twse_stock_day,,TWSE_STOCK_DAY,,False,unadjusted_ohlcv; adjusted_close_blocked_not_fabricated,True,False,False,False,False,False,False,False,True,False,1000000,,,,,,,,blocked_missing_entry_or_exit_price,1368
2023-12-29,2024-01-02,2024-01-09,2454,聯發科,TWSE,hybrid_pullback_base_mega_override,regime_switch_hybrid_route,hybrid,pullback_repair,next_day_open_entry_fixed_5td_exit,unadjusted_open,unadjusted_close,1010.0,981.0,928.0,1010.0,928.0,-0.08118811881188115,True,,official_unadjusted_ohlcv_twse_stock_day,official_unadjusted_ohlcv_twse_stock_day,TWSE_STOCK_DAY,TWSE_STOCK_DAY,False,unadjusted_ohlcv; adjusted_close_blocked_not_fabricated,True,False,False,False,False,False,False,False,True,False,1000000,990.0,999900.0,918720.0,1425.0,4065.0,5490.0,-0.0865553142086735,applied_local_ep05_cost_model_to_unadjusted_ohlc_unit_notional,1368
2023-12-29,2024-01-02,2024-01-09,6799,來頡,TWSE,market_bias_pool_trend_route,regime_switch_hybrid_route,mega_or_stock_route,stable_strength,next_day_close_entry_fixed_5td_exit,unadjusted_close,unadjusted_close,192.5,190.0,175.5,190.0,175.5,-0.07631578947368423,True,,official_unadjusted_ohlcv_twse_stock_day,official_unadjusted_ohlcv_twse_stock_day,TWSE_STOCK_DAY,TWSE_STOCK_DAY,False,unadjusted_ohlcv; adjusted_close_blocked_not_fabricated,True,False,False,False,False,False,False,False,True,False,1000000,5263.0,999970.0,923656.5,1425.0,4087.0,5512.0,-0.081711512440146,applied_local_ep05_cost_model_to_unadjusted_ohlc_unit_notional,1368
2023-12-29,2023-12-29,,6799,來頡,TWSE,market_bias_pool_trend_route,regime_switch_hybrid_route,mega_or_stock_route,stable_strength,same_week_close_to_next_rebalance_close_comparator,unadjusted_close,unadjusted_close,196.0,191.5,,191.5,,,False,same_week_terminal_blank_exit_date_policy_blocked,official_unadjusted_ohlcv_twse_stock_day,,TWSE_STOCK_DAY,,False,unadjusted_ohlcv; adjusted_close_blocked_not_fabricated,True,False,False,False,False,False,False,False,True,False,1000000,,,,,,,,blocked_missing_entry_or_exit_price,1368
2023-12-29,2024-01-02,2024-01-09,6799,來頡,TWSE,market_bias_pool_trend_route,regime_switch_hybrid_route,mega_or_stock_route,stable_strength,next_day_open_entry_fixed_5td_exit,unadjusted_open,unadjusted_close,192.5,190.0,175.5,192.5,175.5,-0.08831168831168834,True,,official_unadjusted_ohlcv_twse_stock_day,official_unadjusted_ohlcv_twse_stock_day,TWSE_STOCK_DAY,TWSE_STOCK_DAY,False,unadjusted_ohlcv; adjusted_close_blocked_not_fabricated,True,False,False,False,False,False,False,False,True,False,1000000,5194.0,999845.0,911547.0,1425.0,4034.0,5459.0,-0.09363807963885865,applied_local_ep05_cost_model_to_unadjusted_ohlc_unit_notional,1368
2023-12-29,2024-01-02,2024-01-09,6799,來頡,TWSE,pool_breadth_route,regime_switch_hybrid_route,mega_or_stock_route,stable_strength,next_day_close_entry_fixed_5td_exit,unadjusted_close,unadjusted_close,192.5,190.0,175.5,190.0,175.5,-0.07631578947368423,True,,official_unadjusted_ohlcv_twse_stock_day,official_unadjusted_ohlcv_twse_stock_day,TWSE_STOCK_DAY,TWSE_STOCK_DAY,False,unadjusted_ohlcv; adjusted_close_blocked_not_fabricated,True,False,False,False,False,False,False,False,True,False,1000000,5263.0,999970.0,923656.5,1425.0,4087.0,5512.0,-0.081711512440146,applied_local_ep05_cost_model_to_unadjusted_ohlc_unit_notional,1368
2023-12-29,2023-12-29,,6799,來頡,TWSE,pool_breadth_route,regime_switch_hybrid_route,mega_or_stock_route,stable_strength,same_week_close_to_next_rebalance_close_comparator,unadjusted_close,unadjusted_close,196.0,191.5,,191.5,,,False,same_week_terminal_blank_exit_date_policy_blocked,official_unadjusted_ohlcv_twse_stock_day,,TWSE_STOCK_DAY,,False,unadjusted_ohlcv; adjusted_close_blocked_not_fabricated,True,False,False,False,False,False,False,False,True,False,1000000,,,,,,,,blocked_missing_entry_or_exit_price,1368
2023-12-29,2024-01-02,2024-01-09,6799,來頡,TWSE,pool_breadth_route,regime_switch_hybrid_route,mega_or_stock_route,stable_strength,next_day_open_entry_fixed_5td_exit,unadjusted_open,unadjusted_close,192.5,190.0,175.5,192.5,175.5,-0.08831168831168834,True,,official_unadjusted_ohlcv_twse_stock_day,official_unadjusted_ohlcv_twse_stock_day,TWSE_STOCK_DAY,TWSE_STOCK_DAY,False,unadjusted_ohlcv; adjusted_close_blocked_not_fabricated,True,False,False,False,False,False,False,False,True,False,1000000,5194.0,999845.0,911547.0,1425.0,4034.0,5459.0,-0.09363807963885865,applied_local_ep05_cost_model_to_unadjusted_ohlc_unit_notional,1368
