signal_date,signal_variant,ticker,name,market,selected_rank,RS20,RS60,RS20_rank_within_80,pool_rank,within80_rank,is_legacy_7_core,in_31_high_confidence_subpool_reference,in_100_extended_watchlist_reference,capital_support_context,high_exhaustion_or_breakdown_context,layer4_risk_aware_score,rs20_31_bonus_score,rs20_risk_context_score,signal_timing,selection_rule_basis,registry_source_found,source_path,source_type,exact_adjusted_close_path_ready,tradable_close_proxy_available,blocked_reason,price_source_hierarchy,exact_stock_return_reconstruction_method,00631L_plus_excess_return_reconstruction_used,diagnostic_only,formal_model_changed,trade_decision_changed,active_in_trade_decision,report_changed,portfolio_replay_executed,ready_for_strategy_replay,not_live_rule,forward_returns_live_rule_usage
2015-01-09,dynamic80_top1_rs20_31_bonus_proxy,1216,統一,TWSE,,,,,30,30,False,True,True,True,True,0.3846936028717948,0.02,-0.0107653198564102,weekly_signal_close,RS20_plus_31_high_confidence_context_bonus,False,,,False,False,missing_selected_stock_price_registry_row,adjusted_close_exact > tradable_close_proxy > blocked,selected_ticker_adjusted_close_path_only,False,True,False,False,False,False,False,False,True,False
2015-01-16,dynamic80_top1_rs20_31_bonus_proxy,1314,中石化,TWSE,,,,,22,22,False,True,True,True,True,0.4331651430354609,0.02,-0.0083417428482269,weekly_signal_close,RS20_plus_31_high_confidence_context_bonus,False,,,False,False,missing_selected_stock_price_registry_row,adjusted_close_exact > tradable_close_proxy > blocked,selected_ticker_adjusted_close_path_only,False,True,False,False,False,False,False,False,True,False
2015-01-23,dynamic80_top1_rs20_31_bonus_proxy,1303,南亞,TWSE,,,,,12,12,False,True,True,True,True,0.4498075328226951,0.02,-0.0075096233588652,weekly_signal_close,RS20_plus_31_high_confidence_context_bonus,False,,,False,False,missing_selected_stock_price_registry_row,adjusted_close_exact > tradable_close_proxy > blocked,selected_ticker_adjusted_close_path_only,False,True,False,False,False,False,False,False,True,False
2015-01-30,dynamic80_top1_rs20_31_bonus_proxy,1101,台泥,TWSE,,,,,30,30,False,True,True,True,True,0.4344871887163923,0.02,-0.0082756405641803,weekly_signal_close,RS20_plus_31_high_confidence_context_bonus,False,,,False,False,missing_selected_stock_price_registry_row,adjusted_close_exact > tradable_close_proxy > blocked,selected_ticker_adjusted_close_path_only,False,True,False,False,False,False,False,False,True,False
2015-02-06,dynamic80_top1_rs20_31_bonus_proxy,5474,聰泰,TPEx,1.0,0.2842861405395422,,1.0,76,76,False,False,True,True,False,0.6274688103711632,0.2842861405395422,0.3156595810581004,weekly_signal_close,RS20_plus_31_high_confidence_context_bonus,False,,,False,False,missing_selected_stock_price_registry_row,adjusted_close_exact > tradable_close_proxy > blocked,selected_ticker_adjusted_close_path_only,False,True,False,False,False,False,False,False,True,False
2015-02-13,dynamic80_top1_rs20_31_bonus_proxy,9938,百和,TWSE,1.0,0.216290352136216,,1.0,71,71,False,False,True,True,False,0.6285978759114448,0.216290352136216,0.2477202459317882,weekly_signal_close,RS20_plus_31_high_confidence_context_bonus,False,,,False,False,missing_selected_stock_price_registry_row,adjusted_close_exact > tradable_close_proxy > blocked,selected_ticker_adjusted_close_path_only,False,True,False,False,False,False,False,False,True,False
2015-02-26,dynamic80_top1_rs20_31_bonus_proxy,9938,百和,TWSE,1.0,0.3121026551376851,,1.0,76,76,False,False,True,True,False,0.6335600417340088,0.3121026551376851,0.3437806572243855,weekly_signal_close,RS20_plus_31_high_confidence_context_bonus,False,,,False,False,missing_selected_stock_price_registry_row,adjusted_close_exact > tradable_close_proxy > blocked,selected_ticker_adjusted_close_path_only,False,True,False,False,False,False,False,False,True,False
2015-03-06,dynamic80_top1_rs20_31_bonus_proxy,9938,百和,TWSE,1.0,0.3286853365133673,,1.0,70,70,False,False,True,True,False,0.6389479486109879,0.3286853365133673,0.3606327339439167,weekly_signal_close,RS20_plus_31_high_confidence_context_bonus,False,,,False,False,missing_selected_stock_price_registry_row,adjusted_close_exact > tradable_close_proxy > blocked,selected_ticker_adjusted_close_path_only,False,True,False,False,False,False,False,False,True,False
2015-03-13,dynamic80_top1_rs20_31_bonus_proxy,1589,永冠-KY,TWSE,1.0,0.2969895381185843,,1.0,61,61,False,False,True,True,False,0.6376165733158319,0.2969895381185843,0.3288703667843759,weekly_signal_close,RS20_plus_31_high_confidence_context_bonus,False,,,False,False,missing_selected_stock_price_registry_row,adjusted_close_exact > tradable_close_proxy > blocked,selected_ticker_adjusted_close_path_only,False,True,False,False,False,False,False,False,True,False
2015-03-20,dynamic80_top1_rs20_31_bonus_proxy,4733,上緯,TWSE,1.0,0.4857330290549246,,1.0,73,73,False,False,True,True,False,0.628893535482546,0.4857330290549246,0.5171777058290519,weekly_signal_close,RS20_plus_31_high_confidence_context_bonus,False,,,False,False,missing_selected_stock_price_registry_row,adjusted_close_exact > tradable_close_proxy > blocked,selected_ticker_adjusted_close_path_only,False,True,False,False,False,False,False,False,True,False
2015-03-27,dynamic80_top1_rs20_31_bonus_proxy,4733,上緯,TWSE,1.0,0.4196021850702121,,1.0,69,69,False,False,True,True,False,0.6388508611523461,0.4196021850702121,0.4515447281278293,weekly_signal_close,RS20_plus_31_high_confidence_context_bonus,False,,,False,False,missing_selected_stock_price_registry_row,adjusted_close_exact > tradable_close_proxy > blocked,selected_ticker_adjusted_close_path_only,False,True,False,False,False,False,False,False,True,False
2015-04-02,dynamic80_top1_rs20_31_bonus_proxy,1452,宏益,TWSE,1.0,0.3923722908314008,,1.0,38,38,False,False,True,True,False,0.6666131937753005,0.3923722908314008,0.4257029505201658,weekly_signal_close,RS20_plus_31_high_confidence_context_bonus,False,,,False,False,missing_selected_stock_price_registry_row,adjusted_close_exact > tradable_close_proxy > blocked,selected_ticker_adjusted_close_path_only,False,True,False,False,False,False,False,False,True,False
2015-04-10,dynamic80_top1_rs20_31_bonus_proxy,3455,由田,TPEx,1.0,0.4837221593320531,0.5142651243103862,1.0,79,79,False,False,True,True,False,0.6069227739638147,0.4837221593320531,0.5140682980302438,weekly_signal_close,RS20_plus_31_high_confidence_context_bonus,False,,,False,False,missing_selected_stock_price_registry_row,adjusted_close_exact > tradable_close_proxy > blocked,selected_ticker_adjusted_close_path_only,False,True,False,False,False,False,False,False,True,False
2015-04-17,dynamic80_top1_rs20_31_bonus_proxy,4153,鈺緯,TPEx,1.0,0.2339343883135315,0.4065406421359554,1.0,66,66,False,False,True,True,False,0.6373811844179628,0.2339343883135315,0.2658034475344296,weekly_signal_close,RS20_plus_31_high_confidence_context_bonus,False,,,False,False,missing_selected_stock_price_registry_row,adjusted_close_exact > tradable_close_proxy > blocked,selected_ticker_adjusted_close_path_only,False,True,False,False,False,False,False,False,True,False
2015-04-24,dynamic80_top1_rs20_31_bonus_proxy,8341,日友,TWSE,1.0,0.4671914622122437,,1.0,41,41,False,False,True,True,False,0.6438590220364038,0.4671914622122437,0.4993844133140639,weekly_signal_close,RS20_plus_31_high_confidence_context_bonus,False,,,False,False,missing_selected_stock_price_registry_row,adjusted_close_exact > tradable_close_proxy > blocked,selected_ticker_adjusted_close_path_only,False,True,False,False,False,False,False,False,True,False
2015-04-30,dynamic80_top1_rs20_31_bonus_proxy,1464,得力,TWSE,1.0,0.3955454854922073,0.6578124725616907,1.0,80,80,False,False,True,True,False,0.6247347956154388,0.3955454854922073,0.4267822252729792,weekly_signal_close,RS20_plus_31_high_confidence_context_bonus,False,,,False,False,missing_selected_stock_price_registry_row,adjusted_close_exact > tradable_close_proxy > blocked,selected_ticker_adjusted_close_path_only,False,True,False,False,False,False,False,False,True,False
2015-05-08,dynamic80_top1_rs20_31_bonus_proxy,3008,大立光,TWSE,1.0,0.1482789190814333,0.1450535034547706,1.0,34,34,False,False,True,True,False,0.6993349067377522,0.1482789190814333,0.1832456644183209,weekly_signal_close,RS20_plus_31_high_confidence_context_bonus,False,,,False,False,missing_selected_stock_price_registry_row,adjusted_close_exact > tradable_close_proxy > blocked,selected_ticker_adjusted_close_path_only,False,True,False,False,False,False,False,False,True,False
2015-05-15,dynamic80_top1_rs20_31_bonus_proxy,6147,頎邦,TPEx,1.0,0.1497941068985955,0.1100231653902119,1.0,40,40,False,False,True,True,False,0.6849058425983826,0.1497941068985955,0.1840393990285146,weekly_signal_close,RS20_plus_31_high_confidence_context_bonus,False,,,False,False,missing_selected_stock_price_registry_row,adjusted_close_exact > tradable_close_proxy > blocked,selected_ticker_adjusted_close_path_only,False,True,False,False,False,False,False,False,True,False
2015-05-22,dynamic80_top1_rs20_31_bonus_proxy,3552,同致,TPEx,1.0,0.2573425457051304,0.4030540083157443,1.0,74,74,False,False,True,True,False,0.6227062158320278,0.2573425457051304,0.2884778564967317,weekly_signal_close,RS20_plus_31_high_confidence_context_bonus,False,,,False,False,missing_selected_stock_price_registry_row,adjusted_close_exact > tradable_close_proxy > blocked,selected_ticker_adjusted_close_path_only,False,True,False,False,False,False,False,False,True,False
2015-05-29,dynamic80_top1_rs20_31_bonus_proxy,3556,禾瑞亞,TPEx,1.0,0.2530948711268721,0.3365101781350725,1.0,46,46,False,False,True,True,False,0.6339784073876802,0.2530948711268721,0.2847937914962561,weekly_signal_close,RS20_plus_31_high_confidence_context_bonus,False,,,False,False,missing_selected_stock_price_registry_row,adjusted_close_exact > tradable_close_proxy > blocked,selected_ticker_adjusted_close_path_only,False,True,False,False,False,False,False,False,True,False
2015-06-05,dynamic80_top1_rs20_31_bonus_proxy,1457,宜進,TWSE,1.0,0.2659202244151356,0.3424789311102377,1.0,64,64,False,False,True,True,False,0.6086489762626317,0.2659202244151356,0.2963526732282671,weekly_signal_close,RS20_plus_31_high_confidence_context_bonus,False,,,False,False,missing_selected_stock_price_registry_row,adjusted_close_exact > tradable_close_proxy > blocked,selected_ticker_adjusted_close_path_only,False,True,False,False,False,False,False,False,True,False
2015-06-12,dynamic80_top1_rs20_31_bonus_proxy,6414,樺漢,TWSE,1.0,0.2497816509966501,0.2912930500587187,1.0,17,17,False,True,True,True,False,0.7111634138882917,0.2697816509966501,0.2853398216910647,weekly_signal_close,RS20_plus_31_high_confidence_context_bonus,False,,,False,False,missing_selected_stock_price_registry_row,adjusted_close_exact > tradable_close_proxy > blocked,selected_ticker_adjusted_close_path_only,False,True,False,False,False,False,False,False,True,False
2015-06-18,dynamic80_top1_rs20_31_bonus_proxy,3529,力旺,TPEx,1.0,0.3091145032045271,0.4288038284850882,1.0,12,12,False,True,True,True,False,0.7072111872357784,0.3291145032045271,0.344475062566316,weekly_signal_close,RS20_plus_31_high_confidence_context_bonus,False,,,False,False,missing_selected_stock_price_registry_row,adjusted_close_exact > tradable_close_proxy > blocked,selected_ticker_adjusted_close_path_only,False,True,False,False,False,False,False,False,True,False
2015-06-26,dynamic80_top1_rs20_31_bonus_proxy,9802,鈺齊-KY,TWSE,1.0,0.1877896504001577,0.0635506746029999,1.0,52,52,False,False,True,True,False,0.6261641602300977,0.1877896504001577,0.2190978584116625,weekly_signal_close,RS20_plus_31_high_confidence_context_bonus,False,,,False,False,missing_selected_stock_price_registry_row,adjusted_close_exact > tradable_close_proxy > blocked,selected_ticker_adjusted_close_path_only,False,True,False,False,False,False,False,False,True,False
2015-07-03,dynamic80_top1_rs20_31_bonus_proxy,2455,全新,TWSE,1.0,0.306416859676935,0.3432310400809761,1.0,63,63,False,False,True,True,False,0.6125883216937744,0.306416859676935,0.3370462757616237,weekly_signal_close,RS20_plus_31_high_confidence_context_bonus,False,,,False,False,missing_selected_stock_price_registry_row,adjusted_close_exact > tradable_close_proxy > blocked,selected_ticker_adjusted_close_path_only,False,True,False,False,False,False,False,False,True,False
2015-07-09,dynamic80_top1_rs20_31_bonus_proxy,6217,中探針,TPEx,1.0,0.2600212193411133,0.0728464430646238,1.0,67,67,False,False,True,True,False,0.6016849435485092,0.2600212193411133,0.2901054665185387,weekly_signal_close,RS20_plus_31_high_confidence_context_bonus,False,,,False,False,missing_selected_stock_price_registry_row,adjusted_close_exact > tradable_close_proxy > blocked,selected_ticker_adjusted_close_path_only,False,True,False,False,False,False,False,False,True,False
2015-07-17,dynamic80_top1_rs20_31_bonus_proxy,8096,擎亞,TPEx,1.0,0.3895633306274597,-0.0678772327720957,1.0,67,67,False,False,True,True,False,0.600973947045907,0.3895633306274597,0.419612027979755,weekly_signal_close,RS20_plus_31_high_confidence_context_bonus,False,,,False,False,missing_selected_stock_price_registry_row,adjusted_close_exact > tradable_close_proxy > blocked,selected_ticker_adjusted_close_path_only,False,True,False,False,False,False,False,False,True,False
2015-07-24,dynamic80_top1_rs20_31_bonus_proxy,6217,中探針,TPEx,1.0,0.0949825440481971,0.0622534120063339,1.0,15,15,False,True,True,True,False,0.72166706007055,0.1149825440481971,0.1310658970517246,weekly_signal_close,RS20_plus_31_high_confidence_context_bonus,False,,,False,False,missing_selected_stock_price_registry_row,adjusted_close_exact > tradable_close_proxy > blocked,selected_ticker_adjusted_close_path_only,False,True,False,False,False,False,False,False,True,False
2015-07-31,dynamic80_top1_rs20_31_bonus_proxy,1707,葡萄王,TWSE,1.0,0.1297659186717495,0.245393948889063,1.0,67,67,False,False,True,True,False,0.5799188807511996,0.1297659186717495,0.1587618627093094,weekly_signal_close,RS20_plus_31_high_confidence_context_bonus,False,,,False,False,missing_selected_stock_price_registry_row,adjusted_close_exact > tradable_close_proxy > blocked,selected_ticker_adjusted_close_path_only,False,True,False,False,False,False,False,False,True,False
2015-08-07,dynamic80_top1_rs20_31_bonus_proxy,2383,台光電,TWSE,1.0,0.2067773294660638,0.3701983198796651,1.0,55,55,False,False,True,True,False,0.6023994943950431,0.2067773294660638,0.2368973041858159,weekly_signal_close,RS20_plus_31_high_confidence_context_bonus,False,,,False,False,missing_selected_stock_price_registry_row,adjusted_close_exact > tradable_close_proxy > blocked,selected_ticker_adjusted_close_path_only,False,True,False,False,False,False,False,False,True,False
2015-08-14,dynamic80_top1_rs20_31_bonus_proxy,2327,國巨*,TWSE,1.0,0.1664298291216331,-0.0576108292832057,1.0,66,66,False,False,True,True,False,0.5611918482178335,0.1664298291216331,0.1944894215325247,weekly_signal_close,RS20_plus_31_high_confidence_context_bonus,False,,,False,False,missing_selected_stock_price_registry_row,adjusted_close_exact > tradable_close_proxy > blocked,selected_ticker_adjusted_close_path_only,False,True,False,False,False,False,False,False,True,False
2015-08-21,dynamic80_top1_rs20_31_bonus_proxy,9951,皇田,TPEx,1.0,0.2913706584412193,0.4317213708801344,1.0,80,80,False,False,True,True,False,0.5391857936818936,0.2913706584412193,0.3183299481253139,weekly_signal_close,RS20_plus_31_high_confidence_context_bonus,False,,,False,False,missing_selected_stock_price_registry_row,adjusted_close_exact > tradable_close_proxy > blocked,selected_ticker_adjusted_close_path_only,False,True,False,False,False,False,False,False,True,False
2015-08-28,dynamic80_top1_rs20_31_bonus_proxy,2231,為升,TWSE,2.0,0.1292516973392005,-0.0623264061530067,2.0,22,22,False,True,True,True,False,0.6235573047237061,0.1492516973392005,0.1604295625753858,weekly_signal_close,RS20_plus_31_high_confidence_context_bonus,False,,,False,False,missing_selected_stock_price_registry_row,adjusted_close_exact > tradable_close_proxy > blocked,selected_ticker_adjusted_close_path_only,False,True,False,False,False,False,False,False,True,False
2015-09-04,dynamic80_top1_rs20_31_bonus_proxy,9951,皇田,TPEx,1.0,0.2904604971435524,0.3425388713821066,1.0,64,64,False,False,True,True,False,0.5630550129085946,0.2904604971435524,0.3186132477889821,weekly_signal_close,RS20_plus_31_high_confidence_context_bonus,False,,,False,False,missing_selected_stock_price_registry_row,adjusted_close_exact > tradable_close_proxy > blocked,selected_ticker_adjusted_close_path_only,False,True,False,False,False,False,False,False,True,False
2015-09-11,dynamic80_top1_rs20_31_bonus_proxy,6176,瑞儀,TWSE,1.0,0.2016597936367199,0.0150336032018668,1.0,40,40,False,False,True,True,False,0.5820361131308354,0.2016597936367199,0.2307615992932616,weekly_signal_close,RS20_plus_31_high_confidence_context_bonus,False,,,False,False,missing_selected_stock_price_registry_row,adjusted_close_exact > tradable_close_proxy > blocked,selected_ticker_adjusted_close_path_only,False,True,False,False,False,False,False,False,True,False
2015-09-18,dynamic80_top1_rs20_31_bonus_proxy,4162,智擎,TPEx,1.0,0.3322186683008827,0.0179179952335577,1.0,61,61,False,False,True,True,False,0.5569596698472263,0.3322186683008827,0.360066651793244,weekly_signal_close,RS20_plus_31_high_confidence_context_bonus,False,,,False,False,missing_selected_stock_price_registry_row,adjusted_close_exact > tradable_close_proxy > blocked,selected_ticker_adjusted_close_path_only,False,True,False,False,False,False,False,False,True,False
2015-09-25,dynamic80_top1_rs20_31_bonus_proxy,4162,智擎,TPEx,1.0,0.4050559069078443,0.0220246570383294,1.0,65,65,False,False,True,True,False,0.5616590056265393,0.4050559069078443,0.4331388571891713,weekly_signal_close,RS20_plus_31_high_confidence_context_bonus,False,,,False,False,missing_selected_stock_price_registry_row,adjusted_close_exact > tradable_close_proxy > blocked,selected_ticker_adjusted_close_path_only,False,True,False,False,False,False,False,False,True,False
2015-10-02,dynamic80_top1_rs20_31_bonus_proxy,1464,得力,TWSE,1.0,0.3807074606922913,0.2573770915133526,1.0,58,58,False,False,True,True,False,0.560568822258055,0.3807074606922913,0.408735901805194,weekly_signal_close,RS20_plus_31_high_confidence_context_bonus,False,,,False,False,missing_selected_stock_price_registry_row,adjusted_close_exact > tradable_close_proxy > blocked,selected_ticker_adjusted_close_path_only,False,True,False,False,False,False,False,False,True,False
2015-10-08,dynamic80_top1_rs20_31_bonus_proxy,6143,振曜,TPEx,1.0,0.3564414802216904,0.2682307448361871,1.0,72,72,False,False,True,True,False,0.6173938981992134,0.3564414802216904,0.3873111751316511,weekly_signal_close,RS20_plus_31_high_confidence_context_bonus,False,,,False,False,missing_selected_stock_price_registry_row,adjusted_close_exact > tradable_close_proxy > blocked,selected_ticker_adjusted_close_path_only,False,True,False,False,False,False,False,False,True,False
2015-10-16,dynamic80_top1_rs20_31_bonus_proxy,8433,弘帆,TPEx,1.0,0.411140835283921,0.5620987596844308,1.0,60,60,False,False,True,True,False,0.6194199075186287,0.411140835283921,0.4421118306598524,weekly_signal_close,RS20_plus_31_high_confidence_context_bonus,False,,,False,False,missing_selected_stock_price_registry_row,adjusted_close_exact > tradable_close_proxy > blocked,selected_ticker_adjusted_close_path_only,False,True,False,False,False,False,False,False,True,False
2015-10-23,dynamic80_top1_rs20_31_bonus_proxy,1527,鑽全,TWSE,1.0,0.189898761096994,0.5641632228479401,1.0,24,24,False,True,True,True,False,0.698022739702628,0.2098987610969939,0.2247998980821254,weekly_signal_close,RS20_plus_31_high_confidence_context_bonus,False,,,False,False,missing_selected_stock_price_registry_row,adjusted_close_exact > tradable_close_proxy > blocked,selected_ticker_adjusted_close_path_only,False,True,False,False,False,False,False,False,True,False
2015-10-30,dynamic80_top1_rs20_31_bonus_proxy,4129,聯合,TPEx,1.0,0.2343333965682059,0.5634993920562257,1.0,49,49,False,False,True,True,False,0.6499425325880696,0.2343333965682059,0.2668305231976093,weekly_signal_close,RS20_plus_31_high_confidence_context_bonus,False,,,False,False,missing_selected_stock_price_registry_row,adjusted_close_exact > tradable_close_proxy > blocked,selected_ticker_adjusted_close_path_only,False,True,False,False,False,False,False,False,True,False
2015-11-06,dynamic80_top1_rs20_31_bonus_proxy,2439,美律,TWSE,1.0,0.411254619287835,0.6491337660117944,1.0,61,61,False,False,True,True,False,0.6123962436872494,0.411254619287835,0.4418744314721975,weekly_signal_close,RS20_plus_31_high_confidence_context_bonus,False,,,False,False,missing_selected_stock_price_registry_row,adjusted_close_exact > tradable_close_proxy > blocked,selected_ticker_adjusted_close_path_only,False,True,False,False,False,False,False,False,True,False
2015-11-13,dynamic80_top1_rs20_31_bonus_proxy,4129,聯合,TPEx,1.0,0.3715871948528172,0.4925106253239335,1.0,24,24,False,True,True,True,False,0.7058462520892562,0.3915871948528172,0.40687950745728,weekly_signal_close,RS20_plus_31_high_confidence_context_bonus,False,,,False,False,missing_selected_stock_price_registry_row,adjusted_close_exact > tradable_close_proxy > blocked,selected_ticker_adjusted_close_path_only,False,True,False,False,False,False,False,False,True,False
2015-11-20,dynamic80_top1_rs20_31_bonus_proxy,3479,安勤,TPEx,1.0,0.4432982004772287,0.9294082970450508,1.0,50,50,False,False,True,True,False,0.613848762265018,0.4432982004772287,0.4739906385904796,weekly_signal_close,RS20_plus_31_high_confidence_context_bonus,False,,,False,False,missing_selected_stock_price_registry_row,adjusted_close_exact > tradable_close_proxy > blocked,selected_ticker_adjusted_close_path_only,False,True,False,False,False,False,False,False,True,False
2015-11-27,dynamic80_top1_rs20_31_bonus_proxy,4190,佐登-KY,TWSE,1.0,0.303825050187427,,1.0,27,27,False,True,True,True,False,0.662555758634591,0.323825050187427,0.3369528381191565,weekly_signal_close,RS20_plus_31_high_confidence_context_bonus,False,,,False,False,missing_selected_stock_price_registry_row,adjusted_close_exact > tradable_close_proxy > blocked,selected_ticker_adjusted_close_path_only,False,True,False,False,False,False,False,False,True,False
2015-12-04,dynamic80_top1_rs20_31_bonus_proxy,4119,旭富,TWSE,2.0,0.3292215255631999,0.4509464907869333,2.0,23,23,False,True,True,True,False,0.670444856075806,0.3492215255631999,0.3627437683669902,weekly_signal_close,RS20_plus_31_high_confidence_context_bonus,False,,,False,False,missing_selected_stock_price_registry_row,adjusted_close_exact > tradable_close_proxy > blocked,selected_ticker_adjusted_close_path_only,False,True,False,False,False,False,False,False,True,False
2015-12-11,dynamic80_top1_rs20_31_bonus_proxy,3231,緯創,TWSE,1.0,0.2727087404775006,0.0981321511742647,1.0,49,49,True,False,True,True,False,0.6344464499936899,0.2727087404775006,0.3044310629771851,weekly_signal_close,RS20_plus_31_high_confidence_context_bonus,False,,,False,False,missing_selected_stock_price_registry_row,adjusted_close_exact > tradable_close_proxy > blocked,selected_ticker_adjusted_close_path_only,False,True,False,False,False,False,False,False,True,False
2015-12-18,dynamic80_top1_rs20_31_bonus_proxy,3324,雙鴻,TPEx,1.0,0.4864179622679633,0.9623374853391018,1.0,66,66,False,False,True,True,False,0.5762745159802386,0.4864179622679633,0.5152316880669753,weekly_signal_close,RS20_plus_31_high_confidence_context_bonus,False,,,False,False,missing_selected_stock_price_registry_row,adjusted_close_exact > tradable_close_proxy > blocked,selected_ticker_adjusted_close_path_only,False,True,False,False,False,False,False,False,True,False
2015-12-25,dynamic80_top1_rs20_31_bonus_proxy,2408,南亞科,TWSE,1.0,0.301568181106153,0.3667230553727073,1.0,70,70,False,False,True,True,False,0.5654546829201631,0.301568181106153,0.3298409152521612,weekly_signal_close,RS20_plus_31_high_confidence_context_bonus,False,,,False,False,missing_selected_stock_price_registry_row,adjusted_close_exact > tradable_close_proxy > blocked,selected_ticker_adjusted_close_path_only,False,True,False,False,False,False,False,False,True,False
2015-12-31,dynamic80_top1_rs20_31_bonus_proxy,6111,大宇資,TPEx,1.0,0.2834255193965067,0.5044909218570449,1.0,79,79,False,False,True,True,False,0.5847316304230081,0.2834255193965067,0.312662100917657,weekly_signal_close,RS20_plus_31_high_confidence_context_bonus,False,,,False,False,missing_selected_stock_price_registry_row,adjusted_close_exact > tradable_close_proxy > blocked,selected_ticker_adjusted_close_path_only,False,True,False,False,False,False,False,False,True,False
2016-01-08,dynamic80_top1_rs20_31_bonus_proxy,1737,臺鹽,TWSE,1.0,0.4157009384851945,0.5981169640719924,1.0,65,65,False,False,True,True,False,0.62759877524175,0.4157009384851945,0.447080877247282,weekly_signal_close,RS20_plus_31_high_confidence_context_bonus,False,,,False,False,missing_selected_stock_price_registry_row,adjusted_close_exact > tradable_close_proxy > blocked,selected_ticker_adjusted_close_path_only,False,True,False,False,False,False,False,False,True,False
2016-01-15,dynamic80_top1_rs20_31_bonus_proxy,1589,永冠-KY,TWSE,1.0,0.2502303251738828,0.0525876285602495,1.0,57,57,False,False,True,True,False,0.6420237242575011,0.2502303251738828,0.2823315113867578,weekly_signal_close,RS20_plus_31_high_confidence_context_bonus,False,,,False,False,missing_selected_stock_price_registry_row,adjusted_close_exact > tradable_close_proxy > blocked,selected_ticker_adjusted_close_path_only,False,True,False,False,False,False,False,False,True,False
2016-01-22,dynamic80_top1_rs20_31_bonus_proxy,3596,智易,TWSE,1.0,0.3425392638181525,0.3035816082614887,1.0,77,77,False,False,True,True,False,0.5864952241261306,0.3425392638181525,0.371864025024459,weekly_signal_close,RS20_plus_31_high_confidence_context_bonus,False,,,False,False,missing_selected_stock_price_registry_row,adjusted_close_exact > tradable_close_proxy > blocked,selected_ticker_adjusted_close_path_only,False,True,False,False,False,False,False,False,True,False
2016-01-29,dynamic80_top1_rs20_31_bonus_proxy,2393,億光,TWSE,2.0,0.1890160681981022,0.1948889290367179,2.0,30,30,False,True,True,True,False,0.6408985473765325,0.2090160681981022,0.2210609955669288,weekly_signal_close,RS20_plus_31_high_confidence_context_bonus,False,,,False,False,missing_selected_stock_price_registry_row,adjusted_close_exact > tradable_close_proxy > blocked,selected_ticker_adjusted_close_path_only,False,True,False,False,False,False,False,False,True,False
2016-02-03,dynamic80_top1_rs20_31_bonus_proxy,3484,崧騰,TPEx,1.0,0.2955106124485953,0.1813474117050918,1.0,76,76,False,False,True,True,False,0.5769966011247268,0.2955106124485953,0.3243604425048316,weekly_signal_close,RS20_plus_31_high_confidence_context_bonus,False,,,False,False,missing_selected_stock_price_registry_row,adjusted_close_exact > tradable_close_proxy > blocked,selected_ticker_adjusted_close_path_only,False,True,False,False,False,False,False,False,True,False
2016-02-19,dynamic80_top1_rs20_31_bonus_proxy,2419,仲琦,TWSE,1.0,0.3814607691439009,0.6503923087927332,1.0,32,32,False,True,True,True,False,0.6390962036432722,0.4014607691439009,0.4134155793260645,weekly_signal_close,RS20_plus_31_high_confidence_context_bonus,False,,,False,False,missing_selected_stock_price_registry_row,adjusted_close_exact > tradable_close_proxy > blocked,selected_ticker_adjusted_close_path_only,False,True,False,False,False,False,False,False,True,False
2016-02-26,dynamic80_top1_rs20_31_bonus_proxy,6227,茂綸,TPEx,1.0,0.6847090072215607,0.7504298927947592,1.0,64,64,False,False,True,False,False,0.5539242726598632,0.6847090072215607,0.7124052208545538,weekly_signal_close,RS20_plus_31_high_confidence_context_bonus,False,,,False,False,missing_selected_stock_price_registry_row,adjusted_close_exact > tradable_close_proxy > blocked,selected_ticker_adjusted_close_path_only,False,True,False,False,False,False,False,False,True,False
2016-03-04,dynamic80_top1_rs20_31_bonus_proxy,3413,京鼎,TWSE,1.0,0.3294466961210462,0.3800804548166281,1.0,69,69,False,False,True,True,False,0.5643667636644624,0.3294466961210462,0.3576650343042693,weekly_signal_close,RS20_plus_31_high_confidence_context_bonus,False,,,False,False,missing_selected_stock_price_registry_row,adjusted_close_exact > tradable_close_proxy > blocked,selected_ticker_adjusted_close_path_only,False,True,False,False,False,False,False,False,True,False
2016-03-11,dynamic80_top1_rs20_31_bonus_proxy,6173,信昌電,TPEx,1.0,0.5624258655690875,0.5053675349976536,1.0,76,76,False,False,True,False,False,0.494633539913998,0.5624258655690875,0.5871575425647874,weekly_signal_close,RS20_plus_31_high_confidence_context_bonus,False,,,False,False,missing_selected_stock_price_registry_row,adjusted_close_exact > tradable_close_proxy > blocked,selected_ticker_adjusted_close_path_only,False,True,False,False,False,False,False,False,True,False
2016-03-18,dynamic80_top1_rs20_31_bonus_proxy,5315,光聯,TPEx,1.0,0.3587644963034928,0.5733957574978978,1.0,56,56,False,False,True,True,False,0.5939326981015861,0.3587644963034928,0.388461131208572,weekly_signal_close,RS20_plus_31_high_confidence_context_bonus,False,,,False,False,missing_selected_stock_price_registry_row,adjusted_close_exact > tradable_close_proxy > blocked,selected_ticker_adjusted_close_path_only,False,True,False,False,False,False,False,False,True,False
2016-03-25,dynamic80_top1_rs20_31_bonus_proxy,1599,宏佳騰,TPEx,1.0,0.335513699716726,0.3671860443198682,1.0,58,58,False,False,True,True,False,0.5873410299209458,0.335513699716726,0.3648807512127733,weekly_signal_close,RS20_plus_31_high_confidence_context_bonus,False,,,False,False,missing_selected_stock_price_registry_row,adjusted_close_exact > tradable_close_proxy > blocked,selected_ticker_adjusted_close_path_only,False,True,False,False,False,False,False,False,True,False
2016-04-01,dynamic80_top1_rs20_31_bonus_proxy,2723,美食-KY,TWSE,1.0,0.2800044445526832,0.0877895910046764,1.0,68,68,False,False,True,True,False,0.5826231687062546,0.2800044445526832,0.3091356029879959,weekly_signal_close,RS20_plus_31_high_confidence_context_bonus,False,,,False,False,missing_selected_stock_price_registry_row,adjusted_close_exact > tradable_close_proxy > blocked,selected_ticker_adjusted_close_path_only,False,True,False,False,False,False,False,False,True,False
2016-04-08,dynamic80_top1_rs20_31_bonus_proxy,3032,偉訓,TWSE,1.0,0.4766351153541798,0.9693930222542848,1.0,47,47,False,False,True,True,False,0.6225133357484897,0.4766351153541798,0.5077607821416042,weekly_signal_close,RS20_plus_31_high_confidence_context_bonus,False,,,False,False,missing_selected_stock_price_registry_row,adjusted_close_exact > tradable_close_proxy > blocked,selected_ticker_adjusted_close_path_only,False,True,False,False,False,False,False,False,True,False
2016-04-15,dynamic80_top1_rs20_31_bonus_proxy,3665,貿聯-KY,TWSE,1.0,0.3159335324786074,0.3183030104627111,1.0,20,20,False,True,True,True,False,0.6941699734364049,0.3359335324786074,0.3506420311504276,weekly_signal_close,RS20_plus_31_high_confidence_context_bonus,False,,,False,False,missing_selected_stock_price_registry_row,adjusted_close_exact > tradable_close_proxy > blocked,selected_ticker_adjusted_close_path_only,False,True,False,False,False,False,False,False,True,False
2016-04-22,dynamic80_top1_rs20_31_bonus_proxy,1536,和大,TWSE,1.0,0.2342889662303017,0.3946208449307515,1.0,22,22,False,True,True,True,False,0.6972910069474492,0.2542889662303017,0.2691535165776741,weekly_signal_close,RS20_plus_31_high_confidence_context_bonus,False,,,False,False,missing_selected_stock_price_registry_row,adjusted_close_exact > tradable_close_proxy > blocked,selected_ticker_adjusted_close_path_only,False,True,False,False,False,False,False,False,True,False
2016-04-29,dynamic80_top1_rs20_31_bonus_proxy,6274,台燿,TPEx,1.0,0.2075094262157102,0.1268002879506133,1.0,54,54,False,False,True,True,False,0.634477014575953,0.2075094262157102,0.2392332769445078,weekly_signal_close,RS20_plus_31_high_confidence_context_bonus,False,,,False,False,missing_selected_stock_price_registry_row,adjusted_close_exact > tradable_close_proxy > blocked,selected_ticker_adjusted_close_path_only,False,True,False,False,False,False,False,False,True,False
2016-05-06,dynamic80_top1_rs20_31_bonus_proxy,2062,橋椿,TWSE,1.0,0.2000894634049774,-0.014708752361197,1.0,78,78,False,False,True,True,False,0.6136888469567822,0.2000894634049774,0.2307739057528165,weekly_signal_close,RS20_plus_31_high_confidence_context_bonus,False,,,False,False,missing_selected_stock_price_registry_row,adjusted_close_exact > tradable_close_proxy > blocked,selected_ticker_adjusted_close_path_only,False,True,False,False,False,False,False,False,True,False
2016-05-13,dynamic80_top1_rs20_31_bonus_proxy,3658,漢微科,TPEx,1.0,0.2275256605020443,0.1974576216886965,1.0,60,60,False,False,True,True,False,0.6068912313664527,0.2275256605020443,0.257870222070367,weekly_signal_close,RS20_plus_31_high_confidence_context_bonus,False,,,False,False,missing_selected_stock_price_registry_row,adjusted_close_exact > tradable_close_proxy > blocked,selected_ticker_adjusted_close_path_only,False,True,False,False,False,False,False,False,True,False
2016-05-20,dynamic80_top1_rs20_31_bonus_proxy,8044,網家,TPEx,1.0,0.1718626870730825,0.1079246278825204,1.0,59,59,False,False,True,True,False,0.605596879130324,0.1718626870730825,0.2021425310295987,weekly_signal_close,RS20_plus_31_high_confidence_context_bonus,False,,,False,False,missing_selected_stock_price_registry_row,adjusted_close_exact > tradable_close_proxy > blocked,selected_ticker_adjusted_close_path_only,False,True,False,False,False,False,False,False,True,False
2016-05-27,dynamic80_top1_rs20_31_bonus_proxy,4736,泰博,TPEx,1.0,0.2199021823480111,0.3584093223202638,1.0,25,25,False,True,True,True,False,0.6789457212946791,0.239902182348011,0.253849468412745,weekly_signal_close,RS20_plus_31_high_confidence_context_bonus,False,,,False,False,missing_selected_stock_price_registry_row,adjusted_close_exact > tradable_close_proxy > blocked,selected_ticker_adjusted_close_path_only,False,True,False,False,False,False,False,False,True,False
2016-06-03,dynamic80_top1_rs20_31_bonus_proxy,3141,晶宏,TPEx,1.0,0.2808694169124877,0.5494419750631581,1.0,80,80,False,False,True,True,False,0.5658564013343297,0.2808694169124877,0.3091622369792041,weekly_signal_close,RS20_plus_31_high_confidence_context_bonus,False,,,False,False,missing_selected_stock_price_registry_row,adjusted_close_exact > tradable_close_proxy > blocked,selected_ticker_adjusted_close_path_only,False,True,False,False,False,False,False,False,True,False
2016-06-08,dynamic80_top1_rs20_31_bonus_proxy,3141,晶宏,TPEx,1.0,0.2491292602886801,0.4952434025183687,1.0,77,77,False,False,True,True,False,0.5861573169164249,0.2491292602886801,0.2784371261345013,weekly_signal_close,RS20_plus_31_high_confidence_context_bonus,False,,,False,False,missing_selected_stock_price_registry_row,adjusted_close_exact > tradable_close_proxy > blocked,selected_ticker_adjusted_close_path_only,False,True,False,False,False,False,False,False,True,False
2016-06-17,dynamic80_top1_rs20_31_bonus_proxy,3658,漢微科,TPEx,3.0,0.1804358160670867,0.3334293924749707,3.0,21,21,False,True,True,True,False,0.7006646789036084,0.2004358160670867,0.2154690500122671,weekly_signal_close,RS20_plus_31_high_confidence_context_bonus,False,,,False,False,missing_selected_stock_price_registry_row,adjusted_close_exact > tradable_close_proxy > blocked,selected_ticker_adjusted_close_path_only,False,True,False,False,False,False,False,False,True,False
2016-06-24,dynamic80_top1_rs20_31_bonus_proxy,3548,兆利,TPEx,1.0,0.1503433042093571,0.1767370366486781,1.0,48,48,False,False,True,True,False,0.6575782916317721,0.1503433042093571,0.1832222187909457,weekly_signal_close,RS20_plus_31_high_confidence_context_bonus,False,,,False,False,missing_selected_stock_price_registry_row,adjusted_close_exact > tradable_close_proxy > blocked,selected_ticker_adjusted_close_path_only,False,True,False,False,False,False,False,False,True,False
2016-07-01,dynamic80_top1_rs20_31_bonus_proxy,6271,同欣電,TWSE,1.0,0.1879477059237455,0.2456914114457391,1.0,46,46,False,False,True,True,False,0.6611175877019614,0.1879477059237455,0.2210035853088435,weekly_signal_close,RS20_plus_31_high_confidence_context_bonus,False,,,False,False,missing_selected_stock_price_registry_row,adjusted_close_exact > tradable_close_proxy > blocked,selected_ticker_adjusted_close_path_only,False,True,False,False,False,False,False,False,True,False
2016-07-07,dynamic80_top1_rs20_31_bonus_proxy,3078,僑威,TPEx,1.0,0.282755610487879,0.2111112718393937,1.0,76,76,False,False,True,True,False,0.59475265039426,0.282755610487879,0.312493243007592,weekly_signal_close,RS20_plus_31_high_confidence_context_bonus,False,,,False,False,missing_selected_stock_price_registry_row,adjusted_close_exact > tradable_close_proxy > blocked,selected_ticker_adjusted_close_path_only,False,True,False,False,False,False,False,False,True,False
2016-07-15,dynamic80_top1_rs20_31_bonus_proxy,3541,西柏,TPEx,1.0,0.3992398295564512,0.4950329055767548,1.0,73,73,False,False,True,True,False,0.6038511105067194,0.3992398295564512,0.4294323850817871,weekly_signal_close,RS20_plus_31_high_confidence_context_bonus,False,,,False,False,missing_selected_stock_price_registry_row,adjusted_close_exact > tradable_close_proxy > blocked,selected_ticker_adjusted_close_path_only,False,True,False,False,False,False,False,False,True,False
2016-07-22,dynamic80_top1_rs20_31_bonus_proxy,5474,聰泰,TPEx,1.0,0.2419987263513676,0.3093291735174686,1.0,71,71,False,False,True,True,False,0.6186565348959306,0.2419987263513676,0.2729315530961641,weekly_signal_close,RS20_plus_31_high_confidence_context_bonus,False,,,False,False,missing_selected_stock_price_registry_row,adjusted_close_exact > tradable_close_proxy > blocked,selected_ticker_adjusted_close_path_only,False,True,False,False,False,False,False,False,True,False
2016-07-29,dynamic80_top1_rs20_31_bonus_proxy,4935,茂林-KY,TWSE,1.0,0.1980261633919129,0.4463835232304172,1.0,75,75,False,False,True,True,False,0.5986431738289107,0.1980261633919129,0.2279583220833584,weekly_signal_close,RS20_plus_31_high_confidence_context_bonus,False,,,False,False,missing_selected_stock_price_registry_row,adjusted_close_exact > tradable_close_proxy > blocked,selected_ticker_adjusted_close_path_only,False,True,False,False,False,False,False,False,True,False
2016-08-05,dynamic80_top1_rs20_31_bonus_proxy,3653,健策,TWSE,1.0,0.4144964881964699,0.379949805499489,1.0,67,67,False,False,True,True,False,0.6143896937626171,0.4144964881964699,0.4452159728846007,weekly_signal_close,RS20_plus_31_high_confidence_context_bonus,False,,,False,False,missing_selected_stock_price_registry_row,adjusted_close_exact > tradable_close_proxy > blocked,selected_ticker_adjusted_close_path_only,False,True,False,False,False,False,False,False,True,False
2016-08-12,dynamic80_top1_rs20_31_bonus_proxy,2421,建準,TWSE,1.0,0.1875888290371972,0.0657527656758201,1.0,37,37,False,False,True,True,False,0.6610209395922164,0.1875888290371972,0.220639876016808,weekly_signal_close,RS20_plus_31_high_confidence_context_bonus,False,,,False,False,missing_selected_stock_price_registry_row,adjusted_close_exact > tradable_close_proxy > blocked,selected_ticker_adjusted_close_path_only,False,True,False,False,False,False,False,False,True,False
2016-08-19,dynamic80_top1_rs20_31_bonus_proxy,2379,瑞昱,TWSE,1.0,0.19281896835818,0.3575059419189248,1.0,24,24,False,True,True,True,False,0.6889599736696914,0.2128189683581799,0.2272669670416645,weekly_signal_close,RS20_plus_31_high_confidence_context_bonus,False,,,False,False,missing_selected_stock_price_registry_row,adjusted_close_exact > tradable_close_proxy > blocked,selected_ticker_adjusted_close_path_only,False,True,False,False,False,False,False,False,True,False
2016-08-26,dynamic80_top1_rs20_31_bonus_proxy,8069,元太,TPEx,1.0,0.2181293518894502,0.3470020160880955,1.0,12,12,False,True,True,True,False,0.7113476280843284,0.2381293518894502,0.2536967332936666,weekly_signal_close,RS20_plus_31_high_confidence_context_bonus,False,,,False,False,missing_selected_stock_price_registry_row,adjusted_close_exact > tradable_close_proxy > blocked,selected_ticker_adjusted_close_path_only,False,True,False,False,False,False,False,False,True,False
2016-09-02,dynamic80_top1_rs20_31_bonus_proxy,6451,訊芯-KY,TWSE,1.0,0.3366981553588943,0.5107566134161028,1.0,45,45,False,False,True,True,False,0.6691004425917901,0.3366981553588943,0.3701531774884838,weekly_signal_close,RS20_plus_31_high_confidence_context_bonus,False,,,False,False,missing_selected_stock_price_registry_row,adjusted_close_exact > tradable_close_proxy > blocked,selected_ticker_adjusted_close_path_only,False,True,False,False,False,False,False,False,True,False
2016-09-09,dynamic80_top1_rs20_31_bonus_proxy,4551,智伸科,TWSE,1.0,0.3623682539544872,0.2291696288658156,1.0,43,43,False,False,True,True,False,0.6542660437129119,0.3623682539544872,0.3950815561401328,weekly_signal_close,RS20_plus_31_high_confidence_context_bonus,False,,,False,False,missing_selected_stock_price_registry_row,adjusted_close_exact > tradable_close_proxy > blocked,selected_ticker_adjusted_close_path_only,False,True,False,False,False,False,False,False,True,False
2016-09-14,dynamic80_top1_rs20_31_bonus_proxy,6126,信音,TPEx,1.0,0.3148454279365176,0.3285958566001259,1.0,43,43,False,False,True,True,False,0.6801772221421827,0.3148454279365176,0.3488542890436267,weekly_signal_close,RS20_plus_31_high_confidence_context_bonus,False,,,False,False,missing_selected_stock_price_registry_row,adjusted_close_exact > tradable_close_proxy > blocked,selected_ticker_adjusted_close_path_only,False,True,False,False,False,False,False,False,True,False
2016-09-23,dynamic80_top1_rs20_31_bonus_proxy,3272,東碩,TPEx,1.0,0.2967311916184205,0.2270756427829023,1.0,64,64,False,False,True,True,False,0.6193234288134826,0.2967311916184205,0.3276973630590946,weekly_signal_close,RS20_plus_31_high_confidence_context_bonus,False,,,False,False,missing_selected_stock_price_registry_row,adjusted_close_exact > tradable_close_proxy > blocked,selected_ticker_adjusted_close_path_only,False,True,False,False,False,False,False,False,True,False
2016-09-30,dynamic80_top1_rs20_31_bonus_proxy,8436,大江,TPEx,1.0,0.1959757908038051,0.0822868162638785,1.0,59,59,False,False,True,True,False,0.6287736026233798,0.1959757908038051,0.227414470934974,weekly_signal_close,RS20_plus_31_high_confidence_context_bonus,False,,,False,False,missing_selected_stock_price_registry_row,adjusted_close_exact > tradable_close_proxy > blocked,selected_ticker_adjusted_close_path_only,False,True,False,False,False,False,False,False,True,False
2016-10-07,dynamic80_top1_rs20_31_bonus_proxy,3588,通嘉,TWSE,1.0,0.4111605266843224,0.286382491354934,1.0,60,60,False,False,True,True,False,0.6161966920732577,0.4111605266843224,0.4419703612879853,weekly_signal_close,RS20_plus_31_high_confidence_context_bonus,False,,,False,False,missing_selected_stock_price_registry_row,adjusted_close_exact > tradable_close_proxy > blocked,selected_ticker_adjusted_close_path_only,False,True,False,False,False,False,False,False,True,False
2016-10-14,dynamic80_top1_rs20_31_bonus_proxy,3514,昱晶,TWSE,1.0,0.1033849540738238,-0.0610015033942503,1.0,10,10,False,True,True,True,False,0.7152882217296254,0.1233849540738238,0.139149365160305,weekly_signal_close,RS20_plus_31_high_confidence_context_bonus,False,,,False,False,missing_selected_stock_price_registry_row,adjusted_close_exact > tradable_close_proxy > blocked,selected_ticker_adjusted_close_path_only,False,True,False,False,False,False,False,False,True,False
2016-10-21,dynamic80_top1_rs20_31_bonus_proxy,3546,宇峻,TPEx,1.0,0.2917377379842887,0.5625444164909625,1.0,60,60,False,False,True,True,False,0.6276140849426851,0.2917377379842887,0.3231184422314229,weekly_signal_close,RS20_plus_31_high_confidence_context_bonus,False,,,False,False,missing_selected_stock_price_registry_row,adjusted_close_exact > tradable_close_proxy > blocked,selected_ticker_adjusted_close_path_only,False,True,False,False,False,False,False,False,True,False
2016-10-28,dynamic80_top1_rs20_31_bonus_proxy,6548,長華科,TPEx,1.0,0.356931188840984,,1.0,67,67,False,False,True,True,False,0.6186544032161808,0.356931188840984,0.3878639090017931,weekly_signal_close,RS20_plus_31_high_confidence_context_bonus,False,,,False,False,missing_selected_stock_price_registry_row,adjusted_close_exact > tradable_close_proxy > blocked,selected_ticker_adjusted_close_path_only,False,True,False,False,False,False,False,False,True,False
2016-11-04,dynamic80_top1_rs20_31_bonus_proxy,1569,濱川,TPEx,1.0,0.2034564026843119,0.7406519363475832,1.0,74,74,False,False,True,True,False,0.6245860626436353,0.2034564026843119,0.2346857058164936,weekly_signal_close,RS20_plus_31_high_confidence_context_bonus,False,,,False,False,missing_selected_stock_price_registry_row,adjusted_close_exact > tradable_close_proxy > blocked,selected_ticker_adjusted_close_path_only,False,True,False,False,False,False,False,False,True,False
2016-11-11,dynamic80_top1_rs20_31_bonus_proxy,2029,盛餘,TWSE,1.0,0.3387432508588062,0.4527283452882233,1.0,55,55,False,False,True,True,False,0.6209815888128897,0.3387432508588062,0.3697923302994507,weekly_signal_close,RS20_plus_31_high_confidence_context_bonus,False,,,False,False,missing_selected_stock_price_registry_row,adjusted_close_exact > tradable_close_proxy > blocked,selected_ticker_adjusted_close_path_only,False,True,False,False,False,False,False,False,True,False
2016-11-18,dynamic80_top1_rs20_31_bonus_proxy,6220,岳豐,TPEx,1.0,0.2992220163307486,1.39328338321221,1.0,75,75,False,False,True,True,False,0.523434797723951,0.2992220163307486,0.3253937562169461,weekly_signal_close,RS20_plus_31_high_confidence_context_bonus,False,,,False,False,missing_selected_stock_price_registry_row,adjusted_close_exact > tradable_close_proxy > blocked,selected_ticker_adjusted_close_path_only,False,True,False,False,False,False,False,False,True,False
2016-11-25,dynamic80_top1_rs20_31_bonus_proxy,2014,中鴻,TWSE,1.0,0.4448037183913473,0.4916632509439882,1.0,8,8,False,True,True,True,False,0.7180954765848625,0.4648037183913473,0.4807084922205904,weekly_signal_close,RS20_plus_31_high_confidence_context_bonus,False,,,False,False,missing_selected_stock_price_registry_row,adjusted_close_exact > tradable_close_proxy > blocked,selected_ticker_adjusted_close_path_only,False,True,False,False,False,False,False,False,True,False
2016-12-02,dynamic80_top1_rs20_31_bonus_proxy,2612,中航,TWSE,1.0,0.4048409165438513,0.4285462118642817,1.0,72,72,False,False,True,True,False,0.5310033187619779,0.4048409165438513,0.4313910824819502,weekly_signal_close,RS20_plus_31_high_confidence_context_bonus,False,,,False,False,missing_selected_stock_price_registry_row,adjusted_close_exact > tradable_close_proxy > blocked,selected_ticker_adjusted_close_path_only,False,True,False,False,False,False,False,False,True,False
2016-12-09,dynamic80_top1_rs20_31_bonus_proxy,6220,岳豐,TPEx,1.0,0.4076173946840078,1.135925882131532,1.0,63,63,False,False,True,True,False,0.5459072458357559,0.4076173946840078,0.4349127569757956,weekly_signal_close,RS20_plus_31_high_confidence_context_bonus,False,,,False,False,missing_selected_stock_price_registry_row,adjusted_close_exact > tradable_close_proxy > blocked,selected_ticker_adjusted_close_path_only,False,True,False,False,False,False,False,False,True,False
2016-12-16,dynamic80_top1_rs20_31_bonus_proxy,3293,鈊象,TPEx,1.0,0.2639202890999705,0.1203737445650956,1.0,49,49,False,False,True,True,False,0.643985459229816,0.2639202890999705,0.2961195620614613,weekly_signal_close,RS20_plus_31_high_confidence_context_bonus,False,,,False,False,missing_selected_stock_price_registry_row,adjusted_close_exact > tradable_close_proxy > blocked,selected_ticker_adjusted_close_path_only,False,True,False,False,False,False,False,False,True,False
2016-12-23,dynamic80_top1_rs20_31_bonus_proxy,3455,由田,TPEx,1.0,0.2612124231176685,0.2635895843349455,1.0,14,14,False,True,True,True,False,0.7398692109203346,0.2812124231176685,0.2982058836636852,weekly_signal_close,RS20_plus_31_high_confidence_context_bonus,False,,,False,False,missing_selected_stock_price_registry_row,adjusted_close_exact > tradable_close_proxy > blocked,selected_ticker_adjusted_close_path_only,False,True,False,False,False,False,False,False,True,False
2016-12-30,dynamic80_top1_rs20_31_bonus_proxy,2467,志聖,TWSE,1.0,0.293459794445307,0.3004920267375919,1.0,77,77,False,False,True,True,False,0.605307312440797,0.293459794445307,0.3237251600673468,weekly_signal_close,RS20_plus_31_high_confidence_context_bonus,False,,,False,False,missing_selected_stock_price_registry_row,adjusted_close_exact > tradable_close_proxy > blocked,selected_ticker_adjusted_close_path_only,False,True,False,False,False,False,False,False,True,False
2017-01-06,dynamic80_top1_rs20_31_bonus_proxy,4725,信昌化,TWSE,1.0,0.3213638720498835,0.5313360023068505,1.0,45,45,False,False,True,True,False,0.6656938516290446,0.3213638720498835,0.3546485646313357,weekly_signal_close,RS20_plus_31_high_confidence_context_bonus,False,,,False,False,missing_selected_stock_price_registry_row,adjusted_close_exact > tradable_close_proxy > blocked,selected_ticker_adjusted_close_path_only,False,True,False,False,False,False,False,False,True,False
2017-01-13,dynamic80_top1_rs20_31_bonus_proxy,3529,力旺,TPEx,1.0,0.2312411984356888,0.3176528346493408,1.0,13,13,False,True,True,True,False,0.718938760232866,0.2512411984356888,0.2671881364473321,weekly_signal_close,RS20_plus_31_high_confidence_context_bonus,False,,,False,False,missing_selected_stock_price_registry_row,adjusted_close_exact > tradable_close_proxy > blocked,selected_ticker_adjusted_close_path_only,False,True,False,False,False,False,False,False,True,False
2017-01-20,dynamic80_top1_rs20_31_bonus_proxy,6220,岳豐,TPEx,1.0,0.2963826871549839,0.5963406673789756,1.0,55,55,False,False,True,True,False,0.6337218441729896,0.2963826871549839,0.3280687793636334,weekly_signal_close,RS20_plus_31_high_confidence_context_bonus,False,,,False,False,missing_selected_stock_price_registry_row,adjusted_close_exact > tradable_close_proxy > blocked,selected_ticker_adjusted_close_path_only,False,True,False,False,False,False,False,False,True,False
2017-01-24,dynamic80_top1_rs20_31_bonus_proxy,8183,精星,TPEx,1.0,0.2814152029010885,0.7033208507695281,1.0,73,73,False,False,True,True,False,0.6064883049582397,0.2814152029010885,0.3117396181490005,weekly_signal_close,RS20_plus_31_high_confidence_context_bonus,False,,,False,False,missing_selected_stock_price_registry_row,adjusted_close_exact > tradable_close_proxy > blocked,selected_ticker_adjusted_close_path_only,False,True,False,False,False,False,False,False,True,False
2017-02-03,dynamic80_top1_rs20_31_bonus_proxy,3346,麗清,TWSE,1.0,0.4306293809098824,,1.0,56,56,False,False,True,True,False,0.622687898275039,0.4306293809098824,0.4617637758236343,weekly_signal_close,RS20_plus_31_high_confidence_context_bonus,False,,,False,False,missing_selected_stock_price_registry_row,adjusted_close_exact > tradable_close_proxy > blocked,selected_ticker_adjusted_close_path_only,False,True,False,False,False,False,False,False,True,False
2017-02-10,dynamic80_top1_rs20_31_bonus_proxy,3346,麗清,TWSE,1.0,0.2933422287028231,,1.0,72,72,False,False,True,True,False,0.5905429194853451,0.2933422287028231,0.3228693746770903,weekly_signal_close,RS20_plus_31_high_confidence_context_bonus,False,,,False,False,missing_selected_stock_price_registry_row,adjusted_close_exact > tradable_close_proxy > blocked,selected_ticker_adjusted_close_path_only,False,True,False,False,False,False,False,False,True,False
2017-02-17,dynamic80_top1_rs20_31_bonus_proxy,2340,台亞,TWSE,1.0,0.2455167937212445,0.2478743845244064,1.0,59,59,False,False,True,True,False,0.6262047292872502,0.2455167937212445,0.276827030185607,weekly_signal_close,RS20_plus_31_high_confidence_context_bonus,False,,,False,False,missing_selected_stock_price_registry_row,adjusted_close_exact > tradable_close_proxy > blocked,selected_ticker_adjusted_close_path_only,False,True,False,False,False,False,False,False,True,False
2017-02-24,dynamic80_top1_rs20_31_bonus_proxy,3563,牧德,TPEx,1.0,0.331395473480687,0.2970418452070613,1.0,76,76,False,False,True,True,False,0.5481877381615069,0.331395473480687,0.3588048603887623,weekly_signal_close,RS20_plus_31_high_confidence_context_bonus,False,,,False,False,missing_selected_stock_price_registry_row,adjusted_close_exact > tradable_close_proxy > blocked,selected_ticker_adjusted_close_path_only,False,True,False,False,False,False,False,False,True,False
2017-03-03,dynamic80_top1_rs20_31_bonus_proxy,3092,鴻碩,TPEx,1.0,0.373070841366339,0.5088004592438649,1.0,58,58,False,False,True,True,False,0.5434456399154508,0.373070841366339,0.4002431233621115,weekly_signal_close,RS20_plus_31_high_confidence_context_bonus,False,,,False,False,missing_selected_stock_price_registry_row,adjusted_close_exact > tradable_close_proxy > blocked,selected_ticker_adjusted_close_path_only,False,True,False,False,False,False,False,False,True,False
2017-03-10,dynamic80_top1_rs20_31_bonus_proxy,5014,建錩,TPEx,1.0,0.928333663951184,1.3671444879162369,1.0,29,29,False,True,True,True,False,0.6211757978168632,0.948333663951184,0.9593924538420272,weekly_signal_close,RS20_plus_31_high_confidence_context_bonus,False,,,False,False,missing_selected_stock_price_registry_row,adjusted_close_exact > tradable_close_proxy > blocked,selected_ticker_adjusted_close_path_only,False,True,False,False,False,False,False,False,True,False
2017-03-17,dynamic80_top1_rs20_31_bonus_proxy,6205,詮欣,TWSE,1.0,0.3631953073107699,0.3110895652490701,1.0,35,35,False,False,True,True,False,0.5884803893067663,0.3631953073107699,0.3926193267761081,weekly_signal_close,RS20_plus_31_high_confidence_context_bonus,False,,,False,False,missing_selected_stock_price_registry_row,adjusted_close_exact > tradable_close_proxy > blocked,selected_ticker_adjusted_close_path_only,False,True,False,False,False,False,False,False,True,False
2017-03-24,dynamic80_top1_rs20_31_bonus_proxy,2344,華邦電,TWSE,1.0,0.2772183042127802,0.3885073718495189,1.0,10,10,False,True,True,True,False,0.6500022601506461,0.2972183042127802,0.3097184172203125,weekly_signal_close,RS20_plus_31_high_confidence_context_bonus,False,,,False,False,missing_selected_stock_price_registry_row,adjusted_close_exact > tradable_close_proxy > blocked,selected_ticker_adjusted_close_path_only,False,True,False,False,False,False,False,False,True,False
2017-03-31,dynamic80_top1_rs20_31_bonus_proxy,4943,康控-KY,TWSE,1.0,0.5303200976276574,1.0930543925949323,1.0,74,74,False,False,True,True,False,0.5687353358398698,0.5303200976276574,0.5587568644196509,weekly_signal_close,RS20_plus_31_high_confidence_context_bonus,False,,,False,False,missing_selected_stock_price_registry_row,adjusted_close_exact > tradable_close_proxy > blocked,selected_ticker_adjusted_close_path_only,False,True,False,False,False,False,False,False,True,False
2017-04-07,dynamic80_top1_rs20_31_bonus_proxy,3362,先進光,TPEx,2.0,0.4368095746061664,0.8278691437254966,2.0,21,21,False,True,True,True,False,0.6783920737531153,0.4568095746061664,0.4707291782938221,weekly_signal_close,RS20_plus_31_high_confidence_context_bonus,False,,,False,False,missing_selected_stock_price_registry_row,adjusted_close_exact > tradable_close_proxy > blocked,selected_ticker_adjusted_close_path_only,False,True,False,False,False,False,False,False,True,False
2017-04-14,dynamic80_top1_rs20_31_bonus_proxy,3362,先進光,TPEx,1.0,0.509516842089129,1.1102930870778156,1.0,4,4,False,True,True,True,False,0.7296981444046937,0.529516842089129,0.5460017493093636,weekly_signal_close,RS20_plus_31_high_confidence_context_bonus,False,,,False,False,missing_selected_stock_price_registry_row,adjusted_close_exact > tradable_close_proxy > blocked,selected_ticker_adjusted_close_path_only,False,True,False,False,False,False,False,False,True,False
2017-04-21,dynamic80_top1_rs20_31_bonus_proxy,4968,立積,TWSE,1.0,0.3418552204459162,0.5602870848810941,1.0,23,23,False,True,True,True,False,0.7115234174635252,0.3618552204459162,0.3774313913190925,weekly_signal_close,RS20_plus_31_high_confidence_context_bonus,False,,,False,False,missing_selected_stock_price_registry_row,adjusted_close_exact > tradable_close_proxy > blocked,selected_ticker_adjusted_close_path_only,False,True,False,False,False,False,False,False,True,False
2017-04-28,dynamic80_top1_rs20_31_bonus_proxy,1569,濱川,TPEx,1.0,0.3972437500964214,0.25923534348151,1.0,54,54,False,False,True,True,False,0.6308529183525464,0.3972437500964214,0.4287863960140487,weekly_signal_close,RS20_plus_31_high_confidence_context_bonus,False,,,False,False,missing_selected_stock_price_registry_row,adjusted_close_exact > tradable_close_proxy > blocked,selected_ticker_adjusted_close_path_only,False,True,False,False,False,False,False,False,True,False
2017-05-05,dynamic80_top1_rs20_31_bonus_proxy,3546,宇峻,TPEx,1.0,0.3801939198726076,0.2776676639830473,1.0,40,40,False,False,True,True,False,0.6539684170081728,0.3801939198726076,0.4128923407230162,weekly_signal_close,RS20_plus_31_high_confidence_context_bonus,False,,,False,False,missing_selected_stock_price_registry_row,adjusted_close_exact > tradable_close_proxy > blocked,selected_ticker_adjusted_close_path_only,False,True,False,False,False,False,False,False,True,False
2017-05-12,dynamic80_top1_rs20_31_bonus_proxy,1569,濱川,TPEx,1.0,0.2371054420100611,0.3515614835292708,1.0,42,42,False,False,True,True,False,0.6654830079705915,0.2371054420100611,0.2703795924085906,weekly_signal_close,RS20_plus_31_high_confidence_context_bonus,False,,,False,False,missing_selected_stock_price_registry_row,adjusted_close_exact > tradable_close_proxy > blocked,selected_ticker_adjusted_close_path_only,False,True,False,False,False,False,False,False,True,False
2017-05-19,dynamic80_top1_rs20_31_bonus_proxy,4906,正文,TWSE,2.0,0.2337697964211817,0.2637891881483543,2.0,15,15,False,True,True,True,False,0.717384421546084,0.2537697964211817,0.2696390174984859,weekly_signal_close,RS20_plus_31_high_confidence_context_bonus,False,,,False,False,missing_selected_stock_price_registry_row,adjusted_close_exact > tradable_close_proxy > blocked,selected_ticker_adjusted_close_path_only,False,True,False,False,False,False,False,False,True,False
2017-05-26,dynamic80_top1_rs20_31_bonus_proxy,3515,華擎,TWSE,1.0,0.4104635466202866,0.387855364469942,1.0,60,60,False,False,True,True,False,0.6405278054844962,0.4104635466202866,0.4424899368945114,weekly_signal_close,RS20_plus_31_high_confidence_context_bonus,False,,,False,False,missing_selected_stock_price_registry_row,adjusted_close_exact > tradable_close_proxy > blocked,selected_ticker_adjusted_close_path_only,False,True,False,False,False,False,False,False,True,False
2017-06-02,dynamic80_top1_rs20_31_bonus_proxy,6220,岳豐,TPEx,1.0,0.2455072070939381,-0.0896923518250307,1.0,64,64,False,False,True,True,False,0.6251361305873798,0.2455072070939381,0.2767640136233071,weekly_signal_close,RS20_plus_31_high_confidence_context_bonus,False,,,False,False,missing_selected_stock_price_registry_row,adjusted_close_exact > tradable_close_proxy > blocked,selected_ticker_adjusted_close_path_only,False,True,False,False,False,False,False,False,True,False
2017-06-09,dynamic80_top1_rs20_31_bonus_proxy,6111,大宇資,TPEx,1.0,0.392522060339584,0.992297000857771,1.0,17,17,False,True,True,True,False,0.7303538327647838,0.412522060339584,0.4290397519778232,weekly_signal_close,RS20_plus_31_high_confidence_context_bonus,False,,,False,False,missing_selected_stock_price_registry_row,adjusted_close_exact > tradable_close_proxy > blocked,selected_ticker_adjusted_close_path_only,False,True,False,False,False,False,False,False,True,False
2017-06-16,dynamic80_top1_rs20_31_bonus_proxy,3443,創意,TWSE,1.0,0.2530943222154782,0.1059634294058324,1.0,52,52,False,False,True,True,False,0.6500756787251056,0.2530943222154782,0.2855981061517335,weekly_signal_close,RS20_plus_31_high_confidence_context_bonus,False,,,False,False,missing_selected_stock_price_registry_row,adjusted_close_exact > tradable_close_proxy > blocked,selected_ticker_adjusted_close_path_only,False,True,False,False,False,False,False,False,True,False
2017-06-23,dynamic80_top1_rs20_31_bonus_proxy,3653,健策,TWSE,1.0,0.2028309474901117,0.1223136326220595,1.0,46,46,False,False,True,True,False,0.6472871000705,0.2028309474901117,0.2351953024936367,weekly_signal_close,RS20_plus_31_high_confidence_context_bonus,False,,,False,False,missing_selected_stock_price_registry_row,adjusted_close_exact > tradable_close_proxy > blocked,selected_ticker_adjusted_close_path_only,False,True,False,False,False,False,False,False,True,False
2017-06-30,dynamic80_top1_rs20_31_bonus_proxy,3443,創意,TWSE,1.0,0.1989337273364524,0.1800267509492121,1.0,14,14,False,True,True,True,False,0.7188016931034559,0.2189337273364524,0.2348738119916252,weekly_signal_close,RS20_plus_31_high_confidence_context_bonus,False,,,False,False,missing_selected_stock_price_registry_row,adjusted_close_exact > tradable_close_proxy > blocked,selected_ticker_adjusted_close_path_only,False,True,False,False,False,False,False,False,True,False
2017-07-07,dynamic80_top1_rs20_31_bonus_proxy,2351,順德,TWSE,1.0,0.1573412772061604,0.2315652215732326,1.0,27,27,False,True,True,True,False,0.7006298741267352,0.1773412772061603,0.1923727709124971,weekly_signal_close,RS20_plus_31_high_confidence_context_bonus,False,,,False,False,missing_selected_stock_price_registry_row,adjusted_close_exact > tradable_close_proxy > blocked,selected_ticker_adjusted_close_path_only,False,True,False,False,False,False,False,False,True,False
2017-07-14,dynamic80_top1_rs20_31_bonus_proxy,5263,智崴,TPEx,1.0,0.194015282144998,0.1132600150407885,1.0,43,43,False,False,True,True,False,0.6626373974097393,0.194015282144998,0.2271471520154849,weekly_signal_close,RS20_plus_31_high_confidence_context_bonus,False,,,False,False,missing_selected_stock_price_registry_row,adjusted_close_exact > tradable_close_proxy > blocked,selected_ticker_adjusted_close_path_only,False,True,False,False,False,False,False,False,True,False
2017-07-21,dynamic80_top1_rs20_31_bonus_proxy,4919,新唐,TWSE,1.0,0.2654703955696478,0.2544330803123806,1.0,46,46,False,False,True,True,False,0.647993179962744,0.2654703955696478,0.297870054567785,weekly_signal_close,RS20_plus_31_high_confidence_context_bonus,False,,,False,False,missing_selected_stock_price_registry_row,adjusted_close_exact > tradable_close_proxy > blocked,selected_ticker_adjusted_close_path_only,False,True,False,False,False,False,False,False,True,False
2017-07-28,dynamic80_top1_rs20_31_bonus_proxy,1444,力麗,TWSE,1.0,0.2722690258498974,0.2271712018198053,1.0,46,46,False,False,True,True,False,0.6550775340601319,0.2722690258498974,0.305022902552904,weekly_signal_close,RS20_plus_31_high_confidence_context_bonus,False,,,False,False,missing_selected_stock_price_registry_row,adjusted_close_exact > tradable_close_proxy > blocked,selected_ticker_adjusted_close_path_only,False,True,False,False,False,False,False,False,True,False
2017-08-04,dynamic80_top1_rs20_31_bonus_proxy,1444,力麗,TWSE,1.0,0.3139248674483508,0.3584166695368589,1.0,12,12,False,True,True,True,False,0.7208682745578745,0.3339248674483508,0.3499682811762445,weekly_signal_close,RS20_plus_31_high_confidence_context_bonus,False,,,False,False,missing_selected_stock_price_registry_row,adjusted_close_exact > tradable_close_proxy > blocked,selected_ticker_adjusted_close_path_only,False,True,False,False,False,False,False,False,True,False
2017-08-11,dynamic80_top1_rs20_31_bonus_proxy,2421,建準,TWSE,1.0,0.2297356875490854,0.486029263816395,1.0,33,33,False,False,True,True,False,0.6561499641673402,0.2297356875490854,0.2625431857574524,weekly_signal_close,RS20_plus_31_high_confidence_context_bonus,False,,,False,False,missing_selected_stock_price_registry_row,adjusted_close_exact > tradable_close_proxy > blocked,selected_ticker_adjusted_close_path_only,False,True,False,False,False,False,False,False,True,False
2017-08-18,dynamic80_top1_rs20_31_bonus_proxy,2603,長榮,TWSE,1.0,0.3036847763846362,0.452468894277767,1.0,18,18,False,True,True,True,False,0.6998093953395227,0.3236847763846362,0.3386752461516123,weekly_signal_close,RS20_plus_31_high_confidence_context_bonus,False,,,False,False,missing_selected_stock_price_registry_row,adjusted_close_exact > tradable_close_proxy > blocked,selected_ticker_adjusted_close_path_only,False,True,False,False,False,False,False,False,True,False
2017-08-25,dynamic80_top1_rs20_31_bonus_proxy,2603,長榮,TWSE,1.0,0.3295952441811793,0.3960544109203641,1.0,12,12,False,True,True,True,False,0.6952843880742525,0.3495952441811793,0.3643594635848919,weekly_signal_close,RS20_plus_31_high_confidence_context_bonus,False,,,False,False,missing_selected_stock_price_registry_row,adjusted_close_exact > tradable_close_proxy > blocked,selected_ticker_adjusted_close_path_only,False,True,False,False,False,False,False,False,True,False
2017-09-01,dynamic80_top1_rs20_31_bonus_proxy,2337,旺宏,TWSE,1.0,1.7533970674381627,1.9838893610174817,1.0,12,12,False,True,True,True,False,0.7030528951220227,1.7733970674381627,1.7885497121942635,weekly_signal_close,RS20_plus_31_high_confidence_context_bonus,False,,,False,False,missing_selected_stock_price_registry_row,adjusted_close_exact > tradable_close_proxy > blocked,selected_ticker_adjusted_close_path_only,False,True,False,False,False,False,False,False,True,False
2017-09-08,dynamic80_top1_rs20_31_bonus_proxy,2337,旺宏,TWSE,1.0,1.863972287049063,1.756854266109927,1.0,13,13,False,True,True,True,False,0.7066220798495207,1.883972287049063,1.899303391041539,weekly_signal_close,RS20_plus_31_high_confidence_context_bonus,False,,,False,False,missing_selected_stock_price_registry_row,adjusted_close_exact > tradable_close_proxy > blocked,selected_ticker_adjusted_close_path_only,False,True,False,False,False,False,False,False,True,False
2017-09-15,dynamic80_top1_rs20_31_bonus_proxy,8069,元太,TPEx,3.0,0.2876726816496655,0.5312914634220041,3.0,21,21,False,True,True,True,False,0.6888235164289235,0.3076726816496655,0.3221138574711116,weekly_signal_close,RS20_plus_31_high_confidence_context_bonus,False,,,False,False,missing_selected_stock_price_registry_row,adjusted_close_exact > tradable_close_proxy > blocked,selected_ticker_adjusted_close_path_only,False,True,False,False,False,False,False,False,True,False
2017-09-22,dynamic80_top1_rs20_31_bonus_proxy,3519,綠能,TWSE,1.0,0.3158837547468149,0.1811246936994928,1.0,41,41,False,False,True,True,False,0.6498087870329043,0.3158837547468149,0.3483741940984601,weekly_signal_close,RS20_plus_31_high_confidence_context_bonus,False,,,False,False,missing_selected_stock_price_registry_row,adjusted_close_exact > tradable_close_proxy > blocked,selected_ticker_adjusted_close_path_only,False,True,False,False,False,False,False,False,True,False
2017-09-29,dynamic80_top1_rs20_31_bonus_proxy,6238,勝麗,TPEx,1.0,0.3049091874478532,0.3815338625570084,1.0,21,21,False,True,True,True,False,0.7042974249837739,0.3249091874478532,0.3401240586970419,weekly_signal_close,RS20_plus_31_high_confidence_context_bonus,False,,,False,False,missing_selected_stock_price_registry_row,adjusted_close_exact > tradable_close_proxy > blocked,selected_ticker_adjusted_close_path_only,False,True,False,False,False,False,False,False,True,False
2017-10-06,dynamic80_top1_rs20_31_bonus_proxy,2340,台亞,TWSE,1.0,0.3618235893350834,0.2447520536579086,1.0,34,34,False,True,True,True,False,0.6514240451526906,0.3818235893350834,0.3943947915927179,weekly_signal_close,RS20_plus_31_high_confidence_context_bonus,False,,,False,False,missing_selected_stock_price_registry_row,adjusted_close_exact > tradable_close_proxy > blocked,selected_ticker_adjusted_close_path_only,False,True,False,False,False,False,False,False,True,False
2017-10-13,dynamic80_top1_rs20_31_bonus_proxy,3661,世芯-KY,TWSE,1.0,0.3319051343807944,0.4989818667933257,1.0,13,13,False,True,True,True,False,0.6870470926155929,0.3519051343807944,0.366257489011574,weekly_signal_close,RS20_plus_31_high_confidence_context_bonus,False,,,False,False,missing_selected_stock_price_registry_row,adjusted_close_exact > tradable_close_proxy > blocked,selected_ticker_adjusted_close_path_only,False,True,False,False,False,False,False,False,True,False
2017-10-20,dynamic80_top1_rs20_31_bonus_proxy,3661,世芯-KY,TWSE,1.0,0.3733089945000445,0.3676964599541201,1.0,17,17,False,True,True,True,False,0.6917425456077646,0.3933089945000445,0.4078961217804327,weekly_signal_close,RS20_plus_31_high_confidence_context_bonus,False,,,False,False,missing_selected_stock_price_registry_row,adjusted_close_exact > tradable_close_proxy > blocked,selected_ticker_adjusted_close_path_only,False,True,False,False,False,False,False,False,True,False
2017-10-27,dynamic80_top1_rs20_31_bonus_proxy,6121,新普,TPEx,1.0,0.5633942313044091,0.6709303025762823,1.0,9,9,False,True,True,True,False,0.7149861688368349,0.5833942313044091,0.5991435397462509,weekly_signal_close,RS20_plus_31_high_confidence_context_bonus,False,,,False,False,missing_selected_stock_price_registry_row,adjusted_close_exact > tradable_close_proxy > blocked,selected_ticker_adjusted_close_path_only,False,True,False,False,False,False,False,False,True,False
2017-11-03,dynamic80_top1_rs20_31_bonus_proxy,6435,大中,TPEx,1.0,0.3601070204887571,0.3132872382561662,1.0,11,11,False,True,True,True,False,0.7067757429481744,0.3801070204887571,0.3954458076361658,weekly_signal_close,RS20_plus_31_high_confidence_context_bonus,False,,,False,False,missing_selected_stock_price_registry_row,adjusted_close_exact > tradable_close_proxy > blocked,selected_ticker_adjusted_close_path_only,False,True,False,False,False,False,False,False,True,False
2017-11-10,dynamic80_top1_rs20_31_bonus_proxy,3264,欣銓,TPEx,2.0,0.3474078209296474,0.2991851618399022,2.0,29,29,False,True,True,True,False,0.6698664677455848,0.3674078209296474,0.3809011443169266,weekly_signal_close,RS20_plus_31_high_confidence_context_bonus,False,,,False,False,missing_selected_stock_price_registry_row,adjusted_close_exact > tradable_close_proxy > blocked,selected_ticker_adjusted_close_path_only,False,True,False,False,False,False,False,False,True,False
2017-11-17,dynamic80_top1_rs20_31_bonus_proxy,2353,宏碁,TWSE,1.0,0.3272868807132103,0.3601847214250522,1.0,20,20,False,True,True,True,False,0.695741256054756,0.3472868807132103,0.3620739435159481,weekly_signal_close,RS20_plus_31_high_confidence_context_bonus,False,,,False,False,missing_selected_stock_price_registry_row,adjusted_close_exact > tradable_close_proxy > blocked,selected_ticker_adjusted_close_path_only,False,True,False,False,False,False,False,False,True,False
2017-11-24,dynamic80_top1_rs20_31_bonus_proxy,3540,曜越,TPEx,1.0,0.4639736482834502,0.4750325536408097,1.0,78,78,False,False,True,True,False,0.5338080102845588,0.4639736482834502,0.4906640487976781,weekly_signal_close,RS20_plus_31_high_confidence_context_bonus,False,,,False,False,missing_selected_stock_price_registry_row,adjusted_close_exact > tradable_close_proxy > blocked,selected_ticker_adjusted_close_path_only,False,True,False,False,False,False,False,False,True,False
2017-12-01,dynamic80_top1_rs20_31_bonus_proxy,2353,宏碁,TWSE,1.0,0.3209718960741308,0.276094518126452,1.0,8,8,False,True,True,True,False,0.715936366909689,0.3409718960741308,0.3567687144196152,weekly_signal_close,RS20_plus_31_high_confidence_context_bonus,False,,,False,False,missing_selected_stock_price_registry_row,adjusted_close_exact > tradable_close_proxy > blocked,selected_ticker_adjusted_close_path_only,False,True,False,False,False,False,False,False,True,False
2017-12-08,dynamic80_top1_rs20_31_bonus_proxy,8069,元太,TPEx,1.0,0.2919850527734653,0.1959501662747861,1.0,20,20,False,True,True,True,False,0.7019333833545575,0.3119850527734653,0.3270817219411931,weekly_signal_close,RS20_plus_31_high_confidence_context_bonus,False,,,False,False,missing_selected_stock_price_registry_row,adjusted_close_exact > tradable_close_proxy > blocked,selected_ticker_adjusted_close_path_only,False,True,False,False,False,False,False,False,True,False
2017-12-15,dynamic80_top1_rs20_31_bonus_proxy,4971,IET-KY,TPEx,1.0,0.326408573925654,0.1777145077669086,1.0,47,47,False,False,True,True,False,0.6101375827888521,0.326408573925654,0.3569154530650966,weekly_signal_close,RS20_plus_31_high_confidence_context_bonus,False,,,False,False,missing_selected_stock_price_registry_row,adjusted_close_exact > tradable_close_proxy > blocked,selected_ticker_adjusted_close_path_only,False,True,False,False,False,False,False,False,True,False
2017-12-22,dynamic80_top1_rs20_31_bonus_proxy,3026,禾伸堂,TWSE,1.0,0.3876488395676706,1.8868094921062053,1.0,70,70,False,False,True,True,False,0.5630748298510907,0.3876488395676706,0.4158025810602251,weekly_signal_close,RS20_plus_31_high_confidence_context_bonus,False,,,False,False,missing_selected_stock_price_registry_row,adjusted_close_exact > tradable_close_proxy > blocked,selected_ticker_adjusted_close_path_only,False,True,False,False,False,False,False,False,True,False
2017-12-29,dynamic80_top1_rs20_31_bonus_proxy,2009,第一銅,TWSE,1.0,0.3059171322263579,0.3811916767563761,1.0,73,73,False,False,True,False,False,0.5517202561266936,0.3059171322263579,0.3335031450326925,weekly_signal_close,RS20_plus_31_high_confidence_context_bonus,False,,,False,False,missing_selected_stock_price_registry_row,adjusted_close_exact > tradable_close_proxy > blocked,selected_ticker_adjusted_close_path_only,False,True,False,False,False,False,False,False,True,False
2018-01-05,dynamic80_top1_rs20_31_bonus_proxy,3550,聯穎,TWSE,1.0,0.342488716227278,0.5996838717186175,1.0,72,72,False,False,True,True,False,0.5488275266869417,0.342488716227278,0.369930092561625,weekly_signal_close,RS20_plus_31_high_confidence_context_bonus,False,,,False,False,missing_selected_stock_price_registry_row,adjusted_close_exact > tradable_close_proxy > blocked,selected_ticker_adjusted_close_path_only,False,True,False,False,False,False,False,False,True,False
2018-01-12,dynamic80_top1_rs20_31_bonus_proxy,3624,光頡,TPEx,1.0,0.4640768982309715,0.5812113799551836,1.0,71,71,False,False,True,True,False,0.6092827352219425,0.4640768982309715,0.4945410349920686,weekly_signal_close,RS20_plus_31_high_confidence_context_bonus,False,,,False,False,missing_selected_stock_price_registry_row,adjusted_close_exact > tradable_close_proxy > blocked,selected_ticker_adjusted_close_path_only,False,True,False,False,False,False,False,False,True,False
2018-01-19,dynamic80_top1_rs20_31_bonus_proxy,3532,台勝科,TWSE,1.0,0.2824858315161731,0.1314980594807064,1.0,45,45,False,False,True,True,False,0.638297506984218,0.2824858315161731,0.314400706865384,weekly_signal_close,RS20_plus_31_high_confidence_context_bonus,False,,,False,False,missing_selected_stock_price_registry_row,adjusted_close_exact > tradable_close_proxy > blocked,selected_ticker_adjusted_close_path_only,False,True,False,False,False,False,False,False,True,False
2018-01-26,dynamic80_top1_rs20_31_bonus_proxy,2376,技嘉,TWSE,1.0,0.267411639857108,0.4756550834120032,1.0,27,27,False,True,True,True,False,0.6867047450836866,0.287411639857108,0.3017468771112923,weekly_signal_close,RS20_plus_31_high_confidence_context_bonus,False,,,False,False,missing_selected_stock_price_registry_row,adjusted_close_exact > tradable_close_proxy > blocked,selected_ticker_adjusted_close_path_only,False,True,False,False,False,False,False,False,True,False
2018-02-02,dynamic80_top1_rs20_31_bonus_proxy,8454,富邦媒,TWSE,1.0,0.2000336954629626,0.3202101426640271,1.0,71,71,False,False,True,True,False,0.6143038187057145,0.2000336954629626,0.2307488863982483,weekly_signal_close,RS20_plus_31_high_confidence_context_bonus,False,,,False,False,missing_selected_stock_price_registry_row,adjusted_close_exact > tradable_close_proxy > blocked,selected_ticker_adjusted_close_path_only,False,True,False,False,False,False,False,False,True,False
2018-02-09,dynamic80_top1_rs20_31_bonus_proxy,3030,德律,TWSE,1.0,0.2621145836283111,0.4136857496388546,1.0,45,45,False,False,True,True,False,0.6415937759120917,0.2621145836283111,0.2941942724239156,weekly_signal_close,RS20_plus_31_high_confidence_context_bonus,False,,,False,False,missing_selected_stock_price_registry_row,adjusted_close_exact > tradable_close_proxy > blocked,selected_ticker_adjusted_close_path_only,False,True,False,False,False,False,False,False,True,False
2018-02-12,dynamic80_top1_rs20_31_bonus_proxy,2231,為升,TWSE,2.0,0.1670602554000888,0.1143700436507354,2.0,32,32,False,True,True,True,False,0.6439088564488087,0.1870602554000887,0.1992556982225292,weekly_signal_close,RS20_plus_31_high_confidence_context_bonus,False,,,False,False,missing_selected_stock_price_registry_row,adjusted_close_exact > tradable_close_proxy > blocked,selected_ticker_adjusted_close_path_only,False,True,False,False,False,False,False,False,True,False
2018-02-23,dynamic80_top1_rs20_31_bonus_proxy,6150,撼訊,TPEx,1.0,0.8758537107832798,2.796726837540022,1.0,67,67,False,False,True,True,False,0.5446792003953717,0.8758537107832798,0.9030876708030484,weekly_signal_close,RS20_plus_31_high_confidence_context_bonus,False,,,False,False,missing_selected_stock_price_registry_row,adjusted_close_exact > tradable_close_proxy > blocked,selected_ticker_adjusted_close_path_only,False,True,False,False,False,False,False,False,True,False
2018-03-02,dynamic80_top1_rs20_31_bonus_proxy,6237,驊訊,TPEx,1.0,0.3700059045930262,0.2158747430644155,1.0,48,48,False,False,True,True,False,0.5716142596121627,0.3700059045930262,0.3985866175736343,weekly_signal_close,RS20_plus_31_high_confidence_context_bonus,False,,,False,False,missing_selected_stock_price_registry_row,adjusted_close_exact > tradable_close_proxy > blocked,selected_ticker_adjusted_close_path_only,False,True,False,False,False,False,False,False,True,False
2018-03-09,dynamic80_top1_rs20_31_bonus_proxy,2399,映泰,TWSE,1.0,0.3402295542720106,0.5018426736847761,1.0,46,46,False,False,True,True,False,0.5598226196039705,0.3402295542720106,0.3682206852522091,weekly_signal_close,RS20_plus_31_high_confidence_context_bonus,False,,,False,False,missing_selected_stock_price_registry_row,adjusted_close_exact > tradable_close_proxy > blocked,selected_ticker_adjusted_close_path_only,False,True,False,False,False,False,False,False,True,False
2018-03-16,dynamic80_top1_rs20_31_bonus_proxy,6150,撼訊,TPEx,1.0,0.6315291807067629,2.8957708644902778,1.0,62,62,False,False,True,True,False,0.5716130002375257,0.6315291807067629,0.6601098307186392,weekly_signal_close,RS20_plus_31_high_confidence_context_bonus,False,,,False,False,missing_selected_stock_price_registry_row,adjusted_close_exact > tradable_close_proxy > blocked,selected_ticker_adjusted_close_path_only,False,True,False,False,False,False,False,False,True,False
2018-03-23,dynamic80_top1_rs20_31_bonus_proxy,2399,映泰,TWSE,1.0,0.4957363479603771,0.6750191678682167,1.0,72,72,False,False,True,True,False,0.5725001138831687,0.4957363479603771,0.5243613536545355,weekly_signal_close,RS20_plus_31_high_confidence_context_bonus,False,,,False,False,missing_selected_stock_price_registry_row,adjusted_close_exact > tradable_close_proxy > blocked,selected_ticker_adjusted_close_path_only,False,True,False,False,False,False,False,False,True,False
2018-03-30,dynamic80_top1_rs20_31_bonus_proxy,3694,海華,TWSE,1.0,0.3338896489635261,0.3171464393520733,1.0,64,64,False,False,True,True,False,0.6159837917110902,0.3338896489635261,0.3646888385490806,weekly_signal_close,RS20_plus_31_high_confidence_context_bonus,False,,,False,False,missing_selected_stock_price_registry_row,adjusted_close_exact > tradable_close_proxy > blocked,selected_ticker_adjusted_close_path_only,False,True,False,False,False,False,False,False,True,False
2018-04-03,dynamic80_top1_rs20_31_bonus_proxy,4728,雙美,TPEx,1.0,0.2902657925204041,0.353976339084705,1.0,67,67,False,False,True,True,False,0.6067029588565124,0.2902657925204041,0.3206009404632297,weekly_signal_close,RS20_plus_31_high_confidence_context_bonus,False,,,False,False,missing_selected_stock_price_registry_row,adjusted_close_exact > tradable_close_proxy > blocked,selected_ticker_adjusted_close_path_only,False,True,False,False,False,False,False,False,True,False
2018-04-13,dynamic80_top1_rs20_31_bonus_proxy,2478,大毅,TWSE,1.0,0.5125200512508007,0.2699288956794821,1.0,34,34,False,False,True,True,False,0.6507448088861751,0.5125200512508007,0.5450572916951094,weekly_signal_close,RS20_plus_31_high_confidence_context_bonus,False,,,False,False,missing_selected_stock_price_registry_row,adjusted_close_exact > tradable_close_proxy > blocked,selected_ticker_adjusted_close_path_only,False,True,False,False,False,False,False,False,True,False
2018-04-20,dynamic80_top1_rs20_31_bonus_proxy,1609,大亞,TWSE,1.0,0.3077138948827732,0.1231774901929062,1.0,75,75,False,False,True,True,False,0.5699874017582851,0.3077138948827732,0.3362132649706874,weekly_signal_close,RS20_plus_31_high_confidence_context_bonus,False,,,False,False,missing_selected_stock_price_registry_row,adjusted_close_exact > tradable_close_proxy > blocked,selected_ticker_adjusted_close_path_only,False,True,False,False,False,False,False,False,True,False
2018-04-27,dynamic80_top1_rs20_31_bonus_proxy,3708,上緯投控,TWSE,1.0,0.4716559890963459,0.8382562255649249,1.0,17,17,False,True,True,True,False,0.6592315231431649,0.4916559890963459,0.5046175652535041,weekly_signal_close,RS20_plus_31_high_confidence_context_bonus,False,,,False,False,missing_selected_stock_price_registry_row,adjusted_close_exact > tradable_close_proxy > blocked,selected_ticker_adjusted_close_path_only,False,True,False,False,False,False,False,False,True,False
2018-05-04,dynamic80_top1_rs20_31_bonus_proxy,2478,大毅,TWSE,1.0,0.6027956603802271,0.6586599274782932,1.0,75,75,False,False,True,True,False,0.5758287726771383,0.6027956603802271,0.631587099014084,weekly_signal_close,RS20_plus_31_high_confidence_context_bonus,False,,,False,False,missing_selected_stock_price_registry_row,adjusted_close_exact > tradable_close_proxy > blocked,selected_ticker_adjusted_close_path_only,False,True,False,False,False,False,False,False,True,False
2018-05-11,dynamic80_top1_rs20_31_bonus_proxy,6173,信昌電,TPEx,1.0,0.4900754670678008,0.8057947767233229,1.0,80,80,False,False,True,True,False,0.5581301255247455,0.4900754670678008,0.5179819733440381,weekly_signal_close,RS20_plus_31_high_confidence_context_bonus,False,,,False,False,missing_selected_stock_price_registry_row,adjusted_close_exact > tradable_close_proxy > blocked,selected_ticker_adjusted_close_path_only,False,True,False,False,False,False,False,False,True,False
2018-05-18,dynamic80_top1_rs20_31_bonus_proxy,3016,嘉晶,TWSE,1.0,0.4177593247257272,0.760173840144502,1.0,68,68,False,False,True,True,False,0.5533784671965669,0.4177593247257272,0.4454282480855555,weekly_signal_close,RS20_plus_31_high_confidence_context_bonus,False,,,False,False,missing_selected_stock_price_registry_row,adjusted_close_exact > tradable_close_proxy > blocked,selected_ticker_adjusted_close_path_only,False,True,False,False,False,False,False,False,True,False
2018-05-25,dynamic80_top1_rs20_31_bonus_proxy,5469,瀚宇博,TWSE,1.0,0.7153394982234231,0.550216535146287,1.0,38,38,False,False,True,True,True,0.6053829400203383,0.7153394982234231,0.71560864522444,weekly_signal_close,RS20_plus_31_high_confidence_context_bonus,False,,,False,False,missing_selected_stock_price_registry_row,adjusted_close_exact > tradable_close_proxy > blocked,selected_ticker_adjusted_close_path_only,False,True,False,False,False,False,False,False,True,False
2018-06-01,dynamic80_top1_rs20_31_bonus_proxy,6182,合晶,TPEx,1.0,0.3897067323786394,0.6133425821593901,1.0,74,74,False,False,True,True,False,0.5472294471835097,0.3897067323786394,0.4170682047378148,weekly_signal_close,RS20_plus_31_high_confidence_context_bonus,False,,,False,False,missing_selected_stock_price_registry_row,adjusted_close_exact > tradable_close_proxy > blocked,selected_ticker_adjusted_close_path_only,False,True,False,False,False,False,False,False,True,False
2018-06-08,dynamic80_top1_rs20_31_bonus_proxy,4725,信昌化,TWSE,1.0,0.2608988268173517,0.2536059009774809,1.0,77,77,False,False,True,True,False,0.5815260555484076,0.2608988268173517,0.2899751295947721,weekly_signal_close,RS20_plus_31_high_confidence_context_bonus,False,,,False,False,missing_selected_stock_price_registry_row,adjusted_close_exact > tradable_close_proxy > blocked,selected_ticker_adjusted_close_path_only,False,True,False,False,False,False,False,False,True,False
2018-06-15,dynamic80_top1_rs20_31_bonus_proxy,3406,玉晶光,TWSE,1.0,0.5293131187410103,1.1779991486279755,1.0,18,18,False,True,True,True,False,0.6636051076625045,0.5493131187410103,0.5624933741241355,weekly_signal_close,RS20_plus_31_high_confidence_context_bonus,False,,,False,False,missing_selected_stock_price_registry_row,adjusted_close_exact > tradable_close_proxy > blocked,selected_ticker_adjusted_close_path_only,False,True,False,False,False,False,False,False,True,False
2018-06-22,dynamic80_top1_rs20_31_bonus_proxy,3624,光頡,TPEx,1.0,0.3758379963491359,0.9151859519499412,1.0,72,72,False,False,True,True,False,0.5687643859996245,0.3758379963491359,0.4042762156491171,weekly_signal_close,RS20_plus_31_high_confidence_context_bonus,False,,,False,False,missing_selected_stock_price_registry_row,adjusted_close_exact > tradable_close_proxy > blocked,selected_ticker_adjusted_close_path_only,False,True,False,False,False,False,False,False,True,False
2018-06-29,dynamic80_top1_rs20_31_bonus_proxy,3221,台嘉碩,TPEx,1.0,0.3331573961836191,0.6844445114191433,1.0,34,34,False,False,True,True,False,0.6432469137675538,0.3331573961836191,0.3653197418719968,weekly_signal_close,RS20_plus_31_high_confidence_context_bonus,False,,,False,False,missing_selected_stock_price_registry_row,adjusted_close_exact > tradable_close_proxy > blocked,selected_ticker_adjusted_close_path_only,False,True,False,False,False,False,False,False,True,False
2018-07-06,dynamic80_top1_rs20_31_bonus_proxy,8016,矽創,TWSE,1.0,0.2431564585875502,0.393346094909998,1.0,72,72,False,False,True,True,False,0.5675305733674542,0.2431564585875502,0.2715329872559229,weekly_signal_close,RS20_plus_31_high_confidence_context_bonus,False,,,False,False,missing_selected_stock_price_registry_row,adjusted_close_exact > tradable_close_proxy > blocked,selected_ticker_adjusted_close_path_only,False,True,False,False,False,False,False,False,True,False
2018-07-13,dynamic80_top1_rs20_31_bonus_proxy,3583,辛耘,TWSE,1.0,0.3180076664823039,0.3466323881650301,1.0,49,49,False,False,True,True,False,0.6034698185732619,0.3180076664823039,0.348181157410967,weekly_signal_close,RS20_plus_31_high_confidence_context_bonus,False,,,False,False,missing_selected_stock_price_registry_row,adjusted_close_exact > tradable_close_proxy > blocked,selected_ticker_adjusted_close_path_only,False,True,False,False,False,False,False,False,True,False
2018-07-20,dynamic80_top1_rs20_31_bonus_proxy,1515,力山,TWSE,1.0,0.2499052592849384,0.0174297067345465,1.0,57,57,False,False,True,True,False,0.5767140906205704,0.2499052592849384,0.2787409638159669,weekly_signal_close,RS20_plus_31_high_confidence_context_bonus,False,,,False,False,missing_selected_stock_price_registry_row,adjusted_close_exact > tradable_close_proxy > blocked,selected_ticker_adjusted_close_path_only,False,True,False,False,False,False,False,False,True,False
2018-07-27,dynamic80_top1_rs20_31_bonus_proxy,4927,泰鼎-KY,TWSE,1.0,0.3394848068093128,0.371142241282131,1.0,13,13,False,True,True,True,False,0.6601929488243936,0.3594848068093128,0.3724944542505325,weekly_signal_close,RS20_plus_31_high_confidence_context_bonus,False,,,False,False,missing_selected_stock_price_registry_row,adjusted_close_exact > tradable_close_proxy > blocked,selected_ticker_adjusted_close_path_only,False,True,False,False,False,False,False,False,True,False
2018-08-03,dynamic80_top1_rs20_31_bonus_proxy,1760,寶齡富錦,TWSE,1.0,0.4019610158171289,-0.0050851149915751,1.0,40,40,False,False,True,True,False,0.6345921366060662,0.4019610158171289,0.4336906226474322,weekly_signal_close,RS20_plus_31_high_confidence_context_bonus,False,,,False,False,missing_selected_stock_price_registry_row,adjusted_close_exact > tradable_close_proxy > blocked,selected_ticker_adjusted_close_path_only,False,True,False,False,False,False,False,False,True,False
2018-08-10,dynamic80_top1_rs20_31_bonus_proxy,3530,晶相光,TWSE,1.0,1.0831152922460492,,1.0,68,68,False,False,True,True,False,0.5635345153939393,1.0831152922460492,1.1112920180157462,weekly_signal_close,RS20_plus_31_high_confidence_context_bonus,False,,,False,False,missing_selected_stock_price_registry_row,adjusted_close_exact > tradable_close_proxy > blocked,selected_ticker_adjusted_close_path_only,False,True,False,False,False,False,False,False,True,False
2018-08-17,dynamic80_top1_rs20_31_bonus_proxy,3563,牧德,TPEx,1.0,0.2736270799262704,-0.0374519196822813,1.0,8,8,False,True,True,True,False,0.7332722816451721,0.2936270799262704,0.310290694008529,weekly_signal_close,RS20_plus_31_high_confidence_context_bonus,False,,,False,False,missing_selected_stock_price_registry_row,adjusted_close_exact > tradable_close_proxy > blocked,selected_ticker_adjusted_close_path_only,False,True,False,False,False,False,False,False,True,False
2018-08-24,dynamic80_top1_rs20_31_bonus_proxy,5439,高技,TPEx,1.0,0.3420873992631438,0.2320669277345231,1.0,26,26,False,True,True,True,False,0.6572738841477369,0.3620873992631438,0.3749510934705306,weekly_signal_close,RS20_plus_31_high_confidence_context_bonus,False,,,False,False,missing_selected_stock_price_registry_row,adjusted_close_exact > tradable_close_proxy > blocked,selected_ticker_adjusted_close_path_only,False,True,False,False,False,False,False,False,True,False
2018-08-31,dynamic80_top1_rs20_31_bonus_proxy,6552,易華電,TWSE,1.0,0.3051737284935123,0.3906461662591451,1.0,35,35,False,False,True,True,False,0.6437439969799603,0.3051737284935123,0.3373609283425103,weekly_signal_close,RS20_plus_31_high_confidence_context_bonus,False,,,False,False,missing_selected_stock_price_registry_row,adjusted_close_exact > tradable_close_proxy > blocked,selected_ticker_adjusted_close_path_only,False,True,False,False,False,False,False,False,True,False
2018-09-07,dynamic80_top1_rs20_31_bonus_proxy,6278,台表科,TWSE,1.0,0.2539135691306011,0.1533369159793118,1.0,74,74,False,False,True,True,False,0.567675128094509,0.2539135691306011,0.2822973255353265,weekly_signal_close,RS20_plus_31_high_confidence_context_bonus,False,,,False,False,missing_selected_stock_price_registry_row,adjusted_close_exact > tradable_close_proxy > blocked,selected_ticker_adjusted_close_path_only,False,True,False,False,False,False,False,False,True,False
2018-09-14,dynamic80_top1_rs20_31_bonus_proxy,3653,健策,TWSE,1.0,0.2434487920686303,0.1333956040306798,1.0,22,22,False,True,True,True,False,0.6887385754260023,0.2634487920686303,0.2778857208399304,weekly_signal_close,RS20_plus_31_high_confidence_context_bonus,False,,,False,False,missing_selected_stock_price_registry_row,adjusted_close_exact > tradable_close_proxy > blocked,selected_ticker_adjusted_close_path_only,False,True,False,False,False,False,False,False,True,False
2018-09-21,dynamic80_top1_rs20_31_bonus_proxy,3653,健策,TWSE,1.0,0.2402112770156066,0.1547648665042256,1.0,73,73,False,False,True,True,False,0.592504643767234,0.2402112770156066,0.2698365092039683,weekly_signal_close,RS20_plus_31_high_confidence_context_bonus,False,,,False,False,missing_selected_stock_price_registry_row,adjusted_close_exact > tradable_close_proxy > blocked,selected_ticker_adjusted_close_path_only,False,True,False,False,False,False,False,False,True,False
2018-09-28,dynamic80_top1_rs20_31_bonus_proxy,3532,台勝科,TWSE,1.0,0.340757744142892,-0.0716208695254159,1.0,73,73,False,False,True,True,False,0.5499899246280033,0.340757744142892,0.3682572403742922,weekly_signal_close,RS20_plus_31_high_confidence_context_bonus,False,,,False,False,missing_selected_stock_price_registry_row,adjusted_close_exact > tradable_close_proxy > blocked,selected_ticker_adjusted_close_path_only,False,True,False,False,False,False,False,False,True,False
2018-10-05,dynamic80_top1_rs20_31_bonus_proxy,3532,台勝科,TWSE,1.0,0.2279206746327747,-0.0257318372543814,1.0,74,74,False,False,True,True,False,0.5337205916803448,0.2279206746327747,0.2546067042167919,weekly_signal_close,RS20_plus_31_high_confidence_context_bonus,False,,,False,False,missing_selected_stock_price_registry_row,adjusted_close_exact > tradable_close_proxy > blocked,selected_ticker_adjusted_close_path_only,False,True,False,False,False,False,False,False,True,False
2018-10-12,dynamic80_top1_rs20_31_bonus_proxy,6230,尼得科超眾,TWSE,1.0,0.2122768758045653,0.2576894867081261,1.0,41,41,False,False,True,True,False,0.6049070898624123,0.2122768758045653,0.2425222302976859,weekly_signal_close,RS20_plus_31_high_confidence_context_bonus,False,,,False,False,missing_selected_stock_price_registry_row,adjusted_close_exact > tradable_close_proxy > blocked,selected_ticker_adjusted_close_path_only,False,True,False,False,False,False,False,False,True,False
2018-10-19,dynamic80_top1_rs20_31_bonus_proxy,3532,台勝科,TWSE,1.0,0.3574141851384231,-0.1945930042522621,1.0,37,37,False,False,True,True,False,0.6002987263636003,0.3574141851384231,0.3874291214566031,weekly_signal_close,RS20_plus_31_high_confidence_context_bonus,False,,,False,False,missing_selected_stock_price_registry_row,adjusted_close_exact > tradable_close_proxy > blocked,selected_ticker_adjusted_close_path_only,False,True,False,False,False,False,False,False,True,False
2018-10-26,dynamic80_top1_rs20_31_bonus_proxy,8150,南茂,TWSE,1.0,0.1699916844274294,0.1718674776689307,1.0,59,59,False,False,True,True,False,0.5673599198949238,0.1699916844274294,0.1983596804221756,weekly_signal_close,RS20_plus_31_high_confidence_context_bonus,False,,,False,False,missing_selected_stock_price_registry_row,adjusted_close_exact > tradable_close_proxy > blocked,selected_ticker_adjusted_close_path_only,False,True,False,False,False,False,False,False,True,False
2018-11-02,dynamic80_top1_rs20_31_bonus_proxy,1590,亞德客-KY,TWSE,1.0,0.2271737281557058,0.1206142285220458,1.0,76,76,False,False,True,True,False,0.5025500910604499,0.2271737281557058,0.2523012327087283,weekly_signal_close,RS20_plus_31_high_confidence_context_bonus,False,,,False,False,missing_selected_stock_price_registry_row,adjusted_close_exact > tradable_close_proxy > blocked,selected_ticker_adjusted_close_path_only,False,True,False,False,False,False,False,False,True,False
2018-11-09,dynamic80_top1_rs20_31_bonus_proxy,3563,牧德,TPEx,1.0,0.2593884090036285,-0.1613203784208758,1.0,64,64,False,False,True,True,False,0.5595971727003347,0.2593884090036285,0.2873682676386452,weekly_signal_close,RS20_plus_31_high_confidence_context_bonus,False,,,False,False,missing_selected_stock_price_registry_row,adjusted_close_exact > tradable_close_proxy > blocked,selected_ticker_adjusted_close_path_only,False,True,False,False,False,False,False,False,True,False
2018-11-16,dynamic80_top1_rs20_31_bonus_proxy,5349,先豐,TPEx,1.0,0.2705980883251282,0.0611354244612991,1.0,66,66,False,False,True,True,False,0.5179895530843273,0.2705980883251282,0.2964975659793445,weekly_signal_close,RS20_plus_31_high_confidence_context_bonus,False,,,False,False,missing_selected_stock_price_registry_row,adjusted_close_exact > tradable_close_proxy > blocked,selected_ticker_adjusted_close_path_only,False,True,False,False,False,False,False,False,True,False
2018-11-23,dynamic80_top1_rs20_31_bonus_proxy,6182,合晶,TPEx,1.0,0.434444243116254,-0.0789465108479179,1.0,21,21,False,True,True,True,False,0.6601611796085892,0.454444243116254,0.4674523020966835,weekly_signal_close,RS20_plus_31_high_confidence_context_bonus,False,,,False,False,missing_selected_stock_price_registry_row,adjusted_close_exact > tradable_close_proxy > blocked,selected_ticker_adjusted_close_path_only,False,True,False,False,False,False,False,False,True,False
2018-11-30,dynamic80_top1_rs20_31_bonus_proxy,1526,日馳,TWSE,1.0,0.990503972397448,0.4039794269442868,1.0,70,70,False,False,True,True,False,0.5279007311511918,0.990503972397448,1.0168990089550076,weekly_signal_close,RS20_plus_31_high_confidence_context_bonus,False,,,False,False,missing_selected_stock_price_registry_row,adjusted_close_exact > tradable_close_proxy > blocked,selected_ticker_adjusted_close_path_only,False,True,False,False,False,False,False,False,True,False
2018-12-07,dynamic80_top1_rs20_31_bonus_proxy,2368,金像電,TWSE,1.0,0.3459953069596507,0.1597262832164733,1.0,79,79,False,False,True,True,False,0.517582589326854,0.3459953069596507,0.3718744364259934,weekly_signal_close,RS20_plus_31_high_confidence_context_bonus,False,,,False,False,missing_selected_stock_price_registry_row,adjusted_close_exact > tradable_close_proxy > blocked,selected_ticker_adjusted_close_path_only,False,True,False,False,False,False,False,False,True,False
2018-12-14,dynamic80_top1_rs20_31_bonus_proxy,6666,羅麗芬-KY,TWSE,1.0,3.719168578920753,,1.0,30,30,False,True,True,True,False,0.6268818782556156,3.739168578920753,3.750512672833534,weekly_signal_close,RS20_plus_31_high_confidence_context_bonus,False,,,False,False,missing_selected_stock_price_registry_row,adjusted_close_exact > tradable_close_proxy > blocked,selected_ticker_adjusted_close_path_only,False,True,False,False,False,False,False,False,True,False
2018-12-21,dynamic80_top1_rs20_31_bonus_proxy,6666,羅麗芬-KY,TWSE,1.0,0.292431977795512,,1.0,76,76,False,False,True,True,False,0.5480565928388107,0.292431977795512,0.3198348074374525,weekly_signal_close,RS20_plus_31_high_confidence_context_bonus,False,,,False,False,missing_selected_stock_price_registry_row,adjusted_close_exact > tradable_close_proxy > blocked,selected_ticker_adjusted_close_path_only,False,True,False,False,False,False,False,False,True,False
2018-12-28,dynamic80_top1_rs20_31_bonus_proxy,5263,智崴,TPEx,1.0,0.3484295113684658,0.1981818722095922,1.0,54,54,False,False,True,True,False,0.6026732636678453,0.3484295113684658,0.378563174551858,weekly_signal_close,RS20_plus_31_high_confidence_context_bonus,False,,,False,False,missing_selected_stock_price_registry_row,adjusted_close_exact > tradable_close_proxy > blocked,selected_ticker_adjusted_close_path_only,False,True,False,False,False,False,False,False,True,False
2019-01-04,dynamic80_top1_rs20_31_bonus_proxy,1760,寶齡富錦,TWSE,1.0,0.2930211297776377,0.3053758292101075,1.0,57,57,False,False,True,True,False,0.599824725147,0.2930211297776377,0.3230123660349877,weekly_signal_close,RS20_plus_31_high_confidence_context_bonus,False,,,False,False,missing_selected_stock_price_registry_row,adjusted_close_exact > tradable_close_proxy > blocked,selected_ticker_adjusted_close_path_only,False,True,False,False,False,False,False,False,True,False
2019-01-11,dynamic80_top1_rs20_31_bonus_proxy,3338,泰碩,TWSE,1.0,0.3818099437482187,0.7930797908660301,1.0,59,59,False,False,True,True,False,0.5790126809670522,0.3818099437482187,0.4107605777965713,weekly_signal_close,RS20_plus_31_high_confidence_context_bonus,False,,,False,False,missing_selected_stock_price_registry_row,adjusted_close_exact > tradable_close_proxy > blocked,selected_ticker_adjusted_close_path_only,False,True,False,False,False,False,False,False,True,False
2019-01-18,dynamic80_top1_rs20_31_bonus_proxy,4536,拓凱,TWSE,1.0,0.447003040786073,0.4241394675898962,1.0,24,24,False,True,True,True,False,0.6370440722828978,0.467003040786073,0.4788552444002178,weekly_signal_close,RS20_plus_31_high_confidence_context_bonus,False,,,False,False,missing_selected_stock_price_registry_row,adjusted_close_exact > tradable_close_proxy > blocked,selected_ticker_adjusted_close_path_only,False,True,False,False,False,False,False,False,True,False
2019-01-25,dynamic80_top1_rs20_31_bonus_proxy,3324,雙鴻,TPEx,1.0,0.2558665267102062,0.9995760798497276,1.0,8,8,False,True,True,True,False,0.7023810141698004,0.2758665267102062,0.2909855774186962,weekly_signal_close,RS20_plus_31_high_confidence_context_bonus,False,,,False,False,missing_selected_stock_price_registry_row,adjusted_close_exact > tradable_close_proxy > blocked,selected_ticker_adjusted_close_path_only,False,True,False,False,False,False,False,False,True,False
2019-01-30,dynamic80_top1_rs20_31_bonus_proxy,6166,凌華,TWSE,1.0,0.4695877459207314,0.3650688500321513,1.0,67,67,False,False,True,True,False,0.5961821546623439,0.4695877459207314,0.4993968536538485,weekly_signal_close,RS20_plus_31_high_confidence_context_bonus,False,,,False,False,missing_selected_stock_price_registry_row,adjusted_close_exact > tradable_close_proxy > blocked,selected_ticker_adjusted_close_path_only,False,True,False,False,False,False,False,False,True,False
2019-02-15,dynamic80_top1_rs20_31_bonus_proxy,3708,上緯投控,TWSE,1.0,0.3929729419678371,0.5065549363746837,1.0,13,13,False,True,True,True,False,0.7122769927648224,0.4129729419678371,0.4285867916060782,weekly_signal_close,RS20_plus_31_high_confidence_context_bonus,False,,,False,False,missing_selected_stock_price_registry_row,adjusted_close_exact > tradable_close_proxy > blocked,selected_ticker_adjusted_close_path_only,False,True,False,False,False,False,False,False,True,False
2019-02-22,dynamic80_top1_rs20_31_bonus_proxy,3583,辛耘,TWSE,1.0,0.3002911460792374,0.1928332582562533,1.0,74,74,False,False,True,True,False,0.5666572457356193,0.3002911460792374,0.3286240083660183,weekly_signal_close,RS20_plus_31_high_confidence_context_bonus,False,,,False,False,missing_selected_stock_price_registry_row,adjusted_close_exact > tradable_close_proxy > blocked,selected_ticker_adjusted_close_path_only,False,True,False,False,False,False,False,False,True,False
2019-02-27,dynamic80_top1_rs20_31_bonus_proxy,3016,嘉晶,TWSE,1.0,0.3249327469035137,0.3425054401658456,1.0,36,36,False,False,True,True,False,0.6554681575390401,0.3249327469035137,0.3577061547804657,weekly_signal_close,RS20_plus_31_high_confidence_context_bonus,False,,,False,False,missing_selected_stock_price_registry_row,adjusted_close_exact > tradable_close_proxy > blocked,selected_ticker_adjusted_close_path_only,False,True,False,False,False,False,False,False,True,False
2019-03-08,dynamic80_top1_rs20_31_bonus_proxy,6266,泰詠,TPEx,1.0,0.2884837552460892,0.4282581333024435,1.0,71,71,False,False,True,True,False,0.6239858270059948,0.2884837552460892,0.3196830465963889,weekly_signal_close,RS20_plus_31_high_confidence_context_bonus,False,,,False,False,missing_selected_stock_price_registry_row,adjusted_close_exact > tradable_close_proxy > blocked,selected_ticker_adjusted_close_path_only,False,True,False,False,False,False,False,False,True,False
2019-03-15,dynamic80_top1_rs20_31_bonus_proxy,3360,尚立,TPEx,1.0,0.4230050795407363,0.3855016306455496,1.0,59,59,False,False,True,True,False,0.6188190469222502,0.4230050795407363,0.4539460318868488,weekly_signal_close,RS20_plus_31_high_confidence_context_bonus,False,,,False,False,missing_selected_stock_price_registry_row,adjusted_close_exact > tradable_close_proxy > blocked,selected_ticker_adjusted_close_path_only,False,True,False,False,False,False,False,False,True,False
2019-03-22,dynamic80_top1_rs20_31_bonus_proxy,3004,豐達科,TWSE,1.0,0.3318807229079303,0.6757576078908671,1.0,49,49,False,False,True,True,False,0.6459264928601828,0.3318807229079303,0.3641770475509394,weekly_signal_close,RS20_plus_31_high_confidence_context_bonus,False,,,False,False,missing_selected_stock_price_registry_row,adjusted_close_exact > tradable_close_proxy > blocked,selected_ticker_adjusted_close_path_only,False,True,False,False,False,False,False,False,True,False
2019-03-29,dynamic80_top1_rs20_31_bonus_proxy,3504,揚明光,TWSE,1.0,0.3350979111949255,0.4653466315100296,1.0,21,21,False,True,True,True,False,0.692604551108246,0.3550979111949255,0.3697281387503378,weekly_signal_close,RS20_plus_31_high_confidence_context_bonus,False,,,False,False,missing_selected_stock_price_registry_row,adjusted_close_exact > tradable_close_proxy > blocked,selected_ticker_adjusted_close_path_only,False,True,False,False,False,False,False,False,True,False
2019-04-03,dynamic80_top1_rs20_31_bonus_proxy,4564,元翎,TWSE,1.0,3.199378616789165,,1.0,30,30,False,True,True,True,False,0.6600531487478836,3.219378616789165,3.232381274226559,weekly_signal_close,RS20_plus_31_high_confidence_context_bonus,False,,,False,False,missing_selected_stock_price_registry_row,adjusted_close_exact > tradable_close_proxy > blocked,selected_ticker_adjusted_close_path_only,False,True,False,False,False,False,False,False,True,False
2019-04-12,dynamic80_top1_rs20_31_bonus_proxy,2455,全新,TWSE,3.0,0.2152517374684388,0.3119926653871885,3.0,8,8,False,True,True,True,False,0.723724636473299,0.2352517374684387,0.2514379692921037,weekly_signal_close,RS20_plus_31_high_confidence_context_bonus,False,,,False,False,missing_selected_stock_price_registry_row,adjusted_close_exact > tradable_close_proxy > blocked,selected_ticker_adjusted_close_path_only,False,True,False,False,False,False,False,False,True,False
2019-04-19,dynamic80_top1_rs20_31_bonus_proxy,3483,力致,TPEx,1.0,0.4362820083243297,0.6534376950766712,1.0,80,80,False,False,True,True,False,0.5539080802417401,0.4362820083243297,0.4639774123364166,weekly_signal_close,RS20_plus_31_high_confidence_context_bonus,False,,,False,False,missing_selected_stock_price_registry_row,adjusted_close_exact > tradable_close_proxy > blocked,selected_ticker_adjusted_close_path_only,False,True,False,False,False,False,False,False,True,False
2019-04-26,dynamic80_top1_rs20_31_bonus_proxy,2404,漢唐,TWSE,1.0,0.2706116066292701,0.3758985581346565,1.0,31,31,False,True,True,True,False,0.6583454439037478,0.2906116066292701,0.3035288788244574,weekly_signal_close,RS20_plus_31_high_confidence_context_bonus,False,,,False,False,missing_selected_stock_price_registry_row,adjusted_close_exact > tradable_close_proxy > blocked,selected_ticker_adjusted_close_path_only,False,True,False,False,False,False,False,False,True,False
2019-05-03,dynamic80_top1_rs20_31_bonus_proxy,3338,泰碩,TWSE,1.0,0.3902160740025744,0.6493504460008888,1.0,13,13,False,True,True,True,False,0.7017195079701186,0.4102160740025744,0.4253020494010803,weekly_signal_close,RS20_plus_31_high_confidence_context_bonus,False,,,False,False,missing_selected_stock_price_registry_row,adjusted_close_exact > tradable_close_proxy > blocked,selected_ticker_adjusted_close_path_only,False,True,False,False,False,False,False,False,True,False
2019-05-10,dynamic80_top1_rs20_31_bonus_proxy,5263,智崴,TPEx,1.0,0.2321544348340554,0.1509601652679435,1.0,42,42,False,False,True,True,False,0.6401893682395963,0.2321544348340554,0.2641639032460352,weekly_signal_close,RS20_plus_31_high_confidence_context_bonus,False,,,False,False,missing_selected_stock_price_registry_row,adjusted_close_exact > tradable_close_proxy > blocked,selected_ticker_adjusted_close_path_only,False,True,False,False,False,False,False,False,True,False
2019-05-17,dynamic80_top1_rs20_31_bonus_proxy,5483,中美晶,TPEx,1.0,0.2214472044950406,0.0935315430587626,1.0,15,15,False,True,True,True,False,0.7124620119366336,0.2414472044950406,0.2570703050918723,weekly_signal_close,RS20_plus_31_high_confidence_context_bonus,False,,,False,False,missing_selected_stock_price_registry_row,adjusted_close_exact > tradable_close_proxy > blocked,selected_ticker_adjusted_close_path_only,False,True,False,False,False,False,False,False,True,False
2019-05-24,dynamic80_top1_rs20_31_bonus_proxy,3630,新鉅科,TPEx,1.0,0.2916433518198249,0.1133587527878483,1.0,75,75,False,False,True,True,False,0.5181081912449418,0.2916433518198249,0.317548761382072,weekly_signal_close,RS20_plus_31_high_confidence_context_bonus,False,,,False,False,missing_selected_stock_price_registry_row,adjusted_close_exact > tradable_close_proxy > blocked,selected_ticker_adjusted_close_path_only,False,True,False,False,False,False,False,False,True,False
2019-05-31,dynamic80_top1_rs20_31_bonus_proxy,3083,網龍,TPEx,1.0,0.223651528042743,0.333458929666885,1.0,54,54,False,False,True,True,False,0.6062822233253176,0.223651528042743,0.2539656392090089,weekly_signal_close,RS20_plus_31_high_confidence_context_bonus,False,,,False,False,missing_selected_stock_price_registry_row,adjusted_close_exact > tradable_close_proxy > blocked,selected_ticker_adjusted_close_path_only,False,True,False,False,False,False,False,False,True,False
2019-06-06,dynamic80_top1_rs20_31_bonus_proxy,2207,和泰車,TWSE,1.0,0.2332571556300515,0.4388727638468537,1.0,33,33,False,False,True,True,False,0.6653662336552014,0.2332571556300515,0.2665254673128115,weekly_signal_close,RS20_plus_31_high_confidence_context_bonus,False,,,False,False,missing_selected_stock_price_registry_row,adjusted_close_exact > tradable_close_proxy > blocked,selected_ticker_adjusted_close_path_only,False,True,False,False,False,False,False,False,True,False
2019-06-14,dynamic80_top1_rs20_31_bonus_proxy,9938,百和,TWSE,1.0,0.189647019076191,0.2586041875050178,1.0,29,29,False,True,True,True,False,0.6792690684677787,0.209647019076191,0.2236104724995799,weekly_signal_close,RS20_plus_31_high_confidence_context_bonus,False,,,False,False,missing_selected_stock_price_registry_row,adjusted_close_exact > tradable_close_proxy > blocked,selected_ticker_adjusted_close_path_only,False,True,False,False,False,False,False,False,True,False
2019-06-21,dynamic80_top1_rs20_31_bonus_proxy,2461,光群雷,TWSE,1.0,0.2525669750323793,0.3225939627800429,1.0,61,61,False,False,True,True,False,0.612194943922166,0.2525669750323793,0.2831767222284876,weekly_signal_close,RS20_plus_31_high_confidence_context_bonus,False,,,False,False,missing_selected_stock_price_registry_row,adjusted_close_exact > tradable_close_proxy > blocked,selected_ticker_adjusted_close_path_only,False,True,False,False,False,False,False,False,True,False
2019-06-28,dynamic80_top1_rs20_31_bonus_proxy,2461,光群雷,TWSE,1.0,0.4262090748657114,0.5474565405588234,1.0,80,80,False,False,True,True,False,0.6086425597212957,0.4262090748657114,0.4566412028517762,weekly_signal_close,RS20_plus_31_high_confidence_context_bonus,False,,,False,False,missing_selected_stock_price_registry_row,adjusted_close_exact > tradable_close_proxy > blocked,selected_ticker_adjusted_close_path_only,False,True,False,False,False,False,False,False,True,False
2019-07-05,dynamic80_top1_rs20_31_bonus_proxy,1762,中化生,TWSE,1.0,0.3139613110529149,0.406622536712496,1.0,73,73,False,False,True,True,False,0.5950433061826227,0.3139613110529149,0.3437134763620461,weekly_signal_close,RS20_plus_31_high_confidence_context_bonus,False,,,False,False,missing_selected_stock_price_registry_row,adjusted_close_exact > tradable_close_proxy > blocked,selected_ticker_adjusted_close_path_only,False,True,False,False,False,False,False,False,True,False
2019-07-12,dynamic80_top1_rs20_31_bonus_proxy,6679,鈺太,TPEx,1.0,0.4001354638738004,,1.0,73,73,False,False,True,True,False,0.5584496383533119,0.4001354638738004,0.428057945791466,weekly_signal_close,RS20_plus_31_high_confidence_context_bonus,False,,,False,False,missing_selected_stock_price_registry_row,adjusted_close_exact > tradable_close_proxy > blocked,selected_ticker_adjusted_close_path_only,False,True,False,False,False,False,False,False,True,False
2019-07-19,dynamic80_top1_rs20_31_bonus_proxy,4953,緯軟,TPEx,1.0,0.2896440219287857,0.1073332649987022,1.0,11,11,False,True,True,True,False,0.6934830645405213,0.3096440219287857,0.3243181751558117,weekly_signal_close,RS20_plus_31_high_confidence_context_bonus,False,,,False,False,missing_selected_stock_price_registry_row,adjusted_close_exact > tradable_close_proxy > blocked,selected_ticker_adjusted_close_path_only,False,True,False,False,False,False,False,False,True,False
2019-07-26,dynamic80_top1_rs20_31_bonus_proxy,8044,網家,TPEx,1.0,0.3515477411427434,0.1513884475081814,1.0,31,31,False,True,True,True,False,0.6363206259684107,0.3715477411427434,0.3833637724411639,weekly_signal_close,RS20_plus_31_high_confidence_context_bonus,False,,,False,False,missing_selected_stock_price_registry_row,adjusted_close_exact > tradable_close_proxy > blocked,selected_ticker_adjusted_close_path_only,False,True,False,False,False,False,False,False,True,False
2019-08-02,dynamic80_top1_rs20_31_bonus_proxy,6176,瑞儀,TWSE,2.0,0.1993582728999345,0.1534734886521696,2.0,31,31,False,True,True,True,False,0.6565474069835165,0.2193582728999344,0.2321856432491103,weekly_signal_close,RS20_plus_31_high_confidence_context_bonus,False,,,False,False,missing_selected_stock_price_registry_row,adjusted_close_exact > tradable_close_proxy > blocked,selected_ticker_adjusted_close_path_only,False,True,False,False,False,False,False,False,True,False
2019-08-08,dynamic80_top1_rs20_31_bonus_proxy,3293,鈊象,TPEx,1.0,0.223413559658343,0.3770853424476754,1.0,29,29,False,True,True,True,False,0.6517480950842844,0.243413559658343,0.2560009644125572,weekly_signal_close,RS20_plus_31_high_confidence_context_bonus,False,,,False,False,missing_selected_stock_price_registry_row,adjusted_close_exact > tradable_close_proxy > blocked,selected_ticker_adjusted_close_path_only,False,True,False,False,False,False,False,False,True,False
2019-08-16,dynamic80_top1_rs20_31_bonus_proxy,2387,精元,TWSE,1.0,0.3963595229585506,1.342447020007075,1.0,65,65,False,False,True,True,False,0.5648691149678585,0.3963595229585506,0.4246029787069435,weekly_signal_close,RS20_plus_31_high_confidence_context_bonus,False,,,False,False,missing_selected_stock_price_registry_row,adjusted_close_exact > tradable_close_proxy > blocked,selected_ticker_adjusted_close_path_only,False,True,False,False,False,False,False,False,True,False
2019-08-23,dynamic80_top1_rs20_31_bonus_proxy,6510,精測,TPEx,1.0,0.5396704294009326,0.6663353808349077,1.0,65,65,False,False,True,True,False,0.5629932790250146,0.5396704294009326,0.5678200933521833,weekly_signal_close,RS20_plus_31_high_confidence_context_bonus,False,,,False,False,missing_selected_stock_price_registry_row,adjusted_close_exact > tradable_close_proxy > blocked,selected_ticker_adjusted_close_path_only,False,True,False,False,False,False,False,False,True,False
2019-08-30,dynamic80_top1_rs20_31_bonus_proxy,5498,凱崴,TPEx,1.0,0.5042542258718385,0.3604000623938956,1.0,74,74,False,False,True,False,False,0.5564121983338042,0.5042542258718385,0.5320748357885288,weekly_signal_close,RS20_plus_31_high_confidence_context_bonus,False,,,False,False,missing_selected_stock_price_registry_row,adjusted_close_exact > tradable_close_proxy > blocked,selected_ticker_adjusted_close_path_only,False,True,False,False,False,False,False,False,True,False
2019-09-06,dynamic80_top1_rs20_31_bonus_proxy,2313,華通,TWSE,1.0,0.3426883162586229,0.3942554104538558,1.0,18,18,False,True,True,True,False,0.6923507686697529,0.3626883162586229,0.3773058546921105,weekly_signal_close,RS20_plus_31_high_confidence_context_bonus,False,,,False,False,missing_selected_stock_price_registry_row,adjusted_close_exact > tradable_close_proxy > blocked,selected_ticker_adjusted_close_path_only,False,True,False,False,False,False,False,False,True,False
2019-09-12,dynamic80_top1_rs20_31_bonus_proxy,5498,凱崴,TPEx,1.0,0.663243110161148,0.5471037561027514,1.0,75,75,False,False,True,True,False,0.554755609984408,0.663243110161148,0.6909808906603684,weekly_signal_close,RS20_plus_31_high_confidence_context_bonus,False,,,False,False,missing_selected_stock_price_registry_row,adjusted_close_exact > tradable_close_proxy > blocked,selected_ticker_adjusted_close_path_only,False,True,False,False,False,False,False,False,True,False
2019-09-20,dynamic80_top1_rs20_31_bonus_proxy,3083,網龍,TPEx,1.0,0.3370862424812184,0.3345344155824008,1.0,7,7,False,True,True,True,False,0.7233871098118356,0.3570862424812184,0.3732555979718102,weekly_signal_close,RS20_plus_31_high_confidence_context_bonus,False,,,False,False,missing_selected_stock_price_registry_row,adjusted_close_exact > tradable_close_proxy > blocked,selected_ticker_adjusted_close_path_only,False,True,False,False,False,False,False,False,True,False
2019-09-27,dynamic80_top1_rs20_31_bonus_proxy,3661,世芯-KY,TWSE,1.0,0.1292428723176486,0.6619729720889589,1.0,27,27,False,True,True,True,False,0.6889602955478098,0.1492428723176486,0.1636908870950391,weekly_signal_close,RS20_plus_31_high_confidence_context_bonus,False,,,False,False,missing_selected_stock_price_registry_row,adjusted_close_exact > tradable_close_proxy > blocked,selected_ticker_adjusted_close_path_only,False,True,False,False,False,False,False,False,True,False
2019-10-04,dynamic80_top1_rs20_31_bonus_proxy,6472,保瑞,TPEx,1.0,0.1706237523350535,0.1588081111693984,1.0,47,47,False,False,True,True,False,0.6441587455406333,0.1706237523350535,0.2028316896120851,weekly_signal_close,RS20_plus_31_high_confidence_context_bonus,False,,,False,False,missing_selected_stock_price_registry_row,adjusted_close_exact > tradable_close_proxy > blocked,selected_ticker_adjusted_close_path_only,False,True,False,False,False,False,False,False,True,False
2019-10-09,dynamic80_top1_rs20_31_bonus_proxy,3680,家登,TPEx,1.0,0.4411234108556532,1.2191342777074414,1.0,9,9,False,True,True,True,False,0.7092458808266983,0.4611234108556532,0.4765857048969881,weekly_signal_close,RS20_plus_31_high_confidence_context_bonus,False,,,False,False,missing_selected_stock_price_registry_row,adjusted_close_exact > tradable_close_proxy > blocked,selected_ticker_adjusted_close_path_only,False,True,False,False,False,False,False,False,True,False
2019-10-18,dynamic80_top1_rs20_31_bonus_proxy,9935,慶豐富,TWSE,1.0,0.225648726320238,0.6935684030306661,1.0,79,79,False,False,True,True,False,0.5883960865156782,0.225648726320238,0.2550685306460219,weekly_signal_close,RS20_plus_31_high_confidence_context_bonus,False,,,False,False,missing_selected_stock_price_registry_row,adjusted_close_exact > tradable_close_proxy > blocked,selected_ticker_adjusted_close_path_only,False,True,False,False,False,False,False,False,True,False
2019-10-25,dynamic80_top1_rs20_31_bonus_proxy,4908,前鼎,TPEx,1.0,0.451922990336119,0.5579209794928623,1.0,74,74,False,False,True,True,False,0.5962499012214537,0.451922990336119,0.4817354853971917,weekly_signal_close,RS20_plus_31_high_confidence_context_bonus,False,,,False,False,missing_selected_stock_price_registry_row,adjusted_close_exact > tradable_close_proxy > blocked,selected_ticker_adjusted_close_path_only,False,True,False,False,False,False,False,False,True,False
2019-11-01,dynamic80_top1_rs20_31_bonus_proxy,2504,國產,TWSE,1.0,0.472634710391586,0.6232048952434974,1.0,24,24,False,True,True,True,False,0.6705534195628927,0.492634710391586,0.5061623813697307,weekly_signal_close,RS20_plus_31_high_confidence_context_bonus,False,,,False,False,missing_selected_stock_price_registry_row,adjusted_close_exact > tradable_close_proxy > blocked,selected_ticker_adjusted_close_path_only,False,True,False,False,False,False,False,False,True,False
2019-11-08,dynamic80_top1_rs20_31_bonus_proxy,2362,藍天,TWSE,1.0,0.2873418300112826,0.1386028339946396,1.0,64,64,False,False,True,True,False,0.6072577586062587,0.2873418300112826,0.3177047179415955,weekly_signal_close,RS20_plus_31_high_confidence_context_bonus,False,,,False,False,missing_selected_stock_price_registry_row,adjusted_close_exact > tradable_close_proxy > blocked,selected_ticker_adjusted_close_path_only,False,True,False,False,False,False,False,False,True,False
2019-11-15,dynamic80_top1_rs20_31_bonus_proxy,6667,信紘科,TPEx,1.0,0.9213427250053484,1.47688358025622,1.0,58,58,False,False,True,True,False,0.6306599189698612,0.9213427250053484,0.9528757209538414,weekly_signal_close,RS20_plus_31_high_confidence_context_bonus,False,,,False,False,missing_selected_stock_price_registry_row,adjusted_close_exact > tradable_close_proxy > blocked,selected_ticker_adjusted_close_path_only,False,True,False,False,False,False,False,False,True,False
2019-11-22,dynamic80_top1_rs20_31_bonus_proxy,6251,定穎,TWSE,1.0,0.2262269469219739,0.3939925270402635,1.0,44,44,False,False,True,True,False,0.6435885919441727,0.2262269469219739,0.2584063765191825,weekly_signal_close,RS20_plus_31_high_confidence_context_bonus,False,,,False,False,missing_selected_stock_price_registry_row,adjusted_close_exact > tradable_close_proxy > blocked,selected_ticker_adjusted_close_path_only,False,True,False,False,False,False,False,False,True,False
2019-11-29,dynamic80_top1_rs20_31_bonus_proxy,6612,奈米醫材,TPEx,1.0,0.3019220836270191,0.2612553350727107,1.0,57,57,False,False,True,True,False,0.6309283986313943,0.3019220836270191,0.3334685035585888,weekly_signal_close,RS20_plus_31_high_confidence_context_bonus,False,,,False,False,missing_selected_stock_price_registry_row,adjusted_close_exact > tradable_close_proxy > blocked,selected_ticker_adjusted_close_path_only,False,True,False,False,False,False,False,False,True,False
2019-12-06,dynamic80_top1_rs20_31_bonus_proxy,8182,加高,TPEx,1.0,0.4921704144129888,0.3007664464165769,1.0,73,73,False,False,True,True,False,0.5685385655362146,0.4921704144129888,0.5205973426897995,weekly_signal_close,RS20_plus_31_high_confidence_context_bonus,False,,,False,False,missing_selected_stock_price_registry_row,adjusted_close_exact > tradable_close_proxy > blocked,selected_ticker_adjusted_close_path_only,False,True,False,False,False,False,False,False,True,False
2019-12-13,dynamic80_top1_rs20_31_bonus_proxy,6196,帆宣,TWSE,1.0,0.3053027465076627,0.6326387330408252,1.0,9,9,False,True,True,True,False,0.7033769169790698,0.3253027465076627,0.3404715923566161,weekly_signal_close,RS20_plus_31_high_confidence_context_bonus,False,,,False,False,missing_selected_stock_price_registry_row,adjusted_close_exact > tradable_close_proxy > blocked,selected_ticker_adjusted_close_path_only,False,True,False,False,False,False,False,False,True,False
2019-12-20,dynamic80_top1_rs20_31_bonus_proxy,2456,奇力新,TWSE,2.0,0.2024582847717062,0.2133915451847488,2.0,12,12,False,True,True,True,False,0.6921461813824332,0.2224582847717061,0.2370655938408278,weekly_signal_close,RS20_plus_31_high_confidence_context_bonus,False,,,False,False,missing_selected_stock_price_registry_row,adjusted_close_exact > tradable_close_proxy > blocked,selected_ticker_adjusted_close_path_only,False,True,False,False,False,False,False,False,True,False
2019-12-27,dynamic80_top1_rs20_31_bonus_proxy,6230,尼得科超眾,TWSE,2.0,0.2724911470106645,0.0758942386301813,2.0,8,8,False,True,True,True,False,0.7158893670922825,0.2924911470106645,0.3082856153652786,weekly_signal_close,RS20_plus_31_high_confidence_context_bonus,False,,,False,False,missing_selected_stock_price_registry_row,adjusted_close_exact > tradable_close_proxy > blocked,selected_ticker_adjusted_close_path_only,False,True,False,False,False,False,False,False,True,False
2020-01-03,dynamic80_top1_rs20_31_bonus_proxy,3406,玉晶光,TWSE,1.0,0.3423714935129067,0.0587906018637498,1.0,55,55,False,False,True,True,False,0.6452484601310807,0.3423714935129067,0.3746339165194607,weekly_signal_close,RS20_plus_31_high_confidence_context_bonus,False,,,False,False,missing_selected_stock_price_registry_row,adjusted_close_exact > tradable_close_proxy > blocked,selected_ticker_adjusted_close_path_only,False,True,False,False,False,False,False,False,True,False
2020-01-10,dynamic80_top1_rs20_31_bonus_proxy,3293,鈊象,TPEx,1.0,0.2297702041247493,0.0707825520121918,1.0,52,52,False,False,True,True,False,0.6490231520905011,0.2297702041247493,0.2622213617292743,weekly_signal_close,RS20_plus_31_high_confidence_context_bonus,False,,,False,False,missing_selected_stock_price_registry_row,adjusted_close_exact > tradable_close_proxy > blocked,selected_ticker_adjusted_close_path_only,False,True,False,False,False,False,False,False,True,False
2020-01-17,dynamic80_top1_rs20_31_bonus_proxy,8210,勤誠,TWSE,1.0,0.3704482416837305,0.3498366899183578,1.0,52,52,False,False,True,True,False,0.6399013908752959,0.3704482416837305,0.4024433112274952,weekly_signal_close,RS20_plus_31_high_confidence_context_bonus,False,,,False,False,missing_selected_stock_price_registry_row,adjusted_close_exact > tradable_close_proxy > blocked,selected_ticker_adjusted_close_path_only,False,True,False,False,False,False,False,False,True,False
2020-01-20,dynamic80_top1_rs20_31_bonus_proxy,3293,鈊象,TPEx,1.0,0.2466378017332937,0.1117383947678729,1.0,50,50,False,False,True,True,False,0.6392332272051371,0.2466378017332937,0.2785994630935505,weekly_signal_close,RS20_plus_31_high_confidence_context_bonus,False,,,False,False,missing_selected_stock_price_registry_row,adjusted_close_exact > tradable_close_proxy > blocked,selected_ticker_adjusted_close_path_only,False,True,False,False,False,False,False,False,True,False
2020-01-31,dynamic80_top1_rs20_31_bonus_proxy,3218,大學光,TPEx,1.0,0.3515100100054937,0.2245843026695735,1.0,25,25,False,True,True,True,False,0.6403827443798242,0.3715100100054937,0.3835291472244849,weekly_signal_close,RS20_plus_31_high_confidence_context_bonus,False,,,False,False,missing_selected_stock_price_registry_row,adjusted_close_exact > tradable_close_proxy > blocked,selected_ticker_adjusted_close_path_only,False,True,False,False,False,False,False,False,True,False
2020-02-07,dynamic80_top1_rs20_31_bonus_proxy,8996,高力,TWSE,1.0,0.4111521737045321,0.798430924909894,1.0,32,32,False,False,True,True,False,0.5935598410915699,0.4111521737045321,0.4408301657591106,weekly_signal_close,RS20_plus_31_high_confidence_context_bonus,False,,,False,False,missing_selected_stock_price_registry_row,adjusted_close_exact > tradable_close_proxy > blocked,selected_ticker_adjusted_close_path_only,False,True,False,False,False,False,False,False,True,False
2020-02-14,dynamic80_top1_rs20_31_bonus_proxy,3515,華擎,TWSE,1.0,0.4753488766594569,0.5644750150420434,1.0,43,43,False,False,True,True,True,0.5461480067017903,0.4753488766594569,0.4726562769945464,weekly_signal_close,RS20_plus_31_high_confidence_context_bonus,False,,,False,False,missing_selected_stock_price_registry_row,adjusted_close_exact > tradable_close_proxy > blocked,selected_ticker_adjusted_close_path_only,False,True,False,False,False,False,False,False,True,False
2020-02-21,dynamic80_top1_rs20_31_bonus_proxy,3218,大學光,TPEx,1.0,0.2398477536277902,0.2877286770135343,1.0,23,23,False,False,True,True,True,0.6093957402038138,0.2398477536277902,0.2403175406379809,weekly_signal_close,RS20_plus_31_high_confidence_context_bonus,False,,,False,False,missing_selected_stock_price_registry_row,adjusted_close_exact > tradable_close_proxy > blocked,selected_ticker_adjusted_close_path_only,False,True,False,False,False,False,False,False,True,False
2020-02-27,dynamic80_top1_rs20_31_bonus_proxy,3293,鈊象,TPEx,1.0,0.2644545459645896,0.6943081655428305,1.0,63,63,False,False,True,True,False,0.5493387060998599,0.2644545459645896,0.2919214812695826,weekly_signal_close,RS20_plus_31_high_confidence_context_bonus,False,,,False,False,missing_selected_stock_price_registry_row,adjusted_close_exact > tradable_close_proxy > blocked,selected_ticker_adjusted_close_path_only,False,True,False,False,False,False,False,False,True,False
2020-03-06,dynamic80_top1_rs20_31_bonus_proxy,4119,旭富,TWSE,1.0,0.3398249811964045,0.1945290291001069,1.0,20,20,False,True,True,True,False,0.6651565791617176,0.3598249811964045,0.3730828101544903,weekly_signal_close,RS20_plus_31_high_confidence_context_bonus,False,,,False,False,missing_selected_stock_price_registry_row,adjusted_close_exact > tradable_close_proxy > blocked,selected_ticker_adjusted_close_path_only,False,True,False,False,False,False,False,False,True,False
2020-03-13,dynamic80_top1_rs20_31_bonus_proxy,2368,金像電,TWSE,1.0,0.5599421019902854,0.4474643899701341,1.0,43,43,False,False,True,True,False,0.5655146899265479,0.5599421019902854,0.5882178364866127,weekly_signal_close,RS20_plus_31_high_confidence_context_bonus,False,,,False,False,missing_selected_stock_price_registry_row,adjusted_close_exact > tradable_close_proxy > blocked,selected_ticker_adjusted_close_path_only,False,True,False,False,False,False,False,False,True,False
2020-03-20,dynamic80_top1_rs20_31_bonus_proxy,1732,毛寶,TWSE,1.0,0.5303995038708564,1.8101617728733688,1.0,71,71,False,False,True,True,False,0.5288374348530769,0.5303995038708564,0.5568413756135103,weekly_signal_close,RS20_plus_31_high_confidence_context_bonus,False,,,False,False,missing_selected_stock_price_registry_row,adjusted_close_exact > tradable_close_proxy > blocked,selected_ticker_adjusted_close_path_only,False,True,False,False,False,False,False,False,True,False
2020-03-27,dynamic80_top1_rs20_31_bonus_proxy,2368,金像電,TWSE,1.0,0.6967386010187099,0.695712723034508,1.0,64,64,False,False,True,True,False,0.5510266496119001,0.6967386010187099,0.7242899334993049,weekly_signal_close,RS20_plus_31_high_confidence_context_bonus,False,,,False,False,missing_selected_stock_price_registry_row,adjusted_close_exact > tradable_close_proxy > blocked,selected_ticker_adjusted_close_path_only,False,True,False,False,False,False,False,False,True,False
2020-04-01,dynamic80_top1_rs20_31_bonus_proxy,4119,旭富,TWSE,1.0,0.304565199045723,0.4740750921032415,1.0,58,58,False,False,True,True,False,0.5468038937691012,0.304565199045723,0.331905393734178,weekly_signal_close,RS20_plus_31_high_confidence_context_bonus,False,,,False,False,missing_selected_stock_price_registry_row,adjusted_close_exact > tradable_close_proxy > blocked,selected_ticker_adjusted_close_path_only,False,True,False,False,False,False,False,False,True,False
2020-04-10,dynamic80_top1_rs20_31_bonus_proxy,2368,金像電,TWSE,1.0,0.2649101947331944,0.7282944924601915,1.0,42,42,False,False,True,True,False,0.5569138762218078,0.2649101947331944,0.2927558885442847,weekly_signal_close,RS20_plus_31_high_confidence_context_bonus,False,,,False,False,missing_selected_stock_price_registry_row,adjusted_close_exact > tradable_close_proxy > blocked,selected_ticker_adjusted_close_path_only,False,True,False,False,False,False,False,False,True,False
2020-04-17,dynamic80_top1_rs20_31_bonus_proxy,6415,矽力*-KY,TWSE,1.0,0.5418494697081055,0.2277088065492183,1.0,62,62,False,False,True,True,False,0.5050674841025562,0.5418494697081055,0.5671028439132334,weekly_signal_close,RS20_plus_31_high_confidence_context_bonus,False,,,False,False,missing_selected_stock_price_registry_row,adjusted_close_exact > tradable_close_proxy > blocked,selected_ticker_adjusted_close_path_only,False,True,False,False,False,False,False,False,True,False
2020-04-24,dynamic80_top1_rs20_31_bonus_proxy,3669,圓展,TWSE,1.0,0.4868033632967004,1.1592859505685476,1.0,64,64,False,False,True,True,False,0.5536430273747407,0.4868033632967004,0.5144855146654375,weekly_signal_close,RS20_plus_31_high_confidence_context_bonus,False,,,False,False,missing_selected_stock_price_registry_row,adjusted_close_exact > tradable_close_proxy > blocked,selected_ticker_adjusted_close_path_only,False,True,False,False,False,False,False,False,True,False
2020-04-30,dynamic80_top1_rs20_31_bonus_proxy,9919,康那香,TWSE,1.0,0.5566678864897969,0.7912938014701015,1.0,49,49,False,False,True,True,True,0.5611822517569488,0.5566678864897969,0.5547269990776443,weekly_signal_close,RS20_plus_31_high_confidence_context_bonus,False,,,False,False,missing_selected_stock_price_registry_row,adjusted_close_exact > tradable_close_proxy > blocked,selected_ticker_adjusted_close_path_only,False,True,False,False,False,False,False,False,True,False
2020-05-08,dynamic80_top1_rs20_31_bonus_proxy,5299,杰力,TPEx,1.0,0.3439306622475515,0.2910913409823861,1.0,72,72,False,False,True,True,False,0.5852306499335433,0.3439306622475515,0.3731921947442286,weekly_signal_close,RS20_plus_31_high_confidence_context_bonus,False,,,False,False,missing_selected_stock_price_registry_row,adjusted_close_exact > tradable_close_proxy > blocked,selected_ticker_adjusted_close_path_only,False,True,False,False,False,False,False,False,True,False
2020-05-15,dynamic80_top1_rs20_31_bonus_proxy,4966,譜瑞-KY,TPEx,1.0,0.2856948376125507,0.2499910329870484,1.0,60,60,False,False,True,True,False,0.6167662878616806,0.2856948376125507,0.3165331520056347,weekly_signal_close,RS20_plus_31_high_confidence_context_bonus,False,,,False,False,missing_selected_stock_price_registry_row,adjusted_close_exact > tradable_close_proxy > blocked,selected_ticker_adjusted_close_path_only,False,True,False,False,False,False,False,False,True,False
2020-05-22,dynamic80_top1_rs20_31_bonus_proxy,3680,家登,TPEx,1.0,0.5485433061038458,0.3375980113888771,1.0,75,75,False,False,True,True,False,0.552986912130697,0.5485433061038458,0.5761926517103807,weekly_signal_close,RS20_plus_31_high_confidence_context_bonus,False,,,False,False,missing_selected_stock_price_registry_row,adjusted_close_exact > tradable_close_proxy > blocked,selected_ticker_adjusted_close_path_only,False,True,False,False,False,False,False,False,True,False
2020-05-29,dynamic80_top1_rs20_31_bonus_proxy,4736,泰博,TPEx,1.0,0.5503383103267021,0.8388884428729717,1.0,70,70,False,False,True,True,False,0.5449364038322245,0.5503383103267021,0.5775851305183133,weekly_signal_close,RS20_plus_31_high_confidence_context_bonus,False,,,False,False,missing_selected_stock_price_registry_row,adjusted_close_exact > tradable_close_proxy > blocked,selected_ticker_adjusted_close_path_only,False,True,False,False,False,False,False,False,True,False
2020-06-05,dynamic80_top1_rs20_31_bonus_proxy,3218,大學光,TPEx,1.0,0.5363348235199057,1.0127991403840952,1.0,8,8,False,True,True,True,False,0.714271704474685,0.5563348235199057,0.5720484087436399,weekly_signal_close,RS20_plus_31_high_confidence_context_bonus,False,,,False,False,missing_selected_stock_price_registry_row,adjusted_close_exact > tradable_close_proxy > blocked,selected_ticker_adjusted_close_path_only,False,True,False,False,False,False,False,False,True,False
2020-06-12,dynamic80_top1_rs20_31_bonus_proxy,3653,健策,TWSE,1.0,0.2612044485490858,0.7753611751407667,1.0,14,14,False,True,True,True,False,0.6821140028404042,0.2812044485490858,0.295310148691106,weekly_signal_close,RS20_plus_31_high_confidence_context_bonus,False,,,False,False,missing_selected_stock_price_registry_row,adjusted_close_exact > tradable_close_proxy > blocked,selected_ticker_adjusted_close_path_only,False,True,False,False,False,False,False,False,True,False
2020-06-19,dynamic80_top1_rs20_31_bonus_proxy,5264,鎧勝-KY,TWSE,1.0,0.4005708469684299,0.5153011610583602,1.0,33,33,False,False,True,True,False,0.6353093944985494,0.4005708469684299,0.4323363166933573,weekly_signal_close,RS20_plus_31_high_confidence_context_bonus,False,,,False,False,missing_selected_stock_price_registry_row,adjusted_close_exact > tradable_close_proxy > blocked,selected_ticker_adjusted_close_path_only,False,True,False,False,False,False,False,False,True,False
2020-06-24,dynamic80_top1_rs20_31_bonus_proxy,3293,鈊象,TPEx,1.0,0.4197090649232478,0.2732132992635416,1.0,31,31,False,True,True,True,False,0.6381395189180586,0.4397090649232478,0.4516160408691507,weekly_signal_close,RS20_plus_31_high_confidence_context_bonus,False,,,False,False,missing_selected_stock_price_registry_row,adjusted_close_exact > tradable_close_proxy > blocked,selected_ticker_adjusted_close_path_only,False,True,False,False,False,False,False,False,True,False
2020-07-03,dynamic80_top1_rs20_31_bonus_proxy,4167,展旺,TPEx,1.0,0.4337559264304471,0.5876858799875524,1.0,60,60,False,False,True,True,False,0.5988050164750955,0.4337559264304471,0.4636961772542018,weekly_signal_close,RS20_plus_31_high_confidence_context_bonus,False,,,False,False,missing_selected_stock_price_registry_row,adjusted_close_exact > tradable_close_proxy > blocked,selected_ticker_adjusted_close_path_only,False,True,False,False,False,False,False,False,True,False
2020-07-10,dynamic80_top1_rs20_31_bonus_proxy,3661,世芯-KY,TWSE,1.0,0.4365199593682982,1.247426338015157,1.0,66,66,False,False,True,True,False,0.552323260063376,0.4365199593682982,0.4641361223714669,weekly_signal_close,RS20_plus_31_high_confidence_context_bonus,False,,,False,False,missing_selected_stock_price_registry_row,adjusted_close_exact > tradable_close_proxy > blocked,selected_ticker_adjusted_close_path_only,False,True,False,False,False,False,False,False,True,False
2020-07-17,dynamic80_top1_rs20_31_bonus_proxy,3540,曜越,TPEx,1.0,0.4885547777990198,1.8829932958280824,1.0,80,80,False,False,True,True,False,0.5316092171672888,0.4885547777990198,0.5151352386573842,weekly_signal_close,RS20_plus_31_high_confidence_context_bonus,False,,,False,False,missing_selected_stock_price_registry_row,adjusted_close_exact > tradable_close_proxy > blocked,selected_ticker_adjusted_close_path_only,False,True,False,False,False,False,False,False,True,False
2020-07-24,dynamic80_top1_rs20_31_bonus_proxy,3540,曜越,TPEx,1.0,0.5587082602470153,2.049371294289856,1.0,78,78,False,False,True,True,False,0.5472786463785599,0.5587082602470153,0.5860721925659432,weekly_signal_close,RS20_plus_31_high_confidence_context_bonus,False,,,False,False,missing_selected_stock_price_registry_row,adjusted_close_exact > tradable_close_proxy > blocked,selected_ticker_adjusted_close_path_only,False,True,False,False,False,False,False,False,True,False
2020-07-31,dynamic80_top1_rs20_31_bonus_proxy,2303,聯電,TWSE,1.0,0.2289581197741501,0.208638934436993,1.0,5,5,False,True,True,True,False,0.7098639835117403,0.24895811977415,0.2644513189497371,weekly_signal_close,RS20_plus_31_high_confidence_context_bonus,False,,,False,False,missing_selected_stock_price_registry_row,adjusted_close_exact > tradable_close_proxy > blocked,selected_ticker_adjusted_close_path_only,False,True,False,False,False,False,False,False,True,False
2020-08-07,dynamic80_top1_rs20_31_bonus_proxy,3669,圓展,TWSE,1.0,0.73546316141609,0.9848755365751864,1.0,66,66,False,False,True,True,False,0.5638861270480036,0.73546316141609,0.7636574677684902,weekly_signal_close,RS20_plus_31_high_confidence_context_bonus,False,,,False,False,missing_selected_stock_price_registry_row,adjusted_close_exact > tradable_close_proxy > blocked,selected_ticker_adjusted_close_path_only,False,True,False,False,False,False,False,False,True,False
2020-08-14,dynamic80_top1_rs20_31_bonus_proxy,6441,廣錠,TPEx,1.0,0.3812807731199346,0.1557608533059102,1.0,54,54,False,False,True,True,False,0.590066551342863,0.3812807731199346,0.4107841006870777,weekly_signal_close,RS20_plus_31_high_confidence_context_bonus,False,,,False,False,missing_selected_stock_price_registry_row,adjusted_close_exact > tradable_close_proxy > blocked,selected_ticker_adjusted_close_path_only,False,True,False,False,False,False,False,False,True,False
2020-08-21,dynamic80_top1_rs20_31_bonus_proxy,2603,長榮,TWSE,1.0,0.3769059434722637,0.1733358071278876,1.0,16,16,False,True,True,True,False,0.6524068146889861,0.3969059434722637,0.409526284206713,weekly_signal_close,RS20_plus_31_high_confidence_context_bonus,False,,,False,False,missing_selected_stock_price_registry_row,adjusted_close_exact > tradable_close_proxy > blocked,selected_ticker_adjusted_close_path_only,False,True,False,False,False,False,False,False,True,False
2020-08-28,dynamic80_top1_rs20_31_bonus_proxy,2387,精元,TWSE,1.0,0.4916121997378909,0.7846142293544225,1.0,40,40,False,False,True,True,False,0.5718459927014565,0.4916121997378909,0.5202044993729638,weekly_signal_close,RS20_plus_31_high_confidence_context_bonus,False,,,False,False,missing_selected_stock_price_registry_row,adjusted_close_exact > tradable_close_proxy > blocked,selected_ticker_adjusted_close_path_only,False,True,False,False,False,False,False,False,True,False
2020-09-04,dynamic80_top1_rs20_31_bonus_proxy,9103,美德醫療-DR,TWSE,1.0,0.931831677031995,6.407348460395594,1.0,79,79,False,False,True,True,False,0.5062950029873143,0.931831677031995,0.9571464271813608,weekly_signal_close,RS20_plus_31_high_confidence_context_bonus,False,,,False,False,missing_selected_stock_price_registry_row,adjusted_close_exact > tradable_close_proxy > blocked,selected_ticker_adjusted_close_path_only,False,True,False,False,False,False,False,False,True,False
2020-09-11,dynamic80_top1_rs20_31_bonus_proxy,1513,中興電,TWSE,1.0,0.6807515490879555,0.7163513773960943,1.0,43,43,False,False,True,True,True,0.5756770748269117,0.6807515490879555,0.6795354028293011,weekly_signal_close,RS20_plus_31_high_confidence_context_bonus,False,,,False,False,missing_selected_stock_price_registry_row,adjusted_close_exact > tradable_close_proxy > blocked,selected_ticker_adjusted_close_path_only,False,True,False,False,False,False,False,False,True,False
2020-09-18,dynamic80_top1_rs20_31_bonus_proxy,6237,驊訊,TPEx,1.0,0.4372192730080708,0.4289446928835332,1.0,72,72,False,False,True,True,False,0.5633358112568388,0.4372192730080708,0.4653860635709127,weekly_signal_close,RS20_plus_31_high_confidence_context_bonus,False,,,False,False,missing_selected_stock_price_registry_row,adjusted_close_exact > tradable_close_proxy > blocked,selected_ticker_adjusted_close_path_only,False,True,False,False,False,False,False,False,True,False
2020-09-25,dynamic80_top1_rs20_31_bonus_proxy,1513,中興電,TWSE,3.0,0.2619789750366093,0.4250776929512856,3.0,22,22,False,True,True,True,False,0.6653407137433768,0.2819789750366093,0.2952460107237781,weekly_signal_close,RS20_plus_31_high_confidence_context_bonus,False,,,False,False,missing_selected_stock_price_registry_row,adjusted_close_exact > tradable_close_proxy > blocked,selected_ticker_adjusted_close_path_only,False,True,False,False,False,False,False,False,True,False
2020-09-30,dynamic80_top1_rs20_31_bonus_proxy,3682,亞太電,TWSE,1.0,0.2995896032831737,0.1291460578886356,1.0,63,63,False,False,True,True,False,0.5668684378308573,0.2995896032831737,0.3279330251747165,weekly_signal_close,RS20_plus_31_high_confidence_context_bonus,False,,,False,False,missing_selected_stock_price_registry_row,adjusted_close_exact > tradable_close_proxy > blocked,selected_ticker_adjusted_close_path_only,False,True,False,False,False,False,False,False,True,False
2020-10-08,dynamic80_top1_rs20_31_bonus_proxy,2351,順德,TWSE,1.0,0.2566872829321163,0.1590042454905837,1.0,40,40,False,False,True,True,False,0.6197610791025308,0.2566872829321163,0.2876753368872428,weekly_signal_close,RS20_plus_31_high_confidence_context_bonus,False,,,False,False,missing_selected_stock_price_registry_row,adjusted_close_exact > tradable_close_proxy > blocked,selected_ticker_adjusted_close_path_only,False,True,False,False,False,False,False,False,True,False
2020-10-16,dynamic80_top1_rs20_31_bonus_proxy,6558,興能高,TWSE,1.0,0.3243424983147231,0.2024812532375,1.0,58,58,False,False,True,True,False,0.610876681302614,0.3243424983147231,0.3548863323798538,weekly_signal_close,RS20_plus_31_high_confidence_context_bonus,False,,,False,False,missing_selected_stock_price_registry_row,adjusted_close_exact > tradable_close_proxy > blocked,selected_ticker_adjusted_close_path_only,False,True,False,False,False,False,False,False,True,False
2020-10-23,dynamic80_top1_rs20_31_bonus_proxy,6558,興能高,TWSE,1.0,0.4709020635575232,0.5939443128940771,1.0,46,46,False,False,True,True,False,0.6250372251289231,0.4709020635575232,0.5021539248139694,weekly_signal_close,RS20_plus_31_high_confidence_context_bonus,False,,,False,False,missing_selected_stock_price_registry_row,adjusted_close_exact > tradable_close_proxy > blocked,selected_ticker_adjusted_close_path_only,False,True,False,False,False,False,False,False,True,False
2020-10-30,dynamic80_top1_rs20_31_bonus_proxy,3545,敦泰,TWSE,1.0,0.5331494034710387,0.4251262605404694,1.0,33,33,False,True,True,True,False,0.6584508449908415,0.5531494034710387,0.5660719457205807,weekly_signal_close,RS20_plus_31_high_confidence_context_bonus,False,,,False,False,missing_selected_stock_price_registry_row,adjusted_close_exact > tradable_close_proxy > blocked,selected_ticker_adjusted_close_path_only,False,True,False,False,False,False,False,False,True,False
2020-11-06,dynamic80_top1_rs20_31_bonus_proxy,6558,興能高,TWSE,1.0,0.4763729591034178,0.5772122719235664,1.0,27,27,False,True,True,True,False,0.6514570318563533,0.4963729591034178,0.5089458106962355,weekly_signal_close,RS20_plus_31_high_confidence_context_bonus,False,,,False,False,missing_selected_stock_price_registry_row,adjusted_close_exact > tradable_close_proxy > blocked,selected_ticker_adjusted_close_path_only,False,True,False,False,False,False,False,False,True,False
2020-11-13,dynamic80_top1_rs20_31_bonus_proxy,3545,敦泰,TWSE,1.0,0.6664728390502319,0.4661199471660102,1.0,30,30,False,True,True,True,False,0.6681237854312462,0.6864728390502319,0.6998790283217943,weekly_signal_close,RS20_plus_31_high_confidence_context_bonus,False,,,False,False,missing_selected_stock_price_registry_row,adjusted_close_exact > tradable_close_proxy > blocked,selected_ticker_adjusted_close_path_only,False,True,False,False,False,False,False,False,True,False
2020-11-20,dynamic80_top1_rs20_31_bonus_proxy,3530,晶相光,TWSE,1.0,0.2464036464560954,0.3304871707663888,1.0,28,28,False,True,True,True,False,0.6571560612389558,0.2664036464560954,0.2792614495180431,weekly_signal_close,RS20_plus_31_high_confidence_context_bonus,False,,,False,False,missing_selected_stock_price_registry_row,adjusted_close_exact > tradable_close_proxy > blocked,selected_ticker_adjusted_close_path_only,False,True,False,False,False,False,False,False,True,False
2020-11-27,dynamic80_top1_rs20_31_bonus_proxy,6279,胡連,TPEx,1.0,0.3806432782556654,0.4692624610279068,1.0,44,44,False,False,True,True,False,0.6593630834712658,0.3806432782556654,0.4136114324292287,weekly_signal_close,RS20_plus_31_high_confidence_context_bonus,False,,,False,False,missing_selected_stock_price_registry_row,adjusted_close_exact > tradable_close_proxy > blocked,selected_ticker_adjusted_close_path_only,False,True,False,False,False,False,False,False,True,False
2020-12-04,dynamic80_top1_rs20_31_bonus_proxy,6271,同欣電,TWSE,1.0,0.4846254432639165,0.4696922401799355,1.0,16,16,False,True,True,True,False,0.7014067705644794,0.5046254432639165,0.5196957817921405,weekly_signal_close,RS20_plus_31_high_confidence_context_bonus,False,,,False,False,missing_selected_stock_price_registry_row,adjusted_close_exact > tradable_close_proxy > blocked,selected_ticker_adjusted_close_path_only,False,True,False,False,False,False,False,False,True,False
2020-12-11,dynamic80_top1_rs20_31_bonus_proxy,3588,通嘉,TWSE,1.0,0.4184979951208245,0.560606797139126,1.0,70,70,False,False,True,True,False,0.6069046025514502,0.4184979951208245,0.448843225248397,weekly_signal_close,RS20_plus_31_high_confidence_context_bonus,False,,,False,False,missing_selected_stock_price_registry_row,adjusted_close_exact > tradable_close_proxy > blocked,selected_ticker_adjusted_close_path_only,False,True,False,False,False,False,False,False,True,False
2020-12-18,dynamic80_top1_rs20_31_bonus_proxy,6488,環球晶,TPEx,1.0,0.3477732797668795,0.4227710803054323,1.0,15,15,False,True,True,True,False,0.7050774109606865,0.3677732797668795,0.3830271503149138,weekly_signal_close,RS20_plus_31_high_confidence_context_bonus,False,,,False,False,missing_selected_stock_price_registry_row,adjusted_close_exact > tradable_close_proxy > blocked,selected_ticker_adjusted_close_path_only,False,True,False,False,False,False,False,False,True,False
2020-12-25,dynamic80_top1_rs20_31_bonus_proxy,2609,陽明,TWSE,1.0,0.6610240534870759,1.243824254665346,1.0,14,14,False,True,True,True,False,0.6898220253289424,0.681024053487076,0.6955151547535231,weekly_signal_close,RS20_plus_31_high_confidence_context_bonus,False,,,False,False,missing_selected_stock_price_registry_row,adjusted_close_exact > tradable_close_proxy > blocked,selected_ticker_adjusted_close_path_only,False,True,False,False,False,False,False,False,True,False
2020-12-31,dynamic80_top1_rs20_31_bonus_proxy,3588,通嘉,TWSE,1.0,0.437415429984282,0.8107650059403491,1.0,80,80,False,False,True,True,False,0.5603227527321312,0.437415429984282,0.4654315676208885,weekly_signal_close,RS20_plus_31_high_confidence_context_bonus,False,,,False,False,missing_selected_stock_price_registry_row,adjusted_close_exact > tradable_close_proxy > blocked,selected_ticker_adjusted_close_path_only,False,True,False,False,False,False,False,False,True,False
2021-01-08,dynamic80_top1_rs20_31_bonus_proxy,3605,宏致,TWSE,1.0,0.2765730442263416,0.0087511340376651,1.0,47,47,False,False,True,True,False,0.5876063244886842,0.2765730442263416,0.3059533604507758,weekly_signal_close,RS20_plus_31_high_confidence_context_bonus,False,,,False,False,missing_selected_stock_price_registry_row,adjusted_close_exact > tradable_close_proxy > blocked,selected_ticker_adjusted_close_path_only,False,True,False,False,False,False,False,False,True,False
2021-01-15,dynamic80_top1_rs20_31_bonus_proxy,3545,敦泰,TWSE,1.0,0.3964068173478021,2.001558735122848,1.0,9,9,False,True,True,True,False,0.6852238010860209,0.4164068173478021,0.4306680074021031,weekly_signal_close,RS20_plus_31_high_confidence_context_bonus,False,,,False,False,missing_selected_stock_price_registry_row,adjusted_close_exact > tradable_close_proxy > blocked,selected_ticker_adjusted_close_path_only,False,True,False,False,False,False,False,False,True,False
2021-01-22,dynamic80_top1_rs20_31_bonus_proxy,8046,南電,TWSE,1.0,0.2959327013148978,0.861585638083763,1.0,65,65,False,False,True,True,False,0.5675320104724837,0.2959327013148978,0.3243093018385219,weekly_signal_close,RS20_plus_31_high_confidence_context_bonus,False,,,False,False,missing_selected_stock_price_registry_row,adjusted_close_exact > tradable_close_proxy > blocked,selected_ticker_adjusted_close_path_only,False,True,False,False,False,False,False,False,True,False
2021-01-29,dynamic80_top1_rs20_31_bonus_proxy,3665,貿聯-KY,TWSE,1.0,0.2036290697700455,0.1266329516888005,1.0,45,45,False,False,True,True,False,0.6428313483714428,0.2036290697700455,0.2357706371886176,weekly_signal_close,RS20_plus_31_high_confidence_context_bonus,False,,,False,False,missing_selected_stock_price_registry_row,adjusted_close_exact > tradable_close_proxy > blocked,selected_ticker_adjusted_close_path_only,False,True,False,False,False,False,False,False,True,False
2021-02-05,dynamic80_top1_rs20_31_bonus_proxy,3034,聯詠,TWSE,2.0,0.1975651789437784,0.4088529253157662,2.0,8,8,False,True,True,True,False,0.6998141999196422,0.2175651789437784,0.2325558889397605,weekly_signal_close,RS20_plus_31_high_confidence_context_bonus,False,,,False,False,missing_selected_stock_price_registry_row,adjusted_close_exact > tradable_close_proxy > blocked,selected_ticker_adjusted_close_path_only,False,True,False,False,False,False,False,False,True,False
2021-02-19,dynamic80_top1_rs20_31_bonus_proxy,4961,天鈺,TWSE,1.0,0.3954525954011565,4.250425506347068,1.0,72,72,False,False,True,True,False,0.5628793515734699,0.3954525954011565,0.42359656297983,weekly_signal_close,RS20_plus_31_high_confidence_context_bonus,False,,,False,False,missing_selected_stock_price_registry_row,adjusted_close_exact > tradable_close_proxy > blocked,selected_ticker_adjusted_close_path_only,False,True,False,False,False,False,False,False,True,False
2021-02-26,dynamic80_top1_rs20_31_bonus_proxy,4162,智擎,TPEx,1.0,0.526618163750397,0.1677804201144397,1.0,56,56,False,False,True,True,False,0.6172468010704326,0.526618163750397,0.5574805038039187,weekly_signal_close,RS20_plus_31_high_confidence_context_bonus,False,,,False,False,missing_selected_stock_price_registry_row,adjusted_close_exact > tradable_close_proxy > blocked,selected_ticker_adjusted_close_path_only,False,True,False,False,False,False,False,False,True,False
2021-03-05,dynamic80_top1_rs20_31_bonus_proxy,3526,凡甲,TPEx,1.0,0.2681727895942432,0.2678575093685522,1.0,59,59,False,False,True,True,False,0.6521698129541862,0.2681727895942432,0.3007812802419525,weekly_signal_close,RS20_plus_31_high_confidence_context_bonus,False,,,False,False,missing_selected_stock_price_registry_row,adjusted_close_exact > tradable_close_proxy > blocked,selected_ticker_adjusted_close_path_only,False,True,False,False,False,False,False,False,True,False
2021-03-12,dynamic80_top1_rs20_31_bonus_proxy,6138,茂達,TPEx,1.0,0.4235053675442901,0.1048172915837688,1.0,56,56,False,False,True,True,False,0.6017764187650285,0.4235053675442901,0.4535941884825415,weekly_signal_close,RS20_plus_31_high_confidence_context_bonus,False,,,False,False,missing_selected_stock_price_registry_row,adjusted_close_exact > tradable_close_proxy > blocked,selected_ticker_adjusted_close_path_only,False,True,False,False,False,False,False,False,True,False
2021-03-19,dynamic80_top1_rs20_31_bonus_proxy,8016,矽創,TWSE,1.0,0.4572523498484701,0.5794306177823147,1.0,22,22,False,True,True,True,False,0.6771716835737682,0.4772523498484701,0.4911109340271585,weekly_signal_close,RS20_plus_31_high_confidence_context_bonus,False,,,False,False,missing_selected_stock_price_registry_row,adjusted_close_exact > tradable_close_proxy > blocked,selected_ticker_adjusted_close_path_only,False,True,False,False,False,False,False,False,True,False
2021-03-26,dynamic80_top1_rs20_31_bonus_proxy,6138,茂達,TPEx,1.0,0.5051295236860901,0.5400939878469571,1.0,13,13,False,True,True,True,False,0.6666917167628449,0.5251295236860901,0.5384641095242323,weekly_signal_close,RS20_plus_31_high_confidence_context_bonus,False,,,False,False,missing_selected_stock_price_registry_row,adjusted_close_exact > tradable_close_proxy > blocked,selected_ticker_adjusted_close_path_only,False,True,False,False,False,False,False,False,True,False
2021-04-01,dynamic80_top1_rs20_31_bonus_proxy,3545,敦泰,TWSE,1.0,0.9379923878933742,1.0087560536956035,1.0,46,46,False,False,True,True,False,0.5491036873968242,0.9379923878933742,0.9654475722632154,weekly_signal_close,RS20_plus_31_high_confidence_context_bonus,False,,,False,False,missing_selected_stock_price_registry_row,adjusted_close_exact > tradable_close_proxy > blocked,selected_ticker_adjusted_close_path_only,False,True,False,False,False,False,False,False,True,False
2021-04-09,dynamic80_top1_rs20_31_bonus_proxy,8183,精星,TPEx,1.0,0.6685026737851614,1.570347487406675,1.0,61,61,False,False,True,True,False,0.5269133894841931,0.6685026737851614,0.6948483432593711,weekly_signal_close,RS20_plus_31_high_confidence_context_bonus,False,,,False,False,missing_selected_stock_price_registry_row,adjusted_close_exact > tradable_close_proxy > blocked,selected_ticker_adjusted_close_path_only,False,True,False,False,False,False,False,False,True,False
2021-04-16,dynamic80_top1_rs20_31_bonus_proxy,2006,東和鋼鐵,TWSE,1.0,0.4238173306959325,0.3880535946783709,1.0,19,19,False,True,True,True,False,0.640908873431898,0.4438173306959325,0.4558627743675274,weekly_signal_close,RS20_plus_31_high_confidence_context_bonus,False,,,False,False,missing_selected_stock_price_registry_row,adjusted_close_exact > tradable_close_proxy > blocked,selected_ticker_adjusted_close_path_only,False,True,False,False,False,False,False,False,True,False
2021-04-23,dynamic80_top1_rs20_31_bonus_proxy,2108,南帝,TWSE,1.0,0.5551949569350256,1.297335530363025,1.0,63,63,False,False,True,True,False,0.5401624054288037,0.5551949569350256,0.5822030772064658,weekly_signal_close,RS20_plus_31_high_confidence_context_bonus,False,,,False,False,missing_selected_stock_price_registry_row,adjusted_close_exact > tradable_close_proxy > blocked,selected_ticker_adjusted_close_path_only,False,True,False,False,False,False,False,False,True,False
2021-04-29,dynamic80_top1_rs20_31_bonus_proxy,2002,中鋼,TWSE,1.0,0.4852343381071637,0.6257160077278969,1.0,69,69,False,False,True,True,False,0.5147798000929131,0.4852343381071637,0.5109733281118094,weekly_signal_close,RS20_plus_31_high_confidence_context_bonus,False,,,False,False,missing_selected_stock_price_registry_row,adjusted_close_exact > tradable_close_proxy > blocked,selected_ticker_adjusted_close_path_only,False,True,False,False,False,False,False,False,True,False
2021-05-07,dynamic80_top1_rs20_31_bonus_proxy,2002,中鋼,TWSE,1.0,0.4552698586417922,0.7205139542270673,1.0,71,71,False,False,True,True,False,0.5448142358760668,0.4552698586417922,0.4825105704355955,weekly_signal_close,RS20_plus_31_high_confidence_context_bonus,False,,,False,False,missing_selected_stock_price_registry_row,adjusted_close_exact > tradable_close_proxy > blocked,selected_ticker_adjusted_close_path_only,False,True,False,False,False,False,False,False,True,False
2021-05-14,dynamic80_top1_rs20_31_bonus_proxy,2637,慧洋-KY,TWSE,1.0,0.6047695192816349,1.4482744000492602,1.0,59,59,False,False,True,True,False,0.5752241364643436,0.6047695192816349,0.6335307261048521,weekly_signal_close,RS20_plus_31_high_confidence_context_bonus,False,,,False,False,missing_selected_stock_price_registry_row,adjusted_close_exact > tradable_close_proxy > blocked,selected_ticker_adjusted_close_path_only,False,True,False,False,False,False,False,False,True,False
2021-05-21,dynamic80_top1_rs20_31_bonus_proxy,2609,陽明,TWSE,1.0,0.5805148773439304,2.3079143652340925,1.0,73,73,False,False,True,True,False,0.548901514659837,0.5805148773439304,0.6079599530769222,weekly_signal_close,RS20_plus_31_high_confidence_context_bonus,False,,,False,False,missing_selected_stock_price_registry_row,adjusted_close_exact > tradable_close_proxy > blocked,selected_ticker_adjusted_close_path_only,False,True,False,False,False,False,False,False,True,False
2021-05-28,dynamic80_top1_rs20_31_bonus_proxy,2615,萬海,TWSE,1.0,0.6656071808290015,2.377613265153628,1.0,55,55,False,False,True,True,False,0.5379511432828401,0.6656071808290015,0.6925047379931435,weekly_signal_close,RS20_plus_31_high_confidence_context_bonus,False,,,False,False,missing_selected_stock_price_registry_row,adjusted_close_exact > tradable_close_proxy > blocked,selected_ticker_adjusted_close_path_only,False,True,False,False,False,False,False,False,True,False
2021-06-04,dynamic80_top1_rs20_31_bonus_proxy,2636,台驊控股,TWSE,1.0,0.7980303849609856,1.749579677903642,1.0,37,37,False,False,True,True,False,0.5516976632712239,0.7980303849609856,0.8256152681245468,weekly_signal_close,RS20_plus_31_high_confidence_context_bonus,False,,,False,False,missing_selected_stock_price_registry_row,adjusted_close_exact > tradable_close_proxy > blocked,selected_ticker_adjusted_close_path_only,False,True,False,False,False,False,False,False,True,False
2021-06-11,dynamic80_top1_rs20_31_bonus_proxy,2615,萬海,TWSE,1.0,1.067522570145881,2.56312349920172,1.0,37,37,False,False,True,True,False,0.5414851833741373,1.067522570145881,1.0945968293145878,weekly_signal_close,RS20_plus_31_high_confidence_context_bonus,False,,,False,False,missing_selected_stock_price_registry_row,adjusted_close_exact > tradable_close_proxy > blocked,selected_ticker_adjusted_close_path_only,False,True,False,False,False,False,False,False,True,False
2021-06-18,dynamic80_top1_rs20_31_bonus_proxy,2636,台驊控股,TWSE,1.0,1.7129965486636474,0.1794929856767697,1.0,47,47,False,False,True,True,False,0.5647585951124914,1.7129965486636474,1.741234478419272,weekly_signal_close,RS20_plus_31_high_confidence_context_bonus,False,,,False,False,missing_selected_stock_price_registry_row,adjusted_close_exact > tradable_close_proxy > blocked,selected_ticker_adjusted_close_path_only,False,True,False,False,False,False,False,False,True,False
2021-06-25,dynamic80_top1_rs20_31_bonus_proxy,2481,強茂,TWSE,1.0,0.6663718435142989,0.4788161055019635,1.0,78,78,False,False,True,True,False,0.5033504842167429,0.6663718435142989,0.691539367725136,weekly_signal_close,RS20_plus_31_high_confidence_context_bonus,False,,,False,False,missing_selected_stock_price_registry_row,adjusted_close_exact > tradable_close_proxy > blocked,selected_ticker_adjusted_close_path_only,False,True,False,False,False,False,False,False,True,False
2021-07-02,dynamic80_top1_rs20_31_bonus_proxy,2023,燁輝,TWSE,1.0,0.5307000843244463,1.622245677599638,1.0,6,6,False,True,True,True,False,0.6970979347324163,0.5507000843244463,0.565554981061067,weekly_signal_close,RS20_plus_31_high_confidence_context_bonus,False,,,False,False,missing_selected_stock_price_registry_row,adjusted_close_exact > tradable_close_proxy > blocked,selected_ticker_adjusted_close_path_only,False,True,False,False,False,False,False,False,True,False
2021-07-09,dynamic80_top1_rs20_31_bonus_proxy,2486,一詮,TWSE,1.0,0.7600020462635921,0.4753733830388218,1.0,27,27,False,True,True,True,False,0.6499458720014756,0.7800020462635922,0.7924993398636659,weekly_signal_close,RS20_plus_31_high_confidence_context_bonus,False,,,False,False,missing_selected_stock_price_registry_row,adjusted_close_exact > tradable_close_proxy > blocked,selected_ticker_adjusted_close_path_only,False,True,False,False,False,False,False,False,True,False
2021-07-16,dynamic80_top1_rs20_31_bonus_proxy,2023,燁輝,TWSE,1.0,0.5987861314779608,0.8580913154062604,1.0,77,77,False,False,True,True,False,0.5408106796175431,0.5987861314779608,0.6258266654588379,weekly_signal_close,RS20_plus_31_high_confidence_context_bonus,False,,,False,False,missing_selected_stock_price_registry_row,adjusted_close_exact > tradable_close_proxy > blocked,selected_ticker_adjusted_close_path_only,False,True,False,False,False,False,False,False,True,False
2021-07-23,dynamic80_top1_rs20_31_bonus_proxy,2030,彰源,TWSE,1.0,0.573135151783823,1.448773353784707,1.0,62,62,False,False,True,True,False,0.5650734163984958,0.573135151783823,0.6013888226037478,weekly_signal_close,RS20_plus_31_high_confidence_context_bonus,False,,,False,False,missing_selected_stock_price_registry_row,adjusted_close_exact > tradable_close_proxy > blocked,selected_ticker_adjusted_close_path_only,False,True,False,False,False,False,False,False,True,False
2021-07-30,dynamic80_top1_rs20_31_bonus_proxy,6568,宏觀,TPEx,1.0,0.5396790402586155,0.4247206500281056,1.0,60,60,False,False,True,True,False,0.5512918912921521,0.5396790402586155,0.567243634823223,weekly_signal_close,RS20_plus_31_high_confidence_context_bonus,False,,,False,False,missing_selected_stock_price_registry_row,adjusted_close_exact > tradable_close_proxy > blocked,selected_ticker_adjusted_close_path_only,False,True,False,False,False,False,False,False,True,False
2021-08-06,dynamic80_top1_rs20_31_bonus_proxy,4919,新唐,TWSE,1.0,0.4116013094910729,1.2933258790955948,1.0,71,71,False,False,True,True,False,0.5496831752791832,0.4116013094910729,0.439085468255032,weekly_signal_close,RS20_plus_31_high_confidence_context_bonus,False,,,False,False,missing_selected_stock_price_registry_row,adjusted_close_exact > tradable_close_proxy > blocked,selected_ticker_adjusted_close_path_only,False,True,False,False,False,False,False,False,True,False
2021-08-13,dynamic80_top1_rs20_31_bonus_proxy,2007,燁興,TWSE,1.0,0.3038325313989186,1.3323953378490685,1.0,69,69,False,False,True,True,False,0.5889689897931205,0.3038325313989186,0.3332809808885746,weekly_signal_close,RS20_plus_31_high_confidence_context_bonus,False,,,False,False,missing_selected_stock_price_registry_row,adjusted_close_exact > tradable_close_proxy > blocked,selected_ticker_adjusted_close_path_only,False,True,False,False,False,False,False,False,True,False
2021-08-20,dynamic80_top1_rs20_31_bonus_proxy,3527,聚積,TPEx,1.0,0.2893200595901757,1.17061413290195,1.0,66,66,False,False,True,True,False,0.5775776607130144,0.2893200595901757,0.3181989426258264,weekly_signal_close,RS20_plus_31_high_confidence_context_bonus,False,,,False,False,missing_selected_stock_price_registry_row,adjusted_close_exact > tradable_close_proxy > blocked,selected_ticker_adjusted_close_path_only,False,True,False,False,False,False,False,False,True,False
2021-08-27,dynamic80_top1_rs20_31_bonus_proxy,5347,世界,TPEx,2.0,0.2702787667242488,0.2847395140479285,2.0,7,7,False,True,True,True,False,0.7149797193954555,0.2902787667242488,0.3060277526940215,weekly_signal_close,RS20_plus_31_high_confidence_context_bonus,False,,,False,False,missing_selected_stock_price_registry_row,adjusted_close_exact > tradable_close_proxy > blocked,selected_ticker_adjusted_close_path_only,False,True,False,False,False,False,False,False,True,False
2021-09-03,dynamic80_top1_rs20_31_bonus_proxy,4721,美琪瑪,TPEx,1.0,0.3423317879181444,0.941522456543136,1.0,46,46,False,False,True,True,False,0.5751680456538496,0.3423317879181444,0.3710901902008369,weekly_signal_close,RS20_plus_31_high_confidence_context_bonus,False,,,False,False,missing_selected_stock_price_registry_row,adjusted_close_exact > tradable_close_proxy > blocked,selected_ticker_adjusted_close_path_only,False,True,False,False,False,False,False,False,True,False
2021-09-10,dynamic80_top1_rs20_31_bonus_proxy,2013,中鋼構,TWSE,1.0,0.421752932107724,0.6369925163519974,1.0,16,16,False,True,True,True,False,0.6680938005427179,0.441752932107724,0.4551576221348599,weekly_signal_close,RS20_plus_31_high_confidence_context_bonus,False,,,False,False,missing_selected_stock_price_registry_row,adjusted_close_exact > tradable_close_proxy > blocked,selected_ticker_adjusted_close_path_only,False,True,False,False,False,False,False,False,True,False
2021-09-17,dynamic80_top1_rs20_31_bonus_proxy,1711,永光,TWSE,1.0,0.3130706973292492,0.2579125613402144,1.0,63,63,False,False,True,True,False,0.5831129628344484,0.3130706973292492,0.3422263454709716,weekly_signal_close,RS20_plus_31_high_confidence_context_bonus,False,,,False,False,missing_selected_stock_price_registry_row,adjusted_close_exact > tradable_close_proxy > blocked,selected_ticker_adjusted_close_path_only,False,True,False,False,False,False,False,False,True,False
2021-09-24,dynamic80_top1_rs20_31_bonus_proxy,6411,晶焱,TPEx,1.0,0.3779976169682322,0.3791841811500114,1.0,73,73,False,False,True,True,False,0.5522762023141224,0.3779976169682322,0.4056114270839383,weekly_signal_close,RS20_plus_31_high_confidence_context_bonus,False,,,False,False,missing_selected_stock_price_registry_row,adjusted_close_exact > tradable_close_proxy > blocked,selected_ticker_adjusted_close_path_only,False,True,False,False,False,False,False,False,True,False
2021-10-01,dynamic80_top1_rs20_31_bonus_proxy,1711,永光,TWSE,1.0,0.3657895141012977,0.2653935158846175,1.0,63,63,False,False,True,True,False,0.5868299331319314,0.3657895141012977,0.3951310107578942,weekly_signal_close,RS20_plus_31_high_confidence_context_bonus,False,,,False,False,missing_selected_stock_price_registry_row,adjusted_close_exact > tradable_close_proxy > blocked,selected_ticker_adjusted_close_path_only,False,True,False,False,False,False,False,False,True,False
2021-10-08,dynamic80_top1_rs20_31_bonus_proxy,1308,亞聚,TWSE,1.0,0.3568504041138183,0.412144803941439,1.0,72,72,False,False,True,True,False,0.57010266469363,0.3568504041138183,0.3853555373484998,weekly_signal_close,RS20_plus_31_high_confidence_context_bonus,False,,,False,False,missing_selected_stock_price_registry_row,adjusted_close_exact > tradable_close_proxy > blocked,selected_ticker_adjusted_close_path_only,False,True,False,False,False,False,False,False,True,False
2021-10-15,dynamic80_top1_rs20_31_bonus_proxy,5243,乙盛-KY,TWSE,1.0,0.3083491999037615,0.0249424066679446,1.0,31,31,False,True,True,True,False,0.6445687257834657,0.3283491999037615,0.3405776361929347,weekly_signal_close,RS20_plus_31_high_confidence_context_bonus,False,,,False,False,missing_selected_stock_price_registry_row,adjusted_close_exact > tradable_close_proxy > blocked,selected_ticker_adjusted_close_path_only,False,True,False,False,False,False,False,False,True,False
2021-10-22,dynamic80_top1_rs20_31_bonus_proxy,3675,德微,TPEx,1.0,0.4631167955907659,0.656318265895488,1.0,63,63,False,False,True,True,False,0.5513019384728668,0.4631167955907659,0.4906818925144092,weekly_signal_close,RS20_plus_31_high_confidence_context_bonus,False,,,False,False,missing_selected_stock_price_registry_row,adjusted_close_exact > tradable_close_proxy > blocked,selected_ticker_adjusted_close_path_only,False,True,False,False,False,False,False,False,True,False
2021-10-29,dynamic80_top1_rs20_31_bonus_proxy,3675,德微,TPEx,1.0,0.477955341631619,0.8020352101827888,1.0,78,78,False,False,True,True,False,0.5330206765320995,0.477955341631619,0.504606375458224,weekly_signal_close,RS20_plus_31_high_confidence_context_bonus,False,,,False,False,missing_selected_stock_price_registry_row,adjusted_close_exact > tradable_close_proxy > blocked,selected_ticker_adjusted_close_path_only,False,True,False,False,False,False,False,False,True,False
2021-11-05,dynamic80_top1_rs20_31_bonus_proxy,1727,中華化,TWSE,1.0,0.5528530390196906,2.605122352549218,1.0,68,68,False,False,True,True,False,0.5459005173115778,0.5528530390196906,0.5801480648852695,weekly_signal_close,RS20_plus_31_high_confidence_context_bonus,False,,,False,False,missing_selected_stock_price_registry_row,adjusted_close_exact > tradable_close_proxy > blocked,selected_ticker_adjusted_close_path_only,False,True,False,False,False,False,False,False,True,False
2021-11-12,dynamic80_top1_rs20_31_bonus_proxy,3169,亞信,TPEx,1.0,0.5792416546008767,0.5586635011128882,1.0,68,68,False,False,True,True,False,0.5608542807470318,0.5792416546008767,0.6072843686382283,weekly_signal_close,RS20_plus_31_high_confidence_context_bonus,False,,,False,False,missing_selected_stock_price_registry_row,adjusted_close_exact > tradable_close_proxy > blocked,selected_ticker_adjusted_close_path_only,False,True,False,False,False,False,False,False,True,False
2021-11-19,dynamic80_top1_rs20_31_bonus_proxy,2340,台亞,TWSE,1.0,0.5509888291686247,0.6871347010522373,1.0,9,9,False,True,True,True,False,0.6937057159144987,0.5709888291686247,0.5856741149643496,weekly_signal_close,RS20_plus_31_high_confidence_context_bonus,False,,,False,False,missing_selected_stock_price_registry_row,adjusted_close_exact > tradable_close_proxy > blocked,selected_ticker_adjusted_close_path_only,False,True,False,False,False,False,False,False,True,False
2021-11-26,dynamic80_top1_rs20_31_bonus_proxy,3532,台勝科,TWSE,1.0,0.4779333313971152,0.2990539904631991,1.0,38,38,False,False,True,True,False,0.6464916750382944,0.4779333313971152,0.51025791514903,weekly_signal_close,RS20_plus_31_high_confidence_context_bonus,False,,,False,False,missing_selected_stock_price_registry_row,adjusted_close_exact > tradable_close_proxy > blocked,selected_ticker_adjusted_close_path_only,False,True,False,False,False,False,False,False,True,False
2021-12-03,dynamic80_top1_rs20_31_bonus_proxy,3483,力致,TPEx,1.0,0.4060391850605069,0.2862467492070731,1.0,60,60,False,False,True,True,False,0.589099195529364,0.4060391850605069,0.4354941448369751,weekly_signal_close,RS20_plus_31_high_confidence_context_bonus,False,,,False,False,missing_selected_stock_price_registry_row,adjusted_close_exact > tradable_close_proxy > blocked,selected_ticker_adjusted_close_path_only,False,True,False,False,False,False,False,False,True,False
2021-12-10,dynamic80_top1_rs20_31_bonus_proxy,2615,萬海,TWSE,1.0,0.307793402654787,0.0421932375790035,1.0,69,69,False,False,True,True,False,0.5820530564776405,0.307793402654787,0.336896055478669,weekly_signal_close,RS20_plus_31_high_confidence_context_bonus,False,,,False,False,missing_selected_stock_price_registry_row,adjusted_close_exact > tradable_close_proxy > blocked,selected_ticker_adjusted_close_path_only,False,True,False,False,False,False,False,False,True,False
2021-12-17,dynamic80_top1_rs20_31_bonus_proxy,6698,旭暉應材,TWSE,1.0,0.4392140950228068,0.438060424093033,1.0,54,54,False,False,True,True,False,0.6153611349016076,0.4392140950228068,0.4699821517678871,weekly_signal_close,RS20_plus_31_high_confidence_context_bonus,False,,,False,False,missing_selected_stock_price_registry_row,adjusted_close_exact > tradable_close_proxy > blocked,selected_ticker_adjusted_close_path_only,False,True,False,False,False,False,False,False,True,False
2021-12-24,dynamic80_top1_rs20_31_bonus_proxy,2476,鉅祥,TWSE,1.0,0.3088220093767146,0.4591217448037161,1.0,41,41,False,False,True,True,False,0.6423042428193576,0.3088220093767146,0.3409372215176824,weekly_signal_close,RS20_plus_31_high_confidence_context_bonus,False,,,False,False,missing_selected_stock_price_registry_row,adjusted_close_exact > tradable_close_proxy > blocked,selected_ticker_adjusted_close_path_only,False,True,False,False,False,False,False,False,True,False
2021-12-30,dynamic80_top1_rs20_31_bonus_proxy,8478,東哥遊艇,TWSE,1.0,0.3785581980714383,0.8493871497317746,1.0,61,61,False,False,True,True,False,0.5937302259817244,0.3785581980714383,0.4082447093705245,weekly_signal_close,RS20_plus_31_high_confidence_context_bonus,False,,,False,False,missing_selected_stock_price_registry_row,adjusted_close_exact > tradable_close_proxy > blocked,selected_ticker_adjusted_close_path_only,False,True,False,False,False,False,False,False,True,False
2022-01-07,dynamic80_top1_rs20_31_bonus_proxy,3322,建舜電,TPEx,1.0,0.4056221654242247,0.6591821416776442,1.0,79,79,False,False,True,True,False,0.5812316203215439,0.4056221654242247,0.4346837464403019,weekly_signal_close,RS20_plus_31_high_confidence_context_bonus,False,,,False,False,missing_selected_stock_price_registry_row,adjusted_close_exact > tradable_close_proxy > blocked,selected_ticker_adjusted_close_path_only,False,True,False,False,False,False,False,False,True,False
2022-01-14,dynamic80_top1_rs20_31_bonus_proxy,6278,台表科,TWSE,1.0,0.1093037816524373,0.1666928390612096,1.0,43,43,False,False,True,True,False,0.6559877771161342,0.1093037816524373,0.142103170508244,weekly_signal_close,RS20_plus_31_high_confidence_context_bonus,False,,,False,False,missing_selected_stock_price_registry_row,adjusted_close_exact > tradable_close_proxy > blocked,selected_ticker_adjusted_close_path_only,False,True,False,False,False,False,False,False,True,False
2022-01-21,dynamic80_top1_rs20_31_bonus_proxy,3714,富采,TWSE,1.0,0.1733798078022277,0.1928995756517926,1.0,15,15,False,True,True,True,False,0.7114026772617702,0.1933798078022277,0.2089499416653162,weekly_signal_close,RS20_plus_31_high_confidence_context_bonus,False,,,False,False,missing_selected_stock_price_registry_row,adjusted_close_exact > tradable_close_proxy > blocked,selected_ticker_adjusted_close_path_only,False,True,False,False,False,False,False,False,True,False
2022-01-26,dynamic80_top1_rs20_31_bonus_proxy,3455,由田,TPEx,1.0,0.2741788295060356,0.460396984802478,1.0,74,74,False,False,True,True,False,0.6244591947261603,0.2741788295060356,0.3054017892423436,weekly_signal_close,RS20_plus_31_high_confidence_context_bonus,False,,,False,False,missing_selected_stock_price_registry_row,adjusted_close_exact > tradable_close_proxy > blocked,selected_ticker_adjusted_close_path_only,False,True,False,False,False,False,False,False,True,False
2022-02-11,dynamic80_top1_rs20_31_bonus_proxy,3558,神準,TPEx,1.0,0.2665488541788093,0.2704203992042537,1.0,69,69,False,False,True,True,False,0.6002972812029475,0.2665488541788093,0.2965637182389566,weekly_signal_close,RS20_plus_31_high_confidence_context_bonus,False,,,False,False,missing_selected_stock_price_registry_row,adjusted_close_exact > tradable_close_proxy > blocked,selected_ticker_adjusted_close_path_only,False,True,False,False,False,False,False,False,True,False
2022-02-18,dynamic80_top1_rs20_31_bonus_proxy,6719,力智,TWSE,1.0,1.708642250050955,,1.0,29,29,False,True,True,True,False,0.6696989626666666,1.728642250050955,1.7421271981842883,weekly_signal_close,RS20_plus_31_high_confidence_context_bonus,False,,,False,False,missing_selected_stock_price_registry_row,adjusted_close_exact > tradable_close_proxy > blocked,selected_ticker_adjusted_close_path_only,False,True,False,False,False,False,False,False,True,False
2022-02-25,dynamic80_top1_rs20_31_bonus_proxy,3035,智原,TWSE,1.0,0.3143260153126203,0.473862813194388,1.0,80,80,False,False,True,True,False,0.5395437319219994,0.3143260153126203,0.3413032019087202,weekly_signal_close,RS20_plus_31_high_confidence_context_bonus,False,,,False,False,missing_selected_stock_price_registry_row,adjusted_close_exact > tradable_close_proxy > blocked,selected_ticker_adjusted_close_path_only,False,True,False,False,False,False,False,False,True,False
2022-03-04,dynamic80_top1_rs20_31_bonus_proxy,3122,笙泉,TPEx,1.0,0.3371245892134249,-0.0975464408042956,1.0,80,80,False,False,True,True,False,0.5472671953834429,0.3371245892134249,0.364487948982597,weekly_signal_close,RS20_plus_31_high_confidence_context_bonus,False,,,False,False,missing_selected_stock_price_registry_row,adjusted_close_exact > tradable_close_proxy > blocked,selected_ticker_adjusted_close_path_only,False,True,False,False,False,False,False,False,True,False
2022-03-11,dynamic80_top1_rs20_31_bonus_proxy,8440,綠電,TPEx,1.0,0.5214427165819046,2.2250357585658214,1.0,68,68,False,False,True,True,False,0.5582879576442706,0.5214427165819046,0.5493571144641181,weekly_signal_close,RS20_plus_31_high_confidence_context_bonus,False,,,False,False,missing_selected_stock_price_registry_row,adjusted_close_exact > tradable_close_proxy > blocked,selected_ticker_adjusted_close_path_only,False,True,False,False,False,False,False,False,True,False
2022-03-18,dynamic80_top1_rs20_31_bonus_proxy,8440,綠電,TPEx,1.0,0.6906316798513708,2.435915038559627,1.0,62,62,False,False,True,True,False,0.550799783123414,0.6906316798513708,0.7181716690075415,weekly_signal_close,RS20_plus_31_high_confidence_context_bonus,False,,,False,False,missing_selected_stock_price_registry_row,adjusted_close_exact > tradable_close_proxy > blocked,selected_ticker_adjusted_close_path_only,False,True,False,False,False,False,False,False,True,False
2022-03-25,dynamic80_top1_rs20_31_bonus_proxy,5425,台半,TPEx,1.0,0.2673241698038404,0.0426662880727763,1.0,31,31,False,True,True,True,False,0.6300795943530254,0.2873241698038404,0.2988281495214916,weekly_signal_close,RS20_plus_31_high_confidence_context_bonus,False,,,False,False,missing_selected_stock_price_registry_row,adjusted_close_exact > tradable_close_proxy > blocked,selected_ticker_adjusted_close_path_only,False,True,False,False,False,False,False,False,True,False
2022-04-01,dynamic80_top1_rs20_31_bonus_proxy,1727,中華化,TWSE,1.0,0.2714858142358711,0.058793383267095,1.0,46,46,False,False,True,True,False,0.6355455043205925,0.2714858142358711,0.3032630894519007,weekly_signal_close,RS20_plus_31_high_confidence_context_bonus,False,,,False,False,missing_selected_stock_price_registry_row,adjusted_close_exact > tradable_close_proxy > blocked,selected_ticker_adjusted_close_path_only,False,True,False,False,False,False,False,False,True,False
2022-04-08,dynamic80_top1_rs20_31_bonus_proxy,6235,華孚,TWSE,1.0,0.3765141767349358,0.0846145659809557,1.0,45,45,False,False,True,True,False,0.6349279410599126,0.3765141767349358,0.4082605737879314,weekly_signal_close,RS20_plus_31_high_confidence_context_bonus,False,,,False,False,missing_selected_stock_price_registry_row,adjusted_close_exact > tradable_close_proxy > blocked,selected_ticker_adjusted_close_path_only,False,True,False,False,False,False,False,False,True,False
2022-04-15,dynamic80_top1_rs20_31_bonus_proxy,1727,中華化,TWSE,1.0,0.2413655121723639,0.0032964277046309,1.0,19,19,False,True,True,True,False,0.695515949553964,0.2613655121723639,0.2761413096500621,weekly_signal_close,RS20_plus_31_high_confidence_context_bonus,False,,,False,False,missing_selected_stock_price_registry_row,adjusted_close_exact > tradable_close_proxy > blocked,selected_ticker_adjusted_close_path_only,False,True,False,False,False,False,False,False,True,False
2022-04-22,dynamic80_top1_rs20_31_bonus_proxy,1605,華新,TWSE,1.0,0.6097791089363854,0.8547395172754236,1.0,19,19,False,True,True,True,False,0.6930393576814144,0.6297791089363854,0.6444310768204562,weekly_signal_close,RS20_plus_31_high_confidence_context_bonus,False,,,False,False,missing_selected_stock_price_registry_row,adjusted_close_exact > tradable_close_proxy > blocked,selected_ticker_adjusted_close_path_only,False,True,False,False,False,False,False,False,True,False
2022-04-29,dynamic80_top1_rs20_31_bonus_proxy,4736,泰博,TPEx,1.0,0.5850928731871053,0.6692569117752672,1.0,12,12,False,True,True,True,False,0.7275886952326008,0.6050928731871054,0.6214723079487354,weekly_signal_close,RS20_plus_31_high_confidence_context_bonus,False,,,False,False,missing_selected_stock_price_registry_row,adjusted_close_exact > tradable_close_proxy > blocked,selected_ticker_adjusted_close_path_only,False,True,False,False,False,False,False,False,True,False
2022-05-06,dynamic80_top1_rs20_31_bonus_proxy,6508,惠光,TPEx,1.0,0.2884711012222131,0.8506038159900721,1.0,64,64,False,False,True,True,False,0.5886306602567872,0.2884711012222131,0.3179026342350524,weekly_signal_close,RS20_plus_31_high_confidence_context_bonus,False,,,False,False,missing_selected_stock_price_registry_row,adjusted_close_exact > tradable_close_proxy > blocked,selected_ticker_adjusted_close_path_only,False,True,False,False,False,False,False,False,True,False
2022-05-13,dynamic80_top1_rs20_31_bonus_proxy,6470,宇智,TPEx,1.0,0.3396437547890238,0.5237216947440924,1.0,76,76,False,False,True,True,False,0.5314865665128554,0.3396437547890238,0.3662180831146666,weekly_signal_close,RS20_plus_31_high_confidence_context_bonus,False,,,False,False,missing_selected_stock_price_registry_row,adjusted_close_exact > tradable_close_proxy > blocked,selected_ticker_adjusted_close_path_only,False,True,False,False,False,False,False,False,True,False
2022-05-20,dynamic80_top1_rs20_31_bonus_proxy,3535,晶彩科,TWSE,1.0,0.4595851209405314,0.5486299253598007,1.0,50,50,False,False,True,True,False,0.5817669982111164,0.4595851209405314,0.4886734708510872,weekly_signal_close,RS20_plus_31_high_confidence_context_bonus,False,,,False,False,missing_selected_stock_price_registry_row,adjusted_close_exact > tradable_close_proxy > blocked,selected_ticker_adjusted_close_path_only,False,True,False,False,False,False,False,False,True,False
2022-05-27,dynamic80_top1_rs20_31_bonus_proxy,8261,富鼎,TWSE,1.0,0.3301560210688729,0.2207292154456058,1.0,78,78,False,False,True,True,False,0.4962282738188636,0.3301560210688729,0.354967434759816,weekly_signal_close,RS20_plus_31_high_confidence_context_bonus,False,,,False,False,missing_selected_stock_price_registry_row,adjusted_close_exact > tradable_close_proxy > blocked,selected_ticker_adjusted_close_path_only,False,True,False,False,False,False,False,False,True,False
2022-06-02,dynamic80_top1_rs20_31_bonus_proxy,8478,東哥遊艇,TWSE,1.0,0.3280228571313088,0.7719003345067867,1.0,59,59,False,False,True,True,False,0.5736256044351141,0.3280228571313088,0.3567041373530645,weekly_signal_close,RS20_plus_31_high_confidence_context_bonus,False,,,False,False,missing_selected_stock_price_registry_row,adjusted_close_exact > tradable_close_proxy > blocked,selected_ticker_adjusted_close_path_only,False,True,False,False,False,False,False,False,True,False
2022-06-10,dynamic80_top1_rs20_31_bonus_proxy,1522,堤維西,TWSE,1.0,0.4791158520259242,0.7742033697712492,1.0,28,28,False,True,True,True,False,0.6646166789399257,0.4991158520259242,0.5123466859729205,weekly_signal_close,RS20_plus_31_high_confidence_context_bonus,False,,,False,False,missing_selected_stock_price_registry_row,adjusted_close_exact > tradable_close_proxy > blocked,selected_ticker_adjusted_close_path_only,False,True,False,False,False,False,False,False,True,False
2022-06-17,dynamic80_top1_rs20_31_bonus_proxy,4116,明基醫,TPEx,1.0,0.4952800468293996,1.6530944818442026,1.0,72,72,False,False,True,True,False,0.5687478926186457,0.4952800468293996,0.5237174414603318,weekly_signal_close,RS20_plus_31_high_confidence_context_bonus,False,,,False,False,missing_selected_stock_price_registry_row,adjusted_close_exact > tradable_close_proxy > blocked,selected_ticker_adjusted_close_path_only,False,True,False,False,False,False,False,False,True,False
2022-06-24,dynamic80_top1_rs20_31_bonus_proxy,5258,虹堡,TWSE,1.0,0.4427943422517785,0.5434909067239776,1.0,32,32,False,False,True,True,False,0.6592861507711254,0.4427943422517785,0.4757586497903348,weekly_signal_close,RS20_plus_31_high_confidence_context_bonus,False,,,False,False,missing_selected_stock_price_registry_row,adjusted_close_exact > tradable_close_proxy > blocked,selected_ticker_adjusted_close_path_only,False,True,False,False,False,False,False,False,True,False
2022-07-01,dynamic80_top1_rs20_31_bonus_proxy,5904,寶雅,TPEx,1.0,0.2770667446711952,0.0500102978134004,1.0,36,36,False,False,True,True,False,0.6212792105690464,0.2770667446711952,0.3081307051996475,weekly_signal_close,RS20_plus_31_high_confidence_context_bonus,False,,,False,False,missing_selected_stock_price_registry_row,adjusted_close_exact > tradable_close_proxy > blocked,selected_ticker_adjusted_close_path_only,False,True,False,False,False,False,False,False,True,False
2022-07-08,dynamic80_top1_rs20_31_bonus_proxy,2206,三陽工業,TWSE,1.0,0.2247249676291841,0.3789656653418952,1.0,59,59,False,False,True,True,False,0.5595511113359934,0.2247249676291841,0.2527025231959837,weekly_signal_close,RS20_plus_31_high_confidence_context_bonus,False,,,False,False,missing_selected_stock_price_registry_row,adjusted_close_exact > tradable_close_proxy > blocked,selected_ticker_adjusted_close_path_only,False,True,False,False,False,False,False,False,True,False
2022-07-15,dynamic80_top1_rs20_31_bonus_proxy,2419,仲琦,TWSE,1.0,0.3847522610399911,0.4080598281439497,1.0,23,23,False,True,True,True,False,0.6238434134529296,0.4047522610399911,0.4159444317126375,weekly_signal_close,RS20_plus_31_high_confidence_context_bonus,False,,,False,False,missing_selected_stock_price_registry_row,adjusted_close_exact > tradable_close_proxy > blocked,selected_ticker_adjusted_close_path_only,False,True,False,False,False,False,False,False,True,False
2022-07-22,dynamic80_top1_rs20_31_bonus_proxy,5904,寶雅,TPEx,1.0,0.2091092872327631,0.1963895379380715,1.0,38,38,False,False,True,True,False,0.5762805698002252,0.2091092872327631,0.2379233157227743,weekly_signal_close,RS20_plus_31_high_confidence_context_bonus,False,,,False,False,missing_selected_stock_price_registry_row,adjusted_close_exact > tradable_close_proxy > blocked,selected_ticker_adjusted_close_path_only,False,True,False,False,False,False,False,False,True,False
2022-07-29,dynamic80_top1_rs20_31_bonus_proxy,2419,仲琦,TWSE,1.0,0.6413738497000887,0.5343158005101282,1.0,9,9,False,True,True,True,False,0.6618963348405766,0.6613738497000887,0.6744686664421176,weekly_signal_close,RS20_plus_31_high_confidence_context_bonus,False,,,False,False,missing_selected_stock_price_registry_row,adjusted_close_exact > tradable_close_proxy > blocked,selected_ticker_adjusted_close_path_only,False,True,False,False,False,False,False,False,True,False
2022-08-05,dynamic80_top1_rs20_31_bonus_proxy,6442,光聖,TWSE,1.0,0.4133724742882256,0.7159235478697443,1.0,77,77,False,False,True,True,False,0.5149281001688509,0.4133724742882256,0.4391188792966681,weekly_signal_close,RS20_plus_31_high_confidence_context_bonus,False,,,False,False,missing_selected_stock_price_registry_row,adjusted_close_exact > tradable_close_proxy > blocked,selected_ticker_adjusted_close_path_only,False,True,False,False,False,False,False,False,True,False
2022-08-12,dynamic80_top1_rs20_31_bonus_proxy,3081,聯亞,TPEx,1.0,0.4562112591396676,0.1813875457822442,1.0,71,71,False,False,True,True,False,0.5563284315801713,0.4562112591396676,0.4840276807186761,weekly_signal_close,RS20_plus_31_high_confidence_context_bonus,False,,,False,False,missing_selected_stock_price_registry_row,adjusted_close_exact > tradable_close_proxy > blocked,selected_ticker_adjusted_close_path_only,False,True,False,False,False,False,False,False,True,False
2022-08-19,dynamic80_top1_rs20_31_bonus_proxy,3047,訊舟,TWSE,1.0,0.4399191589919262,0.6702151928638771,1.0,35,35,False,False,True,True,False,0.6547183782067956,0.4399191589919262,0.4726550779022659,weekly_signal_close,RS20_plus_31_high_confidence_context_bonus,False,,,False,False,missing_selected_stock_price_registry_row,adjusted_close_exact > tradable_close_proxy > blocked,selected_ticker_adjusted_close_path_only,False,True,False,False,False,False,False,False,True,False
2022-08-26,dynamic80_top1_rs20_31_bonus_proxy,4743,合一,TPEx,1.0,0.491086587062038,0.6165460786945264,1.0,38,38,False,False,True,True,False,0.6639821533795452,0.491086587062038,0.5242856947310153,weekly_signal_close,RS20_plus_31_high_confidence_context_bonus,False,,,False,False,missing_selected_stock_price_registry_row,adjusted_close_exact > tradable_close_proxy > blocked,selected_ticker_adjusted_close_path_only,False,True,False,False,False,False,False,False,True,False
2022-09-02,dynamic80_top1_rs20_31_bonus_proxy,4768,晶呈科技,TPEx,1.0,0.7065256819792637,0.4452732661533827,1.0,60,60,False,False,True,True,False,0.6179542299543456,0.7065256819792637,0.7374233934769809,weekly_signal_close,RS20_plus_31_high_confidence_context_bonus,False,,,False,False,missing_selected_stock_price_registry_row,adjusted_close_exact > tradable_close_proxy > blocked,selected_ticker_adjusted_close_path_only,False,True,False,False,False,False,False,False,True,False
2022-09-08,dynamic80_top1_rs20_31_bonus_proxy,3552,同致,TPEx,1.0,0.3353921091181975,0.239573677134968,1.0,43,43,False,False,True,True,False,0.6473004725296405,0.3353921091181975,0.3677571327446795,weekly_signal_close,RS20_plus_31_high_confidence_context_bonus,False,,,False,False,missing_selected_stock_price_registry_row,adjusted_close_exact > tradable_close_proxy > blocked,selected_ticker_adjusted_close_path_only,False,True,False,False,False,False,False,False,True,False
2022-09-16,dynamic80_top1_rs20_31_bonus_proxy,4743,合一,TPEx,1.0,0.6464305306539616,0.4065377561613461,1.0,34,34,False,False,True,True,False,0.5850945802376387,0.6464305306539616,0.6756852596658436,weekly_signal_close,RS20_plus_31_high_confidence_context_bonus,False,,,False,False,missing_selected_stock_price_registry_row,adjusted_close_exact > tradable_close_proxy > blocked,selected_ticker_adjusted_close_path_only,False,True,False,False,False,False,False,False,True,False
2022-09-23,dynamic80_top1_rs20_31_bonus_proxy,2603,長榮,TWSE,1.0,0.6854758275862883,0.5848145606621815,1.0,65,65,False,False,True,True,False,0.5626955998590023,0.6854758275862883,0.7136106075792384,weekly_signal_close,RS20_plus_31_high_confidence_context_bonus,False,,,False,False,missing_selected_stock_price_registry_row,adjusted_close_exact > tradable_close_proxy > blocked,selected_ticker_adjusted_close_path_only,False,True,False,False,False,False,False,False,True,False
2022-09-30,dynamic80_top1_rs20_31_bonus_proxy,2603,長榮,TWSE,1.0,0.6868399696238806,0.7011668226403485,1.0,62,62,False,False,True,True,False,0.5524633935303088,0.6868399696238806,0.7144631393003961,weekly_signal_close,RS20_plus_31_high_confidence_context_bonus,False,,,False,False,missing_selected_stock_price_registry_row,adjusted_close_exact > tradable_close_proxy > blocked,selected_ticker_adjusted_close_path_only,False,True,False,False,False,False,False,False,True,False
2022-10-07,dynamic80_top1_rs20_31_bonus_proxy,2388,威盛,TWSE,1.0,6.798041151202793,0.5963931779288626,1.0,17,17,False,True,True,True,False,0.6377709388624455,6.8180411512027925,6.829929698145915,weekly_signal_close,RS20_plus_31_high_confidence_context_bonus,False,,,False,False,missing_selected_stock_price_registry_row,adjusted_close_exact > tradable_close_proxy > blocked,selected_ticker_adjusted_close_path_only,False,True,False,False,False,False,False,False,True,False
2022-10-14,dynamic80_top1_rs20_31_bonus_proxy,2707,晶華,TWSE,1.0,0.2490967682836811,0.2369179212498143,1.0,50,50,False,False,True,True,False,0.6154347744125058,0.2490967682836811,0.2798685070043064,weekly_signal_close,RS20_plus_31_high_confidence_context_bonus,False,,,False,False,missing_selected_stock_price_registry_row,adjusted_close_exact > tradable_close_proxy > blocked,selected_ticker_adjusted_close_path_only,False,True,False,False,False,False,False,False,True,False
2022-10-21,dynamic80_top1_rs20_31_bonus_proxy,9945,潤泰新,TWSE,1.0,0.1760242478358216,0.1442888253803947,1.0,63,63,False,False,True,True,False,0.5315891251934972,0.1760242478358216,0.2026037040954964,weekly_signal_close,RS20_plus_31_high_confidence_context_bonus,False,,,False,False,missing_selected_stock_price_registry_row,adjusted_close_exact > tradable_close_proxy > blocked,selected_ticker_adjusted_close_path_only,False,True,False,False,False,False,False,False,True,False
2022-10-28,dynamic80_top1_rs20_31_bonus_proxy,2421,建準,TWSE,1.0,0.1866175236179492,0.1327609038127244,1.0,55,55,False,False,True,True,False,0.607466333743831,0.1866175236179492,0.2169908403051407,weekly_signal_close,RS20_plus_31_high_confidence_context_bonus,False,,,False,False,missing_selected_stock_price_registry_row,adjusted_close_exact > tradable_close_proxy > blocked,selected_ticker_adjusted_close_path_only,False,True,False,False,False,False,False,False,True,False
2022-11-04,dynamic80_top1_rs20_31_bonus_proxy,2468,華經,TWSE,1.0,0.5312976687499299,1.1099171868612552,1.0,68,68,False,False,True,True,False,0.5282103943780136,0.5312976687499299,0.5577081884688306,weekly_signal_close,RS20_plus_31_high_confidence_context_bonus,False,,,False,False,missing_selected_stock_price_registry_row,adjusted_close_exact > tradable_close_proxy > blocked,selected_ticker_adjusted_close_path_only,False,True,False,False,False,False,False,False,True,False
2022-11-11,dynamic80_top1_rs20_31_bonus_proxy,2327,國巨*,TWSE,1.0,0.4793640348956562,0.4784237733581672,1.0,44,44,False,False,True,True,False,0.5553504209634713,0.4793640348956562,0.5071315559438297,weekly_signal_close,RS20_plus_31_high_confidence_context_bonus,False,,,False,False,missing_selected_stock_price_registry_row,adjusted_close_exact > tradable_close_proxy > blocked,selected_ticker_adjusted_close_path_only,False,True,False,False,False,False,False,False,True,False
2022-11-18,dynamic80_top1_rs20_31_bonus_proxy,3529,力旺,TPEx,1.0,0.3977459495603206,0.1360309825601083,1.0,67,67,False,False,True,True,False,0.5413490511831638,0.3977459495603206,0.4248134021194788,weekly_signal_close,RS20_plus_31_high_confidence_context_bonus,False,,,False,False,missing_selected_stock_price_registry_row,adjusted_close_exact > tradable_close_proxy > blocked,selected_ticker_adjusted_close_path_only,False,True,False,False,False,False,False,False,True,False
2022-11-25,dynamic80_top1_rs20_31_bonus_proxy,2327,國巨*,TWSE,1.0,0.4665858460278143,0.3811098517136371,1.0,46,46,False,False,True,True,False,0.6093819696372194,0.4665858460278143,0.4970549445096752,weekly_signal_close,RS20_plus_31_high_confidence_context_bonus,False,,,False,False,missing_selected_stock_price_registry_row,adjusted_close_exact > tradable_close_proxy > blocked,selected_ticker_adjusted_close_path_only,False,True,False,False,False,False,False,False,True,False
2022-12-02,dynamic80_top1_rs20_31_bonus_proxy,4979,華星光,TPEx,1.0,0.3863181292565047,0.4560116243473946,1.0,27,27,False,True,True,True,False,0.6677842434642169,0.4063181292565047,0.4197073414297155,weekly_signal_close,RS20_plus_31_high_confidence_context_bonus,False,,,False,False,missing_selected_stock_price_registry_row,adjusted_close_exact > tradable_close_proxy > blocked,selected_ticker_adjusted_close_path_only,False,True,False,False,False,False,False,False,True,False
2022-12-09,dynamic80_top1_rs20_31_bonus_proxy,4979,華星光,TPEx,1.0,0.4641280633202549,0.2806256910263676,1.0,73,73,False,False,True,True,False,0.572767890347553,0.4641280633202549,0.4927664578376325,weekly_signal_close,RS20_plus_31_high_confidence_context_bonus,False,,,False,False,missing_selected_stock_price_registry_row,adjusted_close_exact > tradable_close_proxy > blocked,selected_ticker_adjusted_close_path_only,False,True,False,False,False,False,False,False,True,False
2022-12-16,dynamic80_top1_rs20_31_bonus_proxy,4114,健喬,TPEx,1.0,0.4015225472137441,0.3130172287623545,1.0,6,6,False,True,True,True,False,0.7263978610106244,0.4215225472137441,0.4378424402642753,weekly_signal_close,RS20_plus_31_high_confidence_context_bonus,False,,,False,False,missing_selected_stock_price_registry_row,adjusted_close_exact > tradable_close_proxy > blocked,selected_ticker_adjusted_close_path_only,False,True,False,False,False,False,False,False,True,False
2022-12-23,dynamic80_top1_rs20_31_bonus_proxy,6782,視陽,TWSE,1.0,0.5050479935128206,,1.0,65,65,False,False,True,True,False,0.5692761859380293,0.5050479935128206,0.5335118028097221,weekly_signal_close,RS20_plus_31_high_confidence_context_bonus,False,,,False,False,missing_selected_stock_price_registry_row,adjusted_close_exact > tradable_close_proxy > blocked,selected_ticker_adjusted_close_path_only,False,True,False,False,False,False,False,False,True,False
2022-12-30,dynamic80_top1_rs20_31_bonus_proxy,4130,健亞,TPEx,1.0,0.3763180902738843,0.3394623523311884,1.0,45,45,False,False,True,True,False,0.5938500018223272,0.3763180902738843,0.4060105903650006,weekly_signal_close,RS20_plus_31_high_confidence_context_bonus,False,,,False,False,missing_selected_stock_price_registry_row,adjusted_close_exact > tradable_close_proxy > blocked,selected_ticker_adjusted_close_path_only,False,True,False,False,False,False,False,False,True,False
2023-01-06,dynamic80_top1_rs20_31_bonus_proxy,1513,中興電,TWSE,4.0,0.1649430835143355,0.237248471391418,4.0,28,28,False,True,True,True,False,0.6442799675634084,0.1849430835143355,0.1971570818925059,weekly_signal_close,RS20_plus_31_high_confidence_context_bonus,False,,,False,False,missing_selected_stock_price_registry_row,adjusted_close_exact > tradable_close_proxy > blocked,selected_ticker_adjusted_close_path_only,False,True,False,False,False,False,False,False,True,False
2023-01-13,dynamic80_top1_rs20_31_bonus_proxy,5321,美而快,TPEx,1.0,0.2784901219442077,0.173688665835016,1.0,30,30,False,True,True,True,False,0.6272627547616143,0.2984901219442077,0.3098532596822884,weekly_signal_close,RS20_plus_31_high_confidence_context_bonus,False,,,False,False,missing_selected_stock_price_registry_row,adjusted_close_exact > tradable_close_proxy > blocked,selected_ticker_adjusted_close_path_only,False,True,False,False,False,False,False,False,True,False
2023-01-17,dynamic80_top1_rs20_31_bonus_proxy,5321,美而快,TPEx,1.0,0.3460600790004322,0.2645107609063346,1.0,24,24,False,True,True,True,False,0.6482093786517377,0.3660600790004322,0.378470547933019,weekly_signal_close,RS20_plus_31_high_confidence_context_bonus,False,,,False,False,missing_selected_stock_price_registry_row,adjusted_close_exact > tradable_close_proxy > blocked,selected_ticker_adjusted_close_path_only,False,True,False,False,False,False,False,False,True,False
2023-02-03,dynamic80_top1_rs20_31_bonus_proxy,2482,連宇,TWSE,1.0,0.4653217729746344,0.5357924116432065,1.0,28,28,False,True,True,True,False,0.6456871158693871,0.4853217729746344,0.4976061287681037,weekly_signal_close,RS20_plus_31_high_confidence_context_bonus,False,,,False,False,missing_selected_stock_price_registry_row,adjusted_close_exact > tradable_close_proxy > blocked,selected_ticker_adjusted_close_path_only,False,True,False,False,False,False,False,False,True,False
2023-02-10,dynamic80_top1_rs20_31_bonus_proxy,4763,材料*-KY,TWSE,1.0,0.3457705808759503,1.113791799078437,1.0,58,58,False,False,True,True,False,0.5575902529757913,0.3457705808759503,0.3736500935247399,weekly_signal_close,RS20_plus_31_high_confidence_context_bonus,False,,,False,False,missing_selected_stock_price_registry_row,adjusted_close_exact > tradable_close_proxy > blocked,selected_ticker_adjusted_close_path_only,False,True,False,False,False,False,False,False,True,False
2023-02-17,dynamic80_top1_rs20_31_bonus_proxy,2453,凌群,TWSE,1.0,0.6221664509200415,0.6196000812401379,1.0,30,30,False,True,True,True,False,0.6440084157132624,0.6421664509200415,0.6543668717057046,weekly_signal_close,RS20_plus_31_high_confidence_context_bonus,False,,,False,False,missing_selected_stock_price_registry_row,adjusted_close_exact > tradable_close_proxy > blocked,selected_ticker_adjusted_close_path_only,False,True,False,False,False,False,False,False,True,False
2023-02-24,dynamic80_top1_rs20_31_bonus_proxy,8227,巨有科技,TPEx,1.0,0.9480366647600228,,1.0,24,24,False,True,True,True,False,0.6380039058133742,0.9680366647600228,0.9799368600506916,weekly_signal_close,RS20_plus_31_high_confidence_context_bonus,False,,,False,False,missing_selected_stock_price_registry_row,adjusted_close_exact > tradable_close_proxy > blocked,selected_ticker_adjusted_close_path_only,False,True,False,False,False,False,False,False,True,False
2023-03-03,dynamic80_top1_rs20_31_bonus_proxy,8227,巨有科技,TPEx,1.0,1.2024051135007194,,1.0,23,23,False,True,True,True,False,0.6537597734453159,1.2224051135007197,1.2350931021729852,weekly_signal_close,RS20_plus_31_high_confidence_context_bonus,False,,,False,False,missing_selected_stock_price_registry_row,adjusted_close_exact > tradable_close_proxy > blocked,selected_ticker_adjusted_close_path_only,False,True,False,False,False,False,False,False,True,False
2023-03-10,dynamic80_top1_rs20_31_bonus_proxy,8227,巨有科技,TPEx,1.0,0.9728548953741122,,1.0,37,37,False,False,True,True,False,0.6515044953398735,0.9728548953741122,1.0054301201411058,weekly_signal_close,RS20_plus_31_high_confidence_context_bonus,False,,,False,False,missing_selected_stock_price_registry_row,adjusted_close_exact > tradable_close_proxy > blocked,selected_ticker_adjusted_close_path_only,False,True,False,False,False,False,False,False,True,False
2023-03-17,dynamic80_top1_rs20_31_bonus_proxy,3093,港建*,TPEx,1.0,0.4092426951959218,-0.6943367637370252,1.0,68,68,False,False,True,True,False,0.5199789005352148,0.4092426951959218,0.4352416402226826,weekly_signal_close,RS20_plus_31_high_confidence_context_bonus,False,,,False,False,missing_selected_stock_price_registry_row,adjusted_close_exact > tradable_close_proxy > blocked,selected_ticker_adjusted_close_path_only,False,True,False,False,False,False,False,False,True,False
2023-03-24,dynamic80_top1_rs20_31_bonus_proxy,2453,凌群,TWSE,1.0,0.5204169634294449,1.6239880961922153,1.0,43,43,False,False,True,True,False,0.5620587465000031,0.5204169634294449,0.548519900754445,weekly_signal_close,RS20_plus_31_high_confidence_context_bonus,False,,,False,False,missing_selected_stock_price_registry_row,adjusted_close_exact > tradable_close_proxy > blocked,selected_ticker_adjusted_close_path_only,False,True,False,False,False,False,False,False,True,False
2023-03-31,dynamic80_top1_rs20_31_bonus_proxy,6472,保瑞,TPEx,1.0,0.4014933675090824,0.6746071134607485,1.0,48,48,False,False,True,True,True,0.5386899462070367,0.4014933675090824,0.3984278648194342,weekly_signal_close,RS20_plus_31_high_confidence_context_bonus,False,,,False,False,missing_selected_stock_price_registry_row,adjusted_close_exact > tradable_close_proxy > blocked,selected_ticker_adjusted_close_path_only,False,True,False,False,False,False,False,False,True,False
2023-04-07,dynamic80_top1_rs20_31_bonus_proxy,6472,保瑞,TPEx,1.0,0.6386541438864877,0.829095168276732,1.0,56,56,False,False,True,True,True,0.5359118242814601,0.6386541438864877,0.6354497351005607,weekly_signal_close,RS20_plus_31_high_confidence_context_bonus,False,,,False,False,missing_selected_stock_price_registry_row,adjusted_close_exact > tradable_close_proxy > blocked,selected_ticker_adjusted_close_path_only,False,True,False,False,False,False,False,False,True,False
2023-04-14,dynamic80_top1_rs20_31_bonus_proxy,5353,台林,TPEx,2.0,0.5273899949163834,0.6910510106182708,2.0,14,14,False,True,True,True,False,0.6167640713784895,0.5473899949163834,0.5582281984853079,weekly_signal_close,RS20_plus_31_high_confidence_context_bonus,False,,,False,False,missing_selected_stock_price_registry_row,adjusted_close_exact > tradable_close_proxy > blocked,selected_ticker_adjusted_close_path_only,False,True,False,False,False,False,False,False,True,False
2023-04-21,dynamic80_top1_rs20_31_bonus_proxy,6753,龍德造船,TWSE,1.0,0.4814777049634485,,1.0,70,70,False,False,True,True,False,0.4611401938632077,0.4814777049634485,0.5045347146566089,weekly_signal_close,RS20_plus_31_high_confidence_context_bonus,False,,,False,False,missing_selected_stock_price_registry_row,adjusted_close_exact > tradable_close_proxy > blocked,selected_ticker_adjusted_close_path_only,False,True,False,False,False,False,False,False,True,False
2023-04-28,dynamic80_top1_rs20_31_bonus_proxy,4763,材料*-KY,TWSE,1.0,0.4929356494851471,0.6882597814697708,1.0,74,74,False,False,True,True,False,0.4731563713928423,0.4929356494851471,0.5165934680547892,weekly_signal_close,RS20_plus_31_high_confidence_context_bonus,False,,,False,False,missing_selected_stock_price_registry_row,adjusted_close_exact > tradable_close_proxy > blocked,selected_ticker_adjusted_close_path_only,False,True,False,False,False,False,False,False,True,False
2023-05-05,dynamic80_top1_rs20_31_bonus_proxy,6111,大宇資,TPEx,1.0,0.547618858394806,0.4122028965161871,1.0,13,13,False,True,True,True,False,0.6510239907083599,0.567618858394806,0.5801700579302239,weekly_signal_close,RS20_plus_31_high_confidence_context_bonus,False,,,False,False,missing_selected_stock_price_registry_row,adjusted_close_exact > tradable_close_proxy > blocked,selected_ticker_adjusted_close_path_only,False,True,False,False,False,False,False,False,True,False
2023-05-12,dynamic80_top1_rs20_31_bonus_proxy,6139,亞翔,TWSE,3.0,0.2542896422825202,0.4018967335133578,3.0,25,25,False,True,True,True,False,0.620634219772296,0.2742896422825202,0.285321353271135,weekly_signal_close,RS20_plus_31_high_confidence_context_bonus,False,,,False,False,missing_selected_stock_price_registry_row,adjusted_close_exact > tradable_close_proxy > blocked,selected_ticker_adjusted_close_path_only,False,True,False,False,False,False,False,False,True,False
2023-05-19,dynamic80_top1_rs20_31_bonus_proxy,2207,和泰車,TWSE,1.0,0.2978474750876516,0.3460783217789196,1.0,53,53,False,False,True,True,False,0.5629475940962523,0.2978474750876516,0.3259948547924642,weekly_signal_close,RS20_plus_31_high_confidence_context_bonus,False,,,False,False,missing_selected_stock_price_registry_row,adjusted_close_exact > tradable_close_proxy > blocked,selected_ticker_adjusted_close_path_only,False,True,False,False,False,False,False,False,True,False
2023-05-26,dynamic80_top1_rs20_31_bonus_proxy,2736,富野,TPEx,1.0,0.7128352228525228,0.3203636956452642,1.0,65,65,False,False,True,True,False,0.557464626225302,0.7128352228525228,0.7407084541637878,weekly_signal_close,RS20_plus_31_high_confidence_context_bonus,False,,,False,False,missing_selected_stock_price_registry_row,adjusted_close_exact > tradable_close_proxy > blocked,selected_ticker_adjusted_close_path_only,False,True,False,False,False,False,False,False,True,False
2023-06-02,dynamic80_top1_rs20_31_bonus_proxy,2206,三陽工業,TWSE,1.0,0.4121995352190204,1.1396751056840009,1.0,10,10,False,True,True,True,False,0.6873648792669679,0.4321995352190204,0.4465677791823688,weekly_signal_close,RS20_plus_31_high_confidence_context_bonus,False,,,False,False,missing_selected_stock_price_registry_row,adjusted_close_exact > tradable_close_proxy > blocked,selected_ticker_adjusted_close_path_only,False,True,False,False,False,False,False,False,True,False
2023-06-09,dynamic80_top1_rs20_31_bonus_proxy,3583,辛耘,TWSE,1.0,0.6199326028968328,0.7875964341743151,1.0,50,50,False,False,True,True,True,0.5840446112722064,0.6199326028968328,0.6191348334604432,weekly_signal_close,RS20_plus_31_high_confidence_context_bonus,False,,,False,False,missing_selected_stock_price_registry_row,adjusted_close_exact > tradable_close_proxy > blocked,selected_ticker_adjusted_close_path_only,False,True,False,False,False,False,False,False,True,False
2023-06-16,dynamic80_top1_rs20_31_bonus_proxy,6643,M31,TPEx,2.0,0.3776850898839055,0.3654129720607098,2.0,18,18,False,True,True,True,False,0.6535296131440238,0.3976850898839055,0.4103615705411066,weekly_signal_close,RS20_plus_31_high_confidence_context_bonus,False,,,False,False,missing_selected_stock_price_registry_row,adjusted_close_exact > tradable_close_proxy > blocked,selected_ticker_adjusted_close_path_only,False,True,False,False,False,False,False,False,True,False
2023-06-21,dynamic80_top1_rs20_31_bonus_proxy,6125,廣運,TPEx,1.0,0.9519163826202532,1.092144187473775,1.0,59,59,False,False,True,True,True,0.5417980234566226,0.9519163826202532,0.9490062837930844,weekly_signal_close,RS20_plus_31_high_confidence_context_bonus,False,,,False,False,missing_selected_stock_price_registry_row,adjusted_close_exact > tradable_close_proxy > blocked,selected_ticker_adjusted_close_path_only,False,True,False,False,False,False,False,False,True,False
2023-06-30,dynamic80_top1_rs20_31_bonus_proxy,3356,奇偶,TWSE,1.0,0.4086836718286248,0.3309996817480292,1.0,35,35,False,False,True,True,False,0.6370087672491893,0.4086836718286248,0.4405341101910843,weekly_signal_close,RS20_plus_31_high_confidence_context_bonus,False,,,False,False,missing_selected_stock_price_registry_row,adjusted_close_exact > tradable_close_proxy > blocked,selected_ticker_adjusted_close_path_only,False,True,False,False,False,False,False,False,True,False
2023-07-07,dynamic80_top1_rs20_31_bonus_proxy,3013,晟銘電,TWSE,1.0,0.4640211039876281,0.9433181310930608,1.0,62,62,False,False,True,True,False,0.5375874004044521,0.4640211039876281,0.4909004740078507,weekly_signal_close,RS20_plus_31_high_confidence_context_bonus,False,,,False,False,missing_selected_stock_price_registry_row,adjusted_close_exact > tradable_close_proxy > blocked,selected_ticker_adjusted_close_path_only,False,True,False,False,False,False,False,False,True,False
2023-07-14,dynamic80_top1_rs20_31_bonus_proxy,2388,威盛,TWSE,1.0,0.5430770220131667,0.4750969816443431,1.0,5,5,False,True,True,True,False,0.701413781757113,0.5630770220131667,0.5781477111010223,weekly_signal_close,RS20_plus_31_high_confidence_context_bonus,False,,,False,False,missing_selected_stock_price_registry_row,adjusted_close_exact > tradable_close_proxy > blocked,selected_ticker_adjusted_close_path_only,False,True,False,False,False,False,False,False,True,False
2023-07-21,dynamic80_top1_rs20_31_bonus_proxy,6150,撼訊,TPEx,1.0,0.4213692293045311,0.5309658453040784,1.0,22,22,False,True,True,True,False,0.6304006711979072,0.4413692293045311,0.4528892628644264,weekly_signal_close,RS20_plus_31_high_confidence_context_bonus,False,,,False,False,missing_selected_stock_price_registry_row,adjusted_close_exact > tradable_close_proxy > blocked,selected_ticker_adjusted_close_path_only,False,True,False,False,False,False,False,False,True,False
2023-07-28,dynamic80_top1_rs20_31_bonus_proxy,2383,台光電,TWSE,1.0,0.6988846949327034,1.41994774671083,1.0,44,44,False,False,True,True,True,0.589793694182581,0.6988846949327034,0.6983743796418325,weekly_signal_close,RS20_plus_31_high_confidence_context_bonus,False,,,False,False,missing_selected_stock_price_registry_row,adjusted_close_exact > tradable_close_proxy > blocked,selected_ticker_adjusted_close_path_only,False,True,False,False,False,False,False,False,True,False
2023-08-04,dynamic80_top1_rs20_31_bonus_proxy,2913,農林,TWSE,1.0,0.350731227409105,0.2273182544917467,1.0,19,19,False,True,True,True,False,0.659637347275139,0.370731227409105,0.383713094772862,weekly_signal_close,RS20_plus_31_high_confidence_context_bonus,False,,,False,False,missing_selected_stock_price_registry_row,adjusted_close_exact > tradable_close_proxy > blocked,selected_ticker_adjusted_close_path_only,False,True,False,False,False,False,False,False,True,False
2023-08-11,dynamic80_top1_rs20_31_bonus_proxy,3483,力致,TPEx,1.0,0.4875167414476209,0.9402130557341356,1.0,41,41,False,False,True,True,False,0.5758965084204093,0.4875167414476209,0.5163115668686413,weekly_signal_close,RS20_plus_31_high_confidence_context_bonus,False,,,False,False,missing_selected_stock_price_registry_row,adjusted_close_exact > tradable_close_proxy > blocked,selected_ticker_adjusted_close_path_only,False,True,False,False,False,False,False,False,True,False
2023-08-18,dynamic80_top1_rs20_31_bonus_proxy,2329,華泰,TWSE,1.0,0.5864942952863434,1.4024654513149093,1.0,47,47,False,False,True,True,False,0.5604088824117253,0.5864942952863434,0.6145147394069297,weekly_signal_close,RS20_plus_31_high_confidence_context_bonus,False,,,False,False,missing_selected_stock_price_registry_row,adjusted_close_exact > tradable_close_proxy > blocked,selected_ticker_adjusted_close_path_only,False,True,False,False,False,False,False,False,True,False
2023-08-25,dynamic80_top1_rs20_31_bonus_proxy,2332,友訊,TWSE,2.0,0.3179269037246484,0.2578606437111729,2.0,21,21,False,True,True,True,False,0.6643861240687908,0.3379269037246484,0.3511462099280879,weekly_signal_close,RS20_plus_31_high_confidence_context_bonus,False,,,False,False,missing_selected_stock_price_registry_row,adjusted_close_exact > tradable_close_proxy > blocked,selected_ticker_adjusted_close_path_only,False,True,False,False,False,False,False,False,True,False
2023-09-01,dynamic80_top1_rs20_31_bonus_proxy,3548,兆利,TPEx,1.0,0.5005803840329656,0.4443161881656845,1.0,69,69,False,False,True,True,False,0.5878688738259035,0.5005803840329656,0.5299738277242607,weekly_signal_close,RS20_plus_31_high_confidence_context_bonus,False,,,False,False,missing_selected_stock_price_registry_row,adjusted_close_exact > tradable_close_proxy > blocked,selected_ticker_adjusted_close_path_only,False,True,False,False,False,False,False,False,True,False
2023-09-08,dynamic80_top1_rs20_31_bonus_proxy,2436,偉詮電,TWSE,2.0,0.3287725012871388,0.3163552085628718,2.0,19,19,False,True,True,True,False,0.6594907298778108,0.3487725012871388,0.3617470377810293,weekly_signal_close,RS20_plus_31_high_confidence_context_bonus,False,,,False,False,missing_selected_stock_price_registry_row,adjusted_close_exact > tradable_close_proxy > blocked,selected_ticker_adjusted_close_path_only,False,True,False,False,False,False,False,False,True,False
2023-09-15,dynamic80_top1_rs20_31_bonus_proxy,3548,兆利,TPEx,1.0,0.5384066091390376,0.8296203517434877,1.0,53,53,False,False,True,True,True,0.5446877476608344,0.5384066091390376,0.5356409965220793,weekly_signal_close,RS20_plus_31_high_confidence_context_bonus,False,,,False,False,missing_selected_stock_price_registry_row,adjusted_close_exact > tradable_close_proxy > blocked,selected_ticker_adjusted_close_path_only,False,True,False,False,False,False,False,False,True,False
2023-09-22,dynamic80_top1_rs20_31_bonus_proxy,2364,倫飛,TWSE,1.0,0.4646220043210738,0.2088690150598593,1.0,73,73,False,False,True,True,False,0.6057752599157241,0.4646220043210738,0.49491076731686,weekly_signal_close,RS20_plus_31_high_confidence_context_bonus,False,,,False,False,missing_selected_stock_price_registry_row,adjusted_close_exact > tradable_close_proxy > blocked,selected_ticker_adjusted_close_path_only,False,True,False,False,False,False,False,False,True,False
2023-09-28,dynamic80_top1_rs20_31_bonus_proxy,6451,訊芯-KY,TWSE,1.0,0.42033437529719,0.115808420032586,1.0,42,42,False,False,True,True,False,0.6706584959605691,0.42033437529719,0.4538673000952184,weekly_signal_close,RS20_plus_31_high_confidence_context_bonus,False,,,False,False,missing_selected_stock_price_registry_row,adjusted_close_exact > tradable_close_proxy > blocked,selected_ticker_adjusted_close_path_only,False,True,False,False,False,False,False,False,True,False
2023-10-06,dynamic80_top1_rs20_31_bonus_proxy,3715,定穎投控,TWSE,1.0,0.4546054041770364,2.066543891495133,1.0,65,65,False,False,True,True,False,0.5503052901263534,0.4546054041770364,0.482120668683354,weekly_signal_close,RS20_plus_31_high_confidence_context_bonus,False,,,False,False,missing_selected_stock_price_registry_row,adjusted_close_exact > tradable_close_proxy > blocked,selected_ticker_adjusted_close_path_only,False,True,False,False,False,False,False,False,True,False
2023-10-13,dynamic80_top1_rs20_31_bonus_proxy,4908,前鼎,TPEx,1.0,0.3741714961452229,0.4477622308656315,1.0,59,59,False,False,True,True,False,0.5624009313468866,0.3741714961452229,0.4022915427125672,weekly_signal_close,RS20_plus_31_high_confidence_context_bonus,False,,,False,False,missing_selected_stock_price_registry_row,adjusted_close_exact > tradable_close_proxy > blocked,selected_ticker_adjusted_close_path_only,False,True,False,False,False,False,False,False,True,False
2023-10-20,dynamic80_top1_rs20_31_bonus_proxy,6139,亞翔,TWSE,1.0,0.31261569497032,0.4645382465634823,1.0,13,13,False,True,True,True,False,0.6984084254735398,0.33261569497032,0.347536116243997,weekly_signal_close,RS20_plus_31_high_confidence_context_bonus,False,,,False,False,missing_selected_stock_price_registry_row,adjusted_close_exact > tradable_close_proxy > blocked,selected_ticker_adjusted_close_path_only,False,True,False,False,False,False,False,False,True,False
2023-10-27,dynamic80_top1_rs20_31_bonus_proxy,4162,智擎,TPEx,1.0,0.3704549550756593,0.4469155993651997,1.0,35,35,False,False,True,True,False,0.6686701770229525,0.3704549550756593,0.4038884639268069,weekly_signal_close,RS20_plus_31_high_confidence_context_bonus,False,,,False,False,missing_selected_stock_price_registry_row,adjusted_close_exact > tradable_close_proxy > blocked,selected_ticker_adjusted_close_path_only,False,True,False,False,False,False,False,False,True,False
2023-11-03,dynamic80_top1_rs20_31_bonus_proxy,2363,矽統,TWSE,1.0,0.3711456434646818,1.4676038486362923,1.0,72,72,False,False,True,True,False,0.5525534720693787,0.3711456434646818,0.3987733170681508,weekly_signal_close,RS20_plus_31_high_confidence_context_bonus,False,,,False,False,missing_selected_stock_price_registry_row,adjusted_close_exact > tradable_close_proxy > blocked,selected_ticker_adjusted_close_path_only,False,True,False,False,False,False,False,False,True,False
2023-11-10,dynamic80_top1_rs20_31_bonus_proxy,2816,旺旺保,TWSE,1.0,0.303191222217011,0.751853295532525,1.0,12,12,False,True,True,True,False,0.6941641723869482,0.323191222217011,0.3378994308363584,weekly_signal_close,RS20_plus_31_high_confidence_context_bonus,False,,,False,False,missing_selected_stock_price_registry_row,adjusted_close_exact > tradable_close_proxy > blocked,selected_ticker_adjusted_close_path_only,False,True,False,False,False,False,False,False,True,False
2023-11-17,dynamic80_top1_rs20_31_bonus_proxy,6593,台灣銘板,TPEx,1.0,0.7577461098770666,0.6524091502892988,1.0,78,78,False,False,True,True,False,0.5160714478214405,0.7577461098770666,0.7835496822681386,weekly_signal_close,RS20_plus_31_high_confidence_context_bonus,False,,,False,False,missing_selected_stock_price_registry_row,adjusted_close_exact > tradable_close_proxy > blocked,selected_ticker_adjusted_close_path_only,False,True,False,False,False,False,False,False,True,False
2023-11-24,dynamic80_top1_rs20_31_bonus_proxy,6799,來頡,TWSE,1.0,0.2660711740296122,-0.0122853071941442,1.0,37,37,False,False,True,True,False,0.6203487017254373,0.2660711740296122,0.2970886091158841,weekly_signal_close,RS20_plus_31_high_confidence_context_bonus,False,,,False,False,missing_selected_stock_price_registry_row,adjusted_close_exact > tradable_close_proxy > blocked,selected_ticker_adjusted_close_path_only,False,True,False,False,False,False,False,False,True,False
2023-12-01,dynamic80_top1_rs20_31_bonus_proxy,2329,華泰,TWSE,1.0,0.3989857184722427,0.3783344545275307,1.0,62,62,False,False,True,True,False,0.5637914282370442,0.3989857184722427,0.4271752898840948,weekly_signal_close,RS20_plus_31_high_confidence_context_bonus,False,,,False,False,missing_selected_stock_price_registry_row,adjusted_close_exact > tradable_close_proxy > blocked,selected_ticker_adjusted_close_path_only,False,True,False,False,False,False,False,False,True,False
2023-12-08,dynamic80_top1_rs20_31_bonus_proxy,1514,亞力,TWSE,1.0,0.5473023896880682,0.7904243002564306,1.0,36,36,False,False,True,True,True,0.6061179027403256,0.5473023896880682,0.5476082848250845,weekly_signal_close,RS20_plus_31_high_confidence_context_bonus,False,,,False,False,missing_selected_stock_price_registry_row,adjusted_close_exact > tradable_close_proxy > blocked,selected_ticker_adjusted_close_path_only,False,True,False,False,False,False,False,False,True,False
2023-12-15,dynamic80_top1_rs20_31_bonus_proxy,6593,台灣銘板,TPEx,1.0,0.3942041290702165,1.734823193206959,1.0,72,72,False,False,True,True,False,0.5259241805648762,0.3942041290702165,0.4205003380984603,weekly_signal_close,RS20_plus_31_high_confidence_context_bonus,False,,,False,False,missing_selected_stock_price_registry_row,adjusted_close_exact > tradable_close_proxy > blocked,selected_ticker_adjusted_close_path_only,False,True,False,False,False,False,False,False,True,False
2023-12-22,dynamic80_top1_rs20_31_bonus_proxy,6117,迎廣,TWSE,1.0,0.4790279356527887,1.378015316205091,1.0,76,76,False,False,True,True,False,0.5181080185219114,0.4790279356527887,0.5049333365788843,weekly_signal_close,RS20_plus_31_high_confidence_context_bonus,False,,,False,False,missing_selected_stock_price_registry_row,adjusted_close_exact > tradable_close_proxy > blocked,selected_ticker_adjusted_close_path_only,False,True,False,False,False,False,False,False,True,False
2023-12-29,dynamic80_top1_rs20_31_bonus_proxy,3515,華擎,TWSE,1.0,0.1990369620045586,0.0841922995213806,1.0,31,31,False,True,True,True,False,0.6467785537244788,0.2190369620045585,0.2313758896907825,weekly_signal_close,RS20_plus_31_high_confidence_context_bonus,False,,,False,False,missing_selected_stock_price_registry_row,adjusted_close_exact > tradable_close_proxy > blocked,selected_ticker_adjusted_close_path_only,False,True,False,False,False,False,False,False,True,False
2024-01-05,dynamic80_top1_rs20_31_bonus_proxy,2362,藍天,TWSE,1.0,0.3182964993268689,0.3509637175450149,1.0,38,38,False,False,True,True,False,0.656676477310189,0.3182964993268689,0.3511303231923783,weekly_signal_close,RS20_plus_31_high_confidence_context_bonus,False,,,False,False,missing_selected_stock_price_registry_row,adjusted_close_exact > tradable_close_proxy > blocked,selected_ticker_adjusted_close_path_only,False,True,False,False,False,False,False,False,True,False
2024-01-12,dynamic80_top1_rs20_31_bonus_proxy,6805,富世達,TWSE,1.0,0.3554792402607614,,1.0,65,65,False,False,True,True,False,0.5939394155264959,0.3554792402607614,0.3851762110370861,weekly_signal_close,RS20_plus_31_high_confidence_context_bonus,False,,,False,False,missing_selected_stock_price_registry_row,adjusted_close_exact > tradable_close_proxy > blocked,selected_ticker_adjusted_close_path_only,False,True,False,False,False,False,False,False,True,False
2024-01-19,dynamic80_top1_rs20_31_bonus_proxy,3036,文曄,TWSE,1.0,0.2254670988161182,0.1680322419194471,1.0,35,35,False,False,True,True,False,0.6363542939899712,0.2254670988161182,0.2572848135156168,weekly_signal_close,RS20_plus_31_high_confidence_context_bonus,False,,,False,False,missing_selected_stock_price_registry_row,adjusted_close_exact > tradable_close_proxy > blocked,selected_ticker_adjusted_close_path_only,False,True,False,False,False,False,False,False,True,False
2024-01-26,dynamic80_top1_rs20_31_bonus_proxy,8227,巨有科技,TPEx,1.0,0.380056516197121,0.6557199141265355,1.0,12,12,False,True,True,True,False,0.6850312413153241,0.400056516197121,0.4143080782628872,weekly_signal_close,RS20_plus_31_high_confidence_context_bonus,False,,,False,False,missing_selected_stock_price_registry_row,adjusted_close_exact > tradable_close_proxy > blocked,selected_ticker_adjusted_close_path_only,False,True,False,False,False,False,False,False,True,False
2024-02-02,dynamic80_top1_rs20_31_bonus_proxy,3036,文曄,TWSE,1.0,0.4281960459495983,0.1073242982862794,1.0,33,33,False,False,True,True,False,0.6426383923756821,0.4281960459495983,0.4603279655683824,weekly_signal_close,RS20_plus_31_high_confidence_context_bonus,False,,,False,False,missing_selected_stock_price_registry_row,adjusted_close_exact > tradable_close_proxy > blocked,selected_ticker_adjusted_close_path_only,False,True,False,False,False,False,False,False,True,False
2024-02-05,dynamic80_top1_rs20_31_bonus_proxy,3036,文曄,TWSE,1.0,0.4586214437906704,0.1370617294398013,1.0,9,9,False,True,True,True,False,0.6981194466514556,0.4786214437906704,0.4935274161232431,weekly_signal_close,RS20_plus_31_high_confidence_context_bonus,False,,,False,False,missing_selected_stock_price_registry_row,adjusted_close_exact > tradable_close_proxy > blocked,selected_ticker_adjusted_close_path_only,False,True,False,False,False,False,False,False,True,False
2024-02-16,dynamic80_top1_rs20_31_bonus_proxy,4909,新復興,TPEx,1.0,0.407788820335986,1.02343840645993,1.0,77,77,False,False,True,True,False,0.5519097167546857,0.407788820335986,0.4353843061737203,weekly_signal_close,RS20_plus_31_high_confidence_context_bonus,False,,,False,False,missing_selected_stock_price_registry_row,adjusted_close_exact > tradable_close_proxy > blocked,selected_ticker_adjusted_close_path_only,False,True,False,False,False,False,False,False,True,False
2024-02-23,dynamic80_top1_rs20_31_bonus_proxy,5443,均豪,TPEx,1.0,0.3492115115959793,0.5242011064281222,1.0,49,49,False,False,True,True,False,0.62085736908228,0.3492115115959793,0.3802543800500932,weekly_signal_close,RS20_plus_31_high_confidence_context_bonus,False,,,False,False,missing_selected_stock_price_registry_row,adjusted_close_exact > tradable_close_proxy > blocked,selected_ticker_adjusted_close_path_only,False,True,False,False,False,False,False,False,True,False
2024-03-01,dynamic80_top1_rs20_31_bonus_proxy,1503,士電,TWSE,1.0,0.4553871067265636,0.6481723005532458,1.0,20,20,False,True,True,True,False,0.6907197291779082,0.4753871067265636,0.489923093185459,weekly_signal_close,RS20_plus_31_high_confidence_context_bonus,False,,,False,False,missing_selected_stock_price_registry_row,adjusted_close_exact > tradable_close_proxy > blocked,selected_ticker_adjusted_close_path_only,False,True,False,False,False,False,False,False,True,False
2024-03-08,dynamic80_top1_rs20_31_bonus_proxy,3013,晟銘電,TWSE,1.0,0.3289464762786138,0.0673030400476413,1.0,28,28,False,True,True,True,False,0.6491533832209904,0.3489464762786138,0.3614041454396633,weekly_signal_close,RS20_plus_31_high_confidence_context_bonus,False,,,False,False,missing_selected_stock_price_registry_row,adjusted_close_exact > tradable_close_proxy > blocked,selected_ticker_adjusted_close_path_only,False,True,False,False,False,False,False,False,True,False
2024-03-15,dynamic80_top1_rs20_31_bonus_proxy,5443,均豪,TPEx,1.0,0.2232237853572467,0.4005481507150552,1.0,74,74,False,False,True,True,False,0.5682415683682054,0.2232237853572467,0.251635863775657,weekly_signal_close,RS20_plus_31_high_confidence_context_bonus,False,,,False,False,missing_selected_stock_price_registry_row,adjusted_close_exact > tradable_close_proxy > blocked,selected_ticker_adjusted_close_path_only,False,True,False,False,False,False,False,False,True,False
2024-03-22,dynamic80_top1_rs20_31_bonus_proxy,2611,志信,TWSE,1.0,0.2820169076433243,0.2520662795632831,1.0,52,52,False,False,True,True,False,0.6054513895847832,0.2820169076433243,0.3122894771225635,weekly_signal_close,RS20_plus_31_high_confidence_context_bonus,False,,,False,False,missing_selected_stock_price_registry_row,adjusted_close_exact > tradable_close_proxy > blocked,selected_ticker_adjusted_close_path_only,False,True,False,False,False,False,False,False,True,False
2024-03-29,dynamic80_top1_rs20_31_bonus_proxy,2359,所羅門,TWSE,1.0,0.7188573481885325,0.6637987263598322,1.0,31,31,False,True,True,True,False,0.6484672370345671,0.7388573481885325,0.7512807100402609,weekly_signal_close,RS20_plus_31_high_confidence_context_bonus,False,,,False,False,missing_selected_stock_price_registry_row,adjusted_close_exact > tradable_close_proxy > blocked,selected_ticker_adjusted_close_path_only,False,True,False,False,False,False,False,False,True,False
2024-04-03,dynamic80_top1_rs20_31_bonus_proxy,1608,華榮,TWSE,1.0,0.2477440206560499,0.1841189312196332,1.0,62,62,False,False,True,True,False,0.5959375422264146,0.2477440206560499,0.2775408977673706,weekly_signal_close,RS20_plus_31_high_confidence_context_bonus,False,,,False,False,missing_selected_stock_price_registry_row,adjusted_close_exact > tradable_close_proxy > blocked,selected_ticker_adjusted_close_path_only,False,True,False,False,False,False,False,False,True,False
2024-04-12,dynamic80_top1_rs20_31_bonus_proxy,4533,協易機,TPEx,1.0,0.5594632902917835,0.2522500809126453,1.0,36,36,False,False,True,True,False,0.6395622176151426,0.5594632902917835,0.5914414011725406,weekly_signal_close,RS20_plus_31_high_confidence_context_bonus,False,,,False,False,missing_selected_stock_price_registry_row,adjusted_close_exact > tradable_close_proxy > blocked,selected_ticker_adjusted_close_path_only,False,True,False,False,False,False,False,False,True,False
2024-04-19,dynamic80_top1_rs20_31_bonus_proxy,1514,亞力,TWSE,1.0,0.5287744584458685,0.8729296863349942,1.0,79,79,False,False,True,True,False,0.5474671508862318,0.5287744584458685,0.55614781599018,weekly_signal_close,RS20_plus_31_high_confidence_context_bonus,False,,,False,False,missing_selected_stock_price_registry_row,adjusted_close_exact > tradable_close_proxy > blocked,selected_ticker_adjusted_close_path_only,False,True,False,False,False,False,False,False,True,False
2024-04-26,dynamic80_top1_rs20_31_bonus_proxy,2101,南港,TWSE,1.0,0.5129914906001632,0.2599200178740948,1.0,27,27,False,True,True,True,False,0.6509557703153052,0.5329914906001633,0.5455392791159285,weekly_signal_close,RS20_plus_31_high_confidence_context_bonus,False,,,False,False,missing_selected_stock_price_registry_row,adjusted_close_exact > tradable_close_proxy > blocked,selected_ticker_adjusted_close_path_only,False,True,False,False,False,False,False,False,True,False
2024-05-03,dynamic80_top1_rs20_31_bonus_proxy,2374,佳能,TWSE,1.0,0.5412564989861965,0.4548594170282252,1.0,69,69,False,False,True,True,False,0.5733841381169297,0.5412564989861965,0.569925705892043,weekly_signal_close,RS20_plus_31_high_confidence_context_bonus,False,,,False,False,missing_selected_stock_price_registry_row,adjusted_close_exact > tradable_close_proxy > blocked,selected_ticker_adjusted_close_path_only,False,True,False,False,False,False,False,False,True,False
2024-05-10,dynamic80_top1_rs20_31_bonus_proxy,2609,陽明,TWSE,1.0,0.3700958485958615,0.0632573540366405,1.0,22,22,False,True,True,True,False,0.6614859147773386,0.3900958485958615,0.4031701443347284,weekly_signal_close,RS20_plus_31_high_confidence_context_bonus,False,,,False,False,missing_selected_stock_price_registry_row,adjusted_close_exact > tradable_close_proxy > blocked,selected_ticker_adjusted_close_path_only,False,True,False,False,False,False,False,False,True,False
2024-05-17,dynamic80_top1_rs20_31_bonus_proxy,6863,永道-KY,TWSE,1.0,0.4408378727350237,0.0793765551198399,1.0,77,77,False,False,True,True,False,0.5523299369719297,0.4408378727350237,0.4684543695836201,weekly_signal_close,RS20_plus_31_high_confidence_context_bonus,False,,,False,False,missing_selected_stock_price_registry_row,adjusted_close_exact > tradable_close_proxy > blocked,selected_ticker_adjusted_close_path_only,False,True,False,False,False,False,False,False,True,False
2024-05-24,dynamic80_top1_rs20_31_bonus_proxy,6117,迎廣,TWSE,1.0,0.3398189184851046,0.3724578061208832,1.0,60,60,False,False,True,True,False,0.5693227155661091,0.3398189184851046,0.36828505426341,weekly_signal_close,RS20_plus_31_high_confidence_context_bonus,False,,,False,False,missing_selected_stock_price_registry_row,adjusted_close_exact > tradable_close_proxy > blocked,selected_ticker_adjusted_close_path_only,False,True,False,False,False,False,False,False,True,False
2024-05-31,dynamic80_top1_rs20_31_bonus_proxy,4543,萬在,TPEx,1.0,0.4597986733541639,0.1199982940615413,1.0,49,49,False,False,True,True,False,0.63078741822699,0.4597986733541639,0.4913380442655134,weekly_signal_close,RS20_plus_31_high_confidence_context_bonus,False,,,False,False,missing_selected_stock_price_registry_row,adjusted_close_exact > tradable_close_proxy > blocked,selected_ticker_adjusted_close_path_only,False,True,False,False,False,False,False,False,True,False
2024-06-07,dynamic80_top1_rs20_31_bonus_proxy,9958,世紀鋼,TWSE,1.0,0.3761486647761869,0.2890389229747772,1.0,59,59,False,False,True,True,False,0.595804974780192,0.3761486647761869,0.4059389135151965,weekly_signal_close,RS20_plus_31_high_confidence_context_bonus,False,,,False,False,missing_selected_stock_price_registry_row,adjusted_close_exact > tradable_close_proxy > blocked,selected_ticker_adjusted_close_path_only,False,True,False,False,False,False,False,False,True,False
2024-06-14,dynamic80_top1_rs20_31_bonus_proxy,2392,正崴,TWSE,1.0,0.4577445638238802,0.6394062320962668,1.0,22,22,False,True,True,True,False,0.6760067725421215,0.4777445638238802,0.4915449024509862,weekly_signal_close,RS20_plus_31_high_confidence_context_bonus,False,,,False,False,missing_selected_stock_price_registry_row,adjusted_close_exact > tradable_close_proxy > blocked,selected_ticker_adjusted_close_path_only,False,True,False,False,False,False,False,False,True,False
2024-06-21,dynamic80_top1_rs20_31_bonus_proxy,1785,光洋科,TPEx,1.0,0.3045278108267639,0.164679638131036,1.0,26,26,False,True,True,True,False,0.6456223854878859,0.3245278108267639,0.3368089301011582,weekly_signal_close,RS20_plus_31_high_confidence_context_bonus,False,,,False,False,missing_selected_stock_price_registry_row,adjusted_close_exact > tradable_close_proxy > blocked,selected_ticker_adjusted_close_path_only,False,True,False,False,False,False,False,False,True,False
2024-06-28,dynamic80_top1_rs20_31_bonus_proxy,6753,龍德造船,TWSE,1.0,0.3119312968429815,0.2137433989005168,1.0,61,61,False,False,True,True,False,0.6058043597609303,0.3119312968429815,0.342221514831028,weekly_signal_close,RS20_plus_31_high_confidence_context_bonus,False,,,False,False,missing_selected_stock_price_registry_row,adjusted_close_exact > tradable_close_proxy > blocked,selected_ticker_adjusted_close_path_only,False,True,False,False,False,False,False,False,True,False
2024-07-05,dynamic80_top1_rs20_31_bonus_proxy,1785,光洋科,TPEx,1.0,0.4759299655085165,0.3584809418113228,1.0,8,8,False,True,True,True,False,0.7117518117591844,0.4959299655085165,0.5115175560964758,weekly_signal_close,RS20_plus_31_high_confidence_context_bonus,False,,,False,False,missing_selected_stock_price_registry_row,adjusted_close_exact > tradable_close_proxy > blocked,selected_ticker_adjusted_close_path_only,False,True,False,False,False,False,False,False,True,False
2024-07-12,dynamic80_top1_rs20_31_bonus_proxy,2312,金寶,TWSE,1.0,0.4064492973433895,0.6791146698844972,1.0,31,31,False,True,True,True,False,0.6494753646509036,0.4264492973433895,0.4389230655759347,weekly_signal_close,RS20_plus_31_high_confidence_context_bonus,False,,,False,False,missing_selected_stock_price_registry_row,adjusted_close_exact > tradable_close_proxy > blocked,selected_ticker_adjusted_close_path_only,False,True,False,False,False,False,False,False,True,False
2024-07-19,dynamic80_top1_rs20_31_bonus_proxy,5443,均豪,TPEx,1.0,0.403720835884462,0.5455831818792922,1.0,70,70,False,False,True,True,False,0.5743798254561425,0.403720835884462,0.4324398271572691,weekly_signal_close,RS20_plus_31_high_confidence_context_bonus,False,,,False,False,missing_selected_stock_price_registry_row,adjusted_close_exact > tradable_close_proxy > blocked,selected_ticker_adjusted_close_path_only,False,True,False,False,False,False,False,False,True,False
2024-07-26,dynamic80_top1_rs20_31_bonus_proxy,2543,皇昌,TWSE,1.0,0.3891482324039018,0.1102248353981418,1.0,50,50,False,False,True,True,False,0.6199652565534236,0.3891482324039018,0.420146495231573,weekly_signal_close,RS20_plus_31_high_confidence_context_bonus,False,,,False,False,missing_selected_stock_price_registry_row,adjusted_close_exact > tradable_close_proxy > blocked,selected_ticker_adjusted_close_path_only,False,True,False,False,False,False,False,False,True,False
2024-08-02,dynamic80_top1_rs20_31_bonus_proxy,1597,直得,TWSE,1.0,0.3896180046496027,0.3842052999762977,1.0,74,74,False,False,True,True,False,0.5468396149180739,0.3896180046496027,0.4169599853955064,weekly_signal_close,RS20_plus_31_high_confidence_context_bonus,False,,,False,False,missing_selected_stock_price_registry_row,adjusted_close_exact > tradable_close_proxy > blocked,selected_ticker_adjusted_close_path_only,False,True,False,False,False,False,False,False,True,False
2024-08-09,dynamic80_top1_rs20_31_bonus_proxy,3131,弘塑,TPEx,1.0,0.303251955737018,0.6064789746211874,1.0,57,57,False,False,True,True,False,0.543599545946456,0.303251955737018,0.3304319330343408,weekly_signal_close,RS20_plus_31_high_confidence_context_bonus,False,,,False,False,missing_selected_stock_price_registry_row,adjusted_close_exact > tradable_close_proxy > blocked,selected_ticker_adjusted_close_path_only,False,True,False,False,False,False,False,False,True,False
2024-08-16,dynamic80_top1_rs20_31_bonus_proxy,8464,億豐,TWSE,1.0,0.263060611155128,0.1328795190153862,1.0,48,48,False,False,True,True,False,0.5307828999436839,0.263060611155128,0.2895997561523122,weekly_signal_close,RS20_plus_31_high_confidence_context_bonus,False,,,False,False,missing_selected_stock_price_registry_row,adjusted_close_exact > tradable_close_proxy > blocked,selected_ticker_adjusted_close_path_only,False,True,False,False,False,False,False,False,True,False
2024-08-23,dynamic80_top1_rs20_31_bonus_proxy,2364,倫飛,TWSE,1.0,0.528939664040202,0.3824377811506414,1.0,72,72,False,False,True,True,False,0.4681735051277168,0.528939664040202,0.5523483392965878,weekly_signal_close,RS20_plus_31_high_confidence_context_bonus,False,,,False,False,missing_selected_stock_price_registry_row,adjusted_close_exact > tradable_close_proxy > blocked,selected_ticker_adjusted_close_path_only,False,True,False,False,False,False,False,False,True,False
2024-08-30,dynamic80_top1_rs20_31_bonus_proxy,4583,台灣精銳,TWSE,1.0,0.5596022991266154,0.9002690123981139,1.0,25,25,False,True,True,True,False,0.5380096595947977,0.5796022991266154,0.5865027821063553,weekly_signal_close,RS20_plus_31_high_confidence_context_bonus,False,,,False,False,missing_selected_stock_price_registry_row,adjusted_close_exact > tradable_close_proxy > blocked,selected_ticker_adjusted_close_path_only,False,True,False,False,False,False,False,False,True,False
2024-09-06,dynamic80_top1_rs20_31_bonus_proxy,4583,台灣精銳,TWSE,1.0,0.5606595175808539,1.2599308300384222,1.0,33,33,False,False,True,True,False,0.6066257312077564,0.5606595175808539,0.5909908041412417,weekly_signal_close,RS20_plus_31_high_confidence_context_bonus,False,,,False,False,missing_selected_stock_price_registry_row,adjusted_close_exact > tradable_close_proxy > blocked,selected_ticker_adjusted_close_path_only,False,True,False,False,False,False,False,False,True,False
2024-09-13,dynamic80_top1_rs20_31_bonus_proxy,5443,均豪,TPEx,1.0,0.3772628764619603,1.3662736823494812,1.0,56,56,False,False,True,True,False,0.5504725608818583,0.3772628764619603,0.4047865045060532,weekly_signal_close,RS20_plus_31_high_confidence_context_bonus,False,,,False,False,missing_selected_stock_price_registry_row,adjusted_close_exact > tradable_close_proxy > blocked,selected_ticker_adjusted_close_path_only,False,True,False,False,False,False,False,False,True,False
2024-09-20,dynamic80_top1_rs20_31_bonus_proxy,4563,百德,TPEx,1.0,0.5337060776533227,1.1629639904463305,1.0,70,70,False,False,True,True,False,0.5580028946186608,0.5337060776533227,0.5616062223842557,weekly_signal_close,RS20_plus_31_high_confidence_context_bonus,False,,,False,False,missing_selected_stock_price_registry_row,adjusted_close_exact > tradable_close_proxy > blocked,selected_ticker_adjusted_close_path_only,False,True,False,False,False,False,False,False,True,False
2024-09-27,dynamic80_top1_rs20_31_bonus_proxy,2497,怡利電,TWSE,1.0,0.3182626534846753,0.4238567474327757,1.0,16,16,False,True,True,True,False,0.6865585916986099,0.3382626534846753,0.3525905830696058,weekly_signal_close,RS20_plus_31_high_confidence_context_bonus,False,,,False,False,missing_selected_stock_price_registry_row,adjusted_close_exact > tradable_close_proxy > blocked,selected_ticker_adjusted_close_path_only,False,True,False,False,False,False,False,False,True,False
2024-10-04,dynamic80_top1_rs20_31_bonus_proxy,8249,菱光,TWSE,1.0,0.600698001432203,0.7569816719950122,1.0,59,59,False,False,True,True,False,0.5911399965439326,0.600698001432203,0.6302550012593996,weekly_signal_close,RS20_plus_31_high_confidence_context_bonus,False,,,False,False,missing_selected_stock_price_registry_row,adjusted_close_exact > tradable_close_proxy > blocked,selected_ticker_adjusted_close_path_only,False,True,False,False,False,False,False,False,True,False
2024-10-11,dynamic80_top1_rs20_31_bonus_proxy,4977,眾達-KY,TWSE,1.0,0.3269234666957692,0.4273667430737984,1.0,24,24,False,True,True,True,False,0.6321629602523399,0.3469234666957692,0.3585316147083862,weekly_signal_close,RS20_plus_31_high_confidence_context_bonus,False,,,False,False,missing_selected_stock_price_registry_row,adjusted_close_exact > tradable_close_proxy > blocked,selected_ticker_adjusted_close_path_only,False,True,False,False,False,False,False,False,True,False
2024-10-18,dynamic80_top1_rs20_31_bonus_proxy,3013,晟銘電,TWSE,1.0,0.337202713615367,0.2225553746465178,1.0,45,45,False,False,True,True,False,0.597952153061785,0.337202713615367,0.3671003212684562,weekly_signal_close,RS20_plus_31_high_confidence_context_bonus,False,,,False,False,missing_selected_stock_price_registry_row,adjusted_close_exact > tradable_close_proxy > blocked,selected_ticker_adjusted_close_path_only,False,True,False,False,False,False,False,False,True,False
2024-10-25,dynamic80_top1_rs20_31_bonus_proxy,3529,力旺,TPEx,1.0,0.4108555396288071,0.2843089240821963,1.0,74,74,False,False,True,True,False,0.5623903449409067,0.4108555396288071,0.4389750568758524,weekly_signal_close,RS20_plus_31_high_confidence_context_bonus,False,,,False,False,missing_selected_stock_price_registry_row,adjusted_close_exact > tradable_close_proxy > blocked,selected_ticker_adjusted_close_path_only,False,True,False,False,False,False,False,False,True,False
2024-11-01,dynamic80_top1_rs20_31_bonus_proxy,6438,迅得,TWSE,1.0,0.295496123922043,0.6325029002241618,1.0,50,50,False,False,True,True,True,0.6235819759726788,0.295496123922043,0.2966752227206769,weekly_signal_close,RS20_plus_31_high_confidence_context_bonus,False,,,False,False,missing_selected_stock_price_registry_row,adjusted_close_exact > tradable_close_proxy > blocked,selected_ticker_adjusted_close_path_only,False,True,False,False,False,False,False,False,True,False
2024-11-08,dynamic80_top1_rs20_31_bonus_proxy,9105,泰金寶-DR,TWSE,1.0,0.2425890119595044,0.046289761382926,1.0,64,64,False,False,True,True,False,0.5607193828211867,0.2425890119595044,0.2706249811005637,weekly_signal_close,RS20_plus_31_high_confidence_context_bonus,False,,,False,False,missing_selected_stock_price_registry_row,adjusted_close_exact > tradable_close_proxy > blocked,selected_ticker_adjusted_close_path_only,False,True,False,False,False,False,False,False,True,False
2024-11-15,dynamic80_top1_rs20_31_bonus_proxy,3706,神達,TWSE,1.0,0.4571439388458254,0.4987108624144054,1.0,14,14,False,True,True,True,False,0.7094478995174777,0.4771439388458254,0.4926163338216993,weekly_signal_close,RS20_plus_31_high_confidence_context_bonus,False,,,False,False,missing_selected_stock_price_registry_row,adjusted_close_exact > tradable_close_proxy > blocked,selected_ticker_adjusted_close_path_only,False,True,False,False,False,False,False,False,True,False
2024-11-22,dynamic80_top1_rs20_31_bonus_proxy,8114,振樺電,TWSE,1.0,0.3742803365595398,0.5625583946102877,1.0,71,71,False,False,True,True,False,0.6083172194635302,0.3742803365595398,0.4046961975327163,weekly_signal_close,RS20_plus_31_high_confidence_context_bonus,False,,,False,False,missing_selected_stock_price_registry_row,adjusted_close_exact > tradable_close_proxy > blocked,selected_ticker_adjusted_close_path_only,False,True,False,False,False,False,False,False,True,False
2024-11-29,dynamic80_top1_rs20_31_bonus_proxy,3090,日電貿,TWSE,1.0,0.2246386393362397,0.138392782805834,1.0,46,46,False,False,True,True,False,0.6470717994842776,0.2246386393362397,0.2569922293104535,weekly_signal_close,RS20_plus_31_high_confidence_context_bonus,False,,,False,False,missing_selected_stock_price_registry_row,adjusted_close_exact > tradable_close_proxy > blocked,selected_ticker_adjusted_close_path_only,False,True,False,False,False,False,False,False,True,False
2024-12-06,dynamic80_top1_rs20_31_bonus_proxy,3712,永崴投控,TWSE,1.0,0.3140415216153248,0.1850106592946727,1.0,14,14,False,True,True,True,False,0.666028404720248,0.3340415216153248,0.3473429418513372,weekly_signal_close,RS20_plus_31_high_confidence_context_bonus,False,,,False,False,missing_selected_stock_price_registry_row,adjusted_close_exact > tradable_close_proxy > blocked,selected_ticker_adjusted_close_path_only,False,True,False,False,False,False,False,False,True,False
2024-12-13,dynamic80_top1_rs20_31_bonus_proxy,2368,金像電,TWSE,2.0,0.259388625895486,0.0509479609381446,2.0,25,25,False,True,True,True,False,0.655100892065862,0.279388625895486,0.2921436704987791,weekly_signal_close,RS20_plus_31_high_confidence_context_bonus,False,,,False,False,missing_selected_stock_price_registry_row,adjusted_close_exact > tradable_close_proxy > blocked,selected_ticker_adjusted_close_path_only,False,True,False,False,False,False,False,False,True,False
2024-12-20,dynamic80_top1_rs20_31_bonus_proxy,3019,亞光,TWSE,1.0,0.4492336911538087,0.2675251567698571,1.0,76,76,False,False,True,True,False,0.5627688073635597,0.4492336911538087,0.4773721315219866,weekly_signal_close,RS20_plus_31_high_confidence_context_bonus,False,,,False,False,missing_selected_stock_price_registry_row,adjusted_close_exact > tradable_close_proxy > blocked,selected_ticker_adjusted_close_path_only,False,True,False,False,False,False,False,False,True,False
2024-12-27,dynamic80_top1_rs20_31_bonus_proxy,4583,台灣精銳,TWSE,1.0,0.3389636825371083,0.2586432841045158,1.0,53,53,False,False,True,True,False,0.6070521380267531,0.3389636825371083,0.3693162894384459,weekly_signal_close,RS20_plus_31_high_confidence_context_bonus,False,,,False,False,missing_selected_stock_price_registry_row,adjusted_close_exact > tradable_close_proxy > blocked,selected_ticker_adjusted_close_path_only,False,True,False,False,False,False,False,False,True,False
2025-01-03,dynamic80_top1_rs20_31_bonus_proxy,3147,大綜,TPEx,1.0,0.2588621846279421,0.1017859197370103,1.0,78,78,False,False,True,True,False,0.5934726582925215,0.2588621846279421,0.2885358175425682,weekly_signal_close,RS20_plus_31_high_confidence_context_bonus,False,,,False,False,missing_selected_stock_price_registry_row,adjusted_close_exact > tradable_close_proxy > blocked,selected_ticker_adjusted_close_path_only,False,True,False,False,False,False,False,False,True,False
2025-01-10,dynamic80_top1_rs20_31_bonus_proxy,2233,宇隆,TWSE,1.0,0.3051304148097502,0.4916392822869648,1.0,37,37,False,False,True,True,True,0.6410540192537517,0.3051304148097502,0.3071831157724377,weekly_signal_close,RS20_plus_31_high_confidence_context_bonus,False,,,False,False,missing_selected_stock_price_registry_row,adjusted_close_exact > tradable_close_proxy > blocked,selected_ticker_adjusted_close_path_only,False,True,False,False,False,False,False,False,True,False
2025-01-17,dynamic80_top1_rs20_31_bonus_proxy,6215,和椿,TWSE,1.0,0.3691740302583328,0.5503581065606051,1.0,78,78,False,False,True,True,False,0.5664373417063389,0.3691740302583328,0.3974958973436497,weekly_signal_close,RS20_plus_31_high_confidence_context_bonus,False,,,False,False,missing_selected_stock_price_registry_row,adjusted_close_exact > tradable_close_proxy > blocked,selected_ticker_adjusted_close_path_only,False,True,False,False,False,False,False,False,True,False
2025-01-22,dynamic80_top1_rs20_31_bonus_proxy,3491,昇達科,TPEx,1.0,0.3883021301089662,0.4491613394932277,1.0,76,76,False,False,True,True,False,0.550385695578356,0.3883021301089662,0.415821414887884,weekly_signal_close,RS20_plus_31_high_confidence_context_bonus,False,,,False,False,missing_selected_stock_price_registry_row,adjusted_close_exact > tradable_close_proxy > blocked,selected_ticker_adjusted_close_path_only,False,True,False,False,False,False,False,False,True,False
2025-02-07,dynamic80_top1_rs20_31_bonus_proxy,7722,LINEPAY,TWSE,1.0,0.7997510046053857,,1.0,42,42,False,False,True,True,False,0.6244799843038092,0.7997510046053857,0.8309750038205762,weekly_signal_close,RS20_plus_31_high_confidence_context_bonus,False,,,False,False,missing_selected_stock_price_registry_row,adjusted_close_exact > tradable_close_proxy > blocked,selected_ticker_adjusted_close_path_only,False,True,False,False,False,False,False,False,True,False
2025-02-14,dynamic80_top1_rs20_31_bonus_proxy,2027,大成鋼,TWSE,2.0,0.5180321891696184,0.2397809145478437,2.0,24,24,False,True,True,True,False,0.6616525975987593,0.5380321891696184,0.5511148190495563,weekly_signal_close,RS20_plus_31_high_confidence_context_bonus,False,,,False,False,missing_selected_stock_price_registry_row,adjusted_close_exact > tradable_close_proxy > blocked,selected_ticker_adjusted_close_path_only,False,True,False,False,False,False,False,False,True,False
2025-02-21,dynamic80_top1_rs20_31_bonus_proxy,8028,昇陽半導體,TWSE,1.0,0.4160694518603409,0.259490771856435,1.0,58,58,False,False,True,True,False,0.5600799972008688,0.4160694518603409,0.4440734517203843,weekly_signal_close,RS20_plus_31_high_confidence_context_bonus,False,,,False,False,missing_selected_stock_price_registry_row,adjusted_close_exact > tradable_close_proxy > blocked,selected_ticker_adjusted_close_path_only,False,True,False,False,False,False,False,False,True,False
2025-02-27,dynamic80_top1_rs20_31_bonus_proxy,2468,華經,TWSE,1.0,0.5332520342088878,0.6362890070022631,1.0,16,16,False,True,True,True,False,0.6997056471768556,0.5532520342088878,0.5682373165677306,weekly_signal_close,RS20_plus_31_high_confidence_context_bonus,False,,,False,False,missing_selected_stock_price_registry_row,adjusted_close_exact > tradable_close_proxy > blocked,selected_ticker_adjusted_close_path_only,False,True,False,False,False,False,False,False,True,False
2025-03-07,dynamic80_top1_rs20_31_bonus_proxy,6206,飛捷,TWSE,1.0,0.4066862382611065,0.6952464296032492,1.0,28,28,False,True,True,True,False,0.6686544493874276,0.4266862382611065,0.4401189607304779,weekly_signal_close,RS20_plus_31_high_confidence_context_bonus,False,,,False,False,missing_selected_stock_price_registry_row,adjusted_close_exact > tradable_close_proxy > blocked,selected_ticker_adjusted_close_path_only,False,True,False,False,False,False,False,False,True,False
2025-03-14,dynamic80_top1_rs20_31_bonus_proxy,3528,安馳,TWSE,1.0,0.6109984736652107,0.6857708416264339,1.0,74,74,False,False,True,False,False,0.5540307334293476,0.6109984736652107,0.638700010336678,weekly_signal_close,RS20_plus_31_high_confidence_context_bonus,False,,,False,False,missing_selected_stock_price_registry_row,adjusted_close_exact > tradable_close_proxy > blocked,selected_ticker_adjusted_close_path_only,False,True,False,False,False,False,False,False,True,False
2025-03-21,dynamic80_top1_rs20_31_bonus_proxy,6227,茂綸,TPEx,1.0,0.5999199141679048,0.8857139679701629,1.0,34,34,False,False,True,True,False,0.651769250805393,0.5999199141679048,0.6325083767081745,weekly_signal_close,RS20_plus_31_high_confidence_context_bonus,False,,,False,False,missing_selected_stock_price_registry_row,adjusted_close_exact > tradable_close_proxy > blocked,selected_ticker_adjusted_close_path_only,False,True,False,False,False,False,False,False,True,False
2025-03-28,dynamic80_top1_rs20_31_bonus_proxy,3563,牧德,TWSE,1.0,0.2529989070856671,0.4028591506262166,1.0,41,41,False,False,True,True,False,0.6603080773348573,0.2529989070856671,0.2860143109524099,weekly_signal_close,RS20_plus_31_high_confidence_context_bonus,False,,,False,False,missing_selected_stock_price_registry_row,adjusted_close_exact > tradable_close_proxy > blocked,selected_ticker_adjusted_close_path_only,False,True,False,False,False,False,False,False,True,False
2025-04-02,dynamic80_top1_rs20_31_bonus_proxy,6148,驊宏資,TPEx,1.0,0.3112632092782128,1.0318685149213145,1.0,69,69,False,False,True,True,False,0.572381084906823,0.3112632092782128,0.339882263523554,weekly_signal_close,RS20_plus_31_high_confidence_context_bonus,False,,,False,False,missing_selected_stock_price_registry_row,adjusted_close_exact > tradable_close_proxy > blocked,selected_ticker_adjusted_close_path_only,False,True,False,False,False,False,False,False,True,False
2025-04-11,dynamic80_top1_rs20_31_bonus_proxy,2753,八方雲集,TWSE,1.0,0.1517090382643349,0.3778117633296942,1.0,79,79,False,False,True,True,False,0.4614500795697528,0.1517090382643349,0.1747815422428225,weekly_signal_close,RS20_plus_31_high_confidence_context_bonus,False,,,False,False,missing_selected_stock_price_registry_row,adjusted_close_exact > tradable_close_proxy > blocked,selected_ticker_adjusted_close_path_only,False,True,False,False,False,False,False,False,True,False
2025-04-18,dynamic80_top1_rs20_31_bonus_proxy,6140,訊達,TPEx,1.0,0.367401185367698,0.971856419693841,1.0,66,66,False,False,True,True,False,0.5469274960408631,0.367401185367698,0.3947475601697411,weekly_signal_close,RS20_plus_31_high_confidence_context_bonus,False,,,False,False,missing_selected_stock_price_registry_row,adjusted_close_exact > tradable_close_proxy > blocked,selected_ticker_adjusted_close_path_only,False,True,False,False,False,False,False,False,True,False
2025-04-25,dynamic80_top1_rs20_31_bonus_proxy,3147,大綜,TPEx,1.0,0.5963349848752812,1.002034342070457,1.0,42,42,False,False,True,True,False,0.547444639480503,0.5963349848752812,0.6237072168493064,weekly_signal_close,RS20_plus_31_high_confidence_context_bonus,False,,,False,False,missing_selected_stock_price_registry_row,adjusted_close_exact > tradable_close_proxy > blocked,selected_ticker_adjusted_close_path_only,False,True,False,False,False,False,False,False,True,False
2025-05-02,dynamic80_top1_rs20_31_bonus_proxy,3709,鑫聯大投控,TPEx,1.0,0.3885166848726697,0.673927259054704,1.0,45,45,False,False,True,True,False,0.5203744526277823,0.3885166848726697,0.4145354075040588,weekly_signal_close,RS20_plus_31_high_confidence_context_bonus,False,,,False,False,missing_selected_stock_price_registry_row,adjusted_close_exact > tradable_close_proxy > blocked,selected_ticker_adjusted_close_path_only,False,True,False,False,False,False,False,False,True,False
2025-05-09,dynamic80_top1_rs20_31_bonus_proxy,2468,華經,TWSE,1.0,0.4797698916160267,1.2568397665293745,1.0,32,32,False,True,True,True,False,0.585608581526255,0.4997698916160267,0.5090503206923395,weekly_signal_close,RS20_plus_31_high_confidence_context_bonus,False,,,False,False,missing_selected_stock_price_registry_row,adjusted_close_exact > tradable_close_proxy > blocked,selected_ticker_adjusted_close_path_only,False,True,False,False,False,False,False,False,True,False
2025-05-16,dynamic80_top1_rs20_31_bonus_proxy,1560,中砂,TWSE,1.0,0.3306052621180153,0.0977601267397367,1.0,51,51,False,False,True,True,False,0.5262763873550884,0.3306052621180153,0.3569190814857697,weekly_signal_close,RS20_plus_31_high_confidence_context_bonus,False,,,False,False,missing_selected_stock_price_registry_row,adjusted_close_exact > tradable_close_proxy > blocked,selected_ticker_adjusted_close_path_only,False,True,False,False,False,False,False,False,True,False
2025-05-23,dynamic80_top1_rs20_31_bonus_proxy,1560,中砂,TWSE,1.0,0.3061262132810844,0.0747091126110619,1.0,26,26,False,True,True,True,False,0.6582741688153105,0.3261262132810844,0.3390399217218499,weekly_signal_close,RS20_plus_31_high_confidence_context_bonus,False,,,False,False,missing_selected_stock_price_registry_row,adjusted_close_exact > tradable_close_proxy > blocked,selected_ticker_adjusted_close_path_only,False,True,False,False,False,False,False,False,True,False
2025-05-29,dynamic80_top1_rs20_31_bonus_proxy,3257,虹冠電,TWSE,1.0,0.3088671794270783,0.1383781096787064,1.0,73,73,False,False,True,True,False,0.557037128159263,0.3088671794270783,0.3367190358350415,weekly_signal_close,RS20_plus_31_high_confidence_context_bonus,False,,,False,False,missing_selected_stock_price_registry_row,adjusted_close_exact > tradable_close_proxy > blocked,selected_ticker_adjusted_close_path_only,False,True,False,False,False,False,False,False,True,False
2025-06-06,dynamic80_top1_rs20_31_bonus_proxy,3004,豐達科,TWSE,1.0,0.4062244881417267,0.5017171350291025,1.0,78,78,False,False,True,True,False,0.5667979724409311,0.4062244881417267,0.4345643867637732,weekly_signal_close,RS20_plus_31_high_confidence_context_bonus,False,,,False,False,missing_selected_stock_price_registry_row,adjusted_close_exact > tradable_close_proxy > blocked,selected_ticker_adjusted_close_path_only,False,True,False,False,False,False,False,False,True,False
2025-06-13,dynamic80_top1_rs20_31_bonus_proxy,6805,富世達,TWSE,1.0,0.3199393525498371,1.5758093394824257e-05,1.0,54,54,False,False,True,True,False,0.6049086161449676,0.3199393525498371,0.3501847833570854,weekly_signal_close,RS20_plus_31_high_confidence_context_bonus,False,,,False,False,missing_selected_stock_price_registry_row,adjusted_close_exact > tradable_close_proxy > blocked,selected_ticker_adjusted_close_path_only,False,True,False,False,False,False,False,False,True,False
2025-06-20,dynamic80_top1_rs20_31_bonus_proxy,3665,貿聯-KY,TWSE,1.0,0.2039673848615963,0.2895811996215327,1.0,25,25,False,True,True,True,False,0.6845159214582867,0.2239673848615962,0.2381931809345106,weekly_signal_close,RS20_plus_31_high_confidence_context_bonus,False,,,False,False,missing_selected_stock_price_registry_row,adjusted_close_exact > tradable_close_proxy > blocked,selected_ticker_adjusted_close_path_only,False,True,False,False,False,False,False,False,True,False
2025-06-27,dynamic80_top1_rs20_31_bonus_proxy,3167,大量,TWSE,1.0,0.3244789021141445,0.4913511025294219,1.0,4,4,False,True,True,True,False,0.7184798338397748,0.3444789021141445,0.3604028938061332,weekly_signal_close,RS20_plus_31_high_confidence_context_bonus,False,,,False,False,missing_selected_stock_price_registry_row,adjusted_close_exact > tradable_close_proxy > blocked,selected_ticker_adjusted_close_path_only,False,True,False,False,False,False,False,False,True,False
2025-07-04,dynamic80_top1_rs20_31_bonus_proxy,8210,勤誠,TWSE,1.0,0.378913915114357,1.2701528942222615,1.0,9,9,False,True,True,True,False,0.7000785997860194,0.398913915114357,0.413917845103658,weekly_signal_close,RS20_plus_31_high_confidence_context_bonus,False,,,False,False,missing_selected_stock_price_registry_row,adjusted_close_exact > tradable_close_proxy > blocked,selected_ticker_adjusted_close_path_only,False,True,False,False,False,False,False,False,True,False
2025-07-11,dynamic80_top1_rs20_31_bonus_proxy,4991,環宇-KY,TPEx,1.0,0.6422449794691161,0.3074560567848323,1.0,60,60,False,False,True,True,True,0.5432946081650296,0.6422449794691161,0.6394097098773676,weekly_signal_close,RS20_plus_31_high_confidence_context_bonus,False,,,False,False,missing_selected_stock_price_registry_row,adjusted_close_exact > tradable_close_proxy > blocked,selected_ticker_adjusted_close_path_only,False,True,False,False,False,False,False,False,True,False
2025-07-18,dynamic80_top1_rs20_31_bonus_proxy,8358,金居,TPEx,1.0,0.3988744578309344,0.5576110697070522,1.0,1,1,False,True,True,True,False,0.7061529436955236,0.4188744578309344,0.4341821050157106,weekly_signal_close,RS20_plus_31_high_confidence_context_bonus,False,,,False,False,missing_selected_stock_price_registry_row,adjusted_close_exact > tradable_close_proxy > blocked,selected_ticker_adjusted_close_path_only,False,True,False,False,False,False,False,False,True,False
2025-07-25,dynamic80_top1_rs20_31_bonus_proxy,8358,金居,TPEx,1.0,0.6224620592262635,0.8343719940702237,1.0,57,57,False,False,True,True,True,0.5508169515916468,0.6224620592262635,0.6200029068058458,weekly_signal_close,RS20_plus_31_high_confidence_context_bonus,False,,,False,False,missing_selected_stock_price_registry_row,adjusted_close_exact > tradable_close_proxy > blocked,selected_ticker_adjusted_close_path_only,False,True,False,False,False,False,False,False,True,False
2025-08-01,dynamic80_top1_rs20_31_bonus_proxy,8358,金居,TPEx,1.0,0.922309831947364,1.1518127263537372,1.0,40,40,False,False,True,True,True,0.6065590425272622,0.922309831947364,0.9226377840737272,weekly_signal_close,RS20_plus_31_high_confidence_context_bonus,False,,,False,False,missing_selected_stock_price_registry_row,adjusted_close_exact > tradable_close_proxy > blocked,selected_ticker_adjusted_close_path_only,False,True,False,False,False,False,False,False,True,False
2025-08-08,dynamic80_top1_rs20_31_bonus_proxy,8358,金居,TPEx,1.0,0.6572813423806578,1.1571252772855751,1.0,48,48,False,False,True,True,True,0.551732283951295,0.6572813423806578,0.6548679565782225,weekly_signal_close,RS20_plus_31_high_confidence_context_bonus,False,,,False,False,missing_selected_stock_price_registry_row,adjusted_close_exact > tradable_close_proxy > blocked,selected_ticker_adjusted_close_path_only,False,True,False,False,False,False,False,False,True,False
2025-08-15,dynamic80_top1_rs20_31_bonus_proxy,8358,金居,TPEx,1.0,0.9692483581560094,1.9149685604831848,1.0,53,53,False,False,True,True,True,0.5443412027937201,0.9692483581560094,0.9664654182956954,weekly_signal_close,RS20_plus_31_high_confidence_context_bonus,False,,,False,False,missing_selected_stock_price_registry_row,adjusted_close_exact > tradable_close_proxy > blocked,selected_ticker_adjusted_close_path_only,False,True,False,False,False,False,False,False,True,False
2025-08-22,dynamic80_top1_rs20_31_bonus_proxy,5309,系統電,TPEx,1.0,0.4681090584494647,0.4763848033089173,1.0,34,34,False,False,True,True,True,0.5596782957361817,0.4681090584494647,0.4660929732362737,weekly_signal_close,RS20_plus_31_high_confidence_context_bonus,False,,,False,False,missing_selected_stock_price_registry_row,adjusted_close_exact > tradable_close_proxy > blocked,selected_ticker_adjusted_close_path_only,False,True,False,False,False,False,False,False,True,False
2025-08-29,dynamic80_top1_rs20_31_bonus_proxy,1519,華城,TWSE,1.0,32.49591870338163,0.2381369646786493,1.0,13,13,False,True,True,True,False,0.6294153173169379,32.51591870338164,32.52738946924748,weekly_signal_close,RS20_plus_31_high_confidence_context_bonus,False,,,False,False,missing_selected_stock_price_registry_row,adjusted_close_exact > tradable_close_proxy > blocked,selected_ticker_adjusted_close_path_only,False,True,False,False,False,False,False,False,True,False
2025-09-05,dynamic80_top1_rs20_31_bonus_proxy,6515,穎崴,TWSE,1.0,0.5163911718046383,0.3823325649362183,1.0,41,41,False,False,True,True,False,0.520102305098384,0.5163911718046383,0.5423962870595576,weekly_signal_close,RS20_plus_31_high_confidence_context_bonus,False,,,False,False,missing_selected_stock_price_registry_row,adjusted_close_exact > tradable_close_proxy > blocked,selected_ticker_adjusted_close_path_only,False,True,False,False,False,False,False,False,True,False
2025-09-12,dynamic80_top1_rs20_31_bonus_proxy,3305,昇貿,TWSE,1.0,0.6924099383315412,1.5706643763136496,1.0,51,51,False,False,True,True,False,0.5496168203344992,0.6924099383315412,0.7198907793482662,weekly_signal_close,RS20_plus_31_high_confidence_context_bonus,False,,,False,False,missing_selected_stock_price_registry_row,adjusted_close_exact > tradable_close_proxy > blocked,selected_ticker_adjusted_close_path_only,False,True,False,False,False,False,False,False,True,False
2025-09-19,dynamic80_top1_rs20_31_bonus_proxy,8299,群聯,TPEx,1.0,0.4249778206171601,0.2410170015852368,1.0,79,79,False,False,True,True,False,0.5059227902051431,0.4249778206171601,0.4502739601274172,weekly_signal_close,RS20_plus_31_high_confidence_context_bonus,False,,,False,False,missing_selected_stock_price_registry_row,adjusted_close_exact > tradable_close_proxy > blocked,selected_ticker_adjusted_close_path_only,False,True,False,False,False,False,False,False,True,False
2025-09-26,dynamic80_top1_rs20_31_bonus_proxy,1504,東元,TWSE,1.0,0.300700334499667,0.7585531396839085,1.0,68,68,False,False,True,True,False,0.6064003751384041,0.300700334499667,0.3310203532565872,weekly_signal_close,RS20_plus_31_high_confidence_context_bonus,False,,,False,False,missing_selected_stock_price_registry_row,adjusted_close_exact > tradable_close_proxy > blocked,selected_ticker_adjusted_close_path_only,False,True,False,False,False,False,False,False,True,False
2025-10-03,dynamic80_top1_rs20_31_bonus_proxy,8299,群聯,TPEx,1.0,0.5771025429584791,0.4576367875428764,1.0,4,4,False,True,True,True,False,0.6985989189894313,0.5971025429584791,0.6120324889079506,weekly_signal_close,RS20_plus_31_high_confidence_context_bonus,False,,,False,False,missing_selected_stock_price_registry_row,adjusted_close_exact > tradable_close_proxy > blocked,selected_ticker_adjusted_close_path_only,False,True,False,False,False,False,False,False,True,False
2025-10-09,dynamic80_top1_rs20_31_bonus_proxy,8271,宇瞻,TWSE,1.0,0.1831960120499318,0.4098043422673796,1.0,16,16,False,True,True,True,False,0.6432028512712582,0.2031960120499318,0.2153561546134947,weekly_signal_close,RS20_plus_31_high_confidence_context_bonus,False,,,False,False,missing_selected_stock_price_registry_row,adjusted_close_exact > tradable_close_proxy > blocked,selected_ticker_adjusted_close_path_only,False,True,False,False,False,False,False,False,True,False
2025-10-17,dynamic80_top1_rs20_31_bonus_proxy,8271,宇瞻,TWSE,1.0,0.6031699813792775,0.9262026134256274,1.0,45,45,False,False,True,True,True,0.6085299144647688,0.6031699813792775,0.6035964771025158,weekly_signal_close,RS20_plus_31_high_confidence_context_bonus,False,,,False,False,missing_selected_stock_price_registry_row,adjusted_close_exact > tradable_close_proxy > blocked,selected_ticker_adjusted_close_path_only,False,True,False,False,False,False,False,False,True,False
2025-10-23,dynamic80_top1_rs20_31_bonus_proxy,8103,瀚荃,TWSE,1.0,0.4260041772338832,0.6592104683552324,1.0,75,75,False,False,True,True,False,0.5575315339519648,0.4260041772338832,0.4538807539314814,weekly_signal_close,RS20_plus_31_high_confidence_context_bonus,False,,,False,False,missing_selected_stock_price_registry_row,adjusted_close_exact > tradable_close_proxy > blocked,selected_ticker_adjusted_close_path_only,False,True,False,False,False,False,False,False,True,False
2025-10-31,dynamic80_top1_rs20_31_bonus_proxy,8996,高力,TWSE,1.0,0.7678061874117383,0.767946845805844,1.0,5,5,False,True,True,True,False,0.684492370947379,0.7878061874117384,0.8020308059591073,weekly_signal_close,RS20_plus_31_high_confidence_context_bonus,False,,,False,False,missing_selected_stock_price_registry_row,adjusted_close_exact > tradable_close_proxy > blocked,selected_ticker_adjusted_close_path_only,False,True,False,False,False,False,False,False,True,False
2025-11-07,dynamic80_top1_rs20_31_bonus_proxy,8271,宇瞻,TWSE,1.0,0.3483862487681846,0.5685278364169433,1.0,70,70,False,False,True,True,False,0.5692017103552701,0.3483862487681846,0.3768463342859481,weekly_signal_close,RS20_plus_31_high_confidence_context_bonus,False,,,False,False,missing_selected_stock_price_registry_row,adjusted_close_exact > tradable_close_proxy > blocked,selected_ticker_adjusted_close_path_only,False,True,False,False,False,False,False,False,True,False
2025-11-14,dynamic80_top1_rs20_31_bonus_proxy,2451,創見,TWSE,1.0,0.425652770532135,0.836297688608705,1.0,79,79,False,False,True,True,False,0.5445728576046897,0.425652770532135,0.4528814134123695,weekly_signal_close,RS20_plus_31_high_confidence_context_bonus,False,,,False,False,missing_selected_stock_price_registry_row,adjusted_close_exact > tradable_close_proxy > blocked,selected_ticker_adjusted_close_path_only,False,True,False,False,False,False,False,False,True,False
2025-11-21,dynamic80_top1_rs20_31_bonus_proxy,3167,大量,TWSE,1.0,0.2464454513844001,-0.2351996186252429,1.0,62,62,False,False,True,True,False,0.593579331244408,0.2464454513844001,0.2761244179466205,weekly_signal_close,RS20_plus_31_high_confidence_context_bonus,False,,,False,False,missing_selected_stock_price_registry_row,adjusted_close_exact > tradable_close_proxy > blocked,selected_ticker_adjusted_close_path_only,False,True,False,False,False,False,False,False,True,False
2025-11-28,dynamic80_top1_rs20_31_bonus_proxy,2451,創見,TWSE,1.0,0.4181977572889972,0.6494464333717163,1.0,63,63,False,False,True,True,False,0.5491421985540783,0.4181977572889972,0.4456548672167011,weekly_signal_close,RS20_plus_31_high_confidence_context_bonus,False,,,False,False,missing_selected_stock_price_registry_row,adjusted_close_exact > tradable_close_proxy > blocked,selected_ticker_adjusted_close_path_only,False,True,False,False,False,False,False,False,True,False
2025-12-05,dynamic80_top1_rs20_31_bonus_proxy,3163,波若威,TPEx,1.0,0.4185416328199178,0.108677266235255,1.0,67,67,False,False,True,True,False,0.5478200927815189,0.4185416328199178,0.4459326374589937,weekly_signal_close,RS20_plus_31_high_confidence_context_bonus,False,,,False,False,missing_selected_stock_price_registry_row,adjusted_close_exact > tradable_close_proxy > blocked,selected_ticker_adjusted_close_path_only,False,True,False,False,False,False,False,False,True,False
2025-12-12,dynamic80_top1_rs20_31_bonus_proxy,8039,台虹,TWSE,1.0,0.5350810725313653,0.3957678036886782,1.0,58,58,False,False,True,True,False,0.5472050218528901,0.5350810725313653,0.5624413236240098,weekly_signal_close,RS20_plus_31_high_confidence_context_bonus,False,,,False,False,missing_selected_stock_price_registry_row,adjusted_close_exact > tradable_close_proxy > blocked,selected_ticker_adjusted_close_path_only,False,True,False,False,False,False,False,False,True,False
2025-12-19,dynamic80_top1_rs20_31_bonus_proxy,6788,華景電,TPEx,1.0,0.497488690859055,0.1416260274145775,1.0,24,24,False,True,True,True,False,0.6436569910522879,0.517488690859055,0.5296715404116694,weekly_signal_close,RS20_plus_31_high_confidence_context_bonus,False,,,False,False,missing_selected_stock_price_registry_row,adjusted_close_exact > tradable_close_proxy > blocked,selected_ticker_adjusted_close_path_only,False,True,False,False,False,False,False,False,True,False
2025-12-26,dynamic80_top1_rs20_31_bonus_proxy,6788,華景電,TPEx,1.0,0.5536489634034343,0.262334645084417,1.0,28,28,False,True,True,True,False,0.6381606447938204,0.5736489634034343,0.5855569956431252,weekly_signal_close,RS20_plus_31_high_confidence_context_bonus,False,,,False,False,missing_selected_stock_price_registry_row,adjusted_close_exact > tradable_close_proxy > blocked,selected_ticker_adjusted_close_path_only,False,True,False,False,False,False,False,False,True,False
2026-01-02,dynamic80_top1_rs20_31_bonus_proxy,6903,巨漢,TPEx,1.0,0.5124579361710861,0.6741867328983813,1.0,34,34,False,False,True,True,False,0.6250273873930637,0.5124579361710861,0.5437093055407394,weekly_signal_close,RS20_plus_31_high_confidence_context_bonus,False,,,False,False,missing_selected_stock_price_registry_row,adjusted_close_exact > tradable_close_proxy > blocked,selected_ticker_adjusted_close_path_only,False,True,False,False,False,False,False,False,True,False
2026-01-09,dynamic80_top1_rs20_31_bonus_proxy,2313,華通,TWSE,1.0,0.2943378983704439,0.2242586489889091,1.0,76,76,False,False,True,True,False,0.547357567220818,0.2943378983704439,0.3217057767314847,weekly_signal_close,RS20_plus_31_high_confidence_context_bonus,False,,,False,False,missing_selected_stock_price_registry_row,adjusted_close_exact > tradable_close_proxy > blocked,selected_ticker_adjusted_close_path_only,False,True,False,False,False,False,False,False,True,False
2026-01-16,dynamic80_top1_rs20_31_bonus_proxy,8088,品安,TPEx,1.0,0.4392432288214478,0.2461761355431995,1.0,71,71,False,False,True,True,False,0.5561468559193559,0.4392432288214478,0.4670505716174156,weekly_signal_close,RS20_plus_31_high_confidence_context_bonus,False,,,False,False,missing_selected_stock_price_registry_row,adjusted_close_exact > tradable_close_proxy > blocked,selected_ticker_adjusted_close_path_only,False,True,False,False,False,False,False,False,True,False
2026-01-23,dynamic80_top1_rs20_31_bonus_proxy,8046,南電,TWSE,1.0,0.4507968144323444,0.1772450676282309,1.0,55,55,False,False,True,True,False,0.575192998464671,0.4507968144323444,0.4795564643555779,weekly_signal_close,RS20_plus_31_high_confidence_context_bonus,False,,,False,False,missing_selected_stock_price_registry_row,adjusted_close_exact > tradable_close_proxy > blocked,selected_ticker_adjusted_close_path_only,False,True,False,False,False,False,False,False,True,False
2026-01-30,dynamic80_top1_rs20_31_bonus_proxy,3081,聯亞,TPEx,1.0,0.4628032079579927,1.4048239987635165,1.0,11,11,False,True,True,True,False,0.6699089790670955,0.4828032079579927,0.4962986569113474,weekly_signal_close,RS20_plus_31_high_confidence_context_bonus,False,,,False,False,missing_selected_stock_price_registry_row,adjusted_close_exact > tradable_close_proxy > blocked,selected_ticker_adjusted_close_path_only,False,True,False,False,False,False,False,False,True,False
2026-02-06,dynamic80_top1_rs20_31_bonus_proxy,5386,青雲,TPEx,1.0,0.4427733331778436,0.5476734112378729,1.0,56,56,False,False,True,True,False,0.5764541414386452,0.4427733331778436,0.4715960402497758,weekly_signal_close,RS20_plus_31_high_confidence_context_bonus,False,,,False,False,missing_selected_stock_price_registry_row,adjusted_close_exact > tradable_close_proxy > blocked,selected_ticker_adjusted_close_path_only,False,True,False,False,False,False,False,False,True,False
2026-02-11,dynamic80_top1_rs20_31_bonus_proxy,2489,瑞軒,TWSE,1.0,0.6086228056368719,0.5240031372141394,1.0,80,80,False,False,True,True,False,0.4683881652235257,0.6086228056368719,0.6320422138980482,weekly_signal_close,RS20_plus_31_high_confidence_context_bonus,False,,,False,False,missing_selected_stock_price_registry_row,adjusted_close_exact > tradable_close_proxy > blocked,selected_ticker_adjusted_close_path_only,False,True,False,False,False,False,False,False,True,False
2026-02-26,dynamic80_top1_rs20_31_bonus_proxy,3081,聯亞,TPEx,1.0,0.6319915544523735,1.6333963414414212,1.0,42,42,False,False,True,True,False,0.5277459219759634,0.6319915544523735,0.6583788505511717,weekly_signal_close,RS20_plus_31_high_confidence_context_bonus,False,,,False,False,missing_selected_stock_price_registry_row,adjusted_close_exact > tradable_close_proxy > blocked,selected_ticker_adjusted_close_path_only,False,True,False,False,False,False,False,False,True,False
2026-03-06,dynamic80_top1_rs20_31_bonus_proxy,6187,萬潤,TPEx,1.0,0.5192192487502623,0.4120169846246224,1.0,16,16,False,True,True,True,False,0.5565256082345624,0.5392192487502623,0.5470455291619903,weekly_signal_close,RS20_plus_31_high_confidence_context_bonus,False,,,False,False,missing_selected_stock_price_registry_row,adjusted_close_exact > tradable_close_proxy > blocked,selected_ticker_adjusted_close_path_only,False,True,False,False,False,False,False,False,True,False
2026-03-13,dynamic80_top1_rs20_31_bonus_proxy,3529,力旺,TPEx,2.0,0.4263315620077288,0.0156659137183978,2.0,28,28,False,True,True,True,False,0.538323937880017,0.4463315620077288,0.4532477589017296,weekly_signal_close,RS20_plus_31_high_confidence_context_bonus,False,,,False,False,missing_selected_stock_price_registry_row,adjusted_close_exact > tradable_close_proxy > blocked,selected_ticker_adjusted_close_path_only,False,True,False,False,False,False,False,False,True,False
2026-03-20,dynamic80_top1_rs20_31_bonus_proxy,4991,環宇-KY,TPEx,1.0,0.6244729589110625,1.2268987432339435,1.0,59,59,False,False,True,True,False,0.4459232532686097,0.6244729589110625,0.646769121574493,weekly_signal_close,RS20_plus_31_high_confidence_context_bonus,False,,,False,False,missing_selected_stock_price_registry_row,adjusted_close_exact > tradable_close_proxy > blocked,selected_ticker_adjusted_close_path_only,False,True,False,False,False,False,False,False,True,False
2026-03-27,dynamic80_top1_rs20_31_bonus_proxy,1785,光洋科,TPEx,1.0,0.6256248279290826,0.3353977990419692,1.0,51,51,False,False,True,True,True,0.5010480584712687,0.6256248279290826,0.620677230852646,weekly_signal_close,RS20_plus_31_high_confidence_context_bonus,False,,,False,False,missing_selected_stock_price_registry_row,adjusted_close_exact > tradable_close_proxy > blocked,selected_ticker_adjusted_close_path_only,False,True,False,False,False,False,False,False,True,False
2026-04-02,dynamic80_top1_rs20_31_bonus_proxy,1785,光洋科,TPEx,1.0,0.4496773699362739,0.1583236592441794,1.0,18,18,False,True,True,True,False,0.5830293197496518,0.4696773699362739,0.4788288359237564,weekly_signal_close,RS20_plus_31_high_confidence_context_bonus,False,,,False,False,missing_selected_stock_price_registry_row,adjusted_close_exact > tradable_close_proxy > blocked,selected_ticker_adjusted_close_path_only,False,True,False,False,False,False,False,False,True,False
2026-04-10,dynamic80_top1_rs20_31_bonus_proxy,3583,辛耘,TWSE,1.0,0.7789659612238535,0.7621031090365804,1.0,14,14,False,True,True,True,False,0.5501742714228154,0.7989659612238535,0.8064746747949944,weekly_signal_close,RS20_plus_31_high_confidence_context_bonus,False,,,False,False,missing_selected_stock_price_registry_row,adjusted_close_exact > tradable_close_proxy > blocked,selected_ticker_adjusted_close_path_only,False,True,False,False,False,False,False,False,True,False
2026-04-17,dynamic80_top1_rs20_31_bonus_proxy,7610,聯友金屬-創,TWSE,1.0,0.9059194263493248,2.9482063777799032,1.0,80,80,False,True,True,True,True,0.4135940567114147,0.9259194263493248,0.8965991291848955,weekly_signal_close,RS20_plus_31_high_confidence_context_bonus,False,,,False,False,missing_selected_stock_price_registry_row,adjusted_close_exact > tradable_close_proxy > blocked,selected_ticker_adjusted_close_path_only,False,True,False,False,False,False,False,False,True,False
2026-04-24,dynamic80_top1_rs20_31_bonus_proxy,7734,印能科技,TPEx,1.0,0.8825674971776685,2.536091771211732,1.0,38,38,False,False,True,True,False,0.5207592241255582,0.8825674971776685,0.9086054583839464,weekly_signal_close,RS20_plus_31_high_confidence_context_bonus,False,,,False,False,missing_selected_stock_price_registry_row,adjusted_close_exact > tradable_close_proxy > blocked,selected_ticker_adjusted_close_path_only,False,True,False,False,False,False,False,False,True,False
2026-04-30,dynamic80_top1_rs20_31_bonus_proxy,6531,愛普*,TWSE,1.0,0.6495886060524432,0.5042602534751528,1.0,64,64,False,False,True,True,False,0.5020093761666818,0.6495886060524432,0.6746890748607772,weekly_signal_close,RS20_plus_31_high_confidence_context_bonus,False,,,False,False,missing_selected_stock_price_registry_row,adjusted_close_exact > tradable_close_proxy > blocked,selected_ticker_adjusted_close_path_only,False,True,False,False,False,False,False,False,True,False
2026-05-08,dynamic80_top1_rs20_31_bonus_proxy,6173,信昌電,TPEx,1.0,0.7171540205116871,0.3744964552326399,1.0,66,66,False,False,True,True,False,0.522923304637838,0.7171540205116871,0.743300185743579,weekly_signal_close,RS20_plus_31_high_confidence_context_bonus,False,,,False,False,missing_selected_stock_price_registry_row,adjusted_close_exact > tradable_close_proxy > blocked,selected_ticker_adjusted_close_path_only,False,True,False,False,False,False,False,False,True,False
2026-05-15,dynamic80_top1_rs20_31_bonus_proxy,6173,信昌電,TPEx,1.0,0.7250844663785683,1.1275316243768574,1.0,79,79,False,False,True,True,False,0.514826593319386,0.7250844663785683,0.7508257960445376,weekly_signal_close,RS20_plus_31_high_confidence_context_bonus,False,,,False,False,missing_selected_stock_price_registry_row,adjusted_close_exact > tradable_close_proxy > blocked,selected_ticker_adjusted_close_path_only,False,True,False,False,False,False,False,False,True,False
2026-05-22,dynamic80_top1_rs20_31_bonus_proxy,6182,合晶,TPEx,1.0,0.5906351659550506,0.7689809987237248,1.0,18,18,False,True,True,True,False,0.5829752312839536,0.6106351659550506,0.6197839275192483,weekly_signal_close,RS20_plus_31_high_confidence_context_bonus,False,,,False,False,missing_selected_stock_price_registry_row,adjusted_close_exact > tradable_close_proxy > blocked,selected_ticker_adjusted_close_path_only,False,True,False,False,False,False,False,False,True,False
2026-05-29,dynamic80_top1_rs20_31_bonus_proxy,4973,廣穎,TPEx,1.0,0.7607501942277446,2.3695826472168555,1.0,74,74,False,False,True,True,False,0.4779926305235246,0.7607501942277446,0.7846498257539208,weekly_signal_close,RS20_plus_31_high_confidence_context_bonus,False,,,False,False,missing_selected_stock_price_registry_row,adjusted_close_exact > tradable_close_proxy > blocked,selected_ticker_adjusted_close_path_only,False,True,False,False,False,False,False,False,True,False
2026-06-05,dynamic80_top1_rs20_31_bonus_proxy,8454,富邦媒,TWSE,1.0,0.7273090522263692,0.5981725866646328,1.0,50,50,False,False,True,False,False,0.5593125380876527,0.7273090522263692,0.7552746791307519,weekly_signal_close,RS20_plus_31_high_confidence_context_bonus,False,,,False,False,missing_selected_stock_price_registry_row,adjusted_close_exact > tradable_close_proxy > blocked,selected_ticker_adjusted_close_path_only,False,True,False,False,False,False,False,False,True,False
2026-06-12,dynamic80_top1_rs20_31_bonus_proxy,3090,日電貿,TWSE,1.0,0.7341586695677889,1.2299283115627675,1.0,73,73,False,False,True,True,False,0.529507648429021,0.7341586695677889,0.76063405198924,weekly_signal_close,RS20_plus_31_high_confidence_context_bonus,False,,,False,False,missing_selected_stock_price_registry_row,adjusted_close_exact > tradable_close_proxy > blocked,selected_ticker_adjusted_close_path_only,False,True,False,False,False,False,False,False,True,False
2026-06-18,dynamic80_top1_rs20_31_bonus_proxy,2344,華邦電,TWSE,1.0,0.797209131351962,0.5874402533159233,1.0,51,51,False,False,True,True,False,0.5403292950659585,0.797209131351962,0.8242255961052599,weekly_signal_close,RS20_plus_31_high_confidence_context_bonus,False,,,False,False,missing_selected_stock_price_registry_row,adjusted_close_exact > tradable_close_proxy > blocked,selected_ticker_adjusted_close_path_only,False,True,False,False,False,False,False,False,True,False
2026-06-26,dynamic80_top1_rs20_31_bonus_proxy,8454,富邦媒,TWSE,1.0,0.5241293684167057,0.3982599271089817,1.0,55,55,False,False,True,True,False,0.5632594211871792,0.5241293684167057,0.5522923394760646,weekly_signal_close,RS20_plus_31_high_confidence_context_bonus,False,,,False,False,missing_selected_stock_price_registry_row,adjusted_close_exact > tradable_close_proxy > blocked,selected_ticker_adjusted_close_path_only,False,True,False,False,False,False,False,False,True,False
2026-06-29,dynamic80_top1_rs20_31_bonus_proxy,2887,台新新光金,TWSE,1.0,0.4208663929348837,-0.02026387550661,1.0,8,8,False,True,True,True,False,0.693274619348503,0.4408663929348837,0.4555301239023088,weekly_signal_close,RS20_plus_31_high_confidence_context_bonus,False,,,False,False,missing_selected_stock_price_registry_row,adjusted_close_exact > tradable_close_proxy > blocked,selected_ticker_adjusted_close_path_only,False,True,False,False,False,False,False,False,True,False
2015-01-09,dynamic80_top1_rs20_proxy,1101,台泥,TWSE,,,,,63,63,False,False,True,True,True,0.3723831536410255,0.0,-0.0113808423179487,weekly_signal_close,top1_by_RS20_within_layer4_80_primary_pool,False,,,False,False,missing_selected_stock_price_registry_row,adjusted_close_exact > tradable_close_proxy > blocked,selected_ticker_adjusted_close_path_only,False,True,False,False,False,False,False,False,True,False
2015-01-16,dynamic80_top1_rs20_proxy,1101,台泥,TWSE,,,,,51,51,False,False,True,True,True,0.4208377172198581,0.0,-0.008958114139007,weekly_signal_close,top1_by_RS20_within_layer4_80_primary_pool,False,,,False,False,missing_selected_stock_price_registry_row,adjusted_close_exact > tradable_close_proxy > blocked,selected_ticker_adjusted_close_path_only,False,True,False,False,False,False,False,False,True,False
2015-01-23,dynamic80_top1_rs20_proxy,1301,台塑,TWSE,,,,,76,76,False,False,True,True,True,0.3788049841702127,0.0,-0.0110597507914893,weekly_signal_close,top1_by_RS20_within_layer4_80_primary_pool,False,,,False,False,missing_selected_stock_price_registry_row,adjusted_close_exact > tradable_close_proxy > blocked,selected_ticker_adjusted_close_path_only,False,True,False,False,False,False,False,False,True,False
2015-01-30,dynamic80_top1_rs20_proxy,1101,台泥,TWSE,,,,,30,30,False,True,True,True,True,0.4344871887163923,0.02,-0.0082756405641803,weekly_signal_close,top1_by_RS20_within_layer4_80_primary_pool,False,,,False,False,missing_selected_stock_price_registry_row,adjusted_close_exact > tradable_close_proxy > blocked,selected_ticker_adjusted_close_path_only,False,True,False,False,False,False,False,False,True,False
2015-02-06,dynamic80_top1_rs20_proxy,5474,聰泰,TPEx,1.0,0.2842861405395422,,1.0,76,76,False,False,True,True,False,0.6274688103711632,0.2842861405395422,0.3156595810581004,weekly_signal_close,top1_by_RS20_within_layer4_80_primary_pool,False,,,False,False,missing_selected_stock_price_registry_row,adjusted_close_exact > tradable_close_proxy > blocked,selected_ticker_adjusted_close_path_only,False,True,False,False,False,False,False,False,True,False
2015-02-13,dynamic80_top1_rs20_proxy,9938,百和,TWSE,1.0,0.216290352136216,,1.0,71,71,False,False,True,True,False,0.6285978759114448,0.216290352136216,0.2477202459317882,weekly_signal_close,top1_by_RS20_within_layer4_80_primary_pool,False,,,False,False,missing_selected_stock_price_registry_row,adjusted_close_exact > tradable_close_proxy > blocked,selected_ticker_adjusted_close_path_only,False,True,False,False,False,False,False,False,True,False
2015-02-26,dynamic80_top1_rs20_proxy,9938,百和,TWSE,1.0,0.3121026551376851,,1.0,76,76,False,False,True,True,False,0.6335600417340088,0.3121026551376851,0.3437806572243855,weekly_signal_close,top1_by_RS20_within_layer4_80_primary_pool,False,,,False,False,missing_selected_stock_price_registry_row,adjusted_close_exact > tradable_close_proxy > blocked,selected_ticker_adjusted_close_path_only,False,True,False,False,False,False,False,False,True,False
2015-03-06,dynamic80_top1_rs20_proxy,9938,百和,TWSE,1.0,0.3286853365133673,,1.0,70,70,False,False,True,True,False,0.6389479486109879,0.3286853365133673,0.3606327339439167,weekly_signal_close,top1_by_RS20_within_layer4_80_primary_pool,False,,,False,False,missing_selected_stock_price_registry_row,adjusted_close_exact > tradable_close_proxy > blocked,selected_ticker_adjusted_close_path_only,False,True,False,False,False,False,False,False,True,False
2015-03-13,dynamic80_top1_rs20_proxy,1589,永冠-KY,TWSE,1.0,0.2969895381185843,,1.0,61,61,False,False,True,True,False,0.6376165733158319,0.2969895381185843,0.3288703667843759,weekly_signal_close,top1_by_RS20_within_layer4_80_primary_pool,False,,,False,False,missing_selected_stock_price_registry_row,adjusted_close_exact > tradable_close_proxy > blocked,selected_ticker_adjusted_close_path_only,False,True,False,False,False,False,False,False,True,False
2015-03-20,dynamic80_top1_rs20_proxy,4733,上緯,TWSE,1.0,0.4857330290549246,,1.0,73,73,False,False,True,True,False,0.628893535482546,0.4857330290549246,0.5171777058290519,weekly_signal_close,top1_by_RS20_within_layer4_80_primary_pool,False,,,False,False,missing_selected_stock_price_registry_row,adjusted_close_exact > tradable_close_proxy > blocked,selected_ticker_adjusted_close_path_only,False,True,False,False,False,False,False,False,True,False
2015-03-27,dynamic80_top1_rs20_proxy,4733,上緯,TWSE,1.0,0.4196021850702121,,1.0,69,69,False,False,True,True,False,0.6388508611523461,0.4196021850702121,0.4515447281278293,weekly_signal_close,top1_by_RS20_within_layer4_80_primary_pool,False,,,False,False,missing_selected_stock_price_registry_row,adjusted_close_exact > tradable_close_proxy > blocked,selected_ticker_adjusted_close_path_only,False,True,False,False,False,False,False,False,True,False
2015-04-02,dynamic80_top1_rs20_proxy,1452,宏益,TWSE,1.0,0.3923722908314008,,1.0,38,38,False,False,True,True,False,0.6666131937753005,0.3923722908314008,0.4257029505201658,weekly_signal_close,top1_by_RS20_within_layer4_80_primary_pool,False,,,False,False,missing_selected_stock_price_registry_row,adjusted_close_exact > tradable_close_proxy > blocked,selected_ticker_adjusted_close_path_only,False,True,False,False,False,False,False,False,True,False
2015-04-10,dynamic80_top1_rs20_proxy,3455,由田,TPEx,1.0,0.4837221593320531,0.5142651243103862,1.0,79,79,False,False,True,True,False,0.6069227739638147,0.4837221593320531,0.5140682980302438,weekly_signal_close,top1_by_RS20_within_layer4_80_primary_pool,False,,,False,False,missing_selected_stock_price_registry_row,adjusted_close_exact > tradable_close_proxy > blocked,selected_ticker_adjusted_close_path_only,False,True,False,False,False,False,False,False,True,False
2015-04-17,dynamic80_top1_rs20_proxy,4153,鈺緯,TPEx,1.0,0.2339343883135315,0.4065406421359554,1.0,66,66,False,False,True,True,False,0.6373811844179628,0.2339343883135315,0.2658034475344296,weekly_signal_close,top1_by_RS20_within_layer4_80_primary_pool,False,,,False,False,missing_selected_stock_price_registry_row,adjusted_close_exact > tradable_close_proxy > blocked,selected_ticker_adjusted_close_path_only,False,True,False,False,False,False,False,False,True,False
2015-04-24,dynamic80_top1_rs20_proxy,8341,日友,TWSE,1.0,0.4671914622122437,,1.0,41,41,False,False,True,True,False,0.6438590220364038,0.4671914622122437,0.4993844133140639,weekly_signal_close,top1_by_RS20_within_layer4_80_primary_pool,False,,,False,False,missing_selected_stock_price_registry_row,adjusted_close_exact > tradable_close_proxy > blocked,selected_ticker_adjusted_close_path_only,False,True,False,False,False,False,False,False,True,False
2015-04-30,dynamic80_top1_rs20_proxy,1464,得力,TWSE,1.0,0.3955454854922073,0.6578124725616907,1.0,80,80,False,False,True,True,False,0.6247347956154388,0.3955454854922073,0.4267822252729792,weekly_signal_close,top1_by_RS20_within_layer4_80_primary_pool,False,,,False,False,missing_selected_stock_price_registry_row,adjusted_close_exact > tradable_close_proxy > blocked,selected_ticker_adjusted_close_path_only,False,True,False,False,False,False,False,False,True,False
2015-05-08,dynamic80_top1_rs20_proxy,3008,大立光,TWSE,1.0,0.1482789190814333,0.1450535034547706,1.0,34,34,False,False,True,True,False,0.6993349067377522,0.1482789190814333,0.1832456644183209,weekly_signal_close,top1_by_RS20_within_layer4_80_primary_pool,False,,,False,False,missing_selected_stock_price_registry_row,adjusted_close_exact > tradable_close_proxy > blocked,selected_ticker_adjusted_close_path_only,False,True,False,False,False,False,False,False,True,False
2015-05-15,dynamic80_top1_rs20_proxy,6147,頎邦,TPEx,1.0,0.1497941068985955,0.1100231653902119,1.0,40,40,False,False,True,True,False,0.6849058425983826,0.1497941068985955,0.1840393990285146,weekly_signal_close,top1_by_RS20_within_layer4_80_primary_pool,False,,,False,False,missing_selected_stock_price_registry_row,adjusted_close_exact > tradable_close_proxy > blocked,selected_ticker_adjusted_close_path_only,False,True,False,False,False,False,False,False,True,False
2015-05-22,dynamic80_top1_rs20_proxy,3552,同致,TPEx,1.0,0.2573425457051304,0.4030540083157443,1.0,74,74,False,False,True,True,False,0.6227062158320278,0.2573425457051304,0.2884778564967317,weekly_signal_close,top1_by_RS20_within_layer4_80_primary_pool,False,,,False,False,missing_selected_stock_price_registry_row,adjusted_close_exact > tradable_close_proxy > blocked,selected_ticker_adjusted_close_path_only,False,True,False,False,False,False,False,False,True,False
2015-05-29,dynamic80_top1_rs20_proxy,3556,禾瑞亞,TPEx,1.0,0.2530948711268721,0.3365101781350725,1.0,46,46,False,False,True,True,False,0.6339784073876802,0.2530948711268721,0.2847937914962561,weekly_signal_close,top1_by_RS20_within_layer4_80_primary_pool,False,,,False,False,missing_selected_stock_price_registry_row,adjusted_close_exact > tradable_close_proxy > blocked,selected_ticker_adjusted_close_path_only,False,True,False,False,False,False,False,False,True,False
2015-06-05,dynamic80_top1_rs20_proxy,1457,宜進,TWSE,1.0,0.2659202244151356,0.3424789311102377,1.0,64,64,False,False,True,True,False,0.6086489762626317,0.2659202244151356,0.2963526732282671,weekly_signal_close,top1_by_RS20_within_layer4_80_primary_pool,False,,,False,False,missing_selected_stock_price_registry_row,adjusted_close_exact > tradable_close_proxy > blocked,selected_ticker_adjusted_close_path_only,False,True,False,False,False,False,False,False,True,False
2015-06-12,dynamic80_top1_rs20_proxy,6414,樺漢,TWSE,1.0,0.2497816509966501,0.2912930500587187,1.0,17,17,False,True,True,True,False,0.7111634138882917,0.2697816509966501,0.2853398216910647,weekly_signal_close,top1_by_RS20_within_layer4_80_primary_pool,False,,,False,False,missing_selected_stock_price_registry_row,adjusted_close_exact > tradable_close_proxy > blocked,selected_ticker_adjusted_close_path_only,False,True,False,False,False,False,False,False,True,False
2015-06-18,dynamic80_top1_rs20_proxy,3529,力旺,TPEx,1.0,0.3091145032045271,0.4288038284850882,1.0,12,12,False,True,True,True,False,0.7072111872357784,0.3291145032045271,0.344475062566316,weekly_signal_close,top1_by_RS20_within_layer4_80_primary_pool,False,,,False,False,missing_selected_stock_price_registry_row,adjusted_close_exact > tradable_close_proxy > blocked,selected_ticker_adjusted_close_path_only,False,True,False,False,False,False,False,False,True,False
2015-06-26,dynamic80_top1_rs20_proxy,9802,鈺齊-KY,TWSE,1.0,0.1877896504001577,0.0635506746029999,1.0,52,52,False,False,True,True,False,0.6261641602300977,0.1877896504001577,0.2190978584116625,weekly_signal_close,top1_by_RS20_within_layer4_80_primary_pool,False,,,False,False,missing_selected_stock_price_registry_row,adjusted_close_exact > tradable_close_proxy > blocked,selected_ticker_adjusted_close_path_only,False,True,False,False,False,False,False,False,True,False
2015-07-03,dynamic80_top1_rs20_proxy,2455,全新,TWSE,1.0,0.306416859676935,0.3432310400809761,1.0,63,63,False,False,True,True,False,0.6125883216937744,0.306416859676935,0.3370462757616237,weekly_signal_close,top1_by_RS20_within_layer4_80_primary_pool,False,,,False,False,missing_selected_stock_price_registry_row,adjusted_close_exact > tradable_close_proxy > blocked,selected_ticker_adjusted_close_path_only,False,True,False,False,False,False,False,False,True,False
2015-07-09,dynamic80_top1_rs20_proxy,6217,中探針,TPEx,1.0,0.2600212193411133,0.0728464430646238,1.0,67,67,False,False,True,True,False,0.6016849435485092,0.2600212193411133,0.2901054665185387,weekly_signal_close,top1_by_RS20_within_layer4_80_primary_pool,False,,,False,False,missing_selected_stock_price_registry_row,adjusted_close_exact > tradable_close_proxy > blocked,selected_ticker_adjusted_close_path_only,False,True,False,False,False,False,False,False,True,False
2015-07-17,dynamic80_top1_rs20_proxy,8096,擎亞,TPEx,1.0,0.3895633306274597,-0.0678772327720957,1.0,67,67,False,False,True,True,False,0.600973947045907,0.3895633306274597,0.419612027979755,weekly_signal_close,top1_by_RS20_within_layer4_80_primary_pool,False,,,False,False,missing_selected_stock_price_registry_row,adjusted_close_exact > tradable_close_proxy > blocked,selected_ticker_adjusted_close_path_only,False,True,False,False,False,False,False,False,True,False
2015-07-24,dynamic80_top1_rs20_proxy,6217,中探針,TPEx,1.0,0.0949825440481971,0.0622534120063339,1.0,15,15,False,True,True,True,False,0.72166706007055,0.1149825440481971,0.1310658970517246,weekly_signal_close,top1_by_RS20_within_layer4_80_primary_pool,False,,,False,False,missing_selected_stock_price_registry_row,adjusted_close_exact > tradable_close_proxy > blocked,selected_ticker_adjusted_close_path_only,False,True,False,False,False,False,False,False,True,False
2015-07-31,dynamic80_top1_rs20_proxy,1707,葡萄王,TWSE,1.0,0.1297659186717495,0.245393948889063,1.0,67,67,False,False,True,True,False,0.5799188807511996,0.1297659186717495,0.1587618627093094,weekly_signal_close,top1_by_RS20_within_layer4_80_primary_pool,False,,,False,False,missing_selected_stock_price_registry_row,adjusted_close_exact > tradable_close_proxy > blocked,selected_ticker_adjusted_close_path_only,False,True,False,False,False,False,False,False,True,False
2015-08-07,dynamic80_top1_rs20_proxy,2383,台光電,TWSE,1.0,0.2067773294660638,0.3701983198796651,1.0,55,55,False,False,True,True,False,0.6023994943950431,0.2067773294660638,0.2368973041858159,weekly_signal_close,top1_by_RS20_within_layer4_80_primary_pool,False,,,False,False,missing_selected_stock_price_registry_row,adjusted_close_exact > tradable_close_proxy > blocked,selected_ticker_adjusted_close_path_only,False,True,False,False,False,False,False,False,True,False
2015-08-14,dynamic80_top1_rs20_proxy,2327,國巨*,TWSE,1.0,0.1664298291216331,-0.0576108292832057,1.0,66,66,False,False,True,True,False,0.5611918482178335,0.1664298291216331,0.1944894215325247,weekly_signal_close,top1_by_RS20_within_layer4_80_primary_pool,False,,,False,False,missing_selected_stock_price_registry_row,adjusted_close_exact > tradable_close_proxy > blocked,selected_ticker_adjusted_close_path_only,False,True,False,False,False,False,False,False,True,False
2015-08-21,dynamic80_top1_rs20_proxy,9951,皇田,TPEx,1.0,0.2913706584412193,0.4317213708801344,1.0,80,80,False,False,True,True,False,0.5391857936818936,0.2913706584412193,0.3183299481253139,weekly_signal_close,top1_by_RS20_within_layer4_80_primary_pool,False,,,False,False,missing_selected_stock_price_registry_row,adjusted_close_exact > tradable_close_proxy > blocked,selected_ticker_adjusted_close_path_only,False,True,False,False,False,False,False,False,True,False
2015-08-28,dynamic80_top1_rs20_proxy,4528,江興鍛,TPEx,1.0,0.1392639073514104,-0.1442480853604498,1.0,74,74,False,False,True,True,False,0.5321829633236085,0.1392639073514104,0.1658730555175908,weekly_signal_close,top1_by_RS20_within_layer4_80_primary_pool,False,,,False,False,missing_selected_stock_price_registry_row,adjusted_close_exact > tradable_close_proxy > blocked,selected_ticker_adjusted_close_path_only,False,True,False,False,False,False,False,False,True,False
2015-09-04,dynamic80_top1_rs20_proxy,9951,皇田,TPEx,1.0,0.2904604971435524,0.3425388713821066,1.0,64,64,False,False,True,True,False,0.5630550129085946,0.2904604971435524,0.3186132477889821,weekly_signal_close,top1_by_RS20_within_layer4_80_primary_pool,False,,,False,False,missing_selected_stock_price_registry_row,adjusted_close_exact > tradable_close_proxy > blocked,selected_ticker_adjusted_close_path_only,False,True,False,False,False,False,False,False,True,False
2015-09-11,dynamic80_top1_rs20_proxy,6176,瑞儀,TWSE,1.0,0.2016597936367199,0.0150336032018668,1.0,40,40,False,False,True,True,False,0.5820361131308354,0.2016597936367199,0.2307615992932616,weekly_signal_close,top1_by_RS20_within_layer4_80_primary_pool,False,,,False,False,missing_selected_stock_price_registry_row,adjusted_close_exact > tradable_close_proxy > blocked,selected_ticker_adjusted_close_path_only,False,True,False,False,False,False,False,False,True,False
2015-09-18,dynamic80_top1_rs20_proxy,4162,智擎,TPEx,1.0,0.3322186683008827,0.0179179952335577,1.0,61,61,False,False,True,True,False,0.5569596698472263,0.3322186683008827,0.360066651793244,weekly_signal_close,top1_by_RS20_within_layer4_80_primary_pool,False,,,False,False,missing_selected_stock_price_registry_row,adjusted_close_exact > tradable_close_proxy > blocked,selected_ticker_adjusted_close_path_only,False,True,False,False,False,False,False,False,True,False
2015-09-25,dynamic80_top1_rs20_proxy,4162,智擎,TPEx,1.0,0.4050559069078443,0.0220246570383294,1.0,65,65,False,False,True,True,False,0.5616590056265393,0.4050559069078443,0.4331388571891713,weekly_signal_close,top1_by_RS20_within_layer4_80_primary_pool,False,,,False,False,missing_selected_stock_price_registry_row,adjusted_close_exact > tradable_close_proxy > blocked,selected_ticker_adjusted_close_path_only,False,True,False,False,False,False,False,False,True,False
2015-10-02,dynamic80_top1_rs20_proxy,1464,得力,TWSE,1.0,0.3807074606922913,0.2573770915133526,1.0,58,58,False,False,True,True,False,0.560568822258055,0.3807074606922913,0.408735901805194,weekly_signal_close,top1_by_RS20_within_layer4_80_primary_pool,False,,,False,False,missing_selected_stock_price_registry_row,adjusted_close_exact > tradable_close_proxy > blocked,selected_ticker_adjusted_close_path_only,False,True,False,False,False,False,False,False,True,False
2015-10-08,dynamic80_top1_rs20_proxy,6143,振曜,TPEx,1.0,0.3564414802216904,0.2682307448361871,1.0,72,72,False,False,True,True,False,0.6173938981992134,0.3564414802216904,0.3873111751316511,weekly_signal_close,top1_by_RS20_within_layer4_80_primary_pool,False,,,False,False,missing_selected_stock_price_registry_row,adjusted_close_exact > tradable_close_proxy > blocked,selected_ticker_adjusted_close_path_only,False,True,False,False,False,False,False,False,True,False
2015-10-16,dynamic80_top1_rs20_proxy,8433,弘帆,TPEx,1.0,0.411140835283921,0.5620987596844308,1.0,60,60,False,False,True,True,False,0.6194199075186287,0.411140835283921,0.4421118306598524,weekly_signal_close,top1_by_RS20_within_layer4_80_primary_pool,False,,,False,False,missing_selected_stock_price_registry_row,adjusted_close_exact > tradable_close_proxy > blocked,selected_ticker_adjusted_close_path_only,False,True,False,False,False,False,False,False,True,False
2015-10-23,dynamic80_top1_rs20_proxy,1527,鑽全,TWSE,1.0,0.189898761096994,0.5641632228479401,1.0,24,24,False,True,True,True,False,0.698022739702628,0.2098987610969939,0.2247998980821254,weekly_signal_close,top1_by_RS20_within_layer4_80_primary_pool,False,,,False,False,missing_selected_stock_price_registry_row,adjusted_close_exact > tradable_close_proxy > blocked,selected_ticker_adjusted_close_path_only,False,True,False,False,False,False,False,False,True,False
2015-10-30,dynamic80_top1_rs20_proxy,4129,聯合,TPEx,1.0,0.2343333965682059,0.5634993920562257,1.0,49,49,False,False,True,True,False,0.6499425325880696,0.2343333965682059,0.2668305231976093,weekly_signal_close,top1_by_RS20_within_layer4_80_primary_pool,False,,,False,False,missing_selected_stock_price_registry_row,adjusted_close_exact > tradable_close_proxy > blocked,selected_ticker_adjusted_close_path_only,False,True,False,False,False,False,False,False,True,False
2015-11-06,dynamic80_top1_rs20_proxy,2439,美律,TWSE,1.0,0.411254619287835,0.6491337660117944,1.0,61,61,False,False,True,True,False,0.6123962436872494,0.411254619287835,0.4418744314721975,weekly_signal_close,top1_by_RS20_within_layer4_80_primary_pool,False,,,False,False,missing_selected_stock_price_registry_row,adjusted_close_exact > tradable_close_proxy > blocked,selected_ticker_adjusted_close_path_only,False,True,False,False,False,False,False,False,True,False
2015-11-13,dynamic80_top1_rs20_proxy,4129,聯合,TPEx,1.0,0.3715871948528172,0.4925106253239335,1.0,24,24,False,True,True,True,False,0.7058462520892562,0.3915871948528172,0.40687950745728,weekly_signal_close,top1_by_RS20_within_layer4_80_primary_pool,False,,,False,False,missing_selected_stock_price_registry_row,adjusted_close_exact > tradable_close_proxy > blocked,selected_ticker_adjusted_close_path_only,False,True,False,False,False,False,False,False,True,False
2015-11-20,dynamic80_top1_rs20_proxy,3479,安勤,TPEx,1.0,0.4432982004772287,0.9294082970450508,1.0,50,50,False,False,True,True,False,0.613848762265018,0.4432982004772287,0.4739906385904796,weekly_signal_close,top1_by_RS20_within_layer4_80_primary_pool,False,,,False,False,missing_selected_stock_price_registry_row,adjusted_close_exact > tradable_close_proxy > blocked,selected_ticker_adjusted_close_path_only,False,True,False,False,False,False,False,False,True,False
2015-11-27,dynamic80_top1_rs20_proxy,4190,佐登-KY,TWSE,1.0,0.303825050187427,,1.0,27,27,False,True,True,True,False,0.662555758634591,0.323825050187427,0.3369528381191565,weekly_signal_close,top1_by_RS20_within_layer4_80_primary_pool,False,,,False,False,missing_selected_stock_price_registry_row,adjusted_close_exact > tradable_close_proxy > blocked,selected_ticker_adjusted_close_path_only,False,True,False,False,False,False,False,False,True,False
2015-12-04,dynamic80_top1_rs20_proxy,3693,營邦,TPEx,1.0,0.3347385495228469,0.4358559475273759,1.0,37,37,False,False,True,True,False,0.6434527575010452,0.3347385495228469,0.3669111873978991,weekly_signal_close,top1_by_RS20_within_layer4_80_primary_pool,False,,,False,False,missing_selected_stock_price_registry_row,adjusted_close_exact > tradable_close_proxy > blocked,selected_ticker_adjusted_close_path_only,False,True,False,False,False,False,False,False,True,False
2015-12-11,dynamic80_top1_rs20_proxy,3231,緯創,TWSE,1.0,0.2727087404775006,0.0981321511742647,1.0,49,49,True,False,True,True,False,0.6344464499936899,0.2727087404775006,0.3044310629771851,weekly_signal_close,top1_by_RS20_within_layer4_80_primary_pool,False,,,False,False,missing_selected_stock_price_registry_row,adjusted_close_exact > tradable_close_proxy > blocked,selected_ticker_adjusted_close_path_only,False,True,False,False,False,False,False,False,True,False
2015-12-18,dynamic80_top1_rs20_proxy,3324,雙鴻,TPEx,1.0,0.4864179622679633,0.9623374853391018,1.0,66,66,False,False,True,True,False,0.5762745159802386,0.4864179622679633,0.5152316880669753,weekly_signal_close,top1_by_RS20_within_layer4_80_primary_pool,False,,,False,False,missing_selected_stock_price_registry_row,adjusted_close_exact > tradable_close_proxy > blocked,selected_ticker_adjusted_close_path_only,False,True,False,False,False,False,False,False,True,False
2015-12-25,dynamic80_top1_rs20_proxy,2408,南亞科,TWSE,1.0,0.301568181106153,0.3667230553727073,1.0,70,70,False,False,True,True,False,0.5654546829201631,0.301568181106153,0.3298409152521612,weekly_signal_close,top1_by_RS20_within_layer4_80_primary_pool,False,,,False,False,missing_selected_stock_price_registry_row,adjusted_close_exact > tradable_close_proxy > blocked,selected_ticker_adjusted_close_path_only,False,True,False,False,False,False,False,False,True,False
2015-12-31,dynamic80_top1_rs20_proxy,6111,大宇資,TPEx,1.0,0.2834255193965067,0.5044909218570449,1.0,79,79,False,False,True,True,False,0.5847316304230081,0.2834255193965067,0.312662100917657,weekly_signal_close,top1_by_RS20_within_layer4_80_primary_pool,False,,,False,False,missing_selected_stock_price_registry_row,adjusted_close_exact > tradable_close_proxy > blocked,selected_ticker_adjusted_close_path_only,False,True,False,False,False,False,False,False,True,False
2016-01-08,dynamic80_top1_rs20_proxy,1737,臺鹽,TWSE,1.0,0.4157009384851945,0.5981169640719924,1.0,65,65,False,False,True,True,False,0.62759877524175,0.4157009384851945,0.447080877247282,weekly_signal_close,top1_by_RS20_within_layer4_80_primary_pool,False,,,False,False,missing_selected_stock_price_registry_row,adjusted_close_exact > tradable_close_proxy > blocked,selected_ticker_adjusted_close_path_only,False,True,False,False,False,False,False,False,True,False
2016-01-15,dynamic80_top1_rs20_proxy,1589,永冠-KY,TWSE,1.0,0.2502303251738828,0.0525876285602495,1.0,57,57,False,False,True,True,False,0.6420237242575011,0.2502303251738828,0.2823315113867578,weekly_signal_close,top1_by_RS20_within_layer4_80_primary_pool,False,,,False,False,missing_selected_stock_price_registry_row,adjusted_close_exact > tradable_close_proxy > blocked,selected_ticker_adjusted_close_path_only,False,True,False,False,False,False,False,False,True,False
2016-01-22,dynamic80_top1_rs20_proxy,3596,智易,TWSE,1.0,0.3425392638181525,0.3035816082614887,1.0,77,77,False,False,True,True,False,0.5864952241261306,0.3425392638181525,0.371864025024459,weekly_signal_close,top1_by_RS20_within_layer4_80_primary_pool,False,,,False,False,missing_selected_stock_price_registry_row,adjusted_close_exact > tradable_close_proxy > blocked,selected_ticker_adjusted_close_path_only,False,True,False,False,False,False,False,False,True,False
2016-01-29,dynamic80_top1_rs20_proxy,3047,訊舟,TWSE,1.0,0.2008996673701465,0.2591495486470663,1.0,80,80,False,False,True,True,False,0.5505781885292801,0.2008996673701465,0.2284285767966105,weekly_signal_close,top1_by_RS20_within_layer4_80_primary_pool,False,,,False,False,missing_selected_stock_price_registry_row,adjusted_close_exact > tradable_close_proxy > blocked,selected_ticker_adjusted_close_path_only,False,True,False,False,False,False,False,False,True,False
2016-02-03,dynamic80_top1_rs20_proxy,3484,崧騰,TPEx,1.0,0.2955106124485953,0.1813474117050918,1.0,76,76,False,False,True,True,False,0.5769966011247268,0.2955106124485953,0.3243604425048316,weekly_signal_close,top1_by_RS20_within_layer4_80_primary_pool,False,,,False,False,missing_selected_stock_price_registry_row,adjusted_close_exact > tradable_close_proxy > blocked,selected_ticker_adjusted_close_path_only,False,True,False,False,False,False,False,False,True,False
2016-02-19,dynamic80_top1_rs20_proxy,2419,仲琦,TWSE,1.0,0.3814607691439009,0.6503923087927332,1.0,32,32,False,True,True,True,False,0.6390962036432722,0.4014607691439009,0.4134155793260645,weekly_signal_close,top1_by_RS20_within_layer4_80_primary_pool,False,,,False,False,missing_selected_stock_price_registry_row,adjusted_close_exact > tradable_close_proxy > blocked,selected_ticker_adjusted_close_path_only,False,True,False,False,False,False,False,False,True,False
2016-02-26,dynamic80_top1_rs20_proxy,6227,茂綸,TPEx,1.0,0.6847090072215607,0.7504298927947592,1.0,64,64,False,False,True,False,False,0.5539242726598632,0.6847090072215607,0.7124052208545538,weekly_signal_close,top1_by_RS20_within_layer4_80_primary_pool,False,,,False,False,missing_selected_stock_price_registry_row,adjusted_close_exact > tradable_close_proxy > blocked,selected_ticker_adjusted_close_path_only,False,True,False,False,False,False,False,False,True,False
2016-03-04,dynamic80_top1_rs20_proxy,3413,京鼎,TWSE,1.0,0.3294466961210462,0.3800804548166281,1.0,69,69,False,False,True,True,False,0.5643667636644624,0.3294466961210462,0.3576650343042693,weekly_signal_close,top1_by_RS20_within_layer4_80_primary_pool,False,,,False,False,missing_selected_stock_price_registry_row,adjusted_close_exact > tradable_close_proxy > blocked,selected_ticker_adjusted_close_path_only,False,True,False,False,False,False,False,False,True,False
2016-03-11,dynamic80_top1_rs20_proxy,6173,信昌電,TPEx,1.0,0.5624258655690875,0.5053675349976536,1.0,76,76,False,False,True,False,False,0.494633539913998,0.5624258655690875,0.5871575425647874,weekly_signal_close,top1_by_RS20_within_layer4_80_primary_pool,False,,,False,False,missing_selected_stock_price_registry_row,adjusted_close_exact > tradable_close_proxy > blocked,selected_ticker_adjusted_close_path_only,False,True,False,False,False,False,False,False,True,False
2016-03-18,dynamic80_top1_rs20_proxy,5315,光聯,TPEx,1.0,0.3587644963034928,0.5733957574978978,1.0,56,56,False,False,True,True,False,0.5939326981015861,0.3587644963034928,0.388461131208572,weekly_signal_close,top1_by_RS20_within_layer4_80_primary_pool,False,,,False,False,missing_selected_stock_price_registry_row,adjusted_close_exact > tradable_close_proxy > blocked,selected_ticker_adjusted_close_path_only,False,True,False,False,False,False,False,False,True,False
2016-03-25,dynamic80_top1_rs20_proxy,1599,宏佳騰,TPEx,1.0,0.335513699716726,0.3671860443198682,1.0,58,58,False,False,True,True,False,0.5873410299209458,0.335513699716726,0.3648807512127733,weekly_signal_close,top1_by_RS20_within_layer4_80_primary_pool,False,,,False,False,missing_selected_stock_price_registry_row,adjusted_close_exact > tradable_close_proxy > blocked,selected_ticker_adjusted_close_path_only,False,True,False,False,False,False,False,False,True,False
2016-04-01,dynamic80_top1_rs20_proxy,2723,美食-KY,TWSE,1.0,0.2800044445526832,0.0877895910046764,1.0,68,68,False,False,True,True,False,0.5826231687062546,0.2800044445526832,0.3091356029879959,weekly_signal_close,top1_by_RS20_within_layer4_80_primary_pool,False,,,False,False,missing_selected_stock_price_registry_row,adjusted_close_exact > tradable_close_proxy > blocked,selected_ticker_adjusted_close_path_only,False,True,False,False,False,False,False,False,True,False
2016-04-08,dynamic80_top1_rs20_proxy,3032,偉訓,TWSE,1.0,0.4766351153541798,0.9693930222542848,1.0,47,47,False,False,True,True,False,0.6225133357484897,0.4766351153541798,0.5077607821416042,weekly_signal_close,top1_by_RS20_within_layer4_80_primary_pool,False,,,False,False,missing_selected_stock_price_registry_row,adjusted_close_exact > tradable_close_proxy > blocked,selected_ticker_adjusted_close_path_only,False,True,False,False,False,False,False,False,True,False
2016-04-15,dynamic80_top1_rs20_proxy,3665,貿聯-KY,TWSE,1.0,0.3159335324786074,0.3183030104627111,1.0,20,20,False,True,True,True,False,0.6941699734364049,0.3359335324786074,0.3506420311504276,weekly_signal_close,top1_by_RS20_within_layer4_80_primary_pool,False,,,False,False,missing_selected_stock_price_registry_row,adjusted_close_exact > tradable_close_proxy > blocked,selected_ticker_adjusted_close_path_only,False,True,False,False,False,False,False,False,True,False
2016-04-22,dynamic80_top1_rs20_proxy,1536,和大,TWSE,1.0,0.2342889662303017,0.3946208449307515,1.0,22,22,False,True,True,True,False,0.6972910069474492,0.2542889662303017,0.2691535165776741,weekly_signal_close,top1_by_RS20_within_layer4_80_primary_pool,False,,,False,False,missing_selected_stock_price_registry_row,adjusted_close_exact > tradable_close_proxy > blocked,selected_ticker_adjusted_close_path_only,False,True,False,False,False,False,False,False,True,False
2016-04-29,dynamic80_top1_rs20_proxy,6274,台燿,TPEx,1.0,0.2075094262157102,0.1268002879506133,1.0,54,54,False,False,True,True,False,0.634477014575953,0.2075094262157102,0.2392332769445078,weekly_signal_close,top1_by_RS20_within_layer4_80_primary_pool,False,,,False,False,missing_selected_stock_price_registry_row,adjusted_close_exact > tradable_close_proxy > blocked,selected_ticker_adjusted_close_path_only,False,True,False,False,False,False,False,False,True,False
2016-05-06,dynamic80_top1_rs20_proxy,2062,橋椿,TWSE,1.0,0.2000894634049774,-0.014708752361197,1.0,78,78,False,False,True,True,False,0.6136888469567822,0.2000894634049774,0.2307739057528165,weekly_signal_close,top1_by_RS20_within_layer4_80_primary_pool,False,,,False,False,missing_selected_stock_price_registry_row,adjusted_close_exact > tradable_close_proxy > blocked,selected_ticker_adjusted_close_path_only,False,True,False,False,False,False,False,False,True,False
2016-05-13,dynamic80_top1_rs20_proxy,3658,漢微科,TPEx,1.0,0.2275256605020443,0.1974576216886965,1.0,60,60,False,False,True,True,False,0.6068912313664527,0.2275256605020443,0.257870222070367,weekly_signal_close,top1_by_RS20_within_layer4_80_primary_pool,False,,,False,False,missing_selected_stock_price_registry_row,adjusted_close_exact > tradable_close_proxy > blocked,selected_ticker_adjusted_close_path_only,False,True,False,False,False,False,False,False,True,False
2016-05-20,dynamic80_top1_rs20_proxy,8044,網家,TPEx,1.0,0.1718626870730825,0.1079246278825204,1.0,59,59,False,False,True,True,False,0.605596879130324,0.1718626870730825,0.2021425310295987,weekly_signal_close,top1_by_RS20_within_layer4_80_primary_pool,False,,,False,False,missing_selected_stock_price_registry_row,adjusted_close_exact > tradable_close_proxy > blocked,selected_ticker_adjusted_close_path_only,False,True,False,False,False,False,False,False,True,False
2016-05-27,dynamic80_top1_rs20_proxy,4736,泰博,TPEx,1.0,0.2199021823480111,0.3584093223202638,1.0,25,25,False,True,True,True,False,0.6789457212946791,0.239902182348011,0.253849468412745,weekly_signal_close,top1_by_RS20_within_layer4_80_primary_pool,False,,,False,False,missing_selected_stock_price_registry_row,adjusted_close_exact > tradable_close_proxy > blocked,selected_ticker_adjusted_close_path_only,False,True,False,False,False,False,False,False,True,False
2016-06-03,dynamic80_top1_rs20_proxy,3141,晶宏,TPEx,1.0,0.2808694169124877,0.5494419750631581,1.0,80,80,False,False,True,True,False,0.5658564013343297,0.2808694169124877,0.3091622369792041,weekly_signal_close,top1_by_RS20_within_layer4_80_primary_pool,False,,,False,False,missing_selected_stock_price_registry_row,adjusted_close_exact > tradable_close_proxy > blocked,selected_ticker_adjusted_close_path_only,False,True,False,False,False,False,False,False,True,False
2016-06-08,dynamic80_top1_rs20_proxy,3141,晶宏,TPEx,1.0,0.2491292602886801,0.4952434025183687,1.0,77,77,False,False,True,True,False,0.5861573169164249,0.2491292602886801,0.2784371261345013,weekly_signal_close,top1_by_RS20_within_layer4_80_primary_pool,False,,,False,False,missing_selected_stock_price_registry_row,adjusted_close_exact > tradable_close_proxy > blocked,selected_ticker_adjusted_close_path_only,False,True,False,False,False,False,False,False,True,False
2016-06-17,dynamic80_top1_rs20_proxy,3617,碩天,TWSE,1.0,0.1973658275082828,0.1856560639954172,1.0,64,64,False,False,True,True,False,0.6329638823137254,0.1973658275082828,0.229014021623969,weekly_signal_close,top1_by_RS20_within_layer4_80_primary_pool,False,,,False,False,missing_selected_stock_price_registry_row,adjusted_close_exact > tradable_close_proxy > blocked,selected_ticker_adjusted_close_path_only,False,True,False,False,False,False,False,False,True,False
2016-06-24,dynamic80_top1_rs20_proxy,3548,兆利,TPEx,1.0,0.1503433042093571,0.1767370366486781,1.0,48,48,False,False,True,True,False,0.6575782916317721,0.1503433042093571,0.1832222187909457,weekly_signal_close,top1_by_RS20_within_layer4_80_primary_pool,False,,,False,False,missing_selected_stock_price_registry_row,adjusted_close_exact > tradable_close_proxy > blocked,selected_ticker_adjusted_close_path_only,False,True,False,False,False,False,False,False,True,False
2016-07-01,dynamic80_top1_rs20_proxy,6271,同欣電,TWSE,1.0,0.1879477059237455,0.2456914114457391,1.0,46,46,False,False,True,True,False,0.6611175877019614,0.1879477059237455,0.2210035853088435,weekly_signal_close,top1_by_RS20_within_layer4_80_primary_pool,False,,,False,False,missing_selected_stock_price_registry_row,adjusted_close_exact > tradable_close_proxy > blocked,selected_ticker_adjusted_close_path_only,False,True,False,False,False,False,False,False,True,False
2016-07-07,dynamic80_top1_rs20_proxy,3078,僑威,TPEx,1.0,0.282755610487879,0.2111112718393937,1.0,76,76,False,False,True,True,False,0.59475265039426,0.282755610487879,0.312493243007592,weekly_signal_close,top1_by_RS20_within_layer4_80_primary_pool,False,,,False,False,missing_selected_stock_price_registry_row,adjusted_close_exact > tradable_close_proxy > blocked,selected_ticker_adjusted_close_path_only,False,True,False,False,False,False,False,False,True,False
2016-07-15,dynamic80_top1_rs20_proxy,3541,西柏,TPEx,1.0,0.3992398295564512,0.4950329055767548,1.0,73,73,False,False,True,True,False,0.6038511105067194,0.3992398295564512,0.4294323850817871,weekly_signal_close,top1_by_RS20_within_layer4_80_primary_pool,False,,,False,False,missing_selected_stock_price_registry_row,adjusted_close_exact > tradable_close_proxy > blocked,selected_ticker_adjusted_close_path_only,False,True,False,False,False,False,False,False,True,False
2016-07-22,dynamic80_top1_rs20_proxy,5474,聰泰,TPEx,1.0,0.2419987263513676,0.3093291735174686,1.0,71,71,False,False,True,True,False,0.6186565348959306,0.2419987263513676,0.2729315530961641,weekly_signal_close,top1_by_RS20_within_layer4_80_primary_pool,False,,,False,False,missing_selected_stock_price_registry_row,adjusted_close_exact > tradable_close_proxy > blocked,selected_ticker_adjusted_close_path_only,False,True,False,False,False,False,False,False,True,False
2016-07-29,dynamic80_top1_rs20_proxy,4935,茂林-KY,TWSE,1.0,0.1980261633919129,0.4463835232304172,1.0,75,75,False,False,True,True,False,0.5986431738289107,0.1980261633919129,0.2279583220833584,weekly_signal_close,top1_by_RS20_within_layer4_80_primary_pool,False,,,False,False,missing_selected_stock_price_registry_row,adjusted_close_exact > tradable_close_proxy > blocked,selected_ticker_adjusted_close_path_only,False,True,False,False,False,False,False,False,True,False
2016-08-05,dynamic80_top1_rs20_proxy,3653,健策,TWSE,1.0,0.4144964881964699,0.379949805499489,1.0,67,67,False,False,True,True,False,0.6143896937626171,0.4144964881964699,0.4452159728846007,weekly_signal_close,top1_by_RS20_within_layer4_80_primary_pool,False,,,False,False,missing_selected_stock_price_registry_row,adjusted_close_exact > tradable_close_proxy > blocked,selected_ticker_adjusted_close_path_only,False,True,False,False,False,False,False,False,True,False
2016-08-12,dynamic80_top1_rs20_proxy,2421,建準,TWSE,1.0,0.1875888290371972,0.0657527656758201,1.0,37,37,False,False,True,True,False,0.6610209395922164,0.1875888290371972,0.220639876016808,weekly_signal_close,top1_by_RS20_within_layer4_80_primary_pool,False,,,False,False,missing_selected_stock_price_registry_row,adjusted_close_exact > tradable_close_proxy > blocked,selected_ticker_adjusted_close_path_only,False,True,False,False,False,False,False,False,True,False
2016-08-19,dynamic80_top1_rs20_proxy,2379,瑞昱,TWSE,1.0,0.19281896835818,0.3575059419189248,1.0,24,24,False,True,True,True,False,0.6889599736696914,0.2128189683581799,0.2272669670416645,weekly_signal_close,top1_by_RS20_within_layer4_80_primary_pool,False,,,False,False,missing_selected_stock_price_registry_row,adjusted_close_exact > tradable_close_proxy > blocked,selected_ticker_adjusted_close_path_only,False,True,False,False,False,False,False,False,True,False
2016-08-26,dynamic80_top1_rs20_proxy,8069,元太,TPEx,1.0,0.2181293518894502,0.3470020160880955,1.0,12,12,False,True,True,True,False,0.7113476280843284,0.2381293518894502,0.2536967332936666,weekly_signal_close,top1_by_RS20_within_layer4_80_primary_pool,False,,,False,False,missing_selected_stock_price_registry_row,adjusted_close_exact > tradable_close_proxy > blocked,selected_ticker_adjusted_close_path_only,False,True,False,False,False,False,False,False,True,False
2016-09-02,dynamic80_top1_rs20_proxy,6451,訊芯-KY,TWSE,1.0,0.3366981553588943,0.5107566134161028,1.0,45,45,False,False,True,True,False,0.6691004425917901,0.3366981553588943,0.3701531774884838,weekly_signal_close,top1_by_RS20_within_layer4_80_primary_pool,False,,,False,False,missing_selected_stock_price_registry_row,adjusted_close_exact > tradable_close_proxy > blocked,selected_ticker_adjusted_close_path_only,False,True,False,False,False,False,False,False,True,False
2016-09-09,dynamic80_top1_rs20_proxy,4551,智伸科,TWSE,1.0,0.3623682539544872,0.2291696288658156,1.0,43,43,False,False,True,True,False,0.6542660437129119,0.3623682539544872,0.3950815561401328,weekly_signal_close,top1_by_RS20_within_layer4_80_primary_pool,False,,,False,False,missing_selected_stock_price_registry_row,adjusted_close_exact > tradable_close_proxy > blocked,selected_ticker_adjusted_close_path_only,False,True,False,False,False,False,False,False,True,False
2016-09-14,dynamic80_top1_rs20_proxy,6126,信音,TPEx,1.0,0.3148454279365176,0.3285958566001259,1.0,43,43,False,False,True,True,False,0.6801772221421827,0.3148454279365176,0.3488542890436267,weekly_signal_close,top1_by_RS20_within_layer4_80_primary_pool,False,,,False,False,missing_selected_stock_price_registry_row,adjusted_close_exact > tradable_close_proxy > blocked,selected_ticker_adjusted_close_path_only,False,True,False,False,False,False,False,False,True,False
2016-09-23,dynamic80_top1_rs20_proxy,3272,東碩,TPEx,1.0,0.2967311916184205,0.2270756427829023,1.0,64,64,False,False,True,True,False,0.6193234288134826,0.2967311916184205,0.3276973630590946,weekly_signal_close,top1_by_RS20_within_layer4_80_primary_pool,False,,,False,False,missing_selected_stock_price_registry_row,adjusted_close_exact > tradable_close_proxy > blocked,selected_ticker_adjusted_close_path_only,False,True,False,False,False,False,False,False,True,False
2016-09-30,dynamic80_top1_rs20_proxy,8436,大江,TPEx,1.0,0.1959757908038051,0.0822868162638785,1.0,59,59,False,False,True,True,False,0.6287736026233798,0.1959757908038051,0.227414470934974,weekly_signal_close,top1_by_RS20_within_layer4_80_primary_pool,False,,,False,False,missing_selected_stock_price_registry_row,adjusted_close_exact > tradable_close_proxy > blocked,selected_ticker_adjusted_close_path_only,False,True,False,False,False,False,False,False,True,False
2016-10-07,dynamic80_top1_rs20_proxy,3588,通嘉,TWSE,1.0,0.4111605266843224,0.286382491354934,1.0,60,60,False,False,True,True,False,0.6161966920732577,0.4111605266843224,0.4419703612879853,weekly_signal_close,top1_by_RS20_within_layer4_80_primary_pool,False,,,False,False,missing_selected_stock_price_registry_row,adjusted_close_exact > tradable_close_proxy > blocked,selected_ticker_adjusted_close_path_only,False,True,False,False,False,False,False,False,True,False
2016-10-14,dynamic80_top1_rs20_proxy,3514,昱晶,TWSE,1.0,0.1033849540738238,-0.0610015033942503,1.0,10,10,False,True,True,True,False,0.7152882217296254,0.1233849540738238,0.139149365160305,weekly_signal_close,top1_by_RS20_within_layer4_80_primary_pool,False,,,False,False,missing_selected_stock_price_registry_row,adjusted_close_exact > tradable_close_proxy > blocked,selected_ticker_adjusted_close_path_only,False,True,False,False,False,False,False,False,True,False
2016-10-21,dynamic80_top1_rs20_proxy,3546,宇峻,TPEx,1.0,0.2917377379842887,0.5625444164909625,1.0,60,60,False,False,True,True,False,0.6276140849426851,0.2917377379842887,0.3231184422314229,weekly_signal_close,top1_by_RS20_within_layer4_80_primary_pool,False,,,False,False,missing_selected_stock_price_registry_row,adjusted_close_exact > tradable_close_proxy > blocked,selected_ticker_adjusted_close_path_only,False,True,False,False,False,False,False,False,True,False
2016-10-28,dynamic80_top1_rs20_proxy,6548,長華科,TPEx,1.0,0.356931188840984,,1.0,67,67,False,False,True,True,False,0.6186544032161808,0.356931188840984,0.3878639090017931,weekly_signal_close,top1_by_RS20_within_layer4_80_primary_pool,False,,,False,False,missing_selected_stock_price_registry_row,adjusted_close_exact > tradable_close_proxy > blocked,selected_ticker_adjusted_close_path_only,False,True,False,False,False,False,False,False,True,False
2016-11-04,dynamic80_top1_rs20_proxy,1569,濱川,TPEx,1.0,0.2034564026843119,0.7406519363475832,1.0,74,74,False,False,True,True,False,0.6245860626436353,0.2034564026843119,0.2346857058164936,weekly_signal_close,top1_by_RS20_within_layer4_80_primary_pool,False,,,False,False,missing_selected_stock_price_registry_row,adjusted_close_exact > tradable_close_proxy > blocked,selected_ticker_adjusted_close_path_only,False,True,False,False,False,False,False,False,True,False
2016-11-11,dynamic80_top1_rs20_proxy,2029,盛餘,TWSE,1.0,0.3387432508588062,0.4527283452882233,1.0,55,55,False,False,True,True,False,0.6209815888128897,0.3387432508588062,0.3697923302994507,weekly_signal_close,top1_by_RS20_within_layer4_80_primary_pool,False,,,False,False,missing_selected_stock_price_registry_row,adjusted_close_exact > tradable_close_proxy > blocked,selected_ticker_adjusted_close_path_only,False,True,False,False,False,False,False,False,True,False
2016-11-18,dynamic80_top1_rs20_proxy,6220,岳豐,TPEx,1.0,0.2992220163307486,1.39328338321221,1.0,75,75,False,False,True,True,False,0.523434797723951,0.2992220163307486,0.3253937562169461,weekly_signal_close,top1_by_RS20_within_layer4_80_primary_pool,False,,,False,False,missing_selected_stock_price_registry_row,adjusted_close_exact > tradable_close_proxy > blocked,selected_ticker_adjusted_close_path_only,False,True,False,False,False,False,False,False,True,False
2016-11-25,dynamic80_top1_rs20_proxy,2014,中鴻,TWSE,1.0,0.4448037183913473,0.4916632509439882,1.0,8,8,False,True,True,True,False,0.7180954765848625,0.4648037183913473,0.4807084922205904,weekly_signal_close,top1_by_RS20_within_layer4_80_primary_pool,False,,,False,False,missing_selected_stock_price_registry_row,adjusted_close_exact > tradable_close_proxy > blocked,selected_ticker_adjusted_close_path_only,False,True,False,False,False,False,False,False,True,False
2016-12-02,dynamic80_top1_rs20_proxy,2612,中航,TWSE,1.0,0.4048409165438513,0.4285462118642817,1.0,72,72,False,False,True,True,False,0.5310033187619779,0.4048409165438513,0.4313910824819502,weekly_signal_close,top1_by_RS20_within_layer4_80_primary_pool,False,,,False,False,missing_selected_stock_price_registry_row,adjusted_close_exact > tradable_close_proxy > blocked,selected_ticker_adjusted_close_path_only,False,True,False,False,False,False,False,False,True,False
2016-12-09,dynamic80_top1_rs20_proxy,6220,岳豐,TPEx,1.0,0.4076173946840078,1.135925882131532,1.0,63,63,False,False,True,True,False,0.5459072458357559,0.4076173946840078,0.4349127569757956,weekly_signal_close,top1_by_RS20_within_layer4_80_primary_pool,False,,,False,False,missing_selected_stock_price_registry_row,adjusted_close_exact > tradable_close_proxy > blocked,selected_ticker_adjusted_close_path_only,False,True,False,False,False,False,False,False,True,False
2016-12-16,dynamic80_top1_rs20_proxy,3293,鈊象,TPEx,1.0,0.2639202890999705,0.1203737445650956,1.0,49,49,False,False,True,True,False,0.643985459229816,0.2639202890999705,0.2961195620614613,weekly_signal_close,top1_by_RS20_within_layer4_80_primary_pool,False,,,False,False,missing_selected_stock_price_registry_row,adjusted_close_exact > tradable_close_proxy > blocked,selected_ticker_adjusted_close_path_only,False,True,False,False,False,False,False,False,True,False
2016-12-23,dynamic80_top1_rs20_proxy,3455,由田,TPEx,1.0,0.2612124231176685,0.2635895843349455,1.0,14,14,False,True,True,True,False,0.7398692109203346,0.2812124231176685,0.2982058836636852,weekly_signal_close,top1_by_RS20_within_layer4_80_primary_pool,False,,,False,False,missing_selected_stock_price_registry_row,adjusted_close_exact > tradable_close_proxy > blocked,selected_ticker_adjusted_close_path_only,False,True,False,False,False,False,False,False,True,False
2016-12-30,dynamic80_top1_rs20_proxy,2467,志聖,TWSE,1.0,0.293459794445307,0.3004920267375919,1.0,77,77,False,False,True,True,False,0.605307312440797,0.293459794445307,0.3237251600673468,weekly_signal_close,top1_by_RS20_within_layer4_80_primary_pool,False,,,False,False,missing_selected_stock_price_registry_row,adjusted_close_exact > tradable_close_proxy > blocked,selected_ticker_adjusted_close_path_only,False,True,False,False,False,False,False,False,True,False
2017-01-06,dynamic80_top1_rs20_proxy,4725,信昌化,TWSE,1.0,0.3213638720498835,0.5313360023068505,1.0,45,45,False,False,True,True,False,0.6656938516290446,0.3213638720498835,0.3546485646313357,weekly_signal_close,top1_by_RS20_within_layer4_80_primary_pool,False,,,False,False,missing_selected_stock_price_registry_row,adjusted_close_exact > tradable_close_proxy > blocked,selected_ticker_adjusted_close_path_only,False,True,False,False,False,False,False,False,True,False
2017-01-13,dynamic80_top1_rs20_proxy,3529,力旺,TPEx,1.0,0.2312411984356888,0.3176528346493408,1.0,13,13,False,True,True,True,False,0.718938760232866,0.2512411984356888,0.2671881364473321,weekly_signal_close,top1_by_RS20_within_layer4_80_primary_pool,False,,,False,False,missing_selected_stock_price_registry_row,adjusted_close_exact > tradable_close_proxy > blocked,selected_ticker_adjusted_close_path_only,False,True,False,False,False,False,False,False,True,False
2017-01-20,dynamic80_top1_rs20_proxy,6220,岳豐,TPEx,1.0,0.2963826871549839,0.5963406673789756,1.0,55,55,False,False,True,True,False,0.6337218441729896,0.2963826871549839,0.3280687793636334,weekly_signal_close,top1_by_RS20_within_layer4_80_primary_pool,False,,,False,False,missing_selected_stock_price_registry_row,adjusted_close_exact > tradable_close_proxy > blocked,selected_ticker_adjusted_close_path_only,False,True,False,False,False,False,False,False,True,False
2017-01-24,dynamic80_top1_rs20_proxy,8183,精星,TPEx,1.0,0.2814152029010885,0.7033208507695281,1.0,73,73,False,False,True,True,False,0.6064883049582397,0.2814152029010885,0.3117396181490005,weekly_signal_close,top1_by_RS20_within_layer4_80_primary_pool,False,,,False,False,missing_selected_stock_price_registry_row,adjusted_close_exact > tradable_close_proxy > blocked,selected_ticker_adjusted_close_path_only,False,True,False,False,False,False,False,False,True,False
2017-02-03,dynamic80_top1_rs20_proxy,3346,麗清,TWSE,1.0,0.4306293809098824,,1.0,56,56,False,False,True,True,False,0.622687898275039,0.4306293809098824,0.4617637758236343,weekly_signal_close,top1_by_RS20_within_layer4_80_primary_pool,False,,,False,False,missing_selected_stock_price_registry_row,adjusted_close_exact > tradable_close_proxy > blocked,selected_ticker_adjusted_close_path_only,False,True,False,False,False,False,False,False,True,False
2017-02-10,dynamic80_top1_rs20_proxy,3346,麗清,TWSE,1.0,0.2933422287028231,,1.0,72,72,False,False,True,True,False,0.5905429194853451,0.2933422287028231,0.3228693746770903,weekly_signal_close,top1_by_RS20_within_layer4_80_primary_pool,False,,,False,False,missing_selected_stock_price_registry_row,adjusted_close_exact > tradable_close_proxy > blocked,selected_ticker_adjusted_close_path_only,False,True,False,False,False,False,False,False,True,False
2017-02-17,dynamic80_top1_rs20_proxy,2340,台亞,TWSE,1.0,0.2455167937212445,0.2478743845244064,1.0,59,59,False,False,True,True,False,0.6262047292872502,0.2455167937212445,0.276827030185607,weekly_signal_close,top1_by_RS20_within_layer4_80_primary_pool,False,,,False,False,missing_selected_stock_price_registry_row,adjusted_close_exact > tradable_close_proxy > blocked,selected_ticker_adjusted_close_path_only,False,True,False,False,False,False,False,False,True,False
2017-02-24,dynamic80_top1_rs20_proxy,3563,牧德,TPEx,1.0,0.331395473480687,0.2970418452070613,1.0,76,76,False,False,True,True,False,0.5481877381615069,0.331395473480687,0.3588048603887623,weekly_signal_close,top1_by_RS20_within_layer4_80_primary_pool,False,,,False,False,missing_selected_stock_price_registry_row,adjusted_close_exact > tradable_close_proxy > blocked,selected_ticker_adjusted_close_path_only,False,True,False,False,False,False,False,False,True,False
2017-03-03,dynamic80_top1_rs20_proxy,3092,鴻碩,TPEx,1.0,0.373070841366339,0.5088004592438649,1.0,58,58,False,False,True,True,False,0.5434456399154508,0.373070841366339,0.4002431233621115,weekly_signal_close,top1_by_RS20_within_layer4_80_primary_pool,False,,,False,False,missing_selected_stock_price_registry_row,adjusted_close_exact > tradable_close_proxy > blocked,selected_ticker_adjusted_close_path_only,False,True,False,False,False,False,False,False,True,False
2017-03-10,dynamic80_top1_rs20_proxy,5014,建錩,TPEx,1.0,0.928333663951184,1.3671444879162369,1.0,29,29,False,True,True,True,False,0.6211757978168632,0.948333663951184,0.9593924538420272,weekly_signal_close,top1_by_RS20_within_layer4_80_primary_pool,False,,,False,False,missing_selected_stock_price_registry_row,adjusted_close_exact > tradable_close_proxy > blocked,selected_ticker_adjusted_close_path_only,False,True,False,False,False,False,False,False,True,False
2017-03-17,dynamic80_top1_rs20_proxy,6205,詮欣,TWSE,1.0,0.3631953073107699,0.3110895652490701,1.0,35,35,False,False,True,True,False,0.5884803893067663,0.3631953073107699,0.3926193267761081,weekly_signal_close,top1_by_RS20_within_layer4_80_primary_pool,False,,,False,False,missing_selected_stock_price_registry_row,adjusted_close_exact > tradable_close_proxy > blocked,selected_ticker_adjusted_close_path_only,False,True,False,False,False,False,False,False,True,False
2017-03-24,dynamic80_top1_rs20_proxy,2344,華邦電,TWSE,1.0,0.2772183042127802,0.3885073718495189,1.0,10,10,False,True,True,True,False,0.6500022601506461,0.2972183042127802,0.3097184172203125,weekly_signal_close,top1_by_RS20_within_layer4_80_primary_pool,False,,,False,False,missing_selected_stock_price_registry_row,adjusted_close_exact > tradable_close_proxy > blocked,selected_ticker_adjusted_close_path_only,False,True,False,False,False,False,False,False,True,False
2017-03-31,dynamic80_top1_rs20_proxy,4943,康控-KY,TWSE,1.0,0.5303200976276574,1.0930543925949323,1.0,74,74,False,False,True,True,False,0.5687353358398698,0.5303200976276574,0.5587568644196509,weekly_signal_close,top1_by_RS20_within_layer4_80_primary_pool,False,,,False,False,missing_selected_stock_price_registry_row,adjusted_close_exact > tradable_close_proxy > blocked,selected_ticker_adjusted_close_path_only,False,True,False,False,False,False,False,False,True,False
2017-04-07,dynamic80_top1_rs20_proxy,5014,建錩,TPEx,1.0,0.4459095024560942,1.6373008643467626,1.0,68,68,False,False,True,True,False,0.5775961670336361,0.4459095024560942,0.474789310807776,weekly_signal_close,top1_by_RS20_within_layer4_80_primary_pool,False,,,False,False,missing_selected_stock_price_registry_row,adjusted_close_exact > tradable_close_proxy > blocked,selected_ticker_adjusted_close_path_only,False,True,False,False,False,False,False,False,True,False
2017-04-14,dynamic80_top1_rs20_proxy,3362,先進光,TPEx,1.0,0.509516842089129,1.1102930870778156,1.0,4,4,False,True,True,True,False,0.7296981444046937,0.529516842089129,0.5460017493093636,weekly_signal_close,top1_by_RS20_within_layer4_80_primary_pool,False,,,False,False,missing_selected_stock_price_registry_row,adjusted_close_exact > tradable_close_proxy > blocked,selected_ticker_adjusted_close_path_only,False,True,False,False,False,False,False,False,True,False
2017-04-21,dynamic80_top1_rs20_proxy,4968,立積,TWSE,1.0,0.3418552204459162,0.5602870848810941,1.0,23,23,False,True,True,True,False,0.7115234174635252,0.3618552204459162,0.3774313913190925,weekly_signal_close,top1_by_RS20_within_layer4_80_primary_pool,False,,,False,False,missing_selected_stock_price_registry_row,adjusted_close_exact > tradable_close_proxy > blocked,selected_ticker_adjusted_close_path_only,False,True,False,False,False,False,False,False,True,False
2017-04-28,dynamic80_top1_rs20_proxy,1569,濱川,TPEx,1.0,0.3972437500964214,0.25923534348151,1.0,54,54,False,False,True,True,False,0.6308529183525464,0.3972437500964214,0.4287863960140487,weekly_signal_close,top1_by_RS20_within_layer4_80_primary_pool,False,,,False,False,missing_selected_stock_price_registry_row,adjusted_close_exact > tradable_close_proxy > blocked,selected_ticker_adjusted_close_path_only,False,True,False,False,False,False,False,False,True,False
2017-05-05,dynamic80_top1_rs20_proxy,3546,宇峻,TPEx,1.0,0.3801939198726076,0.2776676639830473,1.0,40,40,False,False,True,True,False,0.6539684170081728,0.3801939198726076,0.4128923407230162,weekly_signal_close,top1_by_RS20_within_layer4_80_primary_pool,False,,,False,False,missing_selected_stock_price_registry_row,adjusted_close_exact > tradable_close_proxy > blocked,selected_ticker_adjusted_close_path_only,False,True,False,False,False,False,False,False,True,False
2017-05-12,dynamic80_top1_rs20_proxy,1569,濱川,TPEx,1.0,0.2371054420100611,0.3515614835292708,1.0,42,42,False,False,True,True,False,0.6654830079705915,0.2371054420100611,0.2703795924085906,weekly_signal_close,top1_by_RS20_within_layer4_80_primary_pool,False,,,False,False,missing_selected_stock_price_registry_row,adjusted_close_exact > tradable_close_proxy > blocked,selected_ticker_adjusted_close_path_only,False,True,False,False,False,False,False,False,True,False
2017-05-19,dynamic80_top1_rs20_proxy,6412,群電,TWSE,1.0,0.2340380071401444,0.2538749629060686,1.0,60,60,False,False,True,True,False,0.6439863225873588,0.2340380071401444,0.2662373232695123,weekly_signal_close,top1_by_RS20_within_layer4_80_primary_pool,False,,,False,False,missing_selected_stock_price_registry_row,adjusted_close_exact > tradable_close_proxy > blocked,selected_ticker_adjusted_close_path_only,False,True,False,False,False,False,False,False,True,False
2017-05-26,dynamic80_top1_rs20_proxy,3515,華擎,TWSE,1.0,0.4104635466202866,0.387855364469942,1.0,60,60,False,False,True,True,False,0.6405278054844962,0.4104635466202866,0.4424899368945114,weekly_signal_close,top1_by_RS20_within_layer4_80_primary_pool,False,,,False,False,missing_selected_stock_price_registry_row,adjusted_close_exact > tradable_close_proxy > blocked,selected_ticker_adjusted_close_path_only,False,True,False,False,False,False,False,False,True,False
2017-06-02,dynamic80_top1_rs20_proxy,6220,岳豐,TPEx,1.0,0.2455072070939381,-0.0896923518250307,1.0,64,64,False,False,True,True,False,0.6251361305873798,0.2455072070939381,0.2767640136233071,weekly_signal_close,top1_by_RS20_within_layer4_80_primary_pool,False,,,False,False,missing_selected_stock_price_registry_row,adjusted_close_exact > tradable_close_proxy > blocked,selected_ticker_adjusted_close_path_only,False,True,False,False,False,False,False,False,True,False
2017-06-09,dynamic80_top1_rs20_proxy,6111,大宇資,TPEx,1.0,0.392522060339584,0.992297000857771,1.0,17,17,False,True,True,True,False,0.7303538327647838,0.412522060339584,0.4290397519778232,weekly_signal_close,top1_by_RS20_within_layer4_80_primary_pool,False,,,False,False,missing_selected_stock_price_registry_row,adjusted_close_exact > tradable_close_proxy > blocked,selected_ticker_adjusted_close_path_only,False,True,False,False,False,False,False,False,True,False
2017-06-16,dynamic80_top1_rs20_proxy,3443,創意,TWSE,1.0,0.2530943222154782,0.1059634294058324,1.0,52,52,False,False,True,True,False,0.6500756787251056,0.2530943222154782,0.2855981061517335,weekly_signal_close,top1_by_RS20_within_layer4_80_primary_pool,False,,,False,False,missing_selected_stock_price_registry_row,adjusted_close_exact > tradable_close_proxy > blocked,selected_ticker_adjusted_close_path_only,False,True,False,False,False,False,False,False,True,False
2017-06-23,dynamic80_top1_rs20_proxy,3653,健策,TWSE,1.0,0.2028309474901117,0.1223136326220595,1.0,46,46,False,False,True,True,False,0.6472871000705,0.2028309474901117,0.2351953024936367,weekly_signal_close,top1_by_RS20_within_layer4_80_primary_pool,False,,,False,False,missing_selected_stock_price_registry_row,adjusted_close_exact > tradable_close_proxy > blocked,selected_ticker_adjusted_close_path_only,False,True,False,False,False,False,False,False,True,False
2017-06-30,dynamic80_top1_rs20_proxy,3443,創意,TWSE,1.0,0.1989337273364524,0.1800267509492121,1.0,14,14,False,True,True,True,False,0.7188016931034559,0.2189337273364524,0.2348738119916252,weekly_signal_close,top1_by_RS20_within_layer4_80_primary_pool,False,,,False,False,missing_selected_stock_price_registry_row,adjusted_close_exact > tradable_close_proxy > blocked,selected_ticker_adjusted_close_path_only,False,True,False,False,False,False,False,False,True,False
2017-07-07,dynamic80_top1_rs20_proxy,2351,順德,TWSE,1.0,0.1573412772061604,0.2315652215732326,1.0,27,27,False,True,True,True,False,0.7006298741267352,0.1773412772061603,0.1923727709124971,weekly_signal_close,top1_by_RS20_within_layer4_80_primary_pool,False,,,False,False,missing_selected_stock_price_registry_row,adjusted_close_exact > tradable_close_proxy > blocked,selected_ticker_adjusted_close_path_only,False,True,False,False,False,False,False,False,True,False
2017-07-14,dynamic80_top1_rs20_proxy,5263,智崴,TPEx,1.0,0.194015282144998,0.1132600150407885,1.0,43,43,False,False,True,True,False,0.6626373974097393,0.194015282144998,0.2271471520154849,weekly_signal_close,top1_by_RS20_within_layer4_80_primary_pool,False,,,False,False,missing_selected_stock_price_registry_row,adjusted_close_exact > tradable_close_proxy > blocked,selected_ticker_adjusted_close_path_only,False,True,False,False,False,False,False,False,True,False
2017-07-21,dynamic80_top1_rs20_proxy,4919,新唐,TWSE,1.0,0.2654703955696478,0.2544330803123806,1.0,46,46,False,False,True,True,False,0.647993179962744,0.2654703955696478,0.297870054567785,weekly_signal_close,top1_by_RS20_within_layer4_80_primary_pool,False,,,False,False,missing_selected_stock_price_registry_row,adjusted_close_exact > tradable_close_proxy > blocked,selected_ticker_adjusted_close_path_only,False,True,False,False,False,False,False,False,True,False
2017-07-28,dynamic80_top1_rs20_proxy,1444,力麗,TWSE,1.0,0.2722690258498974,0.2271712018198053,1.0,46,46,False,False,True,True,False,0.6550775340601319,0.2722690258498974,0.305022902552904,weekly_signal_close,top1_by_RS20_within_layer4_80_primary_pool,False,,,False,False,missing_selected_stock_price_registry_row,adjusted_close_exact > tradable_close_proxy > blocked,selected_ticker_adjusted_close_path_only,False,True,False,False,False,False,False,False,True,False
2017-08-04,dynamic80_top1_rs20_proxy,1444,力麗,TWSE,1.0,0.3139248674483508,0.3584166695368589,1.0,12,12,False,True,True,True,False,0.7208682745578745,0.3339248674483508,0.3499682811762445,weekly_signal_close,top1_by_RS20_within_layer4_80_primary_pool,False,,,False,False,missing_selected_stock_price_registry_row,adjusted_close_exact > tradable_close_proxy > blocked,selected_ticker_adjusted_close_path_only,False,True,False,False,False,False,False,False,True,False
2017-08-11,dynamic80_top1_rs20_proxy,2421,建準,TWSE,1.0,0.2297356875490854,0.486029263816395,1.0,33,33,False,False,True,True,False,0.6561499641673402,0.2297356875490854,0.2625431857574524,weekly_signal_close,top1_by_RS20_within_layer4_80_primary_pool,False,,,False,False,missing_selected_stock_price_registry_row,adjusted_close_exact > tradable_close_proxy > blocked,selected_ticker_adjusted_close_path_only,False,True,False,False,False,False,False,False,True,False
2017-08-18,dynamic80_top1_rs20_proxy,2603,長榮,TWSE,1.0,0.3036847763846362,0.452468894277767,1.0,18,18,False,True,True,True,False,0.6998093953395227,0.3236847763846362,0.3386752461516123,weekly_signal_close,top1_by_RS20_within_layer4_80_primary_pool,False,,,False,False,missing_selected_stock_price_registry_row,adjusted_close_exact > tradable_close_proxy > blocked,selected_ticker_adjusted_close_path_only,False,True,False,False,False,False,False,False,True,False
2017-08-25,dynamic80_top1_rs20_proxy,2603,長榮,TWSE,1.0,0.3295952441811793,0.3960544109203641,1.0,12,12,False,True,True,True,False,0.6952843880742525,0.3495952441811793,0.3643594635848919,weekly_signal_close,top1_by_RS20_within_layer4_80_primary_pool,False,,,False,False,missing_selected_stock_price_registry_row,adjusted_close_exact > tradable_close_proxy > blocked,selected_ticker_adjusted_close_path_only,False,True,False,False,False,False,False,False,True,False
2017-09-01,dynamic80_top1_rs20_proxy,2337,旺宏,TWSE,1.0,1.7533970674381627,1.9838893610174817,1.0,12,12,False,True,True,True,False,0.7030528951220227,1.7733970674381627,1.7885497121942635,weekly_signal_close,top1_by_RS20_within_layer4_80_primary_pool,False,,,False,False,missing_selected_stock_price_registry_row,adjusted_close_exact > tradable_close_proxy > blocked,selected_ticker_adjusted_close_path_only,False,True,False,False,False,False,False,False,True,False
2017-09-08,dynamic80_top1_rs20_proxy,2337,旺宏,TWSE,1.0,1.863972287049063,1.756854266109927,1.0,13,13,False,True,True,True,False,0.7066220798495207,1.883972287049063,1.899303391041539,weekly_signal_close,top1_by_RS20_within_layer4_80_primary_pool,False,,,False,False,missing_selected_stock_price_registry_row,adjusted_close_exact > tradable_close_proxy > blocked,selected_ticker_adjusted_close_path_only,False,True,False,False,False,False,False,False,True,False
2017-09-15,dynamic80_top1_rs20_proxy,3519,綠能,TWSE,1.0,0.2949139715820583,0.1357172389887193,1.0,76,76,False,False,True,True,False,0.5833268665215607,0.2949139715820583,0.3240803149081363,weekly_signal_close,top1_by_RS20_within_layer4_80_primary_pool,False,,,False,False,missing_selected_stock_price_registry_row,adjusted_close_exact > tradable_close_proxy > blocked,selected_ticker_adjusted_close_path_only,False,True,False,False,False,False,False,False,True,False
2017-09-22,dynamic80_top1_rs20_proxy,3519,綠能,TWSE,1.0,0.3158837547468149,0.1811246936994928,1.0,41,41,False,False,True,True,False,0.6498087870329043,0.3158837547468149,0.3483741940984601,weekly_signal_close,top1_by_RS20_within_layer4_80_primary_pool,False,,,False,False,missing_selected_stock_price_registry_row,adjusted_close_exact > tradable_close_proxy > blocked,selected_ticker_adjusted_close_path_only,False,True,False,False,False,False,False,False,True,False
2017-09-29,dynamic80_top1_rs20_proxy,6238,勝麗,TPEx,1.0,0.3049091874478532,0.3815338625570084,1.0,21,21,False,True,True,True,False,0.7042974249837739,0.3249091874478532,0.3401240586970419,weekly_signal_close,top1_by_RS20_within_layer4_80_primary_pool,False,,,False,False,missing_selected_stock_price_registry_row,adjusted_close_exact > tradable_close_proxy > blocked,selected_ticker_adjusted_close_path_only,False,True,False,False,False,False,False,False,True,False
2017-10-06,dynamic80_top1_rs20_proxy,2340,台亞,TWSE,1.0,0.3618235893350834,0.2447520536579086,1.0,34,34,False,True,True,True,False,0.6514240451526906,0.3818235893350834,0.3943947915927179,weekly_signal_close,top1_by_RS20_within_layer4_80_primary_pool,False,,,False,False,missing_selected_stock_price_registry_row,adjusted_close_exact > tradable_close_proxy > blocked,selected_ticker_adjusted_close_path_only,False,True,False,False,False,False,False,False,True,False
2017-10-13,dynamic80_top1_rs20_proxy,3661,世芯-KY,TWSE,1.0,0.3319051343807944,0.4989818667933257,1.0,13,13,False,True,True,True,False,0.6870470926155929,0.3519051343807944,0.366257489011574,weekly_signal_close,top1_by_RS20_within_layer4_80_primary_pool,False,,,False,False,missing_selected_stock_price_registry_row,adjusted_close_exact > tradable_close_proxy > blocked,selected_ticker_adjusted_close_path_only,False,True,False,False,False,False,False,False,True,False
2017-10-20,dynamic80_top1_rs20_proxy,3661,世芯-KY,TWSE,1.0,0.3733089945000445,0.3676964599541201,1.0,17,17,False,True,True,True,False,0.6917425456077646,0.3933089945000445,0.4078961217804327,weekly_signal_close,top1_by_RS20_within_layer4_80_primary_pool,False,,,False,False,missing_selected_stock_price_registry_row,adjusted_close_exact > tradable_close_proxy > blocked,selected_ticker_adjusted_close_path_only,False,True,False,False,False,False,False,False,True,False
2017-10-27,dynamic80_top1_rs20_proxy,6121,新普,TPEx,1.0,0.5633942313044091,0.6709303025762823,1.0,9,9,False,True,True,True,False,0.7149861688368349,0.5833942313044091,0.5991435397462509,weekly_signal_close,top1_by_RS20_within_layer4_80_primary_pool,False,,,False,False,missing_selected_stock_price_registry_row,adjusted_close_exact > tradable_close_proxy > blocked,selected_ticker_adjusted_close_path_only,False,True,False,False,False,False,False,False,True,False
2017-11-03,dynamic80_top1_rs20_proxy,6435,大中,TPEx,1.0,0.3601070204887571,0.3132872382561662,1.0,11,11,False,True,True,True,False,0.7067757429481744,0.3801070204887571,0.3954458076361658,weekly_signal_close,top1_by_RS20_within_layer4_80_primary_pool,False,,,False,False,missing_selected_stock_price_registry_row,adjusted_close_exact > tradable_close_proxy > blocked,selected_ticker_adjusted_close_path_only,False,True,False,False,False,False,False,False,True,False
2017-11-10,dynamic80_top1_rs20_proxy,6525,捷敏-KY,TWSE,1.0,0.3672334829743224,0.2758137963632738,1.0,32,32,False,False,True,True,False,0.6633894416017905,0.3672334829743224,0.4004029550544119,weekly_signal_close,top1_by_RS20_within_layer4_80_primary_pool,False,,,False,False,missing_selected_stock_price_registry_row,adjusted_close_exact > tradable_close_proxy > blocked,selected_ticker_adjusted_close_path_only,False,True,False,False,False,False,False,False,True,False
2017-11-17,dynamic80_top1_rs20_proxy,2353,宏碁,TWSE,1.0,0.3272868807132103,0.3601847214250522,1.0,20,20,False,True,True,True,False,0.695741256054756,0.3472868807132103,0.3620739435159481,weekly_signal_close,top1_by_RS20_within_layer4_80_primary_pool,False,,,False,False,missing_selected_stock_price_registry_row,adjusted_close_exact > tradable_close_proxy > blocked,selected_ticker_adjusted_close_path_only,False,True,False,False,False,False,False,False,True,False
2017-11-24,dynamic80_top1_rs20_proxy,3540,曜越,TPEx,1.0,0.4639736482834502,0.4750325536408097,1.0,78,78,False,False,True,True,False,0.5338080102845588,0.4639736482834502,0.4906640487976781,weekly_signal_close,top1_by_RS20_within_layer4_80_primary_pool,False,,,False,False,missing_selected_stock_price_registry_row,adjusted_close_exact > tradable_close_proxy > blocked,selected_ticker_adjusted_close_path_only,False,True,False,False,False,False,False,False,True,False
2017-12-01,dynamic80_top1_rs20_proxy,2353,宏碁,TWSE,1.0,0.3209718960741308,0.276094518126452,1.0,8,8,False,True,True,True,False,0.715936366909689,0.3409718960741308,0.3567687144196152,weekly_signal_close,top1_by_RS20_within_layer4_80_primary_pool,False,,,False,False,missing_selected_stock_price_registry_row,adjusted_close_exact > tradable_close_proxy > blocked,selected_ticker_adjusted_close_path_only,False,True,False,False,False,False,False,False,True,False
2017-12-08,dynamic80_top1_rs20_proxy,8069,元太,TPEx,1.0,0.2919850527734653,0.1959501662747861,1.0,20,20,False,True,True,True,False,0.7019333833545575,0.3119850527734653,0.3270817219411931,weekly_signal_close,top1_by_RS20_within_layer4_80_primary_pool,False,,,False,False,missing_selected_stock_price_registry_row,adjusted_close_exact > tradable_close_proxy > blocked,selected_ticker_adjusted_close_path_only,False,True,False,False,False,False,False,False,True,False
2017-12-15,dynamic80_top1_rs20_proxy,4971,IET-KY,TPEx,1.0,0.326408573925654,0.1777145077669086,1.0,47,47,False,False,True,True,False,0.6101375827888521,0.326408573925654,0.3569154530650966,weekly_signal_close,top1_by_RS20_within_layer4_80_primary_pool,False,,,False,False,missing_selected_stock_price_registry_row,adjusted_close_exact > tradable_close_proxy > blocked,selected_ticker_adjusted_close_path_only,False,True,False,False,False,False,False,False,True,False
2017-12-22,dynamic80_top1_rs20_proxy,3026,禾伸堂,TWSE,1.0,0.3876488395676706,1.8868094921062053,1.0,70,70,False,False,True,True,False,0.5630748298510907,0.3876488395676706,0.4158025810602251,weekly_signal_close,top1_by_RS20_within_layer4_80_primary_pool,False,,,False,False,missing_selected_stock_price_registry_row,adjusted_close_exact > tradable_close_proxy > blocked,selected_ticker_adjusted_close_path_only,False,True,False,False,False,False,False,False,True,False
2017-12-29,dynamic80_top1_rs20_proxy,2009,第一銅,TWSE,1.0,0.3059171322263579,0.3811916767563761,1.0,73,73,False,False,True,False,False,0.5517202561266936,0.3059171322263579,0.3335031450326925,weekly_signal_close,top1_by_RS20_within_layer4_80_primary_pool,False,,,False,False,missing_selected_stock_price_registry_row,adjusted_close_exact > tradable_close_proxy > blocked,selected_ticker_adjusted_close_path_only,False,True,False,False,False,False,False,False,True,False
2018-01-05,dynamic80_top1_rs20_proxy,3550,聯穎,TWSE,1.0,0.342488716227278,0.5996838717186175,1.0,72,72,False,False,True,True,False,0.5488275266869417,0.342488716227278,0.369930092561625,weekly_signal_close,top1_by_RS20_within_layer4_80_primary_pool,False,,,False,False,missing_selected_stock_price_registry_row,adjusted_close_exact > tradable_close_proxy > blocked,selected_ticker_adjusted_close_path_only,False,True,False,False,False,False,False,False,True,False
2018-01-12,dynamic80_top1_rs20_proxy,3624,光頡,TPEx,1.0,0.4640768982309715,0.5812113799551836,1.0,71,71,False,False,True,True,False,0.6092827352219425,0.4640768982309715,0.4945410349920686,weekly_signal_close,top1_by_RS20_within_layer4_80_primary_pool,False,,,False,False,missing_selected_stock_price_registry_row,adjusted_close_exact > tradable_close_proxy > blocked,selected_ticker_adjusted_close_path_only,False,True,False,False,False,False,False,False,True,False
2018-01-19,dynamic80_top1_rs20_proxy,3532,台勝科,TWSE,1.0,0.2824858315161731,0.1314980594807064,1.0,45,45,False,False,True,True,False,0.638297506984218,0.2824858315161731,0.314400706865384,weekly_signal_close,top1_by_RS20_within_layer4_80_primary_pool,False,,,False,False,missing_selected_stock_price_registry_row,adjusted_close_exact > tradable_close_proxy > blocked,selected_ticker_adjusted_close_path_only,False,True,False,False,False,False,False,False,True,False
2018-01-26,dynamic80_top1_rs20_proxy,2376,技嘉,TWSE,1.0,0.267411639857108,0.4756550834120032,1.0,27,27,False,True,True,True,False,0.6867047450836866,0.287411639857108,0.3017468771112923,weekly_signal_close,top1_by_RS20_within_layer4_80_primary_pool,False,,,False,False,missing_selected_stock_price_registry_row,adjusted_close_exact > tradable_close_proxy > blocked,selected_ticker_adjusted_close_path_only,False,True,False,False,False,False,False,False,True,False
2018-02-02,dynamic80_top1_rs20_proxy,8454,富邦媒,TWSE,1.0,0.2000336954629626,0.3202101426640271,1.0,71,71,False,False,True,True,False,0.6143038187057145,0.2000336954629626,0.2307488863982483,weekly_signal_close,top1_by_RS20_within_layer4_80_primary_pool,False,,,False,False,missing_selected_stock_price_registry_row,adjusted_close_exact > tradable_close_proxy > blocked,selected_ticker_adjusted_close_path_only,False,True,False,False,False,False,False,False,True,False
2018-02-09,dynamic80_top1_rs20_proxy,3030,德律,TWSE,1.0,0.2621145836283111,0.4136857496388546,1.0,45,45,False,False,True,True,False,0.6415937759120917,0.2621145836283111,0.2941942724239156,weekly_signal_close,top1_by_RS20_within_layer4_80_primary_pool,False,,,False,False,missing_selected_stock_price_registry_row,adjusted_close_exact > tradable_close_proxy > blocked,selected_ticker_adjusted_close_path_only,False,True,False,False,False,False,False,False,True,False
2018-02-12,dynamic80_top1_rs20_proxy,3030,德律,TWSE,1.0,0.1870021112970008,0.3068774065020306,1.0,80,80,False,False,True,True,False,0.5497212770370826,0.1870021112970008,0.2144881751488549,weekly_signal_close,top1_by_RS20_within_layer4_80_primary_pool,False,,,False,False,missing_selected_stock_price_registry_row,adjusted_close_exact > tradable_close_proxy > blocked,selected_ticker_adjusted_close_path_only,False,True,False,False,False,False,False,False,True,False
2018-02-23,dynamic80_top1_rs20_proxy,6150,撼訊,TPEx,1.0,0.8758537107832798,2.796726837540022,1.0,67,67,False,False,True,True,False,0.5446792003953717,0.8758537107832798,0.9030876708030484,weekly_signal_close,top1_by_RS20_within_layer4_80_primary_pool,False,,,False,False,missing_selected_stock_price_registry_row,adjusted_close_exact > tradable_close_proxy > blocked,selected_ticker_adjusted_close_path_only,False,True,False,False,False,False,False,False,True,False
2018-03-02,dynamic80_top1_rs20_proxy,6237,驊訊,TPEx,1.0,0.3700059045930262,0.2158747430644155,1.0,48,48,False,False,True,True,False,0.5716142596121627,0.3700059045930262,0.3985866175736343,weekly_signal_close,top1_by_RS20_within_layer4_80_primary_pool,False,,,False,False,missing_selected_stock_price_registry_row,adjusted_close_exact > tradable_close_proxy > blocked,selected_ticker_adjusted_close_path_only,False,True,False,False,False,False,False,False,True,False
2018-03-09,dynamic80_top1_rs20_proxy,2399,映泰,TWSE,1.0,0.3402295542720106,0.5018426736847761,1.0,46,46,False,False,True,True,False,0.5598226196039705,0.3402295542720106,0.3682206852522091,weekly_signal_close,top1_by_RS20_within_layer4_80_primary_pool,False,,,False,False,missing_selected_stock_price_registry_row,adjusted_close_exact > tradable_close_proxy > blocked,selected_ticker_adjusted_close_path_only,False,True,False,False,False,False,False,False,True,False
2018-03-16,dynamic80_top1_rs20_proxy,6150,撼訊,TPEx,1.0,0.6315291807067629,2.8957708644902778,1.0,62,62,False,False,True,True,False,0.5716130002375257,0.6315291807067629,0.6601098307186392,weekly_signal_close,top1_by_RS20_within_layer4_80_primary_pool,False,,,False,False,missing_selected_stock_price_registry_row,adjusted_close_exact > tradable_close_proxy > blocked,selected_ticker_adjusted_close_path_only,False,True,False,False,False,False,False,False,True,False
2018-03-23,dynamic80_top1_rs20_proxy,2399,映泰,TWSE,1.0,0.4957363479603771,0.6750191678682167,1.0,72,72,False,False,True,True,False,0.5725001138831687,0.4957363479603771,0.5243613536545355,weekly_signal_close,top1_by_RS20_within_layer4_80_primary_pool,False,,,False,False,missing_selected_stock_price_registry_row,adjusted_close_exact > tradable_close_proxy > blocked,selected_ticker_adjusted_close_path_only,False,True,False,False,False,False,False,False,True,False
2018-03-30,dynamic80_top1_rs20_proxy,3694,海華,TWSE,1.0,0.3338896489635261,0.3171464393520733,1.0,64,64,False,False,True,True,False,0.6159837917110902,0.3338896489635261,0.3646888385490806,weekly_signal_close,top1_by_RS20_within_layer4_80_primary_pool,False,,,False,False,missing_selected_stock_price_registry_row,adjusted_close_exact > tradable_close_proxy > blocked,selected_ticker_adjusted_close_path_only,False,True,False,False,False,False,False,False,True,False
2018-04-03,dynamic80_top1_rs20_proxy,4728,雙美,TPEx,1.0,0.2902657925204041,0.353976339084705,1.0,67,67,False,False,True,True,False,0.6067029588565124,0.2902657925204041,0.3206009404632297,weekly_signal_close,top1_by_RS20_within_layer4_80_primary_pool,False,,,False,False,missing_selected_stock_price_registry_row,adjusted_close_exact > tradable_close_proxy > blocked,selected_ticker_adjusted_close_path_only,False,True,False,False,False,False,False,False,True,False
2018-04-13,dynamic80_top1_rs20_proxy,2478,大毅,TWSE,1.0,0.5125200512508007,0.2699288956794821,1.0,34,34,False,False,True,True,False,0.6507448088861751,0.5125200512508007,0.5450572916951094,weekly_signal_close,top1_by_RS20_within_layer4_80_primary_pool,False,,,False,False,missing_selected_stock_price_registry_row,adjusted_close_exact > tradable_close_proxy > blocked,selected_ticker_adjusted_close_path_only,False,True,False,False,False,False,False,False,True,False
2018-04-20,dynamic80_top1_rs20_proxy,1609,大亞,TWSE,1.0,0.3077138948827732,0.1231774901929062,1.0,75,75,False,False,True,True,False,0.5699874017582851,0.3077138948827732,0.3362132649706874,weekly_signal_close,top1_by_RS20_within_layer4_80_primary_pool,False,,,False,False,missing_selected_stock_price_registry_row,adjusted_close_exact > tradable_close_proxy > blocked,selected_ticker_adjusted_close_path_only,False,True,False,False,False,False,False,False,True,False
2018-04-27,dynamic80_top1_rs20_proxy,3708,上緯投控,TWSE,1.0,0.4716559890963459,0.8382562255649249,1.0,17,17,False,True,True,True,False,0.6592315231431649,0.4916559890963459,0.5046175652535041,weekly_signal_close,top1_by_RS20_within_layer4_80_primary_pool,False,,,False,False,missing_selected_stock_price_registry_row,adjusted_close_exact > tradable_close_proxy > blocked,selected_ticker_adjusted_close_path_only,False,True,False,False,False,False,False,False,True,False
2018-05-04,dynamic80_top1_rs20_proxy,2478,大毅,TWSE,1.0,0.6027956603802271,0.6586599274782932,1.0,75,75,False,False,True,True,False,0.5758287726771383,0.6027956603802271,0.631587099014084,weekly_signal_close,top1_by_RS20_within_layer4_80_primary_pool,False,,,False,False,missing_selected_stock_price_registry_row,adjusted_close_exact > tradable_close_proxy > blocked,selected_ticker_adjusted_close_path_only,False,True,False,False,False,False,False,False,True,False
2018-05-11,dynamic80_top1_rs20_proxy,6173,信昌電,TPEx,1.0,0.4900754670678008,0.8057947767233229,1.0,80,80,False,False,True,True,False,0.5581301255247455,0.4900754670678008,0.5179819733440381,weekly_signal_close,top1_by_RS20_within_layer4_80_primary_pool,False,,,False,False,missing_selected_stock_price_registry_row,adjusted_close_exact > tradable_close_proxy > blocked,selected_ticker_adjusted_close_path_only,False,True,False,False,False,False,False,False,True,False
2018-05-18,dynamic80_top1_rs20_proxy,3016,嘉晶,TWSE,1.0,0.4177593247257272,0.760173840144502,1.0,68,68,False,False,True,True,False,0.5533784671965669,0.4177593247257272,0.4454282480855555,weekly_signal_close,top1_by_RS20_within_layer4_80_primary_pool,False,,,False,False,missing_selected_stock_price_registry_row,adjusted_close_exact > tradable_close_proxy > blocked,selected_ticker_adjusted_close_path_only,False,True,False,False,False,False,False,False,True,False
2018-05-25,dynamic80_top1_rs20_proxy,5469,瀚宇博,TWSE,1.0,0.7153394982234231,0.550216535146287,1.0,38,38,False,False,True,True,True,0.6053829400203383,0.7153394982234231,0.71560864522444,weekly_signal_close,top1_by_RS20_within_layer4_80_primary_pool,False,,,False,False,missing_selected_stock_price_registry_row,adjusted_close_exact > tradable_close_proxy > blocked,selected_ticker_adjusted_close_path_only,False,True,False,False,False,False,False,False,True,False
2018-06-01,dynamic80_top1_rs20_proxy,6182,合晶,TPEx,1.0,0.3897067323786394,0.6133425821593901,1.0,74,74,False,False,True,True,False,0.5472294471835097,0.3897067323786394,0.4170682047378148,weekly_signal_close,top1_by_RS20_within_layer4_80_primary_pool,False,,,False,False,missing_selected_stock_price_registry_row,adjusted_close_exact > tradable_close_proxy > blocked,selected_ticker_adjusted_close_path_only,False,True,False,False,False,False,False,False,True,False
2018-06-08,dynamic80_top1_rs20_proxy,4725,信昌化,TWSE,1.0,0.2608988268173517,0.2536059009774809,1.0,77,77,False,False,True,True,False,0.5815260555484076,0.2608988268173517,0.2899751295947721,weekly_signal_close,top1_by_RS20_within_layer4_80_primary_pool,False,,,False,False,missing_selected_stock_price_registry_row,adjusted_close_exact > tradable_close_proxy > blocked,selected_ticker_adjusted_close_path_only,False,True,False,False,False,False,False,False,True,False
2018-06-15,dynamic80_top1_rs20_proxy,3406,玉晶光,TWSE,1.0,0.5293131187410103,1.1779991486279755,1.0,18,18,False,True,True,True,False,0.6636051076625045,0.5493131187410103,0.5624933741241355,weekly_signal_close,top1_by_RS20_within_layer4_80_primary_pool,False,,,False,False,missing_selected_stock_price_registry_row,adjusted_close_exact > tradable_close_proxy > blocked,selected_ticker_adjusted_close_path_only,False,True,False,False,False,False,False,False,True,False
2018-06-22,dynamic80_top1_rs20_proxy,3624,光頡,TPEx,1.0,0.3758379963491359,0.9151859519499412,1.0,72,72,False,False,True,True,False,0.5687643859996245,0.3758379963491359,0.4042762156491171,weekly_signal_close,top1_by_RS20_within_layer4_80_primary_pool,False,,,False,False,missing_selected_stock_price_registry_row,adjusted_close_exact > tradable_close_proxy > blocked,selected_ticker_adjusted_close_path_only,False,True,False,False,False,False,False,False,True,False
2018-06-29,dynamic80_top1_rs20_proxy,3221,台嘉碩,TPEx,1.0,0.3331573961836191,0.6844445114191433,1.0,34,34,False,False,True,True,False,0.6432469137675538,0.3331573961836191,0.3653197418719968,weekly_signal_close,top1_by_RS20_within_layer4_80_primary_pool,False,,,False,False,missing_selected_stock_price_registry_row,adjusted_close_exact > tradable_close_proxy > blocked,selected_ticker_adjusted_close_path_only,False,True,False,False,False,False,False,False,True,False
2018-07-06,dynamic80_top1_rs20_proxy,8016,矽創,TWSE,1.0,0.2431564585875502,0.393346094909998,1.0,72,72,False,False,True,True,False,0.5675305733674542,0.2431564585875502,0.2715329872559229,weekly_signal_close,top1_by_RS20_within_layer4_80_primary_pool,False,,,False,False,missing_selected_stock_price_registry_row,adjusted_close_exact > tradable_close_proxy > blocked,selected_ticker_adjusted_close_path_only,False,True,False,False,False,False,False,False,True,False
2018-07-13,dynamic80_top1_rs20_proxy,3583,辛耘,TWSE,1.0,0.3180076664823039,0.3466323881650301,1.0,49,49,False,False,True,True,False,0.6034698185732619,0.3180076664823039,0.348181157410967,weekly_signal_close,top1_by_RS20_within_layer4_80_primary_pool,False,,,False,False,missing_selected_stock_price_registry_row,adjusted_close_exact > tradable_close_proxy > blocked,selected_ticker_adjusted_close_path_only,False,True,False,False,False,False,False,False,True,False
2018-07-20,dynamic80_top1_rs20_proxy,1515,力山,TWSE,1.0,0.2499052592849384,0.0174297067345465,1.0,57,57,False,False,True,True,False,0.5767140906205704,0.2499052592849384,0.2787409638159669,weekly_signal_close,top1_by_RS20_within_layer4_80_primary_pool,False,,,False,False,missing_selected_stock_price_registry_row,adjusted_close_exact > tradable_close_proxy > blocked,selected_ticker_adjusted_close_path_only,False,True,False,False,False,False,False,False,True,False
2018-07-27,dynamic80_top1_rs20_proxy,4927,泰鼎-KY,TWSE,1.0,0.3394848068093128,0.371142241282131,1.0,13,13,False,True,True,True,False,0.6601929488243936,0.3594848068093128,0.3724944542505325,weekly_signal_close,top1_by_RS20_within_layer4_80_primary_pool,False,,,False,False,missing_selected_stock_price_registry_row,adjusted_close_exact > tradable_close_proxy > blocked,selected_ticker_adjusted_close_path_only,False,True,False,False,False,False,False,False,True,False
2018-08-03,dynamic80_top1_rs20_proxy,1760,寶齡富錦,TWSE,1.0,0.4019610158171289,-0.0050851149915751,1.0,40,40,False,False,True,True,False,0.6345921366060662,0.4019610158171289,0.4336906226474322,weekly_signal_close,top1_by_RS20_within_layer4_80_primary_pool,False,,,False,False,missing_selected_stock_price_registry_row,adjusted_close_exact > tradable_close_proxy > blocked,selected_ticker_adjusted_close_path_only,False,True,False,False,False,False,False,False,True,False
2018-08-10,dynamic80_top1_rs20_proxy,3530,晶相光,TWSE,1.0,1.0831152922460492,,1.0,68,68,False,False,True,True,False,0.5635345153939393,1.0831152922460492,1.1112920180157462,weekly_signal_close,top1_by_RS20_within_layer4_80_primary_pool,False,,,False,False,missing_selected_stock_price_registry_row,adjusted_close_exact > tradable_close_proxy > blocked,selected_ticker_adjusted_close_path_only,False,True,False,False,False,False,False,False,True,False
2018-08-17,dynamic80_top1_rs20_proxy,3563,牧德,TPEx,1.0,0.2736270799262704,-0.0374519196822813,1.0,8,8,False,True,True,True,False,0.7332722816451721,0.2936270799262704,0.310290694008529,weekly_signal_close,top1_by_RS20_within_layer4_80_primary_pool,False,,,False,False,missing_selected_stock_price_registry_row,adjusted_close_exact > tradable_close_proxy > blocked,selected_ticker_adjusted_close_path_only,False,True,False,False,False,False,False,False,True,False
2018-08-24,dynamic80_top1_rs20_proxy,5439,高技,TPEx,1.0,0.3420873992631438,0.2320669277345231,1.0,26,26,False,True,True,True,False,0.6572738841477369,0.3620873992631438,0.3749510934705306,weekly_signal_close,top1_by_RS20_within_layer4_80_primary_pool,False,,,False,False,missing_selected_stock_price_registry_row,adjusted_close_exact > tradable_close_proxy > blocked,selected_ticker_adjusted_close_path_only,False,True,False,False,False,False,False,False,True,False
2018-08-31,dynamic80_top1_rs20_proxy,6552,易華電,TWSE,1.0,0.3051737284935123,0.3906461662591451,1.0,35,35,False,False,True,True,False,0.6437439969799603,0.3051737284935123,0.3373609283425103,weekly_signal_close,top1_by_RS20_within_layer4_80_primary_pool,False,,,False,False,missing_selected_stock_price_registry_row,adjusted_close_exact > tradable_close_proxy > blocked,selected_ticker_adjusted_close_path_only,False,True,False,False,False,False,False,False,True,False
2018-09-07,dynamic80_top1_rs20_proxy,6278,台表科,TWSE,1.0,0.2539135691306011,0.1533369159793118,1.0,74,74,False,False,True,True,False,0.567675128094509,0.2539135691306011,0.2822973255353265,weekly_signal_close,top1_by_RS20_within_layer4_80_primary_pool,False,,,False,False,missing_selected_stock_price_registry_row,adjusted_close_exact > tradable_close_proxy > blocked,selected_ticker_adjusted_close_path_only,False,True,False,False,False,False,False,False,True,False
2018-09-14,dynamic80_top1_rs20_proxy,3653,健策,TWSE,1.0,0.2434487920686303,0.1333956040306798,1.0,22,22,False,True,True,True,False,0.6887385754260023,0.2634487920686303,0.2778857208399304,weekly_signal_close,top1_by_RS20_within_layer4_80_primary_pool,False,,,False,False,missing_selected_stock_price_registry_row,adjusted_close_exact > tradable_close_proxy > blocked,selected_ticker_adjusted_close_path_only,False,True,False,False,False,False,False,False,True,False
2018-09-21,dynamic80_top1_rs20_proxy,3653,健策,TWSE,1.0,0.2402112770156066,0.1547648665042256,1.0,73,73,False,False,True,True,False,0.592504643767234,0.2402112770156066,0.2698365092039683,weekly_signal_close,top1_by_RS20_within_layer4_80_primary_pool,False,,,False,False,missing_selected_stock_price_registry_row,adjusted_close_exact > tradable_close_proxy > blocked,selected_ticker_adjusted_close_path_only,False,True,False,False,False,False,False,False,True,False
2018-09-28,dynamic80_top1_rs20_proxy,3532,台勝科,TWSE,1.0,0.340757744142892,-0.0716208695254159,1.0,73,73,False,False,True,True,False,0.5499899246280033,0.340757744142892,0.3682572403742922,weekly_signal_close,top1_by_RS20_within_layer4_80_primary_pool,False,,,False,False,missing_selected_stock_price_registry_row,adjusted_close_exact > tradable_close_proxy > blocked,selected_ticker_adjusted_close_path_only,False,True,False,False,False,False,False,False,True,False
2018-10-05,dynamic80_top1_rs20_proxy,3532,台勝科,TWSE,1.0,0.2279206746327747,-0.0257318372543814,1.0,74,74,False,False,True,True,False,0.5337205916803448,0.2279206746327747,0.2546067042167919,weekly_signal_close,top1_by_RS20_within_layer4_80_primary_pool,False,,,False,False,missing_selected_stock_price_registry_row,adjusted_close_exact > tradable_close_proxy > blocked,selected_ticker_adjusted_close_path_only,False,True,False,False,False,False,False,False,True,False
2018-10-12,dynamic80_top1_rs20_proxy,6230,尼得科超眾,TWSE,1.0,0.2122768758045653,0.2576894867081261,1.0,41,41,False,False,True,True,False,0.6049070898624123,0.2122768758045653,0.2425222302976859,weekly_signal_close,top1_by_RS20_within_layer4_80_primary_pool,False,,,False,False,missing_selected_stock_price_registry_row,adjusted_close_exact > tradable_close_proxy > blocked,selected_ticker_adjusted_close_path_only,False,True,False,False,False,False,False,False,True,False
2018-10-19,dynamic80_top1_rs20_proxy,3532,台勝科,TWSE,1.0,0.3574141851384231,-0.1945930042522621,1.0,37,37,False,False,True,True,False,0.6002987263636003,0.3574141851384231,0.3874291214566031,weekly_signal_close,top1_by_RS20_within_layer4_80_primary_pool,False,,,False,False,missing_selected_stock_price_registry_row,adjusted_close_exact > tradable_close_proxy > blocked,selected_ticker_adjusted_close_path_only,False,True,False,False,False,False,False,False,True,False
2018-10-26,dynamic80_top1_rs20_proxy,8150,南茂,TWSE,1.0,0.1699916844274294,0.1718674776689307,1.0,59,59,False,False,True,True,False,0.5673599198949238,0.1699916844274294,0.1983596804221756,weekly_signal_close,top1_by_RS20_within_layer4_80_primary_pool,False,,,False,False,missing_selected_stock_price_registry_row,adjusted_close_exact > tradable_close_proxy > blocked,selected_ticker_adjusted_close_path_only,False,True,False,False,False,False,False,False,True,False
2018-11-02,dynamic80_top1_rs20_proxy,1590,亞德客-KY,TWSE,1.0,0.2271737281557058,0.1206142285220458,1.0,76,76,False,False,True,True,False,0.5025500910604499,0.2271737281557058,0.2523012327087283,weekly_signal_close,top1_by_RS20_within_layer4_80_primary_pool,False,,,False,False,missing_selected_stock_price_registry_row,adjusted_close_exact > tradable_close_proxy > blocked,selected_ticker_adjusted_close_path_only,False,True,False,False,False,False,False,False,True,False
2018-11-09,dynamic80_top1_rs20_proxy,3563,牧德,TPEx,1.0,0.2593884090036285,-0.1613203784208758,1.0,64,64,False,False,True,True,False,0.5595971727003347,0.2593884090036285,0.2873682676386452,weekly_signal_close,top1_by_RS20_within_layer4_80_primary_pool,False,,,False,False,missing_selected_stock_price_registry_row,adjusted_close_exact > tradable_close_proxy > blocked,selected_ticker_adjusted_close_path_only,False,True,False,False,False,False,False,False,True,False
2018-11-16,dynamic80_top1_rs20_proxy,5349,先豐,TPEx,1.0,0.2705980883251282,0.0611354244612991,1.0,66,66,False,False,True,True,False,0.5179895530843273,0.2705980883251282,0.2964975659793445,weekly_signal_close,top1_by_RS20_within_layer4_80_primary_pool,False,,,False,False,missing_selected_stock_price_registry_row,adjusted_close_exact > tradable_close_proxy > blocked,selected_ticker_adjusted_close_path_only,False,True,False,False,False,False,False,False,True,False
2018-11-23,dynamic80_top1_rs20_proxy,6182,合晶,TPEx,1.0,0.434444243116254,-0.0789465108479179,1.0,21,21,False,True,True,True,False,0.6601611796085892,0.454444243116254,0.4674523020966835,weekly_signal_close,top1_by_RS20_within_layer4_80_primary_pool,False,,,False,False,missing_selected_stock_price_registry_row,adjusted_close_exact > tradable_close_proxy > blocked,selected_ticker_adjusted_close_path_only,False,True,False,False,False,False,False,False,True,False
2018-11-30,dynamic80_top1_rs20_proxy,1526,日馳,TWSE,1.0,0.990503972397448,0.4039794269442868,1.0,70,70,False,False,True,True,False,0.5279007311511918,0.990503972397448,1.0168990089550076,weekly_signal_close,top1_by_RS20_within_layer4_80_primary_pool,False,,,False,False,missing_selected_stock_price_registry_row,adjusted_close_exact > tradable_close_proxy > blocked,selected_ticker_adjusted_close_path_only,False,True,False,False,False,False,False,False,True,False
2018-12-07,dynamic80_top1_rs20_proxy,2368,金像電,TWSE,1.0,0.3459953069596507,0.1597262832164733,1.0,79,79,False,False,True,True,False,0.517582589326854,0.3459953069596507,0.3718744364259934,weekly_signal_close,top1_by_RS20_within_layer4_80_primary_pool,False,,,False,False,missing_selected_stock_price_registry_row,adjusted_close_exact > tradable_close_proxy > blocked,selected_ticker_adjusted_close_path_only,False,True,False,False,False,False,False,False,True,False
2018-12-14,dynamic80_top1_rs20_proxy,6666,羅麗芬-KY,TWSE,1.0,3.719168578920753,,1.0,30,30,False,True,True,True,False,0.6268818782556156,3.739168578920753,3.750512672833534,weekly_signal_close,top1_by_RS20_within_layer4_80_primary_pool,False,,,False,False,missing_selected_stock_price_registry_row,adjusted_close_exact > tradable_close_proxy > blocked,selected_ticker_adjusted_close_path_only,False,True,False,False,False,False,False,False,True,False
2018-12-21,dynamic80_top1_rs20_proxy,6666,羅麗芬-KY,TWSE,1.0,0.292431977795512,,1.0,76,76,False,False,True,True,False,0.5480565928388107,0.292431977795512,0.3198348074374525,weekly_signal_close,top1_by_RS20_within_layer4_80_primary_pool,False,,,False,False,missing_selected_stock_price_registry_row,adjusted_close_exact > tradable_close_proxy > blocked,selected_ticker_adjusted_close_path_only,False,True,False,False,False,False,False,False,True,False
2018-12-28,dynamic80_top1_rs20_proxy,5263,智崴,TPEx,1.0,0.3484295113684658,0.1981818722095922,1.0,54,54,False,False,True,True,False,0.6026732636678453,0.3484295113684658,0.378563174551858,weekly_signal_close,top1_by_RS20_within_layer4_80_primary_pool,False,,,False,False,missing_selected_stock_price_registry_row,adjusted_close_exact > tradable_close_proxy > blocked,selected_ticker_adjusted_close_path_only,False,True,False,False,False,False,False,False,True,False
2019-01-04,dynamic80_top1_rs20_proxy,1760,寶齡富錦,TWSE,1.0,0.2930211297776377,0.3053758292101075,1.0,57,57,False,False,True,True,False,0.599824725147,0.2930211297776377,0.3230123660349877,weekly_signal_close,top1_by_RS20_within_layer4_80_primary_pool,False,,,False,False,missing_selected_stock_price_registry_row,adjusted_close_exact > tradable_close_proxy > blocked,selected_ticker_adjusted_close_path_only,False,True,False,False,False,False,False,False,True,False
2019-01-11,dynamic80_top1_rs20_proxy,3338,泰碩,TWSE,1.0,0.3818099437482187,0.7930797908660301,1.0,59,59,False,False,True,True,False,0.5790126809670522,0.3818099437482187,0.4107605777965713,weekly_signal_close,top1_by_RS20_within_layer4_80_primary_pool,False,,,False,False,missing_selected_stock_price_registry_row,adjusted_close_exact > tradable_close_proxy > blocked,selected_ticker_adjusted_close_path_only,False,True,False,False,False,False,False,False,True,False
2019-01-18,dynamic80_top1_rs20_proxy,4536,拓凱,TWSE,1.0,0.447003040786073,0.4241394675898962,1.0,24,24,False,True,True,True,False,0.6370440722828978,0.467003040786073,0.4788552444002178,weekly_signal_close,top1_by_RS20_within_layer4_80_primary_pool,False,,,False,False,missing_selected_stock_price_registry_row,adjusted_close_exact > tradable_close_proxy > blocked,selected_ticker_adjusted_close_path_only,False,True,False,False,False,False,False,False,True,False
2019-01-25,dynamic80_top1_rs20_proxy,3324,雙鴻,TPEx,1.0,0.2558665267102062,0.9995760798497276,1.0,8,8,False,True,True,True,False,0.7023810141698004,0.2758665267102062,0.2909855774186962,weekly_signal_close,top1_by_RS20_within_layer4_80_primary_pool,False,,,False,False,missing_selected_stock_price_registry_row,adjusted_close_exact > tradable_close_proxy > blocked,selected_ticker_adjusted_close_path_only,False,True,False,False,False,False,False,False,True,False
2019-01-30,dynamic80_top1_rs20_proxy,6166,凌華,TWSE,1.0,0.4695877459207314,0.3650688500321513,1.0,67,67,False,False,True,True,False,0.5961821546623439,0.4695877459207314,0.4993968536538485,weekly_signal_close,top1_by_RS20_within_layer4_80_primary_pool,False,,,False,False,missing_selected_stock_price_registry_row,adjusted_close_exact > tradable_close_proxy > blocked,selected_ticker_adjusted_close_path_only,False,True,False,False,False,False,False,False,True,False
2019-02-15,dynamic80_top1_rs20_proxy,3708,上緯投控,TWSE,1.0,0.3929729419678371,0.5065549363746837,1.0,13,13,False,True,True,True,False,0.7122769927648224,0.4129729419678371,0.4285867916060782,weekly_signal_close,top1_by_RS20_within_layer4_80_primary_pool,False,,,False,False,missing_selected_stock_price_registry_row,adjusted_close_exact > tradable_close_proxy > blocked,selected_ticker_adjusted_close_path_only,False,True,False,False,False,False,False,False,True,False
2019-02-22,dynamic80_top1_rs20_proxy,3583,辛耘,TWSE,1.0,0.3002911460792374,0.1928332582562533,1.0,74,74,False,False,True,True,False,0.5666572457356193,0.3002911460792374,0.3286240083660183,weekly_signal_close,top1_by_RS20_within_layer4_80_primary_pool,False,,,False,False,missing_selected_stock_price_registry_row,adjusted_close_exact > tradable_close_proxy > blocked,selected_ticker_adjusted_close_path_only,False,True,False,False,False,False,False,False,True,False
2019-02-27,dynamic80_top1_rs20_proxy,3016,嘉晶,TWSE,1.0,0.3249327469035137,0.3425054401658456,1.0,36,36,False,False,True,True,False,0.6554681575390401,0.3249327469035137,0.3577061547804657,weekly_signal_close,top1_by_RS20_within_layer4_80_primary_pool,False,,,False,False,missing_selected_stock_price_registry_row,adjusted_close_exact > tradable_close_proxy > blocked,selected_ticker_adjusted_close_path_only,False,True,False,False,False,False,False,False,True,False
2019-03-08,dynamic80_top1_rs20_proxy,6266,泰詠,TPEx,1.0,0.2884837552460892,0.4282581333024435,1.0,71,71,False,False,True,True,False,0.6239858270059948,0.2884837552460892,0.3196830465963889,weekly_signal_close,top1_by_RS20_within_layer4_80_primary_pool,False,,,False,False,missing_selected_stock_price_registry_row,adjusted_close_exact > tradable_close_proxy > blocked,selected_ticker_adjusted_close_path_only,False,True,False,False,False,False,False,False,True,False
2019-03-15,dynamic80_top1_rs20_proxy,3360,尚立,TPEx,1.0,0.4230050795407363,0.3855016306455496,1.0,59,59,False,False,True,True,False,0.6188190469222502,0.4230050795407363,0.4539460318868488,weekly_signal_close,top1_by_RS20_within_layer4_80_primary_pool,False,,,False,False,missing_selected_stock_price_registry_row,adjusted_close_exact > tradable_close_proxy > blocked,selected_ticker_adjusted_close_path_only,False,True,False,False,False,False,False,False,True,False
2019-03-22,dynamic80_top1_rs20_proxy,3004,豐達科,TWSE,1.0,0.3318807229079303,0.6757576078908671,1.0,49,49,False,False,True,True,False,0.6459264928601828,0.3318807229079303,0.3641770475509394,weekly_signal_close,top1_by_RS20_within_layer4_80_primary_pool,False,,,False,False,missing_selected_stock_price_registry_row,adjusted_close_exact > tradable_close_proxy > blocked,selected_ticker_adjusted_close_path_only,False,True,False,False,False,False,False,False,True,False
2019-03-29,dynamic80_top1_rs20_proxy,3504,揚明光,TWSE,1.0,0.3350979111949255,0.4653466315100296,1.0,21,21,False,True,True,True,False,0.692604551108246,0.3550979111949255,0.3697281387503378,weekly_signal_close,top1_by_RS20_within_layer4_80_primary_pool,False,,,False,False,missing_selected_stock_price_registry_row,adjusted_close_exact > tradable_close_proxy > blocked,selected_ticker_adjusted_close_path_only,False,True,False,False,False,False,False,False,True,False
2019-04-03,dynamic80_top1_rs20_proxy,4564,元翎,TWSE,1.0,3.199378616789165,,1.0,30,30,False,True,True,True,False,0.6600531487478836,3.219378616789165,3.232381274226559,weekly_signal_close,top1_by_RS20_within_layer4_80_primary_pool,False,,,False,False,missing_selected_stock_price_registry_row,adjusted_close_exact > tradable_close_proxy > blocked,selected_ticker_adjusted_close_path_only,False,True,False,False,False,False,False,False,True,False
2019-04-12,dynamic80_top1_rs20_proxy,3346,麗清,TWSE,1.0,0.2195474417641432,0.1443408727353958,1.0,68,68,False,False,True,True,False,0.6111089543233925,0.2195474417641432,0.2501028894803128,weekly_signal_close,top1_by_RS20_within_layer4_80_primary_pool,False,,,False,False,missing_selected_stock_price_registry_row,adjusted_close_exact > tradable_close_proxy > blocked,selected_ticker_adjusted_close_path_only,False,True,False,False,False,False,False,False,True,False
2019-04-19,dynamic80_top1_rs20_proxy,3483,力致,TPEx,1.0,0.4362820083243297,0.6534376950766712,1.0,80,80,False,False,True,True,False,0.5539080802417401,0.4362820083243297,0.4639774123364166,weekly_signal_close,top1_by_RS20_within_layer4_80_primary_pool,False,,,False,False,missing_selected_stock_price_registry_row,adjusted_close_exact > tradable_close_proxy > blocked,selected_ticker_adjusted_close_path_only,False,True,False,False,False,False,False,False,True,False
2019-04-26,dynamic80_top1_rs20_proxy,2404,漢唐,TWSE,1.0,0.2706116066292701,0.3758985581346565,1.0,31,31,False,True,True,True,False,0.6583454439037478,0.2906116066292701,0.3035288788244574,weekly_signal_close,top1_by_RS20_within_layer4_80_primary_pool,False,,,False,False,missing_selected_stock_price_registry_row,adjusted_close_exact > tradable_close_proxy > blocked,selected_ticker_adjusted_close_path_only,False,True,False,False,False,False,False,False,True,False
2019-05-03,dynamic80_top1_rs20_proxy,3338,泰碩,TWSE,1.0,0.3902160740025744,0.6493504460008888,1.0,13,13,False,True,True,True,False,0.7017195079701186,0.4102160740025744,0.4253020494010803,weekly_signal_close,top1_by_RS20_within_layer4_80_primary_pool,False,,,False,False,missing_selected_stock_price_registry_row,adjusted_close_exact > tradable_close_proxy > blocked,selected_ticker_adjusted_close_path_only,False,True,False,False,False,False,False,False,True,False
2019-05-10,dynamic80_top1_rs20_proxy,5263,智崴,TPEx,1.0,0.2321544348340554,0.1509601652679435,1.0,42,42,False,False,True,True,False,0.6401893682395963,0.2321544348340554,0.2641639032460352,weekly_signal_close,top1_by_RS20_within_layer4_80_primary_pool,False,,,False,False,missing_selected_stock_price_registry_row,adjusted_close_exact > tradable_close_proxy > blocked,selected_ticker_adjusted_close_path_only,False,True,False,False,False,False,False,False,True,False
2019-05-17,dynamic80_top1_rs20_proxy,5483,中美晶,TPEx,1.0,0.2214472044950406,0.0935315430587626,1.0,15,15,False,True,True,True,False,0.7124620119366336,0.2414472044950406,0.2570703050918723,weekly_signal_close,top1_by_RS20_within_layer4_80_primary_pool,False,,,False,False,missing_selected_stock_price_registry_row,adjusted_close_exact > tradable_close_proxy > blocked,selected_ticker_adjusted_close_path_only,False,True,False,False,False,False,False,False,True,False
2019-05-24,dynamic80_top1_rs20_proxy,3630,新鉅科,TPEx,1.0,0.2916433518198249,0.1133587527878483,1.0,75,75,False,False,True,True,False,0.5181081912449418,0.2916433518198249,0.317548761382072,weekly_signal_close,top1_by_RS20_within_layer4_80_primary_pool,False,,,False,False,missing_selected_stock_price_registry_row,adjusted_close_exact > tradable_close_proxy > blocked,selected_ticker_adjusted_close_path_only,False,True,False,False,False,False,False,False,True,False
2019-05-31,dynamic80_top1_rs20_proxy,3083,網龍,TPEx,1.0,0.223651528042743,0.333458929666885,1.0,54,54,False,False,True,True,False,0.6062822233253176,0.223651528042743,0.2539656392090089,weekly_signal_close,top1_by_RS20_within_layer4_80_primary_pool,False,,,False,False,missing_selected_stock_price_registry_row,adjusted_close_exact > tradable_close_proxy > blocked,selected_ticker_adjusted_close_path_only,False,True,False,False,False,False,False,False,True,False
2019-06-06,dynamic80_top1_rs20_proxy,2207,和泰車,TWSE,1.0,0.2332571556300515,0.4388727638468537,1.0,33,33,False,False,True,True,False,0.6653662336552014,0.2332571556300515,0.2665254673128115,weekly_signal_close,top1_by_RS20_within_layer4_80_primary_pool,False,,,False,False,missing_selected_stock_price_registry_row,adjusted_close_exact > tradable_close_proxy > blocked,selected_ticker_adjusted_close_path_only,False,True,False,False,False,False,False,False,True,False
2019-06-14,dynamic80_top1_rs20_proxy,9938,百和,TWSE,1.0,0.189647019076191,0.2586041875050178,1.0,29,29,False,True,True,True,False,0.6792690684677787,0.209647019076191,0.2236104724995799,weekly_signal_close,top1_by_RS20_within_layer4_80_primary_pool,False,,,False,False,missing_selected_stock_price_registry_row,adjusted_close_exact > tradable_close_proxy > blocked,selected_ticker_adjusted_close_path_only,False,True,False,False,False,False,False,False,True,False
2019-06-21,dynamic80_top1_rs20_proxy,2461,光群雷,TWSE,1.0,0.2525669750323793,0.3225939627800429,1.0,61,61,False,False,True,True,False,0.612194943922166,0.2525669750323793,0.2831767222284876,weekly_signal_close,top1_by_RS20_within_layer4_80_primary_pool,False,,,False,False,missing_selected_stock_price_registry_row,adjusted_close_exact > tradable_close_proxy > blocked,selected_ticker_adjusted_close_path_only,False,True,False,False,False,False,False,False,True,False
2019-06-28,dynamic80_top1_rs20_proxy,2461,光群雷,TWSE,1.0,0.4262090748657114,0.5474565405588234,1.0,80,80,False,False,True,True,False,0.6086425597212957,0.4262090748657114,0.4566412028517762,weekly_signal_close,top1_by_RS20_within_layer4_80_primary_pool,False,,,False,False,missing_selected_stock_price_registry_row,adjusted_close_exact > tradable_close_proxy > blocked,selected_ticker_adjusted_close_path_only,False,True,False,False,False,False,False,False,True,False
2019-07-05,dynamic80_top1_rs20_proxy,1762,中化生,TWSE,1.0,0.3139613110529149,0.406622536712496,1.0,73,73,False,False,True,True,False,0.5950433061826227,0.3139613110529149,0.3437134763620461,weekly_signal_close,top1_by_RS20_within_layer4_80_primary_pool,False,,,False,False,missing_selected_stock_price_registry_row,adjusted_close_exact > tradable_close_proxy > blocked,selected_ticker_adjusted_close_path_only,False,True,False,False,False,False,False,False,True,False
2019-07-12,dynamic80_top1_rs20_proxy,6679,鈺太,TPEx,1.0,0.4001354638738004,,1.0,73,73,False,False,True,True,False,0.5584496383533119,0.4001354638738004,0.428057945791466,weekly_signal_close,top1_by_RS20_within_layer4_80_primary_pool,False,,,False,False,missing_selected_stock_price_registry_row,adjusted_close_exact > tradable_close_proxy > blocked,selected_ticker_adjusted_close_path_only,False,True,False,False,False,False,False,False,True,False
2019-07-19,dynamic80_top1_rs20_proxy,4953,緯軟,TPEx,1.0,0.2896440219287857,0.1073332649987022,1.0,11,11,False,True,True,True,False,0.6934830645405213,0.3096440219287857,0.3243181751558117,weekly_signal_close,top1_by_RS20_within_layer4_80_primary_pool,False,,,False,False,missing_selected_stock_price_registry_row,adjusted_close_exact > tradable_close_proxy > blocked,selected_ticker_adjusted_close_path_only,False,True,False,False,False,False,False,False,True,False
2019-07-26,dynamic80_top1_rs20_proxy,8044,網家,TPEx,1.0,0.3515477411427434,0.1513884475081814,1.0,31,31,False,True,True,True,False,0.6363206259684107,0.3715477411427434,0.3833637724411639,weekly_signal_close,top1_by_RS20_within_layer4_80_primary_pool,False,,,False,False,missing_selected_stock_price_registry_row,adjusted_close_exact > tradable_close_proxy > blocked,selected_ticker_adjusted_close_path_only,False,True,False,False,False,False,False,False,True,False
2019-08-02,dynamic80_top1_rs20_proxy,6166,凌華,TWSE,1.0,0.2128190017355045,0.1741927586468019,1.0,75,75,False,False,True,False,False,0.5612819114734303,0.2128190017355045,0.240883097309176,weekly_signal_close,top1_by_RS20_within_layer4_80_primary_pool,False,,,False,False,missing_selected_stock_price_registry_row,adjusted_close_exact > tradable_close_proxy > blocked,selected_ticker_adjusted_close_path_only,False,True,False,False,False,False,False,False,True,False
2019-08-08,dynamic80_top1_rs20_proxy,3293,鈊象,TPEx,1.0,0.223413559658343,0.3770853424476754,1.0,29,29,False,True,True,True,False,0.6517480950842844,0.243413559658343,0.2560009644125572,weekly_signal_close,top1_by_RS20_within_layer4_80_primary_pool,False,,,False,False,missing_selected_stock_price_registry_row,adjusted_close_exact > tradable_close_proxy > blocked,selected_ticker_adjusted_close_path_only,False,True,False,False,False,False,False,False,True,False
2019-08-16,dynamic80_top1_rs20_proxy,2387,精元,TWSE,1.0,0.3963595229585506,1.342447020007075,1.0,65,65,False,False,True,True,False,0.5648691149678585,0.3963595229585506,0.4246029787069435,weekly_signal_close,top1_by_RS20_within_layer4_80_primary_pool,False,,,False,False,missing_selected_stock_price_registry_row,adjusted_close_exact > tradable_close_proxy > blocked,selected_ticker_adjusted_close_path_only,False,True,False,False,False,False,False,False,True,False
2019-08-23,dynamic80_top1_rs20_proxy,6510,精測,TPEx,1.0,0.5396704294009326,0.6663353808349077,1.0,65,65,False,False,True,True,False,0.5629932790250146,0.5396704294009326,0.5678200933521833,weekly_signal_close,top1_by_RS20_within_layer4_80_primary_pool,False,,,False,False,missing_selected_stock_price_registry_row,adjusted_close_exact > tradable_close_proxy > blocked,selected_ticker_adjusted_close_path_only,False,True,False,False,False,False,False,False,True,False
2019-08-30,dynamic80_top1_rs20_proxy,5498,凱崴,TPEx,1.0,0.5042542258718385,0.3604000623938956,1.0,74,74,False,False,True,False,False,0.5564121983338042,0.5042542258718385,0.5320748357885288,weekly_signal_close,top1_by_RS20_within_layer4_80_primary_pool,False,,,False,False,missing_selected_stock_price_registry_row,adjusted_close_exact > tradable_close_proxy > blocked,selected_ticker_adjusted_close_path_only,False,True,False,False,False,False,False,False,True,False
2019-09-06,dynamic80_top1_rs20_proxy,2313,華通,TWSE,1.0,0.3426883162586229,0.3942554104538558,1.0,18,18,False,True,True,True,False,0.6923507686697529,0.3626883162586229,0.3773058546921105,weekly_signal_close,top1_by_RS20_within_layer4_80_primary_pool,False,,,False,False,missing_selected_stock_price_registry_row,adjusted_close_exact > tradable_close_proxy > blocked,selected_ticker_adjusted_close_path_only,False,True,False,False,False,False,False,False,True,False
2019-09-12,dynamic80_top1_rs20_proxy,5498,凱崴,TPEx,1.0,0.663243110161148,0.5471037561027514,1.0,75,75,False,False,True,True,False,0.554755609984408,0.663243110161148,0.6909808906603684,weekly_signal_close,top1_by_RS20_within_layer4_80_primary_pool,False,,,False,False,missing_selected_stock_price_registry_row,adjusted_close_exact > tradable_close_proxy > blocked,selected_ticker_adjusted_close_path_only,False,True,False,False,False,False,False,False,True,False
2019-09-20,dynamic80_top1_rs20_proxy,3083,網龍,TPEx,1.0,0.3370862424812184,0.3345344155824008,1.0,7,7,False,True,True,True,False,0.7233871098118356,0.3570862424812184,0.3732555979718102,weekly_signal_close,top1_by_RS20_within_layer4_80_primary_pool,False,,,False,False,missing_selected_stock_price_registry_row,adjusted_close_exact > tradable_close_proxy > blocked,selected_ticker_adjusted_close_path_only,False,True,False,False,False,False,False,False,True,False
2019-09-27,dynamic80_top1_rs20_proxy,3661,世芯-KY,TWSE,1.0,0.1292428723176486,0.6619729720889589,1.0,27,27,False,True,True,True,False,0.6889602955478098,0.1492428723176486,0.1636908870950391,weekly_signal_close,top1_by_RS20_within_layer4_80_primary_pool,False,,,False,False,missing_selected_stock_price_registry_row,adjusted_close_exact > tradable_close_proxy > blocked,selected_ticker_adjusted_close_path_only,False,True,False,False,False,False,False,False,True,False
2019-10-04,dynamic80_top1_rs20_proxy,6472,保瑞,TPEx,1.0,0.1706237523350535,0.1588081111693984,1.0,47,47,False,False,True,True,False,0.6441587455406333,0.1706237523350535,0.2028316896120851,weekly_signal_close,top1_by_RS20_within_layer4_80_primary_pool,False,,,False,False,missing_selected_stock_price_registry_row,adjusted_close_exact > tradable_close_proxy > blocked,selected_ticker_adjusted_close_path_only,False,True,False,False,False,False,False,False,True,False
2019-10-09,dynamic80_top1_rs20_proxy,3680,家登,TPEx,1.0,0.4411234108556532,1.2191342777074414,1.0,9,9,False,True,True,True,False,0.7092458808266983,0.4611234108556532,0.4765857048969881,weekly_signal_close,top1_by_RS20_within_layer4_80_primary_pool,False,,,False,False,missing_selected_stock_price_registry_row,adjusted_close_exact > tradable_close_proxy > blocked,selected_ticker_adjusted_close_path_only,False,True,False,False,False,False,False,False,True,False
2019-10-18,dynamic80_top1_rs20_proxy,9935,慶豐富,TWSE,1.0,0.225648726320238,0.6935684030306661,1.0,79,79,False,False,True,True,False,0.5883960865156782,0.225648726320238,0.2550685306460219,weekly_signal_close,top1_by_RS20_within_layer4_80_primary_pool,False,,,False,False,missing_selected_stock_price_registry_row,adjusted_close_exact > tradable_close_proxy > blocked,selected_ticker_adjusted_close_path_only,False,True,False,False,False,False,False,False,True,False
2019-10-25,dynamic80_top1_rs20_proxy,4908,前鼎,TPEx,1.0,0.451922990336119,0.5579209794928623,1.0,74,74,False,False,True,True,False,0.5962499012214537,0.451922990336119,0.4817354853971917,weekly_signal_close,top1_by_RS20_within_layer4_80_primary_pool,False,,,False,False,missing_selected_stock_price_registry_row,adjusted_close_exact > tradable_close_proxy > blocked,selected_ticker_adjusted_close_path_only,False,True,False,False,False,False,False,False,True,False
2019-11-01,dynamic80_top1_rs20_proxy,2504,國產,TWSE,1.0,0.472634710391586,0.6232048952434974,1.0,24,24,False,True,True,True,False,0.6705534195628927,0.492634710391586,0.5061623813697307,weekly_signal_close,top1_by_RS20_within_layer4_80_primary_pool,False,,,False,False,missing_selected_stock_price_registry_row,adjusted_close_exact > tradable_close_proxy > blocked,selected_ticker_adjusted_close_path_only,False,True,False,False,False,False,False,False,True,False
2019-11-08,dynamic80_top1_rs20_proxy,2362,藍天,TWSE,1.0,0.2873418300112826,0.1386028339946396,1.0,64,64,False,False,True,True,False,0.6072577586062587,0.2873418300112826,0.3177047179415955,weekly_signal_close,top1_by_RS20_within_layer4_80_primary_pool,False,,,False,False,missing_selected_stock_price_registry_row,adjusted_close_exact > tradable_close_proxy > blocked,selected_ticker_adjusted_close_path_only,False,True,False,False,False,False,False,False,True,False
2019-11-15,dynamic80_top1_rs20_proxy,6667,信紘科,TPEx,1.0,0.9213427250053484,1.47688358025622,1.0,58,58,False,False,True,True,False,0.6306599189698612,0.9213427250053484,0.9528757209538414,weekly_signal_close,top1_by_RS20_within_layer4_80_primary_pool,False,,,False,False,missing_selected_stock_price_registry_row,adjusted_close_exact > tradable_close_proxy > blocked,selected_ticker_adjusted_close_path_only,False,True,False,False,False,False,False,False,True,False
2019-11-22,dynamic80_top1_rs20_proxy,6251,定穎,TWSE,1.0,0.2262269469219739,0.3939925270402635,1.0,44,44,False,False,True,True,False,0.6435885919441727,0.2262269469219739,0.2584063765191825,weekly_signal_close,top1_by_RS20_within_layer4_80_primary_pool,False,,,False,False,missing_selected_stock_price_registry_row,adjusted_close_exact > tradable_close_proxy > blocked,selected_ticker_adjusted_close_path_only,False,True,False,False,False,False,False,False,True,False
2019-11-29,dynamic80_top1_rs20_proxy,6612,奈米醫材,TPEx,1.0,0.3019220836270191,0.2612553350727107,1.0,57,57,False,False,True,True,False,0.6309283986313943,0.3019220836270191,0.3334685035585888,weekly_signal_close,top1_by_RS20_within_layer4_80_primary_pool,False,,,False,False,missing_selected_stock_price_registry_row,adjusted_close_exact > tradable_close_proxy > blocked,selected_ticker_adjusted_close_path_only,False,True,False,False,False,False,False,False,True,False
2019-12-06,dynamic80_top1_rs20_proxy,8182,加高,TPEx,1.0,0.4921704144129888,0.3007664464165769,1.0,73,73,False,False,True,True,False,0.5685385655362146,0.4921704144129888,0.5205973426897995,weekly_signal_close,top1_by_RS20_within_layer4_80_primary_pool,False,,,False,False,missing_selected_stock_price_registry_row,adjusted_close_exact > tradable_close_proxy > blocked,selected_ticker_adjusted_close_path_only,False,True,False,False,False,False,False,False,True,False
2019-12-13,dynamic80_top1_rs20_proxy,6196,帆宣,TWSE,1.0,0.3053027465076627,0.6326387330408252,1.0,9,9,False,True,True,True,False,0.7033769169790698,0.3253027465076627,0.3404715923566161,weekly_signal_close,top1_by_RS20_within_layer4_80_primary_pool,False,,,False,False,missing_selected_stock_price_registry_row,adjusted_close_exact > tradable_close_proxy > blocked,selected_ticker_adjusted_close_path_only,False,True,False,False,False,False,False,False,True,False
2019-12-20,dynamic80_top1_rs20_proxy,6230,尼得科超眾,TWSE,1.0,0.2148345223954686,-0.0578840643452409,1.0,71,71,False,False,True,True,False,0.587013197868675,0.2148345223954686,0.2441851822889023,weekly_signal_close,top1_by_RS20_within_layer4_80_primary_pool,False,,,False,False,missing_selected_stock_price_registry_row,adjusted_close_exact > tradable_close_proxy > blocked,selected_ticker_adjusted_close_path_only,False,True,False,False,False,False,False,False,True,False
2019-12-27,dynamic80_top1_rs20_proxy,3131,弘塑,TPEx,1.0,0.292382162799403,0.7501982074886056,1.0,79,79,False,False,True,True,False,0.5885560457504713,0.292382162799403,0.3218099650869265,weekly_signal_close,top1_by_RS20_within_layer4_80_primary_pool,False,,,False,False,missing_selected_stock_price_registry_row,adjusted_close_exact > tradable_close_proxy > blocked,selected_ticker_adjusted_close_path_only,False,True,False,False,False,False,False,False,True,False
2020-01-03,dynamic80_top1_rs20_proxy,3406,玉晶光,TWSE,1.0,0.3423714935129067,0.0587906018637498,1.0,55,55,False,False,True,True,False,0.6452484601310807,0.3423714935129067,0.3746339165194607,weekly_signal_close,top1_by_RS20_within_layer4_80_primary_pool,False,,,False,False,missing_selected_stock_price_registry_row,adjusted_close_exact > tradable_close_proxy > blocked,selected_ticker_adjusted_close_path_only,False,True,False,False,False,False,False,False,True,False
2020-01-10,dynamic80_top1_rs20_proxy,3293,鈊象,TPEx,1.0,0.2297702041247493,0.0707825520121918,1.0,52,52,False,False,True,True,False,0.6490231520905011,0.2297702041247493,0.2622213617292743,weekly_signal_close,top1_by_RS20_within_layer4_80_primary_pool,False,,,False,False,missing_selected_stock_price_registry_row,adjusted_close_exact > tradable_close_proxy > blocked,selected_ticker_adjusted_close_path_only,False,True,False,False,False,False,False,False,True,False
2020-01-17,dynamic80_top1_rs20_proxy,8210,勤誠,TWSE,1.0,0.3704482416837305,0.3498366899183578,1.0,52,52,False,False,True,True,False,0.6399013908752959,0.3704482416837305,0.4024433112274952,weekly_signal_close,top1_by_RS20_within_layer4_80_primary_pool,False,,,False,False,missing_selected_stock_price_registry_row,adjusted_close_exact > tradable_close_proxy > blocked,selected_ticker_adjusted_close_path_only,False,True,False,False,False,False,False,False,True,False
2020-01-20,dynamic80_top1_rs20_proxy,3293,鈊象,TPEx,1.0,0.2466378017332937,0.1117383947678729,1.0,50,50,False,False,True,True,False,0.6392332272051371,0.2466378017332937,0.2785994630935505,weekly_signal_close,top1_by_RS20_within_layer4_80_primary_pool,False,,,False,False,missing_selected_stock_price_registry_row,adjusted_close_exact > tradable_close_proxy > blocked,selected_ticker_adjusted_close_path_only,False,True,False,False,False,False,False,False,True,False
2020-01-31,dynamic80_top1_rs20_proxy,3218,大學光,TPEx,1.0,0.3515100100054937,0.2245843026695735,1.0,25,25,False,True,True,True,False,0.6403827443798242,0.3715100100054937,0.3835291472244849,weekly_signal_close,top1_by_RS20_within_layer4_80_primary_pool,False,,,False,False,missing_selected_stock_price_registry_row,adjusted_close_exact > tradable_close_proxy > blocked,selected_ticker_adjusted_close_path_only,False,True,False,False,False,False,False,False,True,False
2020-02-07,dynamic80_top1_rs20_proxy,8996,高力,TWSE,1.0,0.4111521737045321,0.798430924909894,1.0,32,32,False,False,True,True,False,0.5935598410915699,0.4111521737045321,0.4408301657591106,weekly_signal_close,top1_by_RS20_within_layer4_80_primary_pool,False,,,False,False,missing_selected_stock_price_registry_row,adjusted_close_exact > tradable_close_proxy > blocked,selected_ticker_adjusted_close_path_only,False,True,False,False,False,False,False,False,True,False
2020-02-14,dynamic80_top1_rs20_proxy,3515,華擎,TWSE,1.0,0.4753488766594569,0.5644750150420434,1.0,43,43,False,False,True,True,True,0.5461480067017903,0.4753488766594569,0.4726562769945464,weekly_signal_close,top1_by_RS20_within_layer4_80_primary_pool,False,,,False,False,missing_selected_stock_price_registry_row,adjusted_close_exact > tradable_close_proxy > blocked,selected_ticker_adjusted_close_path_only,False,True,False,False,False,False,False,False,True,False
2020-02-21,dynamic80_top1_rs20_proxy,3218,大學光,TPEx,1.0,0.2398477536277902,0.2877286770135343,1.0,23,23,False,False,True,True,True,0.6093957402038138,0.2398477536277902,0.2403175406379809,weekly_signal_close,top1_by_RS20_within_layer4_80_primary_pool,False,,,False,False,missing_selected_stock_price_registry_row,adjusted_close_exact > tradable_close_proxy > blocked,selected_ticker_adjusted_close_path_only,False,True,False,False,False,False,False,False,True,False
2020-02-27,dynamic80_top1_rs20_proxy,3293,鈊象,TPEx,1.0,0.2644545459645896,0.6943081655428305,1.0,63,63,False,False,True,True,False,0.5493387060998599,0.2644545459645896,0.2919214812695826,weekly_signal_close,top1_by_RS20_within_layer4_80_primary_pool,False,,,False,False,missing_selected_stock_price_registry_row,adjusted_close_exact > tradable_close_proxy > blocked,selected_ticker_adjusted_close_path_only,False,True,False,False,False,False,False,False,True,False
2020-03-06,dynamic80_top1_rs20_proxy,4119,旭富,TWSE,1.0,0.3398249811964045,0.1945290291001069,1.0,20,20,False,True,True,True,False,0.6651565791617176,0.3598249811964045,0.3730828101544903,weekly_signal_close,top1_by_RS20_within_layer4_80_primary_pool,False,,,False,False,missing_selected_stock_price_registry_row,adjusted_close_exact > tradable_close_proxy > blocked,selected_ticker_adjusted_close_path_only,False,True,False,False,False,False,False,False,True,False
2020-03-13,dynamic80_top1_rs20_proxy,2368,金像電,TWSE,1.0,0.5599421019902854,0.4474643899701341,1.0,43,43,False,False,True,True,False,0.5655146899265479,0.5599421019902854,0.5882178364866127,weekly_signal_close,top1_by_RS20_within_layer4_80_primary_pool,False,,,False,False,missing_selected_stock_price_registry_row,adjusted_close_exact > tradable_close_proxy > blocked,selected_ticker_adjusted_close_path_only,False,True,False,False,False,False,False,False,True,False
2020-03-20,dynamic80_top1_rs20_proxy,1732,毛寶,TWSE,1.0,0.5303995038708564,1.8101617728733688,1.0,71,71,False,False,True,True,False,0.5288374348530769,0.5303995038708564,0.5568413756135103,weekly_signal_close,top1_by_RS20_within_layer4_80_primary_pool,False,,,False,False,missing_selected_stock_price_registry_row,adjusted_close_exact > tradable_close_proxy > blocked,selected_ticker_adjusted_close_path_only,False,True,False,False,False,False,False,False,True,False
2020-03-27,dynamic80_top1_rs20_proxy,2368,金像電,TWSE,1.0,0.6967386010187099,0.695712723034508,1.0,64,64,False,False,True,True,False,0.5510266496119001,0.6967386010187099,0.7242899334993049,weekly_signal_close,top1_by_RS20_within_layer4_80_primary_pool,False,,,False,False,missing_selected_stock_price_registry_row,adjusted_close_exact > tradable_close_proxy > blocked,selected_ticker_adjusted_close_path_only,False,True,False,False,False,False,False,False,True,False
2020-04-01,dynamic80_top1_rs20_proxy,4119,旭富,TWSE,1.0,0.304565199045723,0.4740750921032415,1.0,58,58,False,False,True,True,False,0.5468038937691012,0.304565199045723,0.331905393734178,weekly_signal_close,top1_by_RS20_within_layer4_80_primary_pool,False,,,False,False,missing_selected_stock_price_registry_row,adjusted_close_exact > tradable_close_proxy > blocked,selected_ticker_adjusted_close_path_only,False,True,False,False,False,False,False,False,True,False
2020-04-10,dynamic80_top1_rs20_proxy,2368,金像電,TWSE,1.0,0.2649101947331944,0.7282944924601915,1.0,42,42,False,False,True,True,False,0.5569138762218078,0.2649101947331944,0.2927558885442847,weekly_signal_close,top1_by_RS20_within_layer4_80_primary_pool,False,,,False,False,missing_selected_stock_price_registry_row,adjusted_close_exact > tradable_close_proxy > blocked,selected_ticker_adjusted_close_path_only,False,True,False,False,False,False,False,False,True,False
2020-04-17,dynamic80_top1_rs20_proxy,6415,矽力*-KY,TWSE,1.0,0.5418494697081055,0.2277088065492183,1.0,62,62,False,False,True,True,False,0.5050674841025562,0.5418494697081055,0.5671028439132334,weekly_signal_close,top1_by_RS20_within_layer4_80_primary_pool,False,,,False,False,missing_selected_stock_price_registry_row,adjusted_close_exact > tradable_close_proxy > blocked,selected_ticker_adjusted_close_path_only,False,True,False,False,False,False,False,False,True,False
2020-04-24,dynamic80_top1_rs20_proxy,3669,圓展,TWSE,1.0,0.4868033632967004,1.1592859505685476,1.0,64,64,False,False,True,True,False,0.5536430273747407,0.4868033632967004,0.5144855146654375,weekly_signal_close,top1_by_RS20_within_layer4_80_primary_pool,False,,,False,False,missing_selected_stock_price_registry_row,adjusted_close_exact > tradable_close_proxy > blocked,selected_ticker_adjusted_close_path_only,False,True,False,False,False,False,False,False,True,False
2020-04-30,dynamic80_top1_rs20_proxy,9919,康那香,TWSE,1.0,0.5566678864897969,0.7912938014701015,1.0,49,49,False,False,True,True,True,0.5611822517569488,0.5566678864897969,0.5547269990776443,weekly_signal_close,top1_by_RS20_within_layer4_80_primary_pool,False,,,False,False,missing_selected_stock_price_registry_row,adjusted_close_exact > tradable_close_proxy > blocked,selected_ticker_adjusted_close_path_only,False,True,False,False,False,False,False,False,True,False
2020-05-08,dynamic80_top1_rs20_proxy,5299,杰力,TPEx,1.0,0.3439306622475515,0.2910913409823861,1.0,72,72,False,False,True,True,False,0.5852306499335433,0.3439306622475515,0.3731921947442286,weekly_signal_close,top1_by_RS20_within_layer4_80_primary_pool,False,,,False,False,missing_selected_stock_price_registry_row,adjusted_close_exact > tradable_close_proxy > blocked,selected_ticker_adjusted_close_path_only,False,True,False,False,False,False,False,False,True,False
2020-05-15,dynamic80_top1_rs20_proxy,4966,譜瑞-KY,TPEx,1.0,0.2856948376125507,0.2499910329870484,1.0,60,60,False,False,True,True,False,0.6167662878616806,0.2856948376125507,0.3165331520056347,weekly_signal_close,top1_by_RS20_within_layer4_80_primary_pool,False,,,False,False,missing_selected_stock_price_registry_row,adjusted_close_exact > tradable_close_proxy > blocked,selected_ticker_adjusted_close_path_only,False,True,False,False,False,False,False,False,True,False
2020-05-22,dynamic80_top1_rs20_proxy,3680,家登,TPEx,1.0,0.5485433061038458,0.3375980113888771,1.0,75,75,False,False,True,True,False,0.552986912130697,0.5485433061038458,0.5761926517103807,weekly_signal_close,top1_by_RS20_within_layer4_80_primary_pool,False,,,False,False,missing_selected_stock_price_registry_row,adjusted_close_exact > tradable_close_proxy > blocked,selected_ticker_adjusted_close_path_only,False,True,False,False,False,False,False,False,True,False
2020-05-29,dynamic80_top1_rs20_proxy,4736,泰博,TPEx,1.0,0.5503383103267021,0.8388884428729717,1.0,70,70,False,False,True,True,False,0.5449364038322245,0.5503383103267021,0.5775851305183133,weekly_signal_close,top1_by_RS20_within_layer4_80_primary_pool,False,,,False,False,missing_selected_stock_price_registry_row,adjusted_close_exact > tradable_close_proxy > blocked,selected_ticker_adjusted_close_path_only,False,True,False,False,False,False,False,False,True,False
2020-06-05,dynamic80_top1_rs20_proxy,3218,大學光,TPEx,1.0,0.5363348235199057,1.0127991403840952,1.0,8,8,False,True,True,True,False,0.714271704474685,0.5563348235199057,0.5720484087436399,weekly_signal_close,top1_by_RS20_within_layer4_80_primary_pool,False,,,False,False,missing_selected_stock_price_registry_row,adjusted_close_exact > tradable_close_proxy > blocked,selected_ticker_adjusted_close_path_only,False,True,False,False,False,False,False,False,True,False
2020-06-12,dynamic80_top1_rs20_proxy,3653,健策,TWSE,1.0,0.2612044485490858,0.7753611751407667,1.0,14,14,False,True,True,True,False,0.6821140028404042,0.2812044485490858,0.295310148691106,weekly_signal_close,top1_by_RS20_within_layer4_80_primary_pool,False,,,False,False,missing_selected_stock_price_registry_row,adjusted_close_exact > tradable_close_proxy > blocked,selected_ticker_adjusted_close_path_only,False,True,False,False,False,False,False,False,True,False
2020-06-19,dynamic80_top1_rs20_proxy,5264,鎧勝-KY,TWSE,1.0,0.4005708469684299,0.5153011610583602,1.0,33,33,False,False,True,True,False,0.6353093944985494,0.4005708469684299,0.4323363166933573,weekly_signal_close,top1_by_RS20_within_layer4_80_primary_pool,False,,,False,False,missing_selected_stock_price_registry_row,adjusted_close_exact > tradable_close_proxy > blocked,selected_ticker_adjusted_close_path_only,False,True,False,False,False,False,False,False,True,False
2020-06-24,dynamic80_top1_rs20_proxy,3293,鈊象,TPEx,1.0,0.4197090649232478,0.2732132992635416,1.0,31,31,False,True,True,True,False,0.6381395189180586,0.4397090649232478,0.4516160408691507,weekly_signal_close,top1_by_RS20_within_layer4_80_primary_pool,False,,,False,False,missing_selected_stock_price_registry_row,adjusted_close_exact > tradable_close_proxy > blocked,selected_ticker_adjusted_close_path_only,False,True,False,False,False,False,False,False,True,False
2020-07-03,dynamic80_top1_rs20_proxy,4167,展旺,TPEx,1.0,0.4337559264304471,0.5876858799875524,1.0,60,60,False,False,True,True,False,0.5988050164750955,0.4337559264304471,0.4636961772542018,weekly_signal_close,top1_by_RS20_within_layer4_80_primary_pool,False,,,False,False,missing_selected_stock_price_registry_row,adjusted_close_exact > tradable_close_proxy > blocked,selected_ticker_adjusted_close_path_only,False,True,False,False,False,False,False,False,True,False
2020-07-10,dynamic80_top1_rs20_proxy,3661,世芯-KY,TWSE,1.0,0.4365199593682982,1.247426338015157,1.0,66,66,False,False,True,True,False,0.552323260063376,0.4365199593682982,0.4641361223714669,weekly_signal_close,top1_by_RS20_within_layer4_80_primary_pool,False,,,False,False,missing_selected_stock_price_registry_row,adjusted_close_exact > tradable_close_proxy > blocked,selected_ticker_adjusted_close_path_only,False,True,False,False,False,False,False,False,True,False
2020-07-17,dynamic80_top1_rs20_proxy,3540,曜越,TPEx,1.0,0.4885547777990198,1.8829932958280824,1.0,80,80,False,False,True,True,False,0.5316092171672888,0.4885547777990198,0.5151352386573842,weekly_signal_close,top1_by_RS20_within_layer4_80_primary_pool,False,,,False,False,missing_selected_stock_price_registry_row,adjusted_close_exact > tradable_close_proxy > blocked,selected_ticker_adjusted_close_path_only,False,True,False,False,False,False,False,False,True,False
2020-07-24,dynamic80_top1_rs20_proxy,3540,曜越,TPEx,1.0,0.5587082602470153,2.049371294289856,1.0,78,78,False,False,True,True,False,0.5472786463785599,0.5587082602470153,0.5860721925659432,weekly_signal_close,top1_by_RS20_within_layer4_80_primary_pool,False,,,False,False,missing_selected_stock_price_registry_row,adjusted_close_exact > tradable_close_proxy > blocked,selected_ticker_adjusted_close_path_only,False,True,False,False,False,False,False,False,True,False
2020-07-31,dynamic80_top1_rs20_proxy,2303,聯電,TWSE,1.0,0.2289581197741501,0.208638934436993,1.0,5,5,False,True,True,True,False,0.7098639835117403,0.24895811977415,0.2644513189497371,weekly_signal_close,top1_by_RS20_within_layer4_80_primary_pool,False,,,False,False,missing_selected_stock_price_registry_row,adjusted_close_exact > tradable_close_proxy > blocked,selected_ticker_adjusted_close_path_only,False,True,False,False,False,False,False,False,True,False
2020-08-07,dynamic80_top1_rs20_proxy,3669,圓展,TWSE,1.0,0.73546316141609,0.9848755365751864,1.0,66,66,False,False,True,True,False,0.5638861270480036,0.73546316141609,0.7636574677684902,weekly_signal_close,top1_by_RS20_within_layer4_80_primary_pool,False,,,False,False,missing_selected_stock_price_registry_row,adjusted_close_exact > tradable_close_proxy > blocked,selected_ticker_adjusted_close_path_only,False,True,False,False,False,False,False,False,True,False
2020-08-14,dynamic80_top1_rs20_proxy,6441,廣錠,TPEx,1.0,0.3812807731199346,0.1557608533059102,1.0,54,54,False,False,True,True,False,0.590066551342863,0.3812807731199346,0.4107841006870777,weekly_signal_close,top1_by_RS20_within_layer4_80_primary_pool,False,,,False,False,missing_selected_stock_price_registry_row,adjusted_close_exact > tradable_close_proxy > blocked,selected_ticker_adjusted_close_path_only,False,True,False,False,False,False,False,False,True,False
2020-08-21,dynamic80_top1_rs20_proxy,2603,長榮,TWSE,1.0,0.3769059434722637,0.1733358071278876,1.0,16,16,False,True,True,True,False,0.6524068146889861,0.3969059434722637,0.409526284206713,weekly_signal_close,top1_by_RS20_within_layer4_80_primary_pool,False,,,False,False,missing_selected_stock_price_registry_row,adjusted_close_exact > tradable_close_proxy > blocked,selected_ticker_adjusted_close_path_only,False,True,False,False,False,False,False,False,True,False
2020-08-28,dynamic80_top1_rs20_proxy,2387,精元,TWSE,1.0,0.4916121997378909,0.7846142293544225,1.0,40,40,False,False,True,True,False,0.5718459927014565,0.4916121997378909,0.5202044993729638,weekly_signal_close,top1_by_RS20_within_layer4_80_primary_pool,False,,,False,False,missing_selected_stock_price_registry_row,adjusted_close_exact > tradable_close_proxy > blocked,selected_ticker_adjusted_close_path_only,False,True,False,False,False,False,False,False,True,False
2020-09-04,dynamic80_top1_rs20_proxy,9103,美德醫療-DR,TWSE,1.0,0.931831677031995,6.407348460395594,1.0,79,79,False,False,True,True,False,0.5062950029873143,0.931831677031995,0.9571464271813608,weekly_signal_close,top1_by_RS20_within_layer4_80_primary_pool,False,,,False,False,missing_selected_stock_price_registry_row,adjusted_close_exact > tradable_close_proxy > blocked,selected_ticker_adjusted_close_path_only,False,True,False,False,False,False,False,False,True,False
2020-09-11,dynamic80_top1_rs20_proxy,1513,中興電,TWSE,1.0,0.6807515490879555,0.7163513773960943,1.0,43,43,False,False,True,True,True,0.5756770748269117,0.6807515490879555,0.6795354028293011,weekly_signal_close,top1_by_RS20_within_layer4_80_primary_pool,False,,,False,False,missing_selected_stock_price_registry_row,adjusted_close_exact > tradable_close_proxy > blocked,selected_ticker_adjusted_close_path_only,False,True,False,False,False,False,False,False,True,False
2020-09-18,dynamic80_top1_rs20_proxy,6237,驊訊,TPEx,1.0,0.4372192730080708,0.4289446928835332,1.0,72,72,False,False,True,True,False,0.5633358112568388,0.4372192730080708,0.4653860635709127,weekly_signal_close,top1_by_RS20_within_layer4_80_primary_pool,False,,,False,False,missing_selected_stock_price_registry_row,adjusted_close_exact > tradable_close_proxy > blocked,selected_ticker_adjusted_close_path_only,False,True,False,False,False,False,False,False,True,False
2020-09-25,dynamic80_top1_rs20_proxy,5471,松翰,TWSE,1.0,0.2784655065974633,0.0510862503156901,1.0,66,66,False,False,True,True,False,0.5861964427320098,0.2784655065974633,0.3077753287340637,weekly_signal_close,top1_by_RS20_within_layer4_80_primary_pool,False,,,False,False,missing_selected_stock_price_registry_row,adjusted_close_exact > tradable_close_proxy > blocked,selected_ticker_adjusted_close_path_only,False,True,False,False,False,False,False,False,True,False
2020-09-30,dynamic80_top1_rs20_proxy,3682,亞太電,TWSE,1.0,0.2995896032831737,0.1291460578886356,1.0,63,63,False,False,True,True,False,0.5668684378308573,0.2995896032831737,0.3279330251747165,weekly_signal_close,top1_by_RS20_within_layer4_80_primary_pool,False,,,False,False,missing_selected_stock_price_registry_row,adjusted_close_exact > tradable_close_proxy > blocked,selected_ticker_adjusted_close_path_only,False,True,False,False,False,False,False,False,True,False
2020-10-08,dynamic80_top1_rs20_proxy,2351,順德,TWSE,1.0,0.2566872829321163,0.1590042454905837,1.0,40,40,False,False,True,True,False,0.6197610791025308,0.2566872829321163,0.2876753368872428,weekly_signal_close,top1_by_RS20_within_layer4_80_primary_pool,False,,,False,False,missing_selected_stock_price_registry_row,adjusted_close_exact > tradable_close_proxy > blocked,selected_ticker_adjusted_close_path_only,False,True,False,False,False,False,False,False,True,False
2020-10-16,dynamic80_top1_rs20_proxy,6558,興能高,TWSE,1.0,0.3243424983147231,0.2024812532375,1.0,58,58,False,False,True,True,False,0.610876681302614,0.3243424983147231,0.3548863323798538,weekly_signal_close,top1_by_RS20_within_layer4_80_primary_pool,False,,,False,False,missing_selected_stock_price_registry_row,adjusted_close_exact > tradable_close_proxy > blocked,selected_ticker_adjusted_close_path_only,False,True,False,False,False,False,False,False,True,False
2020-10-23,dynamic80_top1_rs20_proxy,6558,興能高,TWSE,1.0,0.4709020635575232,0.5939443128940771,1.0,46,46,False,False,True,True,False,0.6250372251289231,0.4709020635575232,0.5021539248139694,weekly_signal_close,top1_by_RS20_within_layer4_80_primary_pool,False,,,False,False,missing_selected_stock_price_registry_row,adjusted_close_exact > tradable_close_proxy > blocked,selected_ticker_adjusted_close_path_only,False,True,False,False,False,False,False,False,True,False
2020-10-30,dynamic80_top1_rs20_proxy,3545,敦泰,TWSE,1.0,0.5331494034710387,0.4251262605404694,1.0,33,33,False,True,True,True,False,0.6584508449908415,0.5531494034710387,0.5660719457205807,weekly_signal_close,top1_by_RS20_within_layer4_80_primary_pool,False,,,False,False,missing_selected_stock_price_registry_row,adjusted_close_exact > tradable_close_proxy > blocked,selected_ticker_adjusted_close_path_only,False,True,False,False,False,False,False,False,True,False
2020-11-06,dynamic80_top1_rs20_proxy,6558,興能高,TWSE,1.0,0.4763729591034178,0.5772122719235664,1.0,27,27,False,True,True,True,False,0.6514570318563533,0.4963729591034178,0.5089458106962355,weekly_signal_close,top1_by_RS20_within_layer4_80_primary_pool,False,,,False,False,missing_selected_stock_price_registry_row,adjusted_close_exact > tradable_close_proxy > blocked,selected_ticker_adjusted_close_path_only,False,True,False,False,False,False,False,False,True,False
2020-11-13,dynamic80_top1_rs20_proxy,3545,敦泰,TWSE,1.0,0.6664728390502319,0.4661199471660102,1.0,30,30,False,True,True,True,False,0.6681237854312462,0.6864728390502319,0.6998790283217943,weekly_signal_close,top1_by_RS20_within_layer4_80_primary_pool,False,,,False,False,missing_selected_stock_price_registry_row,adjusted_close_exact > tradable_close_proxy > blocked,selected_ticker_adjusted_close_path_only,False,True,False,False,False,False,False,False,True,False
2020-11-20,dynamic80_top1_rs20_proxy,3530,晶相光,TWSE,1.0,0.2464036464560954,0.3304871707663888,1.0,28,28,False,True,True,True,False,0.6571560612389558,0.2664036464560954,0.2792614495180431,weekly_signal_close,top1_by_RS20_within_layer4_80_primary_pool,False,,,False,False,missing_selected_stock_price_registry_row,adjusted_close_exact > tradable_close_proxy > blocked,selected_ticker_adjusted_close_path_only,False,True,False,False,False,False,False,False,True,False
2020-11-27,dynamic80_top1_rs20_proxy,6279,胡連,TPEx,1.0,0.3806432782556654,0.4692624610279068,1.0,44,44,False,False,True,True,False,0.6593630834712658,0.3806432782556654,0.4136114324292287,weekly_signal_close,top1_by_RS20_within_layer4_80_primary_pool,False,,,False,False,missing_selected_stock_price_registry_row,adjusted_close_exact > tradable_close_proxy > blocked,selected_ticker_adjusted_close_path_only,False,True,False,False,False,False,False,False,True,False
2020-12-04,dynamic80_top1_rs20_proxy,6271,同欣電,TWSE,1.0,0.4846254432639165,0.4696922401799355,1.0,16,16,False,True,True,True,False,0.7014067705644794,0.5046254432639165,0.5196957817921405,weekly_signal_close,top1_by_RS20_within_layer4_80_primary_pool,False,,,False,False,missing_selected_stock_price_registry_row,adjusted_close_exact > tradable_close_proxy > blocked,selected_ticker_adjusted_close_path_only,False,True,False,False,False,False,False,False,True,False
2020-12-11,dynamic80_top1_rs20_proxy,3588,通嘉,TWSE,1.0,0.4184979951208245,0.560606797139126,1.0,70,70,False,False,True,True,False,0.6069046025514502,0.4184979951208245,0.448843225248397,weekly_signal_close,top1_by_RS20_within_layer4_80_primary_pool,False,,,False,False,missing_selected_stock_price_registry_row,adjusted_close_exact > tradable_close_proxy > blocked,selected_ticker_adjusted_close_path_only,False,True,False,False,False,False,False,False,True,False
2020-12-18,dynamic80_top1_rs20_proxy,6488,環球晶,TPEx,1.0,0.3477732797668795,0.4227710803054323,1.0,15,15,False,True,True,True,False,0.7050774109606865,0.3677732797668795,0.3830271503149138,weekly_signal_close,top1_by_RS20_within_layer4_80_primary_pool,False,,,False,False,missing_selected_stock_price_registry_row,adjusted_close_exact > tradable_close_proxy > blocked,selected_ticker_adjusted_close_path_only,False,True,False,False,False,False,False,False,True,False
2020-12-25,dynamic80_top1_rs20_proxy,2609,陽明,TWSE,1.0,0.6610240534870759,1.243824254665346,1.0,14,14,False,True,True,True,False,0.6898220253289424,0.681024053487076,0.6955151547535231,weekly_signal_close,top1_by_RS20_within_layer4_80_primary_pool,False,,,False,False,missing_selected_stock_price_registry_row,adjusted_close_exact > tradable_close_proxy > blocked,selected_ticker_adjusted_close_path_only,False,True,False,False,False,False,False,False,True,False
2020-12-31,dynamic80_top1_rs20_proxy,3588,通嘉,TWSE,1.0,0.437415429984282,0.8107650059403491,1.0,80,80,False,False,True,True,False,0.5603227527321312,0.437415429984282,0.4654315676208885,weekly_signal_close,top1_by_RS20_within_layer4_80_primary_pool,False,,,False,False,missing_selected_stock_price_registry_row,adjusted_close_exact > tradable_close_proxy > blocked,selected_ticker_adjusted_close_path_only,False,True,False,False,False,False,False,False,True,False
2021-01-08,dynamic80_top1_rs20_proxy,3605,宏致,TWSE,1.0,0.2765730442263416,0.0087511340376651,1.0,47,47,False,False,True,True,False,0.5876063244886842,0.2765730442263416,0.3059533604507758,weekly_signal_close,top1_by_RS20_within_layer4_80_primary_pool,False,,,False,False,missing_selected_stock_price_registry_row,adjusted_close_exact > tradable_close_proxy > blocked,selected_ticker_adjusted_close_path_only,False,True,False,False,False,False,False,False,True,False
2021-01-15,dynamic80_top1_rs20_proxy,3545,敦泰,TWSE,1.0,0.3964068173478021,2.001558735122848,1.0,9,9,False,True,True,True,False,0.6852238010860209,0.4164068173478021,0.4306680074021031,weekly_signal_close,top1_by_RS20_within_layer4_80_primary_pool,False,,,False,False,missing_selected_stock_price_registry_row,adjusted_close_exact > tradable_close_proxy > blocked,selected_ticker_adjusted_close_path_only,False,True,False,False,False,False,False,False,True,False
2021-01-22,dynamic80_top1_rs20_proxy,8046,南電,TWSE,1.0,0.2959327013148978,0.861585638083763,1.0,65,65,False,False,True,True,False,0.5675320104724837,0.2959327013148978,0.3243093018385219,weekly_signal_close,top1_by_RS20_within_layer4_80_primary_pool,False,,,False,False,missing_selected_stock_price_registry_row,adjusted_close_exact > tradable_close_proxy > blocked,selected_ticker_adjusted_close_path_only,False,True,False,False,False,False,False,False,True,False
2021-01-29,dynamic80_top1_rs20_proxy,3665,貿聯-KY,TWSE,1.0,0.2036290697700455,0.1266329516888005,1.0,45,45,False,False,True,True,False,0.6428313483714428,0.2036290697700455,0.2357706371886176,weekly_signal_close,top1_by_RS20_within_layer4_80_primary_pool,False,,,False,False,missing_selected_stock_price_registry_row,adjusted_close_exact > tradable_close_proxy > blocked,selected_ticker_adjusted_close_path_only,False,True,False,False,False,False,False,False,True,False
2021-02-05,dynamic80_top1_rs20_proxy,2354,鴻準,TWSE,1.0,0.2073122027533025,0.0801080564179339,1.0,66,66,False,False,True,True,False,0.5855363687334273,0.2073122027533025,0.2365890211899738,weekly_signal_close,top1_by_RS20_within_layer4_80_primary_pool,False,,,False,False,missing_selected_stock_price_registry_row,adjusted_close_exact > tradable_close_proxy > blocked,selected_ticker_adjusted_close_path_only,False,True,False,False,False,False,False,False,True,False
2021-02-19,dynamic80_top1_rs20_proxy,4961,天鈺,TWSE,1.0,0.3954525954011565,4.250425506347068,1.0,72,72,False,False,True,True,False,0.5628793515734699,0.3954525954011565,0.42359656297983,weekly_signal_close,top1_by_RS20_within_layer4_80_primary_pool,False,,,False,False,missing_selected_stock_price_registry_row,adjusted_close_exact > tradable_close_proxy > blocked,selected_ticker_adjusted_close_path_only,False,True,False,False,False,False,False,False,True,False
2021-02-26,dynamic80_top1_rs20_proxy,4162,智擎,TPEx,1.0,0.526618163750397,0.1677804201144397,1.0,56,56,False,False,True,True,False,0.6172468010704326,0.526618163750397,0.5574805038039187,weekly_signal_close,top1_by_RS20_within_layer4_80_primary_pool,False,,,False,False,missing_selected_stock_price_registry_row,adjusted_close_exact > tradable_close_proxy > blocked,selected_ticker_adjusted_close_path_only,False,True,False,False,False,False,False,False,True,False
2021-03-05,dynamic80_top1_rs20_proxy,3526,凡甲,TPEx,1.0,0.2681727895942432,0.2678575093685522,1.0,59,59,False,False,True,True,False,0.6521698129541862,0.2681727895942432,0.3007812802419525,weekly_signal_close,top1_by_RS20_within_layer4_80_primary_pool,False,,,False,False,missing_selected_stock_price_registry_row,adjusted_close_exact > tradable_close_proxy > blocked,selected_ticker_adjusted_close_path_only,False,True,False,False,False,False,False,False,True,False
2021-03-12,dynamic80_top1_rs20_proxy,6138,茂達,TPEx,1.0,0.4235053675442901,0.1048172915837688,1.0,56,56,False,False,True,True,False,0.6017764187650285,0.4235053675442901,0.4535941884825415,weekly_signal_close,top1_by_RS20_within_layer4_80_primary_pool,False,,,False,False,missing_selected_stock_price_registry_row,adjusted_close_exact > tradable_close_proxy > blocked,selected_ticker_adjusted_close_path_only,False,True,False,False,False,False,False,False,True,False
2021-03-19,dynamic80_top1_rs20_proxy,8016,矽創,TWSE,1.0,0.4572523498484701,0.5794306177823147,1.0,22,22,False,True,True,True,False,0.6771716835737682,0.4772523498484701,0.4911109340271585,weekly_signal_close,top1_by_RS20_within_layer4_80_primary_pool,False,,,False,False,missing_selected_stock_price_registry_row,adjusted_close_exact > tradable_close_proxy > blocked,selected_ticker_adjusted_close_path_only,False,True,False,False,False,False,False,False,True,False
2021-03-26,dynamic80_top1_rs20_proxy,6138,茂達,TPEx,1.0,0.5051295236860901,0.5400939878469571,1.0,13,13,False,True,True,True,False,0.6666917167628449,0.5251295236860901,0.5384641095242323,weekly_signal_close,top1_by_RS20_within_layer4_80_primary_pool,False,,,False,False,missing_selected_stock_price_registry_row,adjusted_close_exact > tradable_close_proxy > blocked,selected_ticker_adjusted_close_path_only,False,True,False,False,False,False,False,False,True,False
2021-04-01,dynamic80_top1_rs20_proxy,3545,敦泰,TWSE,1.0,0.9379923878933742,1.0087560536956035,1.0,46,46,False,False,True,True,False,0.5491036873968242,0.9379923878933742,0.9654475722632154,weekly_signal_close,top1_by_RS20_within_layer4_80_primary_pool,False,,,False,False,missing_selected_stock_price_registry_row,adjusted_close_exact > tradable_close_proxy > blocked,selected_ticker_adjusted_close_path_only,False,True,False,False,False,False,False,False,True,False
2021-04-09,dynamic80_top1_rs20_proxy,8183,精星,TPEx,1.0,0.6685026737851614,1.570347487406675,1.0,61,61,False,False,True,True,False,0.5269133894841931,0.6685026737851614,0.6948483432593711,weekly_signal_close,top1_by_RS20_within_layer4_80_primary_pool,False,,,False,False,missing_selected_stock_price_registry_row,adjusted_close_exact > tradable_close_proxy > blocked,selected_ticker_adjusted_close_path_only,False,True,False,False,False,False,False,False,True,False
2021-04-16,dynamic80_top1_rs20_proxy,2006,東和鋼鐵,TWSE,1.0,0.4238173306959325,0.3880535946783709,1.0,19,19,False,True,True,True,False,0.640908873431898,0.4438173306959325,0.4558627743675274,weekly_signal_close,top1_by_RS20_within_layer4_80_primary_pool,False,,,False,False,missing_selected_stock_price_registry_row,adjusted_close_exact > tradable_close_proxy > blocked,selected_ticker_adjusted_close_path_only,False,True,False,False,False,False,False,False,True,False
2021-04-23,dynamic80_top1_rs20_proxy,2108,南帝,TWSE,1.0,0.5551949569350256,1.297335530363025,1.0,63,63,False,False,True,True,False,0.5401624054288037,0.5551949569350256,0.5822030772064658,weekly_signal_close,top1_by_RS20_within_layer4_80_primary_pool,False,,,False,False,missing_selected_stock_price_registry_row,adjusted_close_exact > tradable_close_proxy > blocked,selected_ticker_adjusted_close_path_only,False,True,False,False,False,False,False,False,True,False
2021-04-29,dynamic80_top1_rs20_proxy,2002,中鋼,TWSE,1.0,0.4852343381071637,0.6257160077278969,1.0,69,69,False,False,True,True,False,0.5147798000929131,0.4852343381071637,0.5109733281118094,weekly_signal_close,top1_by_RS20_within_layer4_80_primary_pool,False,,,False,False,missing_selected_stock_price_registry_row,adjusted_close_exact > tradable_close_proxy > blocked,selected_ticker_adjusted_close_path_only,False,True,False,False,False,False,False,False,True,False
2021-05-07,dynamic80_top1_rs20_proxy,2002,中鋼,TWSE,1.0,0.4552698586417922,0.7205139542270673,1.0,71,71,False,False,True,True,False,0.5448142358760668,0.4552698586417922,0.4825105704355955,weekly_signal_close,top1_by_RS20_within_layer4_80_primary_pool,False,,,False,False,missing_selected_stock_price_registry_row,adjusted_close_exact > tradable_close_proxy > blocked,selected_ticker_adjusted_close_path_only,False,True,False,False,False,False,False,False,True,False
2021-05-14,dynamic80_top1_rs20_proxy,2637,慧洋-KY,TWSE,1.0,0.6047695192816349,1.4482744000492602,1.0,59,59,False,False,True,True,False,0.5752241364643436,0.6047695192816349,0.6335307261048521,weekly_signal_close,top1_by_RS20_within_layer4_80_primary_pool,False,,,False,False,missing_selected_stock_price_registry_row,adjusted_close_exact > tradable_close_proxy > blocked,selected_ticker_adjusted_close_path_only,False,True,False,False,False,False,False,False,True,False
2021-05-21,dynamic80_top1_rs20_proxy,2609,陽明,TWSE,1.0,0.5805148773439304,2.3079143652340925,1.0,73,73,False,False,True,True,False,0.548901514659837,0.5805148773439304,0.6079599530769222,weekly_signal_close,top1_by_RS20_within_layer4_80_primary_pool,False,,,False,False,missing_selected_stock_price_registry_row,adjusted_close_exact > tradable_close_proxy > blocked,selected_ticker_adjusted_close_path_only,False,True,False,False,False,False,False,False,True,False
2021-05-28,dynamic80_top1_rs20_proxy,2615,萬海,TWSE,1.0,0.6656071808290015,2.377613265153628,1.0,55,55,False,False,True,True,False,0.5379511432828401,0.6656071808290015,0.6925047379931435,weekly_signal_close,top1_by_RS20_within_layer4_80_primary_pool,False,,,False,False,missing_selected_stock_price_registry_row,adjusted_close_exact > tradable_close_proxy > blocked,selected_ticker_adjusted_close_path_only,False,True,False,False,False,False,False,False,True,False
2021-06-04,dynamic80_top1_rs20_proxy,2636,台驊控股,TWSE,1.0,0.7980303849609856,1.749579677903642,1.0,37,37,False,False,True,True,False,0.5516976632712239,0.7980303849609856,0.8256152681245468,weekly_signal_close,top1_by_RS20_within_layer4_80_primary_pool,False,,,False,False,missing_selected_stock_price_registry_row,adjusted_close_exact > tradable_close_proxy > blocked,selected_ticker_adjusted_close_path_only,False,True,False,False,False,False,False,False,True,False
2021-06-11,dynamic80_top1_rs20_proxy,2615,萬海,TWSE,1.0,1.067522570145881,2.56312349920172,1.0,37,37,False,False,True,True,False,0.5414851833741373,1.067522570145881,1.0945968293145878,weekly_signal_close,top1_by_RS20_within_layer4_80_primary_pool,False,,,False,False,missing_selected_stock_price_registry_row,adjusted_close_exact > tradable_close_proxy > blocked,selected_ticker_adjusted_close_path_only,False,True,False,False,False,False,False,False,True,False
2021-06-18,dynamic80_top1_rs20_proxy,2636,台驊控股,TWSE,1.0,1.7129965486636474,0.1794929856767697,1.0,47,47,False,False,True,True,False,0.5647585951124914,1.7129965486636474,1.741234478419272,weekly_signal_close,top1_by_RS20_within_layer4_80_primary_pool,False,,,False,False,missing_selected_stock_price_registry_row,adjusted_close_exact > tradable_close_proxy > blocked,selected_ticker_adjusted_close_path_only,False,True,False,False,False,False,False,False,True,False
2021-06-25,dynamic80_top1_rs20_proxy,2481,強茂,TWSE,1.0,0.6663718435142989,0.4788161055019635,1.0,78,78,False,False,True,True,False,0.5033504842167429,0.6663718435142989,0.691539367725136,weekly_signal_close,top1_by_RS20_within_layer4_80_primary_pool,False,,,False,False,missing_selected_stock_price_registry_row,adjusted_close_exact > tradable_close_proxy > blocked,selected_ticker_adjusted_close_path_only,False,True,False,False,False,False,False,False,True,False
2021-07-02,dynamic80_top1_rs20_proxy,2023,燁輝,TWSE,1.0,0.5307000843244463,1.622245677599638,1.0,6,6,False,True,True,True,False,0.6970979347324163,0.5507000843244463,0.565554981061067,weekly_signal_close,top1_by_RS20_within_layer4_80_primary_pool,False,,,False,False,missing_selected_stock_price_registry_row,adjusted_close_exact > tradable_close_proxy > blocked,selected_ticker_adjusted_close_path_only,False,True,False,False,False,False,False,False,True,False
2021-07-09,dynamic80_top1_rs20_proxy,2486,一詮,TWSE,1.0,0.7600020462635921,0.4753733830388218,1.0,27,27,False,True,True,True,False,0.6499458720014756,0.7800020462635922,0.7924993398636659,weekly_signal_close,top1_by_RS20_within_layer4_80_primary_pool,False,,,False,False,missing_selected_stock_price_registry_row,adjusted_close_exact > tradable_close_proxy > blocked,selected_ticker_adjusted_close_path_only,False,True,False,False,False,False,False,False,True,False
2021-07-16,dynamic80_top1_rs20_proxy,2023,燁輝,TWSE,1.0,0.5987861314779608,0.8580913154062604,1.0,77,77,False,False,True,True,False,0.5408106796175431,0.5987861314779608,0.6258266654588379,weekly_signal_close,top1_by_RS20_within_layer4_80_primary_pool,False,,,False,False,missing_selected_stock_price_registry_row,adjusted_close_exact > tradable_close_proxy > blocked,selected_ticker_adjusted_close_path_only,False,True,False,False,False,False,False,False,True,False
2021-07-23,dynamic80_top1_rs20_proxy,2030,彰源,TWSE,1.0,0.573135151783823,1.448773353784707,1.0,62,62,False,False,True,True,False,0.5650734163984958,0.573135151783823,0.6013888226037478,weekly_signal_close,top1_by_RS20_within_layer4_80_primary_pool,False,,,False,False,missing_selected_stock_price_registry_row,adjusted_close_exact > tradable_close_proxy > blocked,selected_ticker_adjusted_close_path_only,False,True,False,False,False,False,False,False,True,False
2021-07-30,dynamic80_top1_rs20_proxy,6568,宏觀,TPEx,1.0,0.5396790402586155,0.4247206500281056,1.0,60,60,False,False,True,True,False,0.5512918912921521,0.5396790402586155,0.567243634823223,weekly_signal_close,top1_by_RS20_within_layer4_80_primary_pool,False,,,False,False,missing_selected_stock_price_registry_row,adjusted_close_exact > tradable_close_proxy > blocked,selected_ticker_adjusted_close_path_only,False,True,False,False,False,False,False,False,True,False
2021-08-06,dynamic80_top1_rs20_proxy,4919,新唐,TWSE,1.0,0.4116013094910729,1.2933258790955948,1.0,71,71,False,False,True,True,False,0.5496831752791832,0.4116013094910729,0.439085468255032,weekly_signal_close,top1_by_RS20_within_layer4_80_primary_pool,False,,,False,False,missing_selected_stock_price_registry_row,adjusted_close_exact > tradable_close_proxy > blocked,selected_ticker_adjusted_close_path_only,False,True,False,False,False,False,False,False,True,False
2021-08-13,dynamic80_top1_rs20_proxy,2007,燁興,TWSE,1.0,0.3038325313989186,1.3323953378490685,1.0,69,69,False,False,True,True,False,0.5889689897931205,0.3038325313989186,0.3332809808885746,weekly_signal_close,top1_by_RS20_within_layer4_80_primary_pool,False,,,False,False,missing_selected_stock_price_registry_row,adjusted_close_exact > tradable_close_proxy > blocked,selected_ticker_adjusted_close_path_only,False,True,False,False,False,False,False,False,True,False
2021-08-20,dynamic80_top1_rs20_proxy,3527,聚積,TPEx,1.0,0.2893200595901757,1.17061413290195,1.0,66,66,False,False,True,True,False,0.5775776607130144,0.2893200595901757,0.3181989426258264,weekly_signal_close,top1_by_RS20_within_layer4_80_primary_pool,False,,,False,False,missing_selected_stock_price_registry_row,adjusted_close_exact > tradable_close_proxy > blocked,selected_ticker_adjusted_close_path_only,False,True,False,False,False,False,False,False,True,False
2021-08-27,dynamic80_top1_rs20_proxy,5608,四維航,TWSE,1.0,0.270564481009963,0.6722863411565674,1.0,40,40,False,False,True,True,False,0.5972012709353098,0.270564481009963,0.3004245445567285,weekly_signal_close,top1_by_RS20_within_layer4_80_primary_pool,False,,,False,False,missing_selected_stock_price_registry_row,adjusted_close_exact > tradable_close_proxy > blocked,selected_ticker_adjusted_close_path_only,False,True,False,False,False,False,False,False,True,False
2021-09-03,dynamic80_top1_rs20_proxy,4721,美琪瑪,TPEx,1.0,0.3423317879181444,0.941522456543136,1.0,46,46,False,False,True,True,False,0.5751680456538496,0.3423317879181444,0.3710901902008369,weekly_signal_close,top1_by_RS20_within_layer4_80_primary_pool,False,,,False,False,missing_selected_stock_price_registry_row,adjusted_close_exact > tradable_close_proxy > blocked,selected_ticker_adjusted_close_path_only,False,True,False,False,False,False,False,False,True,False
2021-09-10,dynamic80_top1_rs20_proxy,2013,中鋼構,TWSE,1.0,0.421752932107724,0.6369925163519974,1.0,16,16,False,True,True,True,False,0.6680938005427179,0.441752932107724,0.4551576221348599,weekly_signal_close,top1_by_RS20_within_layer4_80_primary_pool,False,,,False,False,missing_selected_stock_price_registry_row,adjusted_close_exact > tradable_close_proxy > blocked,selected_ticker_adjusted_close_path_only,False,True,False,False,False,False,False,False,True,False
2021-09-17,dynamic80_top1_rs20_proxy,1711,永光,TWSE,1.0,0.3130706973292492,0.2579125613402144,1.0,63,63,False,False,True,True,False,0.5831129628344484,0.3130706973292492,0.3422263454709716,weekly_signal_close,top1_by_RS20_within_layer4_80_primary_pool,False,,,False,False,missing_selected_stock_price_registry_row,adjusted_close_exact > tradable_close_proxy > blocked,selected_ticker_adjusted_close_path_only,False,True,False,False,False,False,False,False,True,False
2021-09-24,dynamic80_top1_rs20_proxy,6411,晶焱,TPEx,1.0,0.3779976169682322,0.3791841811500114,1.0,73,73,False,False,True,True,False,0.5522762023141224,0.3779976169682322,0.4056114270839383,weekly_signal_close,top1_by_RS20_within_layer4_80_primary_pool,False,,,False,False,missing_selected_stock_price_registry_row,adjusted_close_exact > tradable_close_proxy > blocked,selected_ticker_adjusted_close_path_only,False,True,False,False,False,False,False,False,True,False
2021-10-01,dynamic80_top1_rs20_proxy,1711,永光,TWSE,1.0,0.3657895141012977,0.2653935158846175,1.0,63,63,False,False,True,True,False,0.5868299331319314,0.3657895141012977,0.3951310107578942,weekly_signal_close,top1_by_RS20_within_layer4_80_primary_pool,False,,,False,False,missing_selected_stock_price_registry_row,adjusted_close_exact > tradable_close_proxy > blocked,selected_ticker_adjusted_close_path_only,False,True,False,False,False,False,False,False,True,False
2021-10-08,dynamic80_top1_rs20_proxy,1308,亞聚,TWSE,1.0,0.3568504041138183,0.412144803941439,1.0,72,72,False,False,True,True,False,0.57010266469363,0.3568504041138183,0.3853555373484998,weekly_signal_close,top1_by_RS20_within_layer4_80_primary_pool,False,,,False,False,missing_selected_stock_price_registry_row,adjusted_close_exact > tradable_close_proxy > blocked,selected_ticker_adjusted_close_path_only,False,True,False,False,False,False,False,False,True,False
2021-10-15,dynamic80_top1_rs20_proxy,5243,乙盛-KY,TWSE,1.0,0.3083491999037615,0.0249424066679446,1.0,31,31,False,True,True,True,False,0.6445687257834657,0.3283491999037615,0.3405776361929347,weekly_signal_close,top1_by_RS20_within_layer4_80_primary_pool,False,,,False,False,missing_selected_stock_price_registry_row,adjusted_close_exact > tradable_close_proxy > blocked,selected_ticker_adjusted_close_path_only,False,True,False,False,False,False,False,False,True,False
2021-10-22,dynamic80_top1_rs20_proxy,3675,德微,TPEx,1.0,0.4631167955907659,0.656318265895488,1.0,63,63,False,False,True,True,False,0.5513019384728668,0.4631167955907659,0.4906818925144092,weekly_signal_close,top1_by_RS20_within_layer4_80_primary_pool,False,,,False,False,missing_selected_stock_price_registry_row,adjusted_close_exact > tradable_close_proxy > blocked,selected_ticker_adjusted_close_path_only,False,True,False,False,False,False,False,False,True,False
2021-10-29,dynamic80_top1_rs20_proxy,3675,德微,TPEx,1.0,0.477955341631619,0.8020352101827888,1.0,78,78,False,False,True,True,False,0.5330206765320995,0.477955341631619,0.504606375458224,weekly_signal_close,top1_by_RS20_within_layer4_80_primary_pool,False,,,False,False,missing_selected_stock_price_registry_row,adjusted_close_exact > tradable_close_proxy > blocked,selected_ticker_adjusted_close_path_only,False,True,False,False,False,False,False,False,True,False
2021-11-05,dynamic80_top1_rs20_proxy,1727,中華化,TWSE,1.0,0.5528530390196906,2.605122352549218,1.0,68,68,False,False,True,True,False,0.5459005173115778,0.5528530390196906,0.5801480648852695,weekly_signal_close,top1_by_RS20_within_layer4_80_primary_pool,False,,,False,False,missing_selected_stock_price_registry_row,adjusted_close_exact > tradable_close_proxy > blocked,selected_ticker_adjusted_close_path_only,False,True,False,False,False,False,False,False,True,False
2021-11-12,dynamic80_top1_rs20_proxy,3169,亞信,TPEx,1.0,0.5792416546008767,0.5586635011128882,1.0,68,68,False,False,True,True,False,0.5608542807470318,0.5792416546008767,0.6072843686382283,weekly_signal_close,top1_by_RS20_within_layer4_80_primary_pool,False,,,False,False,missing_selected_stock_price_registry_row,adjusted_close_exact > tradable_close_proxy > blocked,selected_ticker_adjusted_close_path_only,False,True,False,False,False,False,False,False,True,False
2021-11-19,dynamic80_top1_rs20_proxy,2340,台亞,TWSE,1.0,0.5509888291686247,0.6871347010522373,1.0,9,9,False,True,True,True,False,0.6937057159144987,0.5709888291686247,0.5856741149643496,weekly_signal_close,top1_by_RS20_within_layer4_80_primary_pool,False,,,False,False,missing_selected_stock_price_registry_row,adjusted_close_exact > tradable_close_proxy > blocked,selected_ticker_adjusted_close_path_only,False,True,False,False,False,False,False,False,True,False
2021-11-26,dynamic80_top1_rs20_proxy,3532,台勝科,TWSE,1.0,0.4779333313971152,0.2990539904631991,1.0,38,38,False,False,True,True,False,0.6464916750382944,0.4779333313971152,0.51025791514903,weekly_signal_close,top1_by_RS20_within_layer4_80_primary_pool,False,,,False,False,missing_selected_stock_price_registry_row,adjusted_close_exact > tradable_close_proxy > blocked,selected_ticker_adjusted_close_path_only,False,True,False,False,False,False,False,False,True,False
2021-12-03,dynamic80_top1_rs20_proxy,3483,力致,TPEx,1.0,0.4060391850605069,0.2862467492070731,1.0,60,60,False,False,True,True,False,0.589099195529364,0.4060391850605069,0.4354941448369751,weekly_signal_close,top1_by_RS20_within_layer4_80_primary_pool,False,,,False,False,missing_selected_stock_price_registry_row,adjusted_close_exact > tradable_close_proxy > blocked,selected_ticker_adjusted_close_path_only,False,True,False,False,False,False,False,False,True,False
2021-12-10,dynamic80_top1_rs20_proxy,2615,萬海,TWSE,1.0,0.307793402654787,0.0421932375790035,1.0,69,69,False,False,True,True,False,0.5820530564776405,0.307793402654787,0.336896055478669,weekly_signal_close,top1_by_RS20_within_layer4_80_primary_pool,False,,,False,False,missing_selected_stock_price_registry_row,adjusted_close_exact > tradable_close_proxy > blocked,selected_ticker_adjusted_close_path_only,False,True,False,False,False,False,False,False,True,False
2021-12-17,dynamic80_top1_rs20_proxy,6698,旭暉應材,TWSE,1.0,0.4392140950228068,0.438060424093033,1.0,54,54,False,False,True,True,False,0.6153611349016076,0.4392140950228068,0.4699821517678871,weekly_signal_close,top1_by_RS20_within_layer4_80_primary_pool,False,,,False,False,missing_selected_stock_price_registry_row,adjusted_close_exact > tradable_close_proxy > blocked,selected_ticker_adjusted_close_path_only,False,True,False,False,False,False,False,False,True,False
2021-12-24,dynamic80_top1_rs20_proxy,2476,鉅祥,TWSE,1.0,0.3088220093767146,0.4591217448037161,1.0,41,41,False,False,True,True,False,0.6423042428193576,0.3088220093767146,0.3409372215176824,weekly_signal_close,top1_by_RS20_within_layer4_80_primary_pool,False,,,False,False,missing_selected_stock_price_registry_row,adjusted_close_exact > tradable_close_proxy > blocked,selected_ticker_adjusted_close_path_only,False,True,False,False,False,False,False,False,True,False
2021-12-30,dynamic80_top1_rs20_proxy,8478,東哥遊艇,TWSE,1.0,0.3785581980714383,0.8493871497317746,1.0,61,61,False,False,True,True,False,0.5937302259817244,0.3785581980714383,0.4082447093705245,weekly_signal_close,top1_by_RS20_within_layer4_80_primary_pool,False,,,False,False,missing_selected_stock_price_registry_row,adjusted_close_exact > tradable_close_proxy > blocked,selected_ticker_adjusted_close_path_only,False,True,False,False,False,False,False,False,True,False
2022-01-07,dynamic80_top1_rs20_proxy,3322,建舜電,TPEx,1.0,0.4056221654242247,0.6591821416776442,1.0,79,79,False,False,True,True,False,0.5812316203215439,0.4056221654242247,0.4346837464403019,weekly_signal_close,top1_by_RS20_within_layer4_80_primary_pool,False,,,False,False,missing_selected_stock_price_registry_row,adjusted_close_exact > tradable_close_proxy > blocked,selected_ticker_adjusted_close_path_only,False,True,False,False,False,False,False,False,True,False
2022-01-14,dynamic80_top1_rs20_proxy,6278,台表科,TWSE,1.0,0.1093037816524373,0.1666928390612096,1.0,43,43,False,False,True,True,False,0.6559877771161342,0.1093037816524373,0.142103170508244,weekly_signal_close,top1_by_RS20_within_layer4_80_primary_pool,False,,,False,False,missing_selected_stock_price_registry_row,adjusted_close_exact > tradable_close_proxy > blocked,selected_ticker_adjusted_close_path_only,False,True,False,False,False,False,False,False,True,False
2022-01-21,dynamic80_top1_rs20_proxy,3714,富采,TWSE,1.0,0.1733798078022277,0.1928995756517926,1.0,15,15,False,True,True,True,False,0.7114026772617702,0.1933798078022277,0.2089499416653162,weekly_signal_close,top1_by_RS20_within_layer4_80_primary_pool,False,,,False,False,missing_selected_stock_price_registry_row,adjusted_close_exact > tradable_close_proxy > blocked,selected_ticker_adjusted_close_path_only,False,True,False,False,False,False,False,False,True,False
2022-01-26,dynamic80_top1_rs20_proxy,3455,由田,TPEx,1.0,0.2741788295060356,0.460396984802478,1.0,74,74,False,False,True,True,False,0.6244591947261603,0.2741788295060356,0.3054017892423436,weekly_signal_close,top1_by_RS20_within_layer4_80_primary_pool,False,,,False,False,missing_selected_stock_price_registry_row,adjusted_close_exact > tradable_close_proxy > blocked,selected_ticker_adjusted_close_path_only,False,True,False,False,False,False,False,False,True,False
2022-02-11,dynamic80_top1_rs20_proxy,3558,神準,TPEx,1.0,0.2665488541788093,0.2704203992042537,1.0,69,69,False,False,True,True,False,0.6002972812029475,0.2665488541788093,0.2965637182389566,weekly_signal_close,top1_by_RS20_within_layer4_80_primary_pool,False,,,False,False,missing_selected_stock_price_registry_row,adjusted_close_exact > tradable_close_proxy > blocked,selected_ticker_adjusted_close_path_only,False,True,False,False,False,False,False,False,True,False
2022-02-18,dynamic80_top1_rs20_proxy,6719,力智,TWSE,1.0,1.708642250050955,,1.0,29,29,False,True,True,True,False,0.6696989626666666,1.728642250050955,1.7421271981842883,weekly_signal_close,top1_by_RS20_within_layer4_80_primary_pool,False,,,False,False,missing_selected_stock_price_registry_row,adjusted_close_exact > tradable_close_proxy > blocked,selected_ticker_adjusted_close_path_only,False,True,False,False,False,False,False,False,True,False
2022-02-25,dynamic80_top1_rs20_proxy,3035,智原,TWSE,1.0,0.3143260153126203,0.473862813194388,1.0,80,80,False,False,True,True,False,0.5395437319219994,0.3143260153126203,0.3413032019087202,weekly_signal_close,top1_by_RS20_within_layer4_80_primary_pool,False,,,False,False,missing_selected_stock_price_registry_row,adjusted_close_exact > tradable_close_proxy > blocked,selected_ticker_adjusted_close_path_only,False,True,False,False,False,False,False,False,True,False
2022-03-04,dynamic80_top1_rs20_proxy,3122,笙泉,TPEx,1.0,0.3371245892134249,-0.0975464408042956,1.0,80,80,False,False,True,True,False,0.5472671953834429,0.3371245892134249,0.364487948982597,weekly_signal_close,top1_by_RS20_within_layer4_80_primary_pool,False,,,False,False,missing_selected_stock_price_registry_row,adjusted_close_exact > tradable_close_proxy > blocked,selected_ticker_adjusted_close_path_only,False,True,False,False,False,False,False,False,True,False
2022-03-11,dynamic80_top1_rs20_proxy,8440,綠電,TPEx,1.0,0.5214427165819046,2.2250357585658214,1.0,68,68,False,False,True,True,False,0.5582879576442706,0.5214427165819046,0.5493571144641181,weekly_signal_close,top1_by_RS20_within_layer4_80_primary_pool,False,,,False,False,missing_selected_stock_price_registry_row,adjusted_close_exact > tradable_close_proxy > blocked,selected_ticker_adjusted_close_path_only,False,True,False,False,False,False,False,False,True,False
2022-03-18,dynamic80_top1_rs20_proxy,8440,綠電,TPEx,1.0,0.6906316798513708,2.435915038559627,1.0,62,62,False,False,True,True,False,0.550799783123414,0.6906316798513708,0.7181716690075415,weekly_signal_close,top1_by_RS20_within_layer4_80_primary_pool,False,,,False,False,missing_selected_stock_price_registry_row,adjusted_close_exact > tradable_close_proxy > blocked,selected_ticker_adjusted_close_path_only,False,True,False,False,False,False,False,False,True,False
2022-03-25,dynamic80_top1_rs20_proxy,5425,台半,TPEx,1.0,0.2673241698038404,0.0426662880727763,1.0,31,31,False,True,True,True,False,0.6300795943530254,0.2873241698038404,0.2988281495214916,weekly_signal_close,top1_by_RS20_within_layer4_80_primary_pool,False,,,False,False,missing_selected_stock_price_registry_row,adjusted_close_exact > tradable_close_proxy > blocked,selected_ticker_adjusted_close_path_only,False,True,False,False,False,False,False,False,True,False
2022-04-01,dynamic80_top1_rs20_proxy,1727,中華化,TWSE,1.0,0.2714858142358711,0.058793383267095,1.0,46,46,False,False,True,True,False,0.6355455043205925,0.2714858142358711,0.3032630894519007,weekly_signal_close,top1_by_RS20_within_layer4_80_primary_pool,False,,,False,False,missing_selected_stock_price_registry_row,adjusted_close_exact > tradable_close_proxy > blocked,selected_ticker_adjusted_close_path_only,False,True,False,False,False,False,False,False,True,False
2022-04-08,dynamic80_top1_rs20_proxy,6235,華孚,TWSE,1.0,0.3765141767349358,0.0846145659809557,1.0,45,45,False,False,True,True,False,0.6349279410599126,0.3765141767349358,0.4082605737879314,weekly_signal_close,top1_by_RS20_within_layer4_80_primary_pool,False,,,False,False,missing_selected_stock_price_registry_row,adjusted_close_exact > tradable_close_proxy > blocked,selected_ticker_adjusted_close_path_only,False,True,False,False,False,False,False,False,True,False
2022-04-15,dynamic80_top1_rs20_proxy,1727,中華化,TWSE,1.0,0.2413655121723639,0.0032964277046309,1.0,19,19,False,True,True,True,False,0.695515949553964,0.2613655121723639,0.2761413096500621,weekly_signal_close,top1_by_RS20_within_layer4_80_primary_pool,False,,,False,False,missing_selected_stock_price_registry_row,adjusted_close_exact > tradable_close_proxy > blocked,selected_ticker_adjusted_close_path_only,False,True,False,False,False,False,False,False,True,False
2022-04-22,dynamic80_top1_rs20_proxy,1605,華新,TWSE,1.0,0.6097791089363854,0.8547395172754236,1.0,19,19,False,True,True,True,False,0.6930393576814144,0.6297791089363854,0.6444310768204562,weekly_signal_close,top1_by_RS20_within_layer4_80_primary_pool,False,,,False,False,missing_selected_stock_price_registry_row,adjusted_close_exact > tradable_close_proxy > blocked,selected_ticker_adjusted_close_path_only,False,True,False,False,False,False,False,False,True,False
2022-04-29,dynamic80_top1_rs20_proxy,4736,泰博,TPEx,1.0,0.5850928731871053,0.6692569117752672,1.0,12,12,False,True,True,True,False,0.7275886952326008,0.6050928731871054,0.6214723079487354,weekly_signal_close,top1_by_RS20_within_layer4_80_primary_pool,False,,,False,False,missing_selected_stock_price_registry_row,adjusted_close_exact > tradable_close_proxy > blocked,selected_ticker_adjusted_close_path_only,False,True,False,False,False,False,False,False,True,False
2022-05-06,dynamic80_top1_rs20_proxy,6508,惠光,TPEx,1.0,0.2884711012222131,0.8506038159900721,1.0,64,64,False,False,True,True,False,0.5886306602567872,0.2884711012222131,0.3179026342350524,weekly_signal_close,top1_by_RS20_within_layer4_80_primary_pool,False,,,False,False,missing_selected_stock_price_registry_row,adjusted_close_exact > tradable_close_proxy > blocked,selected_ticker_adjusted_close_path_only,False,True,False,False,False,False,False,False,True,False
2022-05-13,dynamic80_top1_rs20_proxy,6470,宇智,TPEx,1.0,0.3396437547890238,0.5237216947440924,1.0,76,76,False,False,True,True,False,0.5314865665128554,0.3396437547890238,0.3662180831146666,weekly_signal_close,top1_by_RS20_within_layer4_80_primary_pool,False,,,False,False,missing_selected_stock_price_registry_row,adjusted_close_exact > tradable_close_proxy > blocked,selected_ticker_adjusted_close_path_only,False,True,False,False,False,False,False,False,True,False
2022-05-20,dynamic80_top1_rs20_proxy,3535,晶彩科,TWSE,1.0,0.4595851209405314,0.5486299253598007,1.0,50,50,False,False,True,True,False,0.5817669982111164,0.4595851209405314,0.4886734708510872,weekly_signal_close,top1_by_RS20_within_layer4_80_primary_pool,False,,,False,False,missing_selected_stock_price_registry_row,adjusted_close_exact > tradable_close_proxy > blocked,selected_ticker_adjusted_close_path_only,False,True,False,False,False,False,False,False,True,False
2022-05-27,dynamic80_top1_rs20_proxy,8261,富鼎,TWSE,1.0,0.3301560210688729,0.2207292154456058,1.0,78,78,False,False,True,True,False,0.4962282738188636,0.3301560210688729,0.354967434759816,weekly_signal_close,top1_by_RS20_within_layer4_80_primary_pool,False,,,False,False,missing_selected_stock_price_registry_row,adjusted_close_exact > tradable_close_proxy > blocked,selected_ticker_adjusted_close_path_only,False,True,False,False,False,False,False,False,True,False
2022-06-02,dynamic80_top1_rs20_proxy,8478,東哥遊艇,TWSE,1.0,0.3280228571313088,0.7719003345067867,1.0,59,59,False,False,True,True,False,0.5736256044351141,0.3280228571313088,0.3567041373530645,weekly_signal_close,top1_by_RS20_within_layer4_80_primary_pool,False,,,False,False,missing_selected_stock_price_registry_row,adjusted_close_exact > tradable_close_proxy > blocked,selected_ticker_adjusted_close_path_only,False,True,False,False,False,False,False,False,True,False
2022-06-10,dynamic80_top1_rs20_proxy,1522,堤維西,TWSE,1.0,0.4791158520259242,0.7742033697712492,1.0,28,28,False,True,True,True,False,0.6646166789399257,0.4991158520259242,0.5123466859729205,weekly_signal_close,top1_by_RS20_within_layer4_80_primary_pool,False,,,False,False,missing_selected_stock_price_registry_row,adjusted_close_exact > tradable_close_proxy > blocked,selected_ticker_adjusted_close_path_only,False,True,False,False,False,False,False,False,True,False
2022-06-17,dynamic80_top1_rs20_proxy,4116,明基醫,TPEx,1.0,0.4952800468293996,1.6530944818442026,1.0,72,72,False,False,True,True,False,0.5687478926186457,0.4952800468293996,0.5237174414603318,weekly_signal_close,top1_by_RS20_within_layer4_80_primary_pool,False,,,False,False,missing_selected_stock_price_registry_row,adjusted_close_exact > tradable_close_proxy > blocked,selected_ticker_adjusted_close_path_only,False,True,False,False,False,False,False,False,True,False
2022-06-24,dynamic80_top1_rs20_proxy,5258,虹堡,TWSE,1.0,0.4427943422517785,0.5434909067239776,1.0,32,32,False,False,True,True,False,0.6592861507711254,0.4427943422517785,0.4757586497903348,weekly_signal_close,top1_by_RS20_within_layer4_80_primary_pool,False,,,False,False,missing_selected_stock_price_registry_row,adjusted_close_exact > tradable_close_proxy > blocked,selected_ticker_adjusted_close_path_only,False,True,False,False,False,False,False,False,True,False
2022-07-01,dynamic80_top1_rs20_proxy,5904,寶雅,TPEx,1.0,0.2770667446711952,0.0500102978134004,1.0,36,36,False,False,True,True,False,0.6212792105690464,0.2770667446711952,0.3081307051996475,weekly_signal_close,top1_by_RS20_within_layer4_80_primary_pool,False,,,False,False,missing_selected_stock_price_registry_row,adjusted_close_exact > tradable_close_proxy > blocked,selected_ticker_adjusted_close_path_only,False,True,False,False,False,False,False,False,True,False
2022-07-08,dynamic80_top1_rs20_proxy,2206,三陽工業,TWSE,1.0,0.2247249676291841,0.3789656653418952,1.0,59,59,False,False,True,True,False,0.5595511113359934,0.2247249676291841,0.2527025231959837,weekly_signal_close,top1_by_RS20_within_layer4_80_primary_pool,False,,,False,False,missing_selected_stock_price_registry_row,adjusted_close_exact > tradable_close_proxy > blocked,selected_ticker_adjusted_close_path_only,False,True,False,False,False,False,False,False,True,False
2022-07-15,dynamic80_top1_rs20_proxy,2419,仲琦,TWSE,1.0,0.3847522610399911,0.4080598281439497,1.0,23,23,False,True,True,True,False,0.6238434134529296,0.4047522610399911,0.4159444317126375,weekly_signal_close,top1_by_RS20_within_layer4_80_primary_pool,False,,,False,False,missing_selected_stock_price_registry_row,adjusted_close_exact > tradable_close_proxy > blocked,selected_ticker_adjusted_close_path_only,False,True,False,False,False,False,False,False,True,False
2022-07-22,dynamic80_top1_rs20_proxy,5904,寶雅,TPEx,1.0,0.2091092872327631,0.1963895379380715,1.0,38,38,False,False,True,True,False,0.5762805698002252,0.2091092872327631,0.2379233157227743,weekly_signal_close,top1_by_RS20_within_layer4_80_primary_pool,False,,,False,False,missing_selected_stock_price_registry_row,adjusted_close_exact > tradable_close_proxy > blocked,selected_ticker_adjusted_close_path_only,False,True,False,False,False,False,False,False,True,False
2022-07-29,dynamic80_top1_rs20_proxy,2419,仲琦,TWSE,1.0,0.6413738497000887,0.5343158005101282,1.0,9,9,False,True,True,True,False,0.6618963348405766,0.6613738497000887,0.6744686664421176,weekly_signal_close,top1_by_RS20_within_layer4_80_primary_pool,False,,,False,False,missing_selected_stock_price_registry_row,adjusted_close_exact > tradable_close_proxy > blocked,selected_ticker_adjusted_close_path_only,False,True,False,False,False,False,False,False,True,False
2022-08-05,dynamic80_top1_rs20_proxy,6442,光聖,TWSE,1.0,0.4133724742882256,0.7159235478697443,1.0,77,77,False,False,True,True,False,0.5149281001688509,0.4133724742882256,0.4391188792966681,weekly_signal_close,top1_by_RS20_within_layer4_80_primary_pool,False,,,False,False,missing_selected_stock_price_registry_row,adjusted_close_exact > tradable_close_proxy > blocked,selected_ticker_adjusted_close_path_only,False,True,False,False,False,False,False,False,True,False
2022-08-12,dynamic80_top1_rs20_proxy,3081,聯亞,TPEx,1.0,0.4562112591396676,0.1813875457822442,1.0,71,71,False,False,True,True,False,0.5563284315801713,0.4562112591396676,0.4840276807186761,weekly_signal_close,top1_by_RS20_within_layer4_80_primary_pool,False,,,False,False,missing_selected_stock_price_registry_row,adjusted_close_exact > tradable_close_proxy > blocked,selected_ticker_adjusted_close_path_only,False,True,False,False,False,False,False,False,True,False
2022-08-19,dynamic80_top1_rs20_proxy,3047,訊舟,TWSE,1.0,0.4399191589919262,0.6702151928638771,1.0,35,35,False,False,True,True,False,0.6547183782067956,0.4399191589919262,0.4726550779022659,weekly_signal_close,top1_by_RS20_within_layer4_80_primary_pool,False,,,False,False,missing_selected_stock_price_registry_row,adjusted_close_exact > tradable_close_proxy > blocked,selected_ticker_adjusted_close_path_only,False,True,False,False,False,False,False,False,True,False
2022-08-26,dynamic80_top1_rs20_proxy,4743,合一,TPEx,1.0,0.491086587062038,0.6165460786945264,1.0,38,38,False,False,True,True,False,0.6639821533795452,0.491086587062038,0.5242856947310153,weekly_signal_close,top1_by_RS20_within_layer4_80_primary_pool,False,,,False,False,missing_selected_stock_price_registry_row,adjusted_close_exact > tradable_close_proxy > blocked,selected_ticker_adjusted_close_path_only,False,True,False,False,False,False,False,False,True,False
2022-09-02,dynamic80_top1_rs20_proxy,4768,晶呈科技,TPEx,1.0,0.7065256819792637,0.4452732661533827,1.0,60,60,False,False,True,True,False,0.6179542299543456,0.7065256819792637,0.7374233934769809,weekly_signal_close,top1_by_RS20_within_layer4_80_primary_pool,False,,,False,False,missing_selected_stock_price_registry_row,adjusted_close_exact > tradable_close_proxy > blocked,selected_ticker_adjusted_close_path_only,False,True,False,False,False,False,False,False,True,False
2022-09-08,dynamic80_top1_rs20_proxy,3552,同致,TPEx,1.0,0.3353921091181975,0.239573677134968,1.0,43,43,False,False,True,True,False,0.6473004725296405,0.3353921091181975,0.3677571327446795,weekly_signal_close,top1_by_RS20_within_layer4_80_primary_pool,False,,,False,False,missing_selected_stock_price_registry_row,adjusted_close_exact > tradable_close_proxy > blocked,selected_ticker_adjusted_close_path_only,False,True,False,False,False,False,False,False,True,False
2022-09-16,dynamic80_top1_rs20_proxy,4743,合一,TPEx,1.0,0.6464305306539616,0.4065377561613461,1.0,34,34,False,False,True,True,False,0.5850945802376387,0.6464305306539616,0.6756852596658436,weekly_signal_close,top1_by_RS20_within_layer4_80_primary_pool,False,,,False,False,missing_selected_stock_price_registry_row,adjusted_close_exact > tradable_close_proxy > blocked,selected_ticker_adjusted_close_path_only,False,True,False,False,False,False,False,False,True,False
2022-09-23,dynamic80_top1_rs20_proxy,2603,長榮,TWSE,1.0,0.6854758275862883,0.5848145606621815,1.0,65,65,False,False,True,True,False,0.5626955998590023,0.6854758275862883,0.7136106075792384,weekly_signal_close,top1_by_RS20_within_layer4_80_primary_pool,False,,,False,False,missing_selected_stock_price_registry_row,adjusted_close_exact > tradable_close_proxy > blocked,selected_ticker_adjusted_close_path_only,False,True,False,False,False,False,False,False,True,False
2022-09-30,dynamic80_top1_rs20_proxy,2603,長榮,TWSE,1.0,0.6868399696238806,0.7011668226403485,1.0,62,62,False,False,True,True,False,0.5524633935303088,0.6868399696238806,0.7144631393003961,weekly_signal_close,top1_by_RS20_within_layer4_80_primary_pool,False,,,False,False,missing_selected_stock_price_registry_row,adjusted_close_exact > tradable_close_proxy > blocked,selected_ticker_adjusted_close_path_only,False,True,False,False,False,False,False,False,True,False
2022-10-07,dynamic80_top1_rs20_proxy,2388,威盛,TWSE,1.0,6.798041151202793,0.5963931779288626,1.0,17,17,False,True,True,True,False,0.6377709388624455,6.8180411512027925,6.829929698145915,weekly_signal_close,top1_by_RS20_within_layer4_80_primary_pool,False,,,False,False,missing_selected_stock_price_registry_row,adjusted_close_exact > tradable_close_proxy > blocked,selected_ticker_adjusted_close_path_only,False,True,False,False,False,False,False,False,True,False
2022-10-14,dynamic80_top1_rs20_proxy,2707,晶華,TWSE,1.0,0.2490967682836811,0.2369179212498143,1.0,50,50,False,False,True,True,False,0.6154347744125058,0.2490967682836811,0.2798685070043064,weekly_signal_close,top1_by_RS20_within_layer4_80_primary_pool,False,,,False,False,missing_selected_stock_price_registry_row,adjusted_close_exact > tradable_close_proxy > blocked,selected_ticker_adjusted_close_path_only,False,True,False,False,False,False,False,False,True,False
2022-10-21,dynamic80_top1_rs20_proxy,9945,潤泰新,TWSE,1.0,0.1760242478358216,0.1442888253803947,1.0,63,63,False,False,True,True,False,0.5315891251934972,0.1760242478358216,0.2026037040954964,weekly_signal_close,top1_by_RS20_within_layer4_80_primary_pool,False,,,False,False,missing_selected_stock_price_registry_row,adjusted_close_exact > tradable_close_proxy > blocked,selected_ticker_adjusted_close_path_only,False,True,False,False,False,False,False,False,True,False
2022-10-28,dynamic80_top1_rs20_proxy,2421,建準,TWSE,1.0,0.1866175236179492,0.1327609038127244,1.0,55,55,False,False,True,True,False,0.607466333743831,0.1866175236179492,0.2169908403051407,weekly_signal_close,top1_by_RS20_within_layer4_80_primary_pool,False,,,False,False,missing_selected_stock_price_registry_row,adjusted_close_exact > tradable_close_proxy > blocked,selected_ticker_adjusted_close_path_only,False,True,False,False,False,False,False,False,True,False
2022-11-04,dynamic80_top1_rs20_proxy,2468,華經,TWSE,1.0,0.5312976687499299,1.1099171868612552,1.0,68,68,False,False,True,True,False,0.5282103943780136,0.5312976687499299,0.5577081884688306,weekly_signal_close,top1_by_RS20_within_layer4_80_primary_pool,False,,,False,False,missing_selected_stock_price_registry_row,adjusted_close_exact > tradable_close_proxy > blocked,selected_ticker_adjusted_close_path_only,False,True,False,False,False,False,False,False,True,False
2022-11-11,dynamic80_top1_rs20_proxy,2327,國巨*,TWSE,1.0,0.4793640348956562,0.4784237733581672,1.0,44,44,False,False,True,True,False,0.5553504209634713,0.4793640348956562,0.5071315559438297,weekly_signal_close,top1_by_RS20_within_layer4_80_primary_pool,False,,,False,False,missing_selected_stock_price_registry_row,adjusted_close_exact > tradable_close_proxy > blocked,selected_ticker_adjusted_close_path_only,False,True,False,False,False,False,False,False,True,False
2022-11-18,dynamic80_top1_rs20_proxy,3529,力旺,TPEx,1.0,0.3977459495603206,0.1360309825601083,1.0,67,67,False,False,True,True,False,0.5413490511831638,0.3977459495603206,0.4248134021194788,weekly_signal_close,top1_by_RS20_within_layer4_80_primary_pool,False,,,False,False,missing_selected_stock_price_registry_row,adjusted_close_exact > tradable_close_proxy > blocked,selected_ticker_adjusted_close_path_only,False,True,False,False,False,False,False,False,True,False
2022-11-25,dynamic80_top1_rs20_proxy,2327,國巨*,TWSE,1.0,0.4665858460278143,0.3811098517136371,1.0,46,46,False,False,True,True,False,0.6093819696372194,0.4665858460278143,0.4970549445096752,weekly_signal_close,top1_by_RS20_within_layer4_80_primary_pool,False,,,False,False,missing_selected_stock_price_registry_row,adjusted_close_exact > tradable_close_proxy > blocked,selected_ticker_adjusted_close_path_only,False,True,False,False,False,False,False,False,True,False
2022-12-02,dynamic80_top1_rs20_proxy,4979,華星光,TPEx,1.0,0.3863181292565047,0.4560116243473946,1.0,27,27,False,True,True,True,False,0.6677842434642169,0.4063181292565047,0.4197073414297155,weekly_signal_close,top1_by_RS20_within_layer4_80_primary_pool,False,,,False,False,missing_selected_stock_price_registry_row,adjusted_close_exact > tradable_close_proxy > blocked,selected_ticker_adjusted_close_path_only,False,True,False,False,False,False,False,False,True,False
2022-12-09,dynamic80_top1_rs20_proxy,4979,華星光,TPEx,1.0,0.4641280633202549,0.2806256910263676,1.0,73,73,False,False,True,True,False,0.572767890347553,0.4641280633202549,0.4927664578376325,weekly_signal_close,top1_by_RS20_within_layer4_80_primary_pool,False,,,False,False,missing_selected_stock_price_registry_row,adjusted_close_exact > tradable_close_proxy > blocked,selected_ticker_adjusted_close_path_only,False,True,False,False,False,False,False,False,True,False
2022-12-16,dynamic80_top1_rs20_proxy,4114,健喬,TPEx,1.0,0.4015225472137441,0.3130172287623545,1.0,6,6,False,True,True,True,False,0.7263978610106244,0.4215225472137441,0.4378424402642753,weekly_signal_close,top1_by_RS20_within_layer4_80_primary_pool,False,,,False,False,missing_selected_stock_price_registry_row,adjusted_close_exact > tradable_close_proxy > blocked,selected_ticker_adjusted_close_path_only,False,True,False,False,False,False,False,False,True,False
2022-12-23,dynamic80_top1_rs20_proxy,6782,視陽,TWSE,1.0,0.5050479935128206,,1.0,65,65,False,False,True,True,False,0.5692761859380293,0.5050479935128206,0.5335118028097221,weekly_signal_close,top1_by_RS20_within_layer4_80_primary_pool,False,,,False,False,missing_selected_stock_price_registry_row,adjusted_close_exact > tradable_close_proxy > blocked,selected_ticker_adjusted_close_path_only,False,True,False,False,False,False,False,False,True,False
2022-12-30,dynamic80_top1_rs20_proxy,4130,健亞,TPEx,1.0,0.3763180902738843,0.3394623523311884,1.0,45,45,False,False,True,True,False,0.5938500018223272,0.3763180902738843,0.4060105903650006,weekly_signal_close,top1_by_RS20_within_layer4_80_primary_pool,False,,,False,False,missing_selected_stock_price_registry_row,adjusted_close_exact > tradable_close_proxy > blocked,selected_ticker_adjusted_close_path_only,False,True,False,False,False,False,False,False,True,False
2023-01-06,dynamic80_top1_rs20_proxy,1720,生達,TWSE,1.0,0.1840295595249776,0.1933615802505219,1.0,47,47,False,False,True,True,False,0.6089949507365199,0.1840295595249776,0.2144793070618036,weekly_signal_close,top1_by_RS20_within_layer4_80_primary_pool,False,,,False,False,missing_selected_stock_price_registry_row,adjusted_close_exact > tradable_close_proxy > blocked,selected_ticker_adjusted_close_path_only,False,True,False,False,False,False,False,False,True,False
2023-01-13,dynamic80_top1_rs20_proxy,5321,美而快,TPEx,1.0,0.2784901219442077,0.173688665835016,1.0,30,30,False,True,True,True,False,0.6272627547616143,0.2984901219442077,0.3098532596822884,weekly_signal_close,top1_by_RS20_within_layer4_80_primary_pool,False,,,False,False,missing_selected_stock_price_registry_row,adjusted_close_exact > tradable_close_proxy > blocked,selected_ticker_adjusted_close_path_only,False,True,False,False,False,False,False,False,True,False
2023-01-17,dynamic80_top1_rs20_proxy,5321,美而快,TPEx,1.0,0.3460600790004322,0.2645107609063346,1.0,24,24,False,True,True,True,False,0.6482093786517377,0.3660600790004322,0.378470547933019,weekly_signal_close,top1_by_RS20_within_layer4_80_primary_pool,False,,,False,False,missing_selected_stock_price_registry_row,adjusted_close_exact > tradable_close_proxy > blocked,selected_ticker_adjusted_close_path_only,False,True,False,False,False,False,False,False,True,False
2023-02-03,dynamic80_top1_rs20_proxy,2482,連宇,TWSE,1.0,0.4653217729746344,0.5357924116432065,1.0,28,28,False,True,True,True,False,0.6456871158693871,0.4853217729746344,0.4976061287681037,weekly_signal_close,top1_by_RS20_within_layer4_80_primary_pool,False,,,False,False,missing_selected_stock_price_registry_row,adjusted_close_exact > tradable_close_proxy > blocked,selected_ticker_adjusted_close_path_only,False,True,False,False,False,False,False,False,True,False
2023-02-10,dynamic80_top1_rs20_proxy,4763,材料*-KY,TWSE,1.0,0.3457705808759503,1.113791799078437,1.0,58,58,False,False,True,True,False,0.5575902529757913,0.3457705808759503,0.3736500935247399,weekly_signal_close,top1_by_RS20_within_layer4_80_primary_pool,False,,,False,False,missing_selected_stock_price_registry_row,adjusted_close_exact > tradable_close_proxy > blocked,selected_ticker_adjusted_close_path_only,False,True,False,False,False,False,False,False,True,False
2023-02-17,dynamic80_top1_rs20_proxy,2453,凌群,TWSE,1.0,0.6221664509200415,0.6196000812401379,1.0,30,30,False,True,True,True,False,0.6440084157132624,0.6421664509200415,0.6543668717057046,weekly_signal_close,top1_by_RS20_within_layer4_80_primary_pool,False,,,False,False,missing_selected_stock_price_registry_row,adjusted_close_exact > tradable_close_proxy > blocked,selected_ticker_adjusted_close_path_only,False,True,False,False,False,False,False,False,True,False
2023-02-24,dynamic80_top1_rs20_proxy,8227,巨有科技,TPEx,1.0,0.9480366647600228,,1.0,24,24,False,True,True,True,False,0.6380039058133742,0.9680366647600228,0.9799368600506916,weekly_signal_close,top1_by_RS20_within_layer4_80_primary_pool,False,,,False,False,missing_selected_stock_price_registry_row,adjusted_close_exact > tradable_close_proxy > blocked,selected_ticker_adjusted_close_path_only,False,True,False,False,False,False,False,False,True,False
2023-03-03,dynamic80_top1_rs20_proxy,8227,巨有科技,TPEx,1.0,1.2024051135007194,,1.0,23,23,False,True,True,True,False,0.6537597734453159,1.2224051135007197,1.2350931021729852,weekly_signal_close,top1_by_RS20_within_layer4_80_primary_pool,False,,,False,False,missing_selected_stock_price_registry_row,adjusted_close_exact > tradable_close_proxy > blocked,selected_ticker_adjusted_close_path_only,False,True,False,False,False,False,False,False,True,False
2023-03-10,dynamic80_top1_rs20_proxy,8227,巨有科技,TPEx,1.0,0.9728548953741122,,1.0,37,37,False,False,True,True,False,0.6515044953398735,0.9728548953741122,1.0054301201411058,weekly_signal_close,top1_by_RS20_within_layer4_80_primary_pool,False,,,False,False,missing_selected_stock_price_registry_row,adjusted_close_exact > tradable_close_proxy > blocked,selected_ticker_adjusted_close_path_only,False,True,False,False,False,False,False,False,True,False
2023-03-17,dynamic80_top1_rs20_proxy,3093,港建*,TPEx,1.0,0.4092426951959218,-0.6943367637370252,1.0,68,68,False,False,True,True,False,0.5199789005352148,0.4092426951959218,0.4352416402226826,weekly_signal_close,top1_by_RS20_within_layer4_80_primary_pool,False,,,False,False,missing_selected_stock_price_registry_row,adjusted_close_exact > tradable_close_proxy > blocked,selected_ticker_adjusted_close_path_only,False,True,False,False,False,False,False,False,True,False
2023-03-24,dynamic80_top1_rs20_proxy,2453,凌群,TWSE,1.0,0.5204169634294449,1.6239880961922153,1.0,43,43,False,False,True,True,False,0.5620587465000031,0.5204169634294449,0.548519900754445,weekly_signal_close,top1_by_RS20_within_layer4_80_primary_pool,False,,,False,False,missing_selected_stock_price_registry_row,adjusted_close_exact > tradable_close_proxy > blocked,selected_ticker_adjusted_close_path_only,False,True,False,False,False,False,False,False,True,False
2023-03-31,dynamic80_top1_rs20_proxy,6472,保瑞,TPEx,1.0,0.4014933675090824,0.6746071134607485,1.0,48,48,False,False,True,True,True,0.5386899462070367,0.4014933675090824,0.3984278648194342,weekly_signal_close,top1_by_RS20_within_layer4_80_primary_pool,False,,,False,False,missing_selected_stock_price_registry_row,adjusted_close_exact > tradable_close_proxy > blocked,selected_ticker_adjusted_close_path_only,False,True,False,False,False,False,False,False,True,False
2023-04-07,dynamic80_top1_rs20_proxy,6472,保瑞,TPEx,1.0,0.6386541438864877,0.829095168276732,1.0,56,56,False,False,True,True,True,0.5359118242814601,0.6386541438864877,0.6354497351005607,weekly_signal_close,top1_by_RS20_within_layer4_80_primary_pool,False,,,False,False,missing_selected_stock_price_registry_row,adjusted_close_exact > tradable_close_proxy > blocked,selected_ticker_adjusted_close_path_only,False,True,False,False,False,False,False,False,True,False
2023-04-14,dynamic80_top1_rs20_proxy,3324,雙鴻,TPEx,1.0,0.5297952952188463,0.5143759452953893,1.0,35,35,False,False,True,True,True,0.5625287547199126,0.5297952952188463,0.5279217329548419,weekly_signal_close,top1_by_RS20_within_layer4_80_primary_pool,False,,,False,False,missing_selected_stock_price_registry_row,adjusted_close_exact > tradable_close_proxy > blocked,selected_ticker_adjusted_close_path_only,False,True,False,False,False,False,False,False,True,False
2023-04-21,dynamic80_top1_rs20_proxy,6753,龍德造船,TWSE,1.0,0.4814777049634485,,1.0,70,70,False,False,True,True,False,0.4611401938632077,0.4814777049634485,0.5045347146566089,weekly_signal_close,top1_by_RS20_within_layer4_80_primary_pool,False,,,False,False,missing_selected_stock_price_registry_row,adjusted_close_exact > tradable_close_proxy > blocked,selected_ticker_adjusted_close_path_only,False,True,False,False,False,False,False,False,True,False
2023-04-28,dynamic80_top1_rs20_proxy,4763,材料*-KY,TWSE,1.0,0.4929356494851471,0.6882597814697708,1.0,74,74,False,False,True,True,False,0.4731563713928423,0.4929356494851471,0.5165934680547892,weekly_signal_close,top1_by_RS20_within_layer4_80_primary_pool,False,,,False,False,missing_selected_stock_price_registry_row,adjusted_close_exact > tradable_close_proxy > blocked,selected_ticker_adjusted_close_path_only,False,True,False,False,False,False,False,False,True,False
2023-05-05,dynamic80_top1_rs20_proxy,6111,大宇資,TPEx,1.0,0.547618858394806,0.4122028965161871,1.0,13,13,False,True,True,True,False,0.6510239907083599,0.567618858394806,0.5801700579302239,weekly_signal_close,top1_by_RS20_within_layer4_80_primary_pool,False,,,False,False,missing_selected_stock_price_registry_row,adjusted_close_exact > tradable_close_proxy > blocked,selected_ticker_adjusted_close_path_only,False,True,False,False,False,False,False,False,True,False
2023-05-12,dynamic80_top1_rs20_proxy,4763,材料*-KY,TWSE,1.0,0.2644008411052356,0.9036740582276328,1.0,75,75,False,False,True,True,False,0.5116785416908873,0.2644008411052356,0.28998476818978,weekly_signal_close,top1_by_RS20_within_layer4_80_primary_pool,False,,,False,False,missing_selected_stock_price_registry_row,adjusted_close_exact > tradable_close_proxy > blocked,selected_ticker_adjusted_close_path_only,False,True,False,False,False,False,False,False,True,False
2023-05-19,dynamic80_top1_rs20_proxy,2207,和泰車,TWSE,1.0,0.2978474750876516,0.3460783217789196,1.0,53,53,False,False,True,True,False,0.5629475940962523,0.2978474750876516,0.3259948547924642,weekly_signal_close,top1_by_RS20_within_layer4_80_primary_pool,False,,,False,False,missing_selected_stock_price_registry_row,adjusted_close_exact > tradable_close_proxy > blocked,selected_ticker_adjusted_close_path_only,False,True,False,False,False,False,False,False,True,False
2023-05-26,dynamic80_top1_rs20_proxy,2736,富野,TPEx,1.0,0.7128352228525228,0.3203636956452642,1.0,65,65,False,False,True,True,False,0.557464626225302,0.7128352228525228,0.7407084541637878,weekly_signal_close,top1_by_RS20_within_layer4_80_primary_pool,False,,,False,False,missing_selected_stock_price_registry_row,adjusted_close_exact > tradable_close_proxy > blocked,selected_ticker_adjusted_close_path_only,False,True,False,False,False,False,False,False,True,False
2023-06-02,dynamic80_top1_rs20_proxy,2206,三陽工業,TWSE,1.0,0.4121995352190204,1.1396751056840009,1.0,10,10,False,True,True,True,False,0.6873648792669679,0.4321995352190204,0.4465677791823688,weekly_signal_close,top1_by_RS20_within_layer4_80_primary_pool,False,,,False,False,missing_selected_stock_price_registry_row,adjusted_close_exact > tradable_close_proxy > blocked,selected_ticker_adjusted_close_path_only,False,True,False,False,False,False,False,False,True,False
2023-06-09,dynamic80_top1_rs20_proxy,3583,辛耘,TWSE,1.0,0.6199326028968328,0.7875964341743151,1.0,50,50,False,False,True,True,True,0.5840446112722064,0.6199326028968328,0.6191348334604432,weekly_signal_close,top1_by_RS20_within_layer4_80_primary_pool,False,,,False,False,missing_selected_stock_price_registry_row,adjusted_close_exact > tradable_close_proxy > blocked,selected_ticker_adjusted_close_path_only,False,True,False,False,False,False,False,False,True,False
2023-06-16,dynamic80_top1_rs20_proxy,3131,弘塑,TPEx,1.0,0.3779942476379161,0.5594572145503804,1.0,51,51,False,False,True,True,False,0.5660551499164392,0.3779942476379161,0.406297005133738,weekly_signal_close,top1_by_RS20_within_layer4_80_primary_pool,False,,,False,False,missing_selected_stock_price_registry_row,adjusted_close_exact > tradable_close_proxy > blocked,selected_ticker_adjusted_close_path_only,False,True,False,False,False,False,False,False,True,False
2023-06-21,dynamic80_top1_rs20_proxy,6125,廣運,TPEx,1.0,0.9519163826202532,1.092144187473775,1.0,59,59,False,False,True,True,True,0.5417980234566226,0.9519163826202532,0.9490062837930844,weekly_signal_close,top1_by_RS20_within_layer4_80_primary_pool,False,,,False,False,missing_selected_stock_price_registry_row,adjusted_close_exact > tradable_close_proxy > blocked,selected_ticker_adjusted_close_path_only,False,True,False,False,False,False,False,False,True,False
2023-06-30,dynamic80_top1_rs20_proxy,3356,奇偶,TWSE,1.0,0.4086836718286248,0.3309996817480292,1.0,35,35,False,False,True,True,False,0.6370087672491893,0.4086836718286248,0.4405341101910843,weekly_signal_close,top1_by_RS20_within_layer4_80_primary_pool,False,,,False,False,missing_selected_stock_price_registry_row,adjusted_close_exact > tradable_close_proxy > blocked,selected_ticker_adjusted_close_path_only,False,True,False,False,False,False,False,False,True,False
2023-07-07,dynamic80_top1_rs20_proxy,3013,晟銘電,TWSE,1.0,0.4640211039876281,0.9433181310930608,1.0,62,62,False,False,True,True,False,0.5375874004044521,0.4640211039876281,0.4909004740078507,weekly_signal_close,top1_by_RS20_within_layer4_80_primary_pool,False,,,False,False,missing_selected_stock_price_registry_row,adjusted_close_exact > tradable_close_proxy > blocked,selected_ticker_adjusted_close_path_only,False,True,False,False,False,False,False,False,True,False
2023-07-14,dynamic80_top1_rs20_proxy,2388,威盛,TWSE,1.0,0.5430770220131667,0.4750969816443431,1.0,5,5,False,True,True,True,False,0.701413781757113,0.5630770220131667,0.5781477111010223,weekly_signal_close,top1_by_RS20_within_layer4_80_primary_pool,False,,,False,False,missing_selected_stock_price_registry_row,adjusted_close_exact > tradable_close_proxy > blocked,selected_ticker_adjusted_close_path_only,False,True,False,False,False,False,False,False,True,False
2023-07-21,dynamic80_top1_rs20_proxy,6150,撼訊,TPEx,1.0,0.4213692293045311,0.5309658453040784,1.0,22,22,False,True,True,True,False,0.6304006711979072,0.4413692293045311,0.4528892628644264,weekly_signal_close,top1_by_RS20_within_layer4_80_primary_pool,False,,,False,False,missing_selected_stock_price_registry_row,adjusted_close_exact > tradable_close_proxy > blocked,selected_ticker_adjusted_close_path_only,False,True,False,False,False,False,False,False,True,False
2023-07-28,dynamic80_top1_rs20_proxy,2383,台光電,TWSE,1.0,0.6988846949327034,1.41994774671083,1.0,44,44,False,False,True,True,True,0.589793694182581,0.6988846949327034,0.6983743796418325,weekly_signal_close,top1_by_RS20_within_layer4_80_primary_pool,False,,,False,False,missing_selected_stock_price_registry_row,adjusted_close_exact > tradable_close_proxy > blocked,selected_ticker_adjusted_close_path_only,False,True,False,False,False,False,False,False,True,False
2023-08-04,dynamic80_top1_rs20_proxy,2913,農林,TWSE,1.0,0.350731227409105,0.2273182544917467,1.0,19,19,False,True,True,True,False,0.659637347275139,0.370731227409105,0.383713094772862,weekly_signal_close,top1_by_RS20_within_layer4_80_primary_pool,False,,,False,False,missing_selected_stock_price_registry_row,adjusted_close_exact > tradable_close_proxy > blocked,selected_ticker_adjusted_close_path_only,False,True,False,False,False,False,False,False,True,False
2023-08-11,dynamic80_top1_rs20_proxy,3483,力致,TPEx,1.0,0.4875167414476209,0.9402130557341356,1.0,41,41,False,False,True,True,False,0.5758965084204093,0.4875167414476209,0.5163115668686413,weekly_signal_close,top1_by_RS20_within_layer4_80_primary_pool,False,,,False,False,missing_selected_stock_price_registry_row,adjusted_close_exact > tradable_close_proxy > blocked,selected_ticker_adjusted_close_path_only,False,True,False,False,False,False,False,False,True,False
2023-08-18,dynamic80_top1_rs20_proxy,2329,華泰,TWSE,1.0,0.5864942952863434,1.4024654513149093,1.0,47,47,False,False,True,True,False,0.5604088824117253,0.5864942952863434,0.6145147394069297,weekly_signal_close,top1_by_RS20_within_layer4_80_primary_pool,False,,,False,False,missing_selected_stock_price_registry_row,adjusted_close_exact > tradable_close_proxy > blocked,selected_ticker_adjusted_close_path_only,False,True,False,False,False,False,False,False,True,False
2023-08-25,dynamic80_top1_rs20_proxy,6829,千附精密,TPEx,1.0,0.3339985813149426,0.0484608202336794,1.0,72,72,False,False,True,True,False,0.5618371212791614,0.3339985813149426,0.3620904373789007,weekly_signal_close,top1_by_RS20_within_layer4_80_primary_pool,False,,,False,False,missing_selected_stock_price_registry_row,adjusted_close_exact > tradable_close_proxy > blocked,selected_ticker_adjusted_close_path_only,False,True,False,False,False,False,False,False,True,False
2023-09-01,dynamic80_top1_rs20_proxy,3548,兆利,TPEx,1.0,0.5005803840329656,0.4443161881656845,1.0,69,69,False,False,True,True,False,0.5878688738259035,0.5005803840329656,0.5299738277242607,weekly_signal_close,top1_by_RS20_within_layer4_80_primary_pool,False,,,False,False,missing_selected_stock_price_registry_row,adjusted_close_exact > tradable_close_proxy > blocked,selected_ticker_adjusted_close_path_only,False,True,False,False,False,False,False,False,True,False
2023-09-08,dynamic80_top1_rs20_proxy,3661,世芯-KY,TWSE,1.0,0.3400112625259003,0.3990592426143795,1.0,68,68,False,False,True,True,False,0.5878750867794754,0.3400112625259003,0.3694050168648741,weekly_signal_close,top1_by_RS20_within_layer4_80_primary_pool,False,,,False,False,missing_selected_stock_price_registry_row,adjusted_close_exact > tradable_close_proxy > blocked,selected_ticker_adjusted_close_path_only,False,True,False,False,False,False,False,False,True,False
2023-09-15,dynamic80_top1_rs20_proxy,3548,兆利,TPEx,1.0,0.5384066091390376,0.8296203517434877,1.0,53,53,False,False,True,True,True,0.5446877476608344,0.5384066091390376,0.5356409965220793,weekly_signal_close,top1_by_RS20_within_layer4_80_primary_pool,False,,,False,False,missing_selected_stock_price_registry_row,adjusted_close_exact > tradable_close_proxy > blocked,selected_ticker_adjusted_close_path_only,False,True,False,False,False,False,False,False,True,False
2023-09-22,dynamic80_top1_rs20_proxy,2364,倫飛,TWSE,1.0,0.4646220043210738,0.2088690150598593,1.0,73,73,False,False,True,True,False,0.6057752599157241,0.4646220043210738,0.49491076731686,weekly_signal_close,top1_by_RS20_within_layer4_80_primary_pool,False,,,False,False,missing_selected_stock_price_registry_row,adjusted_close_exact > tradable_close_proxy > blocked,selected_ticker_adjusted_close_path_only,False,True,False,False,False,False,False,False,True,False
2023-09-28,dynamic80_top1_rs20_proxy,6451,訊芯-KY,TWSE,1.0,0.42033437529719,0.115808420032586,1.0,42,42,False,False,True,True,False,0.6706584959605691,0.42033437529719,0.4538673000952184,weekly_signal_close,top1_by_RS20_within_layer4_80_primary_pool,False,,,False,False,missing_selected_stock_price_registry_row,adjusted_close_exact > tradable_close_proxy > blocked,selected_ticker_adjusted_close_path_only,False,True,False,False,False,False,False,False,True,False
2023-10-06,dynamic80_top1_rs20_proxy,3715,定穎投控,TWSE,1.0,0.4546054041770364,2.066543891495133,1.0,65,65,False,False,True,True,False,0.5503052901263534,0.4546054041770364,0.482120668683354,weekly_signal_close,top1_by_RS20_within_layer4_80_primary_pool,False,,,False,False,missing_selected_stock_price_registry_row,adjusted_close_exact > tradable_close_proxy > blocked,selected_ticker_adjusted_close_path_only,False,True,False,False,False,False,False,False,True,False
2023-10-13,dynamic80_top1_rs20_proxy,4908,前鼎,TPEx,1.0,0.3741714961452229,0.4477622308656315,1.0,59,59,False,False,True,True,False,0.5624009313468866,0.3741714961452229,0.4022915427125672,weekly_signal_close,top1_by_RS20_within_layer4_80_primary_pool,False,,,False,False,missing_selected_stock_price_registry_row,adjusted_close_exact > tradable_close_proxy > blocked,selected_ticker_adjusted_close_path_only,False,True,False,False,False,False,False,False,True,False
2023-10-20,dynamic80_top1_rs20_proxy,6139,亞翔,TWSE,1.0,0.31261569497032,0.4645382465634823,1.0,13,13,False,True,True,True,False,0.6984084254735398,0.33261569497032,0.347536116243997,weekly_signal_close,top1_by_RS20_within_layer4_80_primary_pool,False,,,False,False,missing_selected_stock_price_registry_row,adjusted_close_exact > tradable_close_proxy > blocked,selected_ticker_adjusted_close_path_only,False,True,False,False,False,False,False,False,True,False
2023-10-27,dynamic80_top1_rs20_proxy,4162,智擎,TPEx,1.0,0.3704549550756593,0.4469155993651997,1.0,35,35,False,False,True,True,False,0.6686701770229525,0.3704549550756593,0.4038884639268069,weekly_signal_close,top1_by_RS20_within_layer4_80_primary_pool,False,,,False,False,missing_selected_stock_price_registry_row,adjusted_close_exact > tradable_close_proxy > blocked,selected_ticker_adjusted_close_path_only,False,True,False,False,False,False,False,False,True,False
2023-11-03,dynamic80_top1_rs20_proxy,2363,矽統,TWSE,1.0,0.3711456434646818,1.4676038486362923,1.0,72,72,False,False,True,True,False,0.5525534720693787,0.3711456434646818,0.3987733170681508,weekly_signal_close,top1_by_RS20_within_layer4_80_primary_pool,False,,,False,False,missing_selected_stock_price_registry_row,adjusted_close_exact > tradable_close_proxy > blocked,selected_ticker_adjusted_close_path_only,False,True,False,False,False,False,False,False,True,False
2023-11-10,dynamic80_top1_rs20_proxy,2816,旺旺保,TWSE,1.0,0.303191222217011,0.751853295532525,1.0,12,12,False,True,True,True,False,0.6941641723869482,0.323191222217011,0.3378994308363584,weekly_signal_close,top1_by_RS20_within_layer4_80_primary_pool,False,,,False,False,missing_selected_stock_price_registry_row,adjusted_close_exact > tradable_close_proxy > blocked,selected_ticker_adjusted_close_path_only,False,True,False,False,False,False,False,False,True,False
2023-11-17,dynamic80_top1_rs20_proxy,6593,台灣銘板,TPEx,1.0,0.7577461098770666,0.6524091502892988,1.0,78,78,False,False,True,True,False,0.5160714478214405,0.7577461098770666,0.7835496822681386,weekly_signal_close,top1_by_RS20_within_layer4_80_primary_pool,False,,,False,False,missing_selected_stock_price_registry_row,adjusted_close_exact > tradable_close_proxy > blocked,selected_ticker_adjusted_close_path_only,False,True,False,False,False,False,False,False,True,False
2023-11-24,dynamic80_top1_rs20_proxy,6799,來頡,TWSE,1.0,0.2660711740296122,-0.0122853071941442,1.0,37,37,False,False,True,True,False,0.6203487017254373,0.2660711740296122,0.2970886091158841,weekly_signal_close,top1_by_RS20_within_layer4_80_primary_pool,False,,,False,False,missing_selected_stock_price_registry_row,adjusted_close_exact > tradable_close_proxy > blocked,selected_ticker_adjusted_close_path_only,False,True,False,False,False,False,False,False,True,False
2023-12-01,dynamic80_top1_rs20_proxy,2329,華泰,TWSE,1.0,0.3989857184722427,0.3783344545275307,1.0,62,62,False,False,True,True,False,0.5637914282370442,0.3989857184722427,0.4271752898840948,weekly_signal_close,top1_by_RS20_within_layer4_80_primary_pool,False,,,False,False,missing_selected_stock_price_registry_row,adjusted_close_exact > tradable_close_proxy > blocked,selected_ticker_adjusted_close_path_only,False,True,False,False,False,False,False,False,True,False
2023-12-08,dynamic80_top1_rs20_proxy,1514,亞力,TWSE,1.0,0.5473023896880682,0.7904243002564306,1.0,36,36,False,False,True,True,True,0.6061179027403256,0.5473023896880682,0.5476082848250845,weekly_signal_close,top1_by_RS20_within_layer4_80_primary_pool,False,,,False,False,missing_selected_stock_price_registry_row,adjusted_close_exact > tradable_close_proxy > blocked,selected_ticker_adjusted_close_path_only,False,True,False,False,False,False,False,False,True,False
2023-12-15,dynamic80_top1_rs20_proxy,6593,台灣銘板,TPEx,1.0,0.3942041290702165,1.734823193206959,1.0,72,72,False,False,True,True,False,0.5259241805648762,0.3942041290702165,0.4205003380984603,weekly_signal_close,top1_by_RS20_within_layer4_80_primary_pool,False,,,False,False,missing_selected_stock_price_registry_row,adjusted_close_exact > tradable_close_proxy > blocked,selected_ticker_adjusted_close_path_only,False,True,False,False,False,False,False,False,True,False
2023-12-22,dynamic80_top1_rs20_proxy,6117,迎廣,TWSE,1.0,0.4790279356527887,1.378015316205091,1.0,76,76,False,False,True,True,False,0.5181080185219114,0.4790279356527887,0.5049333365788843,weekly_signal_close,top1_by_RS20_within_layer4_80_primary_pool,False,,,False,False,missing_selected_stock_price_registry_row,adjusted_close_exact > tradable_close_proxy > blocked,selected_ticker_adjusted_close_path_only,False,True,False,False,False,False,False,False,True,False
2023-12-29,dynamic80_top1_rs20_proxy,3515,華擎,TWSE,1.0,0.1990369620045586,0.0841922995213806,1.0,31,31,False,True,True,True,False,0.6467785537244788,0.2190369620045585,0.2313758896907825,weekly_signal_close,top1_by_RS20_within_layer4_80_primary_pool,False,,,False,False,missing_selected_stock_price_registry_row,adjusted_close_exact > tradable_close_proxy > blocked,selected_ticker_adjusted_close_path_only,False,True,False,False,False,False,False,False,True,False
2024-01-05,dynamic80_top1_rs20_proxy,2362,藍天,TWSE,1.0,0.3182964993268689,0.3509637175450149,1.0,38,38,False,False,True,True,False,0.656676477310189,0.3182964993268689,0.3511303231923783,weekly_signal_close,top1_by_RS20_within_layer4_80_primary_pool,False,,,False,False,missing_selected_stock_price_registry_row,adjusted_close_exact > tradable_close_proxy > blocked,selected_ticker_adjusted_close_path_only,False,True,False,False,False,False,False,False,True,False
2024-01-12,dynamic80_top1_rs20_proxy,6805,富世達,TWSE,1.0,0.3554792402607614,,1.0,65,65,False,False,True,True,False,0.5939394155264959,0.3554792402607614,0.3851762110370861,weekly_signal_close,top1_by_RS20_within_layer4_80_primary_pool,False,,,False,False,missing_selected_stock_price_registry_row,adjusted_close_exact > tradable_close_proxy > blocked,selected_ticker_adjusted_close_path_only,False,True,False,False,False,False,False,False,True,False
2024-01-19,dynamic80_top1_rs20_proxy,3036,文曄,TWSE,1.0,0.2254670988161182,0.1680322419194471,1.0,35,35,False,False,True,True,False,0.6363542939899712,0.2254670988161182,0.2572848135156168,weekly_signal_close,top1_by_RS20_within_layer4_80_primary_pool,False,,,False,False,missing_selected_stock_price_registry_row,adjusted_close_exact > tradable_close_proxy > blocked,selected_ticker_adjusted_close_path_only,False,True,False,False,False,False,False,False,True,False
2024-01-26,dynamic80_top1_rs20_proxy,8227,巨有科技,TPEx,1.0,0.380056516197121,0.6557199141265355,1.0,12,12,False,True,True,True,False,0.6850312413153241,0.400056516197121,0.4143080782628872,weekly_signal_close,top1_by_RS20_within_layer4_80_primary_pool,False,,,False,False,missing_selected_stock_price_registry_row,adjusted_close_exact > tradable_close_proxy > blocked,selected_ticker_adjusted_close_path_only,False,True,False,False,False,False,False,False,True,False
2024-02-02,dynamic80_top1_rs20_proxy,3036,文曄,TWSE,1.0,0.4281960459495983,0.1073242982862794,1.0,33,33,False,False,True,True,False,0.6426383923756821,0.4281960459495983,0.4603279655683824,weekly_signal_close,top1_by_RS20_within_layer4_80_primary_pool,False,,,False,False,missing_selected_stock_price_registry_row,adjusted_close_exact > tradable_close_proxy > blocked,selected_ticker_adjusted_close_path_only,False,True,False,False,False,False,False,False,True,False
2024-02-05,dynamic80_top1_rs20_proxy,3036,文曄,TWSE,1.0,0.4586214437906704,0.1370617294398013,1.0,9,9,False,True,True,True,False,0.6981194466514556,0.4786214437906704,0.4935274161232431,weekly_signal_close,top1_by_RS20_within_layer4_80_primary_pool,False,,,False,False,missing_selected_stock_price_registry_row,adjusted_close_exact > tradable_close_proxy > blocked,selected_ticker_adjusted_close_path_only,False,True,False,False,False,False,False,False,True,False
2024-02-16,dynamic80_top1_rs20_proxy,4909,新復興,TPEx,1.0,0.407788820335986,1.02343840645993,1.0,77,77,False,False,True,True,False,0.5519097167546857,0.407788820335986,0.4353843061737203,weekly_signal_close,top1_by_RS20_within_layer4_80_primary_pool,False,,,False,False,missing_selected_stock_price_registry_row,adjusted_close_exact > tradable_close_proxy > blocked,selected_ticker_adjusted_close_path_only,False,True,False,False,False,False,False,False,True,False
2024-02-23,dynamic80_top1_rs20_proxy,5443,均豪,TPEx,1.0,0.3492115115959793,0.5242011064281222,1.0,49,49,False,False,True,True,False,0.62085736908228,0.3492115115959793,0.3802543800500932,weekly_signal_close,top1_by_RS20_within_layer4_80_primary_pool,False,,,False,False,missing_selected_stock_price_registry_row,adjusted_close_exact > tradable_close_proxy > blocked,selected_ticker_adjusted_close_path_only,False,True,False,False,False,False,False,False,True,False
2024-03-01,dynamic80_top1_rs20_proxy,1503,士電,TWSE,1.0,0.4553871067265636,0.6481723005532458,1.0,20,20,False,True,True,True,False,0.6907197291779082,0.4753871067265636,0.489923093185459,weekly_signal_close,top1_by_RS20_within_layer4_80_primary_pool,False,,,False,False,missing_selected_stock_price_registry_row,adjusted_close_exact > tradable_close_proxy > blocked,selected_ticker_adjusted_close_path_only,False,True,False,False,False,False,False,False,True,False
2024-03-08,dynamic80_top1_rs20_proxy,3013,晟銘電,TWSE,1.0,0.3289464762786138,0.0673030400476413,1.0,28,28,False,True,True,True,False,0.6491533832209904,0.3489464762786138,0.3614041454396633,weekly_signal_close,top1_by_RS20_within_layer4_80_primary_pool,False,,,False,False,missing_selected_stock_price_registry_row,adjusted_close_exact > tradable_close_proxy > blocked,selected_ticker_adjusted_close_path_only,False,True,False,False,False,False,False,False,True,False
2024-03-15,dynamic80_top1_rs20_proxy,5443,均豪,TPEx,1.0,0.2232237853572467,0.4005481507150552,1.0,74,74,False,False,True,True,False,0.5682415683682054,0.2232237853572467,0.251635863775657,weekly_signal_close,top1_by_RS20_within_layer4_80_primary_pool,False,,,False,False,missing_selected_stock_price_registry_row,adjusted_close_exact > tradable_close_proxy > blocked,selected_ticker_adjusted_close_path_only,False,True,False,False,False,False,False,False,True,False
2024-03-22,dynamic80_top1_rs20_proxy,2611,志信,TWSE,1.0,0.2820169076433243,0.2520662795632831,1.0,52,52,False,False,True,True,False,0.6054513895847832,0.2820169076433243,0.3122894771225635,weekly_signal_close,top1_by_RS20_within_layer4_80_primary_pool,False,,,False,False,missing_selected_stock_price_registry_row,adjusted_close_exact > tradable_close_proxy > blocked,selected_ticker_adjusted_close_path_only,False,True,False,False,False,False,False,False,True,False
2024-03-29,dynamic80_top1_rs20_proxy,2359,所羅門,TWSE,1.0,0.7188573481885325,0.6637987263598322,1.0,31,31,False,True,True,True,False,0.6484672370345671,0.7388573481885325,0.7512807100402609,weekly_signal_close,top1_by_RS20_within_layer4_80_primary_pool,False,,,False,False,missing_selected_stock_price_registry_row,adjusted_close_exact > tradable_close_proxy > blocked,selected_ticker_adjusted_close_path_only,False,True,False,False,False,False,False,False,True,False
2024-04-03,dynamic80_top1_rs20_proxy,1608,華榮,TWSE,1.0,0.2477440206560499,0.1841189312196332,1.0,62,62,False,False,True,True,False,0.5959375422264146,0.2477440206560499,0.2775408977673706,weekly_signal_close,top1_by_RS20_within_layer4_80_primary_pool,False,,,False,False,missing_selected_stock_price_registry_row,adjusted_close_exact > tradable_close_proxy > blocked,selected_ticker_adjusted_close_path_only,False,True,False,False,False,False,False,False,True,False
2024-04-12,dynamic80_top1_rs20_proxy,4533,協易機,TPEx,1.0,0.5594632902917835,0.2522500809126453,1.0,36,36,False,False,True,True,False,0.6395622176151426,0.5594632902917835,0.5914414011725406,weekly_signal_close,top1_by_RS20_within_layer4_80_primary_pool,False,,,False,False,missing_selected_stock_price_registry_row,adjusted_close_exact > tradable_close_proxy > blocked,selected_ticker_adjusted_close_path_only,False,True,False,False,False,False,False,False,True,False
2024-04-19,dynamic80_top1_rs20_proxy,1514,亞力,TWSE,1.0,0.5287744584458685,0.8729296863349942,1.0,79,79,False,False,True,True,False,0.5474671508862318,0.5287744584458685,0.55614781599018,weekly_signal_close,top1_by_RS20_within_layer4_80_primary_pool,False,,,False,False,missing_selected_stock_price_registry_row,adjusted_close_exact > tradable_close_proxy > blocked,selected_ticker_adjusted_close_path_only,False,True,False,False,False,False,False,False,True,False
2024-04-26,dynamic80_top1_rs20_proxy,2101,南港,TWSE,1.0,0.5129914906001632,0.2599200178740948,1.0,27,27,False,True,True,True,False,0.6509557703153052,0.5329914906001633,0.5455392791159285,weekly_signal_close,top1_by_RS20_within_layer4_80_primary_pool,False,,,False,False,missing_selected_stock_price_registry_row,adjusted_close_exact > tradable_close_proxy > blocked,selected_ticker_adjusted_close_path_only,False,True,False,False,False,False,False,False,True,False
2024-05-03,dynamic80_top1_rs20_proxy,2374,佳能,TWSE,1.0,0.5412564989861965,0.4548594170282252,1.0,69,69,False,False,True,True,False,0.5733841381169297,0.5412564989861965,0.569925705892043,weekly_signal_close,top1_by_RS20_within_layer4_80_primary_pool,False,,,False,False,missing_selected_stock_price_registry_row,adjusted_close_exact > tradable_close_proxy > blocked,selected_ticker_adjusted_close_path_only,False,True,False,False,False,False,False,False,True,False
2024-05-10,dynamic80_top1_rs20_proxy,2609,陽明,TWSE,1.0,0.3700958485958615,0.0632573540366405,1.0,22,22,False,True,True,True,False,0.6614859147773386,0.3900958485958615,0.4031701443347284,weekly_signal_close,top1_by_RS20_within_layer4_80_primary_pool,False,,,False,False,missing_selected_stock_price_registry_row,adjusted_close_exact > tradable_close_proxy > blocked,selected_ticker_adjusted_close_path_only,False,True,False,False,False,False,False,False,True,False
2024-05-17,dynamic80_top1_rs20_proxy,6863,永道-KY,TWSE,1.0,0.4408378727350237,0.0793765551198399,1.0,77,77,False,False,True,True,False,0.5523299369719297,0.4408378727350237,0.4684543695836201,weekly_signal_close,top1_by_RS20_within_layer4_80_primary_pool,False,,,False,False,missing_selected_stock_price_registry_row,adjusted_close_exact > tradable_close_proxy > blocked,selected_ticker_adjusted_close_path_only,False,True,False,False,False,False,False,False,True,False
2024-05-24,dynamic80_top1_rs20_proxy,6117,迎廣,TWSE,1.0,0.3398189184851046,0.3724578061208832,1.0,60,60,False,False,True,True,False,0.5693227155661091,0.3398189184851046,0.36828505426341,weekly_signal_close,top1_by_RS20_within_layer4_80_primary_pool,False,,,False,False,missing_selected_stock_price_registry_row,adjusted_close_exact > tradable_close_proxy > blocked,selected_ticker_adjusted_close_path_only,False,True,False,False,False,False,False,False,True,False
2024-05-31,dynamic80_top1_rs20_proxy,4543,萬在,TPEx,1.0,0.4597986733541639,0.1199982940615413,1.0,49,49,False,False,True,True,False,0.63078741822699,0.4597986733541639,0.4913380442655134,weekly_signal_close,top1_by_RS20_within_layer4_80_primary_pool,False,,,False,False,missing_selected_stock_price_registry_row,adjusted_close_exact > tradable_close_proxy > blocked,selected_ticker_adjusted_close_path_only,False,True,False,False,False,False,False,False,True,False
2024-06-07,dynamic80_top1_rs20_proxy,9958,世紀鋼,TWSE,1.0,0.3761486647761869,0.2890389229747772,1.0,59,59,False,False,True,True,False,0.595804974780192,0.3761486647761869,0.4059389135151965,weekly_signal_close,top1_by_RS20_within_layer4_80_primary_pool,False,,,False,False,missing_selected_stock_price_registry_row,adjusted_close_exact > tradable_close_proxy > blocked,selected_ticker_adjusted_close_path_only,False,True,False,False,False,False,False,False,True,False
2024-06-14,dynamic80_top1_rs20_proxy,2392,正崴,TWSE,1.0,0.4577445638238802,0.6394062320962668,1.0,22,22,False,True,True,True,False,0.6760067725421215,0.4777445638238802,0.4915449024509862,weekly_signal_close,top1_by_RS20_within_layer4_80_primary_pool,False,,,False,False,missing_selected_stock_price_registry_row,adjusted_close_exact > tradable_close_proxy > blocked,selected_ticker_adjusted_close_path_only,False,True,False,False,False,False,False,False,True,False
2024-06-21,dynamic80_top1_rs20_proxy,1785,光洋科,TPEx,1.0,0.3045278108267639,0.164679638131036,1.0,26,26,False,True,True,True,False,0.6456223854878859,0.3245278108267639,0.3368089301011582,weekly_signal_close,top1_by_RS20_within_layer4_80_primary_pool,False,,,False,False,missing_selected_stock_price_registry_row,adjusted_close_exact > tradable_close_proxy > blocked,selected_ticker_adjusted_close_path_only,False,True,False,False,False,False,False,False,True,False
2024-06-28,dynamic80_top1_rs20_proxy,6753,龍德造船,TWSE,1.0,0.3119312968429815,0.2137433989005168,1.0,61,61,False,False,True,True,False,0.6058043597609303,0.3119312968429815,0.342221514831028,weekly_signal_close,top1_by_RS20_within_layer4_80_primary_pool,False,,,False,False,missing_selected_stock_price_registry_row,adjusted_close_exact > tradable_close_proxy > blocked,selected_ticker_adjusted_close_path_only,False,True,False,False,False,False,False,False,True,False
2024-07-05,dynamic80_top1_rs20_proxy,1785,光洋科,TPEx,1.0,0.4759299655085165,0.3584809418113228,1.0,8,8,False,True,True,True,False,0.7117518117591844,0.4959299655085165,0.5115175560964758,weekly_signal_close,top1_by_RS20_within_layer4_80_primary_pool,False,,,False,False,missing_selected_stock_price_registry_row,adjusted_close_exact > tradable_close_proxy > blocked,selected_ticker_adjusted_close_path_only,False,True,False,False,False,False,False,False,True,False
2024-07-12,dynamic80_top1_rs20_proxy,2312,金寶,TWSE,1.0,0.4064492973433895,0.6791146698844972,1.0,31,31,False,True,True,True,False,0.6494753646509036,0.4264492973433895,0.4389230655759347,weekly_signal_close,top1_by_RS20_within_layer4_80_primary_pool,False,,,False,False,missing_selected_stock_price_registry_row,adjusted_close_exact > tradable_close_proxy > blocked,selected_ticker_adjusted_close_path_only,False,True,False,False,False,False,False,False,True,False
2024-07-19,dynamic80_top1_rs20_proxy,5443,均豪,TPEx,1.0,0.403720835884462,0.5455831818792922,1.0,70,70,False,False,True,True,False,0.5743798254561425,0.403720835884462,0.4324398271572691,weekly_signal_close,top1_by_RS20_within_layer4_80_primary_pool,False,,,False,False,missing_selected_stock_price_registry_row,adjusted_close_exact > tradable_close_proxy > blocked,selected_ticker_adjusted_close_path_only,False,True,False,False,False,False,False,False,True,False
2024-07-26,dynamic80_top1_rs20_proxy,2543,皇昌,TWSE,1.0,0.3891482324039018,0.1102248353981418,1.0,50,50,False,False,True,True,False,0.6199652565534236,0.3891482324039018,0.420146495231573,weekly_signal_close,top1_by_RS20_within_layer4_80_primary_pool,False,,,False,False,missing_selected_stock_price_registry_row,adjusted_close_exact > tradable_close_proxy > blocked,selected_ticker_adjusted_close_path_only,False,True,False,False,False,False,False,False,True,False
2024-08-02,dynamic80_top1_rs20_proxy,1597,直得,TWSE,1.0,0.3896180046496027,0.3842052999762977,1.0,74,74,False,False,True,True,False,0.5468396149180739,0.3896180046496027,0.4169599853955064,weekly_signal_close,top1_by_RS20_within_layer4_80_primary_pool,False,,,False,False,missing_selected_stock_price_registry_row,adjusted_close_exact > tradable_close_proxy > blocked,selected_ticker_adjusted_close_path_only,False,True,False,False,False,False,False,False,True,False
2024-08-09,dynamic80_top1_rs20_proxy,3131,弘塑,TPEx,1.0,0.303251955737018,0.6064789746211874,1.0,57,57,False,False,True,True,False,0.543599545946456,0.303251955737018,0.3304319330343408,weekly_signal_close,top1_by_RS20_within_layer4_80_primary_pool,False,,,False,False,missing_selected_stock_price_registry_row,adjusted_close_exact > tradable_close_proxy > blocked,selected_ticker_adjusted_close_path_only,False,True,False,False,False,False,False,False,True,False
2024-08-16,dynamic80_top1_rs20_proxy,8464,億豐,TWSE,1.0,0.263060611155128,0.1328795190153862,1.0,48,48,False,False,True,True,False,0.5307828999436839,0.263060611155128,0.2895997561523122,weekly_signal_close,top1_by_RS20_within_layer4_80_primary_pool,False,,,False,False,missing_selected_stock_price_registry_row,adjusted_close_exact > tradable_close_proxy > blocked,selected_ticker_adjusted_close_path_only,False,True,False,False,False,False,False,False,True,False
2024-08-23,dynamic80_top1_rs20_proxy,2364,倫飛,TWSE,1.0,0.528939664040202,0.3824377811506414,1.0,72,72,False,False,True,True,False,0.4681735051277168,0.528939664040202,0.5523483392965878,weekly_signal_close,top1_by_RS20_within_layer4_80_primary_pool,False,,,False,False,missing_selected_stock_price_registry_row,adjusted_close_exact > tradable_close_proxy > blocked,selected_ticker_adjusted_close_path_only,False,True,False,False,False,False,False,False,True,False
2024-08-30,dynamic80_top1_rs20_proxy,4583,台灣精銳,TWSE,1.0,0.5596022991266154,0.9002690123981139,1.0,25,25,False,True,True,True,False,0.5380096595947977,0.5796022991266154,0.5865027821063553,weekly_signal_close,top1_by_RS20_within_layer4_80_primary_pool,False,,,False,False,missing_selected_stock_price_registry_row,adjusted_close_exact > tradable_close_proxy > blocked,selected_ticker_adjusted_close_path_only,False,True,False,False,False,False,False,False,True,False
2024-09-06,dynamic80_top1_rs20_proxy,4583,台灣精銳,TWSE,1.0,0.5606595175808539,1.2599308300384222,1.0,33,33,False,False,True,True,False,0.6066257312077564,0.5606595175808539,0.5909908041412417,weekly_signal_close,top1_by_RS20_within_layer4_80_primary_pool,False,,,False,False,missing_selected_stock_price_registry_row,adjusted_close_exact > tradable_close_proxy > blocked,selected_ticker_adjusted_close_path_only,False,True,False,False,False,False,False,False,True,False
2024-09-13,dynamic80_top1_rs20_proxy,5443,均豪,TPEx,1.0,0.3772628764619603,1.3662736823494812,1.0,56,56,False,False,True,True,False,0.5504725608818583,0.3772628764619603,0.4047865045060532,weekly_signal_close,top1_by_RS20_within_layer4_80_primary_pool,False,,,False,False,missing_selected_stock_price_registry_row,adjusted_close_exact > tradable_close_proxy > blocked,selected_ticker_adjusted_close_path_only,False,True,False,False,False,False,False,False,True,False
2024-09-20,dynamic80_top1_rs20_proxy,4563,百德,TPEx,1.0,0.5337060776533227,1.1629639904463305,1.0,70,70,False,False,True,True,False,0.5580028946186608,0.5337060776533227,0.5616062223842557,weekly_signal_close,top1_by_RS20_within_layer4_80_primary_pool,False,,,False,False,missing_selected_stock_price_registry_row,adjusted_close_exact > tradable_close_proxy > blocked,selected_ticker_adjusted_close_path_only,False,True,False,False,False,False,False,False,True,False
2024-09-27,dynamic80_top1_rs20_proxy,2497,怡利電,TWSE,1.0,0.3182626534846753,0.4238567474327757,1.0,16,16,False,True,True,True,False,0.6865585916986099,0.3382626534846753,0.3525905830696058,weekly_signal_close,top1_by_RS20_within_layer4_80_primary_pool,False,,,False,False,missing_selected_stock_price_registry_row,adjusted_close_exact > tradable_close_proxy > blocked,selected_ticker_adjusted_close_path_only,False,True,False,False,False,False,False,False,True,False
2024-10-04,dynamic80_top1_rs20_proxy,8249,菱光,TWSE,1.0,0.600698001432203,0.7569816719950122,1.0,59,59,False,False,True,True,False,0.5911399965439326,0.600698001432203,0.6302550012593996,weekly_signal_close,top1_by_RS20_within_layer4_80_primary_pool,False,,,False,False,missing_selected_stock_price_registry_row,adjusted_close_exact > tradable_close_proxy > blocked,selected_ticker_adjusted_close_path_only,False,True,False,False,False,False,False,False,True,False
2024-10-11,dynamic80_top1_rs20_proxy,4977,眾達-KY,TWSE,1.0,0.3269234666957692,0.4273667430737984,1.0,24,24,False,True,True,True,False,0.6321629602523399,0.3469234666957692,0.3585316147083862,weekly_signal_close,top1_by_RS20_within_layer4_80_primary_pool,False,,,False,False,missing_selected_stock_price_registry_row,adjusted_close_exact > tradable_close_proxy > blocked,selected_ticker_adjusted_close_path_only,False,True,False,False,False,False,False,False,True,False
2024-10-18,dynamic80_top1_rs20_proxy,3013,晟銘電,TWSE,1.0,0.337202713615367,0.2225553746465178,1.0,45,45,False,False,True,True,False,0.597952153061785,0.337202713615367,0.3671003212684562,weekly_signal_close,top1_by_RS20_within_layer4_80_primary_pool,False,,,False,False,missing_selected_stock_price_registry_row,adjusted_close_exact > tradable_close_proxy > blocked,selected_ticker_adjusted_close_path_only,False,True,False,False,False,False,False,False,True,False
2024-10-25,dynamic80_top1_rs20_proxy,3529,力旺,TPEx,1.0,0.4108555396288071,0.2843089240821963,1.0,74,74,False,False,True,True,False,0.5623903449409067,0.4108555396288071,0.4389750568758524,weekly_signal_close,top1_by_RS20_within_layer4_80_primary_pool,False,,,False,False,missing_selected_stock_price_registry_row,adjusted_close_exact > tradable_close_proxy > blocked,selected_ticker_adjusted_close_path_only,False,True,False,False,False,False,False,False,True,False
2024-11-01,dynamic80_top1_rs20_proxy,6438,迅得,TWSE,1.0,0.295496123922043,0.6325029002241618,1.0,50,50,False,False,True,True,True,0.6235819759726788,0.295496123922043,0.2966752227206769,weekly_signal_close,top1_by_RS20_within_layer4_80_primary_pool,False,,,False,False,missing_selected_stock_price_registry_row,adjusted_close_exact > tradable_close_proxy > blocked,selected_ticker_adjusted_close_path_only,False,True,False,False,False,False,False,False,True,False
2024-11-08,dynamic80_top1_rs20_proxy,9105,泰金寶-DR,TWSE,1.0,0.2425890119595044,0.046289761382926,1.0,64,64,False,False,True,True,False,0.5607193828211867,0.2425890119595044,0.2706249811005637,weekly_signal_close,top1_by_RS20_within_layer4_80_primary_pool,False,,,False,False,missing_selected_stock_price_registry_row,adjusted_close_exact > tradable_close_proxy > blocked,selected_ticker_adjusted_close_path_only,False,True,False,False,False,False,False,False,True,False
2024-11-15,dynamic80_top1_rs20_proxy,3706,神達,TWSE,1.0,0.4571439388458254,0.4987108624144054,1.0,14,14,False,True,True,True,False,0.7094478995174777,0.4771439388458254,0.4926163338216993,weekly_signal_close,top1_by_RS20_within_layer4_80_primary_pool,False,,,False,False,missing_selected_stock_price_registry_row,adjusted_close_exact > tradable_close_proxy > blocked,selected_ticker_adjusted_close_path_only,False,True,False,False,False,False,False,False,True,False
2024-11-22,dynamic80_top1_rs20_proxy,8114,振樺電,TWSE,1.0,0.3742803365595398,0.5625583946102877,1.0,71,71,False,False,True,True,False,0.6083172194635302,0.3742803365595398,0.4046961975327163,weekly_signal_close,top1_by_RS20_within_layer4_80_primary_pool,False,,,False,False,missing_selected_stock_price_registry_row,adjusted_close_exact > tradable_close_proxy > blocked,selected_ticker_adjusted_close_path_only,False,True,False,False,False,False,False,False,True,False
2024-11-29,dynamic80_top1_rs20_proxy,3090,日電貿,TWSE,1.0,0.2246386393362397,0.138392782805834,1.0,46,46,False,False,True,True,False,0.6470717994842776,0.2246386393362397,0.2569922293104535,weekly_signal_close,top1_by_RS20_within_layer4_80_primary_pool,False,,,False,False,missing_selected_stock_price_registry_row,adjusted_close_exact > tradable_close_proxy > blocked,selected_ticker_adjusted_close_path_only,False,True,False,False,False,False,False,False,True,False
2024-12-06,dynamic80_top1_rs20_proxy,3712,永崴投控,TWSE,1.0,0.3140415216153248,0.1850106592946727,1.0,14,14,False,True,True,True,False,0.666028404720248,0.3340415216153248,0.3473429418513372,weekly_signal_close,top1_by_RS20_within_layer4_80_primary_pool,False,,,False,False,missing_selected_stock_price_registry_row,adjusted_close_exact > tradable_close_proxy > blocked,selected_ticker_adjusted_close_path_only,False,True,False,False,False,False,False,False,True,False
2024-12-13,dynamic80_top1_rs20_proxy,6691,洋基工程,TWSE,1.0,0.2675252480088137,0.0877842860157784,1.0,77,77,False,False,True,True,False,0.562388526877695,0.2675252480088137,0.2956446743526985,weekly_signal_close,top1_by_RS20_within_layer4_80_primary_pool,False,,,False,False,missing_selected_stock_price_registry_row,adjusted_close_exact > tradable_close_proxy > blocked,selected_ticker_adjusted_close_path_only,False,True,False,False,False,False,False,False,True,False
2024-12-20,dynamic80_top1_rs20_proxy,3019,亞光,TWSE,1.0,0.4492336911538087,0.2675251567698571,1.0,76,76,False,False,True,True,False,0.5627688073635597,0.4492336911538087,0.4773721315219866,weekly_signal_close,top1_by_RS20_within_layer4_80_primary_pool,False,,,False,False,missing_selected_stock_price_registry_row,adjusted_close_exact > tradable_close_proxy > blocked,selected_ticker_adjusted_close_path_only,False,True,False,False,False,False,False,False,True,False
2024-12-27,dynamic80_top1_rs20_proxy,4583,台灣精銳,TWSE,1.0,0.3389636825371083,0.2586432841045158,1.0,53,53,False,False,True,True,False,0.6070521380267531,0.3389636825371083,0.3693162894384459,weekly_signal_close,top1_by_RS20_within_layer4_80_primary_pool,False,,,False,False,missing_selected_stock_price_registry_row,adjusted_close_exact > tradable_close_proxy > blocked,selected_ticker_adjusted_close_path_only,False,True,False,False,False,False,False,False,True,False
2025-01-03,dynamic80_top1_rs20_proxy,3147,大綜,TPEx,1.0,0.2588621846279421,0.1017859197370103,1.0,78,78,False,False,True,True,False,0.5934726582925215,0.2588621846279421,0.2885358175425682,weekly_signal_close,top1_by_RS20_within_layer4_80_primary_pool,False,,,False,False,missing_selected_stock_price_registry_row,adjusted_close_exact > tradable_close_proxy > blocked,selected_ticker_adjusted_close_path_only,False,True,False,False,False,False,False,False,True,False
2025-01-10,dynamic80_top1_rs20_proxy,2233,宇隆,TWSE,1.0,0.3051304148097502,0.4916392822869648,1.0,37,37,False,False,True,True,True,0.6410540192537517,0.3051304148097502,0.3071831157724377,weekly_signal_close,top1_by_RS20_within_layer4_80_primary_pool,False,,,False,False,missing_selected_stock_price_registry_row,adjusted_close_exact > tradable_close_proxy > blocked,selected_ticker_adjusted_close_path_only,False,True,False,False,False,False,False,False,True,False
2025-01-17,dynamic80_top1_rs20_proxy,6215,和椿,TWSE,1.0,0.3691740302583328,0.5503581065606051,1.0,78,78,False,False,True,True,False,0.5664373417063389,0.3691740302583328,0.3974958973436497,weekly_signal_close,top1_by_RS20_within_layer4_80_primary_pool,False,,,False,False,missing_selected_stock_price_registry_row,adjusted_close_exact > tradable_close_proxy > blocked,selected_ticker_adjusted_close_path_only,False,True,False,False,False,False,False,False,True,False
2025-01-22,dynamic80_top1_rs20_proxy,3491,昇達科,TPEx,1.0,0.3883021301089662,0.4491613394932277,1.0,76,76,False,False,True,True,False,0.550385695578356,0.3883021301089662,0.415821414887884,weekly_signal_close,top1_by_RS20_within_layer4_80_primary_pool,False,,,False,False,missing_selected_stock_price_registry_row,adjusted_close_exact > tradable_close_proxy > blocked,selected_ticker_adjusted_close_path_only,False,True,False,False,False,False,False,False,True,False
2025-02-07,dynamic80_top1_rs20_proxy,7722,LINEPAY,TWSE,1.0,0.7997510046053857,,1.0,42,42,False,False,True,True,False,0.6244799843038092,0.7997510046053857,0.8309750038205762,weekly_signal_close,top1_by_RS20_within_layer4_80_primary_pool,False,,,False,False,missing_selected_stock_price_registry_row,adjusted_close_exact > tradable_close_proxy > blocked,selected_ticker_adjusted_close_path_only,False,True,False,False,False,False,False,False,True,False
2025-02-14,dynamic80_top1_rs20_proxy,2468,華經,TWSE,1.0,0.5222159545584683,0.7055550010545222,1.0,58,58,False,False,True,True,False,0.5677793628326332,0.5222159545584683,0.5506049227000999,weekly_signal_close,top1_by_RS20_within_layer4_80_primary_pool,False,,,False,False,missing_selected_stock_price_registry_row,adjusted_close_exact > tradable_close_proxy > blocked,selected_ticker_adjusted_close_path_only,False,True,False,False,False,False,False,False,True,False
2025-02-21,dynamic80_top1_rs20_proxy,8028,昇陽半導體,TWSE,1.0,0.4160694518603409,0.259490771856435,1.0,58,58,False,False,True,True,False,0.5600799972008688,0.4160694518603409,0.4440734517203843,weekly_signal_close,top1_by_RS20_within_layer4_80_primary_pool,False,,,False,False,missing_selected_stock_price_registry_row,adjusted_close_exact > tradable_close_proxy > blocked,selected_ticker_adjusted_close_path_only,False,True,False,False,False,False,False,False,True,False
2025-02-27,dynamic80_top1_rs20_proxy,2468,華經,TWSE,1.0,0.5332520342088878,0.6362890070022631,1.0,16,16,False,True,True,True,False,0.6997056471768556,0.5532520342088878,0.5682373165677306,weekly_signal_close,top1_by_RS20_within_layer4_80_primary_pool,False,,,False,False,missing_selected_stock_price_registry_row,adjusted_close_exact > tradable_close_proxy > blocked,selected_ticker_adjusted_close_path_only,False,True,False,False,False,False,False,False,True,False
2025-03-07,dynamic80_top1_rs20_proxy,6206,飛捷,TWSE,1.0,0.4066862382611065,0.6952464296032492,1.0,28,28,False,True,True,True,False,0.6686544493874276,0.4266862382611065,0.4401189607304779,weekly_signal_close,top1_by_RS20_within_layer4_80_primary_pool,False,,,False,False,missing_selected_stock_price_registry_row,adjusted_close_exact > tradable_close_proxy > blocked,selected_ticker_adjusted_close_path_only,False,True,False,False,False,False,False,False,True,False
2025-03-14,dynamic80_top1_rs20_proxy,3528,安馳,TWSE,1.0,0.6109984736652107,0.6857708416264339,1.0,74,74,False,False,True,False,False,0.5540307334293476,0.6109984736652107,0.638700010336678,weekly_signal_close,top1_by_RS20_within_layer4_80_primary_pool,False,,,False,False,missing_selected_stock_price_registry_row,adjusted_close_exact > tradable_close_proxy > blocked,selected_ticker_adjusted_close_path_only,False,True,False,False,False,False,False,False,True,False
2025-03-21,dynamic80_top1_rs20_proxy,6227,茂綸,TPEx,1.0,0.5999199141679048,0.8857139679701629,1.0,34,34,False,False,True,True,False,0.651769250805393,0.5999199141679048,0.6325083767081745,weekly_signal_close,top1_by_RS20_within_layer4_80_primary_pool,False,,,False,False,missing_selected_stock_price_registry_row,adjusted_close_exact > tradable_close_proxy > blocked,selected_ticker_adjusted_close_path_only,False,True,False,False,False,False,False,False,True,False
2025-03-28,dynamic80_top1_rs20_proxy,3563,牧德,TWSE,1.0,0.2529989070856671,0.4028591506262166,1.0,41,41,False,False,True,True,False,0.6603080773348573,0.2529989070856671,0.2860143109524099,weekly_signal_close,top1_by_RS20_within_layer4_80_primary_pool,False,,,False,False,missing_selected_stock_price_registry_row,adjusted_close_exact > tradable_close_proxy > blocked,selected_ticker_adjusted_close_path_only,False,True,False,False,False,False,False,False,True,False
2025-04-02,dynamic80_top1_rs20_proxy,6148,驊宏資,TPEx,1.0,0.3112632092782128,1.0318685149213145,1.0,69,69,False,False,True,True,False,0.572381084906823,0.3112632092782128,0.339882263523554,weekly_signal_close,top1_by_RS20_within_layer4_80_primary_pool,False,,,False,False,missing_selected_stock_price_registry_row,adjusted_close_exact > tradable_close_proxy > blocked,selected_ticker_adjusted_close_path_only,False,True,False,False,False,False,False,False,True,False
2025-04-11,dynamic80_top1_rs20_proxy,2753,八方雲集,TWSE,1.0,0.1517090382643349,0.3778117633296942,1.0,79,79,False,False,True,True,False,0.4614500795697528,0.1517090382643349,0.1747815422428225,weekly_signal_close,top1_by_RS20_within_layer4_80_primary_pool,False,,,False,False,missing_selected_stock_price_registry_row,adjusted_close_exact > tradable_close_proxy > blocked,selected_ticker_adjusted_close_path_only,False,True,False,False,False,False,False,False,True,False
2025-04-18,dynamic80_top1_rs20_proxy,6140,訊達,TPEx,1.0,0.367401185367698,0.971856419693841,1.0,66,66,False,False,True,True,False,0.5469274960408631,0.367401185367698,0.3947475601697411,weekly_signal_close,top1_by_RS20_within_layer4_80_primary_pool,False,,,False,False,missing_selected_stock_price_registry_row,adjusted_close_exact > tradable_close_proxy > blocked,selected_ticker_adjusted_close_path_only,False,True,False,False,False,False,False,False,True,False
2025-04-25,dynamic80_top1_rs20_proxy,3147,大綜,TPEx,1.0,0.5963349848752812,1.002034342070457,1.0,42,42,False,False,True,True,False,0.547444639480503,0.5963349848752812,0.6237072168493064,weekly_signal_close,top1_by_RS20_within_layer4_80_primary_pool,False,,,False,False,missing_selected_stock_price_registry_row,adjusted_close_exact > tradable_close_proxy > blocked,selected_ticker_adjusted_close_path_only,False,True,False,False,False,False,False,False,True,False
2025-05-02,dynamic80_top1_rs20_proxy,3709,鑫聯大投控,TPEx,1.0,0.3885166848726697,0.673927259054704,1.0,45,45,False,False,True,True,False,0.5203744526277823,0.3885166848726697,0.4145354075040588,weekly_signal_close,top1_by_RS20_within_layer4_80_primary_pool,False,,,False,False,missing_selected_stock_price_registry_row,adjusted_close_exact > tradable_close_proxy > blocked,selected_ticker_adjusted_close_path_only,False,True,False,False,False,False,False,False,True,False
2025-05-09,dynamic80_top1_rs20_proxy,2468,華經,TWSE,1.0,0.4797698916160267,1.2568397665293745,1.0,32,32,False,True,True,True,False,0.585608581526255,0.4997698916160267,0.5090503206923395,weekly_signal_close,top1_by_RS20_within_layer4_80_primary_pool,False,,,False,False,missing_selected_stock_price_registry_row,adjusted_close_exact > tradable_close_proxy > blocked,selected_ticker_adjusted_close_path_only,False,True,False,False,False,False,False,False,True,False
2025-05-16,dynamic80_top1_rs20_proxy,1560,中砂,TWSE,1.0,0.3306052621180153,0.0977601267397367,1.0,51,51,False,False,True,True,False,0.5262763873550884,0.3306052621180153,0.3569190814857697,weekly_signal_close,top1_by_RS20_within_layer4_80_primary_pool,False,,,False,False,missing_selected_stock_price_registry_row,adjusted_close_exact > tradable_close_proxy > blocked,selected_ticker_adjusted_close_path_only,False,True,False,False,False,False,False,False,True,False
2025-05-23,dynamic80_top1_rs20_proxy,1560,中砂,TWSE,1.0,0.3061262132810844,0.0747091126110619,1.0,26,26,False,True,True,True,False,0.6582741688153105,0.3261262132810844,0.3390399217218499,weekly_signal_close,top1_by_RS20_within_layer4_80_primary_pool,False,,,False,False,missing_selected_stock_price_registry_row,adjusted_close_exact > tradable_close_proxy > blocked,selected_ticker_adjusted_close_path_only,False,True,False,False,False,False,False,False,True,False
2025-05-29,dynamic80_top1_rs20_proxy,3257,虹冠電,TWSE,1.0,0.3088671794270783,0.1383781096787064,1.0,73,73,False,False,True,True,False,0.557037128159263,0.3088671794270783,0.3367190358350415,weekly_signal_close,top1_by_RS20_within_layer4_80_primary_pool,False,,,False,False,missing_selected_stock_price_registry_row,adjusted_close_exact > tradable_close_proxy > blocked,selected_ticker_adjusted_close_path_only,False,True,False,False,False,False,False,False,True,False
2025-06-06,dynamic80_top1_rs20_proxy,3004,豐達科,TWSE,1.0,0.4062244881417267,0.5017171350291025,1.0,78,78,False,False,True,True,False,0.5667979724409311,0.4062244881417267,0.4345643867637732,weekly_signal_close,top1_by_RS20_within_layer4_80_primary_pool,False,,,False,False,missing_selected_stock_price_registry_row,adjusted_close_exact > tradable_close_proxy > blocked,selected_ticker_adjusted_close_path_only,False,True,False,False,False,False,False,False,True,False
2025-06-13,dynamic80_top1_rs20_proxy,6805,富世達,TWSE,1.0,0.3199393525498371,1.5758093394824257e-05,1.0,54,54,False,False,True,True,False,0.6049086161449676,0.3199393525498371,0.3501847833570854,weekly_signal_close,top1_by_RS20_within_layer4_80_primary_pool,False,,,False,False,missing_selected_stock_price_registry_row,adjusted_close_exact > tradable_close_proxy > blocked,selected_ticker_adjusted_close_path_only,False,True,False,False,False,False,False,False,True,False
2025-06-20,dynamic80_top1_rs20_proxy,3665,貿聯-KY,TWSE,1.0,0.2039673848615963,0.2895811996215327,1.0,25,25,False,True,True,True,False,0.6845159214582867,0.2239673848615962,0.2381931809345106,weekly_signal_close,top1_by_RS20_within_layer4_80_primary_pool,False,,,False,False,missing_selected_stock_price_registry_row,adjusted_close_exact > tradable_close_proxy > blocked,selected_ticker_adjusted_close_path_only,False,True,False,False,False,False,False,False,True,False
2025-06-27,dynamic80_top1_rs20_proxy,3167,大量,TWSE,1.0,0.3244789021141445,0.4913511025294219,1.0,4,4,False,True,True,True,False,0.7184798338397748,0.3444789021141445,0.3604028938061332,weekly_signal_close,top1_by_RS20_within_layer4_80_primary_pool,False,,,False,False,missing_selected_stock_price_registry_row,adjusted_close_exact > tradable_close_proxy > blocked,selected_ticker_adjusted_close_path_only,False,True,False,False,False,False,False,False,True,False
2025-07-04,dynamic80_top1_rs20_proxy,8210,勤誠,TWSE,1.0,0.378913915114357,1.2701528942222615,1.0,9,9,False,True,True,True,False,0.7000785997860194,0.398913915114357,0.413917845103658,weekly_signal_close,top1_by_RS20_within_layer4_80_primary_pool,False,,,False,False,missing_selected_stock_price_registry_row,adjusted_close_exact > tradable_close_proxy > blocked,selected_ticker_adjusted_close_path_only,False,True,False,False,False,False,False,False,True,False
2025-07-11,dynamic80_top1_rs20_proxy,4991,環宇-KY,TPEx,1.0,0.6422449794691161,0.3074560567848323,1.0,60,60,False,False,True,True,True,0.5432946081650296,0.6422449794691161,0.6394097098773676,weekly_signal_close,top1_by_RS20_within_layer4_80_primary_pool,False,,,False,False,missing_selected_stock_price_registry_row,adjusted_close_exact > tradable_close_proxy > blocked,selected_ticker_adjusted_close_path_only,False,True,False,False,False,False,False,False,True,False
2025-07-18,dynamic80_top1_rs20_proxy,8358,金居,TPEx,1.0,0.3988744578309344,0.5576110697070522,1.0,1,1,False,True,True,True,False,0.7061529436955236,0.4188744578309344,0.4341821050157106,weekly_signal_close,top1_by_RS20_within_layer4_80_primary_pool,False,,,False,False,missing_selected_stock_price_registry_row,adjusted_close_exact > tradable_close_proxy > blocked,selected_ticker_adjusted_close_path_only,False,True,False,False,False,False,False,False,True,False
2025-07-25,dynamic80_top1_rs20_proxy,8358,金居,TPEx,1.0,0.6224620592262635,0.8343719940702237,1.0,57,57,False,False,True,True,True,0.5508169515916468,0.6224620592262635,0.6200029068058458,weekly_signal_close,top1_by_RS20_within_layer4_80_primary_pool,False,,,False,False,missing_selected_stock_price_registry_row,adjusted_close_exact > tradable_close_proxy > blocked,selected_ticker_adjusted_close_path_only,False,True,False,False,False,False,False,False,True,False
2025-08-01,dynamic80_top1_rs20_proxy,8358,金居,TPEx,1.0,0.922309831947364,1.1518127263537372,1.0,40,40,False,False,True,True,True,0.6065590425272622,0.922309831947364,0.9226377840737272,weekly_signal_close,top1_by_RS20_within_layer4_80_primary_pool,False,,,False,False,missing_selected_stock_price_registry_row,adjusted_close_exact > tradable_close_proxy > blocked,selected_ticker_adjusted_close_path_only,False,True,False,False,False,False,False,False,True,False
2025-08-08,dynamic80_top1_rs20_proxy,8358,金居,TPEx,1.0,0.6572813423806578,1.1571252772855751,1.0,48,48,False,False,True,True,True,0.551732283951295,0.6572813423806578,0.6548679565782225,weekly_signal_close,top1_by_RS20_within_layer4_80_primary_pool,False,,,False,False,missing_selected_stock_price_registry_row,adjusted_close_exact > tradable_close_proxy > blocked,selected_ticker_adjusted_close_path_only,False,True,False,False,False,False,False,False,True,False
2025-08-15,dynamic80_top1_rs20_proxy,8358,金居,TPEx,1.0,0.9692483581560094,1.9149685604831848,1.0,53,53,False,False,True,True,True,0.5443412027937201,0.9692483581560094,0.9664654182956954,weekly_signal_close,top1_by_RS20_within_layer4_80_primary_pool,False,,,False,False,missing_selected_stock_price_registry_row,adjusted_close_exact > tradable_close_proxy > blocked,selected_ticker_adjusted_close_path_only,False,True,False,False,False,False,False,False,True,False
2025-08-22,dynamic80_top1_rs20_proxy,5309,系統電,TPEx,1.0,0.4681090584494647,0.4763848033089173,1.0,34,34,False,False,True,True,True,0.5596782957361817,0.4681090584494647,0.4660929732362737,weekly_signal_close,top1_by_RS20_within_layer4_80_primary_pool,False,,,False,False,missing_selected_stock_price_registry_row,adjusted_close_exact > tradable_close_proxy > blocked,selected_ticker_adjusted_close_path_only,False,True,False,False,False,False,False,False,True,False
2025-08-29,dynamic80_top1_rs20_proxy,1519,華城,TWSE,1.0,32.49591870338163,0.2381369646786493,1.0,13,13,False,True,True,True,False,0.6294153173169379,32.51591870338164,32.52738946924748,weekly_signal_close,top1_by_RS20_within_layer4_80_primary_pool,False,,,False,False,missing_selected_stock_price_registry_row,adjusted_close_exact > tradable_close_proxy > blocked,selected_ticker_adjusted_close_path_only,False,True,False,False,False,False,False,False,True,False
2025-09-05,dynamic80_top1_rs20_proxy,6515,穎崴,TWSE,1.0,0.5163911718046383,0.3823325649362183,1.0,41,41,False,False,True,True,False,0.520102305098384,0.5163911718046383,0.5423962870595576,weekly_signal_close,top1_by_RS20_within_layer4_80_primary_pool,False,,,False,False,missing_selected_stock_price_registry_row,adjusted_close_exact > tradable_close_proxy > blocked,selected_ticker_adjusted_close_path_only,False,True,False,False,False,False,False,False,True,False
2025-09-12,dynamic80_top1_rs20_proxy,3305,昇貿,TWSE,1.0,0.6924099383315412,1.5706643763136496,1.0,51,51,False,False,True,True,False,0.5496168203344992,0.6924099383315412,0.7198907793482662,weekly_signal_close,top1_by_RS20_within_layer4_80_primary_pool,False,,,False,False,missing_selected_stock_price_registry_row,adjusted_close_exact > tradable_close_proxy > blocked,selected_ticker_adjusted_close_path_only,False,True,False,False,False,False,False,False,True,False
2025-09-19,dynamic80_top1_rs20_proxy,8299,群聯,TPEx,1.0,0.4249778206171601,0.2410170015852368,1.0,79,79,False,False,True,True,False,0.5059227902051431,0.4249778206171601,0.4502739601274172,weekly_signal_close,top1_by_RS20_within_layer4_80_primary_pool,False,,,False,False,missing_selected_stock_price_registry_row,adjusted_close_exact > tradable_close_proxy > blocked,selected_ticker_adjusted_close_path_only,False,True,False,False,False,False,False,False,True,False
2025-09-26,dynamic80_top1_rs20_proxy,1504,東元,TWSE,1.0,0.300700334499667,0.7585531396839085,1.0,68,68,False,False,True,True,False,0.6064003751384041,0.300700334499667,0.3310203532565872,weekly_signal_close,top1_by_RS20_within_layer4_80_primary_pool,False,,,False,False,missing_selected_stock_price_registry_row,adjusted_close_exact > tradable_close_proxy > blocked,selected_ticker_adjusted_close_path_only,False,True,False,False,False,False,False,False,True,False
2025-10-03,dynamic80_top1_rs20_proxy,8299,群聯,TPEx,1.0,0.5771025429584791,0.4576367875428764,1.0,4,4,False,True,True,True,False,0.6985989189894313,0.5971025429584791,0.6120324889079506,weekly_signal_close,top1_by_RS20_within_layer4_80_primary_pool,False,,,False,False,missing_selected_stock_price_registry_row,adjusted_close_exact > tradable_close_proxy > blocked,selected_ticker_adjusted_close_path_only,False,True,False,False,False,False,False,False,True,False
2025-10-09,dynamic80_top1_rs20_proxy,8271,宇瞻,TWSE,1.0,0.1831960120499318,0.4098043422673796,1.0,16,16,False,True,True,True,False,0.6432028512712582,0.2031960120499318,0.2153561546134947,weekly_signal_close,top1_by_RS20_within_layer4_80_primary_pool,False,,,False,False,missing_selected_stock_price_registry_row,adjusted_close_exact > tradable_close_proxy > blocked,selected_ticker_adjusted_close_path_only,False,True,False,False,False,False,False,False,True,False
2025-10-17,dynamic80_top1_rs20_proxy,8271,宇瞻,TWSE,1.0,0.6031699813792775,0.9262026134256274,1.0,45,45,False,False,True,True,True,0.6085299144647688,0.6031699813792775,0.6035964771025158,weekly_signal_close,top1_by_RS20_within_layer4_80_primary_pool,False,,,False,False,missing_selected_stock_price_registry_row,adjusted_close_exact > tradable_close_proxy > blocked,selected_ticker_adjusted_close_path_only,False,True,False,False,False,False,False,False,True,False
2025-10-23,dynamic80_top1_rs20_proxy,8103,瀚荃,TWSE,1.0,0.4260041772338832,0.6592104683552324,1.0,75,75,False,False,True,True,False,0.5575315339519648,0.4260041772338832,0.4538807539314814,weekly_signal_close,top1_by_RS20_within_layer4_80_primary_pool,False,,,False,False,missing_selected_stock_price_registry_row,adjusted_close_exact > tradable_close_proxy > blocked,selected_ticker_adjusted_close_path_only,False,True,False,False,False,False,False,False,True,False
2025-10-31,dynamic80_top1_rs20_proxy,8996,高力,TWSE,1.0,0.7678061874117383,0.767946845805844,1.0,5,5,False,True,True,True,False,0.684492370947379,0.7878061874117384,0.8020308059591073,weekly_signal_close,top1_by_RS20_within_layer4_80_primary_pool,False,,,False,False,missing_selected_stock_price_registry_row,adjusted_close_exact > tradable_close_proxy > blocked,selected_ticker_adjusted_close_path_only,False,True,False,False,False,False,False,False,True,False
2025-11-07,dynamic80_top1_rs20_proxy,8271,宇瞻,TWSE,1.0,0.3483862487681846,0.5685278364169433,1.0,70,70,False,False,True,True,False,0.5692017103552701,0.3483862487681846,0.3768463342859481,weekly_signal_close,top1_by_RS20_within_layer4_80_primary_pool,False,,,False,False,missing_selected_stock_price_registry_row,adjusted_close_exact > tradable_close_proxy > blocked,selected_ticker_adjusted_close_path_only,False,True,False,False,False,False,False,False,True,False
2025-11-14,dynamic80_top1_rs20_proxy,2451,創見,TWSE,1.0,0.425652770532135,0.836297688608705,1.0,79,79,False,False,True,True,False,0.5445728576046897,0.425652770532135,0.4528814134123695,weekly_signal_close,top1_by_RS20_within_layer4_80_primary_pool,False,,,False,False,missing_selected_stock_price_registry_row,adjusted_close_exact > tradable_close_proxy > blocked,selected_ticker_adjusted_close_path_only,False,True,False,False,False,False,False,False,True,False
2025-11-21,dynamic80_top1_rs20_proxy,3167,大量,TWSE,1.0,0.2464454513844001,-0.2351996186252429,1.0,62,62,False,False,True,True,False,0.593579331244408,0.2464454513844001,0.2761244179466205,weekly_signal_close,top1_by_RS20_within_layer4_80_primary_pool,False,,,False,False,missing_selected_stock_price_registry_row,adjusted_close_exact > tradable_close_proxy > blocked,selected_ticker_adjusted_close_path_only,False,True,False,False,False,False,False,False,True,False
2025-11-28,dynamic80_top1_rs20_proxy,2451,創見,TWSE,1.0,0.4181977572889972,0.6494464333717163,1.0,63,63,False,False,True,True,False,0.5491421985540783,0.4181977572889972,0.4456548672167011,weekly_signal_close,top1_by_RS20_within_layer4_80_primary_pool,False,,,False,False,missing_selected_stock_price_registry_row,adjusted_close_exact > tradable_close_proxy > blocked,selected_ticker_adjusted_close_path_only,False,True,False,False,False,False,False,False,True,False
2025-12-05,dynamic80_top1_rs20_proxy,3163,波若威,TPEx,1.0,0.4185416328199178,0.108677266235255,1.0,67,67,False,False,True,True,False,0.5478200927815189,0.4185416328199178,0.4459326374589937,weekly_signal_close,top1_by_RS20_within_layer4_80_primary_pool,False,,,False,False,missing_selected_stock_price_registry_row,adjusted_close_exact > tradable_close_proxy > blocked,selected_ticker_adjusted_close_path_only,False,True,False,False,False,False,False,False,True,False
2025-12-12,dynamic80_top1_rs20_proxy,8039,台虹,TWSE,1.0,0.5350810725313653,0.3957678036886782,1.0,58,58,False,False,True,True,False,0.5472050218528901,0.5350810725313653,0.5624413236240098,weekly_signal_close,top1_by_RS20_within_layer4_80_primary_pool,False,,,False,False,missing_selected_stock_price_registry_row,adjusted_close_exact > tradable_close_proxy > blocked,selected_ticker_adjusted_close_path_only,False,True,False,False,False,False,False,False,True,False
2025-12-19,dynamic80_top1_rs20_proxy,6788,華景電,TPEx,1.0,0.497488690859055,0.1416260274145775,1.0,24,24,False,True,True,True,False,0.6436569910522879,0.517488690859055,0.5296715404116694,weekly_signal_close,top1_by_RS20_within_layer4_80_primary_pool,False,,,False,False,missing_selected_stock_price_registry_row,adjusted_close_exact > tradable_close_proxy > blocked,selected_ticker_adjusted_close_path_only,False,True,False,False,False,False,False,False,True,False
2025-12-26,dynamic80_top1_rs20_proxy,6788,華景電,TPEx,1.0,0.5536489634034343,0.262334645084417,1.0,28,28,False,True,True,True,False,0.6381606447938204,0.5736489634034343,0.5855569956431252,weekly_signal_close,top1_by_RS20_within_layer4_80_primary_pool,False,,,False,False,missing_selected_stock_price_registry_row,adjusted_close_exact > tradable_close_proxy > blocked,selected_ticker_adjusted_close_path_only,False,True,False,False,False,False,False,False,True,False
2026-01-02,dynamic80_top1_rs20_proxy,6903,巨漢,TPEx,1.0,0.5124579361710861,0.6741867328983813,1.0,34,34,False,False,True,True,False,0.6250273873930637,0.5124579361710861,0.5437093055407394,weekly_signal_close,top1_by_RS20_within_layer4_80_primary_pool,False,,,False,False,missing_selected_stock_price_registry_row,adjusted_close_exact > tradable_close_proxy > blocked,selected_ticker_adjusted_close_path_only,False,True,False,False,False,False,False,False,True,False
2026-01-09,dynamic80_top1_rs20_proxy,2313,華通,TWSE,1.0,0.2943378983704439,0.2242586489889091,1.0,76,76,False,False,True,True,False,0.547357567220818,0.2943378983704439,0.3217057767314847,weekly_signal_close,top1_by_RS20_within_layer4_80_primary_pool,False,,,False,False,missing_selected_stock_price_registry_row,adjusted_close_exact > tradable_close_proxy > blocked,selected_ticker_adjusted_close_path_only,False,True,False,False,False,False,False,False,True,False
2026-01-16,dynamic80_top1_rs20_proxy,8088,品安,TPEx,1.0,0.4392432288214478,0.2461761355431995,1.0,71,71,False,False,True,True,False,0.5561468559193559,0.4392432288214478,0.4670505716174156,weekly_signal_close,top1_by_RS20_within_layer4_80_primary_pool,False,,,False,False,missing_selected_stock_price_registry_row,adjusted_close_exact > tradable_close_proxy > blocked,selected_ticker_adjusted_close_path_only,False,True,False,False,False,False,False,False,True,False
2026-01-23,dynamic80_top1_rs20_proxy,8046,南電,TWSE,1.0,0.4507968144323444,0.1772450676282309,1.0,55,55,False,False,True,True,False,0.575192998464671,0.4507968144323444,0.4795564643555779,weekly_signal_close,top1_by_RS20_within_layer4_80_primary_pool,False,,,False,False,missing_selected_stock_price_registry_row,adjusted_close_exact > tradable_close_proxy > blocked,selected_ticker_adjusted_close_path_only,False,True,False,False,False,False,False,False,True,False
2026-01-30,dynamic80_top1_rs20_proxy,3081,聯亞,TPEx,1.0,0.4628032079579927,1.4048239987635165,1.0,11,11,False,True,True,True,False,0.6699089790670955,0.4828032079579927,0.4962986569113474,weekly_signal_close,top1_by_RS20_within_layer4_80_primary_pool,False,,,False,False,missing_selected_stock_price_registry_row,adjusted_close_exact > tradable_close_proxy > blocked,selected_ticker_adjusted_close_path_only,False,True,False,False,False,False,False,False,True,False
2026-02-06,dynamic80_top1_rs20_proxy,5386,青雲,TPEx,1.0,0.4427733331778436,0.5476734112378729,1.0,56,56,False,False,True,True,False,0.5764541414386452,0.4427733331778436,0.4715960402497758,weekly_signal_close,top1_by_RS20_within_layer4_80_primary_pool,False,,,False,False,missing_selected_stock_price_registry_row,adjusted_close_exact > tradable_close_proxy > blocked,selected_ticker_adjusted_close_path_only,False,True,False,False,False,False,False,False,True,False
2026-02-11,dynamic80_top1_rs20_proxy,2489,瑞軒,TWSE,1.0,0.6086228056368719,0.5240031372141394,1.0,80,80,False,False,True,True,False,0.4683881652235257,0.6086228056368719,0.6320422138980482,weekly_signal_close,top1_by_RS20_within_layer4_80_primary_pool,False,,,False,False,missing_selected_stock_price_registry_row,adjusted_close_exact > tradable_close_proxy > blocked,selected_ticker_adjusted_close_path_only,False,True,False,False,False,False,False,False,True,False
2026-02-26,dynamic80_top1_rs20_proxy,3081,聯亞,TPEx,1.0,0.6319915544523735,1.6333963414414212,1.0,42,42,False,False,True,True,False,0.5277459219759634,0.6319915544523735,0.6583788505511717,weekly_signal_close,top1_by_RS20_within_layer4_80_primary_pool,False,,,False,False,missing_selected_stock_price_registry_row,adjusted_close_exact > tradable_close_proxy > blocked,selected_ticker_adjusted_close_path_only,False,True,False,False,False,False,False,False,True,False
2026-03-06,dynamic80_top1_rs20_proxy,6187,萬潤,TPEx,1.0,0.5192192487502623,0.4120169846246224,1.0,16,16,False,True,True,True,False,0.5565256082345624,0.5392192487502623,0.5470455291619903,weekly_signal_close,top1_by_RS20_within_layer4_80_primary_pool,False,,,False,False,missing_selected_stock_price_registry_row,adjusted_close_exact > tradable_close_proxy > blocked,selected_ticker_adjusted_close_path_only,False,True,False,False,False,False,False,False,True,False
2026-03-13,dynamic80_top1_rs20_proxy,6291,沛亨,TPEx,1.0,0.4457755040247311,0.6962869578541611,1.0,66,66,False,False,True,True,False,0.4727753877569065,0.4457755040247311,0.4694142734125764,weekly_signal_close,top1_by_RS20_within_layer4_80_primary_pool,False,,,False,False,missing_selected_stock_price_registry_row,adjusted_close_exact > tradable_close_proxy > blocked,selected_ticker_adjusted_close_path_only,False,True,False,False,False,False,False,False,True,False
2026-03-20,dynamic80_top1_rs20_proxy,4991,環宇-KY,TPEx,1.0,0.6244729589110625,1.2268987432339435,1.0,59,59,False,False,True,True,False,0.4459232532686097,0.6244729589110625,0.646769121574493,weekly_signal_close,top1_by_RS20_within_layer4_80_primary_pool,False,,,False,False,missing_selected_stock_price_registry_row,adjusted_close_exact > tradable_close_proxy > blocked,selected_ticker_adjusted_close_path_only,False,True,False,False,False,False,False,False,True,False
2026-03-27,dynamic80_top1_rs20_proxy,1785,光洋科,TPEx,1.0,0.6256248279290826,0.3353977990419692,1.0,51,51,False,False,True,True,True,0.5010480584712687,0.6256248279290826,0.620677230852646,weekly_signal_close,top1_by_RS20_within_layer4_80_primary_pool,False,,,False,False,missing_selected_stock_price_registry_row,adjusted_close_exact > tradable_close_proxy > blocked,selected_ticker_adjusted_close_path_only,False,True,False,False,False,False,False,False,True,False
2026-04-02,dynamic80_top1_rs20_proxy,1785,光洋科,TPEx,1.0,0.4496773699362739,0.1583236592441794,1.0,18,18,False,True,True,True,False,0.5830293197496518,0.4696773699362739,0.4788288359237564,weekly_signal_close,top1_by_RS20_within_layer4_80_primary_pool,False,,,False,False,missing_selected_stock_price_registry_row,adjusted_close_exact > tradable_close_proxy > blocked,selected_ticker_adjusted_close_path_only,False,True,False,False,False,False,False,False,True,False
2026-04-10,dynamic80_top1_rs20_proxy,3583,辛耘,TWSE,1.0,0.7789659612238535,0.7621031090365804,1.0,14,14,False,True,True,True,False,0.5501742714228154,0.7989659612238535,0.8064746747949944,weekly_signal_close,top1_by_RS20_within_layer4_80_primary_pool,False,,,False,False,missing_selected_stock_price_registry_row,adjusted_close_exact > tradable_close_proxy > blocked,selected_ticker_adjusted_close_path_only,False,True,False,False,False,False,False,False,True,False
2026-04-17,dynamic80_top1_rs20_proxy,7610,聯友金屬-創,TWSE,1.0,0.9059194263493248,2.9482063777799032,1.0,80,80,False,True,True,True,True,0.4135940567114147,0.9259194263493248,0.8965991291848955,weekly_signal_close,top1_by_RS20_within_layer4_80_primary_pool,False,,,False,False,missing_selected_stock_price_registry_row,adjusted_close_exact > tradable_close_proxy > blocked,selected_ticker_adjusted_close_path_only,False,True,False,False,False,False,False,False,True,False
2026-04-24,dynamic80_top1_rs20_proxy,7734,印能科技,TPEx,1.0,0.8825674971776685,2.536091771211732,1.0,38,38,False,False,True,True,False,0.5207592241255582,0.8825674971776685,0.9086054583839464,weekly_signal_close,top1_by_RS20_within_layer4_80_primary_pool,False,,,False,False,missing_selected_stock_price_registry_row,adjusted_close_exact > tradable_close_proxy > blocked,selected_ticker_adjusted_close_path_only,False,True,False,False,False,False,False,False,True,False
2026-04-30,dynamic80_top1_rs20_proxy,6531,愛普*,TWSE,1.0,0.6495886060524432,0.5042602534751528,1.0,64,64,False,False,True,True,False,0.5020093761666818,0.6495886060524432,0.6746890748607772,weekly_signal_close,top1_by_RS20_within_layer4_80_primary_pool,False,,,False,False,missing_selected_stock_price_registry_row,adjusted_close_exact > tradable_close_proxy > blocked,selected_ticker_adjusted_close_path_only,False,True,False,False,False,False,False,False,True,False
2026-05-08,dynamic80_top1_rs20_proxy,6173,信昌電,TPEx,1.0,0.7171540205116871,0.3744964552326399,1.0,66,66,False,False,True,True,False,0.522923304637838,0.7171540205116871,0.743300185743579,weekly_signal_close,top1_by_RS20_within_layer4_80_primary_pool,False,,,False,False,missing_selected_stock_price_registry_row,adjusted_close_exact > tradable_close_proxy > blocked,selected_ticker_adjusted_close_path_only,False,True,False,False,False,False,False,False,True,False
2026-05-15,dynamic80_top1_rs20_proxy,6173,信昌電,TPEx,1.0,0.7250844663785683,1.1275316243768574,1.0,79,79,False,False,True,True,False,0.514826593319386,0.7250844663785683,0.7508257960445376,weekly_signal_close,top1_by_RS20_within_layer4_80_primary_pool,False,,,False,False,missing_selected_stock_price_registry_row,adjusted_close_exact > tradable_close_proxy > blocked,selected_ticker_adjusted_close_path_only,False,True,False,False,False,False,False,False,True,False
2026-05-22,dynamic80_top1_rs20_proxy,6182,合晶,TPEx,1.0,0.5906351659550506,0.7689809987237248,1.0,18,18,False,True,True,True,False,0.5829752312839536,0.6106351659550506,0.6197839275192483,weekly_signal_close,top1_by_RS20_within_layer4_80_primary_pool,False,,,False,False,missing_selected_stock_price_registry_row,adjusted_close_exact > tradable_close_proxy > blocked,selected_ticker_adjusted_close_path_only,False,True,False,False,False,False,False,False,True,False
2026-05-29,dynamic80_top1_rs20_proxy,4973,廣穎,TPEx,1.0,0.7607501942277446,2.3695826472168555,1.0,74,74,False,False,True,True,False,0.4779926305235246,0.7607501942277446,0.7846498257539208,weekly_signal_close,top1_by_RS20_within_layer4_80_primary_pool,False,,,False,False,missing_selected_stock_price_registry_row,adjusted_close_exact > tradable_close_proxy > blocked,selected_ticker_adjusted_close_path_only,False,True,False,False,False,False,False,False,True,False
2026-06-05,dynamic80_top1_rs20_proxy,8454,富邦媒,TWSE,1.0,0.7273090522263692,0.5981725866646328,1.0,50,50,False,False,True,False,False,0.5593125380876527,0.7273090522263692,0.7552746791307519,weekly_signal_close,top1_by_RS20_within_layer4_80_primary_pool,False,,,False,False,missing_selected_stock_price_registry_row,adjusted_close_exact > tradable_close_proxy > blocked,selected_ticker_adjusted_close_path_only,False,True,False,False,False,False,False,False,True,False
2026-06-12,dynamic80_top1_rs20_proxy,3090,日電貿,TWSE,1.0,0.7341586695677889,1.2299283115627675,1.0,73,73,False,False,True,True,False,0.529507648429021,0.7341586695677889,0.76063405198924,weekly_signal_close,top1_by_RS20_within_layer4_80_primary_pool,False,,,False,False,missing_selected_stock_price_registry_row,adjusted_close_exact > tradable_close_proxy > blocked,selected_ticker_adjusted_close_path_only,False,True,False,False,False,False,False,False,True,False
2026-06-18,dynamic80_top1_rs20_proxy,2344,華邦電,TWSE,1.0,0.797209131351962,0.5874402533159233,1.0,51,51,False,False,True,True,False,0.5403292950659585,0.797209131351962,0.8242255961052599,weekly_signal_close,top1_by_RS20_within_layer4_80_primary_pool,False,,,False,False,missing_selected_stock_price_registry_row,adjusted_close_exact > tradable_close_proxy > blocked,selected_ticker_adjusted_close_path_only,False,True,False,False,False,False,False,False,True,False
2026-06-26,dynamic80_top1_rs20_proxy,8454,富邦媒,TWSE,1.0,0.5241293684167057,0.3982599271089817,1.0,55,55,False,False,True,True,False,0.5632594211871792,0.5241293684167057,0.5522923394760646,weekly_signal_close,top1_by_RS20_within_layer4_80_primary_pool,False,,,False,False,missing_selected_stock_price_registry_row,adjusted_close_exact > tradable_close_proxy > blocked,selected_ticker_adjusted_close_path_only,False,True,False,False,False,False,False,False,True,False
2026-06-29,dynamic80_top1_rs20_proxy,2887,台新新光金,TWSE,1.0,0.4208663929348837,-0.02026387550661,1.0,8,8,False,True,True,True,False,0.693274619348503,0.4408663929348837,0.4555301239023088,weekly_signal_close,top1_by_RS20_within_layer4_80_primary_pool,False,,,False,False,missing_selected_stock_price_registry_row,adjusted_close_exact > tradable_close_proxy > blocked,selected_ticker_adjusted_close_path_only,False,True,False,False,False,False,False,False,True,False
2015-01-09,dynamic80_top3_rs20_risk_tiebreak_proxy,1216,統一,TWSE,,,,,30,30,False,True,True,True,True,0.3846936028717948,0.02,-0.0107653198564102,weekly_signal_close,top3_by_RS20_then_layer4_risk_aware_score,False,,,False,False,missing_selected_stock_price_registry_row,adjusted_close_exact > tradable_close_proxy > blocked,selected_ticker_adjusted_close_path_only,False,True,False,False,False,False,False,False,True,False
2015-01-16,dynamic80_top3_rs20_risk_tiebreak_proxy,1301,台塑,TWSE,,,,,38,38,False,False,True,True,True,0.4270014301276595,0.0,-0.008649928493617,weekly_signal_close,top3_by_RS20_then_layer4_risk_aware_score,False,,,False,False,missing_selected_stock_price_registry_row,adjusted_close_exact > tradable_close_proxy > blocked,selected_ticker_adjusted_close_path_only,False,True,False,False,False,False,False,False,True,False
2015-01-23,dynamic80_top3_rs20_risk_tiebreak_proxy,1314,中石化,TWSE,,,,,11,11,False,True,True,True,True,0.4527081036028368,0.02,-0.0073645948198581,weekly_signal_close,top3_by_RS20_then_layer4_risk_aware_score,False,,,False,False,missing_selected_stock_price_registry_row,adjusted_close_exact > tradable_close_proxy > blocked,selected_ticker_adjusted_close_path_only,False,True,False,False,False,False,False,False,True,False
2015-01-30,dynamic80_top3_rs20_risk_tiebreak_proxy,1101,台泥,TWSE,,,,,30,30,False,True,True,True,True,0.4344871887163923,0.02,-0.0082756405641803,weekly_signal_close,top3_by_RS20_then_layer4_risk_aware_score,False,,,False,False,missing_selected_stock_price_registry_row,adjusted_close_exact > tradable_close_proxy > blocked,selected_ticker_adjusted_close_path_only,False,True,False,False,False,False,False,False,True,False
2015-02-06,dynamic80_top3_rs20_risk_tiebreak_proxy,5474,聰泰,TPEx,1.0,0.2842861405395422,,1.0,76,76,False,False,True,True,False,0.6274688103711632,0.2842861405395422,0.3156595810581004,weekly_signal_close,top3_by_RS20_then_layer4_risk_aware_score,False,,,False,False,missing_selected_stock_price_registry_row,adjusted_close_exact > tradable_close_proxy > blocked,selected_ticker_adjusted_close_path_only,False,True,False,False,False,False,False,False,True,False
2015-02-13,dynamic80_top3_rs20_risk_tiebreak_proxy,9938,百和,TWSE,1.0,0.216290352136216,,1.0,71,71,False,False,True,True,False,0.6285978759114448,0.216290352136216,0.2477202459317882,weekly_signal_close,top3_by_RS20_then_layer4_risk_aware_score,False,,,False,False,missing_selected_stock_price_registry_row,adjusted_close_exact > tradable_close_proxy > blocked,selected_ticker_adjusted_close_path_only,False,True,False,False,False,False,False,False,True,False
2015-02-26,dynamic80_top3_rs20_risk_tiebreak_proxy,9938,百和,TWSE,1.0,0.3121026551376851,,1.0,76,76,False,False,True,True,False,0.6335600417340088,0.3121026551376851,0.3437806572243855,weekly_signal_close,top3_by_RS20_then_layer4_risk_aware_score,False,,,False,False,missing_selected_stock_price_registry_row,adjusted_close_exact > tradable_close_proxy > blocked,selected_ticker_adjusted_close_path_only,False,True,False,False,False,False,False,False,True,False
2015-03-06,dynamic80_top3_rs20_risk_tiebreak_proxy,9938,百和,TWSE,1.0,0.3286853365133673,,1.0,70,70,False,False,True,True,False,0.6389479486109879,0.3286853365133673,0.3606327339439167,weekly_signal_close,top3_by_RS20_then_layer4_risk_aware_score,False,,,False,False,missing_selected_stock_price_registry_row,adjusted_close_exact > tradable_close_proxy > blocked,selected_ticker_adjusted_close_path_only,False,True,False,False,False,False,False,False,True,False
2015-03-13,dynamic80_top3_rs20_risk_tiebreak_proxy,1589,永冠-KY,TWSE,1.0,0.2969895381185843,,1.0,61,61,False,False,True,True,False,0.6376165733158319,0.2969895381185843,0.3288703667843759,weekly_signal_close,top3_by_RS20_then_layer4_risk_aware_score,False,,,False,False,missing_selected_stock_price_registry_row,adjusted_close_exact > tradable_close_proxy > blocked,selected_ticker_adjusted_close_path_only,False,True,False,False,False,False,False,False,True,False
2015-03-20,dynamic80_top3_rs20_risk_tiebreak_proxy,4733,上緯,TWSE,1.0,0.4857330290549246,,1.0,73,73,False,False,True,True,False,0.628893535482546,0.4857330290549246,0.5171777058290519,weekly_signal_close,top3_by_RS20_then_layer4_risk_aware_score,False,,,False,False,missing_selected_stock_price_registry_row,adjusted_close_exact > tradable_close_proxy > blocked,selected_ticker_adjusted_close_path_only,False,True,False,False,False,False,False,False,True,False
2015-03-27,dynamic80_top3_rs20_risk_tiebreak_proxy,4733,上緯,TWSE,1.0,0.4196021850702121,,1.0,69,69,False,False,True,True,False,0.6388508611523461,0.4196021850702121,0.4515447281278293,weekly_signal_close,top3_by_RS20_then_layer4_risk_aware_score,False,,,False,False,missing_selected_stock_price_registry_row,adjusted_close_exact > tradable_close_proxy > blocked,selected_ticker_adjusted_close_path_only,False,True,False,False,False,False,False,False,True,False
2015-04-02,dynamic80_top3_rs20_risk_tiebreak_proxy,1452,宏益,TWSE,1.0,0.3923722908314008,,1.0,38,38,False,False,True,True,False,0.6666131937753005,0.3923722908314008,0.4257029505201658,weekly_signal_close,top3_by_RS20_then_layer4_risk_aware_score,False,,,False,False,missing_selected_stock_price_registry_row,adjusted_close_exact > tradable_close_proxy > blocked,selected_ticker_adjusted_close_path_only,False,True,False,False,False,False,False,False,True,False
2015-04-10,dynamic80_top3_rs20_risk_tiebreak_proxy,3455,由田,TPEx,1.0,0.4837221593320531,0.5142651243103862,1.0,79,79,False,False,True,True,False,0.6069227739638147,0.4837221593320531,0.5140682980302438,weekly_signal_close,top3_by_RS20_then_layer4_risk_aware_score,False,,,False,False,missing_selected_stock_price_registry_row,adjusted_close_exact > tradable_close_proxy > blocked,selected_ticker_adjusted_close_path_only,False,True,False,False,False,False,False,False,True,False
2015-04-17,dynamic80_top3_rs20_risk_tiebreak_proxy,4153,鈺緯,TPEx,1.0,0.2339343883135315,0.4065406421359554,1.0,66,66,False,False,True,True,False,0.6373811844179628,0.2339343883135315,0.2658034475344296,weekly_signal_close,top3_by_RS20_then_layer4_risk_aware_score,False,,,False,False,missing_selected_stock_price_registry_row,adjusted_close_exact > tradable_close_proxy > blocked,selected_ticker_adjusted_close_path_only,False,True,False,False,False,False,False,False,True,False
2015-04-24,dynamic80_top3_rs20_risk_tiebreak_proxy,8341,日友,TWSE,1.0,0.4671914622122437,,1.0,41,41,False,False,True,True,False,0.6438590220364038,0.4671914622122437,0.4993844133140639,weekly_signal_close,top3_by_RS20_then_layer4_risk_aware_score,False,,,False,False,missing_selected_stock_price_registry_row,adjusted_close_exact > tradable_close_proxy > blocked,selected_ticker_adjusted_close_path_only,False,True,False,False,False,False,False,False,True,False
2015-04-30,dynamic80_top3_rs20_risk_tiebreak_proxy,1464,得力,TWSE,1.0,0.3955454854922073,0.6578124725616907,1.0,80,80,False,False,True,True,False,0.6247347956154388,0.3955454854922073,0.4267822252729792,weekly_signal_close,top3_by_RS20_then_layer4_risk_aware_score,False,,,False,False,missing_selected_stock_price_registry_row,adjusted_close_exact > tradable_close_proxy > blocked,selected_ticker_adjusted_close_path_only,False,True,False,False,False,False,False,False,True,False
2015-05-08,dynamic80_top3_rs20_risk_tiebreak_proxy,3008,大立光,TWSE,1.0,0.1482789190814333,0.1450535034547706,1.0,34,34,False,False,True,True,False,0.6993349067377522,0.1482789190814333,0.1832456644183209,weekly_signal_close,top3_by_RS20_then_layer4_risk_aware_score,False,,,False,False,missing_selected_stock_price_registry_row,adjusted_close_exact > tradable_close_proxy > blocked,selected_ticker_adjusted_close_path_only,False,True,False,False,False,False,False,False,True,False
2015-05-15,dynamic80_top3_rs20_risk_tiebreak_proxy,6147,頎邦,TPEx,1.0,0.1497941068985955,0.1100231653902119,1.0,40,40,False,False,True,True,False,0.6849058425983826,0.1497941068985955,0.1840393990285146,weekly_signal_close,top3_by_RS20_then_layer4_risk_aware_score,False,,,False,False,missing_selected_stock_price_registry_row,adjusted_close_exact > tradable_close_proxy > blocked,selected_ticker_adjusted_close_path_only,False,True,False,False,False,False,False,False,True,False
2015-05-22,dynamic80_top3_rs20_risk_tiebreak_proxy,3552,同致,TPEx,1.0,0.2573425457051304,0.4030540083157443,1.0,74,74,False,False,True,True,False,0.6227062158320278,0.2573425457051304,0.2884778564967317,weekly_signal_close,top3_by_RS20_then_layer4_risk_aware_score,False,,,False,False,missing_selected_stock_price_registry_row,adjusted_close_exact > tradable_close_proxy > blocked,selected_ticker_adjusted_close_path_only,False,True,False,False,False,False,False,False,True,False
2015-05-29,dynamic80_top3_rs20_risk_tiebreak_proxy,3556,禾瑞亞,TPEx,1.0,0.2530948711268721,0.3365101781350725,1.0,46,46,False,False,True,True,False,0.6339784073876802,0.2530948711268721,0.2847937914962561,weekly_signal_close,top3_by_RS20_then_layer4_risk_aware_score,False,,,False,False,missing_selected_stock_price_registry_row,adjusted_close_exact > tradable_close_proxy > blocked,selected_ticker_adjusted_close_path_only,False,True,False,False,False,False,False,False,True,False
2015-06-05,dynamic80_top3_rs20_risk_tiebreak_proxy,1457,宜進,TWSE,1.0,0.2659202244151356,0.3424789311102377,1.0,64,64,False,False,True,True,False,0.6086489762626317,0.2659202244151356,0.2963526732282671,weekly_signal_close,top3_by_RS20_then_layer4_risk_aware_score,False,,,False,False,missing_selected_stock_price_registry_row,adjusted_close_exact > tradable_close_proxy > blocked,selected_ticker_adjusted_close_path_only,False,True,False,False,False,False,False,False,True,False
2015-06-12,dynamic80_top3_rs20_risk_tiebreak_proxy,6414,樺漢,TWSE,1.0,0.2497816509966501,0.2912930500587187,1.0,17,17,False,True,True,True,False,0.7111634138882917,0.2697816509966501,0.2853398216910647,weekly_signal_close,top3_by_RS20_then_layer4_risk_aware_score,False,,,False,False,missing_selected_stock_price_registry_row,adjusted_close_exact > tradable_close_proxy > blocked,selected_ticker_adjusted_close_path_only,False,True,False,False,False,False,False,False,True,False
2015-06-18,dynamic80_top3_rs20_risk_tiebreak_proxy,3529,力旺,TPEx,1.0,0.3091145032045271,0.4288038284850882,1.0,12,12,False,True,True,True,False,0.7072111872357784,0.3291145032045271,0.344475062566316,weekly_signal_close,top3_by_RS20_then_layer4_risk_aware_score,False,,,False,False,missing_selected_stock_price_registry_row,adjusted_close_exact > tradable_close_proxy > blocked,selected_ticker_adjusted_close_path_only,False,True,False,False,False,False,False,False,True,False
2015-06-26,dynamic80_top3_rs20_risk_tiebreak_proxy,9802,鈺齊-KY,TWSE,1.0,0.1877896504001577,0.0635506746029999,1.0,52,52,False,False,True,True,False,0.6261641602300977,0.1877896504001577,0.2190978584116625,weekly_signal_close,top3_by_RS20_then_layer4_risk_aware_score,False,,,False,False,missing_selected_stock_price_registry_row,adjusted_close_exact > tradable_close_proxy > blocked,selected_ticker_adjusted_close_path_only,False,True,False,False,False,False,False,False,True,False
2015-07-03,dynamic80_top3_rs20_risk_tiebreak_proxy,2455,全新,TWSE,1.0,0.306416859676935,0.3432310400809761,1.0,63,63,False,False,True,True,False,0.6125883216937744,0.306416859676935,0.3370462757616237,weekly_signal_close,top3_by_RS20_then_layer4_risk_aware_score,False,,,False,False,missing_selected_stock_price_registry_row,adjusted_close_exact > tradable_close_proxy > blocked,selected_ticker_adjusted_close_path_only,False,True,False,False,False,False,False,False,True,False
2015-07-09,dynamic80_top3_rs20_risk_tiebreak_proxy,6217,中探針,TPEx,1.0,0.2600212193411133,0.0728464430646238,1.0,67,67,False,False,True,True,False,0.6016849435485092,0.2600212193411133,0.2901054665185387,weekly_signal_close,top3_by_RS20_then_layer4_risk_aware_score,False,,,False,False,missing_selected_stock_price_registry_row,adjusted_close_exact > tradable_close_proxy > blocked,selected_ticker_adjusted_close_path_only,False,True,False,False,False,False,False,False,True,False
2015-07-17,dynamic80_top3_rs20_risk_tiebreak_proxy,8096,擎亞,TPEx,1.0,0.3895633306274597,-0.0678772327720957,1.0,67,67,False,False,True,True,False,0.600973947045907,0.3895633306274597,0.419612027979755,weekly_signal_close,top3_by_RS20_then_layer4_risk_aware_score,False,,,False,False,missing_selected_stock_price_registry_row,adjusted_close_exact > tradable_close_proxy > blocked,selected_ticker_adjusted_close_path_only,False,True,False,False,False,False,False,False,True,False
2015-07-24,dynamic80_top3_rs20_risk_tiebreak_proxy,6217,中探針,TPEx,1.0,0.0949825440481971,0.0622534120063339,1.0,15,15,False,True,True,True,False,0.72166706007055,0.1149825440481971,0.1310658970517246,weekly_signal_close,top3_by_RS20_then_layer4_risk_aware_score,False,,,False,False,missing_selected_stock_price_registry_row,adjusted_close_exact > tradable_close_proxy > blocked,selected_ticker_adjusted_close_path_only,False,True,False,False,False,False,False,False,True,False
2015-07-31,dynamic80_top3_rs20_risk_tiebreak_proxy,1707,葡萄王,TWSE,1.0,0.1297659186717495,0.245393948889063,1.0,67,67,False,False,True,True,False,0.5799188807511996,0.1297659186717495,0.1587618627093094,weekly_signal_close,top3_by_RS20_then_layer4_risk_aware_score,False,,,False,False,missing_selected_stock_price_registry_row,adjusted_close_exact > tradable_close_proxy > blocked,selected_ticker_adjusted_close_path_only,False,True,False,False,False,False,False,False,True,False
2015-08-07,dynamic80_top3_rs20_risk_tiebreak_proxy,2383,台光電,TWSE,1.0,0.2067773294660638,0.3701983198796651,1.0,55,55,False,False,True,True,False,0.6023994943950431,0.2067773294660638,0.2368973041858159,weekly_signal_close,top3_by_RS20_then_layer4_risk_aware_score,False,,,False,False,missing_selected_stock_price_registry_row,adjusted_close_exact > tradable_close_proxy > blocked,selected_ticker_adjusted_close_path_only,False,True,False,False,False,False,False,False,True,False
2015-08-14,dynamic80_top3_rs20_risk_tiebreak_proxy,2327,國巨*,TWSE,1.0,0.1664298291216331,-0.0576108292832057,1.0,66,66,False,False,True,True,False,0.5611918482178335,0.1664298291216331,0.1944894215325247,weekly_signal_close,top3_by_RS20_then_layer4_risk_aware_score,False,,,False,False,missing_selected_stock_price_registry_row,adjusted_close_exact > tradable_close_proxy > blocked,selected_ticker_adjusted_close_path_only,False,True,False,False,False,False,False,False,True,False
2015-08-21,dynamic80_top3_rs20_risk_tiebreak_proxy,9951,皇田,TPEx,1.0,0.2913706584412193,0.4317213708801344,1.0,80,80,False,False,True,True,False,0.5391857936818936,0.2913706584412193,0.3183299481253139,weekly_signal_close,top3_by_RS20_then_layer4_risk_aware_score,False,,,False,False,missing_selected_stock_price_registry_row,adjusted_close_exact > tradable_close_proxy > blocked,selected_ticker_adjusted_close_path_only,False,True,False,False,False,False,False,False,True,False
2015-08-28,dynamic80_top3_rs20_risk_tiebreak_proxy,4528,江興鍛,TPEx,1.0,0.1392639073514104,-0.1442480853604498,1.0,74,74,False,False,True,True,False,0.5321829633236085,0.1392639073514104,0.1658730555175908,weekly_signal_close,top3_by_RS20_then_layer4_risk_aware_score,False,,,False,False,missing_selected_stock_price_registry_row,adjusted_close_exact > tradable_close_proxy > blocked,selected_ticker_adjusted_close_path_only,False,True,False,False,False,False,False,False,True,False
2015-09-04,dynamic80_top3_rs20_risk_tiebreak_proxy,9951,皇田,TPEx,1.0,0.2904604971435524,0.3425388713821066,1.0,64,64,False,False,True,True,False,0.5630550129085946,0.2904604971435524,0.3186132477889821,weekly_signal_close,top3_by_RS20_then_layer4_risk_aware_score,False,,,False,False,missing_selected_stock_price_registry_row,adjusted_close_exact > tradable_close_proxy > blocked,selected_ticker_adjusted_close_path_only,False,True,False,False,False,False,False,False,True,False
2015-09-11,dynamic80_top3_rs20_risk_tiebreak_proxy,6176,瑞儀,TWSE,1.0,0.2016597936367199,0.0150336032018668,1.0,40,40,False,False,True,True,False,0.5820361131308354,0.2016597936367199,0.2307615992932616,weekly_signal_close,top3_by_RS20_then_layer4_risk_aware_score,False,,,False,False,missing_selected_stock_price_registry_row,adjusted_close_exact > tradable_close_proxy > blocked,selected_ticker_adjusted_close_path_only,False,True,False,False,False,False,False,False,True,False
2015-09-18,dynamic80_top3_rs20_risk_tiebreak_proxy,4162,智擎,TPEx,1.0,0.3322186683008827,0.0179179952335577,1.0,61,61,False,False,True,True,False,0.5569596698472263,0.3322186683008827,0.360066651793244,weekly_signal_close,top3_by_RS20_then_layer4_risk_aware_score,False,,,False,False,missing_selected_stock_price_registry_row,adjusted_close_exact > tradable_close_proxy > blocked,selected_ticker_adjusted_close_path_only,False,True,False,False,False,False,False,False,True,False
2015-09-25,dynamic80_top3_rs20_risk_tiebreak_proxy,4162,智擎,TPEx,1.0,0.4050559069078443,0.0220246570383294,1.0,65,65,False,False,True,True,False,0.5616590056265393,0.4050559069078443,0.4331388571891713,weekly_signal_close,top3_by_RS20_then_layer4_risk_aware_score,False,,,False,False,missing_selected_stock_price_registry_row,adjusted_close_exact > tradable_close_proxy > blocked,selected_ticker_adjusted_close_path_only,False,True,False,False,False,False,False,False,True,False
2015-10-02,dynamic80_top3_rs20_risk_tiebreak_proxy,1464,得力,TWSE,1.0,0.3807074606922913,0.2573770915133526,1.0,58,58,False,False,True,True,False,0.560568822258055,0.3807074606922913,0.408735901805194,weekly_signal_close,top3_by_RS20_then_layer4_risk_aware_score,False,,,False,False,missing_selected_stock_price_registry_row,adjusted_close_exact > tradable_close_proxy > blocked,selected_ticker_adjusted_close_path_only,False,True,False,False,False,False,False,False,True,False
2015-10-08,dynamic80_top3_rs20_risk_tiebreak_proxy,6143,振曜,TPEx,1.0,0.3564414802216904,0.2682307448361871,1.0,72,72,False,False,True,True,False,0.6173938981992134,0.3564414802216904,0.3873111751316511,weekly_signal_close,top3_by_RS20_then_layer4_risk_aware_score,False,,,False,False,missing_selected_stock_price_registry_row,adjusted_close_exact > tradable_close_proxy > blocked,selected_ticker_adjusted_close_path_only,False,True,False,False,False,False,False,False,True,False
2015-10-16,dynamic80_top3_rs20_risk_tiebreak_proxy,8433,弘帆,TPEx,1.0,0.411140835283921,0.5620987596844308,1.0,60,60,False,False,True,True,False,0.6194199075186287,0.411140835283921,0.4421118306598524,weekly_signal_close,top3_by_RS20_then_layer4_risk_aware_score,False,,,False,False,missing_selected_stock_price_registry_row,adjusted_close_exact > tradable_close_proxy > blocked,selected_ticker_adjusted_close_path_only,False,True,False,False,False,False,False,False,True,False
2015-10-23,dynamic80_top3_rs20_risk_tiebreak_proxy,1527,鑽全,TWSE,1.0,0.189898761096994,0.5641632228479401,1.0,24,24,False,True,True,True,False,0.698022739702628,0.2098987610969939,0.2247998980821254,weekly_signal_close,top3_by_RS20_then_layer4_risk_aware_score,False,,,False,False,missing_selected_stock_price_registry_row,adjusted_close_exact > tradable_close_proxy > blocked,selected_ticker_adjusted_close_path_only,False,True,False,False,False,False,False,False,True,False
2015-10-30,dynamic80_top3_rs20_risk_tiebreak_proxy,4129,聯合,TPEx,1.0,0.2343333965682059,0.5634993920562257,1.0,49,49,False,False,True,True,False,0.6499425325880696,0.2343333965682059,0.2668305231976093,weekly_signal_close,top3_by_RS20_then_layer4_risk_aware_score,False,,,False,False,missing_selected_stock_price_registry_row,adjusted_close_exact > tradable_close_proxy > blocked,selected_ticker_adjusted_close_path_only,False,True,False,False,False,False,False,False,True,False
2015-11-06,dynamic80_top3_rs20_risk_tiebreak_proxy,2439,美律,TWSE,1.0,0.411254619287835,0.6491337660117944,1.0,61,61,False,False,True,True,False,0.6123962436872494,0.411254619287835,0.4418744314721975,weekly_signal_close,top3_by_RS20_then_layer4_risk_aware_score,False,,,False,False,missing_selected_stock_price_registry_row,adjusted_close_exact > tradable_close_proxy > blocked,selected_ticker_adjusted_close_path_only,False,True,False,False,False,False,False,False,True,False
2015-11-13,dynamic80_top3_rs20_risk_tiebreak_proxy,4129,聯合,TPEx,1.0,0.3715871948528172,0.4925106253239335,1.0,24,24,False,True,True,True,False,0.7058462520892562,0.3915871948528172,0.40687950745728,weekly_signal_close,top3_by_RS20_then_layer4_risk_aware_score,False,,,False,False,missing_selected_stock_price_registry_row,adjusted_close_exact > tradable_close_proxy > blocked,selected_ticker_adjusted_close_path_only,False,True,False,False,False,False,False,False,True,False
2015-11-20,dynamic80_top3_rs20_risk_tiebreak_proxy,3479,安勤,TPEx,1.0,0.4432982004772287,0.9294082970450508,1.0,50,50,False,False,True,True,False,0.613848762265018,0.4432982004772287,0.4739906385904796,weekly_signal_close,top3_by_RS20_then_layer4_risk_aware_score,False,,,False,False,missing_selected_stock_price_registry_row,adjusted_close_exact > tradable_close_proxy > blocked,selected_ticker_adjusted_close_path_only,False,True,False,False,False,False,False,False,True,False
2015-11-27,dynamic80_top3_rs20_risk_tiebreak_proxy,4190,佐登-KY,TWSE,1.0,0.303825050187427,,1.0,27,27,False,True,True,True,False,0.662555758634591,0.323825050187427,0.3369528381191565,weekly_signal_close,top3_by_RS20_then_layer4_risk_aware_score,False,,,False,False,missing_selected_stock_price_registry_row,adjusted_close_exact > tradable_close_proxy > blocked,selected_ticker_adjusted_close_path_only,False,True,False,False,False,False,False,False,True,False
2015-12-04,dynamic80_top3_rs20_risk_tiebreak_proxy,3693,營邦,TPEx,1.0,0.3347385495228469,0.4358559475273759,1.0,37,37,False,False,True,True,False,0.6434527575010452,0.3347385495228469,0.3669111873978991,weekly_signal_close,top3_by_RS20_then_layer4_risk_aware_score,False,,,False,False,missing_selected_stock_price_registry_row,adjusted_close_exact > tradable_close_proxy > blocked,selected_ticker_adjusted_close_path_only,False,True,False,False,False,False,False,False,True,False
2015-12-11,dynamic80_top3_rs20_risk_tiebreak_proxy,3231,緯創,TWSE,1.0,0.2727087404775006,0.0981321511742647,1.0,49,49,True,False,True,True,False,0.6344464499936899,0.2727087404775006,0.3044310629771851,weekly_signal_close,top3_by_RS20_then_layer4_risk_aware_score,False,,,False,False,missing_selected_stock_price_registry_row,adjusted_close_exact > tradable_close_proxy > blocked,selected_ticker_adjusted_close_path_only,False,True,False,False,False,False,False,False,True,False
2015-12-18,dynamic80_top3_rs20_risk_tiebreak_proxy,3324,雙鴻,TPEx,1.0,0.4864179622679633,0.9623374853391018,1.0,66,66,False,False,True,True,False,0.5762745159802386,0.4864179622679633,0.5152316880669753,weekly_signal_close,top3_by_RS20_then_layer4_risk_aware_score,False,,,False,False,missing_selected_stock_price_registry_row,adjusted_close_exact > tradable_close_proxy > blocked,selected_ticker_adjusted_close_path_only,False,True,False,False,False,False,False,False,True,False
2015-12-25,dynamic80_top3_rs20_risk_tiebreak_proxy,2408,南亞科,TWSE,1.0,0.301568181106153,0.3667230553727073,1.0,70,70,False,False,True,True,False,0.5654546829201631,0.301568181106153,0.3298409152521612,weekly_signal_close,top3_by_RS20_then_layer4_risk_aware_score,False,,,False,False,missing_selected_stock_price_registry_row,adjusted_close_exact > tradable_close_proxy > blocked,selected_ticker_adjusted_close_path_only,False,True,False,False,False,False,False,False,True,False
2015-12-31,dynamic80_top3_rs20_risk_tiebreak_proxy,6111,大宇資,TPEx,1.0,0.2834255193965067,0.5044909218570449,1.0,79,79,False,False,True,True,False,0.5847316304230081,0.2834255193965067,0.312662100917657,weekly_signal_close,top3_by_RS20_then_layer4_risk_aware_score,False,,,False,False,missing_selected_stock_price_registry_row,adjusted_close_exact > tradable_close_proxy > blocked,selected_ticker_adjusted_close_path_only,False,True,False,False,False,False,False,False,True,False
2016-01-08,dynamic80_top3_rs20_risk_tiebreak_proxy,1737,臺鹽,TWSE,1.0,0.4157009384851945,0.5981169640719924,1.0,65,65,False,False,True,True,False,0.62759877524175,0.4157009384851945,0.447080877247282,weekly_signal_close,top3_by_RS20_then_layer4_risk_aware_score,False,,,False,False,missing_selected_stock_price_registry_row,adjusted_close_exact > tradable_close_proxy > blocked,selected_ticker_adjusted_close_path_only,False,True,False,False,False,False,False,False,True,False
2016-01-15,dynamic80_top3_rs20_risk_tiebreak_proxy,1589,永冠-KY,TWSE,1.0,0.2502303251738828,0.0525876285602495,1.0,57,57,False,False,True,True,False,0.6420237242575011,0.2502303251738828,0.2823315113867578,weekly_signal_close,top3_by_RS20_then_layer4_risk_aware_score,False,,,False,False,missing_selected_stock_price_registry_row,adjusted_close_exact > tradable_close_proxy > blocked,selected_ticker_adjusted_close_path_only,False,True,False,False,False,False,False,False,True,False
2016-01-22,dynamic80_top3_rs20_risk_tiebreak_proxy,3596,智易,TWSE,1.0,0.3425392638181525,0.3035816082614887,1.0,77,77,False,False,True,True,False,0.5864952241261306,0.3425392638181525,0.371864025024459,weekly_signal_close,top3_by_RS20_then_layer4_risk_aware_score,False,,,False,False,missing_selected_stock_price_registry_row,adjusted_close_exact > tradable_close_proxy > blocked,selected_ticker_adjusted_close_path_only,False,True,False,False,False,False,False,False,True,False
2016-01-29,dynamic80_top3_rs20_risk_tiebreak_proxy,3047,訊舟,TWSE,1.0,0.2008996673701465,0.2591495486470663,1.0,80,80,False,False,True,True,False,0.5505781885292801,0.2008996673701465,0.2284285767966105,weekly_signal_close,top3_by_RS20_then_layer4_risk_aware_score,False,,,False,False,missing_selected_stock_price_registry_row,adjusted_close_exact > tradable_close_proxy > blocked,selected_ticker_adjusted_close_path_only,False,True,False,False,False,False,False,False,True,False
2016-02-03,dynamic80_top3_rs20_risk_tiebreak_proxy,3484,崧騰,TPEx,1.0,0.2955106124485953,0.1813474117050918,1.0,76,76,False,False,True,True,False,0.5769966011247268,0.2955106124485953,0.3243604425048316,weekly_signal_close,top3_by_RS20_then_layer4_risk_aware_score,False,,,False,False,missing_selected_stock_price_registry_row,adjusted_close_exact > tradable_close_proxy > blocked,selected_ticker_adjusted_close_path_only,False,True,False,False,False,False,False,False,True,False
2016-02-19,dynamic80_top3_rs20_risk_tiebreak_proxy,2419,仲琦,TWSE,1.0,0.3814607691439009,0.6503923087927332,1.0,32,32,False,True,True,True,False,0.6390962036432722,0.4014607691439009,0.4134155793260645,weekly_signal_close,top3_by_RS20_then_layer4_risk_aware_score,False,,,False,False,missing_selected_stock_price_registry_row,adjusted_close_exact > tradable_close_proxy > blocked,selected_ticker_adjusted_close_path_only,False,True,False,False,False,False,False,False,True,False
2016-02-26,dynamic80_top3_rs20_risk_tiebreak_proxy,6227,茂綸,TPEx,1.0,0.6847090072215607,0.7504298927947592,1.0,64,64,False,False,True,False,False,0.5539242726598632,0.6847090072215607,0.7124052208545538,weekly_signal_close,top3_by_RS20_then_layer4_risk_aware_score,False,,,False,False,missing_selected_stock_price_registry_row,adjusted_close_exact > tradable_close_proxy > blocked,selected_ticker_adjusted_close_path_only,False,True,False,False,False,False,False,False,True,False
2016-03-04,dynamic80_top3_rs20_risk_tiebreak_proxy,3413,京鼎,TWSE,1.0,0.3294466961210462,0.3800804548166281,1.0,69,69,False,False,True,True,False,0.5643667636644624,0.3294466961210462,0.3576650343042693,weekly_signal_close,top3_by_RS20_then_layer4_risk_aware_score,False,,,False,False,missing_selected_stock_price_registry_row,adjusted_close_exact > tradable_close_proxy > blocked,selected_ticker_adjusted_close_path_only,False,True,False,False,False,False,False,False,True,False
2016-03-11,dynamic80_top3_rs20_risk_tiebreak_proxy,6173,信昌電,TPEx,1.0,0.5624258655690875,0.5053675349976536,1.0,76,76,False,False,True,False,False,0.494633539913998,0.5624258655690875,0.5871575425647874,weekly_signal_close,top3_by_RS20_then_layer4_risk_aware_score,False,,,False,False,missing_selected_stock_price_registry_row,adjusted_close_exact > tradable_close_proxy > blocked,selected_ticker_adjusted_close_path_only,False,True,False,False,False,False,False,False,True,False
2016-03-18,dynamic80_top3_rs20_risk_tiebreak_proxy,5315,光聯,TPEx,1.0,0.3587644963034928,0.5733957574978978,1.0,56,56,False,False,True,True,False,0.5939326981015861,0.3587644963034928,0.388461131208572,weekly_signal_close,top3_by_RS20_then_layer4_risk_aware_score,False,,,False,False,missing_selected_stock_price_registry_row,adjusted_close_exact > tradable_close_proxy > blocked,selected_ticker_adjusted_close_path_only,False,True,False,False,False,False,False,False,True,False
2016-03-25,dynamic80_top3_rs20_risk_tiebreak_proxy,1599,宏佳騰,TPEx,1.0,0.335513699716726,0.3671860443198682,1.0,58,58,False,False,True,True,False,0.5873410299209458,0.335513699716726,0.3648807512127733,weekly_signal_close,top3_by_RS20_then_layer4_risk_aware_score,False,,,False,False,missing_selected_stock_price_registry_row,adjusted_close_exact > tradable_close_proxy > blocked,selected_ticker_adjusted_close_path_only,False,True,False,False,False,False,False,False,True,False
2016-04-01,dynamic80_top3_rs20_risk_tiebreak_proxy,2723,美食-KY,TWSE,1.0,0.2800044445526832,0.0877895910046764,1.0,68,68,False,False,True,True,False,0.5826231687062546,0.2800044445526832,0.3091356029879959,weekly_signal_close,top3_by_RS20_then_layer4_risk_aware_score,False,,,False,False,missing_selected_stock_price_registry_row,adjusted_close_exact > tradable_close_proxy > blocked,selected_ticker_adjusted_close_path_only,False,True,False,False,False,False,False,False,True,False
2016-04-08,dynamic80_top3_rs20_risk_tiebreak_proxy,3032,偉訓,TWSE,1.0,0.4766351153541798,0.9693930222542848,1.0,47,47,False,False,True,True,False,0.6225133357484897,0.4766351153541798,0.5077607821416042,weekly_signal_close,top3_by_RS20_then_layer4_risk_aware_score,False,,,False,False,missing_selected_stock_price_registry_row,adjusted_close_exact > tradable_close_proxy > blocked,selected_ticker_adjusted_close_path_only,False,True,False,False,False,False,False,False,True,False
2016-04-15,dynamic80_top3_rs20_risk_tiebreak_proxy,3665,貿聯-KY,TWSE,1.0,0.3159335324786074,0.3183030104627111,1.0,20,20,False,True,True,True,False,0.6941699734364049,0.3359335324786074,0.3506420311504276,weekly_signal_close,top3_by_RS20_then_layer4_risk_aware_score,False,,,False,False,missing_selected_stock_price_registry_row,adjusted_close_exact > tradable_close_proxy > blocked,selected_ticker_adjusted_close_path_only,False,True,False,False,False,False,False,False,True,False
2016-04-22,dynamic80_top3_rs20_risk_tiebreak_proxy,1536,和大,TWSE,1.0,0.2342889662303017,0.3946208449307515,1.0,22,22,False,True,True,True,False,0.6972910069474492,0.2542889662303017,0.2691535165776741,weekly_signal_close,top3_by_RS20_then_layer4_risk_aware_score,False,,,False,False,missing_selected_stock_price_registry_row,adjusted_close_exact > tradable_close_proxy > blocked,selected_ticker_adjusted_close_path_only,False,True,False,False,False,False,False,False,True,False
2016-04-29,dynamic80_top3_rs20_risk_tiebreak_proxy,6274,台燿,TPEx,1.0,0.2075094262157102,0.1268002879506133,1.0,54,54,False,False,True,True,False,0.634477014575953,0.2075094262157102,0.2392332769445078,weekly_signal_close,top3_by_RS20_then_layer4_risk_aware_score,False,,,False,False,missing_selected_stock_price_registry_row,adjusted_close_exact > tradable_close_proxy > blocked,selected_ticker_adjusted_close_path_only,False,True,False,False,False,False,False,False,True,False
2016-05-06,dynamic80_top3_rs20_risk_tiebreak_proxy,6274,台燿,TPEx,2.0,0.1996527431739128,0.2305736804651383,2.0,57,57,False,False,True,True,False,0.6441127946633967,0.1996527431739128,0.2318583829070826,weekly_signal_close,top3_by_RS20_then_layer4_risk_aware_score,False,,,False,False,missing_selected_stock_price_registry_row,adjusted_close_exact > tradable_close_proxy > blocked,selected_ticker_adjusted_close_path_only,False,True,False,False,False,False,False,False,True,False
2016-05-13,dynamic80_top3_rs20_risk_tiebreak_proxy,3658,漢微科,TPEx,1.0,0.2275256605020443,0.1974576216886965,1.0,60,60,False,False,True,True,False,0.6068912313664527,0.2275256605020443,0.257870222070367,weekly_signal_close,top3_by_RS20_then_layer4_risk_aware_score,False,,,False,False,missing_selected_stock_price_registry_row,adjusted_close_exact > tradable_close_proxy > blocked,selected_ticker_adjusted_close_path_only,False,True,False,False,False,False,False,False,True,False
2016-05-20,dynamic80_top3_rs20_risk_tiebreak_proxy,8044,網家,TPEx,1.0,0.1718626870730825,0.1079246278825204,1.0,59,59,False,False,True,True,False,0.605596879130324,0.1718626870730825,0.2021425310295987,weekly_signal_close,top3_by_RS20_then_layer4_risk_aware_score,False,,,False,False,missing_selected_stock_price_registry_row,adjusted_close_exact > tradable_close_proxy > blocked,selected_ticker_adjusted_close_path_only,False,True,False,False,False,False,False,False,True,False
2016-05-27,dynamic80_top3_rs20_risk_tiebreak_proxy,4736,泰博,TPEx,1.0,0.2199021823480111,0.3584093223202638,1.0,25,25,False,True,True,True,False,0.6789457212946791,0.239902182348011,0.253849468412745,weekly_signal_close,top3_by_RS20_then_layer4_risk_aware_score,False,,,False,False,missing_selected_stock_price_registry_row,adjusted_close_exact > tradable_close_proxy > blocked,selected_ticker_adjusted_close_path_only,False,True,False,False,False,False,False,False,True,False
2016-06-03,dynamic80_top3_rs20_risk_tiebreak_proxy,3141,晶宏,TPEx,1.0,0.2808694169124877,0.5494419750631581,1.0,80,80,False,False,True,True,False,0.5658564013343297,0.2808694169124877,0.3091622369792041,weekly_signal_close,top3_by_RS20_then_layer4_risk_aware_score,False,,,False,False,missing_selected_stock_price_registry_row,adjusted_close_exact > tradable_close_proxy > blocked,selected_ticker_adjusted_close_path_only,False,True,False,False,False,False,False,False,True,False
2016-06-08,dynamic80_top3_rs20_risk_tiebreak_proxy,3141,晶宏,TPEx,1.0,0.2491292602886801,0.4952434025183687,1.0,77,77,False,False,True,True,False,0.5861573169164249,0.2491292602886801,0.2784371261345013,weekly_signal_close,top3_by_RS20_then_layer4_risk_aware_score,False,,,False,False,missing_selected_stock_price_registry_row,adjusted_close_exact > tradable_close_proxy > blocked,selected_ticker_adjusted_close_path_only,False,True,False,False,False,False,False,False,True,False
2016-06-17,dynamic80_top3_rs20_risk_tiebreak_proxy,3617,碩天,TWSE,1.0,0.1973658275082828,0.1856560639954172,1.0,64,64,False,False,True,True,False,0.6329638823137254,0.1973658275082828,0.229014021623969,weekly_signal_close,top3_by_RS20_then_layer4_risk_aware_score,False,,,False,False,missing_selected_stock_price_registry_row,adjusted_close_exact > tradable_close_proxy > blocked,selected_ticker_adjusted_close_path_only,False,True,False,False,False,False,False,False,True,False
2016-06-24,dynamic80_top3_rs20_risk_tiebreak_proxy,3548,兆利,TPEx,1.0,0.1503433042093571,0.1767370366486781,1.0,48,48,False,False,True,True,False,0.6575782916317721,0.1503433042093571,0.1832222187909457,weekly_signal_close,top3_by_RS20_then_layer4_risk_aware_score,False,,,False,False,missing_selected_stock_price_registry_row,adjusted_close_exact > tradable_close_proxy > blocked,selected_ticker_adjusted_close_path_only,False,True,False,False,False,False,False,False,True,False
2016-07-01,dynamic80_top3_rs20_risk_tiebreak_proxy,6271,同欣電,TWSE,1.0,0.1879477059237455,0.2456914114457391,1.0,46,46,False,False,True,True,False,0.6611175877019614,0.1879477059237455,0.2210035853088435,weekly_signal_close,top3_by_RS20_then_layer4_risk_aware_score,False,,,False,False,missing_selected_stock_price_registry_row,adjusted_close_exact > tradable_close_proxy > blocked,selected_ticker_adjusted_close_path_only,False,True,False,False,False,False,False,False,True,False
2016-07-07,dynamic80_top3_rs20_risk_tiebreak_proxy,3078,僑威,TPEx,1.0,0.282755610487879,0.2111112718393937,1.0,76,76,False,False,True,True,False,0.59475265039426,0.282755610487879,0.312493243007592,weekly_signal_close,top3_by_RS20_then_layer4_risk_aware_score,False,,,False,False,missing_selected_stock_price_registry_row,adjusted_close_exact > tradable_close_proxy > blocked,selected_ticker_adjusted_close_path_only,False,True,False,False,False,False,False,False,True,False
2016-07-15,dynamic80_top3_rs20_risk_tiebreak_proxy,3541,西柏,TPEx,1.0,0.3992398295564512,0.4950329055767548,1.0,73,73,False,False,True,True,False,0.6038511105067194,0.3992398295564512,0.4294323850817871,weekly_signal_close,top3_by_RS20_then_layer4_risk_aware_score,False,,,False,False,missing_selected_stock_price_registry_row,adjusted_close_exact > tradable_close_proxy > blocked,selected_ticker_adjusted_close_path_only,False,True,False,False,False,False,False,False,True,False
2016-07-22,dynamic80_top3_rs20_risk_tiebreak_proxy,5474,聰泰,TPEx,1.0,0.2419987263513676,0.3093291735174686,1.0,71,71,False,False,True,True,False,0.6186565348959306,0.2419987263513676,0.2729315530961641,weekly_signal_close,top3_by_RS20_then_layer4_risk_aware_score,False,,,False,False,missing_selected_stock_price_registry_row,adjusted_close_exact > tradable_close_proxy > blocked,selected_ticker_adjusted_close_path_only,False,True,False,False,False,False,False,False,True,False
2016-07-29,dynamic80_top3_rs20_risk_tiebreak_proxy,4935,茂林-KY,TWSE,1.0,0.1980261633919129,0.4463835232304172,1.0,75,75,False,False,True,True,False,0.5986431738289107,0.1980261633919129,0.2279583220833584,weekly_signal_close,top3_by_RS20_then_layer4_risk_aware_score,False,,,False,False,missing_selected_stock_price_registry_row,adjusted_close_exact > tradable_close_proxy > blocked,selected_ticker_adjusted_close_path_only,False,True,False,False,False,False,False,False,True,False
2016-08-05,dynamic80_top3_rs20_risk_tiebreak_proxy,3653,健策,TWSE,1.0,0.4144964881964699,0.379949805499489,1.0,67,67,False,False,True,True,False,0.6143896937626171,0.4144964881964699,0.4452159728846007,weekly_signal_close,top3_by_RS20_then_layer4_risk_aware_score,False,,,False,False,missing_selected_stock_price_registry_row,adjusted_close_exact > tradable_close_proxy > blocked,selected_ticker_adjusted_close_path_only,False,True,False,False,False,False,False,False,True,False
2016-08-12,dynamic80_top3_rs20_risk_tiebreak_proxy,2421,建準,TWSE,1.0,0.1875888290371972,0.0657527656758201,1.0,37,37,False,False,True,True,False,0.6610209395922164,0.1875888290371972,0.220639876016808,weekly_signal_close,top3_by_RS20_then_layer4_risk_aware_score,False,,,False,False,missing_selected_stock_price_registry_row,adjusted_close_exact > tradable_close_proxy > blocked,selected_ticker_adjusted_close_path_only,False,True,False,False,False,False,False,False,True,False
2016-08-19,dynamic80_top3_rs20_risk_tiebreak_proxy,2379,瑞昱,TWSE,1.0,0.19281896835818,0.3575059419189248,1.0,24,24,False,True,True,True,False,0.6889599736696914,0.2128189683581799,0.2272669670416645,weekly_signal_close,top3_by_RS20_then_layer4_risk_aware_score,False,,,False,False,missing_selected_stock_price_registry_row,adjusted_close_exact > tradable_close_proxy > blocked,selected_ticker_adjusted_close_path_only,False,True,False,False,False,False,False,False,True,False
2016-08-26,dynamic80_top3_rs20_risk_tiebreak_proxy,8069,元太,TPEx,1.0,0.2181293518894502,0.3470020160880955,1.0,12,12,False,True,True,True,False,0.7113476280843284,0.2381293518894502,0.2536967332936666,weekly_signal_close,top3_by_RS20_then_layer4_risk_aware_score,False,,,False,False,missing_selected_stock_price_registry_row,adjusted_close_exact > tradable_close_proxy > blocked,selected_ticker_adjusted_close_path_only,False,True,False,False,False,False,False,False,True,False
2016-09-02,dynamic80_top3_rs20_risk_tiebreak_proxy,6451,訊芯-KY,TWSE,1.0,0.3366981553588943,0.5107566134161028,1.0,45,45,False,False,True,True,False,0.6691004425917901,0.3366981553588943,0.3701531774884838,weekly_signal_close,top3_by_RS20_then_layer4_risk_aware_score,False,,,False,False,missing_selected_stock_price_registry_row,adjusted_close_exact > tradable_close_proxy > blocked,selected_ticker_adjusted_close_path_only,False,True,False,False,False,False,False,False,True,False
2016-09-09,dynamic80_top3_rs20_risk_tiebreak_proxy,4551,智伸科,TWSE,1.0,0.3623682539544872,0.2291696288658156,1.0,43,43,False,False,True,True,False,0.6542660437129119,0.3623682539544872,0.3950815561401328,weekly_signal_close,top3_by_RS20_then_layer4_risk_aware_score,False,,,False,False,missing_selected_stock_price_registry_row,adjusted_close_exact > tradable_close_proxy > blocked,selected_ticker_adjusted_close_path_only,False,True,False,False,False,False,False,False,True,False
2016-09-14,dynamic80_top3_rs20_risk_tiebreak_proxy,6126,信音,TPEx,1.0,0.3148454279365176,0.3285958566001259,1.0,43,43,False,False,True,True,False,0.6801772221421827,0.3148454279365176,0.3488542890436267,weekly_signal_close,top3_by_RS20_then_layer4_risk_aware_score,False,,,False,False,missing_selected_stock_price_registry_row,adjusted_close_exact > tradable_close_proxy > blocked,selected_ticker_adjusted_close_path_only,False,True,False,False,False,False,False,False,True,False
2016-09-23,dynamic80_top3_rs20_risk_tiebreak_proxy,3272,東碩,TPEx,1.0,0.2967311916184205,0.2270756427829023,1.0,64,64,False,False,True,True,False,0.6193234288134826,0.2967311916184205,0.3276973630590946,weekly_signal_close,top3_by_RS20_then_layer4_risk_aware_score,False,,,False,False,missing_selected_stock_price_registry_row,adjusted_close_exact > tradable_close_proxy > blocked,selected_ticker_adjusted_close_path_only,False,True,False,False,False,False,False,False,True,False
2016-09-30,dynamic80_top3_rs20_risk_tiebreak_proxy,8436,大江,TPEx,1.0,0.1959757908038051,0.0822868162638785,1.0,59,59,False,False,True,True,False,0.6287736026233798,0.1959757908038051,0.227414470934974,weekly_signal_close,top3_by_RS20_then_layer4_risk_aware_score,False,,,False,False,missing_selected_stock_price_registry_row,adjusted_close_exact > tradable_close_proxy > blocked,selected_ticker_adjusted_close_path_only,False,True,False,False,False,False,False,False,True,False
2016-10-07,dynamic80_top3_rs20_risk_tiebreak_proxy,3588,通嘉,TWSE,1.0,0.4111605266843224,0.286382491354934,1.0,60,60,False,False,True,True,False,0.6161966920732577,0.4111605266843224,0.4419703612879853,weekly_signal_close,top3_by_RS20_then_layer4_risk_aware_score,False,,,False,False,missing_selected_stock_price_registry_row,adjusted_close_exact > tradable_close_proxy > blocked,selected_ticker_adjusted_close_path_only,False,True,False,False,False,False,False,False,True,False
2016-10-14,dynamic80_top3_rs20_risk_tiebreak_proxy,3514,昱晶,TWSE,1.0,0.1033849540738238,-0.0610015033942503,1.0,10,10,False,True,True,True,False,0.7152882217296254,0.1233849540738238,0.139149365160305,weekly_signal_close,top3_by_RS20_then_layer4_risk_aware_score,False,,,False,False,missing_selected_stock_price_registry_row,adjusted_close_exact > tradable_close_proxy > blocked,selected_ticker_adjusted_close_path_only,False,True,False,False,False,False,False,False,True,False
2016-10-21,dynamic80_top3_rs20_risk_tiebreak_proxy,3546,宇峻,TPEx,1.0,0.2917377379842887,0.5625444164909625,1.0,60,60,False,False,True,True,False,0.6276140849426851,0.2917377379842887,0.3231184422314229,weekly_signal_close,top3_by_RS20_then_layer4_risk_aware_score,False,,,False,False,missing_selected_stock_price_registry_row,adjusted_close_exact > tradable_close_proxy > blocked,selected_ticker_adjusted_close_path_only,False,True,False,False,False,False,False,False,True,False
2016-10-28,dynamic80_top3_rs20_risk_tiebreak_proxy,6548,長華科,TPEx,1.0,0.356931188840984,,1.0,67,67,False,False,True,True,False,0.6186544032161808,0.356931188840984,0.3878639090017931,weekly_signal_close,top3_by_RS20_then_layer4_risk_aware_score,False,,,False,False,missing_selected_stock_price_registry_row,adjusted_close_exact > tradable_close_proxy > blocked,selected_ticker_adjusted_close_path_only,False,True,False,False,False,False,False,False,True,False
2016-11-04,dynamic80_top3_rs20_risk_tiebreak_proxy,1569,濱川,TPEx,1.0,0.2034564026843119,0.7406519363475832,1.0,74,74,False,False,True,True,False,0.6245860626436353,0.2034564026843119,0.2346857058164936,weekly_signal_close,top3_by_RS20_then_layer4_risk_aware_score,False,,,False,False,missing_selected_stock_price_registry_row,adjusted_close_exact > tradable_close_proxy > blocked,selected_ticker_adjusted_close_path_only,False,True,False,False,False,False,False,False,True,False
2016-11-11,dynamic80_top3_rs20_risk_tiebreak_proxy,2029,盛餘,TWSE,1.0,0.3387432508588062,0.4527283452882233,1.0,55,55,False,False,True,True,False,0.6209815888128897,0.3387432508588062,0.3697923302994507,weekly_signal_close,top3_by_RS20_then_layer4_risk_aware_score,False,,,False,False,missing_selected_stock_price_registry_row,adjusted_close_exact > tradable_close_proxy > blocked,selected_ticker_adjusted_close_path_only,False,True,False,False,False,False,False,False,True,False
2016-11-18,dynamic80_top3_rs20_risk_tiebreak_proxy,6220,岳豐,TPEx,1.0,0.2992220163307486,1.39328338321221,1.0,75,75,False,False,True,True,False,0.523434797723951,0.2992220163307486,0.3253937562169461,weekly_signal_close,top3_by_RS20_then_layer4_risk_aware_score,False,,,False,False,missing_selected_stock_price_registry_row,adjusted_close_exact > tradable_close_proxy > blocked,selected_ticker_adjusted_close_path_only,False,True,False,False,False,False,False,False,True,False
2016-11-25,dynamic80_top3_rs20_risk_tiebreak_proxy,2014,中鴻,TWSE,1.0,0.4448037183913473,0.4916632509439882,1.0,8,8,False,True,True,True,False,0.7180954765848625,0.4648037183913473,0.4807084922205904,weekly_signal_close,top3_by_RS20_then_layer4_risk_aware_score,False,,,False,False,missing_selected_stock_price_registry_row,adjusted_close_exact > tradable_close_proxy > blocked,selected_ticker_adjusted_close_path_only,False,True,False,False,False,False,False,False,True,False
2016-12-02,dynamic80_top3_rs20_risk_tiebreak_proxy,2612,中航,TWSE,1.0,0.4048409165438513,0.4285462118642817,1.0,72,72,False,False,True,True,False,0.5310033187619779,0.4048409165438513,0.4313910824819502,weekly_signal_close,top3_by_RS20_then_layer4_risk_aware_score,False,,,False,False,missing_selected_stock_price_registry_row,adjusted_close_exact > tradable_close_proxy > blocked,selected_ticker_adjusted_close_path_only,False,True,False,False,False,False,False,False,True,False
2016-12-09,dynamic80_top3_rs20_risk_tiebreak_proxy,6220,岳豐,TPEx,1.0,0.4076173946840078,1.135925882131532,1.0,63,63,False,False,True,True,False,0.5459072458357559,0.4076173946840078,0.4349127569757956,weekly_signal_close,top3_by_RS20_then_layer4_risk_aware_score,False,,,False,False,missing_selected_stock_price_registry_row,adjusted_close_exact > tradable_close_proxy > blocked,selected_ticker_adjusted_close_path_only,False,True,False,False,False,False,False,False,True,False
2016-12-16,dynamic80_top3_rs20_risk_tiebreak_proxy,3293,鈊象,TPEx,1.0,0.2639202890999705,0.1203737445650956,1.0,49,49,False,False,True,True,False,0.643985459229816,0.2639202890999705,0.2961195620614613,weekly_signal_close,top3_by_RS20_then_layer4_risk_aware_score,False,,,False,False,missing_selected_stock_price_registry_row,adjusted_close_exact > tradable_close_proxy > blocked,selected_ticker_adjusted_close_path_only,False,True,False,False,False,False,False,False,True,False
2016-12-23,dynamic80_top3_rs20_risk_tiebreak_proxy,3455,由田,TPEx,1.0,0.2612124231176685,0.2635895843349455,1.0,14,14,False,True,True,True,False,0.7398692109203346,0.2812124231176685,0.2982058836636852,weekly_signal_close,top3_by_RS20_then_layer4_risk_aware_score,False,,,False,False,missing_selected_stock_price_registry_row,adjusted_close_exact > tradable_close_proxy > blocked,selected_ticker_adjusted_close_path_only,False,True,False,False,False,False,False,False,True,False
2016-12-30,dynamic80_top3_rs20_risk_tiebreak_proxy,2467,志聖,TWSE,1.0,0.293459794445307,0.3004920267375919,1.0,77,77,False,False,True,True,False,0.605307312440797,0.293459794445307,0.3237251600673468,weekly_signal_close,top3_by_RS20_then_layer4_risk_aware_score,False,,,False,False,missing_selected_stock_price_registry_row,adjusted_close_exact > tradable_close_proxy > blocked,selected_ticker_adjusted_close_path_only,False,True,False,False,False,False,False,False,True,False
2017-01-06,dynamic80_top3_rs20_risk_tiebreak_proxy,4725,信昌化,TWSE,1.0,0.3213638720498835,0.5313360023068505,1.0,45,45,False,False,True,True,False,0.6656938516290446,0.3213638720498835,0.3546485646313357,weekly_signal_close,top3_by_RS20_then_layer4_risk_aware_score,False,,,False,False,missing_selected_stock_price_registry_row,adjusted_close_exact > tradable_close_proxy > blocked,selected_ticker_adjusted_close_path_only,False,True,False,False,False,False,False,False,True,False
2017-01-13,dynamic80_top3_rs20_risk_tiebreak_proxy,3529,力旺,TPEx,1.0,0.2312411984356888,0.3176528346493408,1.0,13,13,False,True,True,True,False,0.718938760232866,0.2512411984356888,0.2671881364473321,weekly_signal_close,top3_by_RS20_then_layer4_risk_aware_score,False,,,False,False,missing_selected_stock_price_registry_row,adjusted_close_exact > tradable_close_proxy > blocked,selected_ticker_adjusted_close_path_only,False,True,False,False,False,False,False,False,True,False
2017-01-20,dynamic80_top3_rs20_risk_tiebreak_proxy,6220,岳豐,TPEx,1.0,0.2963826871549839,0.5963406673789756,1.0,55,55,False,False,True,True,False,0.6337218441729896,0.2963826871549839,0.3280687793636334,weekly_signal_close,top3_by_RS20_then_layer4_risk_aware_score,False,,,False,False,missing_selected_stock_price_registry_row,adjusted_close_exact > tradable_close_proxy > blocked,selected_ticker_adjusted_close_path_only,False,True,False,False,False,False,False,False,True,False
2017-01-24,dynamic80_top3_rs20_risk_tiebreak_proxy,8183,精星,TPEx,1.0,0.2814152029010885,0.7033208507695281,1.0,73,73,False,False,True,True,False,0.6064883049582397,0.2814152029010885,0.3117396181490005,weekly_signal_close,top3_by_RS20_then_layer4_risk_aware_score,False,,,False,False,missing_selected_stock_price_registry_row,adjusted_close_exact > tradable_close_proxy > blocked,selected_ticker_adjusted_close_path_only,False,True,False,False,False,False,False,False,True,False
2017-02-03,dynamic80_top3_rs20_risk_tiebreak_proxy,3346,麗清,TWSE,1.0,0.4306293809098824,,1.0,56,56,False,False,True,True,False,0.622687898275039,0.4306293809098824,0.4617637758236343,weekly_signal_close,top3_by_RS20_then_layer4_risk_aware_score,False,,,False,False,missing_selected_stock_price_registry_row,adjusted_close_exact > tradable_close_proxy > blocked,selected_ticker_adjusted_close_path_only,False,True,False,False,False,False,False,False,True,False
2017-02-10,dynamic80_top3_rs20_risk_tiebreak_proxy,3346,麗清,TWSE,1.0,0.2933422287028231,,1.0,72,72,False,False,True,True,False,0.5905429194853451,0.2933422287028231,0.3228693746770903,weekly_signal_close,top3_by_RS20_then_layer4_risk_aware_score,False,,,False,False,missing_selected_stock_price_registry_row,adjusted_close_exact > tradable_close_proxy > blocked,selected_ticker_adjusted_close_path_only,False,True,False,False,False,False,False,False,True,False
2017-02-17,dynamic80_top3_rs20_risk_tiebreak_proxy,2340,台亞,TWSE,1.0,0.2455167937212445,0.2478743845244064,1.0,59,59,False,False,True,True,False,0.6262047292872502,0.2455167937212445,0.276827030185607,weekly_signal_close,top3_by_RS20_then_layer4_risk_aware_score,False,,,False,False,missing_selected_stock_price_registry_row,adjusted_close_exact > tradable_close_proxy > blocked,selected_ticker_adjusted_close_path_only,False,True,False,False,False,False,False,False,True,False
2017-02-24,dynamic80_top3_rs20_risk_tiebreak_proxy,3563,牧德,TPEx,1.0,0.331395473480687,0.2970418452070613,1.0,76,76,False,False,True,True,False,0.5481877381615069,0.331395473480687,0.3588048603887623,weekly_signal_close,top3_by_RS20_then_layer4_risk_aware_score,False,,,False,False,missing_selected_stock_price_registry_row,adjusted_close_exact > tradable_close_proxy > blocked,selected_ticker_adjusted_close_path_only,False,True,False,False,False,False,False,False,True,False
2017-03-03,dynamic80_top3_rs20_risk_tiebreak_proxy,3092,鴻碩,TPEx,1.0,0.373070841366339,0.5088004592438649,1.0,58,58,False,False,True,True,False,0.5434456399154508,0.373070841366339,0.4002431233621115,weekly_signal_close,top3_by_RS20_then_layer4_risk_aware_score,False,,,False,False,missing_selected_stock_price_registry_row,adjusted_close_exact > tradable_close_proxy > blocked,selected_ticker_adjusted_close_path_only,False,True,False,False,False,False,False,False,True,False
2017-03-10,dynamic80_top3_rs20_risk_tiebreak_proxy,5014,建錩,TPEx,1.0,0.928333663951184,1.3671444879162369,1.0,29,29,False,True,True,True,False,0.6211757978168632,0.948333663951184,0.9593924538420272,weekly_signal_close,top3_by_RS20_then_layer4_risk_aware_score,False,,,False,False,missing_selected_stock_price_registry_row,adjusted_close_exact > tradable_close_proxy > blocked,selected_ticker_adjusted_close_path_only,False,True,False,False,False,False,False,False,True,False
2017-03-17,dynamic80_top3_rs20_risk_tiebreak_proxy,6205,詮欣,TWSE,1.0,0.3631953073107699,0.3110895652490701,1.0,35,35,False,False,True,True,False,0.5884803893067663,0.3631953073107699,0.3926193267761081,weekly_signal_close,top3_by_RS20_then_layer4_risk_aware_score,False,,,False,False,missing_selected_stock_price_registry_row,adjusted_close_exact > tradable_close_proxy > blocked,selected_ticker_adjusted_close_path_only,False,True,False,False,False,False,False,False,True,False
2017-03-24,dynamic80_top3_rs20_risk_tiebreak_proxy,2344,華邦電,TWSE,1.0,0.2772183042127802,0.3885073718495189,1.0,10,10,False,True,True,True,False,0.6500022601506461,0.2972183042127802,0.3097184172203125,weekly_signal_close,top3_by_RS20_then_layer4_risk_aware_score,False,,,False,False,missing_selected_stock_price_registry_row,adjusted_close_exact > tradable_close_proxy > blocked,selected_ticker_adjusted_close_path_only,False,True,False,False,False,False,False,False,True,False
2017-03-31,dynamic80_top3_rs20_risk_tiebreak_proxy,4943,康控-KY,TWSE,1.0,0.5303200976276574,1.0930543925949323,1.0,74,74,False,False,True,True,False,0.5687353358398698,0.5303200976276574,0.5587568644196509,weekly_signal_close,top3_by_RS20_then_layer4_risk_aware_score,False,,,False,False,missing_selected_stock_price_registry_row,adjusted_close_exact > tradable_close_proxy > blocked,selected_ticker_adjusted_close_path_only,False,True,False,False,False,False,False,False,True,False
2017-04-07,dynamic80_top3_rs20_risk_tiebreak_proxy,5014,建錩,TPEx,1.0,0.4459095024560942,1.6373008643467626,1.0,68,68,False,False,True,True,False,0.5775961670336361,0.4459095024560942,0.474789310807776,weekly_signal_close,top3_by_RS20_then_layer4_risk_aware_score,False,,,False,False,missing_selected_stock_price_registry_row,adjusted_close_exact > tradable_close_proxy > blocked,selected_ticker_adjusted_close_path_only,False,True,False,False,False,False,False,False,True,False
2017-04-14,dynamic80_top3_rs20_risk_tiebreak_proxy,3362,先進光,TPEx,1.0,0.509516842089129,1.1102930870778156,1.0,4,4,False,True,True,True,False,0.7296981444046937,0.529516842089129,0.5460017493093636,weekly_signal_close,top3_by_RS20_then_layer4_risk_aware_score,False,,,False,False,missing_selected_stock_price_registry_row,adjusted_close_exact > tradable_close_proxy > blocked,selected_ticker_adjusted_close_path_only,False,True,False,False,False,False,False,False,True,False
2017-04-21,dynamic80_top3_rs20_risk_tiebreak_proxy,4968,立積,TWSE,1.0,0.3418552204459162,0.5602870848810941,1.0,23,23,False,True,True,True,False,0.7115234174635252,0.3618552204459162,0.3774313913190925,weekly_signal_close,top3_by_RS20_then_layer4_risk_aware_score,False,,,False,False,missing_selected_stock_price_registry_row,adjusted_close_exact > tradable_close_proxy > blocked,selected_ticker_adjusted_close_path_only,False,True,False,False,False,False,False,False,True,False
2017-04-28,dynamic80_top3_rs20_risk_tiebreak_proxy,1569,濱川,TPEx,1.0,0.3972437500964214,0.25923534348151,1.0,54,54,False,False,True,True,False,0.6308529183525464,0.3972437500964214,0.4287863960140487,weekly_signal_close,top3_by_RS20_then_layer4_risk_aware_score,False,,,False,False,missing_selected_stock_price_registry_row,adjusted_close_exact > tradable_close_proxy > blocked,selected_ticker_adjusted_close_path_only,False,True,False,False,False,False,False,False,True,False
2017-05-05,dynamic80_top3_rs20_risk_tiebreak_proxy,3546,宇峻,TPEx,1.0,0.3801939198726076,0.2776676639830473,1.0,40,40,False,False,True,True,False,0.6539684170081728,0.3801939198726076,0.4128923407230162,weekly_signal_close,top3_by_RS20_then_layer4_risk_aware_score,False,,,False,False,missing_selected_stock_price_registry_row,adjusted_close_exact > tradable_close_proxy > blocked,selected_ticker_adjusted_close_path_only,False,True,False,False,False,False,False,False,True,False
2017-05-12,dynamic80_top3_rs20_risk_tiebreak_proxy,1569,濱川,TPEx,1.0,0.2371054420100611,0.3515614835292708,1.0,42,42,False,False,True,True,False,0.6654830079705915,0.2371054420100611,0.2703795924085906,weekly_signal_close,top3_by_RS20_then_layer4_risk_aware_score,False,,,False,False,missing_selected_stock_price_registry_row,adjusted_close_exact > tradable_close_proxy > blocked,selected_ticker_adjusted_close_path_only,False,True,False,False,False,False,False,False,True,False
2017-05-19,dynamic80_top3_rs20_risk_tiebreak_proxy,4906,正文,TWSE,2.0,0.2337697964211817,0.2637891881483543,2.0,15,15,False,True,True,True,False,0.717384421546084,0.2537697964211817,0.2696390174984859,weekly_signal_close,top3_by_RS20_then_layer4_risk_aware_score,False,,,False,False,missing_selected_stock_price_registry_row,adjusted_close_exact > tradable_close_proxy > blocked,selected_ticker_adjusted_close_path_only,False,True,False,False,False,False,False,False,True,False
2017-05-26,dynamic80_top3_rs20_risk_tiebreak_proxy,3515,華擎,TWSE,1.0,0.4104635466202866,0.387855364469942,1.0,60,60,False,False,True,True,False,0.6405278054844962,0.4104635466202866,0.4424899368945114,weekly_signal_close,top3_by_RS20_then_layer4_risk_aware_score,False,,,False,False,missing_selected_stock_price_registry_row,adjusted_close_exact > tradable_close_proxy > blocked,selected_ticker_adjusted_close_path_only,False,True,False,False,False,False,False,False,True,False
2017-06-02,dynamic80_top3_rs20_risk_tiebreak_proxy,6220,岳豐,TPEx,1.0,0.2455072070939381,-0.0896923518250307,1.0,64,64,False,False,True,True,False,0.6251361305873798,0.2455072070939381,0.2767640136233071,weekly_signal_close,top3_by_RS20_then_layer4_risk_aware_score,False,,,False,False,missing_selected_stock_price_registry_row,adjusted_close_exact > tradable_close_proxy > blocked,selected_ticker_adjusted_close_path_only,False,True,False,False,False,False,False,False,True,False
2017-06-09,dynamic80_top3_rs20_risk_tiebreak_proxy,6111,大宇資,TPEx,1.0,0.392522060339584,0.992297000857771,1.0,17,17,False,True,True,True,False,0.7303538327647838,0.412522060339584,0.4290397519778232,weekly_signal_close,top3_by_RS20_then_layer4_risk_aware_score,False,,,False,False,missing_selected_stock_price_registry_row,adjusted_close_exact > tradable_close_proxy > blocked,selected_ticker_adjusted_close_path_only,False,True,False,False,False,False,False,False,True,False
2017-06-16,dynamic80_top3_rs20_risk_tiebreak_proxy,3443,創意,TWSE,1.0,0.2530943222154782,0.1059634294058324,1.0,52,52,False,False,True,True,False,0.6500756787251056,0.2530943222154782,0.2855981061517335,weekly_signal_close,top3_by_RS20_then_layer4_risk_aware_score,False,,,False,False,missing_selected_stock_price_registry_row,adjusted_close_exact > tradable_close_proxy > blocked,selected_ticker_adjusted_close_path_only,False,True,False,False,False,False,False,False,True,False
2017-06-23,dynamic80_top3_rs20_risk_tiebreak_proxy,3653,健策,TWSE,1.0,0.2028309474901117,0.1223136326220595,1.0,46,46,False,False,True,True,False,0.6472871000705,0.2028309474901117,0.2351953024936367,weekly_signal_close,top3_by_RS20_then_layer4_risk_aware_score,False,,,False,False,missing_selected_stock_price_registry_row,adjusted_close_exact > tradable_close_proxy > blocked,selected_ticker_adjusted_close_path_only,False,True,False,False,False,False,False,False,True,False
2017-06-30,dynamic80_top3_rs20_risk_tiebreak_proxy,3443,創意,TWSE,1.0,0.1989337273364524,0.1800267509492121,1.0,14,14,False,True,True,True,False,0.7188016931034559,0.2189337273364524,0.2348738119916252,weekly_signal_close,top3_by_RS20_then_layer4_risk_aware_score,False,,,False,False,missing_selected_stock_price_registry_row,adjusted_close_exact > tradable_close_proxy > blocked,selected_ticker_adjusted_close_path_only,False,True,False,False,False,False,False,False,True,False
2017-07-07,dynamic80_top3_rs20_risk_tiebreak_proxy,2351,順德,TWSE,1.0,0.1573412772061604,0.2315652215732326,1.0,27,27,False,True,True,True,False,0.7006298741267352,0.1773412772061603,0.1923727709124971,weekly_signal_close,top3_by_RS20_then_layer4_risk_aware_score,False,,,False,False,missing_selected_stock_price_registry_row,adjusted_close_exact > tradable_close_proxy > blocked,selected_ticker_adjusted_close_path_only,False,True,False,False,False,False,False,False,True,False
2017-07-14,dynamic80_top3_rs20_risk_tiebreak_proxy,5263,智崴,TPEx,1.0,0.194015282144998,0.1132600150407885,1.0,43,43,False,False,True,True,False,0.6626373974097393,0.194015282144998,0.2271471520154849,weekly_signal_close,top3_by_RS20_then_layer4_risk_aware_score,False,,,False,False,missing_selected_stock_price_registry_row,adjusted_close_exact > tradable_close_proxy > blocked,selected_ticker_adjusted_close_path_only,False,True,False,False,False,False,False,False,True,False
2017-07-21,dynamic80_top3_rs20_risk_tiebreak_proxy,4919,新唐,TWSE,1.0,0.2654703955696478,0.2544330803123806,1.0,46,46,False,False,True,True,False,0.647993179962744,0.2654703955696478,0.297870054567785,weekly_signal_close,top3_by_RS20_then_layer4_risk_aware_score,False,,,False,False,missing_selected_stock_price_registry_row,adjusted_close_exact > tradable_close_proxy > blocked,selected_ticker_adjusted_close_path_only,False,True,False,False,False,False,False,False,True,False
2017-07-28,dynamic80_top3_rs20_risk_tiebreak_proxy,1444,力麗,TWSE,1.0,0.2722690258498974,0.2271712018198053,1.0,46,46,False,False,True,True,False,0.6550775340601319,0.2722690258498974,0.305022902552904,weekly_signal_close,top3_by_RS20_then_layer4_risk_aware_score,False,,,False,False,missing_selected_stock_price_registry_row,adjusted_close_exact > tradable_close_proxy > blocked,selected_ticker_adjusted_close_path_only,False,True,False,False,False,False,False,False,True,False
2017-08-04,dynamic80_top3_rs20_risk_tiebreak_proxy,1444,力麗,TWSE,1.0,0.3139248674483508,0.3584166695368589,1.0,12,12,False,True,True,True,False,0.7208682745578745,0.3339248674483508,0.3499682811762445,weekly_signal_close,top3_by_RS20_then_layer4_risk_aware_score,False,,,False,False,missing_selected_stock_price_registry_row,adjusted_close_exact > tradable_close_proxy > blocked,selected_ticker_adjusted_close_path_only,False,True,False,False,False,False,False,False,True,False
2017-08-11,dynamic80_top3_rs20_risk_tiebreak_proxy,2421,建準,TWSE,1.0,0.2297356875490854,0.486029263816395,1.0,33,33,False,False,True,True,False,0.6561499641673402,0.2297356875490854,0.2625431857574524,weekly_signal_close,top3_by_RS20_then_layer4_risk_aware_score,False,,,False,False,missing_selected_stock_price_registry_row,adjusted_close_exact > tradable_close_proxy > blocked,selected_ticker_adjusted_close_path_only,False,True,False,False,False,False,False,False,True,False
2017-08-18,dynamic80_top3_rs20_risk_tiebreak_proxy,2603,長榮,TWSE,1.0,0.3036847763846362,0.452468894277767,1.0,18,18,False,True,True,True,False,0.6998093953395227,0.3236847763846362,0.3386752461516123,weekly_signal_close,top3_by_RS20_then_layer4_risk_aware_score,False,,,False,False,missing_selected_stock_price_registry_row,adjusted_close_exact > tradable_close_proxy > blocked,selected_ticker_adjusted_close_path_only,False,True,False,False,False,False,False,False,True,False
2017-08-25,dynamic80_top3_rs20_risk_tiebreak_proxy,2603,長榮,TWSE,1.0,0.3295952441811793,0.3960544109203641,1.0,12,12,False,True,True,True,False,0.6952843880742525,0.3495952441811793,0.3643594635848919,weekly_signal_close,top3_by_RS20_then_layer4_risk_aware_score,False,,,False,False,missing_selected_stock_price_registry_row,adjusted_close_exact > tradable_close_proxy > blocked,selected_ticker_adjusted_close_path_only,False,True,False,False,False,False,False,False,True,False
2017-09-01,dynamic80_top3_rs20_risk_tiebreak_proxy,2337,旺宏,TWSE,1.0,1.7533970674381627,1.9838893610174817,1.0,12,12,False,True,True,True,False,0.7030528951220227,1.7733970674381627,1.7885497121942635,weekly_signal_close,top3_by_RS20_then_layer4_risk_aware_score,False,,,False,False,missing_selected_stock_price_registry_row,adjusted_close_exact > tradable_close_proxy > blocked,selected_ticker_adjusted_close_path_only,False,True,False,False,False,False,False,False,True,False
2017-09-08,dynamic80_top3_rs20_risk_tiebreak_proxy,2337,旺宏,TWSE,1.0,1.863972287049063,1.756854266109927,1.0,13,13,False,True,True,True,False,0.7066220798495207,1.883972287049063,1.899303391041539,weekly_signal_close,top3_by_RS20_then_layer4_risk_aware_score,False,,,False,False,missing_selected_stock_price_registry_row,adjusted_close_exact > tradable_close_proxy > blocked,selected_ticker_adjusted_close_path_only,False,True,False,False,False,False,False,False,True,False
2017-09-15,dynamic80_top3_rs20_risk_tiebreak_proxy,3519,綠能,TWSE,1.0,0.2949139715820583,0.1357172389887193,1.0,76,76,False,False,True,True,False,0.5833268665215607,0.2949139715820583,0.3240803149081363,weekly_signal_close,top3_by_RS20_then_layer4_risk_aware_score,False,,,False,False,missing_selected_stock_price_registry_row,adjusted_close_exact > tradable_close_proxy > blocked,selected_ticker_adjusted_close_path_only,False,True,False,False,False,False,False,False,True,False
2017-09-22,dynamic80_top3_rs20_risk_tiebreak_proxy,3519,綠能,TWSE,1.0,0.3158837547468149,0.1811246936994928,1.0,41,41,False,False,True,True,False,0.6498087870329043,0.3158837547468149,0.3483741940984601,weekly_signal_close,top3_by_RS20_then_layer4_risk_aware_score,False,,,False,False,missing_selected_stock_price_registry_row,adjusted_close_exact > tradable_close_proxy > blocked,selected_ticker_adjusted_close_path_only,False,True,False,False,False,False,False,False,True,False
2017-09-29,dynamic80_top3_rs20_risk_tiebreak_proxy,6238,勝麗,TPEx,1.0,0.3049091874478532,0.3815338625570084,1.0,21,21,False,True,True,True,False,0.7042974249837739,0.3249091874478532,0.3401240586970419,weekly_signal_close,top3_by_RS20_then_layer4_risk_aware_score,False,,,False,False,missing_selected_stock_price_registry_row,adjusted_close_exact > tradable_close_proxy > blocked,selected_ticker_adjusted_close_path_only,False,True,False,False,False,False,False,False,True,False
2017-10-06,dynamic80_top3_rs20_risk_tiebreak_proxy,2340,台亞,TWSE,1.0,0.3618235893350834,0.2447520536579086,1.0,34,34,False,True,True,True,False,0.6514240451526906,0.3818235893350834,0.3943947915927179,weekly_signal_close,top3_by_RS20_then_layer4_risk_aware_score,False,,,False,False,missing_selected_stock_price_registry_row,adjusted_close_exact > tradable_close_proxy > blocked,selected_ticker_adjusted_close_path_only,False,True,False,False,False,False,False,False,True,False
2017-10-13,dynamic80_top3_rs20_risk_tiebreak_proxy,3661,世芯-KY,TWSE,1.0,0.3319051343807944,0.4989818667933257,1.0,13,13,False,True,True,True,False,0.6870470926155929,0.3519051343807944,0.366257489011574,weekly_signal_close,top3_by_RS20_then_layer4_risk_aware_score,False,,,False,False,missing_selected_stock_price_registry_row,adjusted_close_exact > tradable_close_proxy > blocked,selected_ticker_adjusted_close_path_only,False,True,False,False,False,False,False,False,True,False
2017-10-20,dynamic80_top3_rs20_risk_tiebreak_proxy,3661,世芯-KY,TWSE,1.0,0.3733089945000445,0.3676964599541201,1.0,17,17,False,True,True,True,False,0.6917425456077646,0.3933089945000445,0.4078961217804327,weekly_signal_close,top3_by_RS20_then_layer4_risk_aware_score,False,,,False,False,missing_selected_stock_price_registry_row,adjusted_close_exact > tradable_close_proxy > blocked,selected_ticker_adjusted_close_path_only,False,True,False,False,False,False,False,False,True,False
2017-10-27,dynamic80_top3_rs20_risk_tiebreak_proxy,6121,新普,TPEx,1.0,0.5633942313044091,0.6709303025762823,1.0,9,9,False,True,True,True,False,0.7149861688368349,0.5833942313044091,0.5991435397462509,weekly_signal_close,top3_by_RS20_then_layer4_risk_aware_score,False,,,False,False,missing_selected_stock_price_registry_row,adjusted_close_exact > tradable_close_proxy > blocked,selected_ticker_adjusted_close_path_only,False,True,False,False,False,False,False,False,True,False
2017-11-03,dynamic80_top3_rs20_risk_tiebreak_proxy,6435,大中,TPEx,1.0,0.3601070204887571,0.3132872382561662,1.0,11,11,False,True,True,True,False,0.7067757429481744,0.3801070204887571,0.3954458076361658,weekly_signal_close,top3_by_RS20_then_layer4_risk_aware_score,False,,,False,False,missing_selected_stock_price_registry_row,adjusted_close_exact > tradable_close_proxy > blocked,selected_ticker_adjusted_close_path_only,False,True,False,False,False,False,False,False,True,False
2017-11-10,dynamic80_top3_rs20_risk_tiebreak_proxy,6525,捷敏-KY,TWSE,1.0,0.3672334829743224,0.2758137963632738,1.0,32,32,False,False,True,True,False,0.6633894416017905,0.3672334829743224,0.4004029550544119,weekly_signal_close,top3_by_RS20_then_layer4_risk_aware_score,False,,,False,False,missing_selected_stock_price_registry_row,adjusted_close_exact > tradable_close_proxy > blocked,selected_ticker_adjusted_close_path_only,False,True,False,False,False,False,False,False,True,False
2017-11-17,dynamic80_top3_rs20_risk_tiebreak_proxy,2353,宏碁,TWSE,1.0,0.3272868807132103,0.3601847214250522,1.0,20,20,False,True,True,True,False,0.695741256054756,0.3472868807132103,0.3620739435159481,weekly_signal_close,top3_by_RS20_then_layer4_risk_aware_score,False,,,False,False,missing_selected_stock_price_registry_row,adjusted_close_exact > tradable_close_proxy > blocked,selected_ticker_adjusted_close_path_only,False,True,False,False,False,False,False,False,True,False
2017-11-24,dynamic80_top3_rs20_risk_tiebreak_proxy,3540,曜越,TPEx,1.0,0.4639736482834502,0.4750325536408097,1.0,78,78,False,False,True,True,False,0.5338080102845588,0.4639736482834502,0.4906640487976781,weekly_signal_close,top3_by_RS20_then_layer4_risk_aware_score,False,,,False,False,missing_selected_stock_price_registry_row,adjusted_close_exact > tradable_close_proxy > blocked,selected_ticker_adjusted_close_path_only,False,True,False,False,False,False,False,False,True,False
2017-12-01,dynamic80_top3_rs20_risk_tiebreak_proxy,2353,宏碁,TWSE,1.0,0.3209718960741308,0.276094518126452,1.0,8,8,False,True,True,True,False,0.715936366909689,0.3409718960741308,0.3567687144196152,weekly_signal_close,top3_by_RS20_then_layer4_risk_aware_score,False,,,False,False,missing_selected_stock_price_registry_row,adjusted_close_exact > tradable_close_proxy > blocked,selected_ticker_adjusted_close_path_only,False,True,False,False,False,False,False,False,True,False
2017-12-08,dynamic80_top3_rs20_risk_tiebreak_proxy,8069,元太,TPEx,1.0,0.2919850527734653,0.1959501662747861,1.0,20,20,False,True,True,True,False,0.7019333833545575,0.3119850527734653,0.3270817219411931,weekly_signal_close,top3_by_RS20_then_layer4_risk_aware_score,False,,,False,False,missing_selected_stock_price_registry_row,adjusted_close_exact > tradable_close_proxy > blocked,selected_ticker_adjusted_close_path_only,False,True,False,False,False,False,False,False,True,False
2017-12-15,dynamic80_top3_rs20_risk_tiebreak_proxy,4971,IET-KY,TPEx,1.0,0.326408573925654,0.1777145077669086,1.0,47,47,False,False,True,True,False,0.6101375827888521,0.326408573925654,0.3569154530650966,weekly_signal_close,top3_by_RS20_then_layer4_risk_aware_score,False,,,False,False,missing_selected_stock_price_registry_row,adjusted_close_exact > tradable_close_proxy > blocked,selected_ticker_adjusted_close_path_only,False,True,False,False,False,False,False,False,True,False
2017-12-22,dynamic80_top3_rs20_risk_tiebreak_proxy,3026,禾伸堂,TWSE,1.0,0.3876488395676706,1.8868094921062053,1.0,70,70,False,False,True,True,False,0.5630748298510907,0.3876488395676706,0.4158025810602251,weekly_signal_close,top3_by_RS20_then_layer4_risk_aware_score,False,,,False,False,missing_selected_stock_price_registry_row,adjusted_close_exact > tradable_close_proxy > blocked,selected_ticker_adjusted_close_path_only,False,True,False,False,False,False,False,False,True,False
2017-12-29,dynamic80_top3_rs20_risk_tiebreak_proxy,2009,第一銅,TWSE,1.0,0.3059171322263579,0.3811916767563761,1.0,73,73,False,False,True,False,False,0.5517202561266936,0.3059171322263579,0.3335031450326925,weekly_signal_close,top3_by_RS20_then_layer4_risk_aware_score,False,,,False,False,missing_selected_stock_price_registry_row,adjusted_close_exact > tradable_close_proxy > blocked,selected_ticker_adjusted_close_path_only,False,True,False,False,False,False,False,False,True,False
2018-01-05,dynamic80_top3_rs20_risk_tiebreak_proxy,3550,聯穎,TWSE,1.0,0.342488716227278,0.5996838717186175,1.0,72,72,False,False,True,True,False,0.5488275266869417,0.342488716227278,0.369930092561625,weekly_signal_close,top3_by_RS20_then_layer4_risk_aware_score,False,,,False,False,missing_selected_stock_price_registry_row,adjusted_close_exact > tradable_close_proxy > blocked,selected_ticker_adjusted_close_path_only,False,True,False,False,False,False,False,False,True,False
2018-01-12,dynamic80_top3_rs20_risk_tiebreak_proxy,3624,光頡,TPEx,1.0,0.4640768982309715,0.5812113799551836,1.0,71,71,False,False,True,True,False,0.6092827352219425,0.4640768982309715,0.4945410349920686,weekly_signal_close,top3_by_RS20_then_layer4_risk_aware_score,False,,,False,False,missing_selected_stock_price_registry_row,adjusted_close_exact > tradable_close_proxy > blocked,selected_ticker_adjusted_close_path_only,False,True,False,False,False,False,False,False,True,False
2018-01-19,dynamic80_top3_rs20_risk_tiebreak_proxy,3532,台勝科,TWSE,1.0,0.2824858315161731,0.1314980594807064,1.0,45,45,False,False,True,True,False,0.638297506984218,0.2824858315161731,0.314400706865384,weekly_signal_close,top3_by_RS20_then_layer4_risk_aware_score,False,,,False,False,missing_selected_stock_price_registry_row,adjusted_close_exact > tradable_close_proxy > blocked,selected_ticker_adjusted_close_path_only,False,True,False,False,False,False,False,False,True,False
2018-01-26,dynamic80_top3_rs20_risk_tiebreak_proxy,2376,技嘉,TWSE,1.0,0.267411639857108,0.4756550834120032,1.0,27,27,False,True,True,True,False,0.6867047450836866,0.287411639857108,0.3017468771112923,weekly_signal_close,top3_by_RS20_then_layer4_risk_aware_score,False,,,False,False,missing_selected_stock_price_registry_row,adjusted_close_exact > tradable_close_proxy > blocked,selected_ticker_adjusted_close_path_only,False,True,False,False,False,False,False,False,True,False
2018-02-02,dynamic80_top3_rs20_risk_tiebreak_proxy,8454,富邦媒,TWSE,1.0,0.2000336954629626,0.3202101426640271,1.0,71,71,False,False,True,True,False,0.6143038187057145,0.2000336954629626,0.2307488863982483,weekly_signal_close,top3_by_RS20_then_layer4_risk_aware_score,False,,,False,False,missing_selected_stock_price_registry_row,adjusted_close_exact > tradable_close_proxy > blocked,selected_ticker_adjusted_close_path_only,False,True,False,False,False,False,False,False,True,False
2018-02-09,dynamic80_top3_rs20_risk_tiebreak_proxy,3030,德律,TWSE,1.0,0.2621145836283111,0.4136857496388546,1.0,45,45,False,False,True,True,False,0.6415937759120917,0.2621145836283111,0.2941942724239156,weekly_signal_close,top3_by_RS20_then_layer4_risk_aware_score,False,,,False,False,missing_selected_stock_price_registry_row,adjusted_close_exact > tradable_close_proxy > blocked,selected_ticker_adjusted_close_path_only,False,True,False,False,False,False,False,False,True,False
2018-02-12,dynamic80_top3_rs20_risk_tiebreak_proxy,3030,德律,TWSE,1.0,0.1870021112970008,0.3068774065020306,1.0,80,80,False,False,True,True,False,0.5497212770370826,0.1870021112970008,0.2144881751488549,weekly_signal_close,top3_by_RS20_then_layer4_risk_aware_score,False,,,False,False,missing_selected_stock_price_registry_row,adjusted_close_exact > tradable_close_proxy > blocked,selected_ticker_adjusted_close_path_only,False,True,False,False,False,False,False,False,True,False
2018-02-23,dynamic80_top3_rs20_risk_tiebreak_proxy,6150,撼訊,TPEx,1.0,0.8758537107832798,2.796726837540022,1.0,67,67,False,False,True,True,False,0.5446792003953717,0.8758537107832798,0.9030876708030484,weekly_signal_close,top3_by_RS20_then_layer4_risk_aware_score,False,,,False,False,missing_selected_stock_price_registry_row,adjusted_close_exact > tradable_close_proxy > blocked,selected_ticker_adjusted_close_path_only,False,True,False,False,False,False,False,False,True,False
2018-03-02,dynamic80_top3_rs20_risk_tiebreak_proxy,6237,驊訊,TPEx,1.0,0.3700059045930262,0.2158747430644155,1.0,48,48,False,False,True,True,False,0.5716142596121627,0.3700059045930262,0.3985866175736343,weekly_signal_close,top3_by_RS20_then_layer4_risk_aware_score,False,,,False,False,missing_selected_stock_price_registry_row,adjusted_close_exact > tradable_close_proxy > blocked,selected_ticker_adjusted_close_path_only,False,True,False,False,False,False,False,False,True,False
2018-03-09,dynamic80_top3_rs20_risk_tiebreak_proxy,2399,映泰,TWSE,1.0,0.3402295542720106,0.5018426736847761,1.0,46,46,False,False,True,True,False,0.5598226196039705,0.3402295542720106,0.3682206852522091,weekly_signal_close,top3_by_RS20_then_layer4_risk_aware_score,False,,,False,False,missing_selected_stock_price_registry_row,adjusted_close_exact > tradable_close_proxy > blocked,selected_ticker_adjusted_close_path_only,False,True,False,False,False,False,False,False,True,False
2018-03-16,dynamic80_top3_rs20_risk_tiebreak_proxy,6150,撼訊,TPEx,1.0,0.6315291807067629,2.8957708644902778,1.0,62,62,False,False,True,True,False,0.5716130002375257,0.6315291807067629,0.6601098307186392,weekly_signal_close,top3_by_RS20_then_layer4_risk_aware_score,False,,,False,False,missing_selected_stock_price_registry_row,adjusted_close_exact > tradable_close_proxy > blocked,selected_ticker_adjusted_close_path_only,False,True,False,False,False,False,False,False,True,False
2018-03-23,dynamic80_top3_rs20_risk_tiebreak_proxy,2399,映泰,TWSE,1.0,0.4957363479603771,0.6750191678682167,1.0,72,72,False,False,True,True,False,0.5725001138831687,0.4957363479603771,0.5243613536545355,weekly_signal_close,top3_by_RS20_then_layer4_risk_aware_score,False,,,False,False,missing_selected_stock_price_registry_row,adjusted_close_exact > tradable_close_proxy > blocked,selected_ticker_adjusted_close_path_only,False,True,False,False,False,False,False,False,True,False
2018-03-30,dynamic80_top3_rs20_risk_tiebreak_proxy,3694,海華,TWSE,1.0,0.3338896489635261,0.3171464393520733,1.0,64,64,False,False,True,True,False,0.6159837917110902,0.3338896489635261,0.3646888385490806,weekly_signal_close,top3_by_RS20_then_layer4_risk_aware_score,False,,,False,False,missing_selected_stock_price_registry_row,adjusted_close_exact > tradable_close_proxy > blocked,selected_ticker_adjusted_close_path_only,False,True,False,False,False,False,False,False,True,False
2018-04-03,dynamic80_top3_rs20_risk_tiebreak_proxy,4728,雙美,TPEx,1.0,0.2902657925204041,0.353976339084705,1.0,67,67,False,False,True,True,False,0.6067029588565124,0.2902657925204041,0.3206009404632297,weekly_signal_close,top3_by_RS20_then_layer4_risk_aware_score,False,,,False,False,missing_selected_stock_price_registry_row,adjusted_close_exact > tradable_close_proxy > blocked,selected_ticker_adjusted_close_path_only,False,True,False,False,False,False,False,False,True,False
2018-04-13,dynamic80_top3_rs20_risk_tiebreak_proxy,2478,大毅,TWSE,1.0,0.5125200512508007,0.2699288956794821,1.0,34,34,False,False,True,True,False,0.6507448088861751,0.5125200512508007,0.5450572916951094,weekly_signal_close,top3_by_RS20_then_layer4_risk_aware_score,False,,,False,False,missing_selected_stock_price_registry_row,adjusted_close_exact > tradable_close_proxy > blocked,selected_ticker_adjusted_close_path_only,False,True,False,False,False,False,False,False,True,False
2018-04-20,dynamic80_top3_rs20_risk_tiebreak_proxy,1609,大亞,TWSE,1.0,0.3077138948827732,0.1231774901929062,1.0,75,75,False,False,True,True,False,0.5699874017582851,0.3077138948827732,0.3362132649706874,weekly_signal_close,top3_by_RS20_then_layer4_risk_aware_score,False,,,False,False,missing_selected_stock_price_registry_row,adjusted_close_exact > tradable_close_proxy > blocked,selected_ticker_adjusted_close_path_only,False,True,False,False,False,False,False,False,True,False
2018-04-27,dynamic80_top3_rs20_risk_tiebreak_proxy,3708,上緯投控,TWSE,1.0,0.4716559890963459,0.8382562255649249,1.0,17,17,False,True,True,True,False,0.6592315231431649,0.4916559890963459,0.5046175652535041,weekly_signal_close,top3_by_RS20_then_layer4_risk_aware_score,False,,,False,False,missing_selected_stock_price_registry_row,adjusted_close_exact > tradable_close_proxy > blocked,selected_ticker_adjusted_close_path_only,False,True,False,False,False,False,False,False,True,False
2018-05-04,dynamic80_top3_rs20_risk_tiebreak_proxy,2478,大毅,TWSE,1.0,0.6027956603802271,0.6586599274782932,1.0,75,75,False,False,True,True,False,0.5758287726771383,0.6027956603802271,0.631587099014084,weekly_signal_close,top3_by_RS20_then_layer4_risk_aware_score,False,,,False,False,missing_selected_stock_price_registry_row,adjusted_close_exact > tradable_close_proxy > blocked,selected_ticker_adjusted_close_path_only,False,True,False,False,False,False,False,False,True,False
2018-05-11,dynamic80_top3_rs20_risk_tiebreak_proxy,6173,信昌電,TPEx,1.0,0.4900754670678008,0.8057947767233229,1.0,80,80,False,False,True,True,False,0.5581301255247455,0.4900754670678008,0.5179819733440381,weekly_signal_close,top3_by_RS20_then_layer4_risk_aware_score,False,,,False,False,missing_selected_stock_price_registry_row,adjusted_close_exact > tradable_close_proxy > blocked,selected_ticker_adjusted_close_path_only,False,True,False,False,False,False,False,False,True,False
2018-05-18,dynamic80_top3_rs20_risk_tiebreak_proxy,3016,嘉晶,TWSE,1.0,0.4177593247257272,0.760173840144502,1.0,68,68,False,False,True,True,False,0.5533784671965669,0.4177593247257272,0.4454282480855555,weekly_signal_close,top3_by_RS20_then_layer4_risk_aware_score,False,,,False,False,missing_selected_stock_price_registry_row,adjusted_close_exact > tradable_close_proxy > blocked,selected_ticker_adjusted_close_path_only,False,True,False,False,False,False,False,False,True,False
2018-05-25,dynamic80_top3_rs20_risk_tiebreak_proxy,5469,瀚宇博,TWSE,1.0,0.7153394982234231,0.550216535146287,1.0,38,38,False,False,True,True,True,0.6053829400203383,0.7153394982234231,0.71560864522444,weekly_signal_close,top3_by_RS20_then_layer4_risk_aware_score,False,,,False,False,missing_selected_stock_price_registry_row,adjusted_close_exact > tradable_close_proxy > blocked,selected_ticker_adjusted_close_path_only,False,True,False,False,False,False,False,False,True,False
2018-06-01,dynamic80_top3_rs20_risk_tiebreak_proxy,6182,合晶,TPEx,1.0,0.3897067323786394,0.6133425821593901,1.0,74,74,False,False,True,True,False,0.5472294471835097,0.3897067323786394,0.4170682047378148,weekly_signal_close,top3_by_RS20_then_layer4_risk_aware_score,False,,,False,False,missing_selected_stock_price_registry_row,adjusted_close_exact > tradable_close_proxy > blocked,selected_ticker_adjusted_close_path_only,False,True,False,False,False,False,False,False,True,False
2018-06-08,dynamic80_top3_rs20_risk_tiebreak_proxy,4725,信昌化,TWSE,1.0,0.2608988268173517,0.2536059009774809,1.0,77,77,False,False,True,True,False,0.5815260555484076,0.2608988268173517,0.2899751295947721,weekly_signal_close,top3_by_RS20_then_layer4_risk_aware_score,False,,,False,False,missing_selected_stock_price_registry_row,adjusted_close_exact > tradable_close_proxy > blocked,selected_ticker_adjusted_close_path_only,False,True,False,False,False,False,False,False,True,False
2018-06-15,dynamic80_top3_rs20_risk_tiebreak_proxy,3406,玉晶光,TWSE,1.0,0.5293131187410103,1.1779991486279755,1.0,18,18,False,True,True,True,False,0.6636051076625045,0.5493131187410103,0.5624933741241355,weekly_signal_close,top3_by_RS20_then_layer4_risk_aware_score,False,,,False,False,missing_selected_stock_price_registry_row,adjusted_close_exact > tradable_close_proxy > blocked,selected_ticker_adjusted_close_path_only,False,True,False,False,False,False,False,False,True,False
2018-06-22,dynamic80_top3_rs20_risk_tiebreak_proxy,8076,伍豐,TPEx,2.0,0.3735636405665251,0.3485758994049597,2.0,38,38,False,False,True,True,False,0.6486207651809015,0.3735636405665251,0.4059946788255701,weekly_signal_close,top3_by_RS20_then_layer4_risk_aware_score,False,,,False,False,missing_selected_stock_price_registry_row,adjusted_close_exact > tradable_close_proxy > blocked,selected_ticker_adjusted_close_path_only,False,True,False,False,False,False,False,False,True,False
2018-06-29,dynamic80_top3_rs20_risk_tiebreak_proxy,3221,台嘉碩,TPEx,1.0,0.3331573961836191,0.6844445114191433,1.0,34,34,False,False,True,True,False,0.6432469137675538,0.3331573961836191,0.3653197418719968,weekly_signal_close,top3_by_RS20_then_layer4_risk_aware_score,False,,,False,False,missing_selected_stock_price_registry_row,adjusted_close_exact > tradable_close_proxy > blocked,selected_ticker_adjusted_close_path_only,False,True,False,False,False,False,False,False,True,False
2018-07-06,dynamic80_top3_rs20_risk_tiebreak_proxy,8016,矽創,TWSE,1.0,0.2431564585875502,0.393346094909998,1.0,72,72,False,False,True,True,False,0.5675305733674542,0.2431564585875502,0.2715329872559229,weekly_signal_close,top3_by_RS20_then_layer4_risk_aware_score,False,,,False,False,missing_selected_stock_price_registry_row,adjusted_close_exact > tradable_close_proxy > blocked,selected_ticker_adjusted_close_path_only,False,True,False,False,False,False,False,False,True,False
2018-07-13,dynamic80_top3_rs20_risk_tiebreak_proxy,3583,辛耘,TWSE,1.0,0.3180076664823039,0.3466323881650301,1.0,49,49,False,False,True,True,False,0.6034698185732619,0.3180076664823039,0.348181157410967,weekly_signal_close,top3_by_RS20_then_layer4_risk_aware_score,False,,,False,False,missing_selected_stock_price_registry_row,adjusted_close_exact > tradable_close_proxy > blocked,selected_ticker_adjusted_close_path_only,False,True,False,False,False,False,False,False,True,False
2018-07-20,dynamic80_top3_rs20_risk_tiebreak_proxy,1515,力山,TWSE,1.0,0.2499052592849384,0.0174297067345465,1.0,57,57,False,False,True,True,False,0.5767140906205704,0.2499052592849384,0.2787409638159669,weekly_signal_close,top3_by_RS20_then_layer4_risk_aware_score,False,,,False,False,missing_selected_stock_price_registry_row,adjusted_close_exact > tradable_close_proxy > blocked,selected_ticker_adjusted_close_path_only,False,True,False,False,False,False,False,False,True,False
2018-07-27,dynamic80_top3_rs20_risk_tiebreak_proxy,4927,泰鼎-KY,TWSE,1.0,0.3394848068093128,0.371142241282131,1.0,13,13,False,True,True,True,False,0.6601929488243936,0.3594848068093128,0.3724944542505325,weekly_signal_close,top3_by_RS20_then_layer4_risk_aware_score,False,,,False,False,missing_selected_stock_price_registry_row,adjusted_close_exact > tradable_close_proxy > blocked,selected_ticker_adjusted_close_path_only,False,True,False,False,False,False,False,False,True,False
2018-08-03,dynamic80_top3_rs20_risk_tiebreak_proxy,1760,寶齡富錦,TWSE,1.0,0.4019610158171289,-0.0050851149915751,1.0,40,40,False,False,True,True,False,0.6345921366060662,0.4019610158171289,0.4336906226474322,weekly_signal_close,top3_by_RS20_then_layer4_risk_aware_score,False,,,False,False,missing_selected_stock_price_registry_row,adjusted_close_exact > tradable_close_proxy > blocked,selected_ticker_adjusted_close_path_only,False,True,False,False,False,False,False,False,True,False
2018-08-10,dynamic80_top3_rs20_risk_tiebreak_proxy,3530,晶相光,TWSE,1.0,1.0831152922460492,,1.0,68,68,False,False,True,True,False,0.5635345153939393,1.0831152922460492,1.1112920180157462,weekly_signal_close,top3_by_RS20_then_layer4_risk_aware_score,False,,,False,False,missing_selected_stock_price_registry_row,adjusted_close_exact > tradable_close_proxy > blocked,selected_ticker_adjusted_close_path_only,False,True,False,False,False,False,False,False,True,False
2018-08-17,dynamic80_top3_rs20_risk_tiebreak_proxy,3563,牧德,TPEx,1.0,0.2736270799262704,-0.0374519196822813,1.0,8,8,False,True,True,True,False,0.7332722816451721,0.2936270799262704,0.310290694008529,weekly_signal_close,top3_by_RS20_then_layer4_risk_aware_score,False,,,False,False,missing_selected_stock_price_registry_row,adjusted_close_exact > tradable_close_proxy > blocked,selected_ticker_adjusted_close_path_only,False,True,False,False,False,False,False,False,True,False
2018-08-24,dynamic80_top3_rs20_risk_tiebreak_proxy,5439,高技,TPEx,1.0,0.3420873992631438,0.2320669277345231,1.0,26,26,False,True,True,True,False,0.6572738841477369,0.3620873992631438,0.3749510934705306,weekly_signal_close,top3_by_RS20_then_layer4_risk_aware_score,False,,,False,False,missing_selected_stock_price_registry_row,adjusted_close_exact > tradable_close_proxy > blocked,selected_ticker_adjusted_close_path_only,False,True,False,False,False,False,False,False,True,False
2018-08-31,dynamic80_top3_rs20_risk_tiebreak_proxy,6552,易華電,TWSE,1.0,0.3051737284935123,0.3906461662591451,1.0,35,35,False,False,True,True,False,0.6437439969799603,0.3051737284935123,0.3373609283425103,weekly_signal_close,top3_by_RS20_then_layer4_risk_aware_score,False,,,False,False,missing_selected_stock_price_registry_row,adjusted_close_exact > tradable_close_proxy > blocked,selected_ticker_adjusted_close_path_only,False,True,False,False,False,False,False,False,True,False
2018-09-07,dynamic80_top3_rs20_risk_tiebreak_proxy,6278,台表科,TWSE,1.0,0.2539135691306011,0.1533369159793118,1.0,74,74,False,False,True,True,False,0.567675128094509,0.2539135691306011,0.2822973255353265,weekly_signal_close,top3_by_RS20_then_layer4_risk_aware_score,False,,,False,False,missing_selected_stock_price_registry_row,adjusted_close_exact > tradable_close_proxy > blocked,selected_ticker_adjusted_close_path_only,False,True,False,False,False,False,False,False,True,False
2018-09-14,dynamic80_top3_rs20_risk_tiebreak_proxy,3653,健策,TWSE,1.0,0.2434487920686303,0.1333956040306798,1.0,22,22,False,True,True,True,False,0.6887385754260023,0.2634487920686303,0.2778857208399304,weekly_signal_close,top3_by_RS20_then_layer4_risk_aware_score,False,,,False,False,missing_selected_stock_price_registry_row,adjusted_close_exact > tradable_close_proxy > blocked,selected_ticker_adjusted_close_path_only,False,True,False,False,False,False,False,False,True,False
2018-09-21,dynamic80_top3_rs20_risk_tiebreak_proxy,3653,健策,TWSE,1.0,0.2402112770156066,0.1547648665042256,1.0,73,73,False,False,True,True,False,0.592504643767234,0.2402112770156066,0.2698365092039683,weekly_signal_close,top3_by_RS20_then_layer4_risk_aware_score,False,,,False,False,missing_selected_stock_price_registry_row,adjusted_close_exact > tradable_close_proxy > blocked,selected_ticker_adjusted_close_path_only,False,True,False,False,False,False,False,False,True,False
2018-09-28,dynamic80_top3_rs20_risk_tiebreak_proxy,3532,台勝科,TWSE,1.0,0.340757744142892,-0.0716208695254159,1.0,73,73,False,False,True,True,False,0.5499899246280033,0.340757744142892,0.3682572403742922,weekly_signal_close,top3_by_RS20_then_layer4_risk_aware_score,False,,,False,False,missing_selected_stock_price_registry_row,adjusted_close_exact > tradable_close_proxy > blocked,selected_ticker_adjusted_close_path_only,False,True,False,False,False,False,False,False,True,False
2018-10-05,dynamic80_top3_rs20_risk_tiebreak_proxy,3532,台勝科,TWSE,1.0,0.2279206746327747,-0.0257318372543814,1.0,74,74,False,False,True,True,False,0.5337205916803448,0.2279206746327747,0.2546067042167919,weekly_signal_close,top3_by_RS20_then_layer4_risk_aware_score,False,,,False,False,missing_selected_stock_price_registry_row,adjusted_close_exact > tradable_close_proxy > blocked,selected_ticker_adjusted_close_path_only,False,True,False,False,False,False,False,False,True,False
2018-10-12,dynamic80_top3_rs20_risk_tiebreak_proxy,6230,尼得科超眾,TWSE,1.0,0.2122768758045653,0.2576894867081261,1.0,41,41,False,False,True,True,False,0.6049070898624123,0.2122768758045653,0.2425222302976859,weekly_signal_close,top3_by_RS20_then_layer4_risk_aware_score,False,,,False,False,missing_selected_stock_price_registry_row,adjusted_close_exact > tradable_close_proxy > blocked,selected_ticker_adjusted_close_path_only,False,True,False,False,False,False,False,False,True,False
2018-10-19,dynamic80_top3_rs20_risk_tiebreak_proxy,3532,台勝科,TWSE,1.0,0.3574141851384231,-0.1945930042522621,1.0,37,37,False,False,True,True,False,0.6002987263636003,0.3574141851384231,0.3874291214566031,weekly_signal_close,top3_by_RS20_then_layer4_risk_aware_score,False,,,False,False,missing_selected_stock_price_registry_row,adjusted_close_exact > tradable_close_proxy > blocked,selected_ticker_adjusted_close_path_only,False,True,False,False,False,False,False,False,True,False
2018-10-26,dynamic80_top3_rs20_risk_tiebreak_proxy,8150,南茂,TWSE,1.0,0.1699916844274294,0.1718674776689307,1.0,59,59,False,False,True,True,False,0.5673599198949238,0.1699916844274294,0.1983596804221756,weekly_signal_close,top3_by_RS20_then_layer4_risk_aware_score,False,,,False,False,missing_selected_stock_price_registry_row,adjusted_close_exact > tradable_close_proxy > blocked,selected_ticker_adjusted_close_path_only,False,True,False,False,False,False,False,False,True,False
2018-11-02,dynamic80_top3_rs20_risk_tiebreak_proxy,1590,亞德客-KY,TWSE,1.0,0.2271737281557058,0.1206142285220458,1.0,76,76,False,False,True,True,False,0.5025500910604499,0.2271737281557058,0.2523012327087283,weekly_signal_close,top3_by_RS20_then_layer4_risk_aware_score,False,,,False,False,missing_selected_stock_price_registry_row,adjusted_close_exact > tradable_close_proxy > blocked,selected_ticker_adjusted_close_path_only,False,True,False,False,False,False,False,False,True,False
2018-11-09,dynamic80_top3_rs20_risk_tiebreak_proxy,3563,牧德,TPEx,1.0,0.2593884090036285,-0.1613203784208758,1.0,64,64,False,False,True,True,False,0.5595971727003347,0.2593884090036285,0.2873682676386452,weekly_signal_close,top3_by_RS20_then_layer4_risk_aware_score,False,,,False,False,missing_selected_stock_price_registry_row,adjusted_close_exact > tradable_close_proxy > blocked,selected_ticker_adjusted_close_path_only,False,True,False,False,False,False,False,False,True,False
2018-11-16,dynamic80_top3_rs20_risk_tiebreak_proxy,5349,先豐,TPEx,1.0,0.2705980883251282,0.0611354244612991,1.0,66,66,False,False,True,True,False,0.5179895530843273,0.2705980883251282,0.2964975659793445,weekly_signal_close,top3_by_RS20_then_layer4_risk_aware_score,False,,,False,False,missing_selected_stock_price_registry_row,adjusted_close_exact > tradable_close_proxy > blocked,selected_ticker_adjusted_close_path_only,False,True,False,False,False,False,False,False,True,False
2018-11-23,dynamic80_top3_rs20_risk_tiebreak_proxy,6182,合晶,TPEx,1.0,0.434444243116254,-0.0789465108479179,1.0,21,21,False,True,True,True,False,0.6601611796085892,0.454444243116254,0.4674523020966835,weekly_signal_close,top3_by_RS20_then_layer4_risk_aware_score,False,,,False,False,missing_selected_stock_price_registry_row,adjusted_close_exact > tradable_close_proxy > blocked,selected_ticker_adjusted_close_path_only,False,True,False,False,False,False,False,False,True,False
2018-11-30,dynamic80_top3_rs20_risk_tiebreak_proxy,1526,日馳,TWSE,1.0,0.990503972397448,0.4039794269442868,1.0,70,70,False,False,True,True,False,0.5279007311511918,0.990503972397448,1.0168990089550076,weekly_signal_close,top3_by_RS20_then_layer4_risk_aware_score,False,,,False,False,missing_selected_stock_price_registry_row,adjusted_close_exact > tradable_close_proxy > blocked,selected_ticker_adjusted_close_path_only,False,True,False,False,False,False,False,False,True,False
2018-12-07,dynamic80_top3_rs20_risk_tiebreak_proxy,2368,金像電,TWSE,1.0,0.3459953069596507,0.1597262832164733,1.0,79,79,False,False,True,True,False,0.517582589326854,0.3459953069596507,0.3718744364259934,weekly_signal_close,top3_by_RS20_then_layer4_risk_aware_score,False,,,False,False,missing_selected_stock_price_registry_row,adjusted_close_exact > tradable_close_proxy > blocked,selected_ticker_adjusted_close_path_only,False,True,False,False,False,False,False,False,True,False
2018-12-14,dynamic80_top3_rs20_risk_tiebreak_proxy,6666,羅麗芬-KY,TWSE,1.0,3.719168578920753,,1.0,30,30,False,True,True,True,False,0.6268818782556156,3.739168578920753,3.750512672833534,weekly_signal_close,top3_by_RS20_then_layer4_risk_aware_score,False,,,False,False,missing_selected_stock_price_registry_row,adjusted_close_exact > tradable_close_proxy > blocked,selected_ticker_adjusted_close_path_only,False,True,False,False,False,False,False,False,True,False
2018-12-21,dynamic80_top3_rs20_risk_tiebreak_proxy,6666,羅麗芬-KY,TWSE,1.0,0.292431977795512,,1.0,76,76,False,False,True,True,False,0.5480565928388107,0.292431977795512,0.3198348074374525,weekly_signal_close,top3_by_RS20_then_layer4_risk_aware_score,False,,,False,False,missing_selected_stock_price_registry_row,adjusted_close_exact > tradable_close_proxy > blocked,selected_ticker_adjusted_close_path_only,False,True,False,False,False,False,False,False,True,False
2018-12-28,dynamic80_top3_rs20_risk_tiebreak_proxy,5263,智崴,TPEx,1.0,0.3484295113684658,0.1981818722095922,1.0,54,54,False,False,True,True,False,0.6026732636678453,0.3484295113684658,0.378563174551858,weekly_signal_close,top3_by_RS20_then_layer4_risk_aware_score,False,,,False,False,missing_selected_stock_price_registry_row,adjusted_close_exact > tradable_close_proxy > blocked,selected_ticker_adjusted_close_path_only,False,True,False,False,False,False,False,False,True,False
2019-01-04,dynamic80_top3_rs20_risk_tiebreak_proxy,1760,寶齡富錦,TWSE,1.0,0.2930211297776377,0.3053758292101075,1.0,57,57,False,False,True,True,False,0.599824725147,0.2930211297776377,0.3230123660349877,weekly_signal_close,top3_by_RS20_then_layer4_risk_aware_score,False,,,False,False,missing_selected_stock_price_registry_row,adjusted_close_exact > tradable_close_proxy > blocked,selected_ticker_adjusted_close_path_only,False,True,False,False,False,False,False,False,True,False
2019-01-11,dynamic80_top3_rs20_risk_tiebreak_proxy,3338,泰碩,TWSE,1.0,0.3818099437482187,0.7930797908660301,1.0,59,59,False,False,True,True,False,0.5790126809670522,0.3818099437482187,0.4107605777965713,weekly_signal_close,top3_by_RS20_then_layer4_risk_aware_score,False,,,False,False,missing_selected_stock_price_registry_row,adjusted_close_exact > tradable_close_proxy > blocked,selected_ticker_adjusted_close_path_only,False,True,False,False,False,False,False,False,True,False
2019-01-18,dynamic80_top3_rs20_risk_tiebreak_proxy,4536,拓凱,TWSE,1.0,0.447003040786073,0.4241394675898962,1.0,24,24,False,True,True,True,False,0.6370440722828978,0.467003040786073,0.4788552444002178,weekly_signal_close,top3_by_RS20_then_layer4_risk_aware_score,False,,,False,False,missing_selected_stock_price_registry_row,adjusted_close_exact > tradable_close_proxy > blocked,selected_ticker_adjusted_close_path_only,False,True,False,False,False,False,False,False,True,False
2019-01-25,dynamic80_top3_rs20_risk_tiebreak_proxy,3324,雙鴻,TPEx,1.0,0.2558665267102062,0.9995760798497276,1.0,8,8,False,True,True,True,False,0.7023810141698004,0.2758665267102062,0.2909855774186962,weekly_signal_close,top3_by_RS20_then_layer4_risk_aware_score,False,,,False,False,missing_selected_stock_price_registry_row,adjusted_close_exact > tradable_close_proxy > blocked,selected_ticker_adjusted_close_path_only,False,True,False,False,False,False,False,False,True,False
2019-01-30,dynamic80_top3_rs20_risk_tiebreak_proxy,6166,凌華,TWSE,1.0,0.4695877459207314,0.3650688500321513,1.0,67,67,False,False,True,True,False,0.5961821546623439,0.4695877459207314,0.4993968536538485,weekly_signal_close,top3_by_RS20_then_layer4_risk_aware_score,False,,,False,False,missing_selected_stock_price_registry_row,adjusted_close_exact > tradable_close_proxy > blocked,selected_ticker_adjusted_close_path_only,False,True,False,False,False,False,False,False,True,False
2019-02-15,dynamic80_top3_rs20_risk_tiebreak_proxy,3708,上緯投控,TWSE,1.0,0.3929729419678371,0.5065549363746837,1.0,13,13,False,True,True,True,False,0.7122769927648224,0.4129729419678371,0.4285867916060782,weekly_signal_close,top3_by_RS20_then_layer4_risk_aware_score,False,,,False,False,missing_selected_stock_price_registry_row,adjusted_close_exact > tradable_close_proxy > blocked,selected_ticker_adjusted_close_path_only,False,True,False,False,False,False,False,False,True,False
2019-02-22,dynamic80_top3_rs20_risk_tiebreak_proxy,3583,辛耘,TWSE,1.0,0.3002911460792374,0.1928332582562533,1.0,74,74,False,False,True,True,False,0.5666572457356193,0.3002911460792374,0.3286240083660183,weekly_signal_close,top3_by_RS20_then_layer4_risk_aware_score,False,,,False,False,missing_selected_stock_price_registry_row,adjusted_close_exact > tradable_close_proxy > blocked,selected_ticker_adjusted_close_path_only,False,True,False,False,False,False,False,False,True,False
2019-02-27,dynamic80_top3_rs20_risk_tiebreak_proxy,3016,嘉晶,TWSE,1.0,0.3249327469035137,0.3425054401658456,1.0,36,36,False,False,True,True,False,0.6554681575390401,0.3249327469035137,0.3577061547804657,weekly_signal_close,top3_by_RS20_then_layer4_risk_aware_score,False,,,False,False,missing_selected_stock_price_registry_row,adjusted_close_exact > tradable_close_proxy > blocked,selected_ticker_adjusted_close_path_only,False,True,False,False,False,False,False,False,True,False
2019-03-08,dynamic80_top3_rs20_risk_tiebreak_proxy,6266,泰詠,TPEx,1.0,0.2884837552460892,0.4282581333024435,1.0,71,71,False,False,True,True,False,0.6239858270059948,0.2884837552460892,0.3196830465963889,weekly_signal_close,top3_by_RS20_then_layer4_risk_aware_score,False,,,False,False,missing_selected_stock_price_registry_row,adjusted_close_exact > tradable_close_proxy > blocked,selected_ticker_adjusted_close_path_only,False,True,False,False,False,False,False,False,True,False
2019-03-15,dynamic80_top3_rs20_risk_tiebreak_proxy,3360,尚立,TPEx,1.0,0.4230050795407363,0.3855016306455496,1.0,59,59,False,False,True,True,False,0.6188190469222502,0.4230050795407363,0.4539460318868488,weekly_signal_close,top3_by_RS20_then_layer4_risk_aware_score,False,,,False,False,missing_selected_stock_price_registry_row,adjusted_close_exact > tradable_close_proxy > blocked,selected_ticker_adjusted_close_path_only,False,True,False,False,False,False,False,False,True,False
2019-03-22,dynamic80_top3_rs20_risk_tiebreak_proxy,3004,豐達科,TWSE,1.0,0.3318807229079303,0.6757576078908671,1.0,49,49,False,False,True,True,False,0.6459264928601828,0.3318807229079303,0.3641770475509394,weekly_signal_close,top3_by_RS20_then_layer4_risk_aware_score,False,,,False,False,missing_selected_stock_price_registry_row,adjusted_close_exact > tradable_close_proxy > blocked,selected_ticker_adjusted_close_path_only,False,True,False,False,False,False,False,False,True,False
2019-03-29,dynamic80_top3_rs20_risk_tiebreak_proxy,3504,揚明光,TWSE,1.0,0.3350979111949255,0.4653466315100296,1.0,21,21,False,True,True,True,False,0.692604551108246,0.3550979111949255,0.3697281387503378,weekly_signal_close,top3_by_RS20_then_layer4_risk_aware_score,False,,,False,False,missing_selected_stock_price_registry_row,adjusted_close_exact > tradable_close_proxy > blocked,selected_ticker_adjusted_close_path_only,False,True,False,False,False,False,False,False,True,False
2019-04-03,dynamic80_top3_rs20_risk_tiebreak_proxy,4564,元翎,TWSE,1.0,3.199378616789165,,1.0,30,30,False,True,True,True,False,0.6600531487478836,3.219378616789165,3.232381274226559,weekly_signal_close,top3_by_RS20_then_layer4_risk_aware_score,False,,,False,False,missing_selected_stock_price_registry_row,adjusted_close_exact > tradable_close_proxy > blocked,selected_ticker_adjusted_close_path_only,False,True,False,False,False,False,False,False,True,False
2019-04-12,dynamic80_top3_rs20_risk_tiebreak_proxy,2455,全新,TWSE,3.0,0.2152517374684388,0.3119926653871885,3.0,8,8,False,True,True,True,False,0.723724636473299,0.2352517374684387,0.2514379692921037,weekly_signal_close,top3_by_RS20_then_layer4_risk_aware_score,False,,,False,False,missing_selected_stock_price_registry_row,adjusted_close_exact > tradable_close_proxy > blocked,selected_ticker_adjusted_close_path_only,False,True,False,False,False,False,False,False,True,False
2019-04-19,dynamic80_top3_rs20_risk_tiebreak_proxy,3483,力致,TPEx,1.0,0.4362820083243297,0.6534376950766712,1.0,80,80,False,False,True,True,False,0.5539080802417401,0.4362820083243297,0.4639774123364166,weekly_signal_close,top3_by_RS20_then_layer4_risk_aware_score,False,,,False,False,missing_selected_stock_price_registry_row,adjusted_close_exact > tradable_close_proxy > blocked,selected_ticker_adjusted_close_path_only,False,True,False,False,False,False,False,False,True,False
2019-04-26,dynamic80_top3_rs20_risk_tiebreak_proxy,2404,漢唐,TWSE,1.0,0.2706116066292701,0.3758985581346565,1.0,31,31,False,True,True,True,False,0.6583454439037478,0.2906116066292701,0.3035288788244574,weekly_signal_close,top3_by_RS20_then_layer4_risk_aware_score,False,,,False,False,missing_selected_stock_price_registry_row,adjusted_close_exact > tradable_close_proxy > blocked,selected_ticker_adjusted_close_path_only,False,True,False,False,False,False,False,False,True,False
2019-05-03,dynamic80_top3_rs20_risk_tiebreak_proxy,3338,泰碩,TWSE,1.0,0.3902160740025744,0.6493504460008888,1.0,13,13,False,True,True,True,False,0.7017195079701186,0.4102160740025744,0.4253020494010803,weekly_signal_close,top3_by_RS20_then_layer4_risk_aware_score,False,,,False,False,missing_selected_stock_price_registry_row,adjusted_close_exact > tradable_close_proxy > blocked,selected_ticker_adjusted_close_path_only,False,True,False,False,False,False,False,False,True,False
2019-05-10,dynamic80_top3_rs20_risk_tiebreak_proxy,5263,智崴,TPEx,1.0,0.2321544348340554,0.1509601652679435,1.0,42,42,False,False,True,True,False,0.6401893682395963,0.2321544348340554,0.2641639032460352,weekly_signal_close,top3_by_RS20_then_layer4_risk_aware_score,False,,,False,False,missing_selected_stock_price_registry_row,adjusted_close_exact > tradable_close_proxy > blocked,selected_ticker_adjusted_close_path_only,False,True,False,False,False,False,False,False,True,False
2019-05-17,dynamic80_top3_rs20_risk_tiebreak_proxy,5483,中美晶,TPEx,1.0,0.2214472044950406,0.0935315430587626,1.0,15,15,False,True,True,True,False,0.7124620119366336,0.2414472044950406,0.2570703050918723,weekly_signal_close,top3_by_RS20_then_layer4_risk_aware_score,False,,,False,False,missing_selected_stock_price_registry_row,adjusted_close_exact > tradable_close_proxy > blocked,selected_ticker_adjusted_close_path_only,False,True,False,False,False,False,False,False,True,False
2019-05-24,dynamic80_top3_rs20_risk_tiebreak_proxy,3630,新鉅科,TPEx,1.0,0.2916433518198249,0.1133587527878483,1.0,75,75,False,False,True,True,False,0.5181081912449418,0.2916433518198249,0.317548761382072,weekly_signal_close,top3_by_RS20_then_layer4_risk_aware_score,False,,,False,False,missing_selected_stock_price_registry_row,adjusted_close_exact > tradable_close_proxy > blocked,selected_ticker_adjusted_close_path_only,False,True,False,False,False,False,False,False,True,False
2019-05-31,dynamic80_top3_rs20_risk_tiebreak_proxy,3083,網龍,TPEx,1.0,0.223651528042743,0.333458929666885,1.0,54,54,False,False,True,True,False,0.6062822233253176,0.223651528042743,0.2539656392090089,weekly_signal_close,top3_by_RS20_then_layer4_risk_aware_score,False,,,False,False,missing_selected_stock_price_registry_row,adjusted_close_exact > tradable_close_proxy > blocked,selected_ticker_adjusted_close_path_only,False,True,False,False,False,False,False,False,True,False
2019-06-06,dynamic80_top3_rs20_risk_tiebreak_proxy,2207,和泰車,TWSE,1.0,0.2332571556300515,0.4388727638468537,1.0,33,33,False,False,True,True,False,0.6653662336552014,0.2332571556300515,0.2665254673128115,weekly_signal_close,top3_by_RS20_then_layer4_risk_aware_score,False,,,False,False,missing_selected_stock_price_registry_row,adjusted_close_exact > tradable_close_proxy > blocked,selected_ticker_adjusted_close_path_only,False,True,False,False,False,False,False,False,True,False
2019-06-14,dynamic80_top3_rs20_risk_tiebreak_proxy,9938,百和,TWSE,1.0,0.189647019076191,0.2586041875050178,1.0,29,29,False,True,True,True,False,0.6792690684677787,0.209647019076191,0.2236104724995799,weekly_signal_close,top3_by_RS20_then_layer4_risk_aware_score,False,,,False,False,missing_selected_stock_price_registry_row,adjusted_close_exact > tradable_close_proxy > blocked,selected_ticker_adjusted_close_path_only,False,True,False,False,False,False,False,False,True,False
2019-06-21,dynamic80_top3_rs20_risk_tiebreak_proxy,2461,光群雷,TWSE,1.0,0.2525669750323793,0.3225939627800429,1.0,61,61,False,False,True,True,False,0.612194943922166,0.2525669750323793,0.2831767222284876,weekly_signal_close,top3_by_RS20_then_layer4_risk_aware_score,False,,,False,False,missing_selected_stock_price_registry_row,adjusted_close_exact > tradable_close_proxy > blocked,selected_ticker_adjusted_close_path_only,False,True,False,False,False,False,False,False,True,False
2019-06-28,dynamic80_top3_rs20_risk_tiebreak_proxy,2461,光群雷,TWSE,1.0,0.4262090748657114,0.5474565405588234,1.0,80,80,False,False,True,True,False,0.6086425597212957,0.4262090748657114,0.4566412028517762,weekly_signal_close,top3_by_RS20_then_layer4_risk_aware_score,False,,,False,False,missing_selected_stock_price_registry_row,adjusted_close_exact > tradable_close_proxy > blocked,selected_ticker_adjusted_close_path_only,False,True,False,False,False,False,False,False,True,False
2019-07-05,dynamic80_top3_rs20_risk_tiebreak_proxy,1762,中化生,TWSE,1.0,0.3139613110529149,0.406622536712496,1.0,73,73,False,False,True,True,False,0.5950433061826227,0.3139613110529149,0.3437134763620461,weekly_signal_close,top3_by_RS20_then_layer4_risk_aware_score,False,,,False,False,missing_selected_stock_price_registry_row,adjusted_close_exact > tradable_close_proxy > blocked,selected_ticker_adjusted_close_path_only,False,True,False,False,False,False,False,False,True,False
2019-07-12,dynamic80_top3_rs20_risk_tiebreak_proxy,6679,鈺太,TPEx,1.0,0.4001354638738004,,1.0,73,73,False,False,True,True,False,0.5584496383533119,0.4001354638738004,0.428057945791466,weekly_signal_close,top3_by_RS20_then_layer4_risk_aware_score,False,,,False,False,missing_selected_stock_price_registry_row,adjusted_close_exact > tradable_close_proxy > blocked,selected_ticker_adjusted_close_path_only,False,True,False,False,False,False,False,False,True,False
2019-07-19,dynamic80_top3_rs20_risk_tiebreak_proxy,4953,緯軟,TPEx,1.0,0.2896440219287857,0.1073332649987022,1.0,11,11,False,True,True,True,False,0.6934830645405213,0.3096440219287857,0.3243181751558117,weekly_signal_close,top3_by_RS20_then_layer4_risk_aware_score,False,,,False,False,missing_selected_stock_price_registry_row,adjusted_close_exact > tradable_close_proxy > blocked,selected_ticker_adjusted_close_path_only,False,True,False,False,False,False,False,False,True,False
2019-07-26,dynamic80_top3_rs20_risk_tiebreak_proxy,8044,網家,TPEx,1.0,0.3515477411427434,0.1513884475081814,1.0,31,31,False,True,True,True,False,0.6363206259684107,0.3715477411427434,0.3833637724411639,weekly_signal_close,top3_by_RS20_then_layer4_risk_aware_score,False,,,False,False,missing_selected_stock_price_registry_row,adjusted_close_exact > tradable_close_proxy > blocked,selected_ticker_adjusted_close_path_only,False,True,False,False,False,False,False,False,True,False
2019-08-02,dynamic80_top3_rs20_risk_tiebreak_proxy,6166,凌華,TWSE,1.0,0.2128190017355045,0.1741927586468019,1.0,75,75,False,False,True,False,False,0.5612819114734303,0.2128190017355045,0.240883097309176,weekly_signal_close,top3_by_RS20_then_layer4_risk_aware_score,False,,,False,False,missing_selected_stock_price_registry_row,adjusted_close_exact > tradable_close_proxy > blocked,selected_ticker_adjusted_close_path_only,False,True,False,False,False,False,False,False,True,False
2019-08-08,dynamic80_top3_rs20_risk_tiebreak_proxy,3293,鈊象,TPEx,1.0,0.223413559658343,0.3770853424476754,1.0,29,29,False,True,True,True,False,0.6517480950842844,0.243413559658343,0.2560009644125572,weekly_signal_close,top3_by_RS20_then_layer4_risk_aware_score,False,,,False,False,missing_selected_stock_price_registry_row,adjusted_close_exact > tradable_close_proxy > blocked,selected_ticker_adjusted_close_path_only,False,True,False,False,False,False,False,False,True,False
2019-08-16,dynamic80_top3_rs20_risk_tiebreak_proxy,2387,精元,TWSE,1.0,0.3963595229585506,1.342447020007075,1.0,65,65,False,False,True,True,False,0.5648691149678585,0.3963595229585506,0.4246029787069435,weekly_signal_close,top3_by_RS20_then_layer4_risk_aware_score,False,,,False,False,missing_selected_stock_price_registry_row,adjusted_close_exact > tradable_close_proxy > blocked,selected_ticker_adjusted_close_path_only,False,True,False,False,False,False,False,False,True,False
2019-08-23,dynamic80_top3_rs20_risk_tiebreak_proxy,6510,精測,TPEx,1.0,0.5396704294009326,0.6663353808349077,1.0,65,65,False,False,True,True,False,0.5629932790250146,0.5396704294009326,0.5678200933521833,weekly_signal_close,top3_by_RS20_then_layer4_risk_aware_score,False,,,False,False,missing_selected_stock_price_registry_row,adjusted_close_exact > tradable_close_proxy > blocked,selected_ticker_adjusted_close_path_only,False,True,False,False,False,False,False,False,True,False
2019-08-30,dynamic80_top3_rs20_risk_tiebreak_proxy,5498,凱崴,TPEx,1.0,0.5042542258718385,0.3604000623938956,1.0,74,74,False,False,True,False,False,0.5564121983338042,0.5042542258718385,0.5320748357885288,weekly_signal_close,top3_by_RS20_then_layer4_risk_aware_score,False,,,False,False,missing_selected_stock_price_registry_row,adjusted_close_exact > tradable_close_proxy > blocked,selected_ticker_adjusted_close_path_only,False,True,False,False,False,False,False,False,True,False
2019-09-06,dynamic80_top3_rs20_risk_tiebreak_proxy,2313,華通,TWSE,1.0,0.3426883162586229,0.3942554104538558,1.0,18,18,False,True,True,True,False,0.6923507686697529,0.3626883162586229,0.3773058546921105,weekly_signal_close,top3_by_RS20_then_layer4_risk_aware_score,False,,,False,False,missing_selected_stock_price_registry_row,adjusted_close_exact > tradable_close_proxy > blocked,selected_ticker_adjusted_close_path_only,False,True,False,False,False,False,False,False,True,False
2019-09-12,dynamic80_top3_rs20_risk_tiebreak_proxy,5498,凱崴,TPEx,1.0,0.663243110161148,0.5471037561027514,1.0,75,75,False,False,True,True,False,0.554755609984408,0.663243110161148,0.6909808906603684,weekly_signal_close,top3_by_RS20_then_layer4_risk_aware_score,False,,,False,False,missing_selected_stock_price_registry_row,adjusted_close_exact > tradable_close_proxy > blocked,selected_ticker_adjusted_close_path_only,False,True,False,False,False,False,False,False,True,False
2019-09-20,dynamic80_top3_rs20_risk_tiebreak_proxy,3083,網龍,TPEx,1.0,0.3370862424812184,0.3345344155824008,1.0,7,7,False,True,True,True,False,0.7233871098118356,0.3570862424812184,0.3732555979718102,weekly_signal_close,top3_by_RS20_then_layer4_risk_aware_score,False,,,False,False,missing_selected_stock_price_registry_row,adjusted_close_exact > tradable_close_proxy > blocked,selected_ticker_adjusted_close_path_only,False,True,False,False,False,False,False,False,True,False
2019-09-27,dynamic80_top3_rs20_risk_tiebreak_proxy,3661,世芯-KY,TWSE,1.0,0.1292428723176486,0.6619729720889589,1.0,27,27,False,True,True,True,False,0.6889602955478098,0.1492428723176486,0.1636908870950391,weekly_signal_close,top3_by_RS20_then_layer4_risk_aware_score,False,,,False,False,missing_selected_stock_price_registry_row,adjusted_close_exact > tradable_close_proxy > blocked,selected_ticker_adjusted_close_path_only,False,True,False,False,False,False,False,False,True,False
2019-10-04,dynamic80_top3_rs20_risk_tiebreak_proxy,6472,保瑞,TPEx,1.0,0.1706237523350535,0.1588081111693984,1.0,47,47,False,False,True,True,False,0.6441587455406333,0.1706237523350535,0.2028316896120851,weekly_signal_close,top3_by_RS20_then_layer4_risk_aware_score,False,,,False,False,missing_selected_stock_price_registry_row,adjusted_close_exact > tradable_close_proxy > blocked,selected_ticker_adjusted_close_path_only,False,True,False,False,False,False,False,False,True,False
2019-10-09,dynamic80_top3_rs20_risk_tiebreak_proxy,3680,家登,TPEx,1.0,0.4411234108556532,1.2191342777074414,1.0,9,9,False,True,True,True,False,0.7092458808266983,0.4611234108556532,0.4765857048969881,weekly_signal_close,top3_by_RS20_then_layer4_risk_aware_score,False,,,False,False,missing_selected_stock_price_registry_row,adjusted_close_exact > tradable_close_proxy > blocked,selected_ticker_adjusted_close_path_only,False,True,False,False,False,False,False,False,True,False
2019-10-18,dynamic80_top3_rs20_risk_tiebreak_proxy,9935,慶豐富,TWSE,1.0,0.225648726320238,0.6935684030306661,1.0,79,79,False,False,True,True,False,0.5883960865156782,0.225648726320238,0.2550685306460219,weekly_signal_close,top3_by_RS20_then_layer4_risk_aware_score,False,,,False,False,missing_selected_stock_price_registry_row,adjusted_close_exact > tradable_close_proxy > blocked,selected_ticker_adjusted_close_path_only,False,True,False,False,False,False,False,False,True,False
2019-10-25,dynamic80_top3_rs20_risk_tiebreak_proxy,4908,前鼎,TPEx,1.0,0.451922990336119,0.5579209794928623,1.0,74,74,False,False,True,True,False,0.5962499012214537,0.451922990336119,0.4817354853971917,weekly_signal_close,top3_by_RS20_then_layer4_risk_aware_score,False,,,False,False,missing_selected_stock_price_registry_row,adjusted_close_exact > tradable_close_proxy > blocked,selected_ticker_adjusted_close_path_only,False,True,False,False,False,False,False,False,True,False
2019-11-01,dynamic80_top3_rs20_risk_tiebreak_proxy,2504,國產,TWSE,1.0,0.472634710391586,0.6232048952434974,1.0,24,24,False,True,True,True,False,0.6705534195628927,0.492634710391586,0.5061623813697307,weekly_signal_close,top3_by_RS20_then_layer4_risk_aware_score,False,,,False,False,missing_selected_stock_price_registry_row,adjusted_close_exact > tradable_close_proxy > blocked,selected_ticker_adjusted_close_path_only,False,True,False,False,False,False,False,False,True,False
2019-11-08,dynamic80_top3_rs20_risk_tiebreak_proxy,2362,藍天,TWSE,1.0,0.2873418300112826,0.1386028339946396,1.0,64,64,False,False,True,True,False,0.6072577586062587,0.2873418300112826,0.3177047179415955,weekly_signal_close,top3_by_RS20_then_layer4_risk_aware_score,False,,,False,False,missing_selected_stock_price_registry_row,adjusted_close_exact > tradable_close_proxy > blocked,selected_ticker_adjusted_close_path_only,False,True,False,False,False,False,False,False,True,False
2019-11-15,dynamic80_top3_rs20_risk_tiebreak_proxy,6667,信紘科,TPEx,1.0,0.9213427250053484,1.47688358025622,1.0,58,58,False,False,True,True,False,0.6306599189698612,0.9213427250053484,0.9528757209538414,weekly_signal_close,top3_by_RS20_then_layer4_risk_aware_score,False,,,False,False,missing_selected_stock_price_registry_row,adjusted_close_exact > tradable_close_proxy > blocked,selected_ticker_adjusted_close_path_only,False,True,False,False,False,False,False,False,True,False
2019-11-22,dynamic80_top3_rs20_risk_tiebreak_proxy,6251,定穎,TWSE,1.0,0.2262269469219739,0.3939925270402635,1.0,44,44,False,False,True,True,False,0.6435885919441727,0.2262269469219739,0.2584063765191825,weekly_signal_close,top3_by_RS20_then_layer4_risk_aware_score,False,,,False,False,missing_selected_stock_price_registry_row,adjusted_close_exact > tradable_close_proxy > blocked,selected_ticker_adjusted_close_path_only,False,True,False,False,False,False,False,False,True,False
2019-11-29,dynamic80_top3_rs20_risk_tiebreak_proxy,6612,奈米醫材,TPEx,1.0,0.3019220836270191,0.2612553350727107,1.0,57,57,False,False,True,True,False,0.6309283986313943,0.3019220836270191,0.3334685035585888,weekly_signal_close,top3_by_RS20_then_layer4_risk_aware_score,False,,,False,False,missing_selected_stock_price_registry_row,adjusted_close_exact > tradable_close_proxy > blocked,selected_ticker_adjusted_close_path_only,False,True,False,False,False,False,False,False,True,False
2019-12-06,dynamic80_top3_rs20_risk_tiebreak_proxy,8182,加高,TPEx,1.0,0.4921704144129888,0.3007664464165769,1.0,73,73,False,False,True,True,False,0.5685385655362146,0.4921704144129888,0.5205973426897995,weekly_signal_close,top3_by_RS20_then_layer4_risk_aware_score,False,,,False,False,missing_selected_stock_price_registry_row,adjusted_close_exact > tradable_close_proxy > blocked,selected_ticker_adjusted_close_path_only,False,True,False,False,False,False,False,False,True,False
2019-12-13,dynamic80_top3_rs20_risk_tiebreak_proxy,6196,帆宣,TWSE,1.0,0.3053027465076627,0.6326387330408252,1.0,9,9,False,True,True,True,False,0.7033769169790698,0.3253027465076627,0.3404715923566161,weekly_signal_close,top3_by_RS20_then_layer4_risk_aware_score,False,,,False,False,missing_selected_stock_price_registry_row,adjusted_close_exact > tradable_close_proxy > blocked,selected_ticker_adjusted_close_path_only,False,True,False,False,False,False,False,False,True,False
2019-12-20,dynamic80_top3_rs20_risk_tiebreak_proxy,6230,尼得科超眾,TWSE,1.0,0.2148345223954686,-0.0578840643452409,1.0,71,71,False,False,True,True,False,0.587013197868675,0.2148345223954686,0.2441851822889023,weekly_signal_close,top3_by_RS20_then_layer4_risk_aware_score,False,,,False,False,missing_selected_stock_price_registry_row,adjusted_close_exact > tradable_close_proxy > blocked,selected_ticker_adjusted_close_path_only,False,True,False,False,False,False,False,False,True,False
2019-12-27,dynamic80_top3_rs20_risk_tiebreak_proxy,3131,弘塑,TPEx,1.0,0.292382162799403,0.7501982074886056,1.0,79,79,False,False,True,True,False,0.5885560457504713,0.292382162799403,0.3218099650869265,weekly_signal_close,top3_by_RS20_then_layer4_risk_aware_score,False,,,False,False,missing_selected_stock_price_registry_row,adjusted_close_exact > tradable_close_proxy > blocked,selected_ticker_adjusted_close_path_only,False,True,False,False,False,False,False,False,True,False
2020-01-03,dynamic80_top3_rs20_risk_tiebreak_proxy,3406,玉晶光,TWSE,1.0,0.3423714935129067,0.0587906018637498,1.0,55,55,False,False,True,True,False,0.6452484601310807,0.3423714935129067,0.3746339165194607,weekly_signal_close,top3_by_RS20_then_layer4_risk_aware_score,False,,,False,False,missing_selected_stock_price_registry_row,adjusted_close_exact > tradable_close_proxy > blocked,selected_ticker_adjusted_close_path_only,False,True,False,False,False,False,False,False,True,False
2020-01-10,dynamic80_top3_rs20_risk_tiebreak_proxy,3293,鈊象,TPEx,1.0,0.2297702041247493,0.0707825520121918,1.0,52,52,False,False,True,True,False,0.6490231520905011,0.2297702041247493,0.2622213617292743,weekly_signal_close,top3_by_RS20_then_layer4_risk_aware_score,False,,,False,False,missing_selected_stock_price_registry_row,adjusted_close_exact > tradable_close_proxy > blocked,selected_ticker_adjusted_close_path_only,False,True,False,False,False,False,False,False,True,False
2020-01-17,dynamic80_top3_rs20_risk_tiebreak_proxy,8210,勤誠,TWSE,1.0,0.3704482416837305,0.3498366899183578,1.0,52,52,False,False,True,True,False,0.6399013908752959,0.3704482416837305,0.4024433112274952,weekly_signal_close,top3_by_RS20_then_layer4_risk_aware_score,False,,,False,False,missing_selected_stock_price_registry_row,adjusted_close_exact > tradable_close_proxy > blocked,selected_ticker_adjusted_close_path_only,False,True,False,False,False,False,False,False,True,False
2020-01-20,dynamic80_top3_rs20_risk_tiebreak_proxy,3293,鈊象,TPEx,1.0,0.2466378017332937,0.1117383947678729,1.0,50,50,False,False,True,True,False,0.6392332272051371,0.2466378017332937,0.2785994630935505,weekly_signal_close,top3_by_RS20_then_layer4_risk_aware_score,False,,,False,False,missing_selected_stock_price_registry_row,adjusted_close_exact > tradable_close_proxy > blocked,selected_ticker_adjusted_close_path_only,False,True,False,False,False,False,False,False,True,False
2020-01-31,dynamic80_top3_rs20_risk_tiebreak_proxy,3218,大學光,TPEx,1.0,0.3515100100054937,0.2245843026695735,1.0,25,25,False,True,True,True,False,0.6403827443798242,0.3715100100054937,0.3835291472244849,weekly_signal_close,top3_by_RS20_then_layer4_risk_aware_score,False,,,False,False,missing_selected_stock_price_registry_row,adjusted_close_exact > tradable_close_proxy > blocked,selected_ticker_adjusted_close_path_only,False,True,False,False,False,False,False,False,True,False
2020-02-07,dynamic80_top3_rs20_risk_tiebreak_proxy,8996,高力,TWSE,1.0,0.4111521737045321,0.798430924909894,1.0,32,32,False,False,True,True,False,0.5935598410915699,0.4111521737045321,0.4408301657591106,weekly_signal_close,top3_by_RS20_then_layer4_risk_aware_score,False,,,False,False,missing_selected_stock_price_registry_row,adjusted_close_exact > tradable_close_proxy > blocked,selected_ticker_adjusted_close_path_only,False,True,False,False,False,False,False,False,True,False
2020-02-14,dynamic80_top3_rs20_risk_tiebreak_proxy,3515,華擎,TWSE,1.0,0.4753488766594569,0.5644750150420434,1.0,43,43,False,False,True,True,True,0.5461480067017903,0.4753488766594569,0.4726562769945464,weekly_signal_close,top3_by_RS20_then_layer4_risk_aware_score,False,,,False,False,missing_selected_stock_price_registry_row,adjusted_close_exact > tradable_close_proxy > blocked,selected_ticker_adjusted_close_path_only,False,True,False,False,False,False,False,False,True,False
2020-02-21,dynamic80_top3_rs20_risk_tiebreak_proxy,3218,大學光,TPEx,1.0,0.2398477536277902,0.2877286770135343,1.0,23,23,False,False,True,True,True,0.6093957402038138,0.2398477536277902,0.2403175406379809,weekly_signal_close,top3_by_RS20_then_layer4_risk_aware_score,False,,,False,False,missing_selected_stock_price_registry_row,adjusted_close_exact > tradable_close_proxy > blocked,selected_ticker_adjusted_close_path_only,False,True,False,False,False,False,False,False,True,False
2020-02-27,dynamic80_top3_rs20_risk_tiebreak_proxy,3293,鈊象,TPEx,1.0,0.2644545459645896,0.6943081655428305,1.0,63,63,False,False,True,True,False,0.5493387060998599,0.2644545459645896,0.2919214812695826,weekly_signal_close,top3_by_RS20_then_layer4_risk_aware_score,False,,,False,False,missing_selected_stock_price_registry_row,adjusted_close_exact > tradable_close_proxy > blocked,selected_ticker_adjusted_close_path_only,False,True,False,False,False,False,False,False,True,False
2020-03-06,dynamic80_top3_rs20_risk_tiebreak_proxy,4119,旭富,TWSE,1.0,0.3398249811964045,0.1945290291001069,1.0,20,20,False,True,True,True,False,0.6651565791617176,0.3598249811964045,0.3730828101544903,weekly_signal_close,top3_by_RS20_then_layer4_risk_aware_score,False,,,False,False,missing_selected_stock_price_registry_row,adjusted_close_exact > tradable_close_proxy > blocked,selected_ticker_adjusted_close_path_only,False,True,False,False,False,False,False,False,True,False
2020-03-13,dynamic80_top3_rs20_risk_tiebreak_proxy,2368,金像電,TWSE,1.0,0.5599421019902854,0.4474643899701341,1.0,43,43,False,False,True,True,False,0.5655146899265479,0.5599421019902854,0.5882178364866127,weekly_signal_close,top3_by_RS20_then_layer4_risk_aware_score,False,,,False,False,missing_selected_stock_price_registry_row,adjusted_close_exact > tradable_close_proxy > blocked,selected_ticker_adjusted_close_path_only,False,True,False,False,False,False,False,False,True,False
2020-03-20,dynamic80_top3_rs20_risk_tiebreak_proxy,1732,毛寶,TWSE,1.0,0.5303995038708564,1.8101617728733688,1.0,71,71,False,False,True,True,False,0.5288374348530769,0.5303995038708564,0.5568413756135103,weekly_signal_close,top3_by_RS20_then_layer4_risk_aware_score,False,,,False,False,missing_selected_stock_price_registry_row,adjusted_close_exact > tradable_close_proxy > blocked,selected_ticker_adjusted_close_path_only,False,True,False,False,False,False,False,False,True,False
2020-03-27,dynamic80_top3_rs20_risk_tiebreak_proxy,2368,金像電,TWSE,1.0,0.6967386010187099,0.695712723034508,1.0,64,64,False,False,True,True,False,0.5510266496119001,0.6967386010187099,0.7242899334993049,weekly_signal_close,top3_by_RS20_then_layer4_risk_aware_score,False,,,False,False,missing_selected_stock_price_registry_row,adjusted_close_exact > tradable_close_proxy > blocked,selected_ticker_adjusted_close_path_only,False,True,False,False,False,False,False,False,True,False
2020-04-01,dynamic80_top3_rs20_risk_tiebreak_proxy,4119,旭富,TWSE,1.0,0.304565199045723,0.4740750921032415,1.0,58,58,False,False,True,True,False,0.5468038937691012,0.304565199045723,0.331905393734178,weekly_signal_close,top3_by_RS20_then_layer4_risk_aware_score,False,,,False,False,missing_selected_stock_price_registry_row,adjusted_close_exact > tradable_close_proxy > blocked,selected_ticker_adjusted_close_path_only,False,True,False,False,False,False,False,False,True,False
2020-04-10,dynamic80_top3_rs20_risk_tiebreak_proxy,2368,金像電,TWSE,1.0,0.2649101947331944,0.7282944924601915,1.0,42,42,False,False,True,True,False,0.5569138762218078,0.2649101947331944,0.2927558885442847,weekly_signal_close,top3_by_RS20_then_layer4_risk_aware_score,False,,,False,False,missing_selected_stock_price_registry_row,adjusted_close_exact > tradable_close_proxy > blocked,selected_ticker_adjusted_close_path_only,False,True,False,False,False,False,False,False,True,False
2020-04-17,dynamic80_top3_rs20_risk_tiebreak_proxy,6415,矽力*-KY,TWSE,1.0,0.5418494697081055,0.2277088065492183,1.0,62,62,False,False,True,True,False,0.5050674841025562,0.5418494697081055,0.5671028439132334,weekly_signal_close,top3_by_RS20_then_layer4_risk_aware_score,False,,,False,False,missing_selected_stock_price_registry_row,adjusted_close_exact > tradable_close_proxy > blocked,selected_ticker_adjusted_close_path_only,False,True,False,False,False,False,False,False,True,False
2020-04-24,dynamic80_top3_rs20_risk_tiebreak_proxy,3669,圓展,TWSE,1.0,0.4868033632967004,1.1592859505685476,1.0,64,64,False,False,True,True,False,0.5536430273747407,0.4868033632967004,0.5144855146654375,weekly_signal_close,top3_by_RS20_then_layer4_risk_aware_score,False,,,False,False,missing_selected_stock_price_registry_row,adjusted_close_exact > tradable_close_proxy > blocked,selected_ticker_adjusted_close_path_only,False,True,False,False,False,False,False,False,True,False
2020-04-30,dynamic80_top3_rs20_risk_tiebreak_proxy,9919,康那香,TWSE,1.0,0.5566678864897969,0.7912938014701015,1.0,49,49,False,False,True,True,True,0.5611822517569488,0.5566678864897969,0.5547269990776443,weekly_signal_close,top3_by_RS20_then_layer4_risk_aware_score,False,,,False,False,missing_selected_stock_price_registry_row,adjusted_close_exact > tradable_close_proxy > blocked,selected_ticker_adjusted_close_path_only,False,True,False,False,False,False,False,False,True,False
2020-05-08,dynamic80_top3_rs20_risk_tiebreak_proxy,5299,杰力,TPEx,1.0,0.3439306622475515,0.2910913409823861,1.0,72,72,False,False,True,True,False,0.5852306499335433,0.3439306622475515,0.3731921947442286,weekly_signal_close,top3_by_RS20_then_layer4_risk_aware_score,False,,,False,False,missing_selected_stock_price_registry_row,adjusted_close_exact > tradable_close_proxy > blocked,selected_ticker_adjusted_close_path_only,False,True,False,False,False,False,False,False,True,False
2020-05-15,dynamic80_top3_rs20_risk_tiebreak_proxy,4966,譜瑞-KY,TPEx,1.0,0.2856948376125507,0.2499910329870484,1.0,60,60,False,False,True,True,False,0.6167662878616806,0.2856948376125507,0.3165331520056347,weekly_signal_close,top3_by_RS20_then_layer4_risk_aware_score,False,,,False,False,missing_selected_stock_price_registry_row,adjusted_close_exact > tradable_close_proxy > blocked,selected_ticker_adjusted_close_path_only,False,True,False,False,False,False,False,False,True,False
2020-05-22,dynamic80_top3_rs20_risk_tiebreak_proxy,3680,家登,TPEx,1.0,0.5485433061038458,0.3375980113888771,1.0,75,75,False,False,True,True,False,0.552986912130697,0.5485433061038458,0.5761926517103807,weekly_signal_close,top3_by_RS20_then_layer4_risk_aware_score,False,,,False,False,missing_selected_stock_price_registry_row,adjusted_close_exact > tradable_close_proxy > blocked,selected_ticker_adjusted_close_path_only,False,True,False,False,False,False,False,False,True,False
2020-05-29,dynamic80_top3_rs20_risk_tiebreak_proxy,4736,泰博,TPEx,1.0,0.5503383103267021,0.8388884428729717,1.0,70,70,False,False,True,True,False,0.5449364038322245,0.5503383103267021,0.5775851305183133,weekly_signal_close,top3_by_RS20_then_layer4_risk_aware_score,False,,,False,False,missing_selected_stock_price_registry_row,adjusted_close_exact > tradable_close_proxy > blocked,selected_ticker_adjusted_close_path_only,False,True,False,False,False,False,False,False,True,False
2020-06-05,dynamic80_top3_rs20_risk_tiebreak_proxy,3218,大學光,TPEx,1.0,0.5363348235199057,1.0127991403840952,1.0,8,8,False,True,True,True,False,0.714271704474685,0.5563348235199057,0.5720484087436399,weekly_signal_close,top3_by_RS20_then_layer4_risk_aware_score,False,,,False,False,missing_selected_stock_price_registry_row,adjusted_close_exact > tradable_close_proxy > blocked,selected_ticker_adjusted_close_path_only,False,True,False,False,False,False,False,False,True,False
2020-06-12,dynamic80_top3_rs20_risk_tiebreak_proxy,3653,健策,TWSE,1.0,0.2612044485490858,0.7753611751407667,1.0,14,14,False,True,True,True,False,0.6821140028404042,0.2812044485490858,0.295310148691106,weekly_signal_close,top3_by_RS20_then_layer4_risk_aware_score,False,,,False,False,missing_selected_stock_price_registry_row,adjusted_close_exact > tradable_close_proxy > blocked,selected_ticker_adjusted_close_path_only,False,True,False,False,False,False,False,False,True,False
2020-06-19,dynamic80_top3_rs20_risk_tiebreak_proxy,5264,鎧勝-KY,TWSE,1.0,0.4005708469684299,0.5153011610583602,1.0,33,33,False,False,True,True,False,0.6353093944985494,0.4005708469684299,0.4323363166933573,weekly_signal_close,top3_by_RS20_then_layer4_risk_aware_score,False,,,False,False,missing_selected_stock_price_registry_row,adjusted_close_exact > tradable_close_proxy > blocked,selected_ticker_adjusted_close_path_only,False,True,False,False,False,False,False,False,True,False
2020-06-24,dynamic80_top3_rs20_risk_tiebreak_proxy,3293,鈊象,TPEx,1.0,0.4197090649232478,0.2732132992635416,1.0,31,31,False,True,True,True,False,0.6381395189180586,0.4397090649232478,0.4516160408691507,weekly_signal_close,top3_by_RS20_then_layer4_risk_aware_score,False,,,False,False,missing_selected_stock_price_registry_row,adjusted_close_exact > tradable_close_proxy > blocked,selected_ticker_adjusted_close_path_only,False,True,False,False,False,False,False,False,True,False
2020-07-03,dynamic80_top3_rs20_risk_tiebreak_proxy,4167,展旺,TPEx,1.0,0.4337559264304471,0.5876858799875524,1.0,60,60,False,False,True,True,False,0.5988050164750955,0.4337559264304471,0.4636961772542018,weekly_signal_close,top3_by_RS20_then_layer4_risk_aware_score,False,,,False,False,missing_selected_stock_price_registry_row,adjusted_close_exact > tradable_close_proxy > blocked,selected_ticker_adjusted_close_path_only,False,True,False,False,False,False,False,False,True,False
2020-07-10,dynamic80_top3_rs20_risk_tiebreak_proxy,3661,世芯-KY,TWSE,1.0,0.4365199593682982,1.247426338015157,1.0,66,66,False,False,True,True,False,0.552323260063376,0.4365199593682982,0.4641361223714669,weekly_signal_close,top3_by_RS20_then_layer4_risk_aware_score,False,,,False,False,missing_selected_stock_price_registry_row,adjusted_close_exact > tradable_close_proxy > blocked,selected_ticker_adjusted_close_path_only,False,True,False,False,False,False,False,False,True,False
2020-07-17,dynamic80_top3_rs20_risk_tiebreak_proxy,3540,曜越,TPEx,1.0,0.4885547777990198,1.8829932958280824,1.0,80,80,False,False,True,True,False,0.5316092171672888,0.4885547777990198,0.5151352386573842,weekly_signal_close,top3_by_RS20_then_layer4_risk_aware_score,False,,,False,False,missing_selected_stock_price_registry_row,adjusted_close_exact > tradable_close_proxy > blocked,selected_ticker_adjusted_close_path_only,False,True,False,False,False,False,False,False,True,False
2020-07-24,dynamic80_top3_rs20_risk_tiebreak_proxy,3540,曜越,TPEx,1.0,0.5587082602470153,2.049371294289856,1.0,78,78,False,False,True,True,False,0.5472786463785599,0.5587082602470153,0.5860721925659432,weekly_signal_close,top3_by_RS20_then_layer4_risk_aware_score,False,,,False,False,missing_selected_stock_price_registry_row,adjusted_close_exact > tradable_close_proxy > blocked,selected_ticker_adjusted_close_path_only,False,True,False,False,False,False,False,False,True,False
2020-07-31,dynamic80_top3_rs20_risk_tiebreak_proxy,2303,聯電,TWSE,1.0,0.2289581197741501,0.208638934436993,1.0,5,5,False,True,True,True,False,0.7098639835117403,0.24895811977415,0.2644513189497371,weekly_signal_close,top3_by_RS20_then_layer4_risk_aware_score,False,,,False,False,missing_selected_stock_price_registry_row,adjusted_close_exact > tradable_close_proxy > blocked,selected_ticker_adjusted_close_path_only,False,True,False,False,False,False,False,False,True,False
2020-08-07,dynamic80_top3_rs20_risk_tiebreak_proxy,3669,圓展,TWSE,1.0,0.73546316141609,0.9848755365751864,1.0,66,66,False,False,True,True,False,0.5638861270480036,0.73546316141609,0.7636574677684902,weekly_signal_close,top3_by_RS20_then_layer4_risk_aware_score,False,,,False,False,missing_selected_stock_price_registry_row,adjusted_close_exact > tradable_close_proxy > blocked,selected_ticker_adjusted_close_path_only,False,True,False,False,False,False,False,False,True,False
2020-08-14,dynamic80_top3_rs20_risk_tiebreak_proxy,6441,廣錠,TPEx,1.0,0.3812807731199346,0.1557608533059102,1.0,54,54,False,False,True,True,False,0.590066551342863,0.3812807731199346,0.4107841006870777,weekly_signal_close,top3_by_RS20_then_layer4_risk_aware_score,False,,,False,False,missing_selected_stock_price_registry_row,adjusted_close_exact > tradable_close_proxy > blocked,selected_ticker_adjusted_close_path_only,False,True,False,False,False,False,False,False,True,False
2020-08-21,dynamic80_top3_rs20_risk_tiebreak_proxy,2603,長榮,TWSE,1.0,0.3769059434722637,0.1733358071278876,1.0,16,16,False,True,True,True,False,0.6524068146889861,0.3969059434722637,0.409526284206713,weekly_signal_close,top3_by_RS20_then_layer4_risk_aware_score,False,,,False,False,missing_selected_stock_price_registry_row,adjusted_close_exact > tradable_close_proxy > blocked,selected_ticker_adjusted_close_path_only,False,True,False,False,False,False,False,False,True,False
2020-08-28,dynamic80_top3_rs20_risk_tiebreak_proxy,2387,精元,TWSE,1.0,0.4916121997378909,0.7846142293544225,1.0,40,40,False,False,True,True,False,0.5718459927014565,0.4916121997378909,0.5202044993729638,weekly_signal_close,top3_by_RS20_then_layer4_risk_aware_score,False,,,False,False,missing_selected_stock_price_registry_row,adjusted_close_exact > tradable_close_proxy > blocked,selected_ticker_adjusted_close_path_only,False,True,False,False,False,False,False,False,True,False
2020-09-04,dynamic80_top3_rs20_risk_tiebreak_proxy,9103,美德醫療-DR,TWSE,1.0,0.931831677031995,6.407348460395594,1.0,79,79,False,False,True,True,False,0.5062950029873143,0.931831677031995,0.9571464271813608,weekly_signal_close,top3_by_RS20_then_layer4_risk_aware_score,False,,,False,False,missing_selected_stock_price_registry_row,adjusted_close_exact > tradable_close_proxy > blocked,selected_ticker_adjusted_close_path_only,False,True,False,False,False,False,False,False,True,False
2020-09-11,dynamic80_top3_rs20_risk_tiebreak_proxy,1513,中興電,TWSE,1.0,0.6807515490879555,0.7163513773960943,1.0,43,43,False,False,True,True,True,0.5756770748269117,0.6807515490879555,0.6795354028293011,weekly_signal_close,top3_by_RS20_then_layer4_risk_aware_score,False,,,False,False,missing_selected_stock_price_registry_row,adjusted_close_exact > tradable_close_proxy > blocked,selected_ticker_adjusted_close_path_only,False,True,False,False,False,False,False,False,True,False
2020-09-18,dynamic80_top3_rs20_risk_tiebreak_proxy,6237,驊訊,TPEx,1.0,0.4372192730080708,0.4289446928835332,1.0,72,72,False,False,True,True,False,0.5633358112568388,0.4372192730080708,0.4653860635709127,weekly_signal_close,top3_by_RS20_then_layer4_risk_aware_score,False,,,False,False,missing_selected_stock_price_registry_row,adjusted_close_exact > tradable_close_proxy > blocked,selected_ticker_adjusted_close_path_only,False,True,False,False,False,False,False,False,True,False
2020-09-25,dynamic80_top3_rs20_risk_tiebreak_proxy,5471,松翰,TWSE,1.0,0.2784655065974633,0.0510862503156901,1.0,66,66,False,False,True,True,False,0.5861964427320098,0.2784655065974633,0.3077753287340637,weekly_signal_close,top3_by_RS20_then_layer4_risk_aware_score,False,,,False,False,missing_selected_stock_price_registry_row,adjusted_close_exact > tradable_close_proxy > blocked,selected_ticker_adjusted_close_path_only,False,True,False,False,False,False,False,False,True,False
2020-09-30,dynamic80_top3_rs20_risk_tiebreak_proxy,3682,亞太電,TWSE,1.0,0.2995896032831737,0.1291460578886356,1.0,63,63,False,False,True,True,False,0.5668684378308573,0.2995896032831737,0.3279330251747165,weekly_signal_close,top3_by_RS20_then_layer4_risk_aware_score,False,,,False,False,missing_selected_stock_price_registry_row,adjusted_close_exact > tradable_close_proxy > blocked,selected_ticker_adjusted_close_path_only,False,True,False,False,False,False,False,False,True,False
2020-10-08,dynamic80_top3_rs20_risk_tiebreak_proxy,2351,順德,TWSE,1.0,0.2566872829321163,0.1590042454905837,1.0,40,40,False,False,True,True,False,0.6197610791025308,0.2566872829321163,0.2876753368872428,weekly_signal_close,top3_by_RS20_then_layer4_risk_aware_score,False,,,False,False,missing_selected_stock_price_registry_row,adjusted_close_exact > tradable_close_proxy > blocked,selected_ticker_adjusted_close_path_only,False,True,False,False,False,False,False,False,True,False
2020-10-16,dynamic80_top3_rs20_risk_tiebreak_proxy,6558,興能高,TWSE,1.0,0.3243424983147231,0.2024812532375,1.0,58,58,False,False,True,True,False,0.610876681302614,0.3243424983147231,0.3548863323798538,weekly_signal_close,top3_by_RS20_then_layer4_risk_aware_score,False,,,False,False,missing_selected_stock_price_registry_row,adjusted_close_exact > tradable_close_proxy > blocked,selected_ticker_adjusted_close_path_only,False,True,False,False,False,False,False,False,True,False
2020-10-23,dynamic80_top3_rs20_risk_tiebreak_proxy,6558,興能高,TWSE,1.0,0.4709020635575232,0.5939443128940771,1.0,46,46,False,False,True,True,False,0.6250372251289231,0.4709020635575232,0.5021539248139694,weekly_signal_close,top3_by_RS20_then_layer4_risk_aware_score,False,,,False,False,missing_selected_stock_price_registry_row,adjusted_close_exact > tradable_close_proxy > blocked,selected_ticker_adjusted_close_path_only,False,True,False,False,False,False,False,False,True,False
2020-10-30,dynamic80_top3_rs20_risk_tiebreak_proxy,3545,敦泰,TWSE,1.0,0.5331494034710387,0.4251262605404694,1.0,33,33,False,True,True,True,False,0.6584508449908415,0.5531494034710387,0.5660719457205807,weekly_signal_close,top3_by_RS20_then_layer4_risk_aware_score,False,,,False,False,missing_selected_stock_price_registry_row,adjusted_close_exact > tradable_close_proxy > blocked,selected_ticker_adjusted_close_path_only,False,True,False,False,False,False,False,False,True,False
2020-11-06,dynamic80_top3_rs20_risk_tiebreak_proxy,6558,興能高,TWSE,1.0,0.4763729591034178,0.5772122719235664,1.0,27,27,False,True,True,True,False,0.6514570318563533,0.4963729591034178,0.5089458106962355,weekly_signal_close,top3_by_RS20_then_layer4_risk_aware_score,False,,,False,False,missing_selected_stock_price_registry_row,adjusted_close_exact > tradable_close_proxy > blocked,selected_ticker_adjusted_close_path_only,False,True,False,False,False,False,False,False,True,False
2020-11-13,dynamic80_top3_rs20_risk_tiebreak_proxy,3545,敦泰,TWSE,1.0,0.6664728390502319,0.4661199471660102,1.0,30,30,False,True,True,True,False,0.6681237854312462,0.6864728390502319,0.6998790283217943,weekly_signal_close,top3_by_RS20_then_layer4_risk_aware_score,False,,,False,False,missing_selected_stock_price_registry_row,adjusted_close_exact > tradable_close_proxy > blocked,selected_ticker_adjusted_close_path_only,False,True,False,False,False,False,False,False,True,False
2020-11-20,dynamic80_top3_rs20_risk_tiebreak_proxy,3530,晶相光,TWSE,1.0,0.2464036464560954,0.3304871707663888,1.0,28,28,False,True,True,True,False,0.6571560612389558,0.2664036464560954,0.2792614495180431,weekly_signal_close,top3_by_RS20_then_layer4_risk_aware_score,False,,,False,False,missing_selected_stock_price_registry_row,adjusted_close_exact > tradable_close_proxy > blocked,selected_ticker_adjusted_close_path_only,False,True,False,False,False,False,False,False,True,False
2020-11-27,dynamic80_top3_rs20_risk_tiebreak_proxy,6279,胡連,TPEx,1.0,0.3806432782556654,0.4692624610279068,1.0,44,44,False,False,True,True,False,0.6593630834712658,0.3806432782556654,0.4136114324292287,weekly_signal_close,top3_by_RS20_then_layer4_risk_aware_score,False,,,False,False,missing_selected_stock_price_registry_row,adjusted_close_exact > tradable_close_proxy > blocked,selected_ticker_adjusted_close_path_only,False,True,False,False,False,False,False,False,True,False
2020-12-04,dynamic80_top3_rs20_risk_tiebreak_proxy,6271,同欣電,TWSE,1.0,0.4846254432639165,0.4696922401799355,1.0,16,16,False,True,True,True,False,0.7014067705644794,0.5046254432639165,0.5196957817921405,weekly_signal_close,top3_by_RS20_then_layer4_risk_aware_score,False,,,False,False,missing_selected_stock_price_registry_row,adjusted_close_exact > tradable_close_proxy > blocked,selected_ticker_adjusted_close_path_only,False,True,False,False,False,False,False,False,True,False
2020-12-11,dynamic80_top3_rs20_risk_tiebreak_proxy,3588,通嘉,TWSE,1.0,0.4184979951208245,0.560606797139126,1.0,70,70,False,False,True,True,False,0.6069046025514502,0.4184979951208245,0.448843225248397,weekly_signal_close,top3_by_RS20_then_layer4_risk_aware_score,False,,,False,False,missing_selected_stock_price_registry_row,adjusted_close_exact > tradable_close_proxy > blocked,selected_ticker_adjusted_close_path_only,False,True,False,False,False,False,False,False,True,False
2020-12-18,dynamic80_top3_rs20_risk_tiebreak_proxy,6488,環球晶,TPEx,1.0,0.3477732797668795,0.4227710803054323,1.0,15,15,False,True,True,True,False,0.7050774109606865,0.3677732797668795,0.3830271503149138,weekly_signal_close,top3_by_RS20_then_layer4_risk_aware_score,False,,,False,False,missing_selected_stock_price_registry_row,adjusted_close_exact > tradable_close_proxy > blocked,selected_ticker_adjusted_close_path_only,False,True,False,False,False,False,False,False,True,False
2020-12-25,dynamic80_top3_rs20_risk_tiebreak_proxy,2609,陽明,TWSE,1.0,0.6610240534870759,1.243824254665346,1.0,14,14,False,True,True,True,False,0.6898220253289424,0.681024053487076,0.6955151547535231,weekly_signal_close,top3_by_RS20_then_layer4_risk_aware_score,False,,,False,False,missing_selected_stock_price_registry_row,adjusted_close_exact > tradable_close_proxy > blocked,selected_ticker_adjusted_close_path_only,False,True,False,False,False,False,False,False,True,False
2020-12-31,dynamic80_top3_rs20_risk_tiebreak_proxy,3588,通嘉,TWSE,1.0,0.437415429984282,0.8107650059403491,1.0,80,80,False,False,True,True,False,0.5603227527321312,0.437415429984282,0.4654315676208885,weekly_signal_close,top3_by_RS20_then_layer4_risk_aware_score,False,,,False,False,missing_selected_stock_price_registry_row,adjusted_close_exact > tradable_close_proxy > blocked,selected_ticker_adjusted_close_path_only,False,True,False,False,False,False,False,False,True,False
2021-01-08,dynamic80_top3_rs20_risk_tiebreak_proxy,3605,宏致,TWSE,1.0,0.2765730442263416,0.0087511340376651,1.0,47,47,False,False,True,True,False,0.5876063244886842,0.2765730442263416,0.3059533604507758,weekly_signal_close,top3_by_RS20_then_layer4_risk_aware_score,False,,,False,False,missing_selected_stock_price_registry_row,adjusted_close_exact > tradable_close_proxy > blocked,selected_ticker_adjusted_close_path_only,False,True,False,False,False,False,False,False,True,False
2021-01-15,dynamic80_top3_rs20_risk_tiebreak_proxy,3545,敦泰,TWSE,1.0,0.3964068173478021,2.001558735122848,1.0,9,9,False,True,True,True,False,0.6852238010860209,0.4164068173478021,0.4306680074021031,weekly_signal_close,top3_by_RS20_then_layer4_risk_aware_score,False,,,False,False,missing_selected_stock_price_registry_row,adjusted_close_exact > tradable_close_proxy > blocked,selected_ticker_adjusted_close_path_only,False,True,False,False,False,False,False,False,True,False
2021-01-22,dynamic80_top3_rs20_risk_tiebreak_proxy,8046,南電,TWSE,1.0,0.2959327013148978,0.861585638083763,1.0,65,65,False,False,True,True,False,0.5675320104724837,0.2959327013148978,0.3243093018385219,weekly_signal_close,top3_by_RS20_then_layer4_risk_aware_score,False,,,False,False,missing_selected_stock_price_registry_row,adjusted_close_exact > tradable_close_proxy > blocked,selected_ticker_adjusted_close_path_only,False,True,False,False,False,False,False,False,True,False
2021-01-29,dynamic80_top3_rs20_risk_tiebreak_proxy,3665,貿聯-KY,TWSE,1.0,0.2036290697700455,0.1266329516888005,1.0,45,45,False,False,True,True,False,0.6428313483714428,0.2036290697700455,0.2357706371886176,weekly_signal_close,top3_by_RS20_then_layer4_risk_aware_score,False,,,False,False,missing_selected_stock_price_registry_row,adjusted_close_exact > tradable_close_proxy > blocked,selected_ticker_adjusted_close_path_only,False,True,False,False,False,False,False,False,True,False
2021-02-05,dynamic80_top3_rs20_risk_tiebreak_proxy,2354,鴻準,TWSE,1.0,0.2073122027533025,0.0801080564179339,1.0,66,66,False,False,True,True,False,0.5855363687334273,0.2073122027533025,0.2365890211899738,weekly_signal_close,top3_by_RS20_then_layer4_risk_aware_score,False,,,False,False,missing_selected_stock_price_registry_row,adjusted_close_exact > tradable_close_proxy > blocked,selected_ticker_adjusted_close_path_only,False,True,False,False,False,False,False,False,True,False
2021-02-19,dynamic80_top3_rs20_risk_tiebreak_proxy,4961,天鈺,TWSE,1.0,0.3954525954011565,4.250425506347068,1.0,72,72,False,False,True,True,False,0.5628793515734699,0.3954525954011565,0.42359656297983,weekly_signal_close,top3_by_RS20_then_layer4_risk_aware_score,False,,,False,False,missing_selected_stock_price_registry_row,adjusted_close_exact > tradable_close_proxy > blocked,selected_ticker_adjusted_close_path_only,False,True,False,False,False,False,False,False,True,False
2021-02-26,dynamic80_top3_rs20_risk_tiebreak_proxy,4162,智擎,TPEx,1.0,0.526618163750397,0.1677804201144397,1.0,56,56,False,False,True,True,False,0.6172468010704326,0.526618163750397,0.5574805038039187,weekly_signal_close,top3_by_RS20_then_layer4_risk_aware_score,False,,,False,False,missing_selected_stock_price_registry_row,adjusted_close_exact > tradable_close_proxy > blocked,selected_ticker_adjusted_close_path_only,False,True,False,False,False,False,False,False,True,False
2021-03-05,dynamic80_top3_rs20_risk_tiebreak_proxy,3526,凡甲,TPEx,1.0,0.2681727895942432,0.2678575093685522,1.0,59,59,False,False,True,True,False,0.6521698129541862,0.2681727895942432,0.3007812802419525,weekly_signal_close,top3_by_RS20_then_layer4_risk_aware_score,False,,,False,False,missing_selected_stock_price_registry_row,adjusted_close_exact > tradable_close_proxy > blocked,selected_ticker_adjusted_close_path_only,False,True,False,False,False,False,False,False,True,False
2021-03-12,dynamic80_top3_rs20_risk_tiebreak_proxy,6138,茂達,TPEx,1.0,0.4235053675442901,0.1048172915837688,1.0,56,56,False,False,True,True,False,0.6017764187650285,0.4235053675442901,0.4535941884825415,weekly_signal_close,top3_by_RS20_then_layer4_risk_aware_score,False,,,False,False,missing_selected_stock_price_registry_row,adjusted_close_exact > tradable_close_proxy > blocked,selected_ticker_adjusted_close_path_only,False,True,False,False,False,False,False,False,True,False
2021-03-19,dynamic80_top3_rs20_risk_tiebreak_proxy,8016,矽創,TWSE,1.0,0.4572523498484701,0.5794306177823147,1.0,22,22,False,True,True,True,False,0.6771716835737682,0.4772523498484701,0.4911109340271585,weekly_signal_close,top3_by_RS20_then_layer4_risk_aware_score,False,,,False,False,missing_selected_stock_price_registry_row,adjusted_close_exact > tradable_close_proxy > blocked,selected_ticker_adjusted_close_path_only,False,True,False,False,False,False,False,False,True,False
2021-03-26,dynamic80_top3_rs20_risk_tiebreak_proxy,6138,茂達,TPEx,1.0,0.5051295236860901,0.5400939878469571,1.0,13,13,False,True,True,True,False,0.6666917167628449,0.5251295236860901,0.5384641095242323,weekly_signal_close,top3_by_RS20_then_layer4_risk_aware_score,False,,,False,False,missing_selected_stock_price_registry_row,adjusted_close_exact > tradable_close_proxy > blocked,selected_ticker_adjusted_close_path_only,False,True,False,False,False,False,False,False,True,False
2021-04-01,dynamic80_top3_rs20_risk_tiebreak_proxy,3545,敦泰,TWSE,1.0,0.9379923878933742,1.0087560536956035,1.0,46,46,False,False,True,True,False,0.5491036873968242,0.9379923878933742,0.9654475722632154,weekly_signal_close,top3_by_RS20_then_layer4_risk_aware_score,False,,,False,False,missing_selected_stock_price_registry_row,adjusted_close_exact > tradable_close_proxy > blocked,selected_ticker_adjusted_close_path_only,False,True,False,False,False,False,False,False,True,False
2021-04-09,dynamic80_top3_rs20_risk_tiebreak_proxy,8183,精星,TPEx,1.0,0.6685026737851614,1.570347487406675,1.0,61,61,False,False,True,True,False,0.5269133894841931,0.6685026737851614,0.6948483432593711,weekly_signal_close,top3_by_RS20_then_layer4_risk_aware_score,False,,,False,False,missing_selected_stock_price_registry_row,adjusted_close_exact > tradable_close_proxy > blocked,selected_ticker_adjusted_close_path_only,False,True,False,False,False,False,False,False,True,False
2021-04-16,dynamic80_top3_rs20_risk_tiebreak_proxy,2006,東和鋼鐵,TWSE,1.0,0.4238173306959325,0.3880535946783709,1.0,19,19,False,True,True,True,False,0.640908873431898,0.4438173306959325,0.4558627743675274,weekly_signal_close,top3_by_RS20_then_layer4_risk_aware_score,False,,,False,False,missing_selected_stock_price_registry_row,adjusted_close_exact > tradable_close_proxy > blocked,selected_ticker_adjusted_close_path_only,False,True,False,False,False,False,False,False,True,False
2021-04-23,dynamic80_top3_rs20_risk_tiebreak_proxy,2108,南帝,TWSE,1.0,0.5551949569350256,1.297335530363025,1.0,63,63,False,False,True,True,False,0.5401624054288037,0.5551949569350256,0.5822030772064658,weekly_signal_close,top3_by_RS20_then_layer4_risk_aware_score,False,,,False,False,missing_selected_stock_price_registry_row,adjusted_close_exact > tradable_close_proxy > blocked,selected_ticker_adjusted_close_path_only,False,True,False,False,False,False,False,False,True,False
2021-04-29,dynamic80_top3_rs20_risk_tiebreak_proxy,2002,中鋼,TWSE,1.0,0.4852343381071637,0.6257160077278969,1.0,69,69,False,False,True,True,False,0.5147798000929131,0.4852343381071637,0.5109733281118094,weekly_signal_close,top3_by_RS20_then_layer4_risk_aware_score,False,,,False,False,missing_selected_stock_price_registry_row,adjusted_close_exact > tradable_close_proxy > blocked,selected_ticker_adjusted_close_path_only,False,True,False,False,False,False,False,False,True,False
2021-05-07,dynamic80_top3_rs20_risk_tiebreak_proxy,2002,中鋼,TWSE,1.0,0.4552698586417922,0.7205139542270673,1.0,71,71,False,False,True,True,False,0.5448142358760668,0.4552698586417922,0.4825105704355955,weekly_signal_close,top3_by_RS20_then_layer4_risk_aware_score,False,,,False,False,missing_selected_stock_price_registry_row,adjusted_close_exact > tradable_close_proxy > blocked,selected_ticker_adjusted_close_path_only,False,True,False,False,False,False,False,False,True,False
2021-05-14,dynamic80_top3_rs20_risk_tiebreak_proxy,2637,慧洋-KY,TWSE,1.0,0.6047695192816349,1.4482744000492602,1.0,59,59,False,False,True,True,False,0.5752241364643436,0.6047695192816349,0.6335307261048521,weekly_signal_close,top3_by_RS20_then_layer4_risk_aware_score,False,,,False,False,missing_selected_stock_price_registry_row,adjusted_close_exact > tradable_close_proxy > blocked,selected_ticker_adjusted_close_path_only,False,True,False,False,False,False,False,False,True,False
2021-05-21,dynamic80_top3_rs20_risk_tiebreak_proxy,2609,陽明,TWSE,1.0,0.5805148773439304,2.3079143652340925,1.0,73,73,False,False,True,True,False,0.548901514659837,0.5805148773439304,0.6079599530769222,weekly_signal_close,top3_by_RS20_then_layer4_risk_aware_score,False,,,False,False,missing_selected_stock_price_registry_row,adjusted_close_exact > tradable_close_proxy > blocked,selected_ticker_adjusted_close_path_only,False,True,False,False,False,False,False,False,True,False
2021-05-28,dynamic80_top3_rs20_risk_tiebreak_proxy,2615,萬海,TWSE,1.0,0.6656071808290015,2.377613265153628,1.0,55,55,False,False,True,True,False,0.5379511432828401,0.6656071808290015,0.6925047379931435,weekly_signal_close,top3_by_RS20_then_layer4_risk_aware_score,False,,,False,False,missing_selected_stock_price_registry_row,adjusted_close_exact > tradable_close_proxy > blocked,selected_ticker_adjusted_close_path_only,False,True,False,False,False,False,False,False,True,False
2021-06-04,dynamic80_top3_rs20_risk_tiebreak_proxy,2636,台驊控股,TWSE,1.0,0.7980303849609856,1.749579677903642,1.0,37,37,False,False,True,True,False,0.5516976632712239,0.7980303849609856,0.8256152681245468,weekly_signal_close,top3_by_RS20_then_layer4_risk_aware_score,False,,,False,False,missing_selected_stock_price_registry_row,adjusted_close_exact > tradable_close_proxy > blocked,selected_ticker_adjusted_close_path_only,False,True,False,False,False,False,False,False,True,False
2021-06-11,dynamic80_top3_rs20_risk_tiebreak_proxy,2615,萬海,TWSE,1.0,1.067522570145881,2.56312349920172,1.0,37,37,False,False,True,True,False,0.5414851833741373,1.067522570145881,1.0945968293145878,weekly_signal_close,top3_by_RS20_then_layer4_risk_aware_score,False,,,False,False,missing_selected_stock_price_registry_row,adjusted_close_exact > tradable_close_proxy > blocked,selected_ticker_adjusted_close_path_only,False,True,False,False,False,False,False,False,True,False
2021-06-18,dynamic80_top3_rs20_risk_tiebreak_proxy,2636,台驊控股,TWSE,1.0,1.7129965486636474,0.1794929856767697,1.0,47,47,False,False,True,True,False,0.5647585951124914,1.7129965486636474,1.741234478419272,weekly_signal_close,top3_by_RS20_then_layer4_risk_aware_score,False,,,False,False,missing_selected_stock_price_registry_row,adjusted_close_exact > tradable_close_proxy > blocked,selected_ticker_adjusted_close_path_only,False,True,False,False,False,False,False,False,True,False
2021-06-25,dynamic80_top3_rs20_risk_tiebreak_proxy,2481,強茂,TWSE,1.0,0.6663718435142989,0.4788161055019635,1.0,78,78,False,False,True,True,False,0.5033504842167429,0.6663718435142989,0.691539367725136,weekly_signal_close,top3_by_RS20_then_layer4_risk_aware_score,False,,,False,False,missing_selected_stock_price_registry_row,adjusted_close_exact > tradable_close_proxy > blocked,selected_ticker_adjusted_close_path_only,False,True,False,False,False,False,False,False,True,False
2021-07-02,dynamic80_top3_rs20_risk_tiebreak_proxy,2023,燁輝,TWSE,1.0,0.5307000843244463,1.622245677599638,1.0,6,6,False,True,True,True,False,0.6970979347324163,0.5507000843244463,0.565554981061067,weekly_signal_close,top3_by_RS20_then_layer4_risk_aware_score,False,,,False,False,missing_selected_stock_price_registry_row,adjusted_close_exact > tradable_close_proxy > blocked,selected_ticker_adjusted_close_path_only,False,True,False,False,False,False,False,False,True,False
2021-07-09,dynamic80_top3_rs20_risk_tiebreak_proxy,2486,一詮,TWSE,1.0,0.7600020462635921,0.4753733830388218,1.0,27,27,False,True,True,True,False,0.6499458720014756,0.7800020462635922,0.7924993398636659,weekly_signal_close,top3_by_RS20_then_layer4_risk_aware_score,False,,,False,False,missing_selected_stock_price_registry_row,adjusted_close_exact > tradable_close_proxy > blocked,selected_ticker_adjusted_close_path_only,False,True,False,False,False,False,False,False,True,False
2021-07-16,dynamic80_top3_rs20_risk_tiebreak_proxy,2023,燁輝,TWSE,1.0,0.5987861314779608,0.8580913154062604,1.0,77,77,False,False,True,True,False,0.5408106796175431,0.5987861314779608,0.6258266654588379,weekly_signal_close,top3_by_RS20_then_layer4_risk_aware_score,False,,,False,False,missing_selected_stock_price_registry_row,adjusted_close_exact > tradable_close_proxy > blocked,selected_ticker_adjusted_close_path_only,False,True,False,False,False,False,False,False,True,False
2021-07-23,dynamic80_top3_rs20_risk_tiebreak_proxy,2030,彰源,TWSE,1.0,0.573135151783823,1.448773353784707,1.0,62,62,False,False,True,True,False,0.5650734163984958,0.573135151783823,0.6013888226037478,weekly_signal_close,top3_by_RS20_then_layer4_risk_aware_score,False,,,False,False,missing_selected_stock_price_registry_row,adjusted_close_exact > tradable_close_proxy > blocked,selected_ticker_adjusted_close_path_only,False,True,False,False,False,False,False,False,True,False
2021-07-30,dynamic80_top3_rs20_risk_tiebreak_proxy,6568,宏觀,TPEx,1.0,0.5396790402586155,0.4247206500281056,1.0,60,60,False,False,True,True,False,0.5512918912921521,0.5396790402586155,0.567243634823223,weekly_signal_close,top3_by_RS20_then_layer4_risk_aware_score,False,,,False,False,missing_selected_stock_price_registry_row,adjusted_close_exact > tradable_close_proxy > blocked,selected_ticker_adjusted_close_path_only,False,True,False,False,False,False,False,False,True,False
2021-08-06,dynamic80_top3_rs20_risk_tiebreak_proxy,4919,新唐,TWSE,1.0,0.4116013094910729,1.2933258790955948,1.0,71,71,False,False,True,True,False,0.5496831752791832,0.4116013094910729,0.439085468255032,weekly_signal_close,top3_by_RS20_then_layer4_risk_aware_score,False,,,False,False,missing_selected_stock_price_registry_row,adjusted_close_exact > tradable_close_proxy > blocked,selected_ticker_adjusted_close_path_only,False,True,False,False,False,False,False,False,True,False
2021-08-13,dynamic80_top3_rs20_risk_tiebreak_proxy,2007,燁興,TWSE,1.0,0.3038325313989186,1.3323953378490685,1.0,69,69,False,False,True,True,False,0.5889689897931205,0.3038325313989186,0.3332809808885746,weekly_signal_close,top3_by_RS20_then_layer4_risk_aware_score,False,,,False,False,missing_selected_stock_price_registry_row,adjusted_close_exact > tradable_close_proxy > blocked,selected_ticker_adjusted_close_path_only,False,True,False,False,False,False,False,False,True,False
2021-08-20,dynamic80_top3_rs20_risk_tiebreak_proxy,3527,聚積,TPEx,1.0,0.2893200595901757,1.17061413290195,1.0,66,66,False,False,True,True,False,0.5775776607130144,0.2893200595901757,0.3181989426258264,weekly_signal_close,top3_by_RS20_then_layer4_risk_aware_score,False,,,False,False,missing_selected_stock_price_registry_row,adjusted_close_exact > tradable_close_proxy > blocked,selected_ticker_adjusted_close_path_only,False,True,False,False,False,False,False,False,True,False
2021-08-27,dynamic80_top3_rs20_risk_tiebreak_proxy,5347,世界,TPEx,2.0,0.2702787667242488,0.2847395140479285,2.0,7,7,False,True,True,True,False,0.7149797193954555,0.2902787667242488,0.3060277526940215,weekly_signal_close,top3_by_RS20_then_layer4_risk_aware_score,False,,,False,False,missing_selected_stock_price_registry_row,adjusted_close_exact > tradable_close_proxy > blocked,selected_ticker_adjusted_close_path_only,False,True,False,False,False,False,False,False,True,False
2021-09-03,dynamic80_top3_rs20_risk_tiebreak_proxy,4721,美琪瑪,TPEx,1.0,0.3423317879181444,0.941522456543136,1.0,46,46,False,False,True,True,False,0.5751680456538496,0.3423317879181444,0.3710901902008369,weekly_signal_close,top3_by_RS20_then_layer4_risk_aware_score,False,,,False,False,missing_selected_stock_price_registry_row,adjusted_close_exact > tradable_close_proxy > blocked,selected_ticker_adjusted_close_path_only,False,True,False,False,False,False,False,False,True,False
2021-09-10,dynamic80_top3_rs20_risk_tiebreak_proxy,2013,中鋼構,TWSE,1.0,0.421752932107724,0.6369925163519974,1.0,16,16,False,True,True,True,False,0.6680938005427179,0.441752932107724,0.4551576221348599,weekly_signal_close,top3_by_RS20_then_layer4_risk_aware_score,False,,,False,False,missing_selected_stock_price_registry_row,adjusted_close_exact > tradable_close_proxy > blocked,selected_ticker_adjusted_close_path_only,False,True,False,False,False,False,False,False,True,False
2021-09-17,dynamic80_top3_rs20_risk_tiebreak_proxy,1711,永光,TWSE,1.0,0.3130706973292492,0.2579125613402144,1.0,63,63,False,False,True,True,False,0.5831129628344484,0.3130706973292492,0.3422263454709716,weekly_signal_close,top3_by_RS20_then_layer4_risk_aware_score,False,,,False,False,missing_selected_stock_price_registry_row,adjusted_close_exact > tradable_close_proxy > blocked,selected_ticker_adjusted_close_path_only,False,True,False,False,False,False,False,False,True,False
2021-09-24,dynamic80_top3_rs20_risk_tiebreak_proxy,6411,晶焱,TPEx,1.0,0.3779976169682322,0.3791841811500114,1.0,73,73,False,False,True,True,False,0.5522762023141224,0.3779976169682322,0.4056114270839383,weekly_signal_close,top3_by_RS20_then_layer4_risk_aware_score,False,,,False,False,missing_selected_stock_price_registry_row,adjusted_close_exact > tradable_close_proxy > blocked,selected_ticker_adjusted_close_path_only,False,True,False,False,False,False,False,False,True,False
2021-10-01,dynamic80_top3_rs20_risk_tiebreak_proxy,1711,永光,TWSE,1.0,0.3657895141012977,0.2653935158846175,1.0,63,63,False,False,True,True,False,0.5868299331319314,0.3657895141012977,0.3951310107578942,weekly_signal_close,top3_by_RS20_then_layer4_risk_aware_score,False,,,False,False,missing_selected_stock_price_registry_row,adjusted_close_exact > tradable_close_proxy > blocked,selected_ticker_adjusted_close_path_only,False,True,False,False,False,False,False,False,True,False
2021-10-08,dynamic80_top3_rs20_risk_tiebreak_proxy,1308,亞聚,TWSE,1.0,0.3568504041138183,0.412144803941439,1.0,72,72,False,False,True,True,False,0.57010266469363,0.3568504041138183,0.3853555373484998,weekly_signal_close,top3_by_RS20_then_layer4_risk_aware_score,False,,,False,False,missing_selected_stock_price_registry_row,adjusted_close_exact > tradable_close_proxy > blocked,selected_ticker_adjusted_close_path_only,False,True,False,False,False,False,False,False,True,False
2021-10-15,dynamic80_top3_rs20_risk_tiebreak_proxy,5243,乙盛-KY,TWSE,1.0,0.3083491999037615,0.0249424066679446,1.0,31,31,False,True,True,True,False,0.6445687257834657,0.3283491999037615,0.3405776361929347,weekly_signal_close,top3_by_RS20_then_layer4_risk_aware_score,False,,,False,False,missing_selected_stock_price_registry_row,adjusted_close_exact > tradable_close_proxy > blocked,selected_ticker_adjusted_close_path_only,False,True,False,False,False,False,False,False,True,False
2021-10-22,dynamic80_top3_rs20_risk_tiebreak_proxy,3675,德微,TPEx,1.0,0.4631167955907659,0.656318265895488,1.0,63,63,False,False,True,True,False,0.5513019384728668,0.4631167955907659,0.4906818925144092,weekly_signal_close,top3_by_RS20_then_layer4_risk_aware_score,False,,,False,False,missing_selected_stock_price_registry_row,adjusted_close_exact > tradable_close_proxy > blocked,selected_ticker_adjusted_close_path_only,False,True,False,False,False,False,False,False,True,False
2021-10-29,dynamic80_top3_rs20_risk_tiebreak_proxy,3675,德微,TPEx,1.0,0.477955341631619,0.8020352101827888,1.0,78,78,False,False,True,True,False,0.5330206765320995,0.477955341631619,0.504606375458224,weekly_signal_close,top3_by_RS20_then_layer4_risk_aware_score,False,,,False,False,missing_selected_stock_price_registry_row,adjusted_close_exact > tradable_close_proxy > blocked,selected_ticker_adjusted_close_path_only,False,True,False,False,False,False,False,False,True,False
2021-11-05,dynamic80_top3_rs20_risk_tiebreak_proxy,1727,中華化,TWSE,1.0,0.5528530390196906,2.605122352549218,1.0,68,68,False,False,True,True,False,0.5459005173115778,0.5528530390196906,0.5801480648852695,weekly_signal_close,top3_by_RS20_then_layer4_risk_aware_score,False,,,False,False,missing_selected_stock_price_registry_row,adjusted_close_exact > tradable_close_proxy > blocked,selected_ticker_adjusted_close_path_only,False,True,False,False,False,False,False,False,True,False
2021-11-12,dynamic80_top3_rs20_risk_tiebreak_proxy,3169,亞信,TPEx,1.0,0.5792416546008767,0.5586635011128882,1.0,68,68,False,False,True,True,False,0.5608542807470318,0.5792416546008767,0.6072843686382283,weekly_signal_close,top3_by_RS20_then_layer4_risk_aware_score,False,,,False,False,missing_selected_stock_price_registry_row,adjusted_close_exact > tradable_close_proxy > blocked,selected_ticker_adjusted_close_path_only,False,True,False,False,False,False,False,False,True,False
2021-11-19,dynamic80_top3_rs20_risk_tiebreak_proxy,2340,台亞,TWSE,1.0,0.5509888291686247,0.6871347010522373,1.0,9,9,False,True,True,True,False,0.6937057159144987,0.5709888291686247,0.5856741149643496,weekly_signal_close,top3_by_RS20_then_layer4_risk_aware_score,False,,,False,False,missing_selected_stock_price_registry_row,adjusted_close_exact > tradable_close_proxy > blocked,selected_ticker_adjusted_close_path_only,False,True,False,False,False,False,False,False,True,False
2021-11-26,dynamic80_top3_rs20_risk_tiebreak_proxy,3532,台勝科,TWSE,1.0,0.4779333313971152,0.2990539904631991,1.0,38,38,False,False,True,True,False,0.6464916750382944,0.4779333313971152,0.51025791514903,weekly_signal_close,top3_by_RS20_then_layer4_risk_aware_score,False,,,False,False,missing_selected_stock_price_registry_row,adjusted_close_exact > tradable_close_proxy > blocked,selected_ticker_adjusted_close_path_only,False,True,False,False,False,False,False,False,True,False
2021-12-03,dynamic80_top3_rs20_risk_tiebreak_proxy,3483,力致,TPEx,1.0,0.4060391850605069,0.2862467492070731,1.0,60,60,False,False,True,True,False,0.589099195529364,0.4060391850605069,0.4354941448369751,weekly_signal_close,top3_by_RS20_then_layer4_risk_aware_score,False,,,False,False,missing_selected_stock_price_registry_row,adjusted_close_exact > tradable_close_proxy > blocked,selected_ticker_adjusted_close_path_only,False,True,False,False,False,False,False,False,True,False
2021-12-10,dynamic80_top3_rs20_risk_tiebreak_proxy,2615,萬海,TWSE,1.0,0.307793402654787,0.0421932375790035,1.0,69,69,False,False,True,True,False,0.5820530564776405,0.307793402654787,0.336896055478669,weekly_signal_close,top3_by_RS20_then_layer4_risk_aware_score,False,,,False,False,missing_selected_stock_price_registry_row,adjusted_close_exact > tradable_close_proxy > blocked,selected_ticker_adjusted_close_path_only,False,True,False,False,False,False,False,False,True,False
2021-12-17,dynamic80_top3_rs20_risk_tiebreak_proxy,6698,旭暉應材,TWSE,1.0,0.4392140950228068,0.438060424093033,1.0,54,54,False,False,True,True,False,0.6153611349016076,0.4392140950228068,0.4699821517678871,weekly_signal_close,top3_by_RS20_then_layer4_risk_aware_score,False,,,False,False,missing_selected_stock_price_registry_row,adjusted_close_exact > tradable_close_proxy > blocked,selected_ticker_adjusted_close_path_only,False,True,False,False,False,False,False,False,True,False
2021-12-24,dynamic80_top3_rs20_risk_tiebreak_proxy,2476,鉅祥,TWSE,1.0,0.3088220093767146,0.4591217448037161,1.0,41,41,False,False,True,True,False,0.6423042428193576,0.3088220093767146,0.3409372215176824,weekly_signal_close,top3_by_RS20_then_layer4_risk_aware_score,False,,,False,False,missing_selected_stock_price_registry_row,adjusted_close_exact > tradable_close_proxy > blocked,selected_ticker_adjusted_close_path_only,False,True,False,False,False,False,False,False,True,False
2021-12-30,dynamic80_top3_rs20_risk_tiebreak_proxy,8478,東哥遊艇,TWSE,1.0,0.3785581980714383,0.8493871497317746,1.0,61,61,False,False,True,True,False,0.5937302259817244,0.3785581980714383,0.4082447093705245,weekly_signal_close,top3_by_RS20_then_layer4_risk_aware_score,False,,,False,False,missing_selected_stock_price_registry_row,adjusted_close_exact > tradable_close_proxy > blocked,selected_ticker_adjusted_close_path_only,False,True,False,False,False,False,False,False,True,False
2022-01-07,dynamic80_top3_rs20_risk_tiebreak_proxy,3322,建舜電,TPEx,1.0,0.4056221654242247,0.6591821416776442,1.0,79,79,False,False,True,True,False,0.5812316203215439,0.4056221654242247,0.4346837464403019,weekly_signal_close,top3_by_RS20_then_layer4_risk_aware_score,False,,,False,False,missing_selected_stock_price_registry_row,adjusted_close_exact > tradable_close_proxy > blocked,selected_ticker_adjusted_close_path_only,False,True,False,False,False,False,False,False,True,False
2022-01-14,dynamic80_top3_rs20_risk_tiebreak_proxy,6278,台表科,TWSE,1.0,0.1093037816524373,0.1666928390612096,1.0,43,43,False,False,True,True,False,0.6559877771161342,0.1093037816524373,0.142103170508244,weekly_signal_close,top3_by_RS20_then_layer4_risk_aware_score,False,,,False,False,missing_selected_stock_price_registry_row,adjusted_close_exact > tradable_close_proxy > blocked,selected_ticker_adjusted_close_path_only,False,True,False,False,False,False,False,False,True,False
2022-01-21,dynamic80_top3_rs20_risk_tiebreak_proxy,3714,富采,TWSE,1.0,0.1733798078022277,0.1928995756517926,1.0,15,15,False,True,True,True,False,0.7114026772617702,0.1933798078022277,0.2089499416653162,weekly_signal_close,top3_by_RS20_then_layer4_risk_aware_score,False,,,False,False,missing_selected_stock_price_registry_row,adjusted_close_exact > tradable_close_proxy > blocked,selected_ticker_adjusted_close_path_only,False,True,False,False,False,False,False,False,True,False
2022-01-26,dynamic80_top3_rs20_risk_tiebreak_proxy,3455,由田,TPEx,1.0,0.2741788295060356,0.460396984802478,1.0,74,74,False,False,True,True,False,0.6244591947261603,0.2741788295060356,0.3054017892423436,weekly_signal_close,top3_by_RS20_then_layer4_risk_aware_score,False,,,False,False,missing_selected_stock_price_registry_row,adjusted_close_exact > tradable_close_proxy > blocked,selected_ticker_adjusted_close_path_only,False,True,False,False,False,False,False,False,True,False
2022-02-11,dynamic80_top3_rs20_risk_tiebreak_proxy,3558,神準,TPEx,1.0,0.2665488541788093,0.2704203992042537,1.0,69,69,False,False,True,True,False,0.6002972812029475,0.2665488541788093,0.2965637182389566,weekly_signal_close,top3_by_RS20_then_layer4_risk_aware_score,False,,,False,False,missing_selected_stock_price_registry_row,adjusted_close_exact > tradable_close_proxy > blocked,selected_ticker_adjusted_close_path_only,False,True,False,False,False,False,False,False,True,False
2022-02-18,dynamic80_top3_rs20_risk_tiebreak_proxy,6719,力智,TWSE,1.0,1.708642250050955,,1.0,29,29,False,True,True,True,False,0.6696989626666666,1.728642250050955,1.7421271981842883,weekly_signal_close,top3_by_RS20_then_layer4_risk_aware_score,False,,,False,False,missing_selected_stock_price_registry_row,adjusted_close_exact > tradable_close_proxy > blocked,selected_ticker_adjusted_close_path_only,False,True,False,False,False,False,False,False,True,False
2022-02-25,dynamic80_top3_rs20_risk_tiebreak_proxy,3035,智原,TWSE,1.0,0.3143260153126203,0.473862813194388,1.0,80,80,False,False,True,True,False,0.5395437319219994,0.3143260153126203,0.3413032019087202,weekly_signal_close,top3_by_RS20_then_layer4_risk_aware_score,False,,,False,False,missing_selected_stock_price_registry_row,adjusted_close_exact > tradable_close_proxy > blocked,selected_ticker_adjusted_close_path_only,False,True,False,False,False,False,False,False,True,False
2022-03-04,dynamic80_top3_rs20_risk_tiebreak_proxy,3122,笙泉,TPEx,1.0,0.3371245892134249,-0.0975464408042956,1.0,80,80,False,False,True,True,False,0.5472671953834429,0.3371245892134249,0.364487948982597,weekly_signal_close,top3_by_RS20_then_layer4_risk_aware_score,False,,,False,False,missing_selected_stock_price_registry_row,adjusted_close_exact > tradable_close_proxy > blocked,selected_ticker_adjusted_close_path_only,False,True,False,False,False,False,False,False,True,False
2022-03-11,dynamic80_top3_rs20_risk_tiebreak_proxy,8440,綠電,TPEx,1.0,0.5214427165819046,2.2250357585658214,1.0,68,68,False,False,True,True,False,0.5582879576442706,0.5214427165819046,0.5493571144641181,weekly_signal_close,top3_by_RS20_then_layer4_risk_aware_score,False,,,False,False,missing_selected_stock_price_registry_row,adjusted_close_exact > tradable_close_proxy > blocked,selected_ticker_adjusted_close_path_only,False,True,False,False,False,False,False,False,True,False
2022-03-18,dynamic80_top3_rs20_risk_tiebreak_proxy,8440,綠電,TPEx,1.0,0.6906316798513708,2.435915038559627,1.0,62,62,False,False,True,True,False,0.550799783123414,0.6906316798513708,0.7181716690075415,weekly_signal_close,top3_by_RS20_then_layer4_risk_aware_score,False,,,False,False,missing_selected_stock_price_registry_row,adjusted_close_exact > tradable_close_proxy > blocked,selected_ticker_adjusted_close_path_only,False,True,False,False,False,False,False,False,True,False
2022-03-25,dynamic80_top3_rs20_risk_tiebreak_proxy,5425,台半,TPEx,1.0,0.2673241698038404,0.0426662880727763,1.0,31,31,False,True,True,True,False,0.6300795943530254,0.2873241698038404,0.2988281495214916,weekly_signal_close,top3_by_RS20_then_layer4_risk_aware_score,False,,,False,False,missing_selected_stock_price_registry_row,adjusted_close_exact > tradable_close_proxy > blocked,selected_ticker_adjusted_close_path_only,False,True,False,False,False,False,False,False,True,False
2022-04-01,dynamic80_top3_rs20_risk_tiebreak_proxy,1727,中華化,TWSE,1.0,0.2714858142358711,0.058793383267095,1.0,46,46,False,False,True,True,False,0.6355455043205925,0.2714858142358711,0.3032630894519007,weekly_signal_close,top3_by_RS20_then_layer4_risk_aware_score,False,,,False,False,missing_selected_stock_price_registry_row,adjusted_close_exact > tradable_close_proxy > blocked,selected_ticker_adjusted_close_path_only,False,True,False,False,False,False,False,False,True,False
2022-04-08,dynamic80_top3_rs20_risk_tiebreak_proxy,6235,華孚,TWSE,1.0,0.3765141767349358,0.0846145659809557,1.0,45,45,False,False,True,True,False,0.6349279410599126,0.3765141767349358,0.4082605737879314,weekly_signal_close,top3_by_RS20_then_layer4_risk_aware_score,False,,,False,False,missing_selected_stock_price_registry_row,adjusted_close_exact > tradable_close_proxy > blocked,selected_ticker_adjusted_close_path_only,False,True,False,False,False,False,False,False,True,False
2022-04-15,dynamic80_top3_rs20_risk_tiebreak_proxy,1727,中華化,TWSE,1.0,0.2413655121723639,0.0032964277046309,1.0,19,19,False,True,True,True,False,0.695515949553964,0.2613655121723639,0.2761413096500621,weekly_signal_close,top3_by_RS20_then_layer4_risk_aware_score,False,,,False,False,missing_selected_stock_price_registry_row,adjusted_close_exact > tradable_close_proxy > blocked,selected_ticker_adjusted_close_path_only,False,True,False,False,False,False,False,False,True,False
2022-04-22,dynamic80_top3_rs20_risk_tiebreak_proxy,1605,華新,TWSE,1.0,0.6097791089363854,0.8547395172754236,1.0,19,19,False,True,True,True,False,0.6930393576814144,0.6297791089363854,0.6444310768204562,weekly_signal_close,top3_by_RS20_then_layer4_risk_aware_score,False,,,False,False,missing_selected_stock_price_registry_row,adjusted_close_exact > tradable_close_proxy > blocked,selected_ticker_adjusted_close_path_only,False,True,False,False,False,False,False,False,True,False
2022-04-29,dynamic80_top3_rs20_risk_tiebreak_proxy,4736,泰博,TPEx,1.0,0.5850928731871053,0.6692569117752672,1.0,12,12,False,True,True,True,False,0.7275886952326008,0.6050928731871054,0.6214723079487354,weekly_signal_close,top3_by_RS20_then_layer4_risk_aware_score,False,,,False,False,missing_selected_stock_price_registry_row,adjusted_close_exact > tradable_close_proxy > blocked,selected_ticker_adjusted_close_path_only,False,True,False,False,False,False,False,False,True,False
2022-05-06,dynamic80_top3_rs20_risk_tiebreak_proxy,6508,惠光,TPEx,1.0,0.2884711012222131,0.8506038159900721,1.0,64,64,False,False,True,True,False,0.5886306602567872,0.2884711012222131,0.3179026342350524,weekly_signal_close,top3_by_RS20_then_layer4_risk_aware_score,False,,,False,False,missing_selected_stock_price_registry_row,adjusted_close_exact > tradable_close_proxy > blocked,selected_ticker_adjusted_close_path_only,False,True,False,False,False,False,False,False,True,False
2022-05-13,dynamic80_top3_rs20_risk_tiebreak_proxy,6470,宇智,TPEx,1.0,0.3396437547890238,0.5237216947440924,1.0,76,76,False,False,True,True,False,0.5314865665128554,0.3396437547890238,0.3662180831146666,weekly_signal_close,top3_by_RS20_then_layer4_risk_aware_score,False,,,False,False,missing_selected_stock_price_registry_row,adjusted_close_exact > tradable_close_proxy > blocked,selected_ticker_adjusted_close_path_only,False,True,False,False,False,False,False,False,True,False
2022-05-20,dynamic80_top3_rs20_risk_tiebreak_proxy,3535,晶彩科,TWSE,1.0,0.4595851209405314,0.5486299253598007,1.0,50,50,False,False,True,True,False,0.5817669982111164,0.4595851209405314,0.4886734708510872,weekly_signal_close,top3_by_RS20_then_layer4_risk_aware_score,False,,,False,False,missing_selected_stock_price_registry_row,adjusted_close_exact > tradable_close_proxy > blocked,selected_ticker_adjusted_close_path_only,False,True,False,False,False,False,False,False,True,False
2022-05-27,dynamic80_top3_rs20_risk_tiebreak_proxy,8261,富鼎,TWSE,1.0,0.3301560210688729,0.2207292154456058,1.0,78,78,False,False,True,True,False,0.4962282738188636,0.3301560210688729,0.354967434759816,weekly_signal_close,top3_by_RS20_then_layer4_risk_aware_score,False,,,False,False,missing_selected_stock_price_registry_row,adjusted_close_exact > tradable_close_proxy > blocked,selected_ticker_adjusted_close_path_only,False,True,False,False,False,False,False,False,True,False
2022-06-02,dynamic80_top3_rs20_risk_tiebreak_proxy,8478,東哥遊艇,TWSE,1.0,0.3280228571313088,0.7719003345067867,1.0,59,59,False,False,True,True,False,0.5736256044351141,0.3280228571313088,0.3567041373530645,weekly_signal_close,top3_by_RS20_then_layer4_risk_aware_score,False,,,False,False,missing_selected_stock_price_registry_row,adjusted_close_exact > tradable_close_proxy > blocked,selected_ticker_adjusted_close_path_only,False,True,False,False,False,False,False,False,True,False
2022-06-10,dynamic80_top3_rs20_risk_tiebreak_proxy,1522,堤維西,TWSE,1.0,0.4791158520259242,0.7742033697712492,1.0,28,28,False,True,True,True,False,0.6646166789399257,0.4991158520259242,0.5123466859729205,weekly_signal_close,top3_by_RS20_then_layer4_risk_aware_score,False,,,False,False,missing_selected_stock_price_registry_row,adjusted_close_exact > tradable_close_proxy > blocked,selected_ticker_adjusted_close_path_only,False,True,False,False,False,False,False,False,True,False
2022-06-17,dynamic80_top3_rs20_risk_tiebreak_proxy,4116,明基醫,TPEx,1.0,0.4952800468293996,1.6530944818442026,1.0,72,72,False,False,True,True,False,0.5687478926186457,0.4952800468293996,0.5237174414603318,weekly_signal_close,top3_by_RS20_then_layer4_risk_aware_score,False,,,False,False,missing_selected_stock_price_registry_row,adjusted_close_exact > tradable_close_proxy > blocked,selected_ticker_adjusted_close_path_only,False,True,False,False,False,False,False,False,True,False
2022-06-24,dynamic80_top3_rs20_risk_tiebreak_proxy,5258,虹堡,TWSE,1.0,0.4427943422517785,0.5434909067239776,1.0,32,32,False,False,True,True,False,0.6592861507711254,0.4427943422517785,0.4757586497903348,weekly_signal_close,top3_by_RS20_then_layer4_risk_aware_score,False,,,False,False,missing_selected_stock_price_registry_row,adjusted_close_exact > tradable_close_proxy > blocked,selected_ticker_adjusted_close_path_only,False,True,False,False,False,False,False,False,True,False
2022-07-01,dynamic80_top3_rs20_risk_tiebreak_proxy,5904,寶雅,TPEx,1.0,0.2770667446711952,0.0500102978134004,1.0,36,36,False,False,True,True,False,0.6212792105690464,0.2770667446711952,0.3081307051996475,weekly_signal_close,top3_by_RS20_then_layer4_risk_aware_score,False,,,False,False,missing_selected_stock_price_registry_row,adjusted_close_exact > tradable_close_proxy > blocked,selected_ticker_adjusted_close_path_only,False,True,False,False,False,False,False,False,True,False
2022-07-08,dynamic80_top3_rs20_risk_tiebreak_proxy,2206,三陽工業,TWSE,1.0,0.2247249676291841,0.3789656653418952,1.0,59,59,False,False,True,True,False,0.5595511113359934,0.2247249676291841,0.2527025231959837,weekly_signal_close,top3_by_RS20_then_layer4_risk_aware_score,False,,,False,False,missing_selected_stock_price_registry_row,adjusted_close_exact > tradable_close_proxy > blocked,selected_ticker_adjusted_close_path_only,False,True,False,False,False,False,False,False,True,False
2022-07-15,dynamic80_top3_rs20_risk_tiebreak_proxy,2419,仲琦,TWSE,1.0,0.3847522610399911,0.4080598281439497,1.0,23,23,False,True,True,True,False,0.6238434134529296,0.4047522610399911,0.4159444317126375,weekly_signal_close,top3_by_RS20_then_layer4_risk_aware_score,False,,,False,False,missing_selected_stock_price_registry_row,adjusted_close_exact > tradable_close_proxy > blocked,selected_ticker_adjusted_close_path_only,False,True,False,False,False,False,False,False,True,False
2022-07-22,dynamic80_top3_rs20_risk_tiebreak_proxy,5904,寶雅,TPEx,1.0,0.2091092872327631,0.1963895379380715,1.0,38,38,False,False,True,True,False,0.5762805698002252,0.2091092872327631,0.2379233157227743,weekly_signal_close,top3_by_RS20_then_layer4_risk_aware_score,False,,,False,False,missing_selected_stock_price_registry_row,adjusted_close_exact > tradable_close_proxy > blocked,selected_ticker_adjusted_close_path_only,False,True,False,False,False,False,False,False,True,False
2022-07-29,dynamic80_top3_rs20_risk_tiebreak_proxy,2419,仲琦,TWSE,1.0,0.6413738497000887,0.5343158005101282,1.0,9,9,False,True,True,True,False,0.6618963348405766,0.6613738497000887,0.6744686664421176,weekly_signal_close,top3_by_RS20_then_layer4_risk_aware_score,False,,,False,False,missing_selected_stock_price_registry_row,adjusted_close_exact > tradable_close_proxy > blocked,selected_ticker_adjusted_close_path_only,False,True,False,False,False,False,False,False,True,False
2022-08-05,dynamic80_top3_rs20_risk_tiebreak_proxy,6442,光聖,TWSE,1.0,0.4133724742882256,0.7159235478697443,1.0,77,77,False,False,True,True,False,0.5149281001688509,0.4133724742882256,0.4391188792966681,weekly_signal_close,top3_by_RS20_then_layer4_risk_aware_score,False,,,False,False,missing_selected_stock_price_registry_row,adjusted_close_exact > tradable_close_proxy > blocked,selected_ticker_adjusted_close_path_only,False,True,False,False,False,False,False,False,True,False
2022-08-12,dynamic80_top3_rs20_risk_tiebreak_proxy,3081,聯亞,TPEx,1.0,0.4562112591396676,0.1813875457822442,1.0,71,71,False,False,True,True,False,0.5563284315801713,0.4562112591396676,0.4840276807186761,weekly_signal_close,top3_by_RS20_then_layer4_risk_aware_score,False,,,False,False,missing_selected_stock_price_registry_row,adjusted_close_exact > tradable_close_proxy > blocked,selected_ticker_adjusted_close_path_only,False,True,False,False,False,False,False,False,True,False
2022-08-19,dynamic80_top3_rs20_risk_tiebreak_proxy,3047,訊舟,TWSE,1.0,0.4399191589919262,0.6702151928638771,1.0,35,35,False,False,True,True,False,0.6547183782067956,0.4399191589919262,0.4726550779022659,weekly_signal_close,top3_by_RS20_then_layer4_risk_aware_score,False,,,False,False,missing_selected_stock_price_registry_row,adjusted_close_exact > tradable_close_proxy > blocked,selected_ticker_adjusted_close_path_only,False,True,False,False,False,False,False,False,True,False
2022-08-26,dynamic80_top3_rs20_risk_tiebreak_proxy,4743,合一,TPEx,1.0,0.491086587062038,0.6165460786945264,1.0,38,38,False,False,True,True,False,0.6639821533795452,0.491086587062038,0.5242856947310153,weekly_signal_close,top3_by_RS20_then_layer4_risk_aware_score,False,,,False,False,missing_selected_stock_price_registry_row,adjusted_close_exact > tradable_close_proxy > blocked,selected_ticker_adjusted_close_path_only,False,True,False,False,False,False,False,False,True,False
2022-09-02,dynamic80_top3_rs20_risk_tiebreak_proxy,4768,晶呈科技,TPEx,1.0,0.7065256819792637,0.4452732661533827,1.0,60,60,False,False,True,True,False,0.6179542299543456,0.7065256819792637,0.7374233934769809,weekly_signal_close,top3_by_RS20_then_layer4_risk_aware_score,False,,,False,False,missing_selected_stock_price_registry_row,adjusted_close_exact > tradable_close_proxy > blocked,selected_ticker_adjusted_close_path_only,False,True,False,False,False,False,False,False,True,False
2022-09-08,dynamic80_top3_rs20_risk_tiebreak_proxy,3552,同致,TPEx,1.0,0.3353921091181975,0.239573677134968,1.0,43,43,False,False,True,True,False,0.6473004725296405,0.3353921091181975,0.3677571327446795,weekly_signal_close,top3_by_RS20_then_layer4_risk_aware_score,False,,,False,False,missing_selected_stock_price_registry_row,adjusted_close_exact > tradable_close_proxy > blocked,selected_ticker_adjusted_close_path_only,False,True,False,False,False,False,False,False,True,False
2022-09-16,dynamic80_top3_rs20_risk_tiebreak_proxy,4743,合一,TPEx,1.0,0.6464305306539616,0.4065377561613461,1.0,34,34,False,False,True,True,False,0.5850945802376387,0.6464305306539616,0.6756852596658436,weekly_signal_close,top3_by_RS20_then_layer4_risk_aware_score,False,,,False,False,missing_selected_stock_price_registry_row,adjusted_close_exact > tradable_close_proxy > blocked,selected_ticker_adjusted_close_path_only,False,True,False,False,False,False,False,False,True,False
2022-09-23,dynamic80_top3_rs20_risk_tiebreak_proxy,2603,長榮,TWSE,1.0,0.6854758275862883,0.5848145606621815,1.0,65,65,False,False,True,True,False,0.5626955998590023,0.6854758275862883,0.7136106075792384,weekly_signal_close,top3_by_RS20_then_layer4_risk_aware_score,False,,,False,False,missing_selected_stock_price_registry_row,adjusted_close_exact > tradable_close_proxy > blocked,selected_ticker_adjusted_close_path_only,False,True,False,False,False,False,False,False,True,False
2022-09-30,dynamic80_top3_rs20_risk_tiebreak_proxy,2603,長榮,TWSE,1.0,0.6868399696238806,0.7011668226403485,1.0,62,62,False,False,True,True,False,0.5524633935303088,0.6868399696238806,0.7144631393003961,weekly_signal_close,top3_by_RS20_then_layer4_risk_aware_score,False,,,False,False,missing_selected_stock_price_registry_row,adjusted_close_exact > tradable_close_proxy > blocked,selected_ticker_adjusted_close_path_only,False,True,False,False,False,False,False,False,True,False
2022-10-07,dynamic80_top3_rs20_risk_tiebreak_proxy,2388,威盛,TWSE,1.0,6.798041151202793,0.5963931779288626,1.0,17,17,False,True,True,True,False,0.6377709388624455,6.8180411512027925,6.829929698145915,weekly_signal_close,top3_by_RS20_then_layer4_risk_aware_score,False,,,False,False,missing_selected_stock_price_registry_row,adjusted_close_exact > tradable_close_proxy > blocked,selected_ticker_adjusted_close_path_only,False,True,False,False,False,False,False,False,True,False
2022-10-14,dynamic80_top3_rs20_risk_tiebreak_proxy,2707,晶華,TWSE,1.0,0.2490967682836811,0.2369179212498143,1.0,50,50,False,False,True,True,False,0.6154347744125058,0.2490967682836811,0.2798685070043064,weekly_signal_close,top3_by_RS20_then_layer4_risk_aware_score,False,,,False,False,missing_selected_stock_price_registry_row,adjusted_close_exact > tradable_close_proxy > blocked,selected_ticker_adjusted_close_path_only,False,True,False,False,False,False,False,False,True,False
2022-10-21,dynamic80_top3_rs20_risk_tiebreak_proxy,9945,潤泰新,TWSE,1.0,0.1760242478358216,0.1442888253803947,1.0,63,63,False,False,True,True,False,0.5315891251934972,0.1760242478358216,0.2026037040954964,weekly_signal_close,top3_by_RS20_then_layer4_risk_aware_score,False,,,False,False,missing_selected_stock_price_registry_row,adjusted_close_exact > tradable_close_proxy > blocked,selected_ticker_adjusted_close_path_only,False,True,False,False,False,False,False,False,True,False
2022-10-28,dynamic80_top3_rs20_risk_tiebreak_proxy,2421,建準,TWSE,1.0,0.1866175236179492,0.1327609038127244,1.0,55,55,False,False,True,True,False,0.607466333743831,0.1866175236179492,0.2169908403051407,weekly_signal_close,top3_by_RS20_then_layer4_risk_aware_score,False,,,False,False,missing_selected_stock_price_registry_row,adjusted_close_exact > tradable_close_proxy > blocked,selected_ticker_adjusted_close_path_only,False,True,False,False,False,False,False,False,True,False
2022-11-04,dynamic80_top3_rs20_risk_tiebreak_proxy,2468,華經,TWSE,1.0,0.5312976687499299,1.1099171868612552,1.0,68,68,False,False,True,True,False,0.5282103943780136,0.5312976687499299,0.5577081884688306,weekly_signal_close,top3_by_RS20_then_layer4_risk_aware_score,False,,,False,False,missing_selected_stock_price_registry_row,adjusted_close_exact > tradable_close_proxy > blocked,selected_ticker_adjusted_close_path_only,False,True,False,False,False,False,False,False,True,False
2022-11-11,dynamic80_top3_rs20_risk_tiebreak_proxy,2327,國巨*,TWSE,1.0,0.4793640348956562,0.4784237733581672,1.0,44,44,False,False,True,True,False,0.5553504209634713,0.4793640348956562,0.5071315559438297,weekly_signal_close,top3_by_RS20_then_layer4_risk_aware_score,False,,,False,False,missing_selected_stock_price_registry_row,adjusted_close_exact > tradable_close_proxy > blocked,selected_ticker_adjusted_close_path_only,False,True,False,False,False,False,False,False,True,False
2022-11-18,dynamic80_top3_rs20_risk_tiebreak_proxy,3529,力旺,TPEx,1.0,0.3977459495603206,0.1360309825601083,1.0,67,67,False,False,True,True,False,0.5413490511831638,0.3977459495603206,0.4248134021194788,weekly_signal_close,top3_by_RS20_then_layer4_risk_aware_score,False,,,False,False,missing_selected_stock_price_registry_row,adjusted_close_exact > tradable_close_proxy > blocked,selected_ticker_adjusted_close_path_only,False,True,False,False,False,False,False,False,True,False
2022-11-25,dynamic80_top3_rs20_risk_tiebreak_proxy,2327,國巨*,TWSE,1.0,0.4665858460278143,0.3811098517136371,1.0,46,46,False,False,True,True,False,0.6093819696372194,0.4665858460278143,0.4970549445096752,weekly_signal_close,top3_by_RS20_then_layer4_risk_aware_score,False,,,False,False,missing_selected_stock_price_registry_row,adjusted_close_exact > tradable_close_proxy > blocked,selected_ticker_adjusted_close_path_only,False,True,False,False,False,False,False,False,True,False
2022-12-02,dynamic80_top3_rs20_risk_tiebreak_proxy,4979,華星光,TPEx,1.0,0.3863181292565047,0.4560116243473946,1.0,27,27,False,True,True,True,False,0.6677842434642169,0.4063181292565047,0.4197073414297155,weekly_signal_close,top3_by_RS20_then_layer4_risk_aware_score,False,,,False,False,missing_selected_stock_price_registry_row,adjusted_close_exact > tradable_close_proxy > blocked,selected_ticker_adjusted_close_path_only,False,True,False,False,False,False,False,False,True,False
2022-12-09,dynamic80_top3_rs20_risk_tiebreak_proxy,4979,華星光,TPEx,1.0,0.4641280633202549,0.2806256910263676,1.0,73,73,False,False,True,True,False,0.572767890347553,0.4641280633202549,0.4927664578376325,weekly_signal_close,top3_by_RS20_then_layer4_risk_aware_score,False,,,False,False,missing_selected_stock_price_registry_row,adjusted_close_exact > tradable_close_proxy > blocked,selected_ticker_adjusted_close_path_only,False,True,False,False,False,False,False,False,True,False
2022-12-16,dynamic80_top3_rs20_risk_tiebreak_proxy,4114,健喬,TPEx,1.0,0.4015225472137441,0.3130172287623545,1.0,6,6,False,True,True,True,False,0.7263978610106244,0.4215225472137441,0.4378424402642753,weekly_signal_close,top3_by_RS20_then_layer4_risk_aware_score,False,,,False,False,missing_selected_stock_price_registry_row,adjusted_close_exact > tradable_close_proxy > blocked,selected_ticker_adjusted_close_path_only,False,True,False,False,False,False,False,False,True,False
2022-12-23,dynamic80_top3_rs20_risk_tiebreak_proxy,6782,視陽,TWSE,1.0,0.5050479935128206,,1.0,65,65,False,False,True,True,False,0.5692761859380293,0.5050479935128206,0.5335118028097221,weekly_signal_close,top3_by_RS20_then_layer4_risk_aware_score,False,,,False,False,missing_selected_stock_price_registry_row,adjusted_close_exact > tradable_close_proxy > blocked,selected_ticker_adjusted_close_path_only,False,True,False,False,False,False,False,False,True,False
2022-12-30,dynamic80_top3_rs20_risk_tiebreak_proxy,4130,健亞,TPEx,1.0,0.3763180902738843,0.3394623523311884,1.0,45,45,False,False,True,True,False,0.5938500018223272,0.3763180902738843,0.4060105903650006,weekly_signal_close,top3_by_RS20_then_layer4_risk_aware_score,False,,,False,False,missing_selected_stock_price_registry_row,adjusted_close_exact > tradable_close_proxy > blocked,selected_ticker_adjusted_close_path_only,False,True,False,False,False,False,False,False,True,False
2023-01-06,dynamic80_top3_rs20_risk_tiebreak_proxy,1720,生達,TWSE,1.0,0.1840295595249776,0.1933615802505219,1.0,47,47,False,False,True,True,False,0.6089949507365199,0.1840295595249776,0.2144793070618036,weekly_signal_close,top3_by_RS20_then_layer4_risk_aware_score,False,,,False,False,missing_selected_stock_price_registry_row,adjusted_close_exact > tradable_close_proxy > blocked,selected_ticker_adjusted_close_path_only,False,True,False,False,False,False,False,False,True,False
2023-01-13,dynamic80_top3_rs20_risk_tiebreak_proxy,5321,美而快,TPEx,1.0,0.2784901219442077,0.173688665835016,1.0,30,30,False,True,True,True,False,0.6272627547616143,0.2984901219442077,0.3098532596822884,weekly_signal_close,top3_by_RS20_then_layer4_risk_aware_score,False,,,False,False,missing_selected_stock_price_registry_row,adjusted_close_exact > tradable_close_proxy > blocked,selected_ticker_adjusted_close_path_only,False,True,False,False,False,False,False,False,True,False
2023-01-17,dynamic80_top3_rs20_risk_tiebreak_proxy,5321,美而快,TPEx,1.0,0.3460600790004322,0.2645107609063346,1.0,24,24,False,True,True,True,False,0.6482093786517377,0.3660600790004322,0.378470547933019,weekly_signal_close,top3_by_RS20_then_layer4_risk_aware_score,False,,,False,False,missing_selected_stock_price_registry_row,adjusted_close_exact > tradable_close_proxy > blocked,selected_ticker_adjusted_close_path_only,False,True,False,False,False,False,False,False,True,False
2023-02-03,dynamic80_top3_rs20_risk_tiebreak_proxy,2482,連宇,TWSE,1.0,0.4653217729746344,0.5357924116432065,1.0,28,28,False,True,True,True,False,0.6456871158693871,0.4853217729746344,0.4976061287681037,weekly_signal_close,top3_by_RS20_then_layer4_risk_aware_score,False,,,False,False,missing_selected_stock_price_registry_row,adjusted_close_exact > tradable_close_proxy > blocked,selected_ticker_adjusted_close_path_only,False,True,False,False,False,False,False,False,True,False
2023-02-10,dynamic80_top3_rs20_risk_tiebreak_proxy,4763,材料*-KY,TWSE,1.0,0.3457705808759503,1.113791799078437,1.0,58,58,False,False,True,True,False,0.5575902529757913,0.3457705808759503,0.3736500935247399,weekly_signal_close,top3_by_RS20_then_layer4_risk_aware_score,False,,,False,False,missing_selected_stock_price_registry_row,adjusted_close_exact > tradable_close_proxy > blocked,selected_ticker_adjusted_close_path_only,False,True,False,False,False,False,False,False,True,False
2023-02-17,dynamic80_top3_rs20_risk_tiebreak_proxy,2453,凌群,TWSE,1.0,0.6221664509200415,0.6196000812401379,1.0,30,30,False,True,True,True,False,0.6440084157132624,0.6421664509200415,0.6543668717057046,weekly_signal_close,top3_by_RS20_then_layer4_risk_aware_score,False,,,False,False,missing_selected_stock_price_registry_row,adjusted_close_exact > tradable_close_proxy > blocked,selected_ticker_adjusted_close_path_only,False,True,False,False,False,False,False,False,True,False
2023-02-24,dynamic80_top3_rs20_risk_tiebreak_proxy,8227,巨有科技,TPEx,1.0,0.9480366647600228,,1.0,24,24,False,True,True,True,False,0.6380039058133742,0.9680366647600228,0.9799368600506916,weekly_signal_close,top3_by_RS20_then_layer4_risk_aware_score,False,,,False,False,missing_selected_stock_price_registry_row,adjusted_close_exact > tradable_close_proxy > blocked,selected_ticker_adjusted_close_path_only,False,True,False,False,False,False,False,False,True,False
2023-03-03,dynamic80_top3_rs20_risk_tiebreak_proxy,8227,巨有科技,TPEx,1.0,1.2024051135007194,,1.0,23,23,False,True,True,True,False,0.6537597734453159,1.2224051135007197,1.2350931021729852,weekly_signal_close,top3_by_RS20_then_layer4_risk_aware_score,False,,,False,False,missing_selected_stock_price_registry_row,adjusted_close_exact > tradable_close_proxy > blocked,selected_ticker_adjusted_close_path_only,False,True,False,False,False,False,False,False,True,False
2023-03-10,dynamic80_top3_rs20_risk_tiebreak_proxy,8227,巨有科技,TPEx,1.0,0.9728548953741122,,1.0,37,37,False,False,True,True,False,0.6515044953398735,0.9728548953741122,1.0054301201411058,weekly_signal_close,top3_by_RS20_then_layer4_risk_aware_score,False,,,False,False,missing_selected_stock_price_registry_row,adjusted_close_exact > tradable_close_proxy > blocked,selected_ticker_adjusted_close_path_only,False,True,False,False,False,False,False,False,True,False
2023-03-17,dynamic80_top3_rs20_risk_tiebreak_proxy,3093,港建*,TPEx,1.0,0.4092426951959218,-0.6943367637370252,1.0,68,68,False,False,True,True,False,0.5199789005352148,0.4092426951959218,0.4352416402226826,weekly_signal_close,top3_by_RS20_then_layer4_risk_aware_score,False,,,False,False,missing_selected_stock_price_registry_row,adjusted_close_exact > tradable_close_proxy > blocked,selected_ticker_adjusted_close_path_only,False,True,False,False,False,False,False,False,True,False
2023-03-24,dynamic80_top3_rs20_risk_tiebreak_proxy,2453,凌群,TWSE,1.0,0.5204169634294449,1.6239880961922153,1.0,43,43,False,False,True,True,False,0.5620587465000031,0.5204169634294449,0.548519900754445,weekly_signal_close,top3_by_RS20_then_layer4_risk_aware_score,False,,,False,False,missing_selected_stock_price_registry_row,adjusted_close_exact > tradable_close_proxy > blocked,selected_ticker_adjusted_close_path_only,False,True,False,False,False,False,False,False,True,False
2023-03-31,dynamic80_top3_rs20_risk_tiebreak_proxy,6472,保瑞,TPEx,1.0,0.4014933675090824,0.6746071134607485,1.0,48,48,False,False,True,True,True,0.5386899462070367,0.4014933675090824,0.3984278648194342,weekly_signal_close,top3_by_RS20_then_layer4_risk_aware_score,False,,,False,False,missing_selected_stock_price_registry_row,adjusted_close_exact > tradable_close_proxy > blocked,selected_ticker_adjusted_close_path_only,False,True,False,False,False,False,False,False,True,False
2023-04-07,dynamic80_top3_rs20_risk_tiebreak_proxy,6472,保瑞,TPEx,1.0,0.6386541438864877,0.829095168276732,1.0,56,56,False,False,True,True,True,0.5359118242814601,0.6386541438864877,0.6354497351005607,weekly_signal_close,top3_by_RS20_then_layer4_risk_aware_score,False,,,False,False,missing_selected_stock_price_registry_row,adjusted_close_exact > tradable_close_proxy > blocked,selected_ticker_adjusted_close_path_only,False,True,False,False,False,False,False,False,True,False
2023-04-14,dynamic80_top3_rs20_risk_tiebreak_proxy,5353,台林,TPEx,2.0,0.5273899949163834,0.6910510106182708,2.0,14,14,False,True,True,True,False,0.6167640713784895,0.5473899949163834,0.5582281984853079,weekly_signal_close,top3_by_RS20_then_layer4_risk_aware_score,False,,,False,False,missing_selected_stock_price_registry_row,adjusted_close_exact > tradable_close_proxy > blocked,selected_ticker_adjusted_close_path_only,False,True,False,False,False,False,False,False,True,False
2023-04-21,dynamic80_top3_rs20_risk_tiebreak_proxy,6753,龍德造船,TWSE,1.0,0.4814777049634485,,1.0,70,70,False,False,True,True,False,0.4611401938632077,0.4814777049634485,0.5045347146566089,weekly_signal_close,top3_by_RS20_then_layer4_risk_aware_score,False,,,False,False,missing_selected_stock_price_registry_row,adjusted_close_exact > tradable_close_proxy > blocked,selected_ticker_adjusted_close_path_only,False,True,False,False,False,False,False,False,True,False
2023-04-28,dynamic80_top3_rs20_risk_tiebreak_proxy,4763,材料*-KY,TWSE,1.0,0.4929356494851471,0.6882597814697708,1.0,74,74,False,False,True,True,False,0.4731563713928423,0.4929356494851471,0.5165934680547892,weekly_signal_close,top3_by_RS20_then_layer4_risk_aware_score,False,,,False,False,missing_selected_stock_price_registry_row,adjusted_close_exact > tradable_close_proxy > blocked,selected_ticker_adjusted_close_path_only,False,True,False,False,False,False,False,False,True,False
2023-05-05,dynamic80_top3_rs20_risk_tiebreak_proxy,6111,大宇資,TPEx,1.0,0.547618858394806,0.4122028965161871,1.0,13,13,False,True,True,True,False,0.6510239907083599,0.567618858394806,0.5801700579302239,weekly_signal_close,top3_by_RS20_then_layer4_risk_aware_score,False,,,False,False,missing_selected_stock_price_registry_row,adjusted_close_exact > tradable_close_proxy > blocked,selected_ticker_adjusted_close_path_only,False,True,False,False,False,False,False,False,True,False
2023-05-12,dynamic80_top3_rs20_risk_tiebreak_proxy,4763,材料*-KY,TWSE,1.0,0.2644008411052356,0.9036740582276328,1.0,75,75,False,False,True,True,False,0.5116785416908873,0.2644008411052356,0.28998476818978,weekly_signal_close,top3_by_RS20_then_layer4_risk_aware_score,False,,,False,False,missing_selected_stock_price_registry_row,adjusted_close_exact > tradable_close_proxy > blocked,selected_ticker_adjusted_close_path_only,False,True,False,False,False,False,False,False,True,False
2023-05-19,dynamic80_top3_rs20_risk_tiebreak_proxy,2207,和泰車,TWSE,1.0,0.2978474750876516,0.3460783217789196,1.0,53,53,False,False,True,True,False,0.5629475940962523,0.2978474750876516,0.3259948547924642,weekly_signal_close,top3_by_RS20_then_layer4_risk_aware_score,False,,,False,False,missing_selected_stock_price_registry_row,adjusted_close_exact > tradable_close_proxy > blocked,selected_ticker_adjusted_close_path_only,False,True,False,False,False,False,False,False,True,False
2023-05-26,dynamic80_top3_rs20_risk_tiebreak_proxy,2736,富野,TPEx,1.0,0.7128352228525228,0.3203636956452642,1.0,65,65,False,False,True,True,False,0.557464626225302,0.7128352228525228,0.7407084541637878,weekly_signal_close,top3_by_RS20_then_layer4_risk_aware_score,False,,,False,False,missing_selected_stock_price_registry_row,adjusted_close_exact > tradable_close_proxy > blocked,selected_ticker_adjusted_close_path_only,False,True,False,False,False,False,False,False,True,False
2023-06-02,dynamic80_top3_rs20_risk_tiebreak_proxy,2206,三陽工業,TWSE,1.0,0.4121995352190204,1.1396751056840009,1.0,10,10,False,True,True,True,False,0.6873648792669679,0.4321995352190204,0.4465677791823688,weekly_signal_close,top3_by_RS20_then_layer4_risk_aware_score,False,,,False,False,missing_selected_stock_price_registry_row,adjusted_close_exact > tradable_close_proxy > blocked,selected_ticker_adjusted_close_path_only,False,True,False,False,False,False,False,False,True,False
2023-06-09,dynamic80_top3_rs20_risk_tiebreak_proxy,3583,辛耘,TWSE,1.0,0.6199326028968328,0.7875964341743151,1.0,50,50,False,False,True,True,True,0.5840446112722064,0.6199326028968328,0.6191348334604432,weekly_signal_close,top3_by_RS20_then_layer4_risk_aware_score,False,,,False,False,missing_selected_stock_price_registry_row,adjusted_close_exact > tradable_close_proxy > blocked,selected_ticker_adjusted_close_path_only,False,True,False,False,False,False,False,False,True,False
2023-06-16,dynamic80_top3_rs20_risk_tiebreak_proxy,6643,M31,TPEx,2.0,0.3776850898839055,0.3654129720607098,2.0,18,18,False,True,True,True,False,0.6535296131440238,0.3976850898839055,0.4103615705411066,weekly_signal_close,top3_by_RS20_then_layer4_risk_aware_score,False,,,False,False,missing_selected_stock_price_registry_row,adjusted_close_exact > tradable_close_proxy > blocked,selected_ticker_adjusted_close_path_only,False,True,False,False,False,False,False,False,True,False
2023-06-21,dynamic80_top3_rs20_risk_tiebreak_proxy,6125,廣運,TPEx,1.0,0.9519163826202532,1.092144187473775,1.0,59,59,False,False,True,True,True,0.5417980234566226,0.9519163826202532,0.9490062837930844,weekly_signal_close,top3_by_RS20_then_layer4_risk_aware_score,False,,,False,False,missing_selected_stock_price_registry_row,adjusted_close_exact > tradable_close_proxy > blocked,selected_ticker_adjusted_close_path_only,False,True,False,False,False,False,False,False,True,False
2023-06-30,dynamic80_top3_rs20_risk_tiebreak_proxy,3356,奇偶,TWSE,1.0,0.4086836718286248,0.3309996817480292,1.0,35,35,False,False,True,True,False,0.6370087672491893,0.4086836718286248,0.4405341101910843,weekly_signal_close,top3_by_RS20_then_layer4_risk_aware_score,False,,,False,False,missing_selected_stock_price_registry_row,adjusted_close_exact > tradable_close_proxy > blocked,selected_ticker_adjusted_close_path_only,False,True,False,False,False,False,False,False,True,False
2023-07-07,dynamic80_top3_rs20_risk_tiebreak_proxy,3013,晟銘電,TWSE,1.0,0.4640211039876281,0.9433181310930608,1.0,62,62,False,False,True,True,False,0.5375874004044521,0.4640211039876281,0.4909004740078507,weekly_signal_close,top3_by_RS20_then_layer4_risk_aware_score,False,,,False,False,missing_selected_stock_price_registry_row,adjusted_close_exact > tradable_close_proxy > blocked,selected_ticker_adjusted_close_path_only,False,True,False,False,False,False,False,False,True,False
2023-07-14,dynamic80_top3_rs20_risk_tiebreak_proxy,2388,威盛,TWSE,1.0,0.5430770220131667,0.4750969816443431,1.0,5,5,False,True,True,True,False,0.701413781757113,0.5630770220131667,0.5781477111010223,weekly_signal_close,top3_by_RS20_then_layer4_risk_aware_score,False,,,False,False,missing_selected_stock_price_registry_row,adjusted_close_exact > tradable_close_proxy > blocked,selected_ticker_adjusted_close_path_only,False,True,False,False,False,False,False,False,True,False
2023-07-21,dynamic80_top3_rs20_risk_tiebreak_proxy,6150,撼訊,TPEx,1.0,0.4213692293045311,0.5309658453040784,1.0,22,22,False,True,True,True,False,0.6304006711979072,0.4413692293045311,0.4528892628644264,weekly_signal_close,top3_by_RS20_then_layer4_risk_aware_score,False,,,False,False,missing_selected_stock_price_registry_row,adjusted_close_exact > tradable_close_proxy > blocked,selected_ticker_adjusted_close_path_only,False,True,False,False,False,False,False,False,True,False
2023-07-28,dynamic80_top3_rs20_risk_tiebreak_proxy,2383,台光電,TWSE,1.0,0.6988846949327034,1.41994774671083,1.0,44,44,False,False,True,True,True,0.589793694182581,0.6988846949327034,0.6983743796418325,weekly_signal_close,top3_by_RS20_then_layer4_risk_aware_score,False,,,False,False,missing_selected_stock_price_registry_row,adjusted_close_exact > tradable_close_proxy > blocked,selected_ticker_adjusted_close_path_only,False,True,False,False,False,False,False,False,True,False
2023-08-04,dynamic80_top3_rs20_risk_tiebreak_proxy,2913,農林,TWSE,1.0,0.350731227409105,0.2273182544917467,1.0,19,19,False,True,True,True,False,0.659637347275139,0.370731227409105,0.383713094772862,weekly_signal_close,top3_by_RS20_then_layer4_risk_aware_score,False,,,False,False,missing_selected_stock_price_registry_row,adjusted_close_exact > tradable_close_proxy > blocked,selected_ticker_adjusted_close_path_only,False,True,False,False,False,False,False,False,True,False
2023-08-11,dynamic80_top3_rs20_risk_tiebreak_proxy,3483,力致,TPEx,1.0,0.4875167414476209,0.9402130557341356,1.0,41,41,False,False,True,True,False,0.5758965084204093,0.4875167414476209,0.5163115668686413,weekly_signal_close,top3_by_RS20_then_layer4_risk_aware_score,False,,,False,False,missing_selected_stock_price_registry_row,adjusted_close_exact > tradable_close_proxy > blocked,selected_ticker_adjusted_close_path_only,False,True,False,False,False,False,False,False,True,False
2023-08-18,dynamic80_top3_rs20_risk_tiebreak_proxy,2329,華泰,TWSE,1.0,0.5864942952863434,1.4024654513149093,1.0,47,47,False,False,True,True,False,0.5604088824117253,0.5864942952863434,0.6145147394069297,weekly_signal_close,top3_by_RS20_then_layer4_risk_aware_score,False,,,False,False,missing_selected_stock_price_registry_row,adjusted_close_exact > tradable_close_proxy > blocked,selected_ticker_adjusted_close_path_only,False,True,False,False,False,False,False,False,True,False
2023-08-25,dynamic80_top3_rs20_risk_tiebreak_proxy,6829,千附精密,TPEx,1.0,0.3339985813149426,0.0484608202336794,1.0,72,72,False,False,True,True,False,0.5618371212791614,0.3339985813149426,0.3620904373789007,weekly_signal_close,top3_by_RS20_then_layer4_risk_aware_score,False,,,False,False,missing_selected_stock_price_registry_row,adjusted_close_exact > tradable_close_proxy > blocked,selected_ticker_adjusted_close_path_only,False,True,False,False,False,False,False,False,True,False
2023-09-01,dynamic80_top3_rs20_risk_tiebreak_proxy,3548,兆利,TPEx,1.0,0.5005803840329656,0.4443161881656845,1.0,69,69,False,False,True,True,False,0.5878688738259035,0.5005803840329656,0.5299738277242607,weekly_signal_close,top3_by_RS20_then_layer4_risk_aware_score,False,,,False,False,missing_selected_stock_price_registry_row,adjusted_close_exact > tradable_close_proxy > blocked,selected_ticker_adjusted_close_path_only,False,True,False,False,False,False,False,False,True,False
2023-09-08,dynamic80_top3_rs20_risk_tiebreak_proxy,3661,世芯-KY,TWSE,1.0,0.3400112625259003,0.3990592426143795,1.0,68,68,False,False,True,True,False,0.5878750867794754,0.3400112625259003,0.3694050168648741,weekly_signal_close,top3_by_RS20_then_layer4_risk_aware_score,False,,,False,False,missing_selected_stock_price_registry_row,adjusted_close_exact > tradable_close_proxy > blocked,selected_ticker_adjusted_close_path_only,False,True,False,False,False,False,False,False,True,False
2023-09-15,dynamic80_top3_rs20_risk_tiebreak_proxy,3548,兆利,TPEx,1.0,0.5384066091390376,0.8296203517434877,1.0,53,53,False,False,True,True,True,0.5446877476608344,0.5384066091390376,0.5356409965220793,weekly_signal_close,top3_by_RS20_then_layer4_risk_aware_score,False,,,False,False,missing_selected_stock_price_registry_row,adjusted_close_exact > tradable_close_proxy > blocked,selected_ticker_adjusted_close_path_only,False,True,False,False,False,False,False,False,True,False
2023-09-22,dynamic80_top3_rs20_risk_tiebreak_proxy,2364,倫飛,TWSE,1.0,0.4646220043210738,0.2088690150598593,1.0,73,73,False,False,True,True,False,0.6057752599157241,0.4646220043210738,0.49491076731686,weekly_signal_close,top3_by_RS20_then_layer4_risk_aware_score,False,,,False,False,missing_selected_stock_price_registry_row,adjusted_close_exact > tradable_close_proxy > blocked,selected_ticker_adjusted_close_path_only,False,True,False,False,False,False,False,False,True,False
2023-09-28,dynamic80_top3_rs20_risk_tiebreak_proxy,6451,訊芯-KY,TWSE,1.0,0.42033437529719,0.115808420032586,1.0,42,42,False,False,True,True,False,0.6706584959605691,0.42033437529719,0.4538673000952184,weekly_signal_close,top3_by_RS20_then_layer4_risk_aware_score,False,,,False,False,missing_selected_stock_price_registry_row,adjusted_close_exact > tradable_close_proxy > blocked,selected_ticker_adjusted_close_path_only,False,True,False,False,False,False,False,False,True,False
2023-10-06,dynamic80_top3_rs20_risk_tiebreak_proxy,3715,定穎投控,TWSE,1.0,0.4546054041770364,2.066543891495133,1.0,65,65,False,False,True,True,False,0.5503052901263534,0.4546054041770364,0.482120668683354,weekly_signal_close,top3_by_RS20_then_layer4_risk_aware_score,False,,,False,False,missing_selected_stock_price_registry_row,adjusted_close_exact > tradable_close_proxy > blocked,selected_ticker_adjusted_close_path_only,False,True,False,False,False,False,False,False,True,False
2023-10-13,dynamic80_top3_rs20_risk_tiebreak_proxy,4908,前鼎,TPEx,1.0,0.3741714961452229,0.4477622308656315,1.0,59,59,False,False,True,True,False,0.5624009313468866,0.3741714961452229,0.4022915427125672,weekly_signal_close,top3_by_RS20_then_layer4_risk_aware_score,False,,,False,False,missing_selected_stock_price_registry_row,adjusted_close_exact > tradable_close_proxy > blocked,selected_ticker_adjusted_close_path_only,False,True,False,False,False,False,False,False,True,False
2023-10-20,dynamic80_top3_rs20_risk_tiebreak_proxy,6139,亞翔,TWSE,1.0,0.31261569497032,0.4645382465634823,1.0,13,13,False,True,True,True,False,0.6984084254735398,0.33261569497032,0.347536116243997,weekly_signal_close,top3_by_RS20_then_layer4_risk_aware_score,False,,,False,False,missing_selected_stock_price_registry_row,adjusted_close_exact > tradable_close_proxy > blocked,selected_ticker_adjusted_close_path_only,False,True,False,False,False,False,False,False,True,False
2023-10-27,dynamic80_top3_rs20_risk_tiebreak_proxy,4162,智擎,TPEx,1.0,0.3704549550756593,0.4469155993651997,1.0,35,35,False,False,True,True,False,0.6686701770229525,0.3704549550756593,0.4038884639268069,weekly_signal_close,top3_by_RS20_then_layer4_risk_aware_score,False,,,False,False,missing_selected_stock_price_registry_row,adjusted_close_exact > tradable_close_proxy > blocked,selected_ticker_adjusted_close_path_only,False,True,False,False,False,False,False,False,True,False
2023-11-03,dynamic80_top3_rs20_risk_tiebreak_proxy,2363,矽統,TWSE,1.0,0.3711456434646818,1.4676038486362923,1.0,72,72,False,False,True,True,False,0.5525534720693787,0.3711456434646818,0.3987733170681508,weekly_signal_close,top3_by_RS20_then_layer4_risk_aware_score,False,,,False,False,missing_selected_stock_price_registry_row,adjusted_close_exact > tradable_close_proxy > blocked,selected_ticker_adjusted_close_path_only,False,True,False,False,False,False,False,False,True,False
2023-11-10,dynamic80_top3_rs20_risk_tiebreak_proxy,2816,旺旺保,TWSE,1.0,0.303191222217011,0.751853295532525,1.0,12,12,False,True,True,True,False,0.6941641723869482,0.323191222217011,0.3378994308363584,weekly_signal_close,top3_by_RS20_then_layer4_risk_aware_score,False,,,False,False,missing_selected_stock_price_registry_row,adjusted_close_exact > tradable_close_proxy > blocked,selected_ticker_adjusted_close_path_only,False,True,False,False,False,False,False,False,True,False
2023-11-17,dynamic80_top3_rs20_risk_tiebreak_proxy,6593,台灣銘板,TPEx,1.0,0.7577461098770666,0.6524091502892988,1.0,78,78,False,False,True,True,False,0.5160714478214405,0.7577461098770666,0.7835496822681386,weekly_signal_close,top3_by_RS20_then_layer4_risk_aware_score,False,,,False,False,missing_selected_stock_price_registry_row,adjusted_close_exact > tradable_close_proxy > blocked,selected_ticker_adjusted_close_path_only,False,True,False,False,False,False,False,False,True,False
2023-11-24,dynamic80_top3_rs20_risk_tiebreak_proxy,6799,來頡,TWSE,1.0,0.2660711740296122,-0.0122853071941442,1.0,37,37,False,False,True,True,False,0.6203487017254373,0.2660711740296122,0.2970886091158841,weekly_signal_close,top3_by_RS20_then_layer4_risk_aware_score,False,,,False,False,missing_selected_stock_price_registry_row,adjusted_close_exact > tradable_close_proxy > blocked,selected_ticker_adjusted_close_path_only,False,True,False,False,False,False,False,False,True,False
2023-12-01,dynamic80_top3_rs20_risk_tiebreak_proxy,2329,華泰,TWSE,1.0,0.3989857184722427,0.3783344545275307,1.0,62,62,False,False,True,True,False,0.5637914282370442,0.3989857184722427,0.4271752898840948,weekly_signal_close,top3_by_RS20_then_layer4_risk_aware_score,False,,,False,False,missing_selected_stock_price_registry_row,adjusted_close_exact > tradable_close_proxy > blocked,selected_ticker_adjusted_close_path_only,False,True,False,False,False,False,False,False,True,False
2023-12-08,dynamic80_top3_rs20_risk_tiebreak_proxy,1514,亞力,TWSE,1.0,0.5473023896880682,0.7904243002564306,1.0,36,36,False,False,True,True,True,0.6061179027403256,0.5473023896880682,0.5476082848250845,weekly_signal_close,top3_by_RS20_then_layer4_risk_aware_score,False,,,False,False,missing_selected_stock_price_registry_row,adjusted_close_exact > tradable_close_proxy > blocked,selected_ticker_adjusted_close_path_only,False,True,False,False,False,False,False,False,True,False
2023-12-15,dynamic80_top3_rs20_risk_tiebreak_proxy,6593,台灣銘板,TPEx,1.0,0.3942041290702165,1.734823193206959,1.0,72,72,False,False,True,True,False,0.5259241805648762,0.3942041290702165,0.4205003380984603,weekly_signal_close,top3_by_RS20_then_layer4_risk_aware_score,False,,,False,False,missing_selected_stock_price_registry_row,adjusted_close_exact > tradable_close_proxy > blocked,selected_ticker_adjusted_close_path_only,False,True,False,False,False,False,False,False,True,False
2023-12-22,dynamic80_top3_rs20_risk_tiebreak_proxy,6117,迎廣,TWSE,1.0,0.4790279356527887,1.378015316205091,1.0,76,76,False,False,True,True,False,0.5181080185219114,0.4790279356527887,0.5049333365788843,weekly_signal_close,top3_by_RS20_then_layer4_risk_aware_score,False,,,False,False,missing_selected_stock_price_registry_row,adjusted_close_exact > tradable_close_proxy > blocked,selected_ticker_adjusted_close_path_only,False,True,False,False,False,False,False,False,True,False
2023-12-29,dynamic80_top3_rs20_risk_tiebreak_proxy,6239,力成,TWSE,2.0,0.198393608263768,0.2711964034885488,2.0,6,6,False,True,True,True,False,0.7169872092092322,0.218393608263768,0.2342429687242296,weekly_signal_close,top3_by_RS20_then_layer4_risk_aware_score,False,,,False,False,missing_selected_stock_price_registry_row,adjusted_close_exact > tradable_close_proxy > blocked,selected_ticker_adjusted_close_path_only,False,True,False,False,False,False,False,False,True,False
2024-01-05,dynamic80_top3_rs20_risk_tiebreak_proxy,2362,藍天,TWSE,1.0,0.3182964993268689,0.3509637175450149,1.0,38,38,False,False,True,True,False,0.656676477310189,0.3182964993268689,0.3511303231923783,weekly_signal_close,top3_by_RS20_then_layer4_risk_aware_score,False,,,False,False,missing_selected_stock_price_registry_row,adjusted_close_exact > tradable_close_proxy > blocked,selected_ticker_adjusted_close_path_only,False,True,False,False,False,False,False,False,True,False
2024-01-12,dynamic80_top3_rs20_risk_tiebreak_proxy,6805,富世達,TWSE,1.0,0.3554792402607614,,1.0,65,65,False,False,True,True,False,0.5939394155264959,0.3554792402607614,0.3851762110370861,weekly_signal_close,top3_by_RS20_then_layer4_risk_aware_score,False,,,False,False,missing_selected_stock_price_registry_row,adjusted_close_exact > tradable_close_proxy > blocked,selected_ticker_adjusted_close_path_only,False,True,False,False,False,False,False,False,True,False
2024-01-19,dynamic80_top3_rs20_risk_tiebreak_proxy,3036,文曄,TWSE,1.0,0.2254670988161182,0.1680322419194471,1.0,35,35,False,False,True,True,False,0.6363542939899712,0.2254670988161182,0.2572848135156168,weekly_signal_close,top3_by_RS20_then_layer4_risk_aware_score,False,,,False,False,missing_selected_stock_price_registry_row,adjusted_close_exact > tradable_close_proxy > blocked,selected_ticker_adjusted_close_path_only,False,True,False,False,False,False,False,False,True,False
2024-01-26,dynamic80_top3_rs20_risk_tiebreak_proxy,8227,巨有科技,TPEx,1.0,0.380056516197121,0.6557199141265355,1.0,12,12,False,True,True,True,False,0.6850312413153241,0.400056516197121,0.4143080782628872,weekly_signal_close,top3_by_RS20_then_layer4_risk_aware_score,False,,,False,False,missing_selected_stock_price_registry_row,adjusted_close_exact > tradable_close_proxy > blocked,selected_ticker_adjusted_close_path_only,False,True,False,False,False,False,False,False,True,False
2024-02-02,dynamic80_top3_rs20_risk_tiebreak_proxy,3036,文曄,TWSE,1.0,0.4281960459495983,0.1073242982862794,1.0,33,33,False,False,True,True,False,0.6426383923756821,0.4281960459495983,0.4603279655683824,weekly_signal_close,top3_by_RS20_then_layer4_risk_aware_score,False,,,False,False,missing_selected_stock_price_registry_row,adjusted_close_exact > tradable_close_proxy > blocked,selected_ticker_adjusted_close_path_only,False,True,False,False,False,False,False,False,True,False
2024-02-05,dynamic80_top3_rs20_risk_tiebreak_proxy,3036,文曄,TWSE,1.0,0.4586214437906704,0.1370617294398013,1.0,9,9,False,True,True,True,False,0.6981194466514556,0.4786214437906704,0.4935274161232431,weekly_signal_close,top3_by_RS20_then_layer4_risk_aware_score,False,,,False,False,missing_selected_stock_price_registry_row,adjusted_close_exact > tradable_close_proxy > blocked,selected_ticker_adjusted_close_path_only,False,True,False,False,False,False,False,False,True,False
2024-02-16,dynamic80_top3_rs20_risk_tiebreak_proxy,4909,新復興,TPEx,1.0,0.407788820335986,1.02343840645993,1.0,77,77,False,False,True,True,False,0.5519097167546857,0.407788820335986,0.4353843061737203,weekly_signal_close,top3_by_RS20_then_layer4_risk_aware_score,False,,,False,False,missing_selected_stock_price_registry_row,adjusted_close_exact > tradable_close_proxy > blocked,selected_ticker_adjusted_close_path_only,False,True,False,False,False,False,False,False,True,False
2024-02-23,dynamic80_top3_rs20_risk_tiebreak_proxy,5443,均豪,TPEx,1.0,0.3492115115959793,0.5242011064281222,1.0,49,49,False,False,True,True,False,0.62085736908228,0.3492115115959793,0.3802543800500932,weekly_signal_close,top3_by_RS20_then_layer4_risk_aware_score,False,,,False,False,missing_selected_stock_price_registry_row,adjusted_close_exact > tradable_close_proxy > blocked,selected_ticker_adjusted_close_path_only,False,True,False,False,False,False,False,False,True,False
2024-03-01,dynamic80_top3_rs20_risk_tiebreak_proxy,1503,士電,TWSE,1.0,0.4553871067265636,0.6481723005532458,1.0,20,20,False,True,True,True,False,0.6907197291779082,0.4753871067265636,0.489923093185459,weekly_signal_close,top3_by_RS20_then_layer4_risk_aware_score,False,,,False,False,missing_selected_stock_price_registry_row,adjusted_close_exact > tradable_close_proxy > blocked,selected_ticker_adjusted_close_path_only,False,True,False,False,False,False,False,False,True,False
2024-03-08,dynamic80_top3_rs20_risk_tiebreak_proxy,3013,晟銘電,TWSE,1.0,0.3289464762786138,0.0673030400476413,1.0,28,28,False,True,True,True,False,0.6491533832209904,0.3489464762786138,0.3614041454396633,weekly_signal_close,top3_by_RS20_then_layer4_risk_aware_score,False,,,False,False,missing_selected_stock_price_registry_row,adjusted_close_exact > tradable_close_proxy > blocked,selected_ticker_adjusted_close_path_only,False,True,False,False,False,False,False,False,True,False
2024-03-15,dynamic80_top3_rs20_risk_tiebreak_proxy,5443,均豪,TPEx,1.0,0.2232237853572467,0.4005481507150552,1.0,74,74,False,False,True,True,False,0.5682415683682054,0.2232237853572467,0.251635863775657,weekly_signal_close,top3_by_RS20_then_layer4_risk_aware_score,False,,,False,False,missing_selected_stock_price_registry_row,adjusted_close_exact > tradable_close_proxy > blocked,selected_ticker_adjusted_close_path_only,False,True,False,False,False,False,False,False,True,False
2024-03-22,dynamic80_top3_rs20_risk_tiebreak_proxy,2611,志信,TWSE,1.0,0.2820169076433243,0.2520662795632831,1.0,52,52,False,False,True,True,False,0.6054513895847832,0.2820169076433243,0.3122894771225635,weekly_signal_close,top3_by_RS20_then_layer4_risk_aware_score,False,,,False,False,missing_selected_stock_price_registry_row,adjusted_close_exact > tradable_close_proxy > blocked,selected_ticker_adjusted_close_path_only,False,True,False,False,False,False,False,False,True,False
2024-03-29,dynamic80_top3_rs20_risk_tiebreak_proxy,2359,所羅門,TWSE,1.0,0.7188573481885325,0.6637987263598322,1.0,31,31,False,True,True,True,False,0.6484672370345671,0.7388573481885325,0.7512807100402609,weekly_signal_close,top3_by_RS20_then_layer4_risk_aware_score,False,,,False,False,missing_selected_stock_price_registry_row,adjusted_close_exact > tradable_close_proxy > blocked,selected_ticker_adjusted_close_path_only,False,True,False,False,False,False,False,False,True,False
2024-04-03,dynamic80_top3_rs20_risk_tiebreak_proxy,1608,華榮,TWSE,1.0,0.2477440206560499,0.1841189312196332,1.0,62,62,False,False,True,True,False,0.5959375422264146,0.2477440206560499,0.2775408977673706,weekly_signal_close,top3_by_RS20_then_layer4_risk_aware_score,False,,,False,False,missing_selected_stock_price_registry_row,adjusted_close_exact > tradable_close_proxy > blocked,selected_ticker_adjusted_close_path_only,False,True,False,False,False,False,False,False,True,False
2024-04-12,dynamic80_top3_rs20_risk_tiebreak_proxy,4533,協易機,TPEx,1.0,0.5594632902917835,0.2522500809126453,1.0,36,36,False,False,True,True,False,0.6395622176151426,0.5594632902917835,0.5914414011725406,weekly_signal_close,top3_by_RS20_then_layer4_risk_aware_score,False,,,False,False,missing_selected_stock_price_registry_row,adjusted_close_exact > tradable_close_proxy > blocked,selected_ticker_adjusted_close_path_only,False,True,False,False,False,False,False,False,True,False
2024-04-19,dynamic80_top3_rs20_risk_tiebreak_proxy,1514,亞力,TWSE,1.0,0.5287744584458685,0.8729296863349942,1.0,79,79,False,False,True,True,False,0.5474671508862318,0.5287744584458685,0.55614781599018,weekly_signal_close,top3_by_RS20_then_layer4_risk_aware_score,False,,,False,False,missing_selected_stock_price_registry_row,adjusted_close_exact > tradable_close_proxy > blocked,selected_ticker_adjusted_close_path_only,False,True,False,False,False,False,False,False,True,False
2024-04-26,dynamic80_top3_rs20_risk_tiebreak_proxy,2101,南港,TWSE,1.0,0.5129914906001632,0.2599200178740948,1.0,27,27,False,True,True,True,False,0.6509557703153052,0.5329914906001633,0.5455392791159285,weekly_signal_close,top3_by_RS20_then_layer4_risk_aware_score,False,,,False,False,missing_selected_stock_price_registry_row,adjusted_close_exact > tradable_close_proxy > blocked,selected_ticker_adjusted_close_path_only,False,True,False,False,False,False,False,False,True,False
2024-05-03,dynamic80_top3_rs20_risk_tiebreak_proxy,2374,佳能,TWSE,1.0,0.5412564989861965,0.4548594170282252,1.0,69,69,False,False,True,True,False,0.5733841381169297,0.5412564989861965,0.569925705892043,weekly_signal_close,top3_by_RS20_then_layer4_risk_aware_score,False,,,False,False,missing_selected_stock_price_registry_row,adjusted_close_exact > tradable_close_proxy > blocked,selected_ticker_adjusted_close_path_only,False,True,False,False,False,False,False,False,True,False
2024-05-10,dynamic80_top3_rs20_risk_tiebreak_proxy,2609,陽明,TWSE,1.0,0.3700958485958615,0.0632573540366405,1.0,22,22,False,True,True,True,False,0.6614859147773386,0.3900958485958615,0.4031701443347284,weekly_signal_close,top3_by_RS20_then_layer4_risk_aware_score,False,,,False,False,missing_selected_stock_price_registry_row,adjusted_close_exact > tradable_close_proxy > blocked,selected_ticker_adjusted_close_path_only,False,True,False,False,False,False,False,False,True,False
2024-05-17,dynamic80_top3_rs20_risk_tiebreak_proxy,6863,永道-KY,TWSE,1.0,0.4408378727350237,0.0793765551198399,1.0,77,77,False,False,True,True,False,0.5523299369719297,0.4408378727350237,0.4684543695836201,weekly_signal_close,top3_by_RS20_then_layer4_risk_aware_score,False,,,False,False,missing_selected_stock_price_registry_row,adjusted_close_exact > tradable_close_proxy > blocked,selected_ticker_adjusted_close_path_only,False,True,False,False,False,False,False,False,True,False
2024-05-24,dynamic80_top3_rs20_risk_tiebreak_proxy,6117,迎廣,TWSE,1.0,0.3398189184851046,0.3724578061208832,1.0,60,60,False,False,True,True,False,0.5693227155661091,0.3398189184851046,0.36828505426341,weekly_signal_close,top3_by_RS20_then_layer4_risk_aware_score,False,,,False,False,missing_selected_stock_price_registry_row,adjusted_close_exact > tradable_close_proxy > blocked,selected_ticker_adjusted_close_path_only,False,True,False,False,False,False,False,False,True,False
2024-05-31,dynamic80_top3_rs20_risk_tiebreak_proxy,4543,萬在,TPEx,1.0,0.4597986733541639,0.1199982940615413,1.0,49,49,False,False,True,True,False,0.63078741822699,0.4597986733541639,0.4913380442655134,weekly_signal_close,top3_by_RS20_then_layer4_risk_aware_score,False,,,False,False,missing_selected_stock_price_registry_row,adjusted_close_exact > tradable_close_proxy > blocked,selected_ticker_adjusted_close_path_only,False,True,False,False,False,False,False,False,True,False
2024-06-07,dynamic80_top3_rs20_risk_tiebreak_proxy,9958,世紀鋼,TWSE,1.0,0.3761486647761869,0.2890389229747772,1.0,59,59,False,False,True,True,False,0.595804974780192,0.3761486647761869,0.4059389135151965,weekly_signal_close,top3_by_RS20_then_layer4_risk_aware_score,False,,,False,False,missing_selected_stock_price_registry_row,adjusted_close_exact > tradable_close_proxy > blocked,selected_ticker_adjusted_close_path_only,False,True,False,False,False,False,False,False,True,False
2024-06-14,dynamic80_top3_rs20_risk_tiebreak_proxy,2392,正崴,TWSE,1.0,0.4577445638238802,0.6394062320962668,1.0,22,22,False,True,True,True,False,0.6760067725421215,0.4777445638238802,0.4915449024509862,weekly_signal_close,top3_by_RS20_then_layer4_risk_aware_score,False,,,False,False,missing_selected_stock_price_registry_row,adjusted_close_exact > tradable_close_proxy > blocked,selected_ticker_adjusted_close_path_only,False,True,False,False,False,False,False,False,True,False
2024-06-21,dynamic80_top3_rs20_risk_tiebreak_proxy,1785,光洋科,TPEx,1.0,0.3045278108267639,0.164679638131036,1.0,26,26,False,True,True,True,False,0.6456223854878859,0.3245278108267639,0.3368089301011582,weekly_signal_close,top3_by_RS20_then_layer4_risk_aware_score,False,,,False,False,missing_selected_stock_price_registry_row,adjusted_close_exact > tradable_close_proxy > blocked,selected_ticker_adjusted_close_path_only,False,True,False,False,False,False,False,False,True,False
2024-06-28,dynamic80_top3_rs20_risk_tiebreak_proxy,6753,龍德造船,TWSE,1.0,0.3119312968429815,0.2137433989005168,1.0,61,61,False,False,True,True,False,0.6058043597609303,0.3119312968429815,0.342221514831028,weekly_signal_close,top3_by_RS20_then_layer4_risk_aware_score,False,,,False,False,missing_selected_stock_price_registry_row,adjusted_close_exact > tradable_close_proxy > blocked,selected_ticker_adjusted_close_path_only,False,True,False,False,False,False,False,False,True,False
2024-07-05,dynamic80_top3_rs20_risk_tiebreak_proxy,1785,光洋科,TPEx,1.0,0.4759299655085165,0.3584809418113228,1.0,8,8,False,True,True,True,False,0.7117518117591844,0.4959299655085165,0.5115175560964758,weekly_signal_close,top3_by_RS20_then_layer4_risk_aware_score,False,,,False,False,missing_selected_stock_price_registry_row,adjusted_close_exact > tradable_close_proxy > blocked,selected_ticker_adjusted_close_path_only,False,True,False,False,False,False,False,False,True,False
2024-07-12,dynamic80_top3_rs20_risk_tiebreak_proxy,2312,金寶,TWSE,1.0,0.4064492973433895,0.6791146698844972,1.0,31,31,False,True,True,True,False,0.6494753646509036,0.4264492973433895,0.4389230655759347,weekly_signal_close,top3_by_RS20_then_layer4_risk_aware_score,False,,,False,False,missing_selected_stock_price_registry_row,adjusted_close_exact > tradable_close_proxy > blocked,selected_ticker_adjusted_close_path_only,False,True,False,False,False,False,False,False,True,False
2024-07-19,dynamic80_top3_rs20_risk_tiebreak_proxy,5443,均豪,TPEx,1.0,0.403720835884462,0.5455831818792922,1.0,70,70,False,False,True,True,False,0.5743798254561425,0.403720835884462,0.4324398271572691,weekly_signal_close,top3_by_RS20_then_layer4_risk_aware_score,False,,,False,False,missing_selected_stock_price_registry_row,adjusted_close_exact > tradable_close_proxy > blocked,selected_ticker_adjusted_close_path_only,False,True,False,False,False,False,False,False,True,False
2024-07-26,dynamic80_top3_rs20_risk_tiebreak_proxy,2543,皇昌,TWSE,1.0,0.3891482324039018,0.1102248353981418,1.0,50,50,False,False,True,True,False,0.6199652565534236,0.3891482324039018,0.420146495231573,weekly_signal_close,top3_by_RS20_then_layer4_risk_aware_score,False,,,False,False,missing_selected_stock_price_registry_row,adjusted_close_exact > tradable_close_proxy > blocked,selected_ticker_adjusted_close_path_only,False,True,False,False,False,False,False,False,True,False
2024-08-02,dynamic80_top3_rs20_risk_tiebreak_proxy,1597,直得,TWSE,1.0,0.3896180046496027,0.3842052999762977,1.0,74,74,False,False,True,True,False,0.5468396149180739,0.3896180046496027,0.4169599853955064,weekly_signal_close,top3_by_RS20_then_layer4_risk_aware_score,False,,,False,False,missing_selected_stock_price_registry_row,adjusted_close_exact > tradable_close_proxy > blocked,selected_ticker_adjusted_close_path_only,False,True,False,False,False,False,False,False,True,False
2024-08-09,dynamic80_top3_rs20_risk_tiebreak_proxy,3131,弘塑,TPEx,1.0,0.303251955737018,0.6064789746211874,1.0,57,57,False,False,True,True,False,0.543599545946456,0.303251955737018,0.3304319330343408,weekly_signal_close,top3_by_RS20_then_layer4_risk_aware_score,False,,,False,False,missing_selected_stock_price_registry_row,adjusted_close_exact > tradable_close_proxy > blocked,selected_ticker_adjusted_close_path_only,False,True,False,False,False,False,False,False,True,False
2024-08-16,dynamic80_top3_rs20_risk_tiebreak_proxy,8464,億豐,TWSE,1.0,0.263060611155128,0.1328795190153862,1.0,48,48,False,False,True,True,False,0.5307828999436839,0.263060611155128,0.2895997561523122,weekly_signal_close,top3_by_RS20_then_layer4_risk_aware_score,False,,,False,False,missing_selected_stock_price_registry_row,adjusted_close_exact > tradable_close_proxy > blocked,selected_ticker_adjusted_close_path_only,False,True,False,False,False,False,False,False,True,False
2024-08-23,dynamic80_top3_rs20_risk_tiebreak_proxy,2364,倫飛,TWSE,1.0,0.528939664040202,0.3824377811506414,1.0,72,72,False,False,True,True,False,0.4681735051277168,0.528939664040202,0.5523483392965878,weekly_signal_close,top3_by_RS20_then_layer4_risk_aware_score,False,,,False,False,missing_selected_stock_price_registry_row,adjusted_close_exact > tradable_close_proxy > blocked,selected_ticker_adjusted_close_path_only,False,True,False,False,False,False,False,False,True,False
2024-08-30,dynamic80_top3_rs20_risk_tiebreak_proxy,4583,台灣精銳,TWSE,1.0,0.5596022991266154,0.9002690123981139,1.0,25,25,False,True,True,True,False,0.5380096595947977,0.5796022991266154,0.5865027821063553,weekly_signal_close,top3_by_RS20_then_layer4_risk_aware_score,False,,,False,False,missing_selected_stock_price_registry_row,adjusted_close_exact > tradable_close_proxy > blocked,selected_ticker_adjusted_close_path_only,False,True,False,False,False,False,False,False,True,False
2024-09-06,dynamic80_top3_rs20_risk_tiebreak_proxy,4583,台灣精銳,TWSE,1.0,0.5606595175808539,1.2599308300384222,1.0,33,33,False,False,True,True,False,0.6066257312077564,0.5606595175808539,0.5909908041412417,weekly_signal_close,top3_by_RS20_then_layer4_risk_aware_score,False,,,False,False,missing_selected_stock_price_registry_row,adjusted_close_exact > tradable_close_proxy > blocked,selected_ticker_adjusted_close_path_only,False,True,False,False,False,False,False,False,True,False
2024-09-13,dynamic80_top3_rs20_risk_tiebreak_proxy,5443,均豪,TPEx,1.0,0.3772628764619603,1.3662736823494812,1.0,56,56,False,False,True,True,False,0.5504725608818583,0.3772628764619603,0.4047865045060532,weekly_signal_close,top3_by_RS20_then_layer4_risk_aware_score,False,,,False,False,missing_selected_stock_price_registry_row,adjusted_close_exact > tradable_close_proxy > blocked,selected_ticker_adjusted_close_path_only,False,True,False,False,False,False,False,False,True,False
2024-09-20,dynamic80_top3_rs20_risk_tiebreak_proxy,4563,百德,TPEx,1.0,0.5337060776533227,1.1629639904463305,1.0,70,70,False,False,True,True,False,0.5580028946186608,0.5337060776533227,0.5616062223842557,weekly_signal_close,top3_by_RS20_then_layer4_risk_aware_score,False,,,False,False,missing_selected_stock_price_registry_row,adjusted_close_exact > tradable_close_proxy > blocked,selected_ticker_adjusted_close_path_only,False,True,False,False,False,False,False,False,True,False
2024-09-27,dynamic80_top3_rs20_risk_tiebreak_proxy,2497,怡利電,TWSE,1.0,0.3182626534846753,0.4238567474327757,1.0,16,16,False,True,True,True,False,0.6865585916986099,0.3382626534846753,0.3525905830696058,weekly_signal_close,top3_by_RS20_then_layer4_risk_aware_score,False,,,False,False,missing_selected_stock_price_registry_row,adjusted_close_exact > tradable_close_proxy > blocked,selected_ticker_adjusted_close_path_only,False,True,False,False,False,False,False,False,True,False
2024-10-04,dynamic80_top3_rs20_risk_tiebreak_proxy,8249,菱光,TWSE,1.0,0.600698001432203,0.7569816719950122,1.0,59,59,False,False,True,True,False,0.5911399965439326,0.600698001432203,0.6302550012593996,weekly_signal_close,top3_by_RS20_then_layer4_risk_aware_score,False,,,False,False,missing_selected_stock_price_registry_row,adjusted_close_exact > tradable_close_proxy > blocked,selected_ticker_adjusted_close_path_only,False,True,False,False,False,False,False,False,True,False
2024-10-11,dynamic80_top3_rs20_risk_tiebreak_proxy,4977,眾達-KY,TWSE,1.0,0.3269234666957692,0.4273667430737984,1.0,24,24,False,True,True,True,False,0.6321629602523399,0.3469234666957692,0.3585316147083862,weekly_signal_close,top3_by_RS20_then_layer4_risk_aware_score,False,,,False,False,missing_selected_stock_price_registry_row,adjusted_close_exact > tradable_close_proxy > blocked,selected_ticker_adjusted_close_path_only,False,True,False,False,False,False,False,False,True,False
2024-10-18,dynamic80_top3_rs20_risk_tiebreak_proxy,3013,晟銘電,TWSE,1.0,0.337202713615367,0.2225553746465178,1.0,45,45,False,False,True,True,False,0.597952153061785,0.337202713615367,0.3671003212684562,weekly_signal_close,top3_by_RS20_then_layer4_risk_aware_score,False,,,False,False,missing_selected_stock_price_registry_row,adjusted_close_exact > tradable_close_proxy > blocked,selected_ticker_adjusted_close_path_only,False,True,False,False,False,False,False,False,True,False
2024-10-25,dynamic80_top3_rs20_risk_tiebreak_proxy,3529,力旺,TPEx,1.0,0.4108555396288071,0.2843089240821963,1.0,74,74,False,False,True,True,False,0.5623903449409067,0.4108555396288071,0.4389750568758524,weekly_signal_close,top3_by_RS20_then_layer4_risk_aware_score,False,,,False,False,missing_selected_stock_price_registry_row,adjusted_close_exact > tradable_close_proxy > blocked,selected_ticker_adjusted_close_path_only,False,True,False,False,False,False,False,False,True,False
2024-11-01,dynamic80_top3_rs20_risk_tiebreak_proxy,6438,迅得,TWSE,1.0,0.295496123922043,0.6325029002241618,1.0,50,50,False,False,True,True,True,0.6235819759726788,0.295496123922043,0.2966752227206769,weekly_signal_close,top3_by_RS20_then_layer4_risk_aware_score,False,,,False,False,missing_selected_stock_price_registry_row,adjusted_close_exact > tradable_close_proxy > blocked,selected_ticker_adjusted_close_path_only,False,True,False,False,False,False,False,False,True,False
2024-11-08,dynamic80_top3_rs20_risk_tiebreak_proxy,9105,泰金寶-DR,TWSE,1.0,0.2425890119595044,0.046289761382926,1.0,64,64,False,False,True,True,False,0.5607193828211867,0.2425890119595044,0.2706249811005637,weekly_signal_close,top3_by_RS20_then_layer4_risk_aware_score,False,,,False,False,missing_selected_stock_price_registry_row,adjusted_close_exact > tradable_close_proxy > blocked,selected_ticker_adjusted_close_path_only,False,True,False,False,False,False,False,False,True,False
2024-11-15,dynamic80_top3_rs20_risk_tiebreak_proxy,3706,神達,TWSE,1.0,0.4571439388458254,0.4987108624144054,1.0,14,14,False,True,True,True,False,0.7094478995174777,0.4771439388458254,0.4926163338216993,weekly_signal_close,top3_by_RS20_then_layer4_risk_aware_score,False,,,False,False,missing_selected_stock_price_registry_row,adjusted_close_exact > tradable_close_proxy > blocked,selected_ticker_adjusted_close_path_only,False,True,False,False,False,False,False,False,True,False
2024-11-22,dynamic80_top3_rs20_risk_tiebreak_proxy,8114,振樺電,TWSE,1.0,0.3742803365595398,0.5625583946102877,1.0,71,71,False,False,True,True,False,0.6083172194635302,0.3742803365595398,0.4046961975327163,weekly_signal_close,top3_by_RS20_then_layer4_risk_aware_score,False,,,False,False,missing_selected_stock_price_registry_row,adjusted_close_exact > tradable_close_proxy > blocked,selected_ticker_adjusted_close_path_only,False,True,False,False,False,False,False,False,True,False
2024-11-29,dynamic80_top3_rs20_risk_tiebreak_proxy,3090,日電貿,TWSE,1.0,0.2246386393362397,0.138392782805834,1.0,46,46,False,False,True,True,False,0.6470717994842776,0.2246386393362397,0.2569922293104535,weekly_signal_close,top3_by_RS20_then_layer4_risk_aware_score,False,,,False,False,missing_selected_stock_price_registry_row,adjusted_close_exact > tradable_close_proxy > blocked,selected_ticker_adjusted_close_path_only,False,True,False,False,False,False,False,False,True,False
2024-12-06,dynamic80_top3_rs20_risk_tiebreak_proxy,3712,永崴投控,TWSE,1.0,0.3140415216153248,0.1850106592946727,1.0,14,14,False,True,True,True,False,0.666028404720248,0.3340415216153248,0.3473429418513372,weekly_signal_close,top3_by_RS20_then_layer4_risk_aware_score,False,,,False,False,missing_selected_stock_price_registry_row,adjusted_close_exact > tradable_close_proxy > blocked,selected_ticker_adjusted_close_path_only,False,True,False,False,False,False,False,False,True,False
2024-12-13,dynamic80_top3_rs20_risk_tiebreak_proxy,6691,洋基工程,TWSE,1.0,0.2675252480088137,0.0877842860157784,1.0,77,77,False,False,True,True,False,0.562388526877695,0.2675252480088137,0.2956446743526985,weekly_signal_close,top3_by_RS20_then_layer4_risk_aware_score,False,,,False,False,missing_selected_stock_price_registry_row,adjusted_close_exact > tradable_close_proxy > blocked,selected_ticker_adjusted_close_path_only,False,True,False,False,False,False,False,False,True,False
2024-12-20,dynamic80_top3_rs20_risk_tiebreak_proxy,3019,亞光,TWSE,1.0,0.4492336911538087,0.2675251567698571,1.0,76,76,False,False,True,True,False,0.5627688073635597,0.4492336911538087,0.4773721315219866,weekly_signal_close,top3_by_RS20_then_layer4_risk_aware_score,False,,,False,False,missing_selected_stock_price_registry_row,adjusted_close_exact > tradable_close_proxy > blocked,selected_ticker_adjusted_close_path_only,False,True,False,False,False,False,False,False,True,False
2024-12-27,dynamic80_top3_rs20_risk_tiebreak_proxy,4583,台灣精銳,TWSE,1.0,0.3389636825371083,0.2586432841045158,1.0,53,53,False,False,True,True,False,0.6070521380267531,0.3389636825371083,0.3693162894384459,weekly_signal_close,top3_by_RS20_then_layer4_risk_aware_score,False,,,False,False,missing_selected_stock_price_registry_row,adjusted_close_exact > tradable_close_proxy > blocked,selected_ticker_adjusted_close_path_only,False,True,False,False,False,False,False,False,True,False
2025-01-03,dynamic80_top3_rs20_risk_tiebreak_proxy,3147,大綜,TPEx,1.0,0.2588621846279421,0.1017859197370103,1.0,78,78,False,False,True,True,False,0.5934726582925215,0.2588621846279421,0.2885358175425682,weekly_signal_close,top3_by_RS20_then_layer4_risk_aware_score,False,,,False,False,missing_selected_stock_price_registry_row,adjusted_close_exact > tradable_close_proxy > blocked,selected_ticker_adjusted_close_path_only,False,True,False,False,False,False,False,False,True,False
2025-01-10,dynamic80_top3_rs20_risk_tiebreak_proxy,3019,亞光,TWSE,2.0,0.2844383244142701,0.4957412778523751,2.0,35,35,False,False,True,True,False,0.6426360929660848,0.2844383244142701,0.3165701290625743,weekly_signal_close,top3_by_RS20_then_layer4_risk_aware_score,False,,,False,False,missing_selected_stock_price_registry_row,adjusted_close_exact > tradable_close_proxy > blocked,selected_ticker_adjusted_close_path_only,False,True,False,False,False,False,False,False,True,False
2025-01-17,dynamic80_top3_rs20_risk_tiebreak_proxy,6215,和椿,TWSE,1.0,0.3691740302583328,0.5503581065606051,1.0,78,78,False,False,True,True,False,0.5664373417063389,0.3691740302583328,0.3974958973436497,weekly_signal_close,top3_by_RS20_then_layer4_risk_aware_score,False,,,False,False,missing_selected_stock_price_registry_row,adjusted_close_exact > tradable_close_proxy > blocked,selected_ticker_adjusted_close_path_only,False,True,False,False,False,False,False,False,True,False
2025-01-22,dynamic80_top3_rs20_risk_tiebreak_proxy,3491,昇達科,TPEx,1.0,0.3883021301089662,0.4491613394932277,1.0,76,76,False,False,True,True,False,0.550385695578356,0.3883021301089662,0.415821414887884,weekly_signal_close,top3_by_RS20_then_layer4_risk_aware_score,False,,,False,False,missing_selected_stock_price_registry_row,adjusted_close_exact > tradable_close_proxy > blocked,selected_ticker_adjusted_close_path_only,False,True,False,False,False,False,False,False,True,False
2025-02-07,dynamic80_top3_rs20_risk_tiebreak_proxy,7722,LINEPAY,TWSE,1.0,0.7997510046053857,,1.0,42,42,False,False,True,True,False,0.6244799843038092,0.7997510046053857,0.8309750038205762,weekly_signal_close,top3_by_RS20_then_layer4_risk_aware_score,False,,,False,False,missing_selected_stock_price_registry_row,adjusted_close_exact > tradable_close_proxy > blocked,selected_ticker_adjusted_close_path_only,False,True,False,False,False,False,False,False,True,False
2025-02-14,dynamic80_top3_rs20_risk_tiebreak_proxy,2027,大成鋼,TWSE,2.0,0.5180321891696184,0.2397809145478437,2.0,24,24,False,True,True,True,False,0.6616525975987593,0.5380321891696184,0.5511148190495563,weekly_signal_close,top3_by_RS20_then_layer4_risk_aware_score,False,,,False,False,missing_selected_stock_price_registry_row,adjusted_close_exact > tradable_close_proxy > blocked,selected_ticker_adjusted_close_path_only,False,True,False,False,False,False,False,False,True,False
2025-02-21,dynamic80_top3_rs20_risk_tiebreak_proxy,8028,昇陽半導體,TWSE,1.0,0.4160694518603409,0.259490771856435,1.0,58,58,False,False,True,True,False,0.5600799972008688,0.4160694518603409,0.4440734517203843,weekly_signal_close,top3_by_RS20_then_layer4_risk_aware_score,False,,,False,False,missing_selected_stock_price_registry_row,adjusted_close_exact > tradable_close_proxy > blocked,selected_ticker_adjusted_close_path_only,False,True,False,False,False,False,False,False,True,False
2025-02-27,dynamic80_top3_rs20_risk_tiebreak_proxy,2468,華經,TWSE,1.0,0.5332520342088878,0.6362890070022631,1.0,16,16,False,True,True,True,False,0.6997056471768556,0.5532520342088878,0.5682373165677306,weekly_signal_close,top3_by_RS20_then_layer4_risk_aware_score,False,,,False,False,missing_selected_stock_price_registry_row,adjusted_close_exact > tradable_close_proxy > blocked,selected_ticker_adjusted_close_path_only,False,True,False,False,False,False,False,False,True,False
2025-03-07,dynamic80_top3_rs20_risk_tiebreak_proxy,6206,飛捷,TWSE,1.0,0.4066862382611065,0.6952464296032492,1.0,28,28,False,True,True,True,False,0.6686544493874276,0.4266862382611065,0.4401189607304779,weekly_signal_close,top3_by_RS20_then_layer4_risk_aware_score,False,,,False,False,missing_selected_stock_price_registry_row,adjusted_close_exact > tradable_close_proxy > blocked,selected_ticker_adjusted_close_path_only,False,True,False,False,False,False,False,False,True,False
2025-03-14,dynamic80_top3_rs20_risk_tiebreak_proxy,3528,安馳,TWSE,1.0,0.6109984736652107,0.6857708416264339,1.0,74,74,False,False,True,False,False,0.5540307334293476,0.6109984736652107,0.638700010336678,weekly_signal_close,top3_by_RS20_then_layer4_risk_aware_score,False,,,False,False,missing_selected_stock_price_registry_row,adjusted_close_exact > tradable_close_proxy > blocked,selected_ticker_adjusted_close_path_only,False,True,False,False,False,False,False,False,True,False
2025-03-21,dynamic80_top3_rs20_risk_tiebreak_proxy,6227,茂綸,TPEx,1.0,0.5999199141679048,0.8857139679701629,1.0,34,34,False,False,True,True,False,0.651769250805393,0.5999199141679048,0.6325083767081745,weekly_signal_close,top3_by_RS20_then_layer4_risk_aware_score,False,,,False,False,missing_selected_stock_price_registry_row,adjusted_close_exact > tradable_close_proxy > blocked,selected_ticker_adjusted_close_path_only,False,True,False,False,False,False,False,False,True,False
2025-03-28,dynamic80_top3_rs20_risk_tiebreak_proxy,3563,牧德,TWSE,1.0,0.2529989070856671,0.4028591506262166,1.0,41,41,False,False,True,True,False,0.6603080773348573,0.2529989070856671,0.2860143109524099,weekly_signal_close,top3_by_RS20_then_layer4_risk_aware_score,False,,,False,False,missing_selected_stock_price_registry_row,adjusted_close_exact > tradable_close_proxy > blocked,selected_ticker_adjusted_close_path_only,False,True,False,False,False,False,False,False,True,False
2025-04-02,dynamic80_top3_rs20_risk_tiebreak_proxy,6148,驊宏資,TPEx,1.0,0.3112632092782128,1.0318685149213145,1.0,69,69,False,False,True,True,False,0.572381084906823,0.3112632092782128,0.339882263523554,weekly_signal_close,top3_by_RS20_then_layer4_risk_aware_score,False,,,False,False,missing_selected_stock_price_registry_row,adjusted_close_exact > tradable_close_proxy > blocked,selected_ticker_adjusted_close_path_only,False,True,False,False,False,False,False,False,True,False
2025-04-11,dynamic80_top3_rs20_risk_tiebreak_proxy,2753,八方雲集,TWSE,1.0,0.1517090382643349,0.3778117633296942,1.0,79,79,False,False,True,True,False,0.4614500795697528,0.1517090382643349,0.1747815422428225,weekly_signal_close,top3_by_RS20_then_layer4_risk_aware_score,False,,,False,False,missing_selected_stock_price_registry_row,adjusted_close_exact > tradable_close_proxy > blocked,selected_ticker_adjusted_close_path_only,False,True,False,False,False,False,False,False,True,False
2025-04-18,dynamic80_top3_rs20_risk_tiebreak_proxy,6140,訊達,TPEx,1.0,0.367401185367698,0.971856419693841,1.0,66,66,False,False,True,True,False,0.5469274960408631,0.367401185367698,0.3947475601697411,weekly_signal_close,top3_by_RS20_then_layer4_risk_aware_score,False,,,False,False,missing_selected_stock_price_registry_row,adjusted_close_exact > tradable_close_proxy > blocked,selected_ticker_adjusted_close_path_only,False,True,False,False,False,False,False,False,True,False
2025-04-25,dynamic80_top3_rs20_risk_tiebreak_proxy,3147,大綜,TPEx,1.0,0.5963349848752812,1.002034342070457,1.0,42,42,False,False,True,True,False,0.547444639480503,0.5963349848752812,0.6237072168493064,weekly_signal_close,top3_by_RS20_then_layer4_risk_aware_score,False,,,False,False,missing_selected_stock_price_registry_row,adjusted_close_exact > tradable_close_proxy > blocked,selected_ticker_adjusted_close_path_only,False,True,False,False,False,False,False,False,True,False
2025-05-02,dynamic80_top3_rs20_risk_tiebreak_proxy,3709,鑫聯大投控,TPEx,1.0,0.3885166848726697,0.673927259054704,1.0,45,45,False,False,True,True,False,0.5203744526277823,0.3885166848726697,0.4145354075040588,weekly_signal_close,top3_by_RS20_then_layer4_risk_aware_score,False,,,False,False,missing_selected_stock_price_registry_row,adjusted_close_exact > tradable_close_proxy > blocked,selected_ticker_adjusted_close_path_only,False,True,False,False,False,False,False,False,True,False
2025-05-09,dynamic80_top3_rs20_risk_tiebreak_proxy,2468,華經,TWSE,1.0,0.4797698916160267,1.2568397665293745,1.0,32,32,False,True,True,True,False,0.585608581526255,0.4997698916160267,0.5090503206923395,weekly_signal_close,top3_by_RS20_then_layer4_risk_aware_score,False,,,False,False,missing_selected_stock_price_registry_row,adjusted_close_exact > tradable_close_proxy > blocked,selected_ticker_adjusted_close_path_only,False,True,False,False,False,False,False,False,True,False
2025-05-16,dynamic80_top3_rs20_risk_tiebreak_proxy,1560,中砂,TWSE,1.0,0.3306052621180153,0.0977601267397367,1.0,51,51,False,False,True,True,False,0.5262763873550884,0.3306052621180153,0.3569190814857697,weekly_signal_close,top3_by_RS20_then_layer4_risk_aware_score,False,,,False,False,missing_selected_stock_price_registry_row,adjusted_close_exact > tradable_close_proxy > blocked,selected_ticker_adjusted_close_path_only,False,True,False,False,False,False,False,False,True,False
2025-05-23,dynamic80_top3_rs20_risk_tiebreak_proxy,1560,中砂,TWSE,1.0,0.3061262132810844,0.0747091126110619,1.0,26,26,False,True,True,True,False,0.6582741688153105,0.3261262132810844,0.3390399217218499,weekly_signal_close,top3_by_RS20_then_layer4_risk_aware_score,False,,,False,False,missing_selected_stock_price_registry_row,adjusted_close_exact > tradable_close_proxy > blocked,selected_ticker_adjusted_close_path_only,False,True,False,False,False,False,False,False,True,False
2025-05-29,dynamic80_top3_rs20_risk_tiebreak_proxy,3257,虹冠電,TWSE,1.0,0.3088671794270783,0.1383781096787064,1.0,73,73,False,False,True,True,False,0.557037128159263,0.3088671794270783,0.3367190358350415,weekly_signal_close,top3_by_RS20_then_layer4_risk_aware_score,False,,,False,False,missing_selected_stock_price_registry_row,adjusted_close_exact > tradable_close_proxy > blocked,selected_ticker_adjusted_close_path_only,False,True,False,False,False,False,False,False,True,False
2025-06-06,dynamic80_top3_rs20_risk_tiebreak_proxy,3004,豐達科,TWSE,1.0,0.4062244881417267,0.5017171350291025,1.0,78,78,False,False,True,True,False,0.5667979724409311,0.4062244881417267,0.4345643867637732,weekly_signal_close,top3_by_RS20_then_layer4_risk_aware_score,False,,,False,False,missing_selected_stock_price_registry_row,adjusted_close_exact > tradable_close_proxy > blocked,selected_ticker_adjusted_close_path_only,False,True,False,False,False,False,False,False,True,False
2025-06-13,dynamic80_top3_rs20_risk_tiebreak_proxy,6805,富世達,TWSE,1.0,0.3199393525498371,1.5758093394824257e-05,1.0,54,54,False,False,True,True,False,0.6049086161449676,0.3199393525498371,0.3501847833570854,weekly_signal_close,top3_by_RS20_then_layer4_risk_aware_score,False,,,False,False,missing_selected_stock_price_registry_row,adjusted_close_exact > tradable_close_proxy > blocked,selected_ticker_adjusted_close_path_only,False,True,False,False,False,False,False,False,True,False
2025-06-20,dynamic80_top3_rs20_risk_tiebreak_proxy,3665,貿聯-KY,TWSE,1.0,0.2039673848615963,0.2895811996215327,1.0,25,25,False,True,True,True,False,0.6845159214582867,0.2239673848615962,0.2381931809345106,weekly_signal_close,top3_by_RS20_then_layer4_risk_aware_score,False,,,False,False,missing_selected_stock_price_registry_row,adjusted_close_exact > tradable_close_proxy > blocked,selected_ticker_adjusted_close_path_only,False,True,False,False,False,False,False,False,True,False
2025-06-27,dynamic80_top3_rs20_risk_tiebreak_proxy,3167,大量,TWSE,1.0,0.3244789021141445,0.4913511025294219,1.0,4,4,False,True,True,True,False,0.7184798338397748,0.3444789021141445,0.3604028938061332,weekly_signal_close,top3_by_RS20_then_layer4_risk_aware_score,False,,,False,False,missing_selected_stock_price_registry_row,adjusted_close_exact > tradable_close_proxy > blocked,selected_ticker_adjusted_close_path_only,False,True,False,False,False,False,False,False,True,False
2025-07-04,dynamic80_top3_rs20_risk_tiebreak_proxy,8210,勤誠,TWSE,1.0,0.378913915114357,1.2701528942222615,1.0,9,9,False,True,True,True,False,0.7000785997860194,0.398913915114357,0.413917845103658,weekly_signal_close,top3_by_RS20_then_layer4_risk_aware_score,False,,,False,False,missing_selected_stock_price_registry_row,adjusted_close_exact > tradable_close_proxy > blocked,selected_ticker_adjusted_close_path_only,False,True,False,False,False,False,False,False,True,False
2025-07-11,dynamic80_top3_rs20_risk_tiebreak_proxy,4991,環宇-KY,TPEx,1.0,0.6422449794691161,0.3074560567848323,1.0,60,60,False,False,True,True,True,0.5432946081650296,0.6422449794691161,0.6394097098773676,weekly_signal_close,top3_by_RS20_then_layer4_risk_aware_score,False,,,False,False,missing_selected_stock_price_registry_row,adjusted_close_exact > tradable_close_proxy > blocked,selected_ticker_adjusted_close_path_only,False,True,False,False,False,False,False,False,True,False
2025-07-18,dynamic80_top3_rs20_risk_tiebreak_proxy,8358,金居,TPEx,1.0,0.3988744578309344,0.5576110697070522,1.0,1,1,False,True,True,True,False,0.7061529436955236,0.4188744578309344,0.4341821050157106,weekly_signal_close,top3_by_RS20_then_layer4_risk_aware_score,False,,,False,False,missing_selected_stock_price_registry_row,adjusted_close_exact > tradable_close_proxy > blocked,selected_ticker_adjusted_close_path_only,False,True,False,False,False,False,False,False,True,False
2025-07-25,dynamic80_top3_rs20_risk_tiebreak_proxy,8358,金居,TPEx,1.0,0.6224620592262635,0.8343719940702237,1.0,57,57,False,False,True,True,True,0.5508169515916468,0.6224620592262635,0.6200029068058458,weekly_signal_close,top3_by_RS20_then_layer4_risk_aware_score,False,,,False,False,missing_selected_stock_price_registry_row,adjusted_close_exact > tradable_close_proxy > blocked,selected_ticker_adjusted_close_path_only,False,True,False,False,False,False,False,False,True,False
2025-08-01,dynamic80_top3_rs20_risk_tiebreak_proxy,8358,金居,TPEx,1.0,0.922309831947364,1.1518127263537372,1.0,40,40,False,False,True,True,True,0.6065590425272622,0.922309831947364,0.9226377840737272,weekly_signal_close,top3_by_RS20_then_layer4_risk_aware_score,False,,,False,False,missing_selected_stock_price_registry_row,adjusted_close_exact > tradable_close_proxy > blocked,selected_ticker_adjusted_close_path_only,False,True,False,False,False,False,False,False,True,False
2025-08-08,dynamic80_top3_rs20_risk_tiebreak_proxy,8358,金居,TPEx,1.0,0.6572813423806578,1.1571252772855751,1.0,48,48,False,False,True,True,True,0.551732283951295,0.6572813423806578,0.6548679565782225,weekly_signal_close,top3_by_RS20_then_layer4_risk_aware_score,False,,,False,False,missing_selected_stock_price_registry_row,adjusted_close_exact > tradable_close_proxy > blocked,selected_ticker_adjusted_close_path_only,False,True,False,False,False,False,False,False,True,False
2025-08-15,dynamic80_top3_rs20_risk_tiebreak_proxy,8358,金居,TPEx,1.0,0.9692483581560094,1.9149685604831848,1.0,53,53,False,False,True,True,True,0.5443412027937201,0.9692483581560094,0.9664654182956954,weekly_signal_close,top3_by_RS20_then_layer4_risk_aware_score,False,,,False,False,missing_selected_stock_price_registry_row,adjusted_close_exact > tradable_close_proxy > blocked,selected_ticker_adjusted_close_path_only,False,True,False,False,False,False,False,False,True,False
2025-08-22,dynamic80_top3_rs20_risk_tiebreak_proxy,5309,系統電,TPEx,1.0,0.4681090584494647,0.4763848033089173,1.0,34,34,False,False,True,True,True,0.5596782957361817,0.4681090584494647,0.4660929732362737,weekly_signal_close,top3_by_RS20_then_layer4_risk_aware_score,False,,,False,False,missing_selected_stock_price_registry_row,adjusted_close_exact > tradable_close_proxy > blocked,selected_ticker_adjusted_close_path_only,False,True,False,False,False,False,False,False,True,False
2025-08-29,dynamic80_top3_rs20_risk_tiebreak_proxy,1519,華城,TWSE,1.0,32.49591870338163,0.2381369646786493,1.0,13,13,False,True,True,True,False,0.6294153173169379,32.51591870338164,32.52738946924748,weekly_signal_close,top3_by_RS20_then_layer4_risk_aware_score,False,,,False,False,missing_selected_stock_price_registry_row,adjusted_close_exact > tradable_close_proxy > blocked,selected_ticker_adjusted_close_path_only,False,True,False,False,False,False,False,False,True,False
2025-09-05,dynamic80_top3_rs20_risk_tiebreak_proxy,6515,穎崴,TWSE,1.0,0.5163911718046383,0.3823325649362183,1.0,41,41,False,False,True,True,False,0.520102305098384,0.5163911718046383,0.5423962870595576,weekly_signal_close,top3_by_RS20_then_layer4_risk_aware_score,False,,,False,False,missing_selected_stock_price_registry_row,adjusted_close_exact > tradable_close_proxy > blocked,selected_ticker_adjusted_close_path_only,False,True,False,False,False,False,False,False,True,False
2025-09-12,dynamic80_top3_rs20_risk_tiebreak_proxy,3305,昇貿,TWSE,1.0,0.6924099383315412,1.5706643763136496,1.0,51,51,False,False,True,True,False,0.5496168203344992,0.6924099383315412,0.7198907793482662,weekly_signal_close,top3_by_RS20_then_layer4_risk_aware_score,False,,,False,False,missing_selected_stock_price_registry_row,adjusted_close_exact > tradable_close_proxy > blocked,selected_ticker_adjusted_close_path_only,False,True,False,False,False,False,False,False,True,False
2025-09-19,dynamic80_top3_rs20_risk_tiebreak_proxy,8299,群聯,TPEx,1.0,0.4249778206171601,0.2410170015852368,1.0,79,79,False,False,True,True,False,0.5059227902051431,0.4249778206171601,0.4502739601274172,weekly_signal_close,top3_by_RS20_then_layer4_risk_aware_score,False,,,False,False,missing_selected_stock_price_registry_row,adjusted_close_exact > tradable_close_proxy > blocked,selected_ticker_adjusted_close_path_only,False,True,False,False,False,False,False,False,True,False
2025-09-26,dynamic80_top3_rs20_risk_tiebreak_proxy,1504,東元,TWSE,1.0,0.300700334499667,0.7585531396839085,1.0,68,68,False,False,True,True,False,0.6064003751384041,0.300700334499667,0.3310203532565872,weekly_signal_close,top3_by_RS20_then_layer4_risk_aware_score,False,,,False,False,missing_selected_stock_price_registry_row,adjusted_close_exact > tradable_close_proxy > blocked,selected_ticker_adjusted_close_path_only,False,True,False,False,False,False,False,False,True,False
2025-10-03,dynamic80_top3_rs20_risk_tiebreak_proxy,8299,群聯,TPEx,1.0,0.5771025429584791,0.4576367875428764,1.0,4,4,False,True,True,True,False,0.6985989189894313,0.5971025429584791,0.6120324889079506,weekly_signal_close,top3_by_RS20_then_layer4_risk_aware_score,False,,,False,False,missing_selected_stock_price_registry_row,adjusted_close_exact > tradable_close_proxy > blocked,selected_ticker_adjusted_close_path_only,False,True,False,False,False,False,False,False,True,False
2025-10-09,dynamic80_top3_rs20_risk_tiebreak_proxy,8271,宇瞻,TWSE,1.0,0.1831960120499318,0.4098043422673796,1.0,16,16,False,True,True,True,False,0.6432028512712582,0.2031960120499318,0.2153561546134947,weekly_signal_close,top3_by_RS20_then_layer4_risk_aware_score,False,,,False,False,missing_selected_stock_price_registry_row,adjusted_close_exact > tradable_close_proxy > blocked,selected_ticker_adjusted_close_path_only,False,True,False,False,False,False,False,False,True,False
2025-10-17,dynamic80_top3_rs20_risk_tiebreak_proxy,8271,宇瞻,TWSE,1.0,0.6031699813792775,0.9262026134256274,1.0,45,45,False,False,True,True,True,0.6085299144647688,0.6031699813792775,0.6035964771025158,weekly_signal_close,top3_by_RS20_then_layer4_risk_aware_score,False,,,False,False,missing_selected_stock_price_registry_row,adjusted_close_exact > tradable_close_proxy > blocked,selected_ticker_adjusted_close_path_only,False,True,False,False,False,False,False,False,True,False
2025-10-23,dynamic80_top3_rs20_risk_tiebreak_proxy,8103,瀚荃,TWSE,1.0,0.4260041772338832,0.6592104683552324,1.0,75,75,False,False,True,True,False,0.5575315339519648,0.4260041772338832,0.4538807539314814,weekly_signal_close,top3_by_RS20_then_layer4_risk_aware_score,False,,,False,False,missing_selected_stock_price_registry_row,adjusted_close_exact > tradable_close_proxy > blocked,selected_ticker_adjusted_close_path_only,False,True,False,False,False,False,False,False,True,False
2025-10-31,dynamic80_top3_rs20_risk_tiebreak_proxy,8996,高力,TWSE,1.0,0.7678061874117383,0.767946845805844,1.0,5,5,False,True,True,True,False,0.684492370947379,0.7878061874117384,0.8020308059591073,weekly_signal_close,top3_by_RS20_then_layer4_risk_aware_score,False,,,False,False,missing_selected_stock_price_registry_row,adjusted_close_exact > tradable_close_proxy > blocked,selected_ticker_adjusted_close_path_only,False,True,False,False,False,False,False,False,True,False
2025-11-07,dynamic80_top3_rs20_risk_tiebreak_proxy,8271,宇瞻,TWSE,1.0,0.3483862487681846,0.5685278364169433,1.0,70,70,False,False,True,True,False,0.5692017103552701,0.3483862487681846,0.3768463342859481,weekly_signal_close,top3_by_RS20_then_layer4_risk_aware_score,False,,,False,False,missing_selected_stock_price_registry_row,adjusted_close_exact > tradable_close_proxy > blocked,selected_ticker_adjusted_close_path_only,False,True,False,False,False,False,False,False,True,False
2025-11-14,dynamic80_top3_rs20_risk_tiebreak_proxy,2451,創見,TWSE,1.0,0.425652770532135,0.836297688608705,1.0,79,79,False,False,True,True,False,0.5445728576046897,0.425652770532135,0.4528814134123695,weekly_signal_close,top3_by_RS20_then_layer4_risk_aware_score,False,,,False,False,missing_selected_stock_price_registry_row,adjusted_close_exact > tradable_close_proxy > blocked,selected_ticker_adjusted_close_path_only,False,True,False,False,False,False,False,False,True,False
2025-11-21,dynamic80_top3_rs20_risk_tiebreak_proxy,3167,大量,TWSE,1.0,0.2464454513844001,-0.2351996186252429,1.0,62,62,False,False,True,True,False,0.593579331244408,0.2464454513844001,0.2761244179466205,weekly_signal_close,top3_by_RS20_then_layer4_risk_aware_score,False,,,False,False,missing_selected_stock_price_registry_row,adjusted_close_exact > tradable_close_proxy > blocked,selected_ticker_adjusted_close_path_only,False,True,False,False,False,False,False,False,True,False
2025-11-28,dynamic80_top3_rs20_risk_tiebreak_proxy,2451,創見,TWSE,1.0,0.4181977572889972,0.6494464333717163,1.0,63,63,False,False,True,True,False,0.5491421985540783,0.4181977572889972,0.4456548672167011,weekly_signal_close,top3_by_RS20_then_layer4_risk_aware_score,False,,,False,False,missing_selected_stock_price_registry_row,adjusted_close_exact > tradable_close_proxy > blocked,selected_ticker_adjusted_close_path_only,False,True,False,False,False,False,False,False,True,False
2025-12-05,dynamic80_top3_rs20_risk_tiebreak_proxy,3163,波若威,TPEx,1.0,0.4185416328199178,0.108677266235255,1.0,67,67,False,False,True,True,False,0.5478200927815189,0.4185416328199178,0.4459326374589937,weekly_signal_close,top3_by_RS20_then_layer4_risk_aware_score,False,,,False,False,missing_selected_stock_price_registry_row,adjusted_close_exact > tradable_close_proxy > blocked,selected_ticker_adjusted_close_path_only,False,True,False,False,False,False,False,False,True,False
2025-12-12,dynamic80_top3_rs20_risk_tiebreak_proxy,8039,台虹,TWSE,1.0,0.5350810725313653,0.3957678036886782,1.0,58,58,False,False,True,True,False,0.5472050218528901,0.5350810725313653,0.5624413236240098,weekly_signal_close,top3_by_RS20_then_layer4_risk_aware_score,False,,,False,False,missing_selected_stock_price_registry_row,adjusted_close_exact > tradable_close_proxy > blocked,selected_ticker_adjusted_close_path_only,False,True,False,False,False,False,False,False,True,False
2025-12-19,dynamic80_top3_rs20_risk_tiebreak_proxy,6788,華景電,TPEx,1.0,0.497488690859055,0.1416260274145775,1.0,24,24,False,True,True,True,False,0.6436569910522879,0.517488690859055,0.5296715404116694,weekly_signal_close,top3_by_RS20_then_layer4_risk_aware_score,False,,,False,False,missing_selected_stock_price_registry_row,adjusted_close_exact > tradable_close_proxy > blocked,selected_ticker_adjusted_close_path_only,False,True,False,False,False,False,False,False,True,False
2025-12-26,dynamic80_top3_rs20_risk_tiebreak_proxy,6788,華景電,TPEx,1.0,0.5536489634034343,0.262334645084417,1.0,28,28,False,True,True,True,False,0.6381606447938204,0.5736489634034343,0.5855569956431252,weekly_signal_close,top3_by_RS20_then_layer4_risk_aware_score,False,,,False,False,missing_selected_stock_price_registry_row,adjusted_close_exact > tradable_close_proxy > blocked,selected_ticker_adjusted_close_path_only,False,True,False,False,False,False,False,False,True,False
2026-01-02,dynamic80_top3_rs20_risk_tiebreak_proxy,6903,巨漢,TPEx,1.0,0.5124579361710861,0.6741867328983813,1.0,34,34,False,False,True,True,False,0.6250273873930637,0.5124579361710861,0.5437093055407394,weekly_signal_close,top3_by_RS20_then_layer4_risk_aware_score,False,,,False,False,missing_selected_stock_price_registry_row,adjusted_close_exact > tradable_close_proxy > blocked,selected_ticker_adjusted_close_path_only,False,True,False,False,False,False,False,False,True,False
2026-01-09,dynamic80_top3_rs20_risk_tiebreak_proxy,2313,華通,TWSE,1.0,0.2943378983704439,0.2242586489889091,1.0,76,76,False,False,True,True,False,0.547357567220818,0.2943378983704439,0.3217057767314847,weekly_signal_close,top3_by_RS20_then_layer4_risk_aware_score,False,,,False,False,missing_selected_stock_price_registry_row,adjusted_close_exact > tradable_close_proxy > blocked,selected_ticker_adjusted_close_path_only,False,True,False,False,False,False,False,False,True,False
2026-01-16,dynamic80_top3_rs20_risk_tiebreak_proxy,8088,品安,TPEx,1.0,0.4392432288214478,0.2461761355431995,1.0,71,71,False,False,True,True,False,0.5561468559193559,0.4392432288214478,0.4670505716174156,weekly_signal_close,top3_by_RS20_then_layer4_risk_aware_score,False,,,False,False,missing_selected_stock_price_registry_row,adjusted_close_exact > tradable_close_proxy > blocked,selected_ticker_adjusted_close_path_only,False,True,False,False,False,False,False,False,True,False
2026-01-23,dynamic80_top3_rs20_risk_tiebreak_proxy,8046,南電,TWSE,1.0,0.4507968144323444,0.1772450676282309,1.0,55,55,False,False,True,True,False,0.575192998464671,0.4507968144323444,0.4795564643555779,weekly_signal_close,top3_by_RS20_then_layer4_risk_aware_score,False,,,False,False,missing_selected_stock_price_registry_row,adjusted_close_exact > tradable_close_proxy > blocked,selected_ticker_adjusted_close_path_only,False,True,False,False,False,False,False,False,True,False
2026-01-30,dynamic80_top3_rs20_risk_tiebreak_proxy,3081,聯亞,TPEx,1.0,0.4628032079579927,1.4048239987635165,1.0,11,11,False,True,True,True,False,0.6699089790670955,0.4828032079579927,0.4962986569113474,weekly_signal_close,top3_by_RS20_then_layer4_risk_aware_score,False,,,False,False,missing_selected_stock_price_registry_row,adjusted_close_exact > tradable_close_proxy > blocked,selected_ticker_adjusted_close_path_only,False,True,False,False,False,False,False,False,True,False
2026-02-06,dynamic80_top3_rs20_risk_tiebreak_proxy,5386,青雲,TPEx,1.0,0.4427733331778436,0.5476734112378729,1.0,56,56,False,False,True,True,False,0.5764541414386452,0.4427733331778436,0.4715960402497758,weekly_signal_close,top3_by_RS20_then_layer4_risk_aware_score,False,,,False,False,missing_selected_stock_price_registry_row,adjusted_close_exact > tradable_close_proxy > blocked,selected_ticker_adjusted_close_path_only,False,True,False,False,False,False,False,False,True,False
2026-02-11,dynamic80_top3_rs20_risk_tiebreak_proxy,2489,瑞軒,TWSE,1.0,0.6086228056368719,0.5240031372141394,1.0,80,80,False,False,True,True,False,0.4683881652235257,0.6086228056368719,0.6320422138980482,weekly_signal_close,top3_by_RS20_then_layer4_risk_aware_score,False,,,False,False,missing_selected_stock_price_registry_row,adjusted_close_exact > tradable_close_proxy > blocked,selected_ticker_adjusted_close_path_only,False,True,False,False,False,False,False,False,True,False
2026-02-26,dynamic80_top3_rs20_risk_tiebreak_proxy,3081,聯亞,TPEx,1.0,0.6319915544523735,1.6333963414414212,1.0,42,42,False,False,True,True,False,0.5277459219759634,0.6319915544523735,0.6583788505511717,weekly_signal_close,top3_by_RS20_then_layer4_risk_aware_score,False,,,False,False,missing_selected_stock_price_registry_row,adjusted_close_exact > tradable_close_proxy > blocked,selected_ticker_adjusted_close_path_only,False,True,False,False,False,False,False,False,True,False
2026-03-06,dynamic80_top3_rs20_risk_tiebreak_proxy,6187,萬潤,TPEx,1.0,0.5192192487502623,0.4120169846246224,1.0,16,16,False,True,True,True,False,0.5565256082345624,0.5392192487502623,0.5470455291619903,weekly_signal_close,top3_by_RS20_then_layer4_risk_aware_score,False,,,False,False,missing_selected_stock_price_registry_row,adjusted_close_exact > tradable_close_proxy > blocked,selected_ticker_adjusted_close_path_only,False,True,False,False,False,False,False,False,True,False
2026-03-13,dynamic80_top3_rs20_risk_tiebreak_proxy,6291,沛亨,TPEx,1.0,0.4457755040247311,0.6962869578541611,1.0,66,66,False,False,True,True,False,0.4727753877569065,0.4457755040247311,0.4694142734125764,weekly_signal_close,top3_by_RS20_then_layer4_risk_aware_score,False,,,False,False,missing_selected_stock_price_registry_row,adjusted_close_exact > tradable_close_proxy > blocked,selected_ticker_adjusted_close_path_only,False,True,False,False,False,False,False,False,True,False
2026-03-20,dynamic80_top3_rs20_risk_tiebreak_proxy,4991,環宇-KY,TPEx,1.0,0.6244729589110625,1.2268987432339435,1.0,59,59,False,False,True,True,False,0.4459232532686097,0.6244729589110625,0.646769121574493,weekly_signal_close,top3_by_RS20_then_layer4_risk_aware_score,False,,,False,False,missing_selected_stock_price_registry_row,adjusted_close_exact > tradable_close_proxy > blocked,selected_ticker_adjusted_close_path_only,False,True,False,False,False,False,False,False,True,False
2026-03-27,dynamic80_top3_rs20_risk_tiebreak_proxy,1785,光洋科,TPEx,1.0,0.6256248279290826,0.3353977990419692,1.0,51,51,False,False,True,True,True,0.5010480584712687,0.6256248279290826,0.620677230852646,weekly_signal_close,top3_by_RS20_then_layer4_risk_aware_score,False,,,False,False,missing_selected_stock_price_registry_row,adjusted_close_exact > tradable_close_proxy > blocked,selected_ticker_adjusted_close_path_only,False,True,False,False,False,False,False,False,True,False
2026-04-02,dynamic80_top3_rs20_risk_tiebreak_proxy,1785,光洋科,TPEx,1.0,0.4496773699362739,0.1583236592441794,1.0,18,18,False,True,True,True,False,0.5830293197496518,0.4696773699362739,0.4788288359237564,weekly_signal_close,top3_by_RS20_then_layer4_risk_aware_score,False,,,False,False,missing_selected_stock_price_registry_row,adjusted_close_exact > tradable_close_proxy > blocked,selected_ticker_adjusted_close_path_only,False,True,False,False,False,False,False,False,True,False
2026-04-10,dynamic80_top3_rs20_risk_tiebreak_proxy,3583,辛耘,TWSE,1.0,0.7789659612238535,0.7621031090365804,1.0,14,14,False,True,True,True,False,0.5501742714228154,0.7989659612238535,0.8064746747949944,weekly_signal_close,top3_by_RS20_then_layer4_risk_aware_score,False,,,False,False,missing_selected_stock_price_registry_row,adjusted_close_exact > tradable_close_proxy > blocked,selected_ticker_adjusted_close_path_only,False,True,False,False,False,False,False,False,True,False
2026-04-17,dynamic80_top3_rs20_risk_tiebreak_proxy,7610,聯友金屬-創,TWSE,1.0,0.9059194263493248,2.9482063777799032,1.0,80,80,False,True,True,True,True,0.4135940567114147,0.9259194263493248,0.8965991291848955,weekly_signal_close,top3_by_RS20_then_layer4_risk_aware_score,False,,,False,False,missing_selected_stock_price_registry_row,adjusted_close_exact > tradable_close_proxy > blocked,selected_ticker_adjusted_close_path_only,False,True,False,False,False,False,False,False,True,False
2026-04-24,dynamic80_top3_rs20_risk_tiebreak_proxy,7734,印能科技,TPEx,1.0,0.8825674971776685,2.536091771211732,1.0,38,38,False,False,True,True,False,0.5207592241255582,0.8825674971776685,0.9086054583839464,weekly_signal_close,top3_by_RS20_then_layer4_risk_aware_score,False,,,False,False,missing_selected_stock_price_registry_row,adjusted_close_exact > tradable_close_proxy > blocked,selected_ticker_adjusted_close_path_only,False,True,False,False,False,False,False,False,True,False
2026-04-30,dynamic80_top3_rs20_risk_tiebreak_proxy,6531,愛普*,TWSE,1.0,0.6495886060524432,0.5042602534751528,1.0,64,64,False,False,True,True,False,0.5020093761666818,0.6495886060524432,0.6746890748607772,weekly_signal_close,top3_by_RS20_then_layer4_risk_aware_score,False,,,False,False,missing_selected_stock_price_registry_row,adjusted_close_exact > tradable_close_proxy > blocked,selected_ticker_adjusted_close_path_only,False,True,False,False,False,False,False,False,True,False
2026-05-08,dynamic80_top3_rs20_risk_tiebreak_proxy,6173,信昌電,TPEx,1.0,0.7171540205116871,0.3744964552326399,1.0,66,66,False,False,True,True,False,0.522923304637838,0.7171540205116871,0.743300185743579,weekly_signal_close,top3_by_RS20_then_layer4_risk_aware_score,False,,,False,False,missing_selected_stock_price_registry_row,adjusted_close_exact > tradable_close_proxy > blocked,selected_ticker_adjusted_close_path_only,False,True,False,False,False,False,False,False,True,False
2026-05-15,dynamic80_top3_rs20_risk_tiebreak_proxy,6173,信昌電,TPEx,1.0,0.7250844663785683,1.1275316243768574,1.0,79,79,False,False,True,True,False,0.514826593319386,0.7250844663785683,0.7508257960445376,weekly_signal_close,top3_by_RS20_then_layer4_risk_aware_score,False,,,False,False,missing_selected_stock_price_registry_row,adjusted_close_exact > tradable_close_proxy > blocked,selected_ticker_adjusted_close_path_only,False,True,False,False,False,False,False,False,True,False
2026-05-22,dynamic80_top3_rs20_risk_tiebreak_proxy,6182,合晶,TPEx,1.0,0.5906351659550506,0.7689809987237248,1.0,18,18,False,True,True,True,False,0.5829752312839536,0.6106351659550506,0.6197839275192483,weekly_signal_close,top3_by_RS20_then_layer4_risk_aware_score,False,,,False,False,missing_selected_stock_price_registry_row,adjusted_close_exact > tradable_close_proxy > blocked,selected_ticker_adjusted_close_path_only,False,True,False,False,False,False,False,False,True,False
2026-05-29,dynamic80_top3_rs20_risk_tiebreak_proxy,4973,廣穎,TPEx,1.0,0.7607501942277446,2.3695826472168555,1.0,74,74,False,False,True,True,False,0.4779926305235246,0.7607501942277446,0.7846498257539208,weekly_signal_close,top3_by_RS20_then_layer4_risk_aware_score,False,,,False,False,missing_selected_stock_price_registry_row,adjusted_close_exact > tradable_close_proxy > blocked,selected_ticker_adjusted_close_path_only,False,True,False,False,False,False,False,False,True,False
2026-06-05,dynamic80_top3_rs20_risk_tiebreak_proxy,8454,富邦媒,TWSE,1.0,0.7273090522263692,0.5981725866646328,1.0,50,50,False,False,True,False,False,0.5593125380876527,0.7273090522263692,0.7552746791307519,weekly_signal_close,top3_by_RS20_then_layer4_risk_aware_score,False,,,False,False,missing_selected_stock_price_registry_row,adjusted_close_exact > tradable_close_proxy > blocked,selected_ticker_adjusted_close_path_only,False,True,False,False,False,False,False,False,True,False
2026-06-12,dynamic80_top3_rs20_risk_tiebreak_proxy,3090,日電貿,TWSE,1.0,0.7341586695677889,1.2299283115627675,1.0,73,73,False,False,True,True,False,0.529507648429021,0.7341586695677889,0.76063405198924,weekly_signal_close,top3_by_RS20_then_layer4_risk_aware_score,False,,,False,False,missing_selected_stock_price_registry_row,adjusted_close_exact > tradable_close_proxy > blocked,selected_ticker_adjusted_close_path_only,False,True,False,False,False,False,False,False,True,False
2026-06-18,dynamic80_top3_rs20_risk_tiebreak_proxy,2344,華邦電,TWSE,1.0,0.797209131351962,0.5874402533159233,1.0,51,51,False,False,True,True,False,0.5403292950659585,0.797209131351962,0.8242255961052599,weekly_signal_close,top3_by_RS20_then_layer4_risk_aware_score,False,,,False,False,missing_selected_stock_price_registry_row,adjusted_close_exact > tradable_close_proxy > blocked,selected_ticker_adjusted_close_path_only,False,True,False,False,False,False,False,False,True,False
2026-06-26,dynamic80_top3_rs20_risk_tiebreak_proxy,8454,富邦媒,TWSE,1.0,0.5241293684167057,0.3982599271089817,1.0,55,55,False,False,True,True,False,0.5632594211871792,0.5241293684167057,0.5522923394760646,weekly_signal_close,top3_by_RS20_then_layer4_risk_aware_score,False,,,False,False,missing_selected_stock_price_registry_row,adjusted_close_exact > tradable_close_proxy > blocked,selected_ticker_adjusted_close_path_only,False,True,False,False,False,False,False,False,True,False
2026-06-29,dynamic80_top3_rs20_risk_tiebreak_proxy,2887,台新新光金,TWSE,1.0,0.4208663929348837,-0.02026387550661,1.0,8,8,False,True,True,True,False,0.693274619348503,0.4408663929348837,0.4555301239023088,weekly_signal_close,top3_by_RS20_then_layer4_risk_aware_score,False,,,False,False,missing_selected_stock_price_registry_row,adjusted_close_exact > tradable_close_proxy > blocked,selected_ticker_adjusted_close_path_only,False,True,False,False,False,False,False,False,True,False
