scenario,decision_date,requested_execution_date,selected_ticker,selected_action,action_reason,classified_market_state,applied_market_state,low_confidence_ordinary_fallback,confidence_floor,challenger_margin_required,architecture_reason,incumbent_valid_before_action,incumbent_invalid_reason,metric_eligible
H1_continuity_fix_only,2023-07-17,2023-07-18,,not_model_ready,invalid_or_weak_incumbent,PIT_warmup_or_low_confidence,ordinary_market,True,0.7,5.0,PIT_warmup_or_low_confidence_reference_only,False,no_incumbent,False
H1_continuity_fix_only,2023-07-18,2023-07-19,,not_model_ready,valid_incumbent_no_better_challenger,PIT_warmup_or_low_confidence,ordinary_market,True,0.7,5.0,PIT_warmup_or_low_confidence_reference_only,False,no_incumbent,False
H1_continuity_fix_only,2023-07-19,2023-07-20,,not_model_ready,valid_incumbent_no_better_challenger,PIT_warmup_or_low_confidence,ordinary_market,True,0.7,5.0,PIT_warmup_or_low_confidence_reference_only,False,no_incumbent,False
H1_continuity_fix_only,2023-07-20,2023-07-21,,not_model_ready,valid_incumbent_no_better_challenger,PIT_warmup_or_low_confidence,ordinary_market,True,0.7,5.0,PIT_warmup_or_low_confidence_reference_only,False,no_incumbent,False
H1_continuity_fix_only,2023-07-21,2023-07-24,,not_model_ready,applied_controller_switch_gate_failed,PIT_warmup_or_low_confidence,ordinary_market,True,0.7,5.0,PIT_warmup_or_low_confidence_reference_only,False,no_incumbent,False
H1_continuity_fix_only,2023-07-24,2023-07-25,,not_model_ready,invalid_or_weak_incumbent,PIT_warmup_or_low_confidence,ordinary_market,True,0.7,5.0,PIT_warmup_or_low_confidence_reference_only,False,no_incumbent,False
H1_continuity_fix_only,2023-07-25,2023-07-26,,not_model_ready,applied_controller_switch_gate_failed,PIT_warmup_or_low_confidence,ordinary_market,True,0.7,5.0,PIT_warmup_or_low_confidence_reference_only,False,no_incumbent,False
H1_continuity_fix_only,2023-07-26,2023-07-27,,not_model_ready,applied_controller_switch_gate_failed,PIT_warmup_or_low_confidence,ordinary_market,True,0.7,5.0,PIT_warmup_or_low_confidence_reference_only,False,no_incumbent,False
H1_continuity_fix_only,2023-07-27,2023-07-28,,not_model_ready,applied_controller_switch_gate_failed,PIT_warmup_or_low_confidence,ordinary_market,True,0.7,5.0,PIT_warmup_or_low_confidence_reference_only,False,no_incumbent,False
H1_continuity_fix_only,2023-07-28,2023-07-31,,not_model_ready,applied_controller_switch_gate_failed,PIT_warmup_or_low_confidence,ordinary_market,True,0.7,5.0,PIT_warmup_or_low_confidence_reference_only,False,no_incumbent,False
H1_continuity_fix_only,2023-07-31,2023-08-01,,not_model_ready,invalid_or_weak_incumbent,PIT_warmup_or_low_confidence,ordinary_market,True,0.7,5.0,PIT_warmup_or_low_confidence_reference_only,False,no_incumbent,False
H1_continuity_fix_only,2023-08-01,2023-08-02,,not_model_ready,valid_incumbent_no_better_challenger,PIT_warmup_or_low_confidence,ordinary_market,True,0.7,5.0,PIT_warmup_or_low_confidence_reference_only,False,no_incumbent,False
H1_continuity_fix_only,2023-08-02,2023-08-04,,not_model_ready,applied_controller_switch_gate_failed,PIT_warmup_or_low_confidence,ordinary_market,True,0.7,5.0,PIT_warmup_or_low_confidence_reference_only,False,no_incumbent,False
H1_continuity_fix_only,2023-08-04,2023-08-07,,not_model_ready,applied_controller_switch_gate_failed,PIT_warmup_or_low_confidence,ordinary_market,True,0.7,5.0,PIT_warmup_or_low_confidence_reference_only,False,no_incumbent,False
H1_continuity_fix_only,2023-08-07,2023-08-08,,not_model_ready,invalid_or_weak_incumbent,PIT_warmup_or_low_confidence,ordinary_market,True,0.7,5.0,PIT_warmup_or_low_confidence_reference_only,False,no_incumbent,False
H1_continuity_fix_only,2023-08-08,2023-08-09,,not_model_ready,applied_controller_switch_gate_failed,PIT_warmup_or_low_confidence,ordinary_market,True,0.7,5.0,PIT_warmup_or_low_confidence_reference_only,False,no_incumbent,False
H1_continuity_fix_only,2023-08-09,2023-08-10,,not_model_ready,applied_controller_switch_gate_failed,PIT_warmup_or_low_confidence,ordinary_market,True,0.7,5.0,PIT_warmup_or_low_confidence_reference_only,False,no_incumbent,False
H1_continuity_fix_only,2023-08-10,2023-08-11,,not_model_ready,applied_controller_switch_gate_failed,PIT_warmup_or_low_confidence,ordinary_market,True,0.7,5.0,PIT_warmup_or_low_confidence_reference_only,False,no_incumbent,False
H1_continuity_fix_only,2023-08-11,2023-08-14,,not_model_ready,applied_controller_switch_gate_failed,PIT_warmup_or_low_confidence,ordinary_market,True,0.7,5.0,PIT_warmup_or_low_confidence_reference_only,False,no_incumbent,False
H1_continuity_fix_only,2023-08-14,2023-08-15,,not_model_ready,invalid_or_weak_incumbent,PIT_warmup_or_low_confidence,ordinary_market,True,0.7,5.0,PIT_warmup_or_low_confidence_reference_only,False,no_incumbent,False
H1_continuity_fix_only,2023-08-15,2023-08-16,,not_model_ready,valid_incumbent_no_better_challenger,PIT_warmup_or_low_confidence,ordinary_market,True,0.7,5.0,PIT_warmup_or_low_confidence_reference_only,False,no_incumbent,False
H1_continuity_fix_only,2023-08-16,2023-08-17,,not_model_ready,applied_controller_switch_gate_failed,PIT_warmup_or_low_confidence,ordinary_market,True,0.7,5.0,PIT_warmup_or_low_confidence_reference_only,False,no_incumbent,False
H1_continuity_fix_only,2023-08-17,2023-08-18,,not_model_ready,valid_incumbent_no_better_challenger,PIT_warmup_or_low_confidence,ordinary_market,True,0.7,5.0,PIT_warmup_or_low_confidence_reference_only,False,no_incumbent,False
H1_continuity_fix_only,2023-08-18,2023-08-21,,not_model_ready,valid_incumbent_no_better_challenger,PIT_warmup_or_low_confidence,ordinary_market,True,0.7,5.0,PIT_warmup_or_low_confidence_reference_only,False,no_incumbent,False
H1_continuity_fix_only,2023-08-21,2023-08-22,,not_model_ready,invalid_or_weak_incumbent,PIT_warmup_or_low_confidence,ordinary_market,True,0.7,5.0,PIT_warmup_or_low_confidence_reference_only,False,no_incumbent,False
H1_continuity_fix_only,2023-08-22,2023-08-23,,not_model_ready,applied_controller_switch_gate_failed,PIT_warmup_or_low_confidence,ordinary_market,True,0.7,5.0,PIT_warmup_or_low_confidence_reference_only,False,no_incumbent,False
H1_continuity_fix_only,2023-08-23,2023-08-24,,not_model_ready,valid_incumbent_no_better_challenger,PIT_warmup_or_low_confidence,ordinary_market,True,0.7,5.0,PIT_warmup_or_low_confidence_reference_only,False,no_incumbent,False
H1_continuity_fix_only,2023-08-24,2023-08-25,,not_model_ready,applied_controller_switch_gate_failed,PIT_warmup_or_low_confidence,ordinary_market,True,0.7,5.0,PIT_warmup_or_low_confidence_reference_only,False,no_incumbent,False
H1_continuity_fix_only,2023-08-25,2023-08-28,,not_model_ready,applied_controller_switch_gate_failed,PIT_warmup_or_low_confidence,ordinary_market,True,0.7,5.0,PIT_warmup_or_low_confidence_reference_only,False,no_incumbent,False
H1_continuity_fix_only,2023-08-28,2023-08-29,,not_model_ready,invalid_or_weak_incumbent,PIT_warmup_or_low_confidence,ordinary_market,True,0.7,5.0,PIT_warmup_or_low_confidence_reference_only,False,no_incumbent,False
H1_continuity_fix_only,2023-08-29,2023-08-30,,not_model_ready,applied_controller_switch_gate_failed,PIT_warmup_or_low_confidence,ordinary_market,True,0.7,5.0,PIT_warmup_or_low_confidence_reference_only,False,no_incumbent,False
H1_continuity_fix_only,2023-08-30,2023-08-31,,not_model_ready,applied_controller_switch_gate_failed,PIT_warmup_or_low_confidence,ordinary_market,True,0.7,5.0,PIT_warmup_or_low_confidence_reference_only,False,no_incumbent,False
H1_continuity_fix_only,2023-08-31,2023-09-01,,not_model_ready,applied_controller_switch_gate_failed,PIT_warmup_or_low_confidence,ordinary_market,True,0.7,5.0,PIT_warmup_or_low_confidence_reference_only,False,no_incumbent,False
H1_continuity_fix_only,2023-09-01,2023-09-04,,not_model_ready,applied_controller_switch_gate_failed,PIT_warmup_or_low_confidence,ordinary_market,True,0.7,5.0,PIT_warmup_or_low_confidence_reference_only,False,no_incumbent,False
H1_continuity_fix_only,2023-09-04,2023-09-05,,not_model_ready,invalid_or_weak_incumbent,PIT_warmup_or_low_confidence,ordinary_market,True,0.7,5.0,PIT_warmup_or_low_confidence_reference_only,False,no_incumbent,False
H1_continuity_fix_only,2023-09-05,2023-09-06,,not_model_ready,applied_controller_switch_gate_failed,PIT_warmup_or_low_confidence,ordinary_market,True,0.7,5.0,PIT_warmup_or_low_confidence_reference_only,False,no_incumbent,False
H1_continuity_fix_only,2023-09-06,2023-09-07,,not_model_ready,invalid_or_weak_incumbent,PIT_warmup_or_low_confidence,ordinary_market,True,0.7,5.0,PIT_warmup_or_low_confidence_reference_only,False,no_incumbent,False
H1_continuity_fix_only,2023-09-07,2023-09-08,,not_model_ready,valid_incumbent_no_better_challenger,PIT_warmup_or_low_confidence,ordinary_market,True,0.7,5.0,PIT_warmup_or_low_confidence_reference_only,False,no_incumbent,False
H1_continuity_fix_only,2023-09-08,2023-09-11,,not_model_ready,applied_controller_switch_gate_failed,PIT_warmup_or_low_confidence,ordinary_market,True,0.7,5.0,PIT_warmup_or_low_confidence_reference_only,False,no_incumbent,False
H1_continuity_fix_only,2023-09-11,2023-09-12,,not_model_ready,invalid_or_weak_incumbent,PIT_warmup_or_low_confidence,ordinary_market,True,0.7,5.0,PIT_warmup_or_low_confidence_reference_only,False,no_incumbent,False
H1_continuity_fix_only,2023-09-12,2023-09-13,,not_model_ready,applied_controller_switch_gate_failed,PIT_warmup_or_low_confidence,ordinary_market,True,0.7,5.0,PIT_warmup_or_low_confidence_reference_only,False,no_incumbent,False
H1_continuity_fix_only,2023-09-13,2023-09-14,,not_model_ready,applied_controller_switch_gate_failed,PIT_warmup_or_low_confidence,ordinary_market,True,0.7,5.0,PIT_warmup_or_low_confidence_reference_only,False,no_incumbent,False
H1_continuity_fix_only,2023-09-14,2023-09-15,,not_model_ready,applied_controller_switch_gate_failed,PIT_warmup_or_low_confidence,ordinary_market,True,0.7,5.0,PIT_warmup_or_low_confidence_reference_only,False,no_incumbent,False
H1_continuity_fix_only,2023-09-15,2023-09-18,,not_model_ready,applied_controller_switch_gate_failed,PIT_warmup_or_low_confidence,ordinary_market,True,0.7,5.0,PIT_warmup_or_low_confidence_reference_only,False,no_incumbent,False
H1_continuity_fix_only,2023-09-18,2023-09-19,,not_model_ready,applied_controller_switch_gate_failed,PIT_warmup_or_low_confidence,ordinary_market,True,0.7,5.0,PIT_warmup_or_low_confidence_reference_only,False,no_incumbent,False
H1_continuity_fix_only,2023-09-19,2023-09-20,,not_model_ready,applied_controller_switch_gate_failed,PIT_warmup_or_low_confidence,ordinary_market,True,0.7,5.0,PIT_warmup_or_low_confidence_reference_only,False,no_incumbent,False
H1_continuity_fix_only,2023-09-20,2023-09-21,,not_model_ready,applied_controller_switch_gate_failed,PIT_warmup_or_low_confidence,ordinary_market,True,0.7,5.0,PIT_warmup_or_low_confidence_reference_only,False,no_incumbent,False
H1_continuity_fix_only,2023-09-21,2023-09-22,,not_model_ready,applied_controller_switch_gate_failed,PIT_warmup_or_low_confidence,ordinary_market,True,0.7,5.0,PIT_warmup_or_low_confidence_reference_only,False,no_incumbent,False
H1_continuity_fix_only,2023-09-22,2023-09-25,,not_model_ready,applied_controller_switch_gate_failed,PIT_warmup_or_low_confidence,ordinary_market,True,0.7,5.0,PIT_warmup_or_low_confidence_reference_only,False,no_incumbent,False
H1_continuity_fix_only,2023-09-25,2023-09-26,,not_model_ready,applied_controller_switch_gate_failed,PIT_warmup_or_low_confidence,ordinary_market,True,0.7,5.0,PIT_warmup_or_low_confidence_reference_only,False,no_incumbent,False
H1_continuity_fix_only,2023-09-26,2023-09-27,,not_model_ready,applied_controller_switch_gate_failed,PIT_warmup_or_low_confidence,ordinary_market,True,0.7,5.0,PIT_warmup_or_low_confidence_reference_only,False,no_incumbent,False
H1_continuity_fix_only,2023-09-27,2023-09-28,,not_model_ready,applied_controller_switch_gate_failed,PIT_warmup_or_low_confidence,ordinary_market,True,0.7,5.0,PIT_warmup_or_low_confidence_reference_only,False,no_incumbent,False
H1_continuity_fix_only,2023-09-28,2023-10-02,,not_model_ready,applied_controller_switch_gate_failed,PIT_warmup_or_low_confidence,ordinary_market,True,0.7,5.0,PIT_warmup_or_low_confidence_reference_only,False,no_incumbent,False
H1_continuity_fix_only,2023-10-02,2023-10-03,,not_model_ready,applied_controller_switch_gate_failed,PIT_warmup_or_low_confidence,ordinary_market,True,0.7,5.0,PIT_warmup_or_low_confidence_reference_only,False,no_incumbent,False
H1_continuity_fix_only,2023-10-03,2023-10-04,,not_model_ready,applied_controller_switch_gate_failed,PIT_warmup_or_low_confidence,ordinary_market,True,0.7,5.0,PIT_warmup_or_low_confidence_reference_only,False,no_incumbent,False
H1_continuity_fix_only,2023-10-04,2023-10-05,,not_model_ready,applied_controller_switch_gate_failed,PIT_warmup_or_low_confidence,ordinary_market,True,0.7,5.0,PIT_warmup_or_low_confidence_reference_only,False,no_incumbent,False
H1_continuity_fix_only,2023-10-05,2023-10-06,,not_model_ready,applied_controller_switch_gate_failed,PIT_warmup_or_low_confidence,ordinary_market,True,0.7,5.0,PIT_warmup_or_low_confidence_reference_only,False,no_incumbent,False
H1_continuity_fix_only,2023-10-06,2023-10-11,,not_model_ready,applied_controller_switch_gate_failed,PIT_warmup_or_low_confidence,ordinary_market,True,0.7,5.0,PIT_warmup_or_low_confidence_reference_only,False,no_incumbent,False
H1_continuity_fix_only,2023-10-11,2023-10-12,,not_model_ready,invalid_or_weak_incumbent,PIT_warmup_or_low_confidence,ordinary_market,True,0.7,5.0,PIT_warmup_or_low_confidence_reference_only,False,no_incumbent,False
H1_continuity_fix_only,2023-10-12,2023-10-13,,not_model_ready,applied_controller_switch_gate_failed,PIT_warmup_or_low_confidence,ordinary_market,True,0.7,5.0,PIT_warmup_or_low_confidence_reference_only,False,no_incumbent,False
H1_continuity_fix_only,2023-10-13,2023-10-16,,not_model_ready,applied_controller_switch_gate_failed,PIT_warmup_or_low_confidence,ordinary_market,True,0.7,5.0,PIT_warmup_or_low_confidence_reference_only,False,no_incumbent,False
H1_continuity_fix_only,2023-10-16,2023-10-17,,not_model_ready,invalid_or_weak_incumbent,PIT_warmup_or_low_confidence,ordinary_market,True,0.7,5.0,PIT_warmup_or_low_confidence_reference_only,False,no_incumbent,False
H1_continuity_fix_only,2023-10-17,2023-10-18,,not_model_ready,applied_controller_switch_gate_failed,PIT_warmup_or_low_confidence,ordinary_market,True,0.7,5.0,PIT_warmup_or_low_confidence_reference_only,False,no_incumbent,False
H1_continuity_fix_only,2023-10-18,2023-10-19,,not_model_ready,applied_controller_switch_gate_failed,PIT_warmup_or_low_confidence,ordinary_market,True,0.7,5.0,PIT_warmup_or_low_confidence_reference_only,False,no_incumbent,False
H1_continuity_fix_only,2023-10-19,2023-10-20,,not_model_ready,applied_controller_switch_gate_failed,PIT_warmup_or_low_confidence,ordinary_market,True,0.7,5.0,PIT_warmup_or_low_confidence_reference_only,False,no_incumbent,False
H1_continuity_fix_only,2023-10-20,2023-10-23,,not_model_ready,applied_controller_switch_gate_failed,PIT_warmup_or_low_confidence,ordinary_market,True,0.7,5.0,PIT_warmup_or_low_confidence_reference_only,False,no_incumbent,False
H1_continuity_fix_only,2023-10-23,2023-10-24,,not_model_ready,invalid_or_weak_incumbent,PIT_warmup_or_low_confidence,ordinary_market,True,0.7,5.0,PIT_warmup_or_low_confidence_reference_only,False,no_incumbent,False
H1_continuity_fix_only,2023-10-24,2023-10-25,,not_model_ready,applied_controller_switch_gate_failed,PIT_warmup_or_low_confidence,ordinary_market,True,0.7,5.0,PIT_warmup_or_low_confidence_reference_only,False,no_incumbent,False
H1_continuity_fix_only,2023-10-25,2023-10-26,,not_model_ready,applied_controller_switch_gate_failed,PIT_warmup_or_low_confidence,ordinary_market,True,0.7,5.0,PIT_warmup_or_low_confidence_reference_only,False,no_incumbent,False
H1_continuity_fix_only,2023-10-26,2023-10-27,3548,hold_incumbent,valid_incumbent_no_better_challenger,ordinary_market,ordinary_market,False,0.7,5.0,valid_incumbent_no_better_challenger,False,no_incumbent,True
H1_continuity_fix_only,2023-10-27,2023-10-30,3548,hold_incumbent,valid_incumbent_no_better_challenger,ordinary_market,ordinary_market,False,0.7,5.0,valid_incumbent_no_better_challenger,True,valid_incumbent,True
H1_continuity_fix_only,2023-10-30,2023-10-31,3548,hold_incumbent,invalid_or_weak_incumbent,ordinary_market,ordinary_market,False,0.7,5.0,forced_label_rejected_incumbent_still_valid,True,outside_primary80_without_hard_invalid_evidence_continuity_allowed,True
H1_continuity_fix_only,2023-10-31,2023-11-01,4162,hold_incumbent,valid_incumbent_no_better_challenger,ordinary_market,ordinary_market,False,0.7,5.0,valid_incumbent_no_better_challenger,True,outside_primary80_without_hard_invalid_evidence_continuity_allowed,True
H1_continuity_fix_only,2023-11-01,2023-11-02,4162,hold_incumbent,valid_incumbent_no_better_challenger,ordinary_market,ordinary_market,False,0.7,5.0,valid_incumbent_no_better_challenger,True,valid_incumbent,True
H1_continuity_fix_only,2023-11-02,2023-11-03,4162,hold_incumbent,valid_incumbent_no_better_challenger,ordinary_market,ordinary_market,False,0.7,5.0,valid_incumbent_no_better_challenger,True,valid_incumbent,True
H1_continuity_fix_only,2023-11-03,2023-11-06,4162,hold_incumbent,applied_controller_switch_gate_failed,ordinary_market,ordinary_market,False,0.7,5.0,applied_controller_switch_gate_failed,True,valid_incumbent,True
H1_continuity_fix_only,2023-11-06,2023-11-07,4162,hold_incumbent,invalid_or_weak_incumbent,ordinary_market,ordinary_market,False,0.7,5.0,forced_label_rejected_incumbent_still_valid,True,outside_primary80_without_hard_invalid_evidence_continuity_allowed,True
H1_continuity_fix_only,2023-11-07,2023-11-08,3548,hold_incumbent,valid_incumbent_no_better_challenger,ordinary_market,ordinary_market,False,0.7,5.0,valid_incumbent_no_better_challenger,True,outside_primary80_without_hard_invalid_evidence_continuity_allowed,True
H1_continuity_fix_only,2023-11-08,2023-11-09,3548,hold_incumbent,applied_controller_switch_gate_failed,ordinary_market,ordinary_market,False,0.7,5.0,applied_controller_switch_gate_failed,True,valid_incumbent,True
H1_continuity_fix_only,2023-11-09,2023-11-10,3548,hold_incumbent,applied_controller_switch_gate_failed,ordinary_market,ordinary_market,False,0.7,5.0,applied_controller_switch_gate_failed,True,valid_incumbent,True
H1_continuity_fix_only,2023-11-10,2023-11-13,3548,hold_incumbent,applied_controller_switch_gate_failed,ordinary_market,ordinary_market,False,0.7,5.0,applied_controller_switch_gate_failed,True,valid_incumbent,True
H1_continuity_fix_only,2023-11-13,2023-11-14,3548,hold_incumbent,invalid_or_weak_incumbent,ordinary_market,ordinary_market,False,0.7,5.0,forced_label_rejected_incumbent_still_valid,True,outside_primary80_without_hard_invalid_evidence_continuity_allowed,True
H1_continuity_fix_only,2023-11-14,2023-11-15,2454,hold_incumbent,applied_controller_switch_gate_failed,ordinary_market,ordinary_market,False,0.7,5.0,applied_controller_switch_gate_failed,True,outside_primary80_without_hard_invalid_evidence_continuity_allowed,True
H1_continuity_fix_only,2023-11-15,2023-11-16,2454,hold_incumbent,applied_controller_switch_gate_failed,ordinary_market,ordinary_market,False,0.7,5.0,applied_controller_switch_gate_failed,True,valid_incumbent,True
H1_continuity_fix_only,2023-11-16,2023-11-17,2454,hold_incumbent,applied_controller_switch_gate_failed,ordinary_market,ordinary_market,False,0.7,5.0,applied_controller_switch_gate_failed,True,valid_incumbent,True
H1_continuity_fix_only,2023-11-17,2023-11-20,2454,hold_incumbent,applied_controller_switch_gate_failed,ordinary_market,ordinary_market,False,0.7,5.0,applied_controller_switch_gate_failed,True,valid_incumbent,True
H1_continuity_fix_only,2023-11-20,2023-11-21,2454,hold_incumbent,invalid_or_weak_incumbent,ordinary_market,ordinary_market,False,0.7,5.0,forced_label_rejected_incumbent_still_valid,True,outside_primary80_without_hard_invalid_evidence_continuity_allowed,True
H1_continuity_fix_only,2023-11-21,2023-11-22,3545,hold_incumbent,valid_incumbent_no_better_challenger,ordinary_market,ordinary_market,False,0.7,5.0,valid_incumbent_no_better_challenger,True,outside_primary80_without_hard_invalid_evidence_continuity_allowed,True
H1_continuity_fix_only,2023-11-22,2023-11-23,3545,hold_incumbent,valid_incumbent_no_better_challenger,ordinary_market,ordinary_market,False,0.7,5.0,valid_incumbent_no_better_challenger,True,valid_incumbent,True
H1_continuity_fix_only,2023-11-23,2023-11-24,3545,hold_incumbent,valid_incumbent_no_better_challenger,ordinary_market,ordinary_market,False,0.7,5.0,valid_incumbent_no_better_challenger,True,valid_incumbent,True
H1_continuity_fix_only,2023-11-24,2023-11-27,3545,hold_incumbent,valid_incumbent_no_better_challenger,ordinary_market,ordinary_market,False,0.7,5.0,valid_incumbent_no_better_challenger,True,valid_incumbent,True
H1_continuity_fix_only,2023-11-27,2023-11-28,3545,hold_incumbent,invalid_or_weak_incumbent,ordinary_market,ordinary_market,False,0.7,5.0,forced_label_rejected_incumbent_still_valid,True,outside_primary80_without_hard_invalid_evidence_continuity_allowed,True
H1_continuity_fix_only,2023-11-28,2023-11-29,3545,hold_incumbent,invalid_or_weak_incumbent,ordinary_market,ordinary_market,False,0.7,5.0,forced_label_rejected_incumbent_still_valid,True,outside_primary80_without_hard_invalid_evidence_continuity_allowed,True
H1_continuity_fix_only,2023-11-29,2023-11-30,3362,hold_incumbent,valid_incumbent_no_better_challenger,ordinary_market,ordinary_market,False,0.7,5.0,valid_incumbent_no_better_challenger,True,outside_primary80_without_hard_invalid_evidence_continuity_allowed,True
H1_continuity_fix_only,2023-11-30,2023-12-01,3362,hold_incumbent,applied_controller_switch_gate_failed,ordinary_market,ordinary_market,False,0.7,5.0,applied_controller_switch_gate_failed,True,valid_incumbent,True
H1_continuity_fix_only,2023-12-01,2023-12-04,3362,hold_incumbent,applied_controller_switch_gate_failed,ordinary_market,ordinary_market,False,0.7,5.0,applied_controller_switch_gate_failed,True,valid_incumbent,True
H1_continuity_fix_only,2023-12-04,2023-12-05,3362,hold_incumbent,valid_incumbent_no_better_challenger,ordinary_market,ordinary_market,False,0.7,5.0,valid_incumbent_no_better_challenger,True,valid_incumbent,True
H1_continuity_fix_only,2023-12-05,2023-12-06,3362,hold_incumbent,applied_controller_switch_gate_failed,strong_market,strong_market,False,0.63,6.0,applied_controller_switch_gate_failed,True,valid_incumbent,True
H1_continuity_fix_only,2023-12-06,2023-12-07,3362,hold_incumbent,applied_controller_switch_gate_failed,ordinary_market,ordinary_market,False,0.7,5.0,applied_controller_switch_gate_failed,True,valid_incumbent,True
H1_continuity_fix_only,2023-12-07,2023-12-08,3362,hold_incumbent,applied_controller_switch_gate_failed,ordinary_market,ordinary_market,False,0.7,5.0,applied_controller_switch_gate_failed,True,valid_incumbent,True
H1_continuity_fix_only,2023-12-08,2023-12-11,3362,hold_incumbent,applied_controller_switch_gate_failed,strong_market,strong_market,False,0.63,6.0,applied_controller_switch_gate_failed,True,valid_incumbent,True
H1_continuity_fix_only,2023-12-11,2023-12-12,3362,hold_incumbent,invalid_or_weak_incumbent,ordinary_market,ordinary_market,False,0.7,5.0,forced_label_rejected_incumbent_still_valid,True,outside_primary80_without_hard_invalid_evidence_continuity_allowed,True
H1_continuity_fix_only,2023-12-12,2023-12-13,2329,hold_incumbent,applied_controller_switch_gate_failed,ordinary_market,ordinary_market,False,0.7,5.0,applied_controller_switch_gate_failed,True,outside_primary80_without_hard_invalid_evidence_continuity_allowed,True
H1_continuity_fix_only,2023-12-13,2023-12-14,2329,hold_incumbent,applied_controller_switch_gate_failed,ordinary_market,ordinary_market,False,0.7,5.0,applied_controller_switch_gate_failed,True,valid_incumbent,True
H1_continuity_fix_only,2023-12-14,2023-12-15,2329,hold_incumbent,applied_controller_switch_gate_failed,ordinary_market,ordinary_market,False,0.7,5.0,applied_controller_switch_gate_failed,True,valid_incumbent,True
H1_continuity_fix_only,2023-12-15,2023-12-18,2329,hold_incumbent,applied_controller_switch_gate_failed,ordinary_market,ordinary_market,False,0.7,5.0,applied_controller_switch_gate_failed,True,valid_incumbent,True
H1_continuity_fix_only,2023-12-18,2023-12-19,2329,hold_incumbent,applied_controller_switch_gate_failed,ordinary_market,ordinary_market,False,0.7,5.0,applied_controller_switch_gate_failed,True,valid_incumbent,True
H1_continuity_fix_only,2023-12-19,2023-12-20,2329,hold_incumbent,applied_controller_switch_gate_failed,ordinary_market,ordinary_market,False,0.7,5.0,applied_controller_switch_gate_failed,True,valid_incumbent,True
H1_continuity_fix_only,2023-12-20,2023-12-21,2329,hold_incumbent,applied_controller_switch_gate_failed,ordinary_market,ordinary_market,False,0.7,5.0,applied_controller_switch_gate_failed,True,valid_incumbent,True
H1_continuity_fix_only,2023-12-21,2023-12-22,2329,hold_incumbent,applied_controller_switch_gate_failed,ordinary_market,ordinary_market,False,0.7,5.0,applied_controller_switch_gate_failed,True,valid_incumbent,True
H1_continuity_fix_only,2023-12-22,2023-12-25,2329,hold_incumbent,applied_controller_switch_gate_failed,ordinary_market,ordinary_market,False,0.7,5.0,applied_controller_switch_gate_failed,True,valid_incumbent,True
H1_continuity_fix_only,2023-12-25,2023-12-26,2329,hold_incumbent,applied_controller_switch_gate_failed,ordinary_market,ordinary_market,False,0.7,5.0,applied_controller_switch_gate_failed,True,valid_incumbent,True
H1_continuity_fix_only,2023-12-26,2023-12-27,2329,hold_incumbent,applied_controller_switch_gate_failed,ordinary_market,ordinary_market,False,0.7,5.0,applied_controller_switch_gate_failed,True,valid_incumbent,True
H1_continuity_fix_only,2023-12-27,2023-12-28,2329,hold_incumbent,applied_controller_switch_gate_failed,ordinary_market,ordinary_market,False,0.7,5.0,applied_controller_switch_gate_failed,True,valid_incumbent,True
H1_continuity_fix_only,2023-12-28,2023-12-29,2329,hold_incumbent,applied_controller_switch_gate_failed,ordinary_market,ordinary_market,False,0.7,5.0,applied_controller_switch_gate_failed,True,valid_incumbent,True
H1_continuity_fix_only,2023-12-29,2024-01-02,2329,hold_incumbent,applied_controller_switch_gate_failed,ordinary_market,ordinary_market,False,0.7,5.0,applied_controller_switch_gate_failed,True,valid_incumbent,True
H1_continuity_fix_only,2024-01-02,2024-01-03,2329,hold_incumbent,applied_controller_switch_gate_failed,ordinary_market,ordinary_market,False,0.7,5.0,applied_controller_switch_gate_failed,True,valid_incumbent,True
H1_continuity_fix_only,2024-01-03,2024-01-04,2329,hold_incumbent,applied_controller_switch_gate_failed,ordinary_market,ordinary_market,False,0.7,5.0,applied_controller_switch_gate_failed,True,valid_incumbent,True
H1_continuity_fix_only,2024-01-04,2024-01-05,3008,forced_replacement,invalid_or_weak_incumbent,ordinary_market,ordinary_market,False,0.7,5.0,forced_replacement_confirmed_weakening_valid_replacement_available,False,confirmed_weakening,True
H1_continuity_fix_only,2024-01-05,2024-01-08,3008,hold_incumbent,applied_controller_switch_gate_failed,ordinary_market,ordinary_market,False,0.7,5.0,applied_controller_switch_gate_failed,True,valid_incumbent,True
H1_continuity_fix_only,2024-01-08,2024-01-09,3008,hold_incumbent,applied_controller_switch_gate_failed,ordinary_market,ordinary_market,False,0.7,5.0,applied_controller_switch_gate_failed,True,valid_incumbent,True
H1_continuity_fix_only,2024-01-09,2024-01-10,3008,hold_incumbent,applied_controller_switch_gate_failed,ordinary_market,ordinary_market,False,0.7,5.0,applied_controller_switch_gate_failed,True,valid_incumbent,True
H1_continuity_fix_only,2024-01-10,2024-01-11,3008,hold_incumbent,applied_controller_switch_gate_failed,ordinary_market,ordinary_market,False,0.7,5.0,applied_controller_switch_gate_failed,True,valid_incumbent,True
H1_continuity_fix_only,2024-01-11,2024-01-12,2362,switch_to_challenger,applied_controller_margin_blocks_weakening,ordinary_market,ordinary_market,False,0.7,5.0,applied_controller_margin_blocks_weakening,True,valid_incumbent,True
H1_continuity_fix_only,2024-01-12,2024-01-15,2362,hold_incumbent,applied_controller_switch_gate_failed,ordinary_market,ordinary_market,False,0.7,5.0,applied_controller_switch_gate_failed,True,valid_incumbent,True
H1_continuity_fix_only,2024-01-15,2024-01-16,2362,hold_incumbent,invalid_or_weak_incumbent,ordinary_market,ordinary_market,False,0.7,5.0,forced_label_rejected_incumbent_still_valid,True,outside_primary80_without_hard_invalid_evidence_continuity_allowed,True
H1_continuity_fix_only,2024-01-16,2024-01-17,8227,hold_incumbent,valid_incumbent_no_better_challenger,ordinary_market,ordinary_market,False,0.7,5.0,valid_incumbent_no_better_challenger,True,outside_primary80_without_hard_invalid_evidence_continuity_allowed,True
H1_continuity_fix_only,2024-01-17,2024-01-18,8227,hold_incumbent,valid_incumbent_no_better_challenger,ordinary_market,ordinary_market,False,0.7,5.0,valid_incumbent_no_better_challenger,True,valid_incumbent,True
H1_continuity_fix_only,2024-01-18,2024-01-19,8227,hold_incumbent,applied_controller_switch_gate_failed,ordinary_market,ordinary_market,False,0.7,5.0,applied_controller_switch_gate_failed,True,valid_incumbent,True
H1_continuity_fix_only,2024-01-19,2024-01-22,8227,hold_incumbent,applied_controller_switch_gate_failed,ordinary_market,ordinary_market,False,0.7,5.0,applied_controller_switch_gate_failed,True,valid_incumbent,True
H1_continuity_fix_only,2024-01-22,2024-01-23,8227,hold_incumbent,invalid_or_weak_incumbent,strong_market,strong_market,False,0.63,6.0,forced_label_rejected_incumbent_still_valid,True,outside_primary80_without_hard_invalid_evidence_continuity_allowed,True
H1_continuity_fix_only,2024-01-23,2024-01-24,3036,hold_incumbent,valid_incumbent_no_better_challenger,ordinary_market,ordinary_market,False,0.7,5.0,valid_incumbent_no_better_challenger,True,outside_primary80_without_hard_invalid_evidence_continuity_allowed,True
H1_continuity_fix_only,2024-01-24,2024-01-25,3036,hold_incumbent,applied_controller_switch_gate_failed,ordinary_market,ordinary_market,False,0.7,5.0,applied_controller_switch_gate_failed,True,valid_incumbent,True
H1_continuity_fix_only,2024-01-25,2024-01-26,3036,hold_incumbent,applied_controller_switch_gate_failed,ordinary_market,ordinary_market,False,0.7,5.0,applied_controller_switch_gate_failed,True,valid_incumbent,True
H1_continuity_fix_only,2024-01-26,2024-01-29,3036,hold_incumbent,valid_incumbent_no_better_challenger,ordinary_market,ordinary_market,False,0.7,5.0,valid_incumbent_no_better_challenger,True,valid_incumbent,True
H1_continuity_fix_only,2024-01-29,2024-01-30,3036,hold_incumbent,applied_controller_switch_gate_failed,ordinary_market,ordinary_market,False,0.7,5.0,applied_controller_switch_gate_failed,True,valid_incumbent,True
H1_continuity_fix_only,2024-01-30,2024-01-31,3036,hold_incumbent,applied_controller_switch_gate_failed,ordinary_market,ordinary_market,False,0.7,5.0,applied_controller_switch_gate_failed,True,valid_incumbent,True
H1_continuity_fix_only,2024-01-31,2024-02-01,3036,hold_incumbent,applied_controller_switch_gate_failed,ordinary_market,ordinary_market,False,0.7,5.0,applied_controller_switch_gate_failed,True,valid_incumbent,True
H1_continuity_fix_only,2024-02-01,2024-02-02,3036,hold_incumbent,applied_controller_switch_gate_failed,strong_market,strong_market,False,0.63,6.0,applied_controller_switch_gate_failed,True,valid_incumbent,True
H1_continuity_fix_only,2024-02-02,2024-02-05,3036,hold_incumbent,valid_incumbent_no_better_challenger,ordinary_market,ordinary_market,False,0.7,5.0,valid_incumbent_no_better_challenger,True,valid_incumbent,True
H1_continuity_fix_only,2024-02-05,2024-02-15,3036,hold_incumbent,applied_controller_switch_gate_failed,ordinary_market,ordinary_market,False,0.7,5.0,applied_controller_switch_gate_failed,True,valid_incumbent,True
H1_continuity_fix_only,2024-02-15,2024-02-16,3036,hold_incumbent,applied_controller_switch_gate_failed,strong_market,strong_market,False,0.63,6.0,applied_controller_switch_gate_failed,True,valid_incumbent,True
H1_continuity_fix_only,2024-02-16,2024-02-19,3036,hold_incumbent,applied_controller_switch_gate_failed,ordinary_market,ordinary_market,False,0.7,5.0,applied_controller_switch_gate_failed,True,valid_incumbent,True
H1_continuity_fix_only,2024-02-19,2024-02-20,3036,hold_incumbent,invalid_or_weak_incumbent,ordinary_market,ordinary_market,False,0.7,5.0,forced_label_rejected_incumbent_still_valid,True,outside_primary80_without_hard_invalid_evidence_continuity_allowed,True
H1_continuity_fix_only,2024-02-20,2024-02-21,3324,hold_incumbent,valid_incumbent_no_better_challenger,ordinary_market,ordinary_market,False,0.7,5.0,valid_incumbent_no_better_challenger,True,outside_primary80_without_hard_invalid_evidence_continuity_allowed,True
H1_continuity_fix_only,2024-02-21,2024-02-22,3324,hold_incumbent,valid_incumbent_no_better_challenger,ordinary_market,ordinary_market,False,0.7,5.0,valid_incumbent_no_better_challenger,True,valid_incumbent,True
H1_continuity_fix_only,2024-02-22,2024-02-23,3324,hold_incumbent,applied_controller_switch_gate_failed,ordinary_market,ordinary_market,False,0.7,5.0,applied_controller_switch_gate_failed,True,valid_incumbent,True
H1_continuity_fix_only,2024-02-23,2024-02-26,3324,hold_incumbent,applied_controller_switch_gate_failed,ordinary_market,ordinary_market,False,0.7,5.0,applied_controller_switch_gate_failed,True,valid_incumbent,True
H1_continuity_fix_only,2024-02-26,2024-02-27,3324,hold_incumbent,applied_controller_switch_gate_failed,ordinary_market,ordinary_market,False,0.7,5.0,applied_controller_switch_gate_failed,True,valid_incumbent,True
H1_continuity_fix_only,2024-02-27,2024-02-29,3324,hold_incumbent,applied_controller_switch_gate_failed,ordinary_market,ordinary_market,False,0.7,5.0,applied_controller_switch_gate_failed,True,valid_incumbent,True
H1_continuity_fix_only,2024-02-29,2024-03-01,3324,hold_incumbent,applied_controller_switch_gate_failed,strong_market,strong_market,False,0.63,6.0,applied_controller_switch_gate_failed,True,valid_incumbent,True
H1_continuity_fix_only,2024-03-01,2024-03-04,3324,hold_incumbent,applied_controller_switch_gate_failed,ordinary_market,ordinary_market,False,0.7,5.0,applied_controller_switch_gate_failed,True,valid_incumbent,True
H1_continuity_fix_only,2024-03-04,2024-03-05,3324,hold_incumbent,applied_controller_switch_gate_failed,strong_market,strong_market,False,0.63,6.0,applied_controller_switch_gate_failed,True,valid_incumbent,True
H1_continuity_fix_only,2024-03-05,2024-03-06,3324,hold_incumbent,applied_controller_switch_gate_failed,ordinary_market,ordinary_market,False,0.7,5.0,applied_controller_switch_gate_failed,True,valid_incumbent,True
H1_continuity_fix_only,2024-03-06,2024-03-07,3324,hold_incumbent,applied_controller_switch_gate_failed,ordinary_market,ordinary_market,False,0.7,5.0,applied_controller_switch_gate_failed,True,valid_incumbent,True
H1_continuity_fix_only,2024-03-07,2024-03-08,3324,hold_incumbent,applied_controller_switch_gate_failed,ordinary_market,ordinary_market,False,0.7,5.0,applied_controller_switch_gate_failed,True,valid_incumbent,True
H1_continuity_fix_only,2024-03-08,2024-03-11,3324,hold_incumbent,applied_controller_switch_gate_failed,ordinary_market,ordinary_market,False,0.7,5.0,applied_controller_switch_gate_failed,True,valid_incumbent,True
H1_continuity_fix_only,2024-03-11,2024-03-12,3324,hold_incumbent,invalid_or_weak_incumbent,ordinary_market,ordinary_market,False,0.7,5.0,forced_label_rejected_incumbent_still_valid,True,outside_primary80_without_hard_invalid_evidence_continuity_allowed,True
H1_continuity_fix_only,2024-03-12,2024-03-13,2379,hold_incumbent,applied_controller_switch_gate_failed,ordinary_market,ordinary_market,False,0.7,5.0,applied_controller_switch_gate_failed,True,outside_primary80_without_hard_invalid_evidence_continuity_allowed,True
H1_continuity_fix_only,2024-03-13,2024-03-14,2379,hold_incumbent,applied_controller_switch_gate_failed,ordinary_market,ordinary_market,False,0.7,5.0,applied_controller_switch_gate_failed,True,valid_incumbent,True
H1_continuity_fix_only,2024-03-14,2024-03-15,2379,hold_incumbent,applied_controller_switch_gate_failed,ordinary_market,ordinary_market,False,0.7,5.0,applied_controller_switch_gate_failed,True,valid_incumbent,True
H1_continuity_fix_only,2024-03-15,2024-03-18,2379,hold_incumbent,valid_incumbent_no_better_challenger,ordinary_market,ordinary_market,False,0.7,5.0,valid_incumbent_no_better_challenger,True,valid_incumbent,True
H1_continuity_fix_only,2024-03-18,2024-03-19,2379,hold_incumbent,applied_controller_switch_gate_failed,ordinary_market,ordinary_market,False,0.7,5.0,applied_controller_switch_gate_failed,True,valid_incumbent,True
H1_continuity_fix_only,2024-03-19,2024-03-20,2379,hold_incumbent,applied_controller_switch_gate_failed,ordinary_market,ordinary_market,False,0.7,5.0,applied_controller_switch_gate_failed,True,valid_incumbent,True
H1_continuity_fix_only,2024-03-20,2024-03-21,2379,hold_incumbent,applied_controller_switch_gate_failed,ordinary_market,ordinary_market,False,0.7,5.0,applied_controller_switch_gate_failed,True,valid_incumbent,True
H1_continuity_fix_only,2024-03-21,2024-03-22,2379,hold_incumbent,applied_controller_switch_gate_failed,strong_market,strong_market,False,0.63,6.0,applied_controller_switch_gate_failed,True,valid_incumbent,True
H1_continuity_fix_only,2024-03-22,2024-03-25,2379,hold_incumbent,applied_controller_switch_gate_failed,ordinary_market,ordinary_market,False,0.7,5.0,applied_controller_switch_gate_failed,True,valid_incumbent,True
H1_continuity_fix_only,2024-03-25,2024-03-26,2379,hold_incumbent,applied_controller_switch_gate_failed,ordinary_market,ordinary_market,False,0.7,5.0,applied_controller_switch_gate_failed,True,valid_incumbent,True
H1_continuity_fix_only,2024-03-26,2024-03-27,2379,hold_incumbent,applied_controller_switch_gate_failed,ordinary_market,ordinary_market,False,0.7,5.0,applied_controller_switch_gate_failed,True,valid_incumbent,True
H1_continuity_fix_only,2024-03-27,2024-03-28,2379,hold_incumbent,applied_controller_switch_gate_failed,ordinary_market,ordinary_market,False,0.7,5.0,applied_controller_switch_gate_failed,True,valid_incumbent,True
H1_continuity_fix_only,2024-03-28,2024-03-29,2379,hold_incumbent,applied_controller_switch_gate_failed,ordinary_market,ordinary_market,False,0.7,5.0,applied_controller_switch_gate_failed,True,valid_incumbent,True
H1_continuity_fix_only,2024-03-29,2024-04-01,2379,hold_incumbent,applied_controller_switch_gate_failed,ordinary_market,ordinary_market,False,0.7,5.0,applied_controller_switch_gate_failed,True,valid_incumbent,True
H1_continuity_fix_only,2024-04-01,2024-04-02,2379,hold_incumbent,applied_controller_switch_gate_failed,ordinary_market,ordinary_market,False,0.7,5.0,applied_controller_switch_gate_failed,True,valid_incumbent,True
H1_continuity_fix_only,2024-04-02,2024-04-03,2379,hold_incumbent,applied_controller_switch_gate_failed,ordinary_market,ordinary_market,False,0.7,5.0,applied_controller_switch_gate_failed,True,valid_incumbent,True
H1_continuity_fix_only,2024-04-03,2024-04-08,2379,hold_incumbent,applied_controller_switch_gate_failed,ordinary_market,ordinary_market,False,0.7,5.0,applied_controller_switch_gate_failed,True,valid_incumbent,True
H1_continuity_fix_only,2024-04-08,2024-04-09,2379,hold_incumbent,applied_controller_switch_gate_failed,ordinary_market,ordinary_market,False,0.7,5.0,applied_controller_switch_gate_failed,True,valid_incumbent,True
H1_continuity_fix_only,2024-04-09,2024-04-10,2379,hold_incumbent,applied_controller_switch_gate_failed,ordinary_market,ordinary_market,False,0.7,5.0,applied_controller_switch_gate_failed,True,valid_incumbent,True
H1_continuity_fix_only,2024-04-10,2024-04-11,2379,hold_incumbent,applied_controller_switch_gate_failed,ordinary_market,ordinary_market,False,0.7,5.0,applied_controller_switch_gate_failed,True,valid_incumbent,True
H1_continuity_fix_only,2024-04-11,2024-04-12,2379,hold_incumbent,applied_controller_switch_gate_failed,ordinary_market,ordinary_market,False,0.7,5.0,applied_controller_switch_gate_failed,True,valid_incumbent,True
H1_continuity_fix_only,2024-04-12,2024-04-15,2379,hold_incumbent,applied_controller_switch_gate_failed,ordinary_market,ordinary_market,False,0.7,5.0,applied_controller_switch_gate_failed,True,valid_incumbent,True
H1_continuity_fix_only,2024-04-15,2024-04-16,2379,hold_incumbent,applied_controller_switch_gate_failed,ordinary_market,ordinary_market,False,0.7,5.0,applied_controller_switch_gate_failed,True,valid_incumbent,True
H1_continuity_fix_only,2024-04-16,2024-04-17,2379,hold_incumbent,applied_controller_switch_gate_failed,ordinary_market,ordinary_market,False,0.7,5.0,applied_controller_switch_gate_failed,True,valid_incumbent,True
H1_continuity_fix_only,2024-04-17,2024-04-18,2379,hold_incumbent,applied_controller_switch_gate_failed,ordinary_market,ordinary_market,False,0.7,5.0,applied_controller_switch_gate_failed,True,valid_incumbent,True
H1_continuity_fix_only,2024-04-18,2024-04-19,2379,hold_incumbent,applied_controller_switch_gate_failed,ordinary_market,ordinary_market,False,0.7,5.0,applied_controller_switch_gate_failed,True,valid_incumbent,True
H1_continuity_fix_only,2024-04-19,2024-04-22,2379,hold_incumbent,applied_controller_switch_gate_failed,weak_market,weak_market,False,0.77,4.0,applied_controller_switch_gate_failed,True,valid_incumbent,True
H1_continuity_fix_only,2024-04-22,2024-04-23,2515,switch_to_challenger,applied_controller_margin_blocks_weakening,weak_market,weak_market,False,0.77,4.0,applied_controller_margin_blocks_weakening,True,valid_incumbent,True
H1_continuity_fix_only,2024-04-23,2024-04-24,2515,hold_incumbent,valid_incumbent_no_better_challenger,weak_market,weak_market,False,0.77,4.0,valid_incumbent_no_better_challenger,True,valid_incumbent,True
H1_continuity_fix_only,2024-04-24,2024-04-25,2515,hold_incumbent,valid_incumbent_no_better_challenger,ordinary_market,ordinary_market,False,0.7,5.0,valid_incumbent_no_better_challenger,True,valid_incumbent,True
H1_continuity_fix_only,2024-04-25,2024-04-26,2515,hold_incumbent,applied_controller_switch_gate_failed,weak_market,weak_market,False,0.77,4.0,applied_controller_switch_gate_failed,True,valid_incumbent,True
H1_continuity_fix_only,2024-04-26,2024-04-29,2515,hold_incumbent,applied_controller_switch_gate_failed,ordinary_market,ordinary_market,False,0.7,5.0,applied_controller_switch_gate_failed,True,valid_incumbent,True
H1_continuity_fix_only,2024-04-29,2024-04-30,2515,hold_incumbent,applied_controller_switch_gate_failed,ordinary_market,ordinary_market,False,0.7,5.0,applied_controller_switch_gate_failed,True,valid_incumbent,True
H1_continuity_fix_only,2024-04-30,2024-05-02,2515,hold_incumbent,applied_controller_switch_gate_failed,ordinary_market,ordinary_market,False,0.7,5.0,applied_controller_switch_gate_failed,True,valid_incumbent,True
H1_continuity_fix_only,2024-05-02,2024-05-03,2515,hold_incumbent,applied_controller_switch_gate_failed,ordinary_market,ordinary_market,False,0.7,5.0,applied_controller_switch_gate_failed,True,valid_incumbent,True
H1_continuity_fix_only,2024-05-03,2024-05-06,2515,hold_incumbent,applied_controller_switch_gate_failed,ordinary_market,ordinary_market,False,0.7,5.0,applied_controller_switch_gate_failed,True,valid_incumbent,True
H1_continuity_fix_only,2024-05-06,2024-05-07,2515,hold_incumbent,invalid_or_weak_incumbent,ordinary_market,ordinary_market,False,0.7,5.0,forced_label_rejected_incumbent_still_valid,True,outside_primary80_without_hard_invalid_evidence_continuity_allowed,True
H1_continuity_fix_only,2024-05-07,2024-05-08,2618,hold_incumbent,applied_controller_switch_gate_failed,ordinary_market,ordinary_market,False,0.7,5.0,applied_controller_switch_gate_failed,True,outside_primary80_without_hard_invalid_evidence_continuity_allowed,True
H1_continuity_fix_only,2024-05-08,2024-05-09,2618,hold_incumbent,applied_controller_switch_gate_failed,ordinary_market,ordinary_market,False,0.7,5.0,applied_controller_switch_gate_failed,True,valid_incumbent,True
H1_continuity_fix_only,2024-05-09,2024-05-10,2618,hold_incumbent,applied_controller_switch_gate_failed,ordinary_market,ordinary_market,False,0.7,5.0,applied_controller_switch_gate_failed,True,valid_incumbent,True
H1_continuity_fix_only,2024-05-10,2024-05-13,2618,hold_incumbent,applied_controller_switch_gate_failed,ordinary_market,ordinary_market,False,0.7,5.0,applied_controller_switch_gate_failed,True,valid_incumbent,True
H1_continuity_fix_only,2024-05-13,2024-05-14,2618,hold_incumbent,applied_controller_switch_gate_failed,ordinary_market,ordinary_market,False,0.7,5.0,applied_controller_switch_gate_failed,True,valid_incumbent,True
H1_continuity_fix_only,2024-05-14,2024-05-15,2618,hold_incumbent,applied_controller_switch_gate_failed,ordinary_market,ordinary_market,False,0.7,5.0,applied_controller_switch_gate_failed,True,valid_incumbent,True
H1_continuity_fix_only,2024-05-15,2024-05-16,2618,hold_incumbent,applied_controller_switch_gate_failed,ordinary_market,ordinary_market,False,0.7,5.0,applied_controller_switch_gate_failed,True,valid_incumbent,True
H1_continuity_fix_only,2024-05-16,2024-05-17,2618,hold_incumbent,applied_controller_switch_gate_failed,strong_market,strong_market,False,0.63,6.0,applied_controller_switch_gate_failed,True,valid_incumbent,True
H1_continuity_fix_only,2024-05-17,2024-05-20,2618,hold_incumbent,applied_controller_switch_gate_failed,ordinary_market,ordinary_market,False,0.7,5.0,applied_controller_switch_gate_failed,True,valid_incumbent,True
H1_continuity_fix_only,2024-05-20,2024-05-21,2618,hold_incumbent,applied_controller_switch_gate_failed,ordinary_market,ordinary_market,False,0.7,5.0,applied_controller_switch_gate_failed,True,valid_incumbent,True
H1_continuity_fix_only,2024-05-21,2024-05-22,2618,hold_incumbent,applied_controller_switch_gate_failed,ordinary_market,ordinary_market,False,0.7,5.0,applied_controller_switch_gate_failed,True,valid_incumbent,True
H1_continuity_fix_only,2024-05-22,2024-05-23,2618,hold_incumbent,applied_controller_switch_gate_failed,strong_market,strong_market,False,0.63,6.0,applied_controller_switch_gate_failed,True,valid_incumbent,True
H1_continuity_fix_only,2024-05-23,2024-05-24,2618,hold_incumbent,applied_controller_switch_gate_failed,strong_market,strong_market,False,0.63,6.0,applied_controller_switch_gate_failed,True,valid_incumbent,True
H1_continuity_fix_only,2024-05-24,2024-05-27,2618,hold_incumbent,applied_controller_switch_gate_failed,ordinary_market,ordinary_market,False,0.7,5.0,applied_controller_switch_gate_failed,True,valid_incumbent,True
H1_continuity_fix_only,2024-05-27,2024-05-28,2618,hold_incumbent,applied_controller_switch_gate_failed,ordinary_market,ordinary_market,False,0.7,5.0,applied_controller_switch_gate_failed,True,valid_incumbent,True
H1_continuity_fix_only,2024-05-28,2024-05-29,2618,hold_incumbent,applied_controller_switch_gate_failed,strong_market,strong_market,False,0.63,6.0,applied_controller_switch_gate_failed,True,valid_incumbent,True
H1_continuity_fix_only,2024-05-29,2024-05-30,2618,hold_incumbent,applied_controller_switch_gate_failed,ordinary_market,ordinary_market,False,0.7,5.0,applied_controller_switch_gate_failed,True,valid_incumbent,True
H1_continuity_fix_only,2024-05-30,2024-05-31,2618,hold_incumbent,applied_controller_switch_gate_failed,ordinary_market,ordinary_market,False,0.7,5.0,applied_controller_switch_gate_failed,True,valid_incumbent,True
H1_continuity_fix_only,2024-05-31,2024-06-03,2618,hold_incumbent,applied_controller_switch_gate_failed,ordinary_market,ordinary_market,False,0.7,5.0,applied_controller_switch_gate_failed,True,valid_incumbent,True
H1_continuity_fix_only,2024-06-03,2024-06-04,2618,hold_incumbent,applied_controller_switch_gate_failed,ordinary_market,ordinary_market,False,0.7,5.0,applied_controller_switch_gate_failed,True,valid_incumbent,True
H1_continuity_fix_only,2024-06-04,2024-06-05,2618,hold_incumbent,applied_controller_switch_gate_failed,ordinary_market,ordinary_market,False,0.7,5.0,applied_controller_switch_gate_failed,True,valid_incumbent,True
H1_continuity_fix_only,2024-06-05,2024-06-06,2618,hold_incumbent,applied_controller_switch_gate_failed,ordinary_market,ordinary_market,False,0.7,5.0,applied_controller_switch_gate_failed,True,valid_incumbent,True
H1_continuity_fix_only,2024-06-06,2024-06-07,2618,hold_incumbent,applied_controller_switch_gate_failed,ordinary_market,ordinary_market,False,0.7,5.0,applied_controller_switch_gate_failed,True,valid_incumbent,True
H1_continuity_fix_only,2024-06-07,2024-06-11,2618,hold_incumbent,applied_controller_switch_gate_failed,ordinary_market,ordinary_market,False,0.7,5.0,applied_controller_switch_gate_failed,True,valid_incumbent,True
H1_continuity_fix_only,2024-06-11,2024-06-12,2618,hold_incumbent,applied_controller_switch_gate_failed,ordinary_market,ordinary_market,False,0.7,5.0,applied_controller_switch_gate_failed,True,valid_incumbent,True
H1_continuity_fix_only,2024-06-12,2024-06-13,3374,forced_replacement,invalid_or_weak_incumbent,ordinary_market,ordinary_market,False,0.7,5.0,forced_replacement_price_or_history_invalid_valid_replacement_available,False,price_or_history_invalid,True
H1_continuity_fix_only,2024-06-13,2024-06-14,3374,hold_incumbent,applied_controller_switch_gate_failed,strong_market,strong_market,False,0.63,6.0,applied_controller_switch_gate_failed,True,valid_incumbent,True
H1_continuity_fix_only,2024-06-14,2024-06-17,3374,hold_incumbent,applied_controller_switch_gate_failed,strong_market,strong_market,False,0.63,6.0,applied_controller_switch_gate_failed,True,valid_incumbent,True
H1_continuity_fix_only,2024-06-17,2024-06-18,3374,hold_incumbent,valid_incumbent_no_better_challenger,ordinary_market,ordinary_market,False,0.7,5.0,valid_incumbent_no_better_challenger,True,valid_incumbent,True
H1_continuity_fix_only,2024-06-18,2024-06-19,3374,hold_incumbent,applied_controller_switch_gate_failed,ordinary_market,ordinary_market,False,0.7,5.0,applied_controller_switch_gate_failed,True,valid_incumbent,True
H1_continuity_fix_only,2024-06-19,2024-06-20,3374,hold_incumbent,applied_controller_switch_gate_failed,ordinary_market,ordinary_market,False,0.7,5.0,applied_controller_switch_gate_failed,True,valid_incumbent,True
H1_continuity_fix_only,2024-06-20,2024-06-21,3374,hold_incumbent,applied_controller_switch_gate_failed,ordinary_market,ordinary_market,False,0.7,5.0,applied_controller_switch_gate_failed,True,valid_incumbent,True
H1_continuity_fix_only,2024-06-21,2024-06-24,3374,hold_incumbent,applied_controller_switch_gate_failed,ordinary_market,ordinary_market,False,0.7,5.0,applied_controller_switch_gate_failed,True,valid_incumbent,True
H1_continuity_fix_only,2024-06-24,2024-06-25,3374,hold_incumbent,invalid_or_weak_incumbent,ordinary_market,ordinary_market,False,0.7,5.0,forced_label_rejected_incumbent_still_valid,True,outside_primary80_without_hard_invalid_evidence_continuity_allowed,True
H1_continuity_fix_only,2024-06-25,2024-06-26,1785,hold_incumbent,valid_incumbent_no_better_challenger,ordinary_market,ordinary_market,False,0.7,5.0,valid_incumbent_no_better_challenger,True,outside_primary80_without_hard_invalid_evidence_continuity_allowed,True
H1_continuity_fix_only,2024-06-26,2024-06-27,1785,hold_incumbent,valid_incumbent_no_better_challenger,ordinary_market,ordinary_market,False,0.7,5.0,valid_incumbent_no_better_challenger,True,valid_incumbent,True
H1_continuity_fix_only,2024-06-27,2024-06-28,1785,hold_incumbent,applied_controller_switch_gate_failed,ordinary_market,ordinary_market,False,0.7,5.0,applied_controller_switch_gate_failed,True,valid_incumbent,True
H1_continuity_fix_only,2024-06-28,2024-07-01,1785,hold_incumbent,applied_controller_switch_gate_failed,ordinary_market,ordinary_market,False,0.7,5.0,applied_controller_switch_gate_failed,True,valid_incumbent,True
H1_continuity_fix_only,2024-07-01,2024-07-02,1785,hold_incumbent,applied_controller_switch_gate_failed,ordinary_market,ordinary_market,False,0.7,5.0,applied_controller_switch_gate_failed,True,valid_incumbent,True
H1_continuity_fix_only,2024-07-02,2024-07-03,1785,hold_incumbent,applied_controller_switch_gate_failed,ordinary_market,ordinary_market,False,0.7,5.0,applied_controller_switch_gate_failed,True,valid_incumbent,True
H1_continuity_fix_only,2024-07-03,2024-07-04,1785,hold_incumbent,applied_controller_switch_gate_failed,ordinary_market,ordinary_market,False,0.7,5.0,applied_controller_switch_gate_failed,True,valid_incumbent,True
H1_continuity_fix_only,2024-07-04,2024-07-05,1785,hold_incumbent,applied_controller_switch_gate_failed,ordinary_market,ordinary_market,False,0.7,5.0,applied_controller_switch_gate_failed,True,valid_incumbent,True
H1_continuity_fix_only,2024-07-05,2024-07-08,1785,hold_incumbent,valid_incumbent_no_better_challenger,ordinary_market,ordinary_market,False,0.7,5.0,valid_incumbent_no_better_challenger,True,valid_incumbent,True
H1_continuity_fix_only,2024-07-08,2024-07-09,1785,hold_incumbent,applied_controller_switch_gate_failed,strong_market,strong_market,False,0.63,6.0,applied_controller_switch_gate_failed,True,valid_incumbent,True
H1_continuity_fix_only,2024-07-09,2024-07-10,1785,hold_incumbent,applied_controller_switch_gate_failed,ordinary_market,ordinary_market,False,0.7,5.0,applied_controller_switch_gate_failed,True,valid_incumbent,True
H1_continuity_fix_only,2024-07-10,2024-07-11,1785,hold_incumbent,applied_controller_switch_gate_failed,ordinary_market,ordinary_market,False,0.7,5.0,applied_controller_switch_gate_failed,True,valid_incumbent,True
H1_continuity_fix_only,2024-07-11,2024-07-12,1785,hold_incumbent,applied_controller_switch_gate_failed,ordinary_market,ordinary_market,False,0.7,5.0,applied_controller_switch_gate_failed,True,valid_incumbent,True
H1_continuity_fix_only,2024-07-12,2024-07-15,1785,hold_incumbent,applied_controller_switch_gate_failed,ordinary_market,ordinary_market,False,0.7,5.0,applied_controller_switch_gate_failed,True,valid_incumbent,True
H1_continuity_fix_only,2024-07-15,2024-07-16,1785,hold_incumbent,invalid_or_weak_incumbent,ordinary_market,ordinary_market,False,0.7,5.0,forced_label_rejected_incumbent_still_valid,True,outside_primary80_without_hard_invalid_evidence_continuity_allowed,True
H1_continuity_fix_only,2024-07-16,2024-07-17,2308,hold_incumbent,applied_controller_switch_gate_failed,ordinary_market,ordinary_market,False,0.7,5.0,applied_controller_switch_gate_failed,True,outside_primary80_without_hard_invalid_evidence_continuity_allowed,True
H1_continuity_fix_only,2024-07-17,2024-07-18,2308,hold_incumbent,applied_controller_switch_gate_failed,ordinary_market,ordinary_market,False,0.7,5.0,applied_controller_switch_gate_failed,True,valid_incumbent,True
H1_continuity_fix_only,2024-07-18,2024-07-19,2308,hold_incumbent,applied_controller_switch_gate_failed,ordinary_market,ordinary_market,False,0.7,5.0,applied_controller_switch_gate_failed,True,valid_incumbent,True
H1_continuity_fix_only,2024-07-19,2024-07-22,2308,hold_incumbent,applied_controller_switch_gate_failed,ordinary_market,ordinary_market,False,0.7,5.0,applied_controller_switch_gate_failed,True,valid_incumbent,True
H1_continuity_fix_only,2024-07-22,2024-07-23,2308,hold_incumbent,applied_controller_switch_gate_failed,ordinary_market,ordinary_market,False,0.7,5.0,applied_controller_switch_gate_failed,True,valid_incumbent,True
H1_continuity_fix_only,2024-07-23,2024-07-26,2308,hold_incumbent,applied_controller_switch_gate_failed,ordinary_market,ordinary_market,False,0.7,5.0,applied_controller_switch_gate_failed,True,valid_incumbent,True
H1_continuity_fix_only,2024-07-26,2024-07-29,2308,hold_incumbent,applied_controller_switch_gate_failed,ordinary_market,ordinary_market,False,0.7,5.0,applied_controller_switch_gate_failed,True,valid_incumbent,True
H1_continuity_fix_only,2024-07-29,2024-07-30,2308,hold_incumbent,applied_controller_switch_gate_failed,ordinary_market,ordinary_market,False,0.7,5.0,applied_controller_switch_gate_failed,True,valid_incumbent,True
H1_continuity_fix_only,2024-07-30,2024-07-31,2308,hold_incumbent,applied_controller_switch_gate_failed,weak_market,weak_market,False,0.77,4.0,applied_controller_switch_gate_failed,True,valid_incumbent,True
H1_continuity_fix_only,2024-07-31,2024-08-01,2308,hold_incumbent,applied_controller_switch_gate_failed,weak_market,weak_market,False,0.77,4.0,applied_controller_switch_gate_failed,True,valid_incumbent,True
H1_continuity_fix_only,2024-08-01,2024-08-02,2308,hold_incumbent,applied_controller_switch_gate_failed,ordinary_market,ordinary_market,False,0.7,5.0,applied_controller_switch_gate_failed,True,valid_incumbent,True
H1_continuity_fix_only,2024-08-02,2024-08-05,2881,switch_to_challenger,applied_controller_margin_blocks_weakening,weak_market,weak_market,False,0.77,4.0,applied_controller_margin_blocks_weakening,True,valid_incumbent,True
H1_continuity_fix_only,2024-08-05,2024-08-06,2881,hold_incumbent,applied_controller_switch_gate_failed,ordinary_market,ordinary_market,False,0.7,5.0,applied_controller_switch_gate_failed,True,valid_incumbent,True
H1_continuity_fix_only,2024-08-06,2024-08-07,2881,hold_incumbent,valid_incumbent_no_better_challenger,ordinary_market,ordinary_market,False,0.7,5.0,valid_incumbent_no_better_challenger,True,valid_incumbent,True
H1_continuity_fix_only,2024-08-07,2024-08-08,2881,hold_incumbent,applied_controller_switch_gate_failed,weak_market,weak_market,False,0.77,4.0,applied_controller_switch_gate_failed,True,valid_incumbent,True
H1_continuity_fix_only,2024-08-08,2024-08-09,2881,hold_incumbent,valid_incumbent_no_better_challenger,weak_market,weak_market,False,0.77,4.0,valid_incumbent_no_better_challenger,True,valid_incumbent,True
H1_continuity_fix_only,2024-08-09,2024-08-12,2881,hold_incumbent,applied_controller_switch_gate_failed,ordinary_market,ordinary_market,False,0.7,5.0,applied_controller_switch_gate_failed,True,valid_incumbent,True
H1_continuity_fix_only,2024-08-12,2024-08-13,2881,hold_incumbent,invalid_or_weak_incumbent,ordinary_market,ordinary_market,False,0.7,5.0,forced_label_rejected_incumbent_still_valid,True,outside_primary80_without_hard_invalid_evidence_continuity_allowed,True
H1_continuity_fix_only,2024-08-13,2024-08-14,2615,hold_incumbent,applied_controller_switch_gate_failed,weak_market,weak_market,False,0.77,4.0,applied_controller_switch_gate_failed,True,outside_primary80_without_hard_invalid_evidence_continuity_allowed,True
H1_continuity_fix_only,2024-08-14,2024-08-15,3013,switch_to_challenger,applied_controller_margin_blocks_weakening,ordinary_market,ordinary_market,False,0.7,5.0,applied_controller_margin_blocks_weakening,True,valid_incumbent,True
H1_continuity_fix_only,2024-08-15,2024-08-16,3013,hold_incumbent,applied_controller_switch_gate_failed,ordinary_market,ordinary_market,False,0.7,5.0,applied_controller_switch_gate_failed,True,valid_incumbent,True
H1_continuity_fix_only,2024-08-16,2024-08-19,3013,hold_incumbent,applied_controller_switch_gate_failed,ordinary_market,ordinary_market,False,0.7,5.0,applied_controller_switch_gate_failed,True,valid_incumbent,True
H1_continuity_fix_only,2024-08-19,2024-08-20,3013,hold_incumbent,applied_controller_switch_gate_failed,ordinary_market,ordinary_market,False,0.7,5.0,applied_controller_switch_gate_failed,True,valid_incumbent,True
H1_continuity_fix_only,2024-08-20,2024-08-21,3013,hold_incumbent,applied_controller_switch_gate_failed,ordinary_market,ordinary_market,False,0.7,5.0,applied_controller_switch_gate_failed,True,valid_incumbent,True
H1_continuity_fix_only,2024-08-21,2024-08-22,3013,hold_incumbent,applied_controller_switch_gate_failed,ordinary_market,ordinary_market,False,0.7,5.0,applied_controller_switch_gate_failed,True,valid_incumbent,True
H1_continuity_fix_only,2024-08-22,2024-08-23,5443,forced_replacement,invalid_or_weak_incumbent,weak_market,weak_market,False,0.77,4.0,forced_replacement_price_or_history_invalid_valid_replacement_available,False,price_or_history_invalid,True
H1_continuity_fix_only,2024-08-23,2024-08-26,5443,hold_incumbent,applied_controller_switch_gate_failed,ordinary_market,ordinary_market,False,0.7,5.0,applied_controller_switch_gate_failed,True,valid_incumbent,True
H1_continuity_fix_only,2024-08-26,2024-08-27,5443,hold_incumbent,applied_controller_switch_gate_failed,ordinary_market,ordinary_market,False,0.7,5.0,applied_controller_switch_gate_failed,True,valid_incumbent,True
H1_continuity_fix_only,2024-08-27,2024-08-28,5443,hold_incumbent,valid_incumbent_no_better_challenger,ordinary_market,ordinary_market,False,0.7,5.0,valid_incumbent_no_better_challenger,True,valid_incumbent,True
H1_continuity_fix_only,2024-08-28,2024-08-29,5443,hold_incumbent,applied_controller_switch_gate_failed,ordinary_market,ordinary_market,False,0.7,5.0,applied_controller_switch_gate_failed,True,valid_incumbent,True
H1_continuity_fix_only,2024-08-29,2024-08-30,5443,hold_incumbent,applied_controller_switch_gate_failed,ordinary_market,ordinary_market,False,0.7,5.0,applied_controller_switch_gate_failed,True,valid_incumbent,True
H1_continuity_fix_only,2024-08-30,2024-09-02,5443,hold_incumbent,applied_controller_switch_gate_failed,ordinary_market,ordinary_market,False,0.7,5.0,applied_controller_switch_gate_failed,True,valid_incumbent,True
H1_continuity_fix_only,2024-09-02,2024-09-03,5443,hold_incumbent,invalid_or_weak_incumbent,ordinary_market,ordinary_market,False,0.7,5.0,forced_label_rejected_incumbent_still_valid,True,outside_primary80_without_hard_invalid_evidence_continuity_allowed,True
H1_continuity_fix_only,2024-09-03,2024-09-04,3008,hold_incumbent,applied_controller_switch_gate_failed,ordinary_market,ordinary_market,False,0.7,5.0,applied_controller_switch_gate_failed,True,outside_primary80_without_hard_invalid_evidence_continuity_allowed,True
H1_continuity_fix_only,2024-09-04,2024-09-05,3008,hold_incumbent,applied_controller_switch_gate_failed,ordinary_market,ordinary_market,False,0.7,5.0,applied_controller_switch_gate_failed,True,valid_incumbent,True
H1_continuity_fix_only,2024-09-05,2024-09-06,3008,hold_incumbent,applied_controller_switch_gate_failed,ordinary_market,ordinary_market,False,0.7,5.0,applied_controller_switch_gate_failed,True,valid_incumbent,True
H1_continuity_fix_only,2024-09-06,2024-09-09,3008,hold_incumbent,applied_controller_switch_gate_failed,ordinary_market,ordinary_market,False,0.7,5.0,applied_controller_switch_gate_failed,True,valid_incumbent,True
H1_continuity_fix_only,2024-09-09,2024-09-10,3008,hold_incumbent,invalid_or_weak_incumbent,ordinary_market,ordinary_market,False,0.7,5.0,forced_label_rejected_incumbent_still_valid,True,outside_primary80_without_hard_invalid_evidence_continuity_allowed,True
H1_continuity_fix_only,2024-09-10,2024-09-11,4763,hold_incumbent,applied_controller_switch_gate_failed,weak_market,weak_market,False,0.77,4.0,applied_controller_switch_gate_failed,True,outside_primary80_without_hard_invalid_evidence_continuity_allowed,True
H1_continuity_fix_only,2024-09-11,2024-09-12,4763,hold_incumbent,applied_controller_switch_gate_failed,ordinary_market,ordinary_market,False,0.7,5.0,applied_controller_switch_gate_failed,True,valid_incumbent,True
H1_continuity_fix_only,2024-09-12,2024-09-13,4763,hold_incumbent,applied_controller_switch_gate_failed,ordinary_market,ordinary_market,False,0.7,5.0,applied_controller_switch_gate_failed,True,valid_incumbent,True
H1_continuity_fix_only,2024-09-13,2024-09-16,4763,hold_incumbent,applied_controller_switch_gate_failed,weak_market,weak_market,False,0.77,4.0,applied_controller_switch_gate_failed,True,valid_incumbent,True
H1_continuity_fix_only,2024-09-16,2024-09-18,4763,hold_incumbent,applied_controller_switch_gate_failed,ordinary_market,ordinary_market,False,0.7,5.0,applied_controller_switch_gate_failed,True,valid_incumbent,True
H1_continuity_fix_only,2024-09-18,2024-09-19,4763,hold_incumbent,applied_controller_switch_gate_failed,ordinary_market,ordinary_market,False,0.7,5.0,applied_controller_switch_gate_failed,True,valid_incumbent,True
H1_continuity_fix_only,2024-09-19,2024-09-20,4763,hold_incumbent,applied_controller_switch_gate_failed,ordinary_market,ordinary_market,False,0.7,5.0,applied_controller_switch_gate_failed,True,valid_incumbent,True
H1_continuity_fix_only,2024-09-20,2024-09-23,4763,hold_incumbent,applied_controller_switch_gate_failed,ordinary_market,ordinary_market,False,0.7,5.0,applied_controller_switch_gate_failed,True,valid_incumbent,True
H1_continuity_fix_only,2024-09-23,2024-09-24,4763,hold_incumbent,applied_controller_switch_gate_failed,ordinary_market,ordinary_market,False,0.7,5.0,applied_controller_switch_gate_failed,True,valid_incumbent,True
H1_continuity_fix_only,2024-09-24,2024-09-25,4763,hold_incumbent,applied_controller_switch_gate_failed,ordinary_market,ordinary_market,False,0.7,5.0,applied_controller_switch_gate_failed,True,valid_incumbent,True
H1_continuity_fix_only,2024-09-25,2024-09-26,4763,hold_incumbent,applied_controller_switch_gate_failed,ordinary_market,ordinary_market,False,0.7,5.0,applied_controller_switch_gate_failed,True,valid_incumbent,True
H1_continuity_fix_only,2024-09-26,2024-09-27,4763,hold_incumbent,applied_controller_switch_gate_failed,ordinary_market,ordinary_market,False,0.7,5.0,applied_controller_switch_gate_failed,True,valid_incumbent,True
H1_continuity_fix_only,2024-09-27,2024-09-30,4763,hold_incumbent,applied_controller_switch_gate_failed,ordinary_market,ordinary_market,False,0.7,5.0,applied_controller_switch_gate_failed,True,valid_incumbent,True
H1_continuity_fix_only,2024-09-30,2024-10-01,4763,hold_incumbent,applied_controller_switch_gate_failed,ordinary_market,ordinary_market,False,0.7,5.0,applied_controller_switch_gate_failed,True,valid_incumbent,True
H1_continuity_fix_only,2024-10-01,2024-10-04,4763,hold_incumbent,applied_controller_switch_gate_failed,ordinary_market,ordinary_market,False,0.7,5.0,applied_controller_switch_gate_failed,True,valid_incumbent,True
H1_continuity_fix_only,2024-10-04,2024-10-07,4763,hold_incumbent,applied_controller_switch_gate_failed,ordinary_market,ordinary_market,False,0.7,5.0,applied_controller_switch_gate_failed,True,valid_incumbent,True
H1_continuity_fix_only,2024-10-07,2024-10-08,4763,hold_incumbent,applied_controller_switch_gate_failed,ordinary_market,ordinary_market,False,0.7,5.0,applied_controller_switch_gate_failed,True,valid_incumbent,True
H1_continuity_fix_only,2024-10-08,2024-10-09,4763,hold_incumbent,applied_controller_switch_gate_failed,ordinary_market,ordinary_market,False,0.7,5.0,applied_controller_switch_gate_failed,True,valid_incumbent,True
H1_continuity_fix_only,2024-10-09,2024-10-11,4763,hold_incumbent,applied_controller_switch_gate_failed,ordinary_market,ordinary_market,False,0.7,5.0,applied_controller_switch_gate_failed,True,valid_incumbent,True
H1_continuity_fix_only,2024-10-11,2024-10-14,4763,hold_incumbent,applied_controller_switch_gate_failed,ordinary_market,ordinary_market,False,0.7,5.0,applied_controller_switch_gate_failed,True,valid_incumbent,True
H1_continuity_fix_only,2024-10-14,2024-10-15,4763,hold_incumbent,invalid_or_weak_incumbent,ordinary_market,ordinary_market,False,0.7,5.0,forced_label_rejected_incumbent_still_valid,True,outside_primary80_without_hard_invalid_evidence_continuity_allowed,True
H1_continuity_fix_only,2024-10-15,2024-10-16,3583,hold_incumbent,applied_controller_switch_gate_failed,ordinary_market,ordinary_market,False,0.7,5.0,applied_controller_switch_gate_failed,True,outside_primary80_without_hard_invalid_evidence_continuity_allowed,True
H1_continuity_fix_only,2024-10-16,2024-10-17,3583,hold_incumbent,applied_controller_switch_gate_failed,ordinary_market,ordinary_market,False,0.7,5.0,applied_controller_switch_gate_failed,True,valid_incumbent,True
H1_continuity_fix_only,2024-10-17,2024-10-18,3583,hold_incumbent,applied_controller_switch_gate_failed,ordinary_market,ordinary_market,False,0.7,5.0,applied_controller_switch_gate_failed,True,valid_incumbent,True
H1_continuity_fix_only,2024-10-18,2024-10-21,3583,hold_incumbent,applied_controller_switch_gate_failed,ordinary_market,ordinary_market,False,0.7,5.0,applied_controller_switch_gate_failed,True,valid_incumbent,True
H1_continuity_fix_only,2024-10-21,2024-10-22,3583,hold_incumbent,invalid_or_weak_incumbent,ordinary_market,ordinary_market,False,0.7,5.0,forced_label_rejected_incumbent_still_valid,True,outside_primary80_without_hard_invalid_evidence_continuity_allowed,True
H1_continuity_fix_only,2024-10-22,2024-10-23,3013,hold_incumbent,valid_incumbent_no_better_challenger,ordinary_market,ordinary_market,False,0.7,5.0,valid_incumbent_no_better_challenger,True,outside_primary80_without_hard_invalid_evidence_continuity_allowed,True
H1_continuity_fix_only,2024-10-23,2024-10-24,3013,hold_incumbent,valid_incumbent_no_better_challenger,ordinary_market,ordinary_market,False,0.7,5.0,valid_incumbent_no_better_challenger,True,valid_incumbent,True
H1_continuity_fix_only,2024-10-24,2024-10-25,3013,hold_incumbent,valid_incumbent_no_better_challenger,ordinary_market,ordinary_market,False,0.7,5.0,valid_incumbent_no_better_challenger,True,valid_incumbent,True
H1_continuity_fix_only,2024-10-25,2024-10-28,3013,hold_incumbent,valid_incumbent_no_better_challenger,ordinary_market,ordinary_market,False,0.7,5.0,valid_incumbent_no_better_challenger,True,valid_incumbent,True
H1_continuity_fix_only,2024-10-28,2024-10-29,3013,hold_incumbent,valid_incumbent_no_better_challenger,ordinary_market,ordinary_market,False,0.7,5.0,valid_incumbent_no_better_challenger,True,valid_incumbent,True
H1_continuity_fix_only,2024-10-29,2024-10-30,3013,hold_incumbent,applied_controller_switch_gate_failed,ordinary_market,ordinary_market,False,0.7,5.0,applied_controller_switch_gate_failed,True,valid_incumbent,True
H1_continuity_fix_only,2024-10-30,2024-11-01,3013,hold_incumbent,valid_incumbent_no_better_challenger,ordinary_market,ordinary_market,False,0.7,5.0,valid_incumbent_no_better_challenger,True,valid_incumbent,True
H1_continuity_fix_only,2024-11-01,2024-11-04,3013,hold_incumbent,applied_controller_switch_gate_failed,ordinary_market,ordinary_market,False,0.7,5.0,applied_controller_switch_gate_failed,True,valid_incumbent,True
H1_continuity_fix_only,2024-11-04,2024-11-05,3013,hold_incumbent,invalid_or_weak_incumbent,ordinary_market,ordinary_market,False,0.7,5.0,forced_label_rejected_incumbent_still_valid,True,outside_primary80_without_hard_invalid_evidence_continuity_allowed,True
H1_continuity_fix_only,2024-11-05,2024-11-06,3231,hold_incumbent,valid_incumbent_no_better_challenger,ordinary_market,ordinary_market,False,0.7,5.0,valid_incumbent_no_better_challenger,True,outside_primary80_without_hard_invalid_evidence_continuity_allowed,True
H1_continuity_fix_only,2024-11-06,2024-11-07,3231,hold_incumbent,valid_incumbent_no_better_challenger,ordinary_market,ordinary_market,False,0.7,5.0,valid_incumbent_no_better_challenger,True,valid_incumbent,True
H1_continuity_fix_only,2024-11-07,2024-11-08,3231,hold_incumbent,applied_controller_switch_gate_failed,ordinary_market,ordinary_market,False,0.7,5.0,applied_controller_switch_gate_failed,True,valid_incumbent,True
H1_continuity_fix_only,2024-11-08,2024-11-11,3231,hold_incumbent,applied_controller_switch_gate_failed,ordinary_market,ordinary_market,False,0.7,5.0,applied_controller_switch_gate_failed,True,valid_incumbent,True
H1_continuity_fix_only,2024-11-11,2024-11-12,3231,hold_incumbent,applied_controller_switch_gate_failed,ordinary_market,ordinary_market,False,0.7,5.0,applied_controller_switch_gate_failed,True,valid_incumbent,True
H1_continuity_fix_only,2024-11-12,2024-11-13,3231,hold_incumbent,applied_controller_switch_gate_failed,ordinary_market,ordinary_market,False,0.7,5.0,applied_controller_switch_gate_failed,True,valid_incumbent,True
H1_continuity_fix_only,2024-11-13,2024-11-14,3231,hold_incumbent,applied_controller_switch_gate_failed,ordinary_market,ordinary_market,False,0.7,5.0,applied_controller_switch_gate_failed,True,valid_incumbent,True
H1_continuity_fix_only,2024-11-14,2024-11-15,3231,hold_incumbent,applied_controller_switch_gate_failed,ordinary_market,ordinary_market,False,0.7,5.0,applied_controller_switch_gate_failed,True,valid_incumbent,True
H1_continuity_fix_only,2024-11-15,2024-11-18,3231,hold_incumbent,applied_controller_switch_gate_failed,ordinary_market,ordinary_market,False,0.7,5.0,applied_controller_switch_gate_failed,True,valid_incumbent,True
H1_continuity_fix_only,2024-11-18,2024-11-19,3231,hold_incumbent,applied_controller_switch_gate_failed,ordinary_market,ordinary_market,False,0.7,5.0,applied_controller_switch_gate_failed,True,valid_incumbent,True
H1_continuity_fix_only,2024-11-19,2024-11-20,3231,hold_incumbent,applied_controller_switch_gate_failed,ordinary_market,ordinary_market,False,0.7,5.0,applied_controller_switch_gate_failed,True,valid_incumbent,True
H1_continuity_fix_only,2024-11-20,2024-11-21,3231,hold_incumbent,applied_controller_switch_gate_failed,ordinary_market,ordinary_market,False,0.7,5.0,applied_controller_switch_gate_failed,True,valid_incumbent,True
H1_continuity_fix_only,2024-11-21,2024-11-22,3231,hold_incumbent,applied_controller_switch_gate_failed,ordinary_market,ordinary_market,False,0.7,5.0,applied_controller_switch_gate_failed,True,valid_incumbent,True
H1_continuity_fix_only,2024-11-22,2024-11-25,3231,hold_incumbent,applied_controller_switch_gate_failed,ordinary_market,ordinary_market,False,0.7,5.0,applied_controller_switch_gate_failed,True,valid_incumbent,True
H1_continuity_fix_only,2024-11-25,2024-11-26,3231,hold_incumbent,applied_controller_switch_gate_failed,strong_market,strong_market,False,0.63,6.0,applied_controller_switch_gate_failed,True,valid_incumbent,True
H1_continuity_fix_only,2024-11-26,2024-11-27,3231,hold_incumbent,applied_controller_switch_gate_failed,ordinary_market,ordinary_market,False,0.7,5.0,applied_controller_switch_gate_failed,True,valid_incumbent,True
H1_continuity_fix_only,2024-11-27,2024-11-28,3231,hold_incumbent,applied_controller_switch_gate_failed,ordinary_market,ordinary_market,False,0.7,5.0,applied_controller_switch_gate_failed,True,valid_incumbent,True
H1_continuity_fix_only,2024-11-28,2024-11-29,3231,hold_incumbent,applied_controller_switch_gate_failed,ordinary_market,ordinary_market,False,0.7,5.0,applied_controller_switch_gate_failed,True,valid_incumbent,True
H1_continuity_fix_only,2024-11-29,2024-12-02,3231,hold_incumbent,applied_controller_switch_gate_failed,ordinary_market,ordinary_market,False,0.7,5.0,applied_controller_switch_gate_failed,True,valid_incumbent,True
H1_continuity_fix_only,2024-12-02,2024-12-03,3231,hold_incumbent,applied_controller_switch_gate_failed,ordinary_market,ordinary_market,False,0.7,5.0,applied_controller_switch_gate_failed,True,valid_incumbent,True
H1_continuity_fix_only,2024-12-03,2024-12-04,3231,hold_incumbent,applied_controller_switch_gate_failed,ordinary_market,ordinary_market,False,0.7,5.0,applied_controller_switch_gate_failed,True,valid_incumbent,True
H1_continuity_fix_only,2024-12-04,2024-12-05,3231,hold_incumbent,applied_controller_switch_gate_failed,ordinary_market,ordinary_market,False,0.7,5.0,applied_controller_switch_gate_failed,True,valid_incumbent,True
H1_continuity_fix_only,2024-12-05,2024-12-06,3231,hold_incumbent,applied_controller_switch_gate_failed,ordinary_market,ordinary_market,False,0.7,5.0,applied_controller_switch_gate_failed,True,valid_incumbent,True
H1_continuity_fix_only,2024-12-06,2024-12-09,3231,hold_incumbent,applied_controller_switch_gate_failed,ordinary_market,ordinary_market,False,0.7,5.0,applied_controller_switch_gate_failed,True,valid_incumbent,True
H1_continuity_fix_only,2024-12-09,2024-12-10,3231,hold_incumbent,applied_controller_switch_gate_failed,ordinary_market,ordinary_market,False,0.7,5.0,applied_controller_switch_gate_failed,True,valid_incumbent,True
H1_continuity_fix_only,2024-12-10,2024-12-11,3231,hold_incumbent,applied_controller_switch_gate_failed,ordinary_market,ordinary_market,False,0.7,5.0,applied_controller_switch_gate_failed,True,valid_incumbent,True
H1_continuity_fix_only,2024-12-11,2024-12-12,3231,hold_incumbent,applied_controller_switch_gate_failed,ordinary_market,ordinary_market,False,0.7,5.0,applied_controller_switch_gate_failed,True,valid_incumbent,True
H1_continuity_fix_only,2024-12-12,2024-12-13,3231,hold_incumbent,applied_controller_switch_gate_failed,ordinary_market,ordinary_market,False,0.7,5.0,applied_controller_switch_gate_failed,True,valid_incumbent,True
H1_continuity_fix_only,2024-12-13,2024-12-16,3231,hold_incumbent,applied_controller_switch_gate_failed,ordinary_market,ordinary_market,False,0.7,5.0,applied_controller_switch_gate_failed,True,valid_incumbent,True
H1_continuity_fix_only,2024-12-16,2024-12-17,3231,hold_incumbent,invalid_or_weak_incumbent,ordinary_market,ordinary_market,False,0.7,5.0,forced_label_rejected_incumbent_still_valid,True,outside_primary80_without_hard_invalid_evidence_continuity_allowed,True
H1_continuity_fix_only,2024-12-17,2024-12-18,2891,hold_incumbent,applied_controller_switch_gate_failed,ordinary_market,ordinary_market,False,0.7,5.0,applied_controller_switch_gate_failed,True,outside_primary80_without_hard_invalid_evidence_continuity_allowed,True
H1_continuity_fix_only,2024-12-18,2024-12-19,2891,hold_incumbent,applied_controller_switch_gate_failed,ordinary_market,ordinary_market,False,0.7,5.0,applied_controller_switch_gate_failed,True,valid_incumbent,True
H1_continuity_fix_only,2024-12-19,2024-12-20,2891,hold_incumbent,applied_controller_switch_gate_failed,ordinary_market,ordinary_market,False,0.7,5.0,applied_controller_switch_gate_failed,True,valid_incumbent,True
H1_continuity_fix_only,2024-12-20,2024-12-23,2891,hold_incumbent,applied_controller_switch_gate_failed,weak_market,weak_market,False,0.77,4.0,applied_controller_switch_gate_failed,True,valid_incumbent,True
H1_continuity_fix_only,2024-12-23,2024-12-24,2891,hold_incumbent,applied_controller_switch_gate_failed,ordinary_market,ordinary_market,False,0.7,5.0,applied_controller_switch_gate_failed,True,valid_incumbent,True
H1_continuity_fix_only,2024-12-24,2024-12-25,2891,hold_incumbent,applied_controller_switch_gate_failed,ordinary_market,ordinary_market,False,0.7,5.0,applied_controller_switch_gate_failed,True,valid_incumbent,True
H1_continuity_fix_only,2024-12-25,2024-12-26,2891,hold_incumbent,applied_controller_switch_gate_failed,ordinary_market,ordinary_market,False,0.7,5.0,applied_controller_switch_gate_failed,True,valid_incumbent,True
H1_continuity_fix_only,2024-12-26,2024-12-27,2891,hold_incumbent,applied_controller_switch_gate_failed,ordinary_market,ordinary_market,False,0.7,5.0,applied_controller_switch_gate_failed,True,valid_incumbent,True
H1_continuity_fix_only,2024-12-27,2024-12-30,2891,hold_incumbent,applied_controller_switch_gate_failed,ordinary_market,ordinary_market,False,0.7,5.0,applied_controller_switch_gate_failed,True,valid_incumbent,True
H1_continuity_fix_only,2024-12-30,2024-12-31,2891,hold_incumbent,applied_controller_switch_gate_failed,ordinary_market,ordinary_market,False,0.7,5.0,applied_controller_switch_gate_failed,True,valid_incumbent,True
H1_continuity_fix_only,2024-12-31,2025-01-02,2891,hold_incumbent,applied_controller_switch_gate_failed,weak_market,weak_market,False,0.77,4.0,applied_controller_switch_gate_failed,True,valid_incumbent,True
H1_continuity_fix_only,2025-01-02,2025-01-03,2891,hold_incumbent,applied_controller_switch_gate_failed,ordinary_market,ordinary_market,False,0.7,5.0,applied_controller_switch_gate_failed,True,valid_incumbent,True
H1_continuity_fix_only,2025-01-03,2025-01-06,2891,hold_incumbent,applied_controller_switch_gate_failed,ordinary_market,ordinary_market,False,0.7,5.0,applied_controller_switch_gate_failed,True,valid_incumbent,True
H1_continuity_fix_only,2025-01-06,2025-01-07,2891,hold_incumbent,applied_controller_switch_gate_failed,ordinary_market,ordinary_market,False,0.7,5.0,applied_controller_switch_gate_failed,True,valid_incumbent,True
H1_continuity_fix_only,2025-01-07,2025-01-08,2891,hold_incumbent,applied_controller_switch_gate_failed,ordinary_market,ordinary_market,False,0.7,5.0,applied_controller_switch_gate_failed,True,valid_incumbent,True
H1_continuity_fix_only,2025-01-08,2025-01-09,2891,hold_incumbent,applied_controller_switch_gate_failed,ordinary_market,ordinary_market,False,0.7,5.0,applied_controller_switch_gate_failed,True,valid_incumbent,True
H1_continuity_fix_only,2025-01-09,2025-01-10,2891,hold_incumbent,applied_controller_switch_gate_failed,ordinary_market,ordinary_market,False,0.7,5.0,applied_controller_switch_gate_failed,True,valid_incumbent,True
H1_continuity_fix_only,2025-01-10,2025-01-13,2891,hold_incumbent,applied_controller_switch_gate_failed,ordinary_market,ordinary_market,False,0.7,5.0,applied_controller_switch_gate_failed,True,valid_incumbent,True
H1_continuity_fix_only,2025-01-13,2025-01-14,2891,hold_incumbent,applied_controller_switch_gate_failed,weak_market,weak_market,False,0.77,4.0,applied_controller_switch_gate_failed,True,valid_incumbent,True
H1_continuity_fix_only,2025-01-14,2025-01-15,2891,hold_incumbent,applied_controller_switch_gate_failed,weak_market,weak_market,False,0.77,4.0,applied_controller_switch_gate_failed,True,valid_incumbent,True
H1_continuity_fix_only,2025-01-15,2025-01-16,2891,hold_incumbent,applied_controller_switch_gate_failed,ordinary_market,ordinary_market,False,0.7,5.0,applied_controller_switch_gate_failed,True,valid_incumbent,True
H1_continuity_fix_only,2025-01-16,2025-01-17,2891,hold_incumbent,applied_controller_switch_gate_failed,ordinary_market,ordinary_market,False,0.7,5.0,applied_controller_switch_gate_failed,True,valid_incumbent,True
H1_continuity_fix_only,2025-01-17,2025-01-20,2891,hold_incumbent,applied_controller_switch_gate_failed,ordinary_market,ordinary_market,False,0.7,5.0,applied_controller_switch_gate_failed,True,valid_incumbent,True
H1_continuity_fix_only,2025-01-20,2025-01-21,2891,hold_incumbent,applied_controller_switch_gate_failed,ordinary_market,ordinary_market,False,0.7,5.0,applied_controller_switch_gate_failed,True,valid_incumbent,True
H1_continuity_fix_only,2025-01-21,2025-01-22,2891,hold_incumbent,applied_controller_switch_gate_failed,ordinary_market,ordinary_market,False,0.7,5.0,applied_controller_switch_gate_failed,True,valid_incumbent,True
H1_continuity_fix_only,2025-01-22,2025-02-03,2891,hold_incumbent,applied_controller_switch_gate_failed,ordinary_market,ordinary_market,False,0.7,5.0,applied_controller_switch_gate_failed,True,valid_incumbent,True
H1_continuity_fix_only,2025-02-03,2025-02-04,2891,hold_incumbent,applied_controller_switch_gate_failed,ordinary_market,ordinary_market,False,0.7,5.0,applied_controller_switch_gate_failed,True,valid_incumbent,True
H1_continuity_fix_only,2025-02-04,2025-02-05,2891,hold_incumbent,applied_controller_switch_gate_failed,ordinary_market,ordinary_market,False,0.7,5.0,applied_controller_switch_gate_failed,True,valid_incumbent,True
H1_continuity_fix_only,2025-02-05,2025-02-06,2891,hold_incumbent,applied_controller_switch_gate_failed,ordinary_market,ordinary_market,False,0.7,5.0,applied_controller_switch_gate_failed,True,valid_incumbent,True
H1_continuity_fix_only,2025-02-06,2025-02-07,2891,hold_incumbent,applied_controller_switch_gate_failed,ordinary_market,ordinary_market,False,0.7,5.0,applied_controller_switch_gate_failed,True,valid_incumbent,True
H1_continuity_fix_only,2025-02-07,2025-02-10,2891,hold_incumbent,applied_controller_switch_gate_failed,ordinary_market,ordinary_market,False,0.7,5.0,applied_controller_switch_gate_failed,True,valid_incumbent,True
H1_continuity_fix_only,2025-02-10,2025-02-11,2891,hold_incumbent,applied_controller_switch_gate_failed,ordinary_market,ordinary_market,False,0.7,5.0,applied_controller_switch_gate_failed,True,valid_incumbent,True
H1_continuity_fix_only,2025-02-11,2025-02-12,2891,hold_incumbent,applied_controller_switch_gate_failed,ordinary_market,ordinary_market,False,0.7,5.0,applied_controller_switch_gate_failed,True,valid_incumbent,True
H1_continuity_fix_only,2025-02-12,2025-02-13,2891,hold_incumbent,applied_controller_switch_gate_failed,ordinary_market,ordinary_market,False,0.7,5.0,applied_controller_switch_gate_failed,True,valid_incumbent,True
H1_continuity_fix_only,2025-02-13,2025-02-14,2891,hold_incumbent,applied_controller_switch_gate_failed,ordinary_market,ordinary_market,False,0.7,5.0,applied_controller_switch_gate_failed,True,valid_incumbent,True
H1_continuity_fix_only,2025-02-14,2025-02-17,2891,hold_incumbent,applied_controller_switch_gate_failed,ordinary_market,ordinary_market,False,0.7,5.0,applied_controller_switch_gate_failed,True,valid_incumbent,True
H1_continuity_fix_only,2025-02-17,2025-02-18,2891,hold_incumbent,applied_controller_switch_gate_failed,ordinary_market,ordinary_market,False,0.7,5.0,applied_controller_switch_gate_failed,True,valid_incumbent,True
H1_continuity_fix_only,2025-02-18,2025-02-19,2891,hold_incumbent,applied_controller_switch_gate_failed,ordinary_market,ordinary_market,False,0.7,5.0,applied_controller_switch_gate_failed,True,valid_incumbent,True
H1_continuity_fix_only,2025-02-19,2025-02-20,2891,hold_incumbent,applied_controller_switch_gate_failed,ordinary_market,ordinary_market,False,0.7,5.0,applied_controller_switch_gate_failed,True,valid_incumbent,True
H1_continuity_fix_only,2025-02-20,2025-02-21,2891,hold_incumbent,applied_controller_switch_gate_failed,ordinary_market,ordinary_market,False,0.7,5.0,applied_controller_switch_gate_failed,True,valid_incumbent,True
H1_continuity_fix_only,2025-02-21,2025-02-24,2891,hold_incumbent,applied_controller_switch_gate_failed,ordinary_market,ordinary_market,False,0.7,5.0,applied_controller_switch_gate_failed,True,valid_incumbent,True
H1_continuity_fix_only,2025-02-24,2025-02-25,2891,hold_incumbent,applied_controller_switch_gate_failed,ordinary_market,ordinary_market,False,0.7,5.0,applied_controller_switch_gate_failed,True,valid_incumbent,True
H1_continuity_fix_only,2025-02-25,2025-02-26,2891,hold_incumbent,applied_controller_switch_gate_failed,weak_market,weak_market,False,0.77,4.0,applied_controller_switch_gate_failed,True,valid_incumbent,True
H1_continuity_fix_only,2025-02-26,2025-02-27,2891,hold_incumbent,applied_controller_switch_gate_failed,ordinary_market,ordinary_market,False,0.7,5.0,applied_controller_switch_gate_failed,True,valid_incumbent,True
H1_continuity_fix_only,2025-02-27,2025-03-03,2891,hold_incumbent,applied_controller_switch_gate_failed,ordinary_market,ordinary_market,False,0.7,5.0,applied_controller_switch_gate_failed,True,valid_incumbent,True
H1_continuity_fix_only,2025-03-03,2025-03-04,2891,hold_incumbent,applied_controller_switch_gate_failed,weak_market,weak_market,False,0.77,4.0,applied_controller_switch_gate_failed,True,valid_incumbent,True
H1_continuity_fix_only,2025-03-04,2025-03-05,2891,hold_incumbent,applied_controller_switch_gate_failed,weak_market,weak_market,False,0.77,4.0,applied_controller_switch_gate_failed,True,valid_incumbent,True
H1_continuity_fix_only,2025-03-05,2025-03-06,2891,hold_incumbent,applied_controller_switch_gate_failed,ordinary_market,ordinary_market,False,0.7,5.0,applied_controller_switch_gate_failed,True,valid_incumbent,True
H1_continuity_fix_only,2025-03-06,2025-03-07,2891,hold_incumbent,applied_controller_switch_gate_failed,ordinary_market,ordinary_market,False,0.7,5.0,applied_controller_switch_gate_failed,True,valid_incumbent,True
H1_continuity_fix_only,2025-03-07,2025-03-10,2891,hold_incumbent,applied_controller_switch_gate_failed,weak_market,weak_market,False,0.77,4.0,applied_controller_switch_gate_failed,True,valid_incumbent,True
H1_continuity_fix_only,2025-03-10,2025-03-11,2891,hold_incumbent,applied_controller_switch_gate_failed,weak_market,weak_market,False,0.77,4.0,applied_controller_switch_gate_failed,True,valid_incumbent,True
H1_continuity_fix_only,2025-03-11,2025-03-12,2891,hold_incumbent,applied_controller_switch_gate_failed,weak_market,weak_market,False,0.77,4.0,applied_controller_switch_gate_failed,True,valid_incumbent,True
H1_continuity_fix_only,2025-03-12,2025-03-13,2891,hold_incumbent,applied_controller_switch_gate_failed,ordinary_market,ordinary_market,False,0.7,5.0,applied_controller_switch_gate_failed,True,valid_incumbent,True
H1_continuity_fix_only,2025-03-13,2025-03-14,2891,hold_incumbent,applied_controller_switch_gate_failed,weak_market,weak_market,False,0.77,4.0,applied_controller_switch_gate_failed,True,valid_incumbent,True
H1_continuity_fix_only,2025-03-14,2025-03-17,2891,hold_incumbent,applied_controller_switch_gate_failed,ordinary_market,ordinary_market,False,0.7,5.0,applied_controller_switch_gate_failed,True,valid_incumbent,True
H1_continuity_fix_only,2025-03-17,2025-03-18,2891,hold_incumbent,applied_controller_switch_gate_failed,ordinary_market,ordinary_market,False,0.7,5.0,applied_controller_switch_gate_failed,True,valid_incumbent,True
H1_continuity_fix_only,2025-03-18,2025-03-19,2891,hold_incumbent,applied_controller_switch_gate_failed,ordinary_market,ordinary_market,False,0.7,5.0,applied_controller_switch_gate_failed,True,valid_incumbent,True
H1_continuity_fix_only,2025-03-19,2025-03-20,2891,hold_incumbent,applied_controller_switch_gate_failed,ordinary_market,ordinary_market,False,0.7,5.0,applied_controller_switch_gate_failed,True,valid_incumbent,True
H1_continuity_fix_only,2025-03-20,2025-03-21,2891,hold_incumbent,applied_controller_switch_gate_failed,ordinary_market,ordinary_market,False,0.7,5.0,applied_controller_switch_gate_failed,True,valid_incumbent,True
H1_continuity_fix_only,2025-03-21,2025-03-24,2891,hold_incumbent,applied_controller_switch_gate_failed,ordinary_market,ordinary_market,False,0.7,5.0,applied_controller_switch_gate_failed,True,valid_incumbent,True
H1_continuity_fix_only,2025-03-24,2025-03-25,2891,hold_incumbent,applied_controller_switch_gate_failed,weak_market,weak_market,False,0.77,4.0,applied_controller_switch_gate_failed,True,valid_incumbent,True
H1_continuity_fix_only,2025-03-25,2025-03-26,2891,hold_incumbent,applied_controller_switch_gate_failed,ordinary_market,ordinary_market,False,0.7,5.0,applied_controller_switch_gate_failed,True,valid_incumbent,True
H1_continuity_fix_only,2025-03-26,2025-03-27,2891,hold_incumbent,applied_controller_switch_gate_failed,ordinary_market,ordinary_market,False,0.7,5.0,applied_controller_switch_gate_failed,True,valid_incumbent,True
H1_continuity_fix_only,2025-03-27,2025-03-28,2891,hold_incumbent,applied_controller_switch_gate_failed,weak_market,weak_market,False,0.77,4.0,applied_controller_switch_gate_failed,True,valid_incumbent,True
H1_continuity_fix_only,2025-03-28,2025-03-31,2891,hold_incumbent,applied_controller_switch_gate_failed,weak_market,weak_market,False,0.77,4.0,applied_controller_switch_gate_failed,True,valid_incumbent,True
H1_continuity_fix_only,2025-03-31,2025-04-01,2891,hold_incumbent,applied_controller_switch_gate_failed,weak_market,weak_market,False,0.77,4.0,applied_controller_switch_gate_failed,True,valid_incumbent,True
H1_continuity_fix_only,2025-04-01,2025-04-02,2891,hold_incumbent,applied_controller_switch_gate_failed,ordinary_market,ordinary_market,False,0.7,5.0,applied_controller_switch_gate_failed,True,valid_incumbent,True
H1_continuity_fix_only,2025-04-02,2025-04-07,2891,hold_incumbent,applied_controller_switch_gate_failed,weak_market,weak_market,False,0.77,4.0,applied_controller_switch_gate_failed,True,valid_incumbent,True
H1_continuity_fix_only,2025-04-07,2025-04-08,2891,hold_incumbent,applied_controller_switch_gate_failed,weak_market,weak_market,False,0.77,4.0,applied_controller_switch_gate_failed,True,valid_incumbent,True
H1_continuity_fix_only,2025-04-08,2025-04-09,2303,switch_to_challenger,applied_controller_margin_blocks_weakening,weak_market,weak_market,False,0.77,4.0,applied_controller_margin_blocks_weakening,True,valid_incumbent,True
H1_continuity_fix_only,2025-04-09,2025-04-10,2303,hold_incumbent,valid_incumbent_no_better_challenger,weak_market,weak_market,False,0.77,4.0,valid_incumbent_no_better_challenger,True,valid_incumbent,True
H1_continuity_fix_only,2025-04-10,2025-04-11,2303,hold_incumbent,applied_controller_switch_gate_failed,ordinary_market,ordinary_market,False,0.7,5.0,applied_controller_switch_gate_failed,True,valid_incumbent,True
H1_continuity_fix_only,2025-04-11,2025-04-14,2303,hold_incumbent,valid_incumbent_no_better_challenger,ordinary_market,ordinary_market,False,0.7,5.0,valid_incumbent_no_better_challenger,True,valid_incumbent,True
H1_continuity_fix_only,2025-04-14,2025-04-15,2303,hold_incumbent,applied_controller_switch_gate_failed,ordinary_market,ordinary_market,False,0.7,5.0,applied_controller_switch_gate_failed,True,valid_incumbent,True
H1_continuity_fix_only,2025-04-15,2025-04-16,2303,hold_incumbent,applied_controller_switch_gate_failed,ordinary_market,ordinary_market,False,0.7,5.0,applied_controller_switch_gate_failed,True,valid_incumbent,True
H1_continuity_fix_only,2025-04-16,2025-04-17,2303,hold_incumbent,applied_controller_switch_gate_failed,ordinary_market,ordinary_market,False,0.7,5.0,applied_controller_switch_gate_failed,True,valid_incumbent,True
H1_continuity_fix_only,2025-04-17,2025-04-18,2303,hold_incumbent,applied_controller_switch_gate_failed,ordinary_market,ordinary_market,False,0.7,5.0,applied_controller_switch_gate_failed,True,valid_incumbent,True
H1_continuity_fix_only,2025-04-18,2025-04-21,2303,hold_incumbent,valid_incumbent_no_better_challenger,ordinary_market,ordinary_market,False,0.7,5.0,valid_incumbent_no_better_challenger,True,valid_incumbent,True
H1_continuity_fix_only,2025-04-21,2025-04-22,2303,hold_incumbent,invalid_or_weak_incumbent,weak_market,weak_market,False,0.77,4.0,forced_label_rejected_incumbent_still_valid,True,outside_primary80_without_hard_invalid_evidence_continuity_allowed,True
H1_continuity_fix_only,2025-04-22,2025-04-23,2412,hold_incumbent,valid_incumbent_no_better_challenger,weak_market,weak_market,False,0.77,4.0,valid_incumbent_no_better_challenger,True,outside_primary80_without_hard_invalid_evidence_continuity_allowed,True
H1_continuity_fix_only,2025-04-23,2025-04-24,2412,hold_incumbent,applied_controller_switch_gate_failed,ordinary_market,ordinary_market,False,0.7,5.0,applied_controller_switch_gate_failed,True,valid_incumbent,True
H1_continuity_fix_only,2025-04-24,2025-04-25,2615,forced_replacement,invalid_or_weak_incumbent,ordinary_market,ordinary_market,False,0.7,5.0,forced_replacement_confirmed_weakening_valid_replacement_available,False,confirmed_weakening,True
H1_continuity_fix_only,2025-04-25,2025-04-28,6140,forced_replacement,invalid_or_weak_incumbent,ordinary_market,ordinary_market,False,0.7,5.0,forced_replacement_price_or_history_invalid_valid_replacement_available,False,price_or_history_invalid,True
H1_continuity_fix_only,2025-04-28,2025-04-29,6140,hold_incumbent,applied_controller_switch_gate_failed,weak_market,weak_market,False,0.77,4.0,applied_controller_switch_gate_failed,True,valid_incumbent,True
H1_continuity_fix_only,2025-04-29,2025-04-30,6140,hold_incumbent,applied_controller_switch_gate_failed,ordinary_market,ordinary_market,False,0.7,5.0,applied_controller_switch_gate_failed,True,valid_incumbent,True
H1_continuity_fix_only,2025-04-30,2025-05-02,6140,hold_incumbent,applied_controller_switch_gate_failed,ordinary_market,ordinary_market,False,0.7,5.0,applied_controller_switch_gate_failed,True,valid_incumbent,True
H1_continuity_fix_only,2025-05-02,2025-05-05,6140,hold_incumbent,applied_controller_switch_gate_failed,ordinary_market,ordinary_market,False,0.7,5.0,applied_controller_switch_gate_failed,True,valid_incumbent,True
H1_continuity_fix_only,2025-05-05,2025-05-06,6140,hold_incumbent,invalid_or_weak_incumbent,ordinary_market,ordinary_market,False,0.7,5.0,forced_label_rejected_incumbent_still_valid,True,outside_primary80_without_hard_invalid_evidence_continuity_allowed,True
H1_continuity_fix_only,2025-05-06,2025-05-07,6669,hold_incumbent,valid_incumbent_no_better_challenger,ordinary_market,ordinary_market,False,0.7,5.0,valid_incumbent_no_better_challenger,True,outside_primary80_without_hard_invalid_evidence_continuity_allowed,True
H1_continuity_fix_only,2025-05-07,2025-05-08,6669,hold_incumbent,applied_controller_switch_gate_failed,ordinary_market,ordinary_market,False,0.7,5.0,applied_controller_switch_gate_failed,True,valid_incumbent,True
H1_continuity_fix_only,2025-05-08,2025-05-09,6669,hold_incumbent,valid_incumbent_no_better_challenger,ordinary_market,ordinary_market,False,0.7,5.0,valid_incumbent_no_better_challenger,True,valid_incumbent,True
H1_continuity_fix_only,2025-05-09,2025-05-12,6669,hold_incumbent,applied_controller_switch_gate_failed,strong_market,strong_market,False,0.63,6.0,applied_controller_switch_gate_failed,True,valid_incumbent,True
H1_continuity_fix_only,2025-05-12,2025-05-13,6669,hold_incumbent,valid_incumbent_no_better_challenger,ordinary_market,ordinary_market,False,0.7,5.0,valid_incumbent_no_better_challenger,True,valid_incumbent,True
H1_continuity_fix_only,2025-05-13,2025-05-14,6669,hold_incumbent,applied_controller_switch_gate_failed,strong_market,strong_market,False,0.63,6.0,applied_controller_switch_gate_failed,True,valid_incumbent,True
H1_continuity_fix_only,2025-05-14,2025-05-15,6669,hold_incumbent,applied_controller_switch_gate_failed,strong_market,strong_market,False,0.63,6.0,applied_controller_switch_gate_failed,True,valid_incumbent,True
H1_continuity_fix_only,2025-05-15,2025-05-16,6669,hold_incumbent,valid_incumbent_no_better_challenger,strong_market,strong_market,False,0.63,6.0,valid_incumbent_no_better_challenger,True,valid_incumbent,True
H1_continuity_fix_only,2025-05-16,2025-05-19,6669,hold_incumbent,applied_controller_switch_gate_failed,ordinary_market,ordinary_market,False,0.7,5.0,applied_controller_switch_gate_failed,True,valid_incumbent,True
H1_continuity_fix_only,2025-05-19,2025-05-20,6669,hold_incumbent,invalid_or_weak_incumbent,ordinary_market,ordinary_market,False,0.7,5.0,forced_label_rejected_incumbent_still_valid,True,outside_primary80_without_hard_invalid_evidence_continuity_allowed,True
H1_continuity_fix_only,2025-05-20,2025-05-21,2615,hold_incumbent,valid_incumbent_no_better_challenger,strong_market,strong_market,False,0.63,6.0,valid_incumbent_no_better_challenger,True,outside_primary80_without_hard_invalid_evidence_continuity_allowed,True
H1_continuity_fix_only,2025-05-21,2025-05-22,2615,hold_incumbent,valid_incumbent_no_better_challenger,strong_market,strong_market,False,0.63,6.0,valid_incumbent_no_better_challenger,True,valid_incumbent,True
H1_continuity_fix_only,2025-05-22,2025-05-23,2615,hold_incumbent,valid_incumbent_no_better_challenger,ordinary_market,ordinary_market,False,0.7,5.0,valid_incumbent_no_better_challenger,True,valid_incumbent,True
H1_continuity_fix_only,2025-05-23,2025-05-26,2615,hold_incumbent,valid_incumbent_no_better_challenger,ordinary_market,ordinary_market,False,0.7,5.0,valid_incumbent_no_better_challenger,True,valid_incumbent,True
H1_continuity_fix_only,2025-05-26,2025-05-27,2615,hold_incumbent,invalid_or_weak_incumbent,ordinary_market,ordinary_market,False,0.7,5.0,forced_label_rejected_incumbent_still_valid,True,outside_primary80_without_hard_invalid_evidence_continuity_allowed,True
H1_continuity_fix_only,2025-05-27,2025-05-28,2368,hold_incumbent,valid_incumbent_no_better_challenger,ordinary_market,ordinary_market,False,0.7,5.0,valid_incumbent_no_better_challenger,True,outside_primary80_without_hard_invalid_evidence_continuity_allowed,True
H1_continuity_fix_only,2025-05-28,2025-05-29,2368,hold_incumbent,applied_controller_switch_gate_failed,ordinary_market,ordinary_market,False,0.7,5.0,applied_controller_switch_gate_failed,True,valid_incumbent,True
H1_continuity_fix_only,2025-05-29,2025-06-02,2368,hold_incumbent,applied_controller_switch_gate_failed,ordinary_market,ordinary_market,False,0.7,5.0,applied_controller_switch_gate_failed,True,valid_incumbent,True
H1_continuity_fix_only,2025-06-02,2025-06-03,2368,hold_incumbent,invalid_or_weak_incumbent,ordinary_market,ordinary_market,False,0.7,5.0,forced_label_rejected_incumbent_still_valid,True,outside_primary80_without_hard_invalid_evidence_continuity_allowed,True
H1_continuity_fix_only,2025-06-03,2025-06-04,1815,hold_incumbent,valid_incumbent_no_better_challenger,ordinary_market,ordinary_market,False,0.7,5.0,valid_incumbent_no_better_challenger,True,outside_primary80_without_hard_invalid_evidence_continuity_allowed,True
H1_continuity_fix_only,2025-06-04,2025-06-05,1815,hold_incumbent,applied_controller_switch_gate_failed,strong_market,strong_market,False,0.63,6.0,applied_controller_switch_gate_failed,True,valid_incumbent,True
H1_continuity_fix_only,2025-06-05,2025-06-06,1815,hold_incumbent,valid_incumbent_no_better_challenger,strong_market,strong_market,False,0.63,6.0,valid_incumbent_no_better_challenger,True,valid_incumbent,True
H1_continuity_fix_only,2025-06-06,2025-06-09,1815,hold_incumbent,valid_incumbent_no_better_challenger,ordinary_market,ordinary_market,False,0.7,5.0,valid_incumbent_no_better_challenger,True,valid_incumbent,True
H1_continuity_fix_only,2025-06-09,2025-06-10,1815,hold_incumbent,valid_incumbent_no_better_challenger,strong_market,strong_market,False,0.63,6.0,valid_incumbent_no_better_challenger,True,valid_incumbent,True
H1_continuity_fix_only,2025-06-10,2025-06-11,1815,hold_incumbent,valid_incumbent_no_better_challenger,strong_market,strong_market,False,0.63,6.0,valid_incumbent_no_better_challenger,True,valid_incumbent,True
H1_continuity_fix_only,2025-06-11,2025-06-12,1815,hold_incumbent,applied_controller_switch_gate_failed,strong_market,strong_market,False,0.63,6.0,applied_controller_switch_gate_failed,True,valid_incumbent,True
H1_continuity_fix_only,2025-06-12,2025-06-13,1815,hold_incumbent,applied_controller_switch_gate_failed,ordinary_market,ordinary_market,False,0.7,5.0,applied_controller_switch_gate_failed,True,valid_incumbent,True
H1_continuity_fix_only,2025-06-13,2025-06-16,1815,hold_incumbent,applied_controller_switch_gate_failed,ordinary_market,ordinary_market,False,0.7,5.0,applied_controller_switch_gate_failed,True,valid_incumbent,True
H1_continuity_fix_only,2025-06-16,2025-06-17,1815,hold_incumbent,invalid_or_weak_incumbent,ordinary_market,ordinary_market,False,0.7,5.0,forced_label_rejected_incumbent_still_valid,True,outside_primary80_without_hard_invalid_evidence_continuity_allowed,True
H1_continuity_fix_only,2025-06-17,2025-06-18,2345,hold_incumbent,applied_controller_switch_gate_failed,ordinary_market,ordinary_market,False,0.7,5.0,applied_controller_switch_gate_failed,True,outside_primary80_without_hard_invalid_evidence_continuity_allowed,True
H1_continuity_fix_only,2025-06-18,2025-06-19,2345,hold_incumbent,applied_controller_switch_gate_failed,ordinary_market,ordinary_market,False,0.7,5.0,applied_controller_switch_gate_failed,True,valid_incumbent,True
H1_continuity_fix_only,2025-06-19,2025-06-20,2345,hold_incumbent,applied_controller_switch_gate_failed,ordinary_market,ordinary_market,False,0.7,5.0,applied_controller_switch_gate_failed,True,valid_incumbent,True
H1_continuity_fix_only,2025-06-20,2025-06-23,2345,hold_incumbent,applied_controller_switch_gate_failed,ordinary_market,ordinary_market,False,0.7,5.0,applied_controller_switch_gate_failed,True,valid_incumbent,True
H1_continuity_fix_only,2025-06-23,2025-06-24,2345,hold_incumbent,applied_controller_switch_gate_failed,ordinary_market,ordinary_market,False,0.7,5.0,applied_controller_switch_gate_failed,True,valid_incumbent,True
H1_continuity_fix_only,2025-06-24,2025-06-25,2345,hold_incumbent,applied_controller_switch_gate_failed,ordinary_market,ordinary_market,False,0.7,5.0,applied_controller_switch_gate_failed,True,valid_incumbent,True
H1_continuity_fix_only,2025-06-25,2025-06-26,2345,hold_incumbent,applied_controller_switch_gate_failed,strong_market,strong_market,False,0.63,6.0,applied_controller_switch_gate_failed,True,valid_incumbent,True
H1_continuity_fix_only,2025-06-26,2025-06-27,2345,hold_incumbent,applied_controller_switch_gate_failed,strong_market,strong_market,False,0.63,6.0,applied_controller_switch_gate_failed,True,valid_incumbent,True
H1_continuity_fix_only,2025-06-27,2025-06-30,2345,hold_incumbent,applied_controller_switch_gate_failed,ordinary_market,ordinary_market,False,0.7,5.0,applied_controller_switch_gate_failed,True,valid_incumbent,True
H1_continuity_fix_only,2025-06-30,2025-07-01,2345,hold_incumbent,applied_controller_switch_gate_failed,ordinary_market,ordinary_market,False,0.7,5.0,applied_controller_switch_gate_failed,True,valid_incumbent,True
H1_continuity_fix_only,2025-07-01,2025-07-02,2345,hold_incumbent,applied_controller_switch_gate_failed,strong_market,strong_market,False,0.63,6.0,applied_controller_switch_gate_failed,True,valid_incumbent,True
H1_continuity_fix_only,2025-07-02,2025-07-03,2345,hold_incumbent,applied_controller_switch_gate_failed,ordinary_market,ordinary_market,False,0.7,5.0,applied_controller_switch_gate_failed,True,valid_incumbent,True
H1_continuity_fix_only,2025-07-03,2025-07-04,2345,hold_incumbent,applied_controller_switch_gate_failed,ordinary_market,ordinary_market,False,0.7,5.0,applied_controller_switch_gate_failed,True,valid_incumbent,True
H1_continuity_fix_only,2025-07-04,2025-07-07,2345,hold_incumbent,applied_controller_switch_gate_failed,ordinary_market,ordinary_market,False,0.7,5.0,applied_controller_switch_gate_failed,True,valid_incumbent,True
H1_continuity_fix_only,2025-07-07,2025-07-08,2345,hold_incumbent,applied_controller_switch_gate_failed,ordinary_market,ordinary_market,False,0.7,5.0,applied_controller_switch_gate_failed,True,valid_incumbent,True
H1_continuity_fix_only,2025-07-08,2025-07-09,2345,hold_incumbent,applied_controller_switch_gate_failed,ordinary_market,ordinary_market,False,0.7,5.0,applied_controller_switch_gate_failed,True,valid_incumbent,True
H1_continuity_fix_only,2025-07-09,2025-07-10,2345,hold_incumbent,applied_controller_switch_gate_failed,ordinary_market,ordinary_market,False,0.7,5.0,applied_controller_switch_gate_failed,True,valid_incumbent,True
H1_continuity_fix_only,2025-07-10,2025-07-11,2345,hold_incumbent,applied_controller_switch_gate_failed,ordinary_market,ordinary_market,False,0.7,5.0,applied_controller_switch_gate_failed,True,valid_incumbent,True
H1_continuity_fix_only,2025-07-11,2025-07-14,2345,hold_incumbent,applied_controller_switch_gate_failed,ordinary_market,ordinary_market,False,0.7,5.0,applied_controller_switch_gate_failed,True,valid_incumbent,True
H1_continuity_fix_only,2025-07-14,2025-07-15,2345,hold_incumbent,invalid_or_weak_incumbent,ordinary_market,ordinary_market,False,0.7,5.0,forced_label_rejected_incumbent_still_valid,True,outside_primary80_without_hard_invalid_evidence_continuity_allowed,True
H1_continuity_fix_only,2025-07-15,2025-07-16,4991,hold_incumbent,valid_incumbent_no_better_challenger,strong_market,strong_market,False,0.63,6.0,valid_incumbent_no_better_challenger,True,outside_primary80_without_hard_invalid_evidence_continuity_allowed,True
H1_continuity_fix_only,2025-07-16,2025-07-17,4991,hold_incumbent,applied_controller_switch_gate_failed,strong_market,strong_market,False,0.63,6.0,applied_controller_switch_gate_failed,True,valid_incumbent,True
H1_continuity_fix_only,2025-07-17,2025-07-18,4991,hold_incumbent,applied_controller_switch_gate_failed,strong_market,strong_market,False,0.63,6.0,applied_controller_switch_gate_failed,True,valid_incumbent,True
H1_continuity_fix_only,2025-07-18,2025-07-21,4991,hold_incumbent,applied_controller_switch_gate_failed,strong_market,strong_market,False,0.63,6.0,applied_controller_switch_gate_failed,True,valid_incumbent,True
H1_continuity_fix_only,2025-07-21,2025-07-22,4991,hold_incumbent,invalid_or_weak_incumbent,strong_market,strong_market,False,0.63,6.0,forced_label_rejected_incumbent_still_valid,True,outside_primary80_without_hard_invalid_evidence_continuity_allowed,True
H1_continuity_fix_only,2025-07-22,2025-07-23,1815,hold_incumbent,valid_incumbent_no_better_challenger,strong_market,strong_market,False,0.63,6.0,valid_incumbent_no_better_challenger,True,outside_primary80_without_hard_invalid_evidence_continuity_allowed,True
H1_continuity_fix_only,2025-07-23,2025-07-24,1815,hold_incumbent,applied_controller_switch_gate_failed,strong_market,strong_market,False,0.63,6.0,applied_controller_switch_gate_failed,True,valid_incumbent,True
H1_continuity_fix_only,2025-07-24,2025-07-25,1815,hold_incumbent,applied_controller_switch_gate_failed,strong_market,strong_market,False,0.63,6.0,applied_controller_switch_gate_failed,True,valid_incumbent,True
H1_continuity_fix_only,2025-07-25,2025-07-28,1815,hold_incumbent,applied_controller_switch_gate_failed,ordinary_market,ordinary_market,False,0.7,5.0,applied_controller_switch_gate_failed,True,valid_incumbent,True
H1_continuity_fix_only,2025-07-28,2025-07-29,1815,hold_incumbent,invalid_or_weak_incumbent,strong_market,strong_market,False,0.63,6.0,forced_label_rejected_incumbent_still_valid,True,outside_primary80_without_hard_invalid_evidence_continuity_allowed,True
H1_continuity_fix_only,2025-07-29,2025-07-30,8358,hold_incumbent,valid_incumbent_no_better_challenger,strong_market,strong_market,False,0.63,6.0,valid_incumbent_no_better_challenger,True,outside_primary80_without_hard_invalid_evidence_continuity_allowed,True
H1_continuity_fix_only,2025-07-30,2025-07-31,8358,hold_incumbent,valid_incumbent_no_better_challenger,strong_market,strong_market,False,0.63,6.0,valid_incumbent_no_better_challenger,True,valid_incumbent,True
H1_continuity_fix_only,2025-07-31,2025-08-01,8358,hold_incumbent,valid_incumbent_no_better_challenger,strong_market,strong_market,False,0.63,6.0,valid_incumbent_no_better_challenger,True,valid_incumbent,True
H1_continuity_fix_only,2025-08-01,2025-08-04,,watch_only,no_valid_replacement,strong_market,strong_market,False,0.63,6.0,no_valid_replacement,False,price_or_history_invalid,True
H1_continuity_fix_only,2025-08-04,2025-08-05,,watch_only,no_valid_replacement,ordinary_market,ordinary_market,False,0.7,5.0,no_valid_replacement,False,no_incumbent,True
H1_continuity_fix_only,2025-08-05,2025-08-06,,watch_only,no_valid_replacement,ordinary_market,ordinary_market,False,0.7,5.0,no_valid_replacement,False,no_incumbent,True
H1_continuity_fix_only,2025-08-06,2025-08-07,,watch_only,no_valid_replacement,ordinary_market,ordinary_market,False,0.7,5.0,no_valid_replacement,False,no_incumbent,True
H1_continuity_fix_only,2025-08-07,2025-08-08,,watch_only,no_valid_replacement,ordinary_market,ordinary_market,False,0.7,5.0,no_valid_replacement,False,no_incumbent,True
H1_continuity_fix_only,2025-08-08,2025-08-11,,watch_only,no_valid_replacement,ordinary_market,ordinary_market,False,0.7,5.0,no_valid_replacement,False,no_incumbent,True
H1_continuity_fix_only,2025-08-11,2025-08-12,,watch_only,no_valid_replacement,ordinary_market,ordinary_market,False,0.7,5.0,no_valid_replacement,False,no_incumbent,True
H1_continuity_fix_only,2025-08-12,2025-08-13,,watch_only,no_valid_replacement,ordinary_market,ordinary_market,False,0.7,5.0,no_valid_replacement,False,no_incumbent,True
H1_continuity_fix_only,2025-08-13,2025-08-14,,watch_only,no_valid_replacement,strong_market,strong_market,False,0.63,6.0,no_valid_replacement,False,no_incumbent,True
H1_continuity_fix_only,2025-08-14,2025-08-15,,watch_only,no_valid_replacement,ordinary_market,ordinary_market,False,0.7,5.0,no_valid_replacement,False,no_incumbent,True
H1_continuity_fix_only,2025-08-15,2025-08-18,,watch_only,no_valid_replacement,ordinary_market,ordinary_market,False,0.7,5.0,no_valid_replacement,False,no_incumbent,True
H1_continuity_fix_only,2025-08-18,2025-08-19,,watch_only,no_valid_replacement,ordinary_market,ordinary_market,False,0.7,5.0,no_valid_replacement,False,no_incumbent,True
H1_continuity_fix_only,2025-08-19,2025-08-20,,watch_only,no_valid_replacement,ordinary_market,ordinary_market,False,0.7,5.0,no_valid_replacement,False,no_incumbent,True
H1_continuity_fix_only,2025-08-20,2025-08-21,,watch_only,no_valid_replacement,ordinary_market,ordinary_market,False,0.7,5.0,no_valid_replacement,False,no_incumbent,True
H1_continuity_fix_only,2025-08-21,2025-08-22,,watch_only,no_valid_replacement,ordinary_market,ordinary_market,False,0.7,5.0,no_valid_replacement,False,no_incumbent,True
H1_continuity_fix_only,2025-08-22,2025-08-25,,watch_only,no_valid_replacement,ordinary_market,ordinary_market,False,0.7,5.0,no_valid_replacement,False,no_incumbent,True
H1_continuity_fix_only,2025-08-25,2025-08-26,,watch_only,no_valid_replacement,ordinary_market,ordinary_market,False,0.7,5.0,no_valid_replacement,False,no_incumbent,True
H1_continuity_fix_only,2025-08-26,2025-08-27,,watch_only,no_valid_replacement,ordinary_market,ordinary_market,False,0.7,5.0,no_valid_replacement,False,no_incumbent,True
H1_continuity_fix_only,2025-08-27,2025-08-28,,watch_only,no_valid_replacement,ordinary_market,ordinary_market,False,0.7,5.0,no_valid_replacement,False,no_incumbent,True
H1_continuity_fix_only,2025-08-28,2025-08-29,,watch_only,no_valid_replacement,ordinary_market,ordinary_market,False,0.7,5.0,no_valid_replacement,False,no_incumbent,True
H1_continuity_fix_only,2025-08-29,2025-09-01,,watch_only,no_valid_replacement,ordinary_market,ordinary_market,False,0.7,5.0,no_valid_replacement,False,no_incumbent,True
H1_continuity_fix_only,2025-09-01,2025-09-02,,watch_only,no_valid_replacement,ordinary_market,ordinary_market,False,0.7,5.0,no_valid_replacement,False,no_incumbent,True
H1_continuity_fix_only,2025-09-02,2025-09-03,,watch_only,no_valid_replacement,ordinary_market,ordinary_market,False,0.7,5.0,no_valid_replacement,False,no_incumbent,True
H1_continuity_fix_only,2025-09-03,2025-09-04,,watch_only,no_valid_replacement,ordinary_market,ordinary_market,False,0.7,5.0,no_valid_replacement,False,no_incumbent,True
H1_continuity_fix_only,2025-09-04,2025-09-05,,watch_only,no_valid_replacement,ordinary_market,ordinary_market,False,0.7,5.0,no_valid_replacement,False,no_incumbent,True
H1_continuity_fix_only,2025-09-05,2025-09-08,,watch_only,no_valid_replacement,ordinary_market,ordinary_market,False,0.7,5.0,no_valid_replacement,False,no_incumbent,True
H1_continuity_fix_only,2025-09-08,2025-09-09,,watch_only,no_valid_replacement,ordinary_market,ordinary_market,False,0.7,5.0,no_valid_replacement,False,no_incumbent,True
H1_continuity_fix_only,2025-09-09,2025-09-10,,watch_only,no_valid_replacement,ordinary_market,ordinary_market,False,0.7,5.0,no_valid_replacement,False,no_incumbent,True
H1_continuity_fix_only,2025-09-10,2025-09-11,,watch_only,no_valid_replacement,ordinary_market,ordinary_market,False,0.7,5.0,no_valid_replacement,False,no_incumbent,True
H1_continuity_fix_only,2025-09-11,2025-09-12,,watch_only,no_valid_replacement,ordinary_market,ordinary_market,False,0.7,5.0,no_valid_replacement,False,no_incumbent,True
H1_continuity_fix_only,2025-09-12,2025-09-15,,watch_only,no_valid_replacement,ordinary_market,ordinary_market,False,0.7,5.0,no_valid_replacement,False,no_incumbent,True
H1_continuity_fix_only,2025-09-15,2025-09-16,,watch_only,no_valid_replacement,ordinary_market,ordinary_market,False,0.7,5.0,no_valid_replacement,False,no_incumbent,True
H1_continuity_fix_only,2025-09-16,2025-09-17,,watch_only,no_valid_replacement,ordinary_market,ordinary_market,False,0.7,5.0,no_valid_replacement,False,no_incumbent,True
H1_continuity_fix_only,2025-09-17,2025-09-18,,watch_only,no_valid_replacement,ordinary_market,ordinary_market,False,0.7,5.0,no_valid_replacement,False,no_incumbent,True
H1_continuity_fix_only,2025-09-18,2025-09-19,,watch_only,no_valid_replacement,ordinary_market,ordinary_market,False,0.7,5.0,no_valid_replacement,False,no_incumbent,True
H1_continuity_fix_only,2025-09-19,2025-09-22,,watch_only,no_valid_replacement,strong_market,strong_market,False,0.63,6.0,no_valid_replacement,False,no_incumbent,True
H1_continuity_fix_only,2025-09-22,2025-09-23,,watch_only,no_valid_replacement,ordinary_market,ordinary_market,False,0.7,5.0,no_valid_replacement,False,no_incumbent,True
H1_continuity_fix_only,2025-09-23,2025-09-24,,watch_only,no_valid_replacement,ordinary_market,ordinary_market,False,0.7,5.0,no_valid_replacement,False,no_incumbent,True
H1_continuity_fix_only,2025-09-24,2025-09-25,,watch_only,no_valid_replacement,ordinary_market,ordinary_market,False,0.7,5.0,no_valid_replacement,False,no_incumbent,True
H1_continuity_fix_only,2025-09-25,2025-09-26,,watch_only,no_valid_replacement,ordinary_market,ordinary_market,False,0.7,5.0,no_valid_replacement,False,no_incumbent,True
H1_continuity_fix_only,2025-09-26,2025-09-30,,watch_only,no_valid_replacement,ordinary_market,ordinary_market,False,0.7,5.0,no_valid_replacement,False,no_incumbent,True
H1_continuity_fix_only,2025-09-30,2025-10-01,,watch_only,no_valid_replacement,ordinary_market,ordinary_market,False,0.7,5.0,no_valid_replacement,False,no_incumbent,True
H1_continuity_fix_only,2025-10-01,2025-10-02,,watch_only,no_valid_replacement,ordinary_market,ordinary_market,False,0.7,5.0,no_valid_replacement,False,no_incumbent,True
H1_continuity_fix_only,2025-10-02,2025-10-03,,watch_only,no_valid_replacement,ordinary_market,ordinary_market,False,0.7,5.0,no_valid_replacement,False,no_incumbent,True
H1_continuity_fix_only,2025-10-03,2025-10-07,,watch_only,no_valid_replacement,ordinary_market,ordinary_market,False,0.7,5.0,no_valid_replacement,False,no_incumbent,True
H1_continuity_fix_only,2025-10-07,2025-10-08,,watch_only,no_valid_replacement,ordinary_market,ordinary_market,False,0.7,5.0,no_valid_replacement,False,no_incumbent,True
H1_continuity_fix_only,2025-10-08,2025-10-09,,watch_only,no_valid_replacement,ordinary_market,ordinary_market,False,0.7,5.0,no_valid_replacement,False,no_incumbent,True
H1_continuity_fix_only,2025-10-09,2025-10-13,,watch_only,no_valid_replacement,ordinary_market,ordinary_market,False,0.7,5.0,no_valid_replacement,False,no_incumbent,True
H1_continuity_fix_only,2025-10-13,2025-10-14,,watch_only,no_valid_replacement,ordinary_market,ordinary_market,False,0.7,5.0,no_valid_replacement,False,no_incumbent,True
H1_continuity_fix_only,2025-10-14,2025-10-15,,watch_only,no_valid_replacement,ordinary_market,ordinary_market,False,0.7,5.0,no_valid_replacement,False,no_incumbent,True
H1_continuity_fix_only,2025-10-15,2025-10-16,,watch_only,no_valid_replacement,ordinary_market,ordinary_market,False,0.7,5.0,no_valid_replacement,False,no_incumbent,True
H1_continuity_fix_only,2025-10-16,2025-10-17,,watch_only,no_valid_replacement,ordinary_market,ordinary_market,False,0.7,5.0,no_valid_replacement,False,no_incumbent,True
H1_continuity_fix_only,2025-10-17,2025-10-20,,watch_only,no_valid_replacement,ordinary_market,ordinary_market,False,0.7,5.0,no_valid_replacement,False,no_incumbent,True
H1_continuity_fix_only,2025-10-20,2025-10-21,,watch_only,no_valid_replacement,ordinary_market,ordinary_market,False,0.7,5.0,no_valid_replacement,False,no_incumbent,True
H1_continuity_fix_only,2025-10-21,2025-10-22,,watch_only,no_valid_replacement,ordinary_market,ordinary_market,False,0.7,5.0,no_valid_replacement,False,no_incumbent,True
H1_continuity_fix_only,2025-10-22,2025-10-23,,watch_only,no_valid_replacement,ordinary_market,ordinary_market,False,0.7,5.0,no_valid_replacement,False,no_incumbent,True
H1_continuity_fix_only,2025-10-23,2025-10-27,,watch_only,no_valid_replacement,ordinary_market,ordinary_market,False,0.7,5.0,no_valid_replacement,False,no_incumbent,True
H1_continuity_fix_only,2025-10-27,2025-10-28,,watch_only,no_valid_replacement,ordinary_market,ordinary_market,False,0.7,5.0,no_valid_replacement,False,no_incumbent,True
H1_continuity_fix_only,2025-10-28,2025-10-29,,watch_only,no_valid_replacement,ordinary_market,ordinary_market,False,0.7,5.0,no_valid_replacement,False,no_incumbent,True
H1_continuity_fix_only,2025-10-29,2025-10-30,,watch_only,no_valid_replacement,ordinary_market,ordinary_market,False,0.7,5.0,no_valid_replacement,False,no_incumbent,True
H1_continuity_fix_only,2025-10-30,2025-10-31,,watch_only,no_valid_replacement,ordinary_market,ordinary_market,False,0.7,5.0,no_valid_replacement,False,no_incumbent,True
H1_continuity_fix_only,2025-10-31,2025-11-03,,watch_only,no_valid_replacement,ordinary_market,ordinary_market,False,0.7,5.0,no_valid_replacement,False,no_incumbent,True
H1_continuity_fix_only,2025-11-03,2025-11-04,,watch_only,no_valid_replacement,ordinary_market,ordinary_market,False,0.7,5.0,no_valid_replacement,False,no_incumbent,True
H1_continuity_fix_only,2025-11-04,2025-11-05,,watch_only,no_valid_replacement,ordinary_market,ordinary_market,False,0.7,5.0,no_valid_replacement,False,no_incumbent,True
H1_continuity_fix_only,2025-11-05,2025-11-06,,watch_only,no_valid_replacement,ordinary_market,ordinary_market,False,0.7,5.0,no_valid_replacement,False,no_incumbent,True
H1_continuity_fix_only,2025-11-06,2025-11-07,,watch_only,no_valid_replacement,ordinary_market,ordinary_market,False,0.7,5.0,no_valid_replacement,False,no_incumbent,True
H1_continuity_fix_only,2025-11-07,2025-11-10,,watch_only,no_valid_replacement,ordinary_market,ordinary_market,False,0.7,5.0,no_valid_replacement,False,no_incumbent,True
H1_continuity_fix_only,2025-11-10,2025-11-11,,watch_only,no_valid_replacement,ordinary_market,ordinary_market,False,0.7,5.0,no_valid_replacement,False,no_incumbent,True
H1_continuity_fix_only,2025-11-11,2025-11-12,,watch_only,no_valid_replacement,ordinary_market,ordinary_market,False,0.7,5.0,no_valid_replacement,False,no_incumbent,True
H1_continuity_fix_only,2025-11-12,2025-11-13,,watch_only,no_valid_replacement,ordinary_market,ordinary_market,False,0.7,5.0,no_valid_replacement,False,no_incumbent,True
H1_continuity_fix_only,2025-11-13,2025-11-14,,watch_only,no_valid_replacement,ordinary_market,ordinary_market,False,0.7,5.0,no_valid_replacement,False,no_incumbent,True
H1_continuity_fix_only,2025-11-14,2025-11-17,,watch_only,no_valid_replacement,ordinary_market,ordinary_market,False,0.7,5.0,no_valid_replacement,False,no_incumbent,True
H1_continuity_fix_only,2025-11-17,2025-11-18,,watch_only,no_valid_replacement,ordinary_market,ordinary_market,False,0.7,5.0,no_valid_replacement,False,no_incumbent,True
H1_continuity_fix_only,2025-11-18,2025-11-19,,watch_only,no_valid_replacement,ordinary_market,ordinary_market,False,0.7,5.0,no_valid_replacement,False,no_incumbent,True
H1_continuity_fix_only,2025-11-19,2025-11-20,,watch_only,no_valid_replacement,ordinary_market,ordinary_market,False,0.7,5.0,no_valid_replacement,False,no_incumbent,True
H1_continuity_fix_only,2025-11-20,2025-11-21,,watch_only,no_valid_replacement,ordinary_market,ordinary_market,False,0.7,5.0,no_valid_replacement,False,no_incumbent,True
H1_continuity_fix_only,2025-11-21,2025-11-24,,watch_only,no_valid_replacement,weak_market,weak_market,False,0.77,4.0,no_valid_replacement,False,no_incumbent,True
H1_continuity_fix_only,2025-11-24,2025-11-25,,watch_only,no_valid_replacement,ordinary_market,ordinary_market,False,0.7,5.0,no_valid_replacement,False,no_incumbent,True
H1_continuity_fix_only,2025-11-25,2025-11-26,,watch_only,no_valid_replacement,ordinary_market,ordinary_market,False,0.7,5.0,no_valid_replacement,False,no_incumbent,True
H1_continuity_fix_only,2025-11-26,2025-11-27,,watch_only,no_valid_replacement,ordinary_market,ordinary_market,False,0.7,5.0,no_valid_replacement,False,no_incumbent,True
H1_continuity_fix_only,2025-11-27,2025-11-28,,watch_only,no_valid_replacement,ordinary_market,ordinary_market,False,0.7,5.0,no_valid_replacement,False,no_incumbent,True
H1_continuity_fix_only,2025-11-28,2025-12-01,,watch_only,no_valid_replacement,ordinary_market,ordinary_market,False,0.7,5.0,no_valid_replacement,False,no_incumbent,True
H1_continuity_fix_only,2025-12-01,2025-12-02,,watch_only,no_valid_replacement,ordinary_market,ordinary_market,False,0.7,5.0,no_valid_replacement,False,no_incumbent,True
H1_continuity_fix_only,2025-12-02,2025-12-03,,watch_only,no_valid_replacement,ordinary_market,ordinary_market,False,0.7,5.0,no_valid_replacement,False,no_incumbent,True
H1_continuity_fix_only,2025-12-03,2025-12-04,,watch_only,no_valid_replacement,ordinary_market,ordinary_market,False,0.7,5.0,no_valid_replacement,False,no_incumbent,True
H1_continuity_fix_only,2025-12-04,2025-12-05,,watch_only,no_valid_replacement,ordinary_market,ordinary_market,False,0.7,5.0,no_valid_replacement,False,no_incumbent,True
H1_continuity_fix_only,2025-12-05,2025-12-08,,watch_only,no_valid_replacement,ordinary_market,ordinary_market,False,0.7,5.0,no_valid_replacement,False,no_incumbent,True
H1_continuity_fix_only,2025-12-08,2025-12-09,,watch_only,no_valid_replacement,ordinary_market,ordinary_market,False,0.7,5.0,no_valid_replacement,False,no_incumbent,True
H1_continuity_fix_only,2025-12-09,2025-12-10,,watch_only,no_valid_replacement,ordinary_market,ordinary_market,False,0.7,5.0,no_valid_replacement,False,no_incumbent,True
H1_continuity_fix_only,2025-12-10,2025-12-11,,watch_only,no_valid_replacement,ordinary_market,ordinary_market,False,0.7,5.0,no_valid_replacement,False,no_incumbent,True
H1_continuity_fix_only,2025-12-11,2025-12-12,,watch_only,no_valid_replacement,ordinary_market,ordinary_market,False,0.7,5.0,no_valid_replacement,False,no_incumbent,True
H1_continuity_fix_only,2025-12-12,2025-12-15,,watch_only,no_valid_replacement,ordinary_market,ordinary_market,False,0.7,5.0,no_valid_replacement,False,no_incumbent,True
H1_continuity_fix_only,2025-12-15,2025-12-16,,watch_only,no_valid_replacement,ordinary_market,ordinary_market,False,0.7,5.0,no_valid_replacement,False,no_incumbent,True
H1_continuity_fix_only,2025-12-16,2025-12-17,,watch_only,no_valid_replacement,ordinary_market,ordinary_market,False,0.7,5.0,no_valid_replacement,False,no_incumbent,True
H1_continuity_fix_only,2025-12-17,2025-12-18,,watch_only,no_valid_replacement,ordinary_market,ordinary_market,False,0.7,5.0,no_valid_replacement,False,no_incumbent,True
H1_continuity_fix_only,2025-12-18,2025-12-19,,watch_only,no_valid_replacement,ordinary_market,ordinary_market,False,0.7,5.0,no_valid_replacement,False,no_incumbent,True
H1_continuity_fix_only,2025-12-19,2025-12-22,,watch_only,no_valid_replacement,ordinary_market,ordinary_market,False,0.7,5.0,no_valid_replacement,False,no_incumbent,True
H1_continuity_fix_only,2025-12-22,2025-12-23,,watch_only,no_valid_replacement,ordinary_market,ordinary_market,False,0.7,5.0,no_valid_replacement,False,no_incumbent,True
H1_continuity_fix_only,2025-12-23,2025-12-24,,watch_only,no_valid_replacement,ordinary_market,ordinary_market,False,0.7,5.0,no_valid_replacement,False,no_incumbent,True
H1_continuity_fix_only,2025-12-24,2025-12-26,,watch_only,no_valid_replacement,ordinary_market,ordinary_market,False,0.7,5.0,no_valid_replacement,False,no_incumbent,True
H1_continuity_fix_only,2025-12-26,2025-12-29,,watch_only,no_valid_replacement,ordinary_market,ordinary_market,False,0.7,5.0,no_valid_replacement,False,no_incumbent,True
H1_continuity_fix_only,2025-12-29,2025-12-30,,watch_only,no_valid_replacement,ordinary_market,ordinary_market,False,0.7,5.0,no_valid_replacement,False,no_incumbent,True
H1_continuity_fix_only,2025-12-30,2025-12-31,,watch_only,no_valid_replacement,ordinary_market,ordinary_market,False,0.7,5.0,no_valid_replacement,False,no_incumbent,True
H1_continuity_fix_only,2025-12-31,2026-01-02,,watch_only,no_valid_replacement,ordinary_market,ordinary_market,False,0.7,5.0,no_valid_replacement,False,no_incumbent,True
H1_continuity_fix_only,2026-01-02,2026-01-05,,watch_only,no_valid_replacement,ordinary_market,ordinary_market,False,0.7,5.0,no_valid_replacement,False,no_incumbent,True
H1_continuity_fix_only,2026-01-05,2026-01-06,,watch_only,no_valid_replacement,ordinary_market,ordinary_market,False,0.7,5.0,no_valid_replacement,False,no_incumbent,True
H1_continuity_fix_only,2026-01-06,2026-01-07,,watch_only,no_valid_replacement,strong_market,strong_market,False,0.63,6.0,no_valid_replacement,False,no_incumbent,True
H1_continuity_fix_only,2026-01-07,2026-01-08,,watch_only,no_valid_replacement,ordinary_market,ordinary_market,False,0.7,5.0,no_valid_replacement,False,no_incumbent,True
H1_continuity_fix_only,2026-01-08,2026-01-09,,watch_only,no_valid_replacement,ordinary_market,ordinary_market,False,0.7,5.0,no_valid_replacement,False,no_incumbent,True
H1_continuity_fix_only,2026-01-09,2026-01-12,,watch_only,no_valid_replacement,ordinary_market,ordinary_market,False,0.7,5.0,no_valid_replacement,False,no_incumbent,True
H1_continuity_fix_only,2026-01-12,2026-01-13,,watch_only,no_valid_replacement,ordinary_market,ordinary_market,False,0.7,5.0,no_valid_replacement,False,no_incumbent,True
H1_continuity_fix_only,2026-01-13,2026-01-14,,watch_only,no_valid_replacement,ordinary_market,ordinary_market,False,0.7,5.0,no_valid_replacement,False,no_incumbent,True
H1_continuity_fix_only,2026-01-14,2026-01-15,,watch_only,no_valid_replacement,ordinary_market,ordinary_market,False,0.7,5.0,no_valid_replacement,False,no_incumbent,True
H1_continuity_fix_only,2026-01-15,2026-01-16,,watch_only,no_valid_replacement,ordinary_market,ordinary_market,False,0.7,5.0,no_valid_replacement,False,no_incumbent,True
H1_continuity_fix_only,2026-01-16,2026-01-19,,watch_only,no_valid_replacement,ordinary_market,ordinary_market,False,0.7,5.0,no_valid_replacement,False,no_incumbent,True
H1_continuity_fix_only,2026-01-19,2026-01-20,,watch_only,no_valid_replacement,ordinary_market,ordinary_market,False,0.7,5.0,no_valid_replacement,False,no_incumbent,True
H1_continuity_fix_only,2026-01-20,2026-01-21,,watch_only,no_valid_replacement,ordinary_market,ordinary_market,False,0.7,5.0,no_valid_replacement,False,no_incumbent,True
H1_continuity_fix_only,2026-01-21,2026-01-22,,watch_only,no_valid_replacement,ordinary_market,ordinary_market,False,0.7,5.0,no_valid_replacement,False,no_incumbent,True
H1_continuity_fix_only,2026-01-22,2026-01-23,,watch_only,no_valid_replacement,ordinary_market,ordinary_market,False,0.7,5.0,no_valid_replacement,False,no_incumbent,True
H1_continuity_fix_only,2026-01-23,2026-01-26,,watch_only,no_valid_replacement,ordinary_market,ordinary_market,False,0.7,5.0,no_valid_replacement,False,no_incumbent,True
H1_continuity_fix_only,2026-01-26,2026-01-27,5347,forced_replacement,invalid_or_weak_incumbent,ordinary_market,ordinary_market,False,0.7,5.0,forced_replacement_no_incumbent_valid_replacement_available,False,no_incumbent,True
H1_continuity_fix_only,2026-01-27,2026-01-28,5347,hold_incumbent,valid_incumbent_no_better_challenger,ordinary_market,ordinary_market,False,0.7,5.0,valid_incumbent_no_better_challenger,True,valid_incumbent,True
H1_continuity_fix_only,2026-01-28,2026-01-29,5347,hold_incumbent,valid_incumbent_no_better_challenger,strong_market,strong_market,False,0.63,6.0,valid_incumbent_no_better_challenger,True,valid_incumbent,True
H1_continuity_fix_only,2026-01-29,2026-01-30,5347,hold_incumbent,valid_incumbent_no_better_challenger,ordinary_market,ordinary_market,False,0.7,5.0,valid_incumbent_no_better_challenger,True,valid_incumbent,True
H1_continuity_fix_only,2026-01-30,2026-02-02,5347,hold_incumbent,valid_incumbent_no_better_challenger,ordinary_market,ordinary_market,False,0.7,5.0,valid_incumbent_no_better_challenger,True,valid_incumbent,True
H1_continuity_fix_only,2026-02-02,2026-02-03,5347,hold_incumbent,invalid_or_weak_incumbent,ordinary_market,ordinary_market,False,0.7,5.0,forced_label_rejected_incumbent_still_valid,True,outside_primary80_without_hard_invalid_evidence_continuity_allowed,True
H1_continuity_fix_only,2026-02-03,2026-02-04,3081,hold_incumbent,valid_incumbent_no_better_challenger,ordinary_market,ordinary_market,False,0.7,5.0,valid_incumbent_no_better_challenger,True,outside_primary80_without_hard_invalid_evidence_continuity_allowed,True
H1_continuity_fix_only,2026-02-04,2026-02-05,3081,hold_incumbent,applied_controller_switch_gate_failed,ordinary_market,ordinary_market,False,0.7,5.0,applied_controller_switch_gate_failed,True,valid_incumbent,True
H1_continuity_fix_only,2026-02-05,2026-02-06,2454,switch_to_challenger,applied_controller_margin_blocks_weakening,weak_market,weak_market,False,0.77,4.0,applied_controller_margin_blocks_weakening,True,valid_incumbent,True
H1_continuity_fix_only,2026-02-06,2026-02-09,2454,hold_incumbent,valid_incumbent_no_better_challenger,ordinary_market,ordinary_market,False,0.7,5.0,valid_incumbent_no_better_challenger,True,valid_incumbent,True
H1_continuity_fix_only,2026-02-09,2026-02-10,2454,hold_incumbent,invalid_or_weak_incumbent,ordinary_market,ordinary_market,False,0.7,5.0,forced_label_rejected_incumbent_still_valid,True,outside_primary80_without_hard_invalid_evidence_continuity_allowed,True
H1_continuity_fix_only,2026-02-10,2026-02-11,6223,hold_incumbent,applied_controller_switch_gate_failed,ordinary_market,ordinary_market,False,0.7,5.0,applied_controller_switch_gate_failed,True,outside_primary80_without_hard_invalid_evidence_continuity_allowed,True
H1_continuity_fix_only,2026-02-11,2026-02-23,6223,hold_incumbent,applied_controller_switch_gate_failed,ordinary_market,ordinary_market,False,0.7,5.0,applied_controller_switch_gate_failed,True,valid_incumbent,True
H1_continuity_fix_only,2026-02-23,2026-02-24,6223,hold_incumbent,applied_controller_switch_gate_failed,ordinary_market,ordinary_market,False,0.7,5.0,applied_controller_switch_gate_failed,True,valid_incumbent,True
H1_continuity_fix_only,2026-02-24,2026-02-25,6223,hold_incumbent,applied_controller_switch_gate_failed,ordinary_market,ordinary_market,False,0.7,5.0,applied_controller_switch_gate_failed,True,valid_incumbent,True
H1_continuity_fix_only,2026-02-25,2026-02-26,6223,hold_incumbent,applied_controller_switch_gate_failed,ordinary_market,ordinary_market,False,0.7,5.0,applied_controller_switch_gate_failed,True,valid_incumbent,True
H1_continuity_fix_only,2026-02-26,2026-03-02,6223,hold_incumbent,applied_controller_switch_gate_failed,strong_market,strong_market,False,0.63,6.0,applied_controller_switch_gate_failed,True,valid_incumbent,True
H1_continuity_fix_only,2026-03-02,2026-03-03,6223,hold_incumbent,applied_controller_switch_gate_failed,ordinary_market,ordinary_market,False,0.7,5.0,applied_controller_switch_gate_failed,True,valid_incumbent,True
H1_continuity_fix_only,2026-03-03,2026-03-04,6223,hold_incumbent,applied_controller_switch_gate_failed,ordinary_market,ordinary_market,False,0.7,5.0,applied_controller_switch_gate_failed,True,valid_incumbent,True
H1_continuity_fix_only,2026-03-04,2026-03-05,6223,hold_incumbent,applied_controller_switch_gate_failed,ordinary_market,ordinary_market,False,0.7,5.0,applied_controller_switch_gate_failed,True,valid_incumbent,True
H1_continuity_fix_only,2026-03-05,2026-03-06,6223,hold_incumbent,applied_controller_switch_gate_failed,ordinary_market,ordinary_market,False,0.7,5.0,applied_controller_switch_gate_failed,True,valid_incumbent,True
H1_continuity_fix_only,2026-03-06,2026-03-09,6223,hold_incumbent,applied_controller_switch_gate_failed,ordinary_market,ordinary_market,False,0.7,5.0,applied_controller_switch_gate_failed,True,valid_incumbent,True
H1_continuity_fix_only,2026-03-09,2026-03-10,6223,hold_incumbent,applied_controller_switch_gate_failed,ordinary_market,ordinary_market,False,0.7,5.0,applied_controller_switch_gate_failed,True,valid_incumbent,True
H1_continuity_fix_only,2026-03-10,2026-03-11,6223,hold_incumbent,applied_controller_switch_gate_failed,ordinary_market,ordinary_market,False,0.7,5.0,applied_controller_switch_gate_failed,True,valid_incumbent,True
H1_continuity_fix_only,2026-03-11,2026-03-12,2327,switch_to_challenger,applied_controller_margin_blocks_weakening,weak_market,weak_market,False,0.77,4.0,applied_controller_margin_blocks_weakening,True,valid_incumbent,True
H1_continuity_fix_only,2026-03-12,2026-03-13,3481,forced_replacement,invalid_or_weak_incumbent,ordinary_market,ordinary_market,False,0.7,5.0,forced_replacement_confirmed_weakening_valid_replacement_available,False,confirmed_weakening,True
H1_continuity_fix_only,2026-03-13,2026-03-16,3481,hold_incumbent,applied_controller_switch_gate_failed,ordinary_market,ordinary_market,False,0.7,5.0,applied_controller_switch_gate_failed,True,valid_incumbent,True
H1_continuity_fix_only,2026-03-16,2026-03-17,3481,hold_incumbent,invalid_or_weak_incumbent,ordinary_market,ordinary_market,False,0.7,5.0,forced_label_rejected_incumbent_still_valid,True,outside_primary80_without_hard_invalid_evidence_continuity_allowed,True
H1_continuity_fix_only,2026-03-17,2026-03-18,1785,hold_incumbent,valid_incumbent_no_better_challenger,ordinary_market,ordinary_market,False,0.7,5.0,valid_incumbent_no_better_challenger,True,outside_primary80_without_hard_invalid_evidence_continuity_allowed,True
H1_continuity_fix_only,2026-03-18,2026-03-19,1785,hold_incumbent,applied_controller_switch_gate_failed,strong_market,strong_market,False,0.63,6.0,applied_controller_switch_gate_failed,True,valid_incumbent,True
H1_continuity_fix_only,2026-03-19,2026-03-20,1785,hold_incumbent,applied_controller_switch_gate_failed,ordinary_market,ordinary_market,False,0.7,5.0,applied_controller_switch_gate_failed,True,valid_incumbent,True
H1_continuity_fix_only,2026-03-20,2026-03-23,1785,hold_incumbent,applied_controller_switch_gate_failed,ordinary_market,ordinary_market,False,0.7,5.0,applied_controller_switch_gate_failed,True,valid_incumbent,True
H1_continuity_fix_only,2026-03-23,2026-03-24,1785,hold_incumbent,applied_controller_switch_gate_failed,ordinary_market,ordinary_market,False,0.7,5.0,applied_controller_switch_gate_failed,True,valid_incumbent,True
H1_continuity_fix_only,2026-03-24,2026-03-25,1785,hold_incumbent,valid_incumbent_no_better_challenger,weak_market,weak_market,False,0.77,4.0,valid_incumbent_no_better_challenger,True,valid_incumbent,True
H1_continuity_fix_only,2026-03-25,2026-03-26,1785,hold_incumbent,applied_controller_switch_gate_failed,weak_market,weak_market,False,0.77,4.0,applied_controller_switch_gate_failed,True,valid_incumbent,True
H1_continuity_fix_only,2026-03-26,2026-03-27,3131,switch_to_challenger,applied_controller_margin_blocks_weakening,weak_market,weak_market,False,0.77,4.0,applied_controller_margin_blocks_weakening,True,valid_incumbent,True
H1_continuity_fix_only,2026-03-27,2026-03-30,3131,hold_incumbent,applied_controller_switch_gate_failed,weak_market,weak_market,False,0.77,4.0,applied_controller_switch_gate_failed,True,valid_incumbent,True
H1_continuity_fix_only,2026-03-30,2026-03-31,3131,hold_incumbent,invalid_or_weak_incumbent,weak_market,weak_market,False,0.77,4.0,forced_label_rejected_incumbent_still_valid,True,outside_primary80_without_hard_invalid_evidence_continuity_allowed,True
H1_continuity_fix_only,2026-03-31,2026-04-01,4958,hold_incumbent,valid_incumbent_no_better_challenger,weak_market,weak_market,False,0.77,4.0,valid_incumbent_no_better_challenger,True,outside_primary80_without_hard_invalid_evidence_continuity_allowed,True
H1_continuity_fix_only,2026-04-01,2026-04-02,4958,hold_incumbent,valid_incumbent_no_better_challenger,ordinary_market,ordinary_market,False,0.7,5.0,valid_incumbent_no_better_challenger,True,valid_incumbent,True
H1_continuity_fix_only,2026-04-02,2026-04-07,4958,hold_incumbent,applied_controller_switch_gate_failed,weak_market,weak_market,False,0.77,4.0,applied_controller_switch_gate_failed,True,valid_incumbent,True
H1_continuity_fix_only,2026-04-07,2026-04-08,4958,hold_incumbent,invalid_or_weak_incumbent,ordinary_market,ordinary_market,False,0.7,5.0,forced_label_rejected_incumbent_still_valid,True,outside_primary80_without_hard_invalid_evidence_continuity_allowed,True
H1_continuity_fix_only,2026-04-08,2026-04-09,3037,hold_incumbent,applied_controller_switch_gate_failed,ordinary_market,ordinary_market,False,0.7,5.0,applied_controller_switch_gate_failed,True,outside_primary80_without_hard_invalid_evidence_continuity_allowed,True
H1_continuity_fix_only,2026-04-09,2026-04-10,3037,hold_incumbent,applied_controller_switch_gate_failed,ordinary_market,ordinary_market,False,0.7,5.0,applied_controller_switch_gate_failed,True,valid_incumbent,True
H1_continuity_fix_only,2026-04-10,2026-04-13,3037,hold_incumbent,valid_incumbent_no_better_challenger,ordinary_market,ordinary_market,False,0.7,5.0,valid_incumbent_no_better_challenger,True,valid_incumbent,True
H1_continuity_fix_only,2026-04-13,2026-04-14,3037,hold_incumbent,applied_controller_switch_gate_failed,ordinary_market,ordinary_market,False,0.7,5.0,applied_controller_switch_gate_failed,True,valid_incumbent,True
H1_continuity_fix_only,2026-04-14,2026-04-15,3037,hold_incumbent,applied_controller_switch_gate_failed,ordinary_market,ordinary_market,False,0.7,5.0,applied_controller_switch_gate_failed,True,valid_incumbent,True
H1_continuity_fix_only,2026-04-15,2026-04-16,3037,hold_incumbent,applied_controller_switch_gate_failed,ordinary_market,ordinary_market,False,0.7,5.0,applied_controller_switch_gate_failed,True,valid_incumbent,True
H1_continuity_fix_only,2026-04-16,2026-04-17,3037,hold_incumbent,applied_controller_switch_gate_failed,ordinary_market,ordinary_market,False,0.7,5.0,applied_controller_switch_gate_failed,True,valid_incumbent,True
H1_continuity_fix_only,2026-04-17,2026-04-20,3037,hold_incumbent,applied_controller_switch_gate_failed,ordinary_market,ordinary_market,False,0.7,5.0,applied_controller_switch_gate_failed,True,valid_incumbent,True
H1_continuity_fix_only,2026-04-20,2026-04-21,3037,hold_incumbent,applied_controller_switch_gate_failed,ordinary_market,ordinary_market,False,0.7,5.0,applied_controller_switch_gate_failed,True,valid_incumbent,True
H1_continuity_fix_only,2026-04-21,2026-04-22,3037,hold_incumbent,applied_controller_switch_gate_failed,ordinary_market,ordinary_market,False,0.7,5.0,applied_controller_switch_gate_failed,True,valid_incumbent,True
H1_continuity_fix_only,2026-04-22,2026-04-23,3037,hold_incumbent,applied_controller_switch_gate_failed,strong_market,strong_market,False,0.63,6.0,applied_controller_switch_gate_failed,True,valid_incumbent,True
H1_continuity_fix_only,2026-04-23,2026-04-24,3037,hold_incumbent,applied_controller_switch_gate_failed,strong_market,strong_market,False,0.63,6.0,applied_controller_switch_gate_failed,True,valid_incumbent,True
H1_continuity_fix_only,2026-04-24,2026-04-27,3037,hold_incumbent,applied_controller_switch_gate_failed,strong_market,strong_market,False,0.63,6.0,applied_controller_switch_gate_failed,True,valid_incumbent,True
H1_continuity_fix_only,2026-04-27,2026-04-28,3037,hold_incumbent,applied_controller_switch_gate_failed,strong_market,strong_market,False,0.63,6.0,applied_controller_switch_gate_failed,True,valid_incumbent,True
H1_continuity_fix_only,2026-04-28,2026-04-29,3037,hold_incumbent,applied_controller_switch_gate_failed,ordinary_market,ordinary_market,False,0.7,5.0,applied_controller_switch_gate_failed,True,valid_incumbent,True
H1_continuity_fix_only,2026-04-29,2026-04-30,3037,hold_incumbent,applied_controller_switch_gate_failed,ordinary_market,ordinary_market,False,0.7,5.0,applied_controller_switch_gate_failed,True,valid_incumbent,True
H1_continuity_fix_only,2026-04-30,2026-05-04,3037,hold_incumbent,applied_controller_switch_gate_failed,ordinary_market,ordinary_market,False,0.7,5.0,applied_controller_switch_gate_failed,True,valid_incumbent,True
H1_continuity_fix_only,2026-05-04,2026-05-05,3037,hold_incumbent,invalid_or_weak_incumbent,ordinary_market,ordinary_market,False,0.7,5.0,forced_label_rejected_incumbent_still_valid,True,outside_primary80_without_hard_invalid_evidence_continuity_allowed,True
H1_continuity_fix_only,2026-05-05,2026-05-06,2308,hold_incumbent,valid_incumbent_no_better_challenger,ordinary_market,ordinary_market,False,0.7,5.0,valid_incumbent_no_better_challenger,True,outside_primary80_without_hard_invalid_evidence_continuity_allowed,True
H1_continuity_fix_only,2026-05-06,2026-05-07,2308,hold_incumbent,applied_controller_switch_gate_failed,strong_market,strong_market,False,0.63,6.0,applied_controller_switch_gate_failed,True,valid_incumbent,True
H1_continuity_fix_only,2026-05-07,2026-05-08,2308,hold_incumbent,applied_controller_switch_gate_failed,strong_market,strong_market,False,0.63,6.0,applied_controller_switch_gate_failed,True,valid_incumbent,True
H1_continuity_fix_only,2026-05-08,2026-05-11,2308,hold_incumbent,applied_controller_switch_gate_failed,ordinary_market,ordinary_market,False,0.7,5.0,applied_controller_switch_gate_failed,True,valid_incumbent,True
H1_continuity_fix_only,2026-05-11,2026-05-12,2308,hold_incumbent,invalid_or_weak_incumbent,strong_market,strong_market,False,0.63,6.0,forced_label_rejected_incumbent_still_valid,True,outside_primary80_without_hard_invalid_evidence_continuity_allowed,True
H1_continuity_fix_only,2026-05-12,2026-05-13,8210,hold_incumbent,applied_controller_switch_gate_failed,strong_market,strong_market,False,0.63,6.0,applied_controller_switch_gate_failed,True,outside_primary80_without_hard_invalid_evidence_continuity_allowed,True
H1_continuity_fix_only,2026-05-13,2026-05-14,8210,hold_incumbent,applied_controller_switch_gate_failed,ordinary_market,ordinary_market,False,0.7,5.0,applied_controller_switch_gate_failed,True,valid_incumbent,True
H1_continuity_fix_only,2026-05-14,2026-05-15,8210,hold_incumbent,applied_controller_switch_gate_failed,ordinary_market,ordinary_market,False,0.7,5.0,applied_controller_switch_gate_failed,True,valid_incumbent,True
H1_continuity_fix_only,2026-05-15,2026-05-18,8210,hold_incumbent,applied_controller_switch_gate_failed,ordinary_market,ordinary_market,False,0.7,5.0,applied_controller_switch_gate_failed,True,valid_incumbent,True
H1_continuity_fix_only,2026-05-18,2026-05-19,8210,hold_incumbent,applied_controller_switch_gate_failed,ordinary_market,ordinary_market,False,0.7,5.0,applied_controller_switch_gate_failed,True,valid_incumbent,True
H1_continuity_fix_only,2026-05-19,2026-05-20,8210,hold_incumbent,applied_controller_switch_gate_failed,ordinary_market,ordinary_market,False,0.7,5.0,applied_controller_switch_gate_failed,True,valid_incumbent,True
H1_continuity_fix_only,2026-05-20,2026-05-21,6415,switch_to_challenger,applied_controller_margin_blocks_weakening,ordinary_market,ordinary_market,False,0.7,5.0,applied_controller_margin_blocks_weakening,True,valid_incumbent,True
H1_continuity_fix_only,2026-05-21,2026-05-22,6415,hold_incumbent,applied_controller_switch_gate_failed,ordinary_market,ordinary_market,False,0.7,5.0,applied_controller_switch_gate_failed,True,valid_incumbent,True
H1_continuity_fix_only,2026-05-22,2026-05-25,6415,hold_incumbent,applied_controller_switch_gate_failed,strong_market,strong_market,False,0.63,6.0,applied_controller_switch_gate_failed,True,valid_incumbent,True
H1_continuity_fix_only,2026-05-25,2026-05-26,6415,hold_incumbent,applied_controller_switch_gate_failed,strong_market,strong_market,False,0.63,6.0,applied_controller_switch_gate_failed,True,valid_incumbent,True
H1_continuity_fix_only,2026-05-26,2026-05-27,6415,hold_incumbent,applied_controller_switch_gate_failed,ordinary_market,ordinary_market,False,0.7,5.0,applied_controller_switch_gate_failed,True,valid_incumbent,True
H1_continuity_fix_only,2026-05-27,2026-05-28,6415,hold_incumbent,applied_controller_switch_gate_failed,strong_market,strong_market,False,0.63,6.0,applied_controller_switch_gate_failed,True,valid_incumbent,True
H1_continuity_fix_only,2026-05-28,2026-05-29,6415,hold_incumbent,applied_controller_switch_gate_failed,strong_market,strong_market,False,0.63,6.0,applied_controller_switch_gate_failed,True,valid_incumbent,True
H1_continuity_fix_only,2026-05-29,2026-06-01,6415,hold_incumbent,applied_controller_switch_gate_failed,strong_market,strong_market,False,0.63,6.0,applied_controller_switch_gate_failed,True,valid_incumbent,True
H1_continuity_fix_only,2026-06-01,2026-06-02,6415,hold_incumbent,invalid_or_weak_incumbent,strong_market,strong_market,False,0.63,6.0,forced_label_rejected_incumbent_still_valid,True,outside_primary80_without_hard_invalid_evidence_continuity_allowed,True
H1_continuity_fix_only,2026-06-02,2026-06-03,2356,hold_incumbent,valid_incumbent_no_better_challenger,strong_market,strong_market,False,0.63,6.0,valid_incumbent_no_better_challenger,True,outside_primary80_without_hard_invalid_evidence_continuity_allowed,True
H1_continuity_fix_only,2026-06-03,2026-06-04,2356,hold_incumbent,valid_incumbent_no_better_challenger,ordinary_market,ordinary_market,False,0.7,5.0,valid_incumbent_no_better_challenger,True,valid_incumbent,True
H1_continuity_fix_only,2026-06-04,2026-06-05,2356,hold_incumbent,valid_incumbent_no_better_challenger,ordinary_market,ordinary_market,False,0.7,5.0,valid_incumbent_no_better_challenger,True,valid_incumbent,True
H1_continuity_fix_only,2026-06-05,2026-06-08,2356,hold_incumbent,valid_incumbent_no_better_challenger,ordinary_market,ordinary_market,False,0.7,5.0,valid_incumbent_no_better_challenger,True,valid_incumbent,True
H1_continuity_fix_only,2026-06-08,2026-06-09,2356,hold_incumbent,invalid_or_weak_incumbent,ordinary_market,ordinary_market,False,0.7,5.0,forced_label_rejected_incumbent_still_valid,True,outside_primary80_without_hard_invalid_evidence_continuity_allowed,True
H1_continuity_fix_only,2026-06-09,2026-06-10,2356,hold_incumbent,invalid_or_weak_incumbent,ordinary_market,ordinary_market,False,0.7,5.0,forced_label_rejected_incumbent_still_valid,True,outside_primary80_without_hard_invalid_evidence_continuity_allowed,True
H1_continuity_fix_only,2026-06-10,2026-06-11,5289,hold_incumbent,applied_controller_switch_gate_failed,ordinary_market,ordinary_market,False,0.7,5.0,applied_controller_switch_gate_failed,True,outside_primary80_without_hard_invalid_evidence_continuity_allowed,True
H1_continuity_fix_only,2026-06-11,2026-06-12,5289,hold_incumbent,applied_controller_switch_gate_failed,ordinary_market,ordinary_market,False,0.7,5.0,applied_controller_switch_gate_failed,True,valid_incumbent,True
H1_continuity_fix_only,2026-06-12,2026-06-15,5289,hold_incumbent,applied_controller_switch_gate_failed,ordinary_market,ordinary_market,False,0.7,5.0,applied_controller_switch_gate_failed,True,valid_incumbent,True
H1_continuity_fix_only,2026-06-15,2026-06-16,5289,hold_incumbent,applied_controller_switch_gate_failed,ordinary_market,ordinary_market,False,0.7,5.0,applied_controller_switch_gate_failed,True,valid_incumbent,True
H1_continuity_fix_only,2026-06-16,2026-06-17,5289,hold_incumbent,applied_controller_switch_gate_failed,ordinary_market,ordinary_market,False,0.7,5.0,applied_controller_switch_gate_failed,True,valid_incumbent,True
H1_continuity_fix_only,2026-06-17,2026-06-18,5289,hold_incumbent,applied_controller_switch_gate_failed,ordinary_market,ordinary_market,False,0.7,5.0,applied_controller_switch_gate_failed,True,valid_incumbent,True
H1_continuity_fix_only,2026-06-18,2026-06-22,5289,hold_incumbent,applied_controller_switch_gate_failed,ordinary_market,ordinary_market,False,0.7,5.0,applied_controller_switch_gate_failed,True,valid_incumbent,True
H1_continuity_fix_only,2026-06-22,2026-06-23,5289,hold_incumbent,applied_controller_switch_gate_failed,ordinary_market,ordinary_market,False,0.7,5.0,applied_controller_switch_gate_failed,True,valid_incumbent,True
H1_continuity_fix_only,2026-06-23,2026-06-24,5289,hold_incumbent,applied_controller_switch_gate_failed,ordinary_market,ordinary_market,False,0.7,5.0,applied_controller_switch_gate_failed,True,valid_incumbent,True
H1_continuity_fix_only,2026-06-24,2026-06-25,5289,hold_incumbent,applied_controller_switch_gate_failed,ordinary_market,ordinary_market,False,0.7,5.0,applied_controller_switch_gate_failed,True,valid_incumbent,True
H1_continuity_fix_only,2026-06-25,2026-06-26,5289,hold_incumbent,applied_controller_switch_gate_failed,ordinary_market,ordinary_market,False,0.7,5.0,applied_controller_switch_gate_failed,True,valid_incumbent,True
H1_continuity_fix_only,2026-06-26,2026-06-29,2303,switch_to_challenger,applied_controller_margin_blocks_weakening,ordinary_market,ordinary_market,False,0.7,5.0,applied_controller_margin_blocks_weakening,True,valid_incumbent,True
H2_forced_replacement_only,2023-07-17,2023-07-18,,not_model_ready,invalid_or_weak_incumbent,PIT_warmup_or_low_confidence,ordinary_market,True,0.7,5.0,PIT_warmup_or_low_confidence_reference_only,False,no_incumbent,False
H2_forced_replacement_only,2023-07-18,2023-07-19,,not_model_ready,valid_incumbent_no_better_challenger,PIT_warmup_or_low_confidence,ordinary_market,True,0.7,5.0,PIT_warmup_or_low_confidence_reference_only,False,no_incumbent,False
H2_forced_replacement_only,2023-07-19,2023-07-20,,not_model_ready,valid_incumbent_no_better_challenger,PIT_warmup_or_low_confidence,ordinary_market,True,0.7,5.0,PIT_warmup_or_low_confidence_reference_only,False,no_incumbent,False
H2_forced_replacement_only,2023-07-20,2023-07-21,,not_model_ready,valid_incumbent_no_better_challenger,PIT_warmup_or_low_confidence,ordinary_market,True,0.7,5.0,PIT_warmup_or_low_confidence_reference_only,False,no_incumbent,False
H2_forced_replacement_only,2023-07-21,2023-07-24,,not_model_ready,applied_controller_switch_gate_failed,PIT_warmup_or_low_confidence,ordinary_market,True,0.7,5.0,PIT_warmup_or_low_confidence_reference_only,False,no_incumbent,False
H2_forced_replacement_only,2023-07-24,2023-07-25,,not_model_ready,invalid_or_weak_incumbent,PIT_warmup_or_low_confidence,ordinary_market,True,0.7,5.0,PIT_warmup_or_low_confidence_reference_only,False,no_incumbent,False
H2_forced_replacement_only,2023-07-25,2023-07-26,,not_model_ready,applied_controller_switch_gate_failed,PIT_warmup_or_low_confidence,ordinary_market,True,0.7,5.0,PIT_warmup_or_low_confidence_reference_only,False,no_incumbent,False
H2_forced_replacement_only,2023-07-26,2023-07-27,,not_model_ready,applied_controller_switch_gate_failed,PIT_warmup_or_low_confidence,ordinary_market,True,0.7,5.0,PIT_warmup_or_low_confidence_reference_only,False,no_incumbent,False
H2_forced_replacement_only,2023-07-27,2023-07-28,,not_model_ready,applied_controller_switch_gate_failed,PIT_warmup_or_low_confidence,ordinary_market,True,0.7,5.0,PIT_warmup_or_low_confidence_reference_only,False,no_incumbent,False
H2_forced_replacement_only,2023-07-28,2023-07-31,,not_model_ready,applied_controller_switch_gate_failed,PIT_warmup_or_low_confidence,ordinary_market,True,0.7,5.0,PIT_warmup_or_low_confidence_reference_only,False,no_incumbent,False
H2_forced_replacement_only,2023-07-31,2023-08-01,,not_model_ready,invalid_or_weak_incumbent,PIT_warmup_or_low_confidence,ordinary_market,True,0.7,5.0,PIT_warmup_or_low_confidence_reference_only,False,no_incumbent,False
H2_forced_replacement_only,2023-08-01,2023-08-02,,not_model_ready,valid_incumbent_no_better_challenger,PIT_warmup_or_low_confidence,ordinary_market,True,0.7,5.0,PIT_warmup_or_low_confidence_reference_only,False,no_incumbent,False
H2_forced_replacement_only,2023-08-02,2023-08-04,,not_model_ready,applied_controller_switch_gate_failed,PIT_warmup_or_low_confidence,ordinary_market,True,0.7,5.0,PIT_warmup_or_low_confidence_reference_only,False,no_incumbent,False
H2_forced_replacement_only,2023-08-04,2023-08-07,,not_model_ready,applied_controller_switch_gate_failed,PIT_warmup_or_low_confidence,ordinary_market,True,0.7,5.0,PIT_warmup_or_low_confidence_reference_only,False,no_incumbent,False
H2_forced_replacement_only,2023-08-07,2023-08-08,,not_model_ready,invalid_or_weak_incumbent,PIT_warmup_or_low_confidence,ordinary_market,True,0.7,5.0,PIT_warmup_or_low_confidence_reference_only,False,no_incumbent,False
H2_forced_replacement_only,2023-08-08,2023-08-09,,not_model_ready,applied_controller_switch_gate_failed,PIT_warmup_or_low_confidence,ordinary_market,True,0.7,5.0,PIT_warmup_or_low_confidence_reference_only,False,no_incumbent,False
H2_forced_replacement_only,2023-08-09,2023-08-10,,not_model_ready,applied_controller_switch_gate_failed,PIT_warmup_or_low_confidence,ordinary_market,True,0.7,5.0,PIT_warmup_or_low_confidence_reference_only,False,no_incumbent,False
H2_forced_replacement_only,2023-08-10,2023-08-11,,not_model_ready,applied_controller_switch_gate_failed,PIT_warmup_or_low_confidence,ordinary_market,True,0.7,5.0,PIT_warmup_or_low_confidence_reference_only,False,no_incumbent,False
H2_forced_replacement_only,2023-08-11,2023-08-14,,not_model_ready,applied_controller_switch_gate_failed,PIT_warmup_or_low_confidence,ordinary_market,True,0.7,5.0,PIT_warmup_or_low_confidence_reference_only,False,no_incumbent,False
H2_forced_replacement_only,2023-08-14,2023-08-15,,not_model_ready,invalid_or_weak_incumbent,PIT_warmup_or_low_confidence,ordinary_market,True,0.7,5.0,PIT_warmup_or_low_confidence_reference_only,False,no_incumbent,False
H2_forced_replacement_only,2023-08-15,2023-08-16,,not_model_ready,valid_incumbent_no_better_challenger,PIT_warmup_or_low_confidence,ordinary_market,True,0.7,5.0,PIT_warmup_or_low_confidence_reference_only,False,no_incumbent,False
H2_forced_replacement_only,2023-08-16,2023-08-17,,not_model_ready,applied_controller_switch_gate_failed,PIT_warmup_or_low_confidence,ordinary_market,True,0.7,5.0,PIT_warmup_or_low_confidence_reference_only,False,no_incumbent,False
H2_forced_replacement_only,2023-08-17,2023-08-18,,not_model_ready,valid_incumbent_no_better_challenger,PIT_warmup_or_low_confidence,ordinary_market,True,0.7,5.0,PIT_warmup_or_low_confidence_reference_only,False,no_incumbent,False
H2_forced_replacement_only,2023-08-18,2023-08-21,,not_model_ready,valid_incumbent_no_better_challenger,PIT_warmup_or_low_confidence,ordinary_market,True,0.7,5.0,PIT_warmup_or_low_confidence_reference_only,False,no_incumbent,False
H2_forced_replacement_only,2023-08-21,2023-08-22,,not_model_ready,invalid_or_weak_incumbent,PIT_warmup_or_low_confidence,ordinary_market,True,0.7,5.0,PIT_warmup_or_low_confidence_reference_only,False,no_incumbent,False
H2_forced_replacement_only,2023-08-22,2023-08-23,,not_model_ready,applied_controller_switch_gate_failed,PIT_warmup_or_low_confidence,ordinary_market,True,0.7,5.0,PIT_warmup_or_low_confidence_reference_only,False,no_incumbent,False
H2_forced_replacement_only,2023-08-23,2023-08-24,,not_model_ready,valid_incumbent_no_better_challenger,PIT_warmup_or_low_confidence,ordinary_market,True,0.7,5.0,PIT_warmup_or_low_confidence_reference_only,False,no_incumbent,False
H2_forced_replacement_only,2023-08-24,2023-08-25,,not_model_ready,applied_controller_switch_gate_failed,PIT_warmup_or_low_confidence,ordinary_market,True,0.7,5.0,PIT_warmup_or_low_confidence_reference_only,False,no_incumbent,False
H2_forced_replacement_only,2023-08-25,2023-08-28,,not_model_ready,applied_controller_switch_gate_failed,PIT_warmup_or_low_confidence,ordinary_market,True,0.7,5.0,PIT_warmup_or_low_confidence_reference_only,False,no_incumbent,False
H2_forced_replacement_only,2023-08-28,2023-08-29,,not_model_ready,invalid_or_weak_incumbent,PIT_warmup_or_low_confidence,ordinary_market,True,0.7,5.0,PIT_warmup_or_low_confidence_reference_only,False,no_incumbent,False
H2_forced_replacement_only,2023-08-29,2023-08-30,,not_model_ready,applied_controller_switch_gate_failed,PIT_warmup_or_low_confidence,ordinary_market,True,0.7,5.0,PIT_warmup_or_low_confidence_reference_only,False,no_incumbent,False
H2_forced_replacement_only,2023-08-30,2023-08-31,,not_model_ready,applied_controller_switch_gate_failed,PIT_warmup_or_low_confidence,ordinary_market,True,0.7,5.0,PIT_warmup_or_low_confidence_reference_only,False,no_incumbent,False
H2_forced_replacement_only,2023-08-31,2023-09-01,,not_model_ready,applied_controller_switch_gate_failed,PIT_warmup_or_low_confidence,ordinary_market,True,0.7,5.0,PIT_warmup_or_low_confidence_reference_only,False,no_incumbent,False
H2_forced_replacement_only,2023-09-01,2023-09-04,,not_model_ready,applied_controller_switch_gate_failed,PIT_warmup_or_low_confidence,ordinary_market,True,0.7,5.0,PIT_warmup_or_low_confidence_reference_only,False,no_incumbent,False
H2_forced_replacement_only,2023-09-04,2023-09-05,,not_model_ready,invalid_or_weak_incumbent,PIT_warmup_or_low_confidence,ordinary_market,True,0.7,5.0,PIT_warmup_or_low_confidence_reference_only,False,no_incumbent,False
H2_forced_replacement_only,2023-09-05,2023-09-06,,not_model_ready,applied_controller_switch_gate_failed,PIT_warmup_or_low_confidence,ordinary_market,True,0.7,5.0,PIT_warmup_or_low_confidence_reference_only,False,no_incumbent,False
H2_forced_replacement_only,2023-09-06,2023-09-07,,not_model_ready,invalid_or_weak_incumbent,PIT_warmup_or_low_confidence,ordinary_market,True,0.7,5.0,PIT_warmup_or_low_confidence_reference_only,False,no_incumbent,False
H2_forced_replacement_only,2023-09-07,2023-09-08,,not_model_ready,valid_incumbent_no_better_challenger,PIT_warmup_or_low_confidence,ordinary_market,True,0.7,5.0,PIT_warmup_or_low_confidence_reference_only,False,no_incumbent,False
H2_forced_replacement_only,2023-09-08,2023-09-11,,not_model_ready,applied_controller_switch_gate_failed,PIT_warmup_or_low_confidence,ordinary_market,True,0.7,5.0,PIT_warmup_or_low_confidence_reference_only,False,no_incumbent,False
H2_forced_replacement_only,2023-09-11,2023-09-12,,not_model_ready,invalid_or_weak_incumbent,PIT_warmup_or_low_confidence,ordinary_market,True,0.7,5.0,PIT_warmup_or_low_confidence_reference_only,False,no_incumbent,False
H2_forced_replacement_only,2023-09-12,2023-09-13,,not_model_ready,applied_controller_switch_gate_failed,PIT_warmup_or_low_confidence,ordinary_market,True,0.7,5.0,PIT_warmup_or_low_confidence_reference_only,False,no_incumbent,False
H2_forced_replacement_only,2023-09-13,2023-09-14,,not_model_ready,applied_controller_switch_gate_failed,PIT_warmup_or_low_confidence,ordinary_market,True,0.7,5.0,PIT_warmup_or_low_confidence_reference_only,False,no_incumbent,False
H2_forced_replacement_only,2023-09-14,2023-09-15,,not_model_ready,applied_controller_switch_gate_failed,PIT_warmup_or_low_confidence,ordinary_market,True,0.7,5.0,PIT_warmup_or_low_confidence_reference_only,False,no_incumbent,False
H2_forced_replacement_only,2023-09-15,2023-09-18,,not_model_ready,applied_controller_switch_gate_failed,PIT_warmup_or_low_confidence,ordinary_market,True,0.7,5.0,PIT_warmup_or_low_confidence_reference_only,False,no_incumbent,False
H2_forced_replacement_only,2023-09-18,2023-09-19,,not_model_ready,applied_controller_switch_gate_failed,PIT_warmup_or_low_confidence,ordinary_market,True,0.7,5.0,PIT_warmup_or_low_confidence_reference_only,False,no_incumbent,False
H2_forced_replacement_only,2023-09-19,2023-09-20,,not_model_ready,applied_controller_switch_gate_failed,PIT_warmup_or_low_confidence,ordinary_market,True,0.7,5.0,PIT_warmup_or_low_confidence_reference_only,False,no_incumbent,False
H2_forced_replacement_only,2023-09-20,2023-09-21,,not_model_ready,applied_controller_switch_gate_failed,PIT_warmup_or_low_confidence,ordinary_market,True,0.7,5.0,PIT_warmup_or_low_confidence_reference_only,False,no_incumbent,False
H2_forced_replacement_only,2023-09-21,2023-09-22,,not_model_ready,applied_controller_switch_gate_failed,PIT_warmup_or_low_confidence,ordinary_market,True,0.7,5.0,PIT_warmup_or_low_confidence_reference_only,False,no_incumbent,False
H2_forced_replacement_only,2023-09-22,2023-09-25,,not_model_ready,applied_controller_switch_gate_failed,PIT_warmup_or_low_confidence,ordinary_market,True,0.7,5.0,PIT_warmup_or_low_confidence_reference_only,False,no_incumbent,False
H2_forced_replacement_only,2023-09-25,2023-09-26,,not_model_ready,applied_controller_switch_gate_failed,PIT_warmup_or_low_confidence,ordinary_market,True,0.7,5.0,PIT_warmup_or_low_confidence_reference_only,False,no_incumbent,False
H2_forced_replacement_only,2023-09-26,2023-09-27,,not_model_ready,applied_controller_switch_gate_failed,PIT_warmup_or_low_confidence,ordinary_market,True,0.7,5.0,PIT_warmup_or_low_confidence_reference_only,False,no_incumbent,False
H2_forced_replacement_only,2023-09-27,2023-09-28,,not_model_ready,applied_controller_switch_gate_failed,PIT_warmup_or_low_confidence,ordinary_market,True,0.7,5.0,PIT_warmup_or_low_confidence_reference_only,False,no_incumbent,False
H2_forced_replacement_only,2023-09-28,2023-10-02,,not_model_ready,applied_controller_switch_gate_failed,PIT_warmup_or_low_confidence,ordinary_market,True,0.7,5.0,PIT_warmup_or_low_confidence_reference_only,False,no_incumbent,False
H2_forced_replacement_only,2023-10-02,2023-10-03,,not_model_ready,applied_controller_switch_gate_failed,PIT_warmup_or_low_confidence,ordinary_market,True,0.7,5.0,PIT_warmup_or_low_confidence_reference_only,False,no_incumbent,False
H2_forced_replacement_only,2023-10-03,2023-10-04,,not_model_ready,applied_controller_switch_gate_failed,PIT_warmup_or_low_confidence,ordinary_market,True,0.7,5.0,PIT_warmup_or_low_confidence_reference_only,False,no_incumbent,False
H2_forced_replacement_only,2023-10-04,2023-10-05,,not_model_ready,applied_controller_switch_gate_failed,PIT_warmup_or_low_confidence,ordinary_market,True,0.7,5.0,PIT_warmup_or_low_confidence_reference_only,False,no_incumbent,False
H2_forced_replacement_only,2023-10-05,2023-10-06,,not_model_ready,applied_controller_switch_gate_failed,PIT_warmup_or_low_confidence,ordinary_market,True,0.7,5.0,PIT_warmup_or_low_confidence_reference_only,False,no_incumbent,False
H2_forced_replacement_only,2023-10-06,2023-10-11,,not_model_ready,applied_controller_switch_gate_failed,PIT_warmup_or_low_confidence,ordinary_market,True,0.7,5.0,PIT_warmup_or_low_confidence_reference_only,False,no_incumbent,False
H2_forced_replacement_only,2023-10-11,2023-10-12,,not_model_ready,invalid_or_weak_incumbent,PIT_warmup_or_low_confidence,ordinary_market,True,0.7,5.0,PIT_warmup_or_low_confidence_reference_only,False,no_incumbent,False
H2_forced_replacement_only,2023-10-12,2023-10-13,,not_model_ready,applied_controller_switch_gate_failed,PIT_warmup_or_low_confidence,ordinary_market,True,0.7,5.0,PIT_warmup_or_low_confidence_reference_only,False,no_incumbent,False
H2_forced_replacement_only,2023-10-13,2023-10-16,,not_model_ready,applied_controller_switch_gate_failed,PIT_warmup_or_low_confidence,ordinary_market,True,0.7,5.0,PIT_warmup_or_low_confidence_reference_only,False,no_incumbent,False
H2_forced_replacement_only,2023-10-16,2023-10-17,,not_model_ready,invalid_or_weak_incumbent,PIT_warmup_or_low_confidence,ordinary_market,True,0.7,5.0,PIT_warmup_or_low_confidence_reference_only,False,no_incumbent,False
H2_forced_replacement_only,2023-10-17,2023-10-18,,not_model_ready,applied_controller_switch_gate_failed,PIT_warmup_or_low_confidence,ordinary_market,True,0.7,5.0,PIT_warmup_or_low_confidence_reference_only,False,no_incumbent,False
H2_forced_replacement_only,2023-10-18,2023-10-19,,not_model_ready,applied_controller_switch_gate_failed,PIT_warmup_or_low_confidence,ordinary_market,True,0.7,5.0,PIT_warmup_or_low_confidence_reference_only,False,no_incumbent,False
H2_forced_replacement_only,2023-10-19,2023-10-20,,not_model_ready,applied_controller_switch_gate_failed,PIT_warmup_or_low_confidence,ordinary_market,True,0.7,5.0,PIT_warmup_or_low_confidence_reference_only,False,no_incumbent,False
H2_forced_replacement_only,2023-10-20,2023-10-23,,not_model_ready,applied_controller_switch_gate_failed,PIT_warmup_or_low_confidence,ordinary_market,True,0.7,5.0,PIT_warmup_or_low_confidence_reference_only,False,no_incumbent,False
H2_forced_replacement_only,2023-10-23,2023-10-24,,not_model_ready,invalid_or_weak_incumbent,PIT_warmup_or_low_confidence,ordinary_market,True,0.7,5.0,PIT_warmup_or_low_confidence_reference_only,False,no_incumbent,False
H2_forced_replacement_only,2023-10-24,2023-10-25,,not_model_ready,applied_controller_switch_gate_failed,PIT_warmup_or_low_confidence,ordinary_market,True,0.7,5.0,PIT_warmup_or_low_confidence_reference_only,False,no_incumbent,False
H2_forced_replacement_only,2023-10-25,2023-10-26,,not_model_ready,applied_controller_switch_gate_failed,PIT_warmup_or_low_confidence,ordinary_market,True,0.7,5.0,PIT_warmup_or_low_confidence_reference_only,False,no_incumbent,False
H2_forced_replacement_only,2023-10-26,2023-10-27,3548,hold_incumbent,valid_incumbent_no_better_challenger,ordinary_market,ordinary_market,False,0.7,5.0,valid_incumbent_no_better_challenger,False,no_incumbent,True
H2_forced_replacement_only,2023-10-27,2023-10-30,3548,hold_incumbent,valid_incumbent_no_better_challenger,ordinary_market,ordinary_market,False,0.7,5.0,valid_incumbent_no_better_challenger,True,valid_incumbent,True
H2_forced_replacement_only,2023-10-30,2023-10-31,3548,hold_incumbent,invalid_or_weak_incumbent,ordinary_market,ordinary_market,False,0.7,5.0,forced_label_rejected_incumbent_still_valid,True,outside_primary80_without_hard_invalid_evidence_continuity_allowed,True
H2_forced_replacement_only,2023-10-31,2023-11-01,4162,hold_incumbent,valid_incumbent_no_better_challenger,ordinary_market,ordinary_market,False,0.7,5.0,valid_incumbent_no_better_challenger,True,outside_primary80_without_hard_invalid_evidence_continuity_allowed,True
H2_forced_replacement_only,2023-11-01,2023-11-02,4162,hold_incumbent,valid_incumbent_no_better_challenger,ordinary_market,ordinary_market,False,0.7,5.0,valid_incumbent_no_better_challenger,True,valid_incumbent,True
H2_forced_replacement_only,2023-11-02,2023-11-03,4162,hold_incumbent,valid_incumbent_no_better_challenger,ordinary_market,ordinary_market,False,0.7,5.0,valid_incumbent_no_better_challenger,True,valid_incumbent,True
H2_forced_replacement_only,2023-11-03,2023-11-06,4162,hold_incumbent,applied_controller_switch_gate_failed,ordinary_market,ordinary_market,False,0.7,5.0,applied_controller_switch_gate_failed,True,valid_incumbent,True
H2_forced_replacement_only,2023-11-06,2023-11-07,4162,hold_incumbent,invalid_or_weak_incumbent,ordinary_market,ordinary_market,False,0.7,5.0,forced_label_rejected_incumbent_still_valid,True,outside_primary80_without_hard_invalid_evidence_continuity_allowed,True
H2_forced_replacement_only,2023-11-07,2023-11-08,3548,hold_incumbent,valid_incumbent_no_better_challenger,ordinary_market,ordinary_market,False,0.7,5.0,valid_incumbent_no_better_challenger,True,outside_primary80_without_hard_invalid_evidence_continuity_allowed,True
H2_forced_replacement_only,2023-11-08,2023-11-09,3548,hold_incumbent,applied_controller_switch_gate_failed,ordinary_market,ordinary_market,False,0.7,5.0,applied_controller_switch_gate_failed,True,valid_incumbent,True
H2_forced_replacement_only,2023-11-09,2023-11-10,3548,hold_incumbent,applied_controller_switch_gate_failed,ordinary_market,ordinary_market,False,0.7,5.0,applied_controller_switch_gate_failed,True,valid_incumbent,True
H2_forced_replacement_only,2023-11-10,2023-11-13,3548,hold_incumbent,applied_controller_switch_gate_failed,ordinary_market,ordinary_market,False,0.7,5.0,applied_controller_switch_gate_failed,True,valid_incumbent,True
H2_forced_replacement_only,2023-11-13,2023-11-14,3548,hold_incumbent,invalid_or_weak_incumbent,ordinary_market,ordinary_market,False,0.7,5.0,forced_label_rejected_incumbent_still_valid,True,outside_primary80_without_hard_invalid_evidence_continuity_allowed,True
H2_forced_replacement_only,2023-11-14,2023-11-15,2454,hold_incumbent,applied_controller_switch_gate_failed,ordinary_market,ordinary_market,False,0.7,5.0,applied_controller_switch_gate_failed,True,outside_primary80_without_hard_invalid_evidence_continuity_allowed,True
H2_forced_replacement_only,2023-11-15,2023-11-16,2454,hold_incumbent,applied_controller_switch_gate_failed,ordinary_market,ordinary_market,False,0.7,5.0,applied_controller_switch_gate_failed,True,valid_incumbent,True
H2_forced_replacement_only,2023-11-16,2023-11-17,2454,hold_incumbent,applied_controller_switch_gate_failed,ordinary_market,ordinary_market,False,0.7,5.0,applied_controller_switch_gate_failed,True,valid_incumbent,True
H2_forced_replacement_only,2023-11-17,2023-11-20,2454,hold_incumbent,applied_controller_switch_gate_failed,ordinary_market,ordinary_market,False,0.7,5.0,applied_controller_switch_gate_failed,True,valid_incumbent,True
H2_forced_replacement_only,2023-11-20,2023-11-21,2454,hold_incumbent,invalid_or_weak_incumbent,ordinary_market,ordinary_market,False,0.7,5.0,forced_label_rejected_incumbent_still_valid,True,outside_primary80_without_hard_invalid_evidence_continuity_allowed,True
H2_forced_replacement_only,2023-11-21,2023-11-22,3545,hold_incumbent,valid_incumbent_no_better_challenger,ordinary_market,ordinary_market,False,0.7,5.0,valid_incumbent_no_better_challenger,True,outside_primary80_without_hard_invalid_evidence_continuity_allowed,True
H2_forced_replacement_only,2023-11-22,2023-11-23,3545,hold_incumbent,valid_incumbent_no_better_challenger,ordinary_market,ordinary_market,False,0.7,5.0,valid_incumbent_no_better_challenger,True,valid_incumbent,True
H2_forced_replacement_only,2023-11-23,2023-11-24,3545,hold_incumbent,valid_incumbent_no_better_challenger,ordinary_market,ordinary_market,False,0.7,5.0,valid_incumbent_no_better_challenger,True,valid_incumbent,True
H2_forced_replacement_only,2023-11-24,2023-11-27,3545,hold_incumbent,valid_incumbent_no_better_challenger,ordinary_market,ordinary_market,False,0.7,5.0,valid_incumbent_no_better_challenger,True,valid_incumbent,True
H2_forced_replacement_only,2023-11-27,2023-11-28,3545,hold_incumbent,invalid_or_weak_incumbent,ordinary_market,ordinary_market,False,0.7,5.0,forced_label_rejected_incumbent_still_valid,True,outside_primary80_without_hard_invalid_evidence_continuity_allowed,True
H2_forced_replacement_only,2023-11-28,2023-11-29,3545,hold_incumbent,invalid_or_weak_incumbent,ordinary_market,ordinary_market,False,0.7,5.0,forced_label_rejected_incumbent_still_valid,True,outside_primary80_without_hard_invalid_evidence_continuity_allowed,True
H2_forced_replacement_only,2023-11-29,2023-11-30,3362,hold_incumbent,valid_incumbent_no_better_challenger,ordinary_market,ordinary_market,False,0.7,5.0,valid_incumbent_no_better_challenger,True,outside_primary80_without_hard_invalid_evidence_continuity_allowed,True
H2_forced_replacement_only,2023-11-30,2023-12-01,3362,hold_incumbent,applied_controller_switch_gate_failed,ordinary_market,ordinary_market,False,0.7,5.0,applied_controller_switch_gate_failed,True,valid_incumbent,True
H2_forced_replacement_only,2023-12-01,2023-12-04,3362,hold_incumbent,applied_controller_switch_gate_failed,ordinary_market,ordinary_market,False,0.7,5.0,applied_controller_switch_gate_failed,True,valid_incumbent,True
H2_forced_replacement_only,2023-12-04,2023-12-05,3362,hold_incumbent,valid_incumbent_no_better_challenger,ordinary_market,ordinary_market,False,0.7,5.0,valid_incumbent_no_better_challenger,True,valid_incumbent,True
H2_forced_replacement_only,2023-12-05,2023-12-06,3362,hold_incumbent,applied_controller_switch_gate_failed,strong_market,strong_market,False,0.63,6.0,applied_controller_switch_gate_failed,True,valid_incumbent,True
H2_forced_replacement_only,2023-12-06,2023-12-07,3362,hold_incumbent,applied_controller_switch_gate_failed,ordinary_market,ordinary_market,False,0.7,5.0,applied_controller_switch_gate_failed,True,valid_incumbent,True
H2_forced_replacement_only,2023-12-07,2023-12-08,3362,hold_incumbent,applied_controller_switch_gate_failed,ordinary_market,ordinary_market,False,0.7,5.0,applied_controller_switch_gate_failed,True,valid_incumbent,True
H2_forced_replacement_only,2023-12-08,2023-12-11,3362,hold_incumbent,applied_controller_switch_gate_failed,strong_market,strong_market,False,0.63,6.0,applied_controller_switch_gate_failed,True,valid_incumbent,True
H2_forced_replacement_only,2023-12-11,2023-12-12,3362,hold_incumbent,invalid_or_weak_incumbent,ordinary_market,ordinary_market,False,0.7,5.0,forced_label_rejected_incumbent_still_valid,True,outside_primary80_without_hard_invalid_evidence_continuity_allowed,True
H2_forced_replacement_only,2023-12-12,2023-12-13,2329,hold_incumbent,applied_controller_switch_gate_failed,ordinary_market,ordinary_market,False,0.7,5.0,applied_controller_switch_gate_failed,True,outside_primary80_without_hard_invalid_evidence_continuity_allowed,True
H2_forced_replacement_only,2023-12-13,2023-12-14,2329,hold_incumbent,applied_controller_switch_gate_failed,ordinary_market,ordinary_market,False,0.7,5.0,applied_controller_switch_gate_failed,True,valid_incumbent,True
H2_forced_replacement_only,2023-12-14,2023-12-15,2329,hold_incumbent,applied_controller_switch_gate_failed,ordinary_market,ordinary_market,False,0.7,5.0,applied_controller_switch_gate_failed,True,valid_incumbent,True
H2_forced_replacement_only,2023-12-15,2023-12-18,2329,hold_incumbent,applied_controller_switch_gate_failed,ordinary_market,ordinary_market,False,0.7,5.0,applied_controller_switch_gate_failed,True,valid_incumbent,True
H2_forced_replacement_only,2023-12-18,2023-12-19,2329,hold_incumbent,applied_controller_switch_gate_failed,ordinary_market,ordinary_market,False,0.7,5.0,applied_controller_switch_gate_failed,True,valid_incumbent,True
H2_forced_replacement_only,2023-12-19,2023-12-20,2329,hold_incumbent,applied_controller_switch_gate_failed,ordinary_market,ordinary_market,False,0.7,5.0,applied_controller_switch_gate_failed,True,valid_incumbent,True
H2_forced_replacement_only,2023-12-20,2023-12-21,2329,hold_incumbent,applied_controller_switch_gate_failed,ordinary_market,ordinary_market,False,0.7,5.0,applied_controller_switch_gate_failed,True,valid_incumbent,True
H2_forced_replacement_only,2023-12-21,2023-12-22,2329,hold_incumbent,applied_controller_switch_gate_failed,ordinary_market,ordinary_market,False,0.7,5.0,applied_controller_switch_gate_failed,True,valid_incumbent,True
H2_forced_replacement_only,2023-12-22,2023-12-25,2329,hold_incumbent,applied_controller_switch_gate_failed,ordinary_market,ordinary_market,False,0.7,5.0,applied_controller_switch_gate_failed,True,valid_incumbent,True
H2_forced_replacement_only,2023-12-25,2023-12-26,2329,hold_incumbent,applied_controller_switch_gate_failed,ordinary_market,ordinary_market,False,0.7,5.0,applied_controller_switch_gate_failed,True,valid_incumbent,True
H2_forced_replacement_only,2023-12-26,2023-12-27,2329,hold_incumbent,applied_controller_switch_gate_failed,ordinary_market,ordinary_market,False,0.7,5.0,applied_controller_switch_gate_failed,True,valid_incumbent,True
H2_forced_replacement_only,2023-12-27,2023-12-28,2329,hold_incumbent,applied_controller_switch_gate_failed,ordinary_market,ordinary_market,False,0.7,5.0,applied_controller_switch_gate_failed,True,valid_incumbent,True
H2_forced_replacement_only,2023-12-28,2023-12-29,2329,hold_incumbent,applied_controller_switch_gate_failed,ordinary_market,ordinary_market,False,0.7,5.0,applied_controller_switch_gate_failed,True,valid_incumbent,True
H2_forced_replacement_only,2023-12-29,2024-01-02,2329,hold_incumbent,applied_controller_switch_gate_failed,ordinary_market,ordinary_market,False,0.7,5.0,applied_controller_switch_gate_failed,True,valid_incumbent,True
H2_forced_replacement_only,2024-01-02,2024-01-03,2329,hold_incumbent,applied_controller_switch_gate_failed,ordinary_market,ordinary_market,False,0.7,5.0,applied_controller_switch_gate_failed,True,valid_incumbent,True
H2_forced_replacement_only,2024-01-03,2024-01-04,2329,hold_incumbent,applied_controller_switch_gate_failed,ordinary_market,ordinary_market,False,0.7,5.0,applied_controller_switch_gate_failed,True,valid_incumbent,True
H2_forced_replacement_only,2024-01-04,2024-01-05,3008,forced_replacement,invalid_or_weak_incumbent,ordinary_market,ordinary_market,False,0.7,5.0,forced_replacement_confirmed_weakening_valid_replacement_available,False,confirmed_weakening,True
H2_forced_replacement_only,2024-01-05,2024-01-08,3008,hold_incumbent,applied_controller_switch_gate_failed,ordinary_market,ordinary_market,False,0.7,5.0,applied_controller_switch_gate_failed,True,valid_incumbent,True
H2_forced_replacement_only,2024-01-08,2024-01-09,3008,hold_incumbent,applied_controller_switch_gate_failed,ordinary_market,ordinary_market,False,0.7,5.0,applied_controller_switch_gate_failed,True,valid_incumbent,True
H2_forced_replacement_only,2024-01-09,2024-01-10,3008,hold_incumbent,applied_controller_switch_gate_failed,ordinary_market,ordinary_market,False,0.7,5.0,applied_controller_switch_gate_failed,True,valid_incumbent,True
H2_forced_replacement_only,2024-01-10,2024-01-11,3008,hold_incumbent,applied_controller_switch_gate_failed,ordinary_market,ordinary_market,False,0.7,5.0,applied_controller_switch_gate_failed,True,valid_incumbent,True
H2_forced_replacement_only,2024-01-11,2024-01-12,3008,hold_incumbent,applied_controller_margin_blocks_weakening,ordinary_market,ordinary_market,False,0.7,5.0,normal_challenger_switch_disabled_valid_incumbent_continues,True,valid_incumbent,True
H2_forced_replacement_only,2024-01-12,2024-01-15,2362,hold_incumbent,applied_controller_switch_gate_failed,ordinary_market,ordinary_market,False,0.7,5.0,applied_controller_switch_gate_failed,True,valid_incumbent,True
H2_forced_replacement_only,2024-01-15,2024-01-16,2362,hold_incumbent,invalid_or_weak_incumbent,ordinary_market,ordinary_market,False,0.7,5.0,forced_label_rejected_incumbent_still_valid,True,outside_primary80_without_hard_invalid_evidence_continuity_allowed,True
H2_forced_replacement_only,2024-01-16,2024-01-17,8227,hold_incumbent,valid_incumbent_no_better_challenger,ordinary_market,ordinary_market,False,0.7,5.0,valid_incumbent_no_better_challenger,True,outside_primary80_without_hard_invalid_evidence_continuity_allowed,True
H2_forced_replacement_only,2024-01-17,2024-01-18,8227,hold_incumbent,valid_incumbent_no_better_challenger,ordinary_market,ordinary_market,False,0.7,5.0,valid_incumbent_no_better_challenger,True,valid_incumbent,True
H2_forced_replacement_only,2024-01-18,2024-01-19,8227,hold_incumbent,applied_controller_switch_gate_failed,ordinary_market,ordinary_market,False,0.7,5.0,applied_controller_switch_gate_failed,True,valid_incumbent,True
H2_forced_replacement_only,2024-01-19,2024-01-22,8227,hold_incumbent,applied_controller_switch_gate_failed,ordinary_market,ordinary_market,False,0.7,5.0,applied_controller_switch_gate_failed,True,valid_incumbent,True
H2_forced_replacement_only,2024-01-22,2024-01-23,8227,hold_incumbent,invalid_or_weak_incumbent,strong_market,strong_market,False,0.63,6.0,forced_label_rejected_incumbent_still_valid,True,outside_primary80_without_hard_invalid_evidence_continuity_allowed,True
H2_forced_replacement_only,2024-01-23,2024-01-24,3036,hold_incumbent,valid_incumbent_no_better_challenger,ordinary_market,ordinary_market,False,0.7,5.0,valid_incumbent_no_better_challenger,True,outside_primary80_without_hard_invalid_evidence_continuity_allowed,True
H2_forced_replacement_only,2024-01-24,2024-01-25,3036,hold_incumbent,applied_controller_switch_gate_failed,ordinary_market,ordinary_market,False,0.7,5.0,applied_controller_switch_gate_failed,True,valid_incumbent,True
H2_forced_replacement_only,2024-01-25,2024-01-26,3036,hold_incumbent,applied_controller_switch_gate_failed,ordinary_market,ordinary_market,False,0.7,5.0,applied_controller_switch_gate_failed,True,valid_incumbent,True
H2_forced_replacement_only,2024-01-26,2024-01-29,3036,hold_incumbent,valid_incumbent_no_better_challenger,ordinary_market,ordinary_market,False,0.7,5.0,valid_incumbent_no_better_challenger,True,valid_incumbent,True
H2_forced_replacement_only,2024-01-29,2024-01-30,3036,hold_incumbent,applied_controller_switch_gate_failed,ordinary_market,ordinary_market,False,0.7,5.0,applied_controller_switch_gate_failed,True,valid_incumbent,True
H2_forced_replacement_only,2024-01-30,2024-01-31,3036,hold_incumbent,applied_controller_switch_gate_failed,ordinary_market,ordinary_market,False,0.7,5.0,applied_controller_switch_gate_failed,True,valid_incumbent,True
H2_forced_replacement_only,2024-01-31,2024-02-01,3036,hold_incumbent,applied_controller_switch_gate_failed,ordinary_market,ordinary_market,False,0.7,5.0,applied_controller_switch_gate_failed,True,valid_incumbent,True
H2_forced_replacement_only,2024-02-01,2024-02-02,3036,hold_incumbent,applied_controller_switch_gate_failed,strong_market,strong_market,False,0.63,6.0,applied_controller_switch_gate_failed,True,valid_incumbent,True
H2_forced_replacement_only,2024-02-02,2024-02-05,3036,hold_incumbent,valid_incumbent_no_better_challenger,ordinary_market,ordinary_market,False,0.7,5.0,valid_incumbent_no_better_challenger,True,valid_incumbent,True
H2_forced_replacement_only,2024-02-05,2024-02-15,3036,hold_incumbent,applied_controller_switch_gate_failed,ordinary_market,ordinary_market,False,0.7,5.0,applied_controller_switch_gate_failed,True,valid_incumbent,True
H2_forced_replacement_only,2024-02-15,2024-02-16,3036,hold_incumbent,applied_controller_switch_gate_failed,strong_market,strong_market,False,0.63,6.0,applied_controller_switch_gate_failed,True,valid_incumbent,True
H2_forced_replacement_only,2024-02-16,2024-02-19,3036,hold_incumbent,applied_controller_switch_gate_failed,ordinary_market,ordinary_market,False,0.7,5.0,applied_controller_switch_gate_failed,True,valid_incumbent,True
H2_forced_replacement_only,2024-02-19,2024-02-20,3036,hold_incumbent,invalid_or_weak_incumbent,ordinary_market,ordinary_market,False,0.7,5.0,forced_label_rejected_incumbent_still_valid,True,outside_primary80_without_hard_invalid_evidence_continuity_allowed,True
H2_forced_replacement_only,2024-02-20,2024-02-21,3324,hold_incumbent,valid_incumbent_no_better_challenger,ordinary_market,ordinary_market,False,0.7,5.0,valid_incumbent_no_better_challenger,True,outside_primary80_without_hard_invalid_evidence_continuity_allowed,True
H2_forced_replacement_only,2024-02-21,2024-02-22,3324,hold_incumbent,valid_incumbent_no_better_challenger,ordinary_market,ordinary_market,False,0.7,5.0,valid_incumbent_no_better_challenger,True,valid_incumbent,True
H2_forced_replacement_only,2024-02-22,2024-02-23,3324,hold_incumbent,applied_controller_switch_gate_failed,ordinary_market,ordinary_market,False,0.7,5.0,applied_controller_switch_gate_failed,True,valid_incumbent,True
H2_forced_replacement_only,2024-02-23,2024-02-26,3324,hold_incumbent,applied_controller_switch_gate_failed,ordinary_market,ordinary_market,False,0.7,5.0,applied_controller_switch_gate_failed,True,valid_incumbent,True
H2_forced_replacement_only,2024-02-26,2024-02-27,3324,hold_incumbent,applied_controller_switch_gate_failed,ordinary_market,ordinary_market,False,0.7,5.0,applied_controller_switch_gate_failed,True,valid_incumbent,True
H2_forced_replacement_only,2024-02-27,2024-02-29,3324,hold_incumbent,applied_controller_switch_gate_failed,ordinary_market,ordinary_market,False,0.7,5.0,applied_controller_switch_gate_failed,True,valid_incumbent,True
H2_forced_replacement_only,2024-02-29,2024-03-01,3324,hold_incumbent,applied_controller_switch_gate_failed,strong_market,strong_market,False,0.63,6.0,applied_controller_switch_gate_failed,True,valid_incumbent,True
H2_forced_replacement_only,2024-03-01,2024-03-04,3324,hold_incumbent,applied_controller_switch_gate_failed,ordinary_market,ordinary_market,False,0.7,5.0,applied_controller_switch_gate_failed,True,valid_incumbent,True
H2_forced_replacement_only,2024-03-04,2024-03-05,3324,hold_incumbent,applied_controller_switch_gate_failed,strong_market,strong_market,False,0.63,6.0,applied_controller_switch_gate_failed,True,valid_incumbent,True
H2_forced_replacement_only,2024-03-05,2024-03-06,3324,hold_incumbent,applied_controller_switch_gate_failed,ordinary_market,ordinary_market,False,0.7,5.0,applied_controller_switch_gate_failed,True,valid_incumbent,True
H2_forced_replacement_only,2024-03-06,2024-03-07,3324,hold_incumbent,applied_controller_switch_gate_failed,ordinary_market,ordinary_market,False,0.7,5.0,applied_controller_switch_gate_failed,True,valid_incumbent,True
H2_forced_replacement_only,2024-03-07,2024-03-08,3324,hold_incumbent,applied_controller_switch_gate_failed,ordinary_market,ordinary_market,False,0.7,5.0,applied_controller_switch_gate_failed,True,valid_incumbent,True
H2_forced_replacement_only,2024-03-08,2024-03-11,3324,hold_incumbent,applied_controller_switch_gate_failed,ordinary_market,ordinary_market,False,0.7,5.0,applied_controller_switch_gate_failed,True,valid_incumbent,True
H2_forced_replacement_only,2024-03-11,2024-03-12,3324,hold_incumbent,invalid_or_weak_incumbent,ordinary_market,ordinary_market,False,0.7,5.0,forced_label_rejected_incumbent_still_valid,True,outside_primary80_without_hard_invalid_evidence_continuity_allowed,True
H2_forced_replacement_only,2024-03-12,2024-03-13,2379,hold_incumbent,applied_controller_switch_gate_failed,ordinary_market,ordinary_market,False,0.7,5.0,applied_controller_switch_gate_failed,True,outside_primary80_without_hard_invalid_evidence_continuity_allowed,True
H2_forced_replacement_only,2024-03-13,2024-03-14,2379,hold_incumbent,applied_controller_switch_gate_failed,ordinary_market,ordinary_market,False,0.7,5.0,applied_controller_switch_gate_failed,True,valid_incumbent,True
H2_forced_replacement_only,2024-03-14,2024-03-15,2379,hold_incumbent,applied_controller_switch_gate_failed,ordinary_market,ordinary_market,False,0.7,5.0,applied_controller_switch_gate_failed,True,valid_incumbent,True
H2_forced_replacement_only,2024-03-15,2024-03-18,2379,hold_incumbent,valid_incumbent_no_better_challenger,ordinary_market,ordinary_market,False,0.7,5.0,valid_incumbent_no_better_challenger,True,valid_incumbent,True
H2_forced_replacement_only,2024-03-18,2024-03-19,2379,hold_incumbent,applied_controller_switch_gate_failed,ordinary_market,ordinary_market,False,0.7,5.0,applied_controller_switch_gate_failed,True,valid_incumbent,True
H2_forced_replacement_only,2024-03-19,2024-03-20,2379,hold_incumbent,applied_controller_switch_gate_failed,ordinary_market,ordinary_market,False,0.7,5.0,applied_controller_switch_gate_failed,True,valid_incumbent,True
H2_forced_replacement_only,2024-03-20,2024-03-21,2379,hold_incumbent,applied_controller_switch_gate_failed,ordinary_market,ordinary_market,False,0.7,5.0,applied_controller_switch_gate_failed,True,valid_incumbent,True
H2_forced_replacement_only,2024-03-21,2024-03-22,2379,hold_incumbent,applied_controller_switch_gate_failed,strong_market,strong_market,False,0.63,6.0,applied_controller_switch_gate_failed,True,valid_incumbent,True
H2_forced_replacement_only,2024-03-22,2024-03-25,2379,hold_incumbent,applied_controller_switch_gate_failed,ordinary_market,ordinary_market,False,0.7,5.0,applied_controller_switch_gate_failed,True,valid_incumbent,True
H2_forced_replacement_only,2024-03-25,2024-03-26,2379,hold_incumbent,applied_controller_switch_gate_failed,ordinary_market,ordinary_market,False,0.7,5.0,applied_controller_switch_gate_failed,True,valid_incumbent,True
H2_forced_replacement_only,2024-03-26,2024-03-27,2379,hold_incumbent,applied_controller_switch_gate_failed,ordinary_market,ordinary_market,False,0.7,5.0,applied_controller_switch_gate_failed,True,valid_incumbent,True
H2_forced_replacement_only,2024-03-27,2024-03-28,2379,hold_incumbent,applied_controller_switch_gate_failed,ordinary_market,ordinary_market,False,0.7,5.0,applied_controller_switch_gate_failed,True,valid_incumbent,True
H2_forced_replacement_only,2024-03-28,2024-03-29,2379,hold_incumbent,applied_controller_switch_gate_failed,ordinary_market,ordinary_market,False,0.7,5.0,applied_controller_switch_gate_failed,True,valid_incumbent,True
H2_forced_replacement_only,2024-03-29,2024-04-01,2379,hold_incumbent,applied_controller_switch_gate_failed,ordinary_market,ordinary_market,False,0.7,5.0,applied_controller_switch_gate_failed,True,valid_incumbent,True
H2_forced_replacement_only,2024-04-01,2024-04-02,2379,hold_incumbent,applied_controller_switch_gate_failed,ordinary_market,ordinary_market,False,0.7,5.0,applied_controller_switch_gate_failed,True,valid_incumbent,True
H2_forced_replacement_only,2024-04-02,2024-04-03,2379,hold_incumbent,applied_controller_switch_gate_failed,ordinary_market,ordinary_market,False,0.7,5.0,applied_controller_switch_gate_failed,True,valid_incumbent,True
H2_forced_replacement_only,2024-04-03,2024-04-08,2379,hold_incumbent,applied_controller_switch_gate_failed,ordinary_market,ordinary_market,False,0.7,5.0,applied_controller_switch_gate_failed,True,valid_incumbent,True
H2_forced_replacement_only,2024-04-08,2024-04-09,2379,hold_incumbent,applied_controller_switch_gate_failed,ordinary_market,ordinary_market,False,0.7,5.0,applied_controller_switch_gate_failed,True,valid_incumbent,True
H2_forced_replacement_only,2024-04-09,2024-04-10,2379,hold_incumbent,applied_controller_switch_gate_failed,ordinary_market,ordinary_market,False,0.7,5.0,applied_controller_switch_gate_failed,True,valid_incumbent,True
H2_forced_replacement_only,2024-04-10,2024-04-11,2379,hold_incumbent,applied_controller_switch_gate_failed,ordinary_market,ordinary_market,False,0.7,5.0,applied_controller_switch_gate_failed,True,valid_incumbent,True
H2_forced_replacement_only,2024-04-11,2024-04-12,2379,hold_incumbent,applied_controller_switch_gate_failed,ordinary_market,ordinary_market,False,0.7,5.0,applied_controller_switch_gate_failed,True,valid_incumbent,True
H2_forced_replacement_only,2024-04-12,2024-04-15,2379,hold_incumbent,applied_controller_switch_gate_failed,ordinary_market,ordinary_market,False,0.7,5.0,applied_controller_switch_gate_failed,True,valid_incumbent,True
H2_forced_replacement_only,2024-04-15,2024-04-16,2379,hold_incumbent,applied_controller_switch_gate_failed,ordinary_market,ordinary_market,False,0.7,5.0,applied_controller_switch_gate_failed,True,valid_incumbent,True
H2_forced_replacement_only,2024-04-16,2024-04-17,2379,hold_incumbent,applied_controller_switch_gate_failed,ordinary_market,ordinary_market,False,0.7,5.0,applied_controller_switch_gate_failed,True,valid_incumbent,True
H2_forced_replacement_only,2024-04-17,2024-04-18,2379,hold_incumbent,applied_controller_switch_gate_failed,ordinary_market,ordinary_market,False,0.7,5.0,applied_controller_switch_gate_failed,True,valid_incumbent,True
H2_forced_replacement_only,2024-04-18,2024-04-19,2379,hold_incumbent,applied_controller_switch_gate_failed,ordinary_market,ordinary_market,False,0.7,5.0,applied_controller_switch_gate_failed,True,valid_incumbent,True
H2_forced_replacement_only,2024-04-19,2024-04-22,2379,hold_incumbent,applied_controller_switch_gate_failed,weak_market,weak_market,False,0.77,4.0,applied_controller_switch_gate_failed,True,valid_incumbent,True
H2_forced_replacement_only,2024-04-22,2024-04-23,2379,hold_incumbent,applied_controller_margin_blocks_weakening,weak_market,weak_market,False,0.77,4.0,normal_challenger_switch_disabled_valid_incumbent_continues,True,valid_incumbent,True
H2_forced_replacement_only,2024-04-23,2024-04-24,2515,hold_incumbent,valid_incumbent_no_better_challenger,weak_market,weak_market,False,0.77,4.0,valid_incumbent_no_better_challenger,True,valid_incumbent,True
H2_forced_replacement_only,2024-04-24,2024-04-25,2515,hold_incumbent,valid_incumbent_no_better_challenger,ordinary_market,ordinary_market,False,0.7,5.0,valid_incumbent_no_better_challenger,True,valid_incumbent,True
H2_forced_replacement_only,2024-04-25,2024-04-26,2515,hold_incumbent,applied_controller_switch_gate_failed,weak_market,weak_market,False,0.77,4.0,applied_controller_switch_gate_failed,True,valid_incumbent,True
H2_forced_replacement_only,2024-04-26,2024-04-29,2515,hold_incumbent,applied_controller_switch_gate_failed,ordinary_market,ordinary_market,False,0.7,5.0,applied_controller_switch_gate_failed,True,valid_incumbent,True
H2_forced_replacement_only,2024-04-29,2024-04-30,2515,hold_incumbent,applied_controller_switch_gate_failed,ordinary_market,ordinary_market,False,0.7,5.0,applied_controller_switch_gate_failed,True,valid_incumbent,True
H2_forced_replacement_only,2024-04-30,2024-05-02,2515,hold_incumbent,applied_controller_switch_gate_failed,ordinary_market,ordinary_market,False,0.7,5.0,applied_controller_switch_gate_failed,True,valid_incumbent,True
H2_forced_replacement_only,2024-05-02,2024-05-03,2515,hold_incumbent,applied_controller_switch_gate_failed,ordinary_market,ordinary_market,False,0.7,5.0,applied_controller_switch_gate_failed,True,valid_incumbent,True
H2_forced_replacement_only,2024-05-03,2024-05-06,2515,hold_incumbent,applied_controller_switch_gate_failed,ordinary_market,ordinary_market,False,0.7,5.0,applied_controller_switch_gate_failed,True,valid_incumbent,True
H2_forced_replacement_only,2024-05-06,2024-05-07,2515,hold_incumbent,invalid_or_weak_incumbent,ordinary_market,ordinary_market,False,0.7,5.0,forced_label_rejected_incumbent_still_valid,True,outside_primary80_without_hard_invalid_evidence_continuity_allowed,True
H2_forced_replacement_only,2024-05-07,2024-05-08,2618,hold_incumbent,applied_controller_switch_gate_failed,ordinary_market,ordinary_market,False,0.7,5.0,applied_controller_switch_gate_failed,True,outside_primary80_without_hard_invalid_evidence_continuity_allowed,True
H2_forced_replacement_only,2024-05-08,2024-05-09,2618,hold_incumbent,applied_controller_switch_gate_failed,ordinary_market,ordinary_market,False,0.7,5.0,applied_controller_switch_gate_failed,True,valid_incumbent,True
H2_forced_replacement_only,2024-05-09,2024-05-10,2618,hold_incumbent,applied_controller_switch_gate_failed,ordinary_market,ordinary_market,False,0.7,5.0,applied_controller_switch_gate_failed,True,valid_incumbent,True
H2_forced_replacement_only,2024-05-10,2024-05-13,2618,hold_incumbent,applied_controller_switch_gate_failed,ordinary_market,ordinary_market,False,0.7,5.0,applied_controller_switch_gate_failed,True,valid_incumbent,True
H2_forced_replacement_only,2024-05-13,2024-05-14,2618,hold_incumbent,applied_controller_switch_gate_failed,ordinary_market,ordinary_market,False,0.7,5.0,applied_controller_switch_gate_failed,True,valid_incumbent,True
H2_forced_replacement_only,2024-05-14,2024-05-15,2618,hold_incumbent,applied_controller_switch_gate_failed,ordinary_market,ordinary_market,False,0.7,5.0,applied_controller_switch_gate_failed,True,valid_incumbent,True
H2_forced_replacement_only,2024-05-15,2024-05-16,2618,hold_incumbent,applied_controller_switch_gate_failed,ordinary_market,ordinary_market,False,0.7,5.0,applied_controller_switch_gate_failed,True,valid_incumbent,True
H2_forced_replacement_only,2024-05-16,2024-05-17,2618,hold_incumbent,applied_controller_switch_gate_failed,strong_market,strong_market,False,0.63,6.0,applied_controller_switch_gate_failed,True,valid_incumbent,True
H2_forced_replacement_only,2024-05-17,2024-05-20,2618,hold_incumbent,applied_controller_switch_gate_failed,ordinary_market,ordinary_market,False,0.7,5.0,applied_controller_switch_gate_failed,True,valid_incumbent,True
H2_forced_replacement_only,2024-05-20,2024-05-21,2618,hold_incumbent,applied_controller_switch_gate_failed,ordinary_market,ordinary_market,False,0.7,5.0,applied_controller_switch_gate_failed,True,valid_incumbent,True
H2_forced_replacement_only,2024-05-21,2024-05-22,2618,hold_incumbent,applied_controller_switch_gate_failed,ordinary_market,ordinary_market,False,0.7,5.0,applied_controller_switch_gate_failed,True,valid_incumbent,True
H2_forced_replacement_only,2024-05-22,2024-05-23,2618,hold_incumbent,applied_controller_switch_gate_failed,strong_market,strong_market,False,0.63,6.0,applied_controller_switch_gate_failed,True,valid_incumbent,True
H2_forced_replacement_only,2024-05-23,2024-05-24,2618,hold_incumbent,applied_controller_switch_gate_failed,strong_market,strong_market,False,0.63,6.0,applied_controller_switch_gate_failed,True,valid_incumbent,True
H2_forced_replacement_only,2024-05-24,2024-05-27,2618,hold_incumbent,applied_controller_switch_gate_failed,ordinary_market,ordinary_market,False,0.7,5.0,applied_controller_switch_gate_failed,True,valid_incumbent,True
H2_forced_replacement_only,2024-05-27,2024-05-28,2618,hold_incumbent,applied_controller_switch_gate_failed,ordinary_market,ordinary_market,False,0.7,5.0,applied_controller_switch_gate_failed,True,valid_incumbent,True
H2_forced_replacement_only,2024-05-28,2024-05-29,2618,hold_incumbent,applied_controller_switch_gate_failed,strong_market,strong_market,False,0.63,6.0,applied_controller_switch_gate_failed,True,valid_incumbent,True
H2_forced_replacement_only,2024-05-29,2024-05-30,2618,hold_incumbent,applied_controller_switch_gate_failed,ordinary_market,ordinary_market,False,0.7,5.0,applied_controller_switch_gate_failed,True,valid_incumbent,True
H2_forced_replacement_only,2024-05-30,2024-05-31,2618,hold_incumbent,applied_controller_switch_gate_failed,ordinary_market,ordinary_market,False,0.7,5.0,applied_controller_switch_gate_failed,True,valid_incumbent,True
H2_forced_replacement_only,2024-05-31,2024-06-03,2618,hold_incumbent,applied_controller_switch_gate_failed,ordinary_market,ordinary_market,False,0.7,5.0,applied_controller_switch_gate_failed,True,valid_incumbent,True
H2_forced_replacement_only,2024-06-03,2024-06-04,2618,hold_incumbent,applied_controller_switch_gate_failed,ordinary_market,ordinary_market,False,0.7,5.0,applied_controller_switch_gate_failed,True,valid_incumbent,True
H2_forced_replacement_only,2024-06-04,2024-06-05,2618,hold_incumbent,applied_controller_switch_gate_failed,ordinary_market,ordinary_market,False,0.7,5.0,applied_controller_switch_gate_failed,True,valid_incumbent,True
H2_forced_replacement_only,2024-06-05,2024-06-06,2618,hold_incumbent,applied_controller_switch_gate_failed,ordinary_market,ordinary_market,False,0.7,5.0,applied_controller_switch_gate_failed,True,valid_incumbent,True
H2_forced_replacement_only,2024-06-06,2024-06-07,2618,hold_incumbent,applied_controller_switch_gate_failed,ordinary_market,ordinary_market,False,0.7,5.0,applied_controller_switch_gate_failed,True,valid_incumbent,True
H2_forced_replacement_only,2024-06-07,2024-06-11,2618,hold_incumbent,applied_controller_switch_gate_failed,ordinary_market,ordinary_market,False,0.7,5.0,applied_controller_switch_gate_failed,True,valid_incumbent,True
H2_forced_replacement_only,2024-06-11,2024-06-12,2618,hold_incumbent,applied_controller_switch_gate_failed,ordinary_market,ordinary_market,False,0.7,5.0,applied_controller_switch_gate_failed,True,valid_incumbent,True
H2_forced_replacement_only,2024-06-12,2024-06-13,3374,forced_replacement,invalid_or_weak_incumbent,ordinary_market,ordinary_market,False,0.7,5.0,forced_replacement_price_or_history_invalid_valid_replacement_available,False,price_or_history_invalid,True
H2_forced_replacement_only,2024-06-13,2024-06-14,3374,hold_incumbent,applied_controller_switch_gate_failed,strong_market,strong_market,False,0.63,6.0,applied_controller_switch_gate_failed,True,valid_incumbent,True
H2_forced_replacement_only,2024-06-14,2024-06-17,3374,hold_incumbent,applied_controller_switch_gate_failed,strong_market,strong_market,False,0.63,6.0,applied_controller_switch_gate_failed,True,valid_incumbent,True
H2_forced_replacement_only,2024-06-17,2024-06-18,3374,hold_incumbent,valid_incumbent_no_better_challenger,ordinary_market,ordinary_market,False,0.7,5.0,valid_incumbent_no_better_challenger,True,valid_incumbent,True
H2_forced_replacement_only,2024-06-18,2024-06-19,3374,hold_incumbent,applied_controller_switch_gate_failed,ordinary_market,ordinary_market,False,0.7,5.0,applied_controller_switch_gate_failed,True,valid_incumbent,True
H2_forced_replacement_only,2024-06-19,2024-06-20,3374,hold_incumbent,applied_controller_switch_gate_failed,ordinary_market,ordinary_market,False,0.7,5.0,applied_controller_switch_gate_failed,True,valid_incumbent,True
H2_forced_replacement_only,2024-06-20,2024-06-21,3374,hold_incumbent,applied_controller_switch_gate_failed,ordinary_market,ordinary_market,False,0.7,5.0,applied_controller_switch_gate_failed,True,valid_incumbent,True
H2_forced_replacement_only,2024-06-21,2024-06-24,3374,hold_incumbent,applied_controller_switch_gate_failed,ordinary_market,ordinary_market,False,0.7,5.0,applied_controller_switch_gate_failed,True,valid_incumbent,True
H2_forced_replacement_only,2024-06-24,2024-06-25,3374,hold_incumbent,invalid_or_weak_incumbent,ordinary_market,ordinary_market,False,0.7,5.0,forced_label_rejected_incumbent_still_valid,True,outside_primary80_without_hard_invalid_evidence_continuity_allowed,True
H2_forced_replacement_only,2024-06-25,2024-06-26,1785,hold_incumbent,valid_incumbent_no_better_challenger,ordinary_market,ordinary_market,False,0.7,5.0,valid_incumbent_no_better_challenger,True,outside_primary80_without_hard_invalid_evidence_continuity_allowed,True
H2_forced_replacement_only,2024-06-26,2024-06-27,1785,hold_incumbent,valid_incumbent_no_better_challenger,ordinary_market,ordinary_market,False,0.7,5.0,valid_incumbent_no_better_challenger,True,valid_incumbent,True
H2_forced_replacement_only,2024-06-27,2024-06-28,1785,hold_incumbent,applied_controller_switch_gate_failed,ordinary_market,ordinary_market,False,0.7,5.0,applied_controller_switch_gate_failed,True,valid_incumbent,True
H2_forced_replacement_only,2024-06-28,2024-07-01,1785,hold_incumbent,applied_controller_switch_gate_failed,ordinary_market,ordinary_market,False,0.7,5.0,applied_controller_switch_gate_failed,True,valid_incumbent,True
H2_forced_replacement_only,2024-07-01,2024-07-02,1785,hold_incumbent,applied_controller_switch_gate_failed,ordinary_market,ordinary_market,False,0.7,5.0,applied_controller_switch_gate_failed,True,valid_incumbent,True
H2_forced_replacement_only,2024-07-02,2024-07-03,1785,hold_incumbent,applied_controller_switch_gate_failed,ordinary_market,ordinary_market,False,0.7,5.0,applied_controller_switch_gate_failed,True,valid_incumbent,True
H2_forced_replacement_only,2024-07-03,2024-07-04,1785,hold_incumbent,applied_controller_switch_gate_failed,ordinary_market,ordinary_market,False,0.7,5.0,applied_controller_switch_gate_failed,True,valid_incumbent,True
H2_forced_replacement_only,2024-07-04,2024-07-05,1785,hold_incumbent,applied_controller_switch_gate_failed,ordinary_market,ordinary_market,False,0.7,5.0,applied_controller_switch_gate_failed,True,valid_incumbent,True
H2_forced_replacement_only,2024-07-05,2024-07-08,1785,hold_incumbent,valid_incumbent_no_better_challenger,ordinary_market,ordinary_market,False,0.7,5.0,valid_incumbent_no_better_challenger,True,valid_incumbent,True
H2_forced_replacement_only,2024-07-08,2024-07-09,1785,hold_incumbent,applied_controller_switch_gate_failed,strong_market,strong_market,False,0.63,6.0,applied_controller_switch_gate_failed,True,valid_incumbent,True
H2_forced_replacement_only,2024-07-09,2024-07-10,1785,hold_incumbent,applied_controller_switch_gate_failed,ordinary_market,ordinary_market,False,0.7,5.0,applied_controller_switch_gate_failed,True,valid_incumbent,True
H2_forced_replacement_only,2024-07-10,2024-07-11,1785,hold_incumbent,applied_controller_switch_gate_failed,ordinary_market,ordinary_market,False,0.7,5.0,applied_controller_switch_gate_failed,True,valid_incumbent,True
H2_forced_replacement_only,2024-07-11,2024-07-12,1785,hold_incumbent,applied_controller_switch_gate_failed,ordinary_market,ordinary_market,False,0.7,5.0,applied_controller_switch_gate_failed,True,valid_incumbent,True
H2_forced_replacement_only,2024-07-12,2024-07-15,1785,hold_incumbent,applied_controller_switch_gate_failed,ordinary_market,ordinary_market,False,0.7,5.0,applied_controller_switch_gate_failed,True,valid_incumbent,True
H2_forced_replacement_only,2024-07-15,2024-07-16,1785,hold_incumbent,invalid_or_weak_incumbent,ordinary_market,ordinary_market,False,0.7,5.0,forced_label_rejected_incumbent_still_valid,True,outside_primary80_without_hard_invalid_evidence_continuity_allowed,True
H2_forced_replacement_only,2024-07-16,2024-07-17,2308,hold_incumbent,applied_controller_switch_gate_failed,ordinary_market,ordinary_market,False,0.7,5.0,applied_controller_switch_gate_failed,True,outside_primary80_without_hard_invalid_evidence_continuity_allowed,True
H2_forced_replacement_only,2024-07-17,2024-07-18,2308,hold_incumbent,applied_controller_switch_gate_failed,ordinary_market,ordinary_market,False,0.7,5.0,applied_controller_switch_gate_failed,True,valid_incumbent,True
H2_forced_replacement_only,2024-07-18,2024-07-19,2308,hold_incumbent,applied_controller_switch_gate_failed,ordinary_market,ordinary_market,False,0.7,5.0,applied_controller_switch_gate_failed,True,valid_incumbent,True
H2_forced_replacement_only,2024-07-19,2024-07-22,2308,hold_incumbent,applied_controller_switch_gate_failed,ordinary_market,ordinary_market,False,0.7,5.0,applied_controller_switch_gate_failed,True,valid_incumbent,True
H2_forced_replacement_only,2024-07-22,2024-07-23,2308,hold_incumbent,applied_controller_switch_gate_failed,ordinary_market,ordinary_market,False,0.7,5.0,applied_controller_switch_gate_failed,True,valid_incumbent,True
H2_forced_replacement_only,2024-07-23,2024-07-26,2308,hold_incumbent,applied_controller_switch_gate_failed,ordinary_market,ordinary_market,False,0.7,5.0,applied_controller_switch_gate_failed,True,valid_incumbent,True
H2_forced_replacement_only,2024-07-26,2024-07-29,2308,hold_incumbent,applied_controller_switch_gate_failed,ordinary_market,ordinary_market,False,0.7,5.0,applied_controller_switch_gate_failed,True,valid_incumbent,True
H2_forced_replacement_only,2024-07-29,2024-07-30,2308,hold_incumbent,applied_controller_switch_gate_failed,ordinary_market,ordinary_market,False,0.7,5.0,applied_controller_switch_gate_failed,True,valid_incumbent,True
H2_forced_replacement_only,2024-07-30,2024-07-31,2308,hold_incumbent,applied_controller_switch_gate_failed,weak_market,weak_market,False,0.77,4.0,applied_controller_switch_gate_failed,True,valid_incumbent,True
H2_forced_replacement_only,2024-07-31,2024-08-01,2308,hold_incumbent,applied_controller_switch_gate_failed,weak_market,weak_market,False,0.77,4.0,applied_controller_switch_gate_failed,True,valid_incumbent,True
H2_forced_replacement_only,2024-08-01,2024-08-02,2308,hold_incumbent,applied_controller_switch_gate_failed,ordinary_market,ordinary_market,False,0.7,5.0,applied_controller_switch_gate_failed,True,valid_incumbent,True
H2_forced_replacement_only,2024-08-02,2024-08-05,2308,hold_incumbent,applied_controller_margin_blocks_weakening,weak_market,weak_market,False,0.77,4.0,normal_challenger_switch_disabled_valid_incumbent_continues,True,valid_incumbent,True
H2_forced_replacement_only,2024-08-05,2024-08-06,2881,hold_incumbent,applied_controller_switch_gate_failed,ordinary_market,ordinary_market,False,0.7,5.0,applied_controller_switch_gate_failed,True,valid_incumbent,True
H2_forced_replacement_only,2024-08-06,2024-08-07,2881,hold_incumbent,valid_incumbent_no_better_challenger,ordinary_market,ordinary_market,False,0.7,5.0,valid_incumbent_no_better_challenger,True,valid_incumbent,True
H2_forced_replacement_only,2024-08-07,2024-08-08,2881,hold_incumbent,applied_controller_switch_gate_failed,weak_market,weak_market,False,0.77,4.0,applied_controller_switch_gate_failed,True,valid_incumbent,True
H2_forced_replacement_only,2024-08-08,2024-08-09,2881,hold_incumbent,valid_incumbent_no_better_challenger,weak_market,weak_market,False,0.77,4.0,valid_incumbent_no_better_challenger,True,valid_incumbent,True
H2_forced_replacement_only,2024-08-09,2024-08-12,2881,hold_incumbent,applied_controller_switch_gate_failed,ordinary_market,ordinary_market,False,0.7,5.0,applied_controller_switch_gate_failed,True,valid_incumbent,True
H2_forced_replacement_only,2024-08-12,2024-08-13,2881,hold_incumbent,invalid_or_weak_incumbent,ordinary_market,ordinary_market,False,0.7,5.0,forced_label_rejected_incumbent_still_valid,True,outside_primary80_without_hard_invalid_evidence_continuity_allowed,True
H2_forced_replacement_only,2024-08-13,2024-08-14,2615,hold_incumbent,applied_controller_switch_gate_failed,weak_market,weak_market,False,0.77,4.0,applied_controller_switch_gate_failed,True,outside_primary80_without_hard_invalid_evidence_continuity_allowed,True
H2_forced_replacement_only,2024-08-14,2024-08-15,2615,hold_incumbent,applied_controller_margin_blocks_weakening,ordinary_market,ordinary_market,False,0.7,5.0,normal_challenger_switch_disabled_valid_incumbent_continues,True,valid_incumbent,True
H2_forced_replacement_only,2024-08-15,2024-08-16,3013,hold_incumbent,applied_controller_switch_gate_failed,ordinary_market,ordinary_market,False,0.7,5.0,applied_controller_switch_gate_failed,True,valid_incumbent,True
H2_forced_replacement_only,2024-08-16,2024-08-19,3013,hold_incumbent,applied_controller_switch_gate_failed,ordinary_market,ordinary_market,False,0.7,5.0,applied_controller_switch_gate_failed,True,valid_incumbent,True
H2_forced_replacement_only,2024-08-19,2024-08-20,3013,hold_incumbent,applied_controller_switch_gate_failed,ordinary_market,ordinary_market,False,0.7,5.0,applied_controller_switch_gate_failed,True,valid_incumbent,True
H2_forced_replacement_only,2024-08-20,2024-08-21,3013,hold_incumbent,applied_controller_switch_gate_failed,ordinary_market,ordinary_market,False,0.7,5.0,applied_controller_switch_gate_failed,True,valid_incumbent,True
H2_forced_replacement_only,2024-08-21,2024-08-22,3013,hold_incumbent,applied_controller_switch_gate_failed,ordinary_market,ordinary_market,False,0.7,5.0,applied_controller_switch_gate_failed,True,valid_incumbent,True
H2_forced_replacement_only,2024-08-22,2024-08-23,5443,forced_replacement,invalid_or_weak_incumbent,weak_market,weak_market,False,0.77,4.0,forced_replacement_price_or_history_invalid_valid_replacement_available,False,price_or_history_invalid,True
H2_forced_replacement_only,2024-08-23,2024-08-26,5443,hold_incumbent,applied_controller_switch_gate_failed,ordinary_market,ordinary_market,False,0.7,5.0,applied_controller_switch_gate_failed,True,valid_incumbent,True
H2_forced_replacement_only,2024-08-26,2024-08-27,5443,hold_incumbent,applied_controller_switch_gate_failed,ordinary_market,ordinary_market,False,0.7,5.0,applied_controller_switch_gate_failed,True,valid_incumbent,True
H2_forced_replacement_only,2024-08-27,2024-08-28,5443,hold_incumbent,valid_incumbent_no_better_challenger,ordinary_market,ordinary_market,False,0.7,5.0,valid_incumbent_no_better_challenger,True,valid_incumbent,True
H2_forced_replacement_only,2024-08-28,2024-08-29,5443,hold_incumbent,applied_controller_switch_gate_failed,ordinary_market,ordinary_market,False,0.7,5.0,applied_controller_switch_gate_failed,True,valid_incumbent,True
H2_forced_replacement_only,2024-08-29,2024-08-30,5443,hold_incumbent,applied_controller_switch_gate_failed,ordinary_market,ordinary_market,False,0.7,5.0,applied_controller_switch_gate_failed,True,valid_incumbent,True
H2_forced_replacement_only,2024-08-30,2024-09-02,5443,hold_incumbent,applied_controller_switch_gate_failed,ordinary_market,ordinary_market,False,0.7,5.0,applied_controller_switch_gate_failed,True,valid_incumbent,True
H2_forced_replacement_only,2024-09-02,2024-09-03,5443,hold_incumbent,invalid_or_weak_incumbent,ordinary_market,ordinary_market,False,0.7,5.0,forced_label_rejected_incumbent_still_valid,True,outside_primary80_without_hard_invalid_evidence_continuity_allowed,True
H2_forced_replacement_only,2024-09-03,2024-09-04,3008,hold_incumbent,applied_controller_switch_gate_failed,ordinary_market,ordinary_market,False,0.7,5.0,applied_controller_switch_gate_failed,True,outside_primary80_without_hard_invalid_evidence_continuity_allowed,True
H2_forced_replacement_only,2024-09-04,2024-09-05,3008,hold_incumbent,applied_controller_switch_gate_failed,ordinary_market,ordinary_market,False,0.7,5.0,applied_controller_switch_gate_failed,True,valid_incumbent,True
H2_forced_replacement_only,2024-09-05,2024-09-06,3008,hold_incumbent,applied_controller_switch_gate_failed,ordinary_market,ordinary_market,False,0.7,5.0,applied_controller_switch_gate_failed,True,valid_incumbent,True
H2_forced_replacement_only,2024-09-06,2024-09-09,3008,hold_incumbent,applied_controller_switch_gate_failed,ordinary_market,ordinary_market,False,0.7,5.0,applied_controller_switch_gate_failed,True,valid_incumbent,True
H2_forced_replacement_only,2024-09-09,2024-09-10,3008,hold_incumbent,invalid_or_weak_incumbent,ordinary_market,ordinary_market,False,0.7,5.0,forced_label_rejected_incumbent_still_valid,True,outside_primary80_without_hard_invalid_evidence_continuity_allowed,True
H2_forced_replacement_only,2024-09-10,2024-09-11,4763,hold_incumbent,applied_controller_switch_gate_failed,weak_market,weak_market,False,0.77,4.0,applied_controller_switch_gate_failed,True,outside_primary80_without_hard_invalid_evidence_continuity_allowed,True
H2_forced_replacement_only,2024-09-11,2024-09-12,4763,hold_incumbent,applied_controller_switch_gate_failed,ordinary_market,ordinary_market,False,0.7,5.0,applied_controller_switch_gate_failed,True,valid_incumbent,True
H2_forced_replacement_only,2024-09-12,2024-09-13,4763,hold_incumbent,applied_controller_switch_gate_failed,ordinary_market,ordinary_market,False,0.7,5.0,applied_controller_switch_gate_failed,True,valid_incumbent,True
H2_forced_replacement_only,2024-09-13,2024-09-16,4763,hold_incumbent,applied_controller_switch_gate_failed,weak_market,weak_market,False,0.77,4.0,applied_controller_switch_gate_failed,True,valid_incumbent,True
H2_forced_replacement_only,2024-09-16,2024-09-18,4763,hold_incumbent,applied_controller_switch_gate_failed,ordinary_market,ordinary_market,False,0.7,5.0,applied_controller_switch_gate_failed,True,valid_incumbent,True
H2_forced_replacement_only,2024-09-18,2024-09-19,4763,hold_incumbent,applied_controller_switch_gate_failed,ordinary_market,ordinary_market,False,0.7,5.0,applied_controller_switch_gate_failed,True,valid_incumbent,True
H2_forced_replacement_only,2024-09-19,2024-09-20,4763,hold_incumbent,applied_controller_switch_gate_failed,ordinary_market,ordinary_market,False,0.7,5.0,applied_controller_switch_gate_failed,True,valid_incumbent,True
H2_forced_replacement_only,2024-09-20,2024-09-23,4763,hold_incumbent,applied_controller_switch_gate_failed,ordinary_market,ordinary_market,False,0.7,5.0,applied_controller_switch_gate_failed,True,valid_incumbent,True
H2_forced_replacement_only,2024-09-23,2024-09-24,4763,hold_incumbent,applied_controller_switch_gate_failed,ordinary_market,ordinary_market,False,0.7,5.0,applied_controller_switch_gate_failed,True,valid_incumbent,True
H2_forced_replacement_only,2024-09-24,2024-09-25,4763,hold_incumbent,applied_controller_switch_gate_failed,ordinary_market,ordinary_market,False,0.7,5.0,applied_controller_switch_gate_failed,True,valid_incumbent,True
H2_forced_replacement_only,2024-09-25,2024-09-26,4763,hold_incumbent,applied_controller_switch_gate_failed,ordinary_market,ordinary_market,False,0.7,5.0,applied_controller_switch_gate_failed,True,valid_incumbent,True
H2_forced_replacement_only,2024-09-26,2024-09-27,4763,hold_incumbent,applied_controller_switch_gate_failed,ordinary_market,ordinary_market,False,0.7,5.0,applied_controller_switch_gate_failed,True,valid_incumbent,True
H2_forced_replacement_only,2024-09-27,2024-09-30,4763,hold_incumbent,applied_controller_switch_gate_failed,ordinary_market,ordinary_market,False,0.7,5.0,applied_controller_switch_gate_failed,True,valid_incumbent,True
H2_forced_replacement_only,2024-09-30,2024-10-01,4763,hold_incumbent,applied_controller_switch_gate_failed,ordinary_market,ordinary_market,False,0.7,5.0,applied_controller_switch_gate_failed,True,valid_incumbent,True
H2_forced_replacement_only,2024-10-01,2024-10-04,4763,hold_incumbent,applied_controller_switch_gate_failed,ordinary_market,ordinary_market,False,0.7,5.0,applied_controller_switch_gate_failed,True,valid_incumbent,True
H2_forced_replacement_only,2024-10-04,2024-10-07,4763,hold_incumbent,applied_controller_switch_gate_failed,ordinary_market,ordinary_market,False,0.7,5.0,applied_controller_switch_gate_failed,True,valid_incumbent,True
H2_forced_replacement_only,2024-10-07,2024-10-08,4763,hold_incumbent,applied_controller_switch_gate_failed,ordinary_market,ordinary_market,False,0.7,5.0,applied_controller_switch_gate_failed,True,valid_incumbent,True
H2_forced_replacement_only,2024-10-08,2024-10-09,4763,hold_incumbent,applied_controller_switch_gate_failed,ordinary_market,ordinary_market,False,0.7,5.0,applied_controller_switch_gate_failed,True,valid_incumbent,True
H2_forced_replacement_only,2024-10-09,2024-10-11,4763,hold_incumbent,applied_controller_switch_gate_failed,ordinary_market,ordinary_market,False,0.7,5.0,applied_controller_switch_gate_failed,True,valid_incumbent,True
H2_forced_replacement_only,2024-10-11,2024-10-14,4763,hold_incumbent,applied_controller_switch_gate_failed,ordinary_market,ordinary_market,False,0.7,5.0,applied_controller_switch_gate_failed,True,valid_incumbent,True
H2_forced_replacement_only,2024-10-14,2024-10-15,4763,hold_incumbent,invalid_or_weak_incumbent,ordinary_market,ordinary_market,False,0.7,5.0,forced_label_rejected_incumbent_still_valid,True,outside_primary80_without_hard_invalid_evidence_continuity_allowed,True
H2_forced_replacement_only,2024-10-15,2024-10-16,3583,hold_incumbent,applied_controller_switch_gate_failed,ordinary_market,ordinary_market,False,0.7,5.0,applied_controller_switch_gate_failed,True,outside_primary80_without_hard_invalid_evidence_continuity_allowed,True
H2_forced_replacement_only,2024-10-16,2024-10-17,3583,hold_incumbent,applied_controller_switch_gate_failed,ordinary_market,ordinary_market,False,0.7,5.0,applied_controller_switch_gate_failed,True,valid_incumbent,True
H2_forced_replacement_only,2024-10-17,2024-10-18,3583,hold_incumbent,applied_controller_switch_gate_failed,ordinary_market,ordinary_market,False,0.7,5.0,applied_controller_switch_gate_failed,True,valid_incumbent,True
H2_forced_replacement_only,2024-10-18,2024-10-21,3583,hold_incumbent,applied_controller_switch_gate_failed,ordinary_market,ordinary_market,False,0.7,5.0,applied_controller_switch_gate_failed,True,valid_incumbent,True
H2_forced_replacement_only,2024-10-21,2024-10-22,3583,hold_incumbent,invalid_or_weak_incumbent,ordinary_market,ordinary_market,False,0.7,5.0,forced_label_rejected_incumbent_still_valid,True,outside_primary80_without_hard_invalid_evidence_continuity_allowed,True
H2_forced_replacement_only,2024-10-22,2024-10-23,3013,hold_incumbent,valid_incumbent_no_better_challenger,ordinary_market,ordinary_market,False,0.7,5.0,valid_incumbent_no_better_challenger,True,outside_primary80_without_hard_invalid_evidence_continuity_allowed,True
H2_forced_replacement_only,2024-10-23,2024-10-24,3013,hold_incumbent,valid_incumbent_no_better_challenger,ordinary_market,ordinary_market,False,0.7,5.0,valid_incumbent_no_better_challenger,True,valid_incumbent,True
H2_forced_replacement_only,2024-10-24,2024-10-25,3013,hold_incumbent,valid_incumbent_no_better_challenger,ordinary_market,ordinary_market,False,0.7,5.0,valid_incumbent_no_better_challenger,True,valid_incumbent,True
H2_forced_replacement_only,2024-10-25,2024-10-28,3013,hold_incumbent,valid_incumbent_no_better_challenger,ordinary_market,ordinary_market,False,0.7,5.0,valid_incumbent_no_better_challenger,True,valid_incumbent,True
H2_forced_replacement_only,2024-10-28,2024-10-29,3013,hold_incumbent,valid_incumbent_no_better_challenger,ordinary_market,ordinary_market,False,0.7,5.0,valid_incumbent_no_better_challenger,True,valid_incumbent,True
H2_forced_replacement_only,2024-10-29,2024-10-30,3013,hold_incumbent,applied_controller_switch_gate_failed,ordinary_market,ordinary_market,False,0.7,5.0,applied_controller_switch_gate_failed,True,valid_incumbent,True
H2_forced_replacement_only,2024-10-30,2024-11-01,3013,hold_incumbent,valid_incumbent_no_better_challenger,ordinary_market,ordinary_market,False,0.7,5.0,valid_incumbent_no_better_challenger,True,valid_incumbent,True
H2_forced_replacement_only,2024-11-01,2024-11-04,3013,hold_incumbent,applied_controller_switch_gate_failed,ordinary_market,ordinary_market,False,0.7,5.0,applied_controller_switch_gate_failed,True,valid_incumbent,True
H2_forced_replacement_only,2024-11-04,2024-11-05,3013,hold_incumbent,invalid_or_weak_incumbent,ordinary_market,ordinary_market,False,0.7,5.0,forced_label_rejected_incumbent_still_valid,True,outside_primary80_without_hard_invalid_evidence_continuity_allowed,True
H2_forced_replacement_only,2024-11-05,2024-11-06,3231,hold_incumbent,valid_incumbent_no_better_challenger,ordinary_market,ordinary_market,False,0.7,5.0,valid_incumbent_no_better_challenger,True,outside_primary80_without_hard_invalid_evidence_continuity_allowed,True
H2_forced_replacement_only,2024-11-06,2024-11-07,3231,hold_incumbent,valid_incumbent_no_better_challenger,ordinary_market,ordinary_market,False,0.7,5.0,valid_incumbent_no_better_challenger,True,valid_incumbent,True
H2_forced_replacement_only,2024-11-07,2024-11-08,3231,hold_incumbent,applied_controller_switch_gate_failed,ordinary_market,ordinary_market,False,0.7,5.0,applied_controller_switch_gate_failed,True,valid_incumbent,True
H2_forced_replacement_only,2024-11-08,2024-11-11,3231,hold_incumbent,applied_controller_switch_gate_failed,ordinary_market,ordinary_market,False,0.7,5.0,applied_controller_switch_gate_failed,True,valid_incumbent,True
H2_forced_replacement_only,2024-11-11,2024-11-12,3231,hold_incumbent,applied_controller_switch_gate_failed,ordinary_market,ordinary_market,False,0.7,5.0,applied_controller_switch_gate_failed,True,valid_incumbent,True
H2_forced_replacement_only,2024-11-12,2024-11-13,3231,hold_incumbent,applied_controller_switch_gate_failed,ordinary_market,ordinary_market,False,0.7,5.0,applied_controller_switch_gate_failed,True,valid_incumbent,True
H2_forced_replacement_only,2024-11-13,2024-11-14,3231,hold_incumbent,applied_controller_switch_gate_failed,ordinary_market,ordinary_market,False,0.7,5.0,applied_controller_switch_gate_failed,True,valid_incumbent,True
H2_forced_replacement_only,2024-11-14,2024-11-15,3231,hold_incumbent,applied_controller_switch_gate_failed,ordinary_market,ordinary_market,False,0.7,5.0,applied_controller_switch_gate_failed,True,valid_incumbent,True
H2_forced_replacement_only,2024-11-15,2024-11-18,3231,hold_incumbent,applied_controller_switch_gate_failed,ordinary_market,ordinary_market,False,0.7,5.0,applied_controller_switch_gate_failed,True,valid_incumbent,True
H2_forced_replacement_only,2024-11-18,2024-11-19,3231,hold_incumbent,applied_controller_switch_gate_failed,ordinary_market,ordinary_market,False,0.7,5.0,applied_controller_switch_gate_failed,True,valid_incumbent,True
H2_forced_replacement_only,2024-11-19,2024-11-20,3231,hold_incumbent,applied_controller_switch_gate_failed,ordinary_market,ordinary_market,False,0.7,5.0,applied_controller_switch_gate_failed,True,valid_incumbent,True
H2_forced_replacement_only,2024-11-20,2024-11-21,3231,hold_incumbent,applied_controller_switch_gate_failed,ordinary_market,ordinary_market,False,0.7,5.0,applied_controller_switch_gate_failed,True,valid_incumbent,True
H2_forced_replacement_only,2024-11-21,2024-11-22,3231,hold_incumbent,applied_controller_switch_gate_failed,ordinary_market,ordinary_market,False,0.7,5.0,applied_controller_switch_gate_failed,True,valid_incumbent,True
H2_forced_replacement_only,2024-11-22,2024-11-25,3231,hold_incumbent,applied_controller_switch_gate_failed,ordinary_market,ordinary_market,False,0.7,5.0,applied_controller_switch_gate_failed,True,valid_incumbent,True
H2_forced_replacement_only,2024-11-25,2024-11-26,3231,hold_incumbent,applied_controller_switch_gate_failed,strong_market,strong_market,False,0.63,6.0,applied_controller_switch_gate_failed,True,valid_incumbent,True
H2_forced_replacement_only,2024-11-26,2024-11-27,3231,hold_incumbent,applied_controller_switch_gate_failed,ordinary_market,ordinary_market,False,0.7,5.0,applied_controller_switch_gate_failed,True,valid_incumbent,True
H2_forced_replacement_only,2024-11-27,2024-11-28,3231,hold_incumbent,applied_controller_switch_gate_failed,ordinary_market,ordinary_market,False,0.7,5.0,applied_controller_switch_gate_failed,True,valid_incumbent,True
H2_forced_replacement_only,2024-11-28,2024-11-29,3231,hold_incumbent,applied_controller_switch_gate_failed,ordinary_market,ordinary_market,False,0.7,5.0,applied_controller_switch_gate_failed,True,valid_incumbent,True
H2_forced_replacement_only,2024-11-29,2024-12-02,3231,hold_incumbent,applied_controller_switch_gate_failed,ordinary_market,ordinary_market,False,0.7,5.0,applied_controller_switch_gate_failed,True,valid_incumbent,True
H2_forced_replacement_only,2024-12-02,2024-12-03,3231,hold_incumbent,applied_controller_switch_gate_failed,ordinary_market,ordinary_market,False,0.7,5.0,applied_controller_switch_gate_failed,True,valid_incumbent,True
H2_forced_replacement_only,2024-12-03,2024-12-04,3231,hold_incumbent,applied_controller_switch_gate_failed,ordinary_market,ordinary_market,False,0.7,5.0,applied_controller_switch_gate_failed,True,valid_incumbent,True
H2_forced_replacement_only,2024-12-04,2024-12-05,3231,hold_incumbent,applied_controller_switch_gate_failed,ordinary_market,ordinary_market,False,0.7,5.0,applied_controller_switch_gate_failed,True,valid_incumbent,True
H2_forced_replacement_only,2024-12-05,2024-12-06,3231,hold_incumbent,applied_controller_switch_gate_failed,ordinary_market,ordinary_market,False,0.7,5.0,applied_controller_switch_gate_failed,True,valid_incumbent,True
H2_forced_replacement_only,2024-12-06,2024-12-09,3231,hold_incumbent,applied_controller_switch_gate_failed,ordinary_market,ordinary_market,False,0.7,5.0,applied_controller_switch_gate_failed,True,valid_incumbent,True
H2_forced_replacement_only,2024-12-09,2024-12-10,3231,hold_incumbent,applied_controller_switch_gate_failed,ordinary_market,ordinary_market,False,0.7,5.0,applied_controller_switch_gate_failed,True,valid_incumbent,True
H2_forced_replacement_only,2024-12-10,2024-12-11,3231,hold_incumbent,applied_controller_switch_gate_failed,ordinary_market,ordinary_market,False,0.7,5.0,applied_controller_switch_gate_failed,True,valid_incumbent,True
H2_forced_replacement_only,2024-12-11,2024-12-12,3231,hold_incumbent,applied_controller_switch_gate_failed,ordinary_market,ordinary_market,False,0.7,5.0,applied_controller_switch_gate_failed,True,valid_incumbent,True
H2_forced_replacement_only,2024-12-12,2024-12-13,3231,hold_incumbent,applied_controller_switch_gate_failed,ordinary_market,ordinary_market,False,0.7,5.0,applied_controller_switch_gate_failed,True,valid_incumbent,True
H2_forced_replacement_only,2024-12-13,2024-12-16,3231,hold_incumbent,applied_controller_switch_gate_failed,ordinary_market,ordinary_market,False,0.7,5.0,applied_controller_switch_gate_failed,True,valid_incumbent,True
H2_forced_replacement_only,2024-12-16,2024-12-17,3231,hold_incumbent,invalid_or_weak_incumbent,ordinary_market,ordinary_market,False,0.7,5.0,forced_label_rejected_incumbent_still_valid,True,outside_primary80_without_hard_invalid_evidence_continuity_allowed,True
H2_forced_replacement_only,2024-12-17,2024-12-18,2891,hold_incumbent,applied_controller_switch_gate_failed,ordinary_market,ordinary_market,False,0.7,5.0,applied_controller_switch_gate_failed,True,outside_primary80_without_hard_invalid_evidence_continuity_allowed,True
H2_forced_replacement_only,2024-12-18,2024-12-19,2891,hold_incumbent,applied_controller_switch_gate_failed,ordinary_market,ordinary_market,False,0.7,5.0,applied_controller_switch_gate_failed,True,valid_incumbent,True
H2_forced_replacement_only,2024-12-19,2024-12-20,2891,hold_incumbent,applied_controller_switch_gate_failed,ordinary_market,ordinary_market,False,0.7,5.0,applied_controller_switch_gate_failed,True,valid_incumbent,True
H2_forced_replacement_only,2024-12-20,2024-12-23,2891,hold_incumbent,applied_controller_switch_gate_failed,weak_market,weak_market,False,0.77,4.0,applied_controller_switch_gate_failed,True,valid_incumbent,True
H2_forced_replacement_only,2024-12-23,2024-12-24,2891,hold_incumbent,applied_controller_switch_gate_failed,ordinary_market,ordinary_market,False,0.7,5.0,applied_controller_switch_gate_failed,True,valid_incumbent,True
H2_forced_replacement_only,2024-12-24,2024-12-25,2891,hold_incumbent,applied_controller_switch_gate_failed,ordinary_market,ordinary_market,False,0.7,5.0,applied_controller_switch_gate_failed,True,valid_incumbent,True
H2_forced_replacement_only,2024-12-25,2024-12-26,2891,hold_incumbent,applied_controller_switch_gate_failed,ordinary_market,ordinary_market,False,0.7,5.0,applied_controller_switch_gate_failed,True,valid_incumbent,True
H2_forced_replacement_only,2024-12-26,2024-12-27,2891,hold_incumbent,applied_controller_switch_gate_failed,ordinary_market,ordinary_market,False,0.7,5.0,applied_controller_switch_gate_failed,True,valid_incumbent,True
H2_forced_replacement_only,2024-12-27,2024-12-30,2891,hold_incumbent,applied_controller_switch_gate_failed,ordinary_market,ordinary_market,False,0.7,5.0,applied_controller_switch_gate_failed,True,valid_incumbent,True
H2_forced_replacement_only,2024-12-30,2024-12-31,2891,hold_incumbent,applied_controller_switch_gate_failed,ordinary_market,ordinary_market,False,0.7,5.0,applied_controller_switch_gate_failed,True,valid_incumbent,True
H2_forced_replacement_only,2024-12-31,2025-01-02,2891,hold_incumbent,applied_controller_switch_gate_failed,weak_market,weak_market,False,0.77,4.0,applied_controller_switch_gate_failed,True,valid_incumbent,True
H2_forced_replacement_only,2025-01-02,2025-01-03,2891,hold_incumbent,applied_controller_switch_gate_failed,ordinary_market,ordinary_market,False,0.7,5.0,applied_controller_switch_gate_failed,True,valid_incumbent,True
H2_forced_replacement_only,2025-01-03,2025-01-06,2891,hold_incumbent,applied_controller_switch_gate_failed,ordinary_market,ordinary_market,False,0.7,5.0,applied_controller_switch_gate_failed,True,valid_incumbent,True
H2_forced_replacement_only,2025-01-06,2025-01-07,2891,hold_incumbent,applied_controller_switch_gate_failed,ordinary_market,ordinary_market,False,0.7,5.0,applied_controller_switch_gate_failed,True,valid_incumbent,True
H2_forced_replacement_only,2025-01-07,2025-01-08,2891,hold_incumbent,applied_controller_switch_gate_failed,ordinary_market,ordinary_market,False,0.7,5.0,applied_controller_switch_gate_failed,True,valid_incumbent,True
H2_forced_replacement_only,2025-01-08,2025-01-09,2891,hold_incumbent,applied_controller_switch_gate_failed,ordinary_market,ordinary_market,False,0.7,5.0,applied_controller_switch_gate_failed,True,valid_incumbent,True
H2_forced_replacement_only,2025-01-09,2025-01-10,2891,hold_incumbent,applied_controller_switch_gate_failed,ordinary_market,ordinary_market,False,0.7,5.0,applied_controller_switch_gate_failed,True,valid_incumbent,True
H2_forced_replacement_only,2025-01-10,2025-01-13,2891,hold_incumbent,applied_controller_switch_gate_failed,ordinary_market,ordinary_market,False,0.7,5.0,applied_controller_switch_gate_failed,True,valid_incumbent,True
H2_forced_replacement_only,2025-01-13,2025-01-14,2891,hold_incumbent,applied_controller_switch_gate_failed,weak_market,weak_market,False,0.77,4.0,applied_controller_switch_gate_failed,True,valid_incumbent,True
H2_forced_replacement_only,2025-01-14,2025-01-15,2891,hold_incumbent,applied_controller_switch_gate_failed,weak_market,weak_market,False,0.77,4.0,applied_controller_switch_gate_failed,True,valid_incumbent,True
H2_forced_replacement_only,2025-01-15,2025-01-16,2891,hold_incumbent,applied_controller_switch_gate_failed,ordinary_market,ordinary_market,False,0.7,5.0,applied_controller_switch_gate_failed,True,valid_incumbent,True
H2_forced_replacement_only,2025-01-16,2025-01-17,2891,hold_incumbent,applied_controller_switch_gate_failed,ordinary_market,ordinary_market,False,0.7,5.0,applied_controller_switch_gate_failed,True,valid_incumbent,True
H2_forced_replacement_only,2025-01-17,2025-01-20,2891,hold_incumbent,applied_controller_switch_gate_failed,ordinary_market,ordinary_market,False,0.7,5.0,applied_controller_switch_gate_failed,True,valid_incumbent,True
H2_forced_replacement_only,2025-01-20,2025-01-21,2891,hold_incumbent,applied_controller_switch_gate_failed,ordinary_market,ordinary_market,False,0.7,5.0,applied_controller_switch_gate_failed,True,valid_incumbent,True
H2_forced_replacement_only,2025-01-21,2025-01-22,2891,hold_incumbent,applied_controller_switch_gate_failed,ordinary_market,ordinary_market,False,0.7,5.0,applied_controller_switch_gate_failed,True,valid_incumbent,True
H2_forced_replacement_only,2025-01-22,2025-02-03,2891,hold_incumbent,applied_controller_switch_gate_failed,ordinary_market,ordinary_market,False,0.7,5.0,applied_controller_switch_gate_failed,True,valid_incumbent,True
H2_forced_replacement_only,2025-02-03,2025-02-04,2891,hold_incumbent,applied_controller_switch_gate_failed,ordinary_market,ordinary_market,False,0.7,5.0,applied_controller_switch_gate_failed,True,valid_incumbent,True
H2_forced_replacement_only,2025-02-04,2025-02-05,2891,hold_incumbent,applied_controller_switch_gate_failed,ordinary_market,ordinary_market,False,0.7,5.0,applied_controller_switch_gate_failed,True,valid_incumbent,True
H2_forced_replacement_only,2025-02-05,2025-02-06,2891,hold_incumbent,applied_controller_switch_gate_failed,ordinary_market,ordinary_market,False,0.7,5.0,applied_controller_switch_gate_failed,True,valid_incumbent,True
H2_forced_replacement_only,2025-02-06,2025-02-07,2891,hold_incumbent,applied_controller_switch_gate_failed,ordinary_market,ordinary_market,False,0.7,5.0,applied_controller_switch_gate_failed,True,valid_incumbent,True
H2_forced_replacement_only,2025-02-07,2025-02-10,2891,hold_incumbent,applied_controller_switch_gate_failed,ordinary_market,ordinary_market,False,0.7,5.0,applied_controller_switch_gate_failed,True,valid_incumbent,True
H2_forced_replacement_only,2025-02-10,2025-02-11,2891,hold_incumbent,applied_controller_switch_gate_failed,ordinary_market,ordinary_market,False,0.7,5.0,applied_controller_switch_gate_failed,True,valid_incumbent,True
H2_forced_replacement_only,2025-02-11,2025-02-12,2891,hold_incumbent,applied_controller_switch_gate_failed,ordinary_market,ordinary_market,False,0.7,5.0,applied_controller_switch_gate_failed,True,valid_incumbent,True
H2_forced_replacement_only,2025-02-12,2025-02-13,2891,hold_incumbent,applied_controller_switch_gate_failed,ordinary_market,ordinary_market,False,0.7,5.0,applied_controller_switch_gate_failed,True,valid_incumbent,True
H2_forced_replacement_only,2025-02-13,2025-02-14,2891,hold_incumbent,applied_controller_switch_gate_failed,ordinary_market,ordinary_market,False,0.7,5.0,applied_controller_switch_gate_failed,True,valid_incumbent,True
H2_forced_replacement_only,2025-02-14,2025-02-17,2891,hold_incumbent,applied_controller_switch_gate_failed,ordinary_market,ordinary_market,False,0.7,5.0,applied_controller_switch_gate_failed,True,valid_incumbent,True
H2_forced_replacement_only,2025-02-17,2025-02-18,2891,hold_incumbent,applied_controller_switch_gate_failed,ordinary_market,ordinary_market,False,0.7,5.0,applied_controller_switch_gate_failed,True,valid_incumbent,True
H2_forced_replacement_only,2025-02-18,2025-02-19,2891,hold_incumbent,applied_controller_switch_gate_failed,ordinary_market,ordinary_market,False,0.7,5.0,applied_controller_switch_gate_failed,True,valid_incumbent,True
H2_forced_replacement_only,2025-02-19,2025-02-20,2891,hold_incumbent,applied_controller_switch_gate_failed,ordinary_market,ordinary_market,False,0.7,5.0,applied_controller_switch_gate_failed,True,valid_incumbent,True
H2_forced_replacement_only,2025-02-20,2025-02-21,2891,hold_incumbent,applied_controller_switch_gate_failed,ordinary_market,ordinary_market,False,0.7,5.0,applied_controller_switch_gate_failed,True,valid_incumbent,True
H2_forced_replacement_only,2025-02-21,2025-02-24,2891,hold_incumbent,applied_controller_switch_gate_failed,ordinary_market,ordinary_market,False,0.7,5.0,applied_controller_switch_gate_failed,True,valid_incumbent,True
H2_forced_replacement_only,2025-02-24,2025-02-25,2891,hold_incumbent,applied_controller_switch_gate_failed,ordinary_market,ordinary_market,False,0.7,5.0,applied_controller_switch_gate_failed,True,valid_incumbent,True
H2_forced_replacement_only,2025-02-25,2025-02-26,2891,hold_incumbent,applied_controller_switch_gate_failed,weak_market,weak_market,False,0.77,4.0,applied_controller_switch_gate_failed,True,valid_incumbent,True
H2_forced_replacement_only,2025-02-26,2025-02-27,2891,hold_incumbent,applied_controller_switch_gate_failed,ordinary_market,ordinary_market,False,0.7,5.0,applied_controller_switch_gate_failed,True,valid_incumbent,True
H2_forced_replacement_only,2025-02-27,2025-03-03,2891,hold_incumbent,applied_controller_switch_gate_failed,ordinary_market,ordinary_market,False,0.7,5.0,applied_controller_switch_gate_failed,True,valid_incumbent,True
H2_forced_replacement_only,2025-03-03,2025-03-04,2891,hold_incumbent,applied_controller_switch_gate_failed,weak_market,weak_market,False,0.77,4.0,applied_controller_switch_gate_failed,True,valid_incumbent,True
H2_forced_replacement_only,2025-03-04,2025-03-05,2891,hold_incumbent,applied_controller_switch_gate_failed,weak_market,weak_market,False,0.77,4.0,applied_controller_switch_gate_failed,True,valid_incumbent,True
H2_forced_replacement_only,2025-03-05,2025-03-06,2891,hold_incumbent,applied_controller_switch_gate_failed,ordinary_market,ordinary_market,False,0.7,5.0,applied_controller_switch_gate_failed,True,valid_incumbent,True
H2_forced_replacement_only,2025-03-06,2025-03-07,2891,hold_incumbent,applied_controller_switch_gate_failed,ordinary_market,ordinary_market,False,0.7,5.0,applied_controller_switch_gate_failed,True,valid_incumbent,True
H2_forced_replacement_only,2025-03-07,2025-03-10,2891,hold_incumbent,applied_controller_switch_gate_failed,weak_market,weak_market,False,0.77,4.0,applied_controller_switch_gate_failed,True,valid_incumbent,True
H2_forced_replacement_only,2025-03-10,2025-03-11,2891,hold_incumbent,applied_controller_switch_gate_failed,weak_market,weak_market,False,0.77,4.0,applied_controller_switch_gate_failed,True,valid_incumbent,True
H2_forced_replacement_only,2025-03-11,2025-03-12,2891,hold_incumbent,applied_controller_switch_gate_failed,weak_market,weak_market,False,0.77,4.0,applied_controller_switch_gate_failed,True,valid_incumbent,True
H2_forced_replacement_only,2025-03-12,2025-03-13,2891,hold_incumbent,applied_controller_switch_gate_failed,ordinary_market,ordinary_market,False,0.7,5.0,applied_controller_switch_gate_failed,True,valid_incumbent,True
H2_forced_replacement_only,2025-03-13,2025-03-14,2891,hold_incumbent,applied_controller_switch_gate_failed,weak_market,weak_market,False,0.77,4.0,applied_controller_switch_gate_failed,True,valid_incumbent,True
H2_forced_replacement_only,2025-03-14,2025-03-17,2891,hold_incumbent,applied_controller_switch_gate_failed,ordinary_market,ordinary_market,False,0.7,5.0,applied_controller_switch_gate_failed,True,valid_incumbent,True
H2_forced_replacement_only,2025-03-17,2025-03-18,2891,hold_incumbent,applied_controller_switch_gate_failed,ordinary_market,ordinary_market,False,0.7,5.0,applied_controller_switch_gate_failed,True,valid_incumbent,True
H2_forced_replacement_only,2025-03-18,2025-03-19,2891,hold_incumbent,applied_controller_switch_gate_failed,ordinary_market,ordinary_market,False,0.7,5.0,applied_controller_switch_gate_failed,True,valid_incumbent,True
H2_forced_replacement_only,2025-03-19,2025-03-20,2891,hold_incumbent,applied_controller_switch_gate_failed,ordinary_market,ordinary_market,False,0.7,5.0,applied_controller_switch_gate_failed,True,valid_incumbent,True
H2_forced_replacement_only,2025-03-20,2025-03-21,2891,hold_incumbent,applied_controller_switch_gate_failed,ordinary_market,ordinary_market,False,0.7,5.0,applied_controller_switch_gate_failed,True,valid_incumbent,True
H2_forced_replacement_only,2025-03-21,2025-03-24,2891,hold_incumbent,applied_controller_switch_gate_failed,ordinary_market,ordinary_market,False,0.7,5.0,applied_controller_switch_gate_failed,True,valid_incumbent,True
H2_forced_replacement_only,2025-03-24,2025-03-25,2891,hold_incumbent,applied_controller_switch_gate_failed,weak_market,weak_market,False,0.77,4.0,applied_controller_switch_gate_failed,True,valid_incumbent,True
H2_forced_replacement_only,2025-03-25,2025-03-26,2891,hold_incumbent,applied_controller_switch_gate_failed,ordinary_market,ordinary_market,False,0.7,5.0,applied_controller_switch_gate_failed,True,valid_incumbent,True
H2_forced_replacement_only,2025-03-26,2025-03-27,2891,hold_incumbent,applied_controller_switch_gate_failed,ordinary_market,ordinary_market,False,0.7,5.0,applied_controller_switch_gate_failed,True,valid_incumbent,True
H2_forced_replacement_only,2025-03-27,2025-03-28,2891,hold_incumbent,applied_controller_switch_gate_failed,weak_market,weak_market,False,0.77,4.0,applied_controller_switch_gate_failed,True,valid_incumbent,True
H2_forced_replacement_only,2025-03-28,2025-03-31,2891,hold_incumbent,applied_controller_switch_gate_failed,weak_market,weak_market,False,0.77,4.0,applied_controller_switch_gate_failed,True,valid_incumbent,True
H2_forced_replacement_only,2025-03-31,2025-04-01,2891,hold_incumbent,applied_controller_switch_gate_failed,weak_market,weak_market,False,0.77,4.0,applied_controller_switch_gate_failed,True,valid_incumbent,True
H2_forced_replacement_only,2025-04-01,2025-04-02,2891,hold_incumbent,applied_controller_switch_gate_failed,ordinary_market,ordinary_market,False,0.7,5.0,applied_controller_switch_gate_failed,True,valid_incumbent,True
H2_forced_replacement_only,2025-04-02,2025-04-07,2891,hold_incumbent,applied_controller_switch_gate_failed,weak_market,weak_market,False,0.77,4.0,applied_controller_switch_gate_failed,True,valid_incumbent,True
H2_forced_replacement_only,2025-04-07,2025-04-08,2891,hold_incumbent,applied_controller_switch_gate_failed,weak_market,weak_market,False,0.77,4.0,applied_controller_switch_gate_failed,True,valid_incumbent,True
H2_forced_replacement_only,2025-04-08,2025-04-09,2891,hold_incumbent,applied_controller_margin_blocks_weakening,weak_market,weak_market,False,0.77,4.0,normal_challenger_switch_disabled_valid_incumbent_continues,True,valid_incumbent,True
H2_forced_replacement_only,2025-04-09,2025-04-10,2303,hold_incumbent,valid_incumbent_no_better_challenger,weak_market,weak_market,False,0.77,4.0,valid_incumbent_no_better_challenger,False,confirmed_weakening,True
H2_forced_replacement_only,2025-04-10,2025-04-11,2303,hold_incumbent,applied_controller_switch_gate_failed,ordinary_market,ordinary_market,False,0.7,5.0,applied_controller_switch_gate_failed,True,valid_incumbent,True
H2_forced_replacement_only,2025-04-11,2025-04-14,2303,hold_incumbent,valid_incumbent_no_better_challenger,ordinary_market,ordinary_market,False,0.7,5.0,valid_incumbent_no_better_challenger,True,valid_incumbent,True
H2_forced_replacement_only,2025-04-14,2025-04-15,2303,hold_incumbent,applied_controller_switch_gate_failed,ordinary_market,ordinary_market,False,0.7,5.0,applied_controller_switch_gate_failed,True,valid_incumbent,True
H2_forced_replacement_only,2025-04-15,2025-04-16,2303,hold_incumbent,applied_controller_switch_gate_failed,ordinary_market,ordinary_market,False,0.7,5.0,applied_controller_switch_gate_failed,True,valid_incumbent,True
H2_forced_replacement_only,2025-04-16,2025-04-17,2303,hold_incumbent,applied_controller_switch_gate_failed,ordinary_market,ordinary_market,False,0.7,5.0,applied_controller_switch_gate_failed,True,valid_incumbent,True
H2_forced_replacement_only,2025-04-17,2025-04-18,2303,hold_incumbent,applied_controller_switch_gate_failed,ordinary_market,ordinary_market,False,0.7,5.0,applied_controller_switch_gate_failed,True,valid_incumbent,True
H2_forced_replacement_only,2025-04-18,2025-04-21,2303,hold_incumbent,valid_incumbent_no_better_challenger,ordinary_market,ordinary_market,False,0.7,5.0,valid_incumbent_no_better_challenger,True,valid_incumbent,True
H2_forced_replacement_only,2025-04-21,2025-04-22,2303,hold_incumbent,invalid_or_weak_incumbent,weak_market,weak_market,False,0.77,4.0,forced_label_rejected_incumbent_still_valid,True,outside_primary80_without_hard_invalid_evidence_continuity_allowed,True
H2_forced_replacement_only,2025-04-22,2025-04-23,2412,hold_incumbent,valid_incumbent_no_better_challenger,weak_market,weak_market,False,0.77,4.0,valid_incumbent_no_better_challenger,True,outside_primary80_without_hard_invalid_evidence_continuity_allowed,True
H2_forced_replacement_only,2025-04-23,2025-04-24,2412,hold_incumbent,applied_controller_switch_gate_failed,ordinary_market,ordinary_market,False,0.7,5.0,applied_controller_switch_gate_failed,True,valid_incumbent,True
H2_forced_replacement_only,2025-04-24,2025-04-25,2615,forced_replacement,invalid_or_weak_incumbent,ordinary_market,ordinary_market,False,0.7,5.0,forced_replacement_confirmed_weakening_valid_replacement_available,False,confirmed_weakening,True
H2_forced_replacement_only,2025-04-25,2025-04-28,6140,forced_replacement,invalid_or_weak_incumbent,ordinary_market,ordinary_market,False,0.7,5.0,forced_replacement_price_or_history_invalid_valid_replacement_available,False,price_or_history_invalid,True
H2_forced_replacement_only,2025-04-28,2025-04-29,6140,hold_incumbent,applied_controller_switch_gate_failed,weak_market,weak_market,False,0.77,4.0,applied_controller_switch_gate_failed,True,valid_incumbent,True
H2_forced_replacement_only,2025-04-29,2025-04-30,6140,hold_incumbent,applied_controller_switch_gate_failed,ordinary_market,ordinary_market,False,0.7,5.0,applied_controller_switch_gate_failed,True,valid_incumbent,True
H2_forced_replacement_only,2025-04-30,2025-05-02,6140,hold_incumbent,applied_controller_switch_gate_failed,ordinary_market,ordinary_market,False,0.7,5.0,applied_controller_switch_gate_failed,True,valid_incumbent,True
H2_forced_replacement_only,2025-05-02,2025-05-05,6140,hold_incumbent,applied_controller_switch_gate_failed,ordinary_market,ordinary_market,False,0.7,5.0,applied_controller_switch_gate_failed,True,valid_incumbent,True
H2_forced_replacement_only,2025-05-05,2025-05-06,6140,hold_incumbent,invalid_or_weak_incumbent,ordinary_market,ordinary_market,False,0.7,5.0,forced_label_rejected_incumbent_still_valid,True,outside_primary80_without_hard_invalid_evidence_continuity_allowed,True
H2_forced_replacement_only,2025-05-06,2025-05-07,6669,hold_incumbent,valid_incumbent_no_better_challenger,ordinary_market,ordinary_market,False,0.7,5.0,valid_incumbent_no_better_challenger,True,outside_primary80_without_hard_invalid_evidence_continuity_allowed,True
H2_forced_replacement_only,2025-05-07,2025-05-08,6669,hold_incumbent,applied_controller_switch_gate_failed,ordinary_market,ordinary_market,False,0.7,5.0,applied_controller_switch_gate_failed,True,valid_incumbent,True
H2_forced_replacement_only,2025-05-08,2025-05-09,6669,hold_incumbent,valid_incumbent_no_better_challenger,ordinary_market,ordinary_market,False,0.7,5.0,valid_incumbent_no_better_challenger,True,valid_incumbent,True
H2_forced_replacement_only,2025-05-09,2025-05-12,6669,hold_incumbent,applied_controller_switch_gate_failed,strong_market,strong_market,False,0.63,6.0,applied_controller_switch_gate_failed,True,valid_incumbent,True
H2_forced_replacement_only,2025-05-12,2025-05-13,6669,hold_incumbent,valid_incumbent_no_better_challenger,ordinary_market,ordinary_market,False,0.7,5.0,valid_incumbent_no_better_challenger,True,valid_incumbent,True
H2_forced_replacement_only,2025-05-13,2025-05-14,6669,hold_incumbent,applied_controller_switch_gate_failed,strong_market,strong_market,False,0.63,6.0,applied_controller_switch_gate_failed,True,valid_incumbent,True
H2_forced_replacement_only,2025-05-14,2025-05-15,6669,hold_incumbent,applied_controller_switch_gate_failed,strong_market,strong_market,False,0.63,6.0,applied_controller_switch_gate_failed,True,valid_incumbent,True
H2_forced_replacement_only,2025-05-15,2025-05-16,6669,hold_incumbent,valid_incumbent_no_better_challenger,strong_market,strong_market,False,0.63,6.0,valid_incumbent_no_better_challenger,True,valid_incumbent,True
H2_forced_replacement_only,2025-05-16,2025-05-19,6669,hold_incumbent,applied_controller_switch_gate_failed,ordinary_market,ordinary_market,False,0.7,5.0,applied_controller_switch_gate_failed,True,valid_incumbent,True
H2_forced_replacement_only,2025-05-19,2025-05-20,6669,hold_incumbent,invalid_or_weak_incumbent,ordinary_market,ordinary_market,False,0.7,5.0,forced_label_rejected_incumbent_still_valid,True,outside_primary80_without_hard_invalid_evidence_continuity_allowed,True
H2_forced_replacement_only,2025-05-20,2025-05-21,2615,hold_incumbent,valid_incumbent_no_better_challenger,strong_market,strong_market,False,0.63,6.0,valid_incumbent_no_better_challenger,True,outside_primary80_without_hard_invalid_evidence_continuity_allowed,True
H2_forced_replacement_only,2025-05-21,2025-05-22,2615,hold_incumbent,valid_incumbent_no_better_challenger,strong_market,strong_market,False,0.63,6.0,valid_incumbent_no_better_challenger,True,valid_incumbent,True
H2_forced_replacement_only,2025-05-22,2025-05-23,2615,hold_incumbent,valid_incumbent_no_better_challenger,ordinary_market,ordinary_market,False,0.7,5.0,valid_incumbent_no_better_challenger,True,valid_incumbent,True
H2_forced_replacement_only,2025-05-23,2025-05-26,2615,hold_incumbent,valid_incumbent_no_better_challenger,ordinary_market,ordinary_market,False,0.7,5.0,valid_incumbent_no_better_challenger,True,valid_incumbent,True
H2_forced_replacement_only,2025-05-26,2025-05-27,2615,hold_incumbent,invalid_or_weak_incumbent,ordinary_market,ordinary_market,False,0.7,5.0,forced_label_rejected_incumbent_still_valid,True,outside_primary80_without_hard_invalid_evidence_continuity_allowed,True
H2_forced_replacement_only,2025-05-27,2025-05-28,2368,hold_incumbent,valid_incumbent_no_better_challenger,ordinary_market,ordinary_market,False,0.7,5.0,valid_incumbent_no_better_challenger,True,outside_primary80_without_hard_invalid_evidence_continuity_allowed,True
H2_forced_replacement_only,2025-05-28,2025-05-29,2368,hold_incumbent,applied_controller_switch_gate_failed,ordinary_market,ordinary_market,False,0.7,5.0,applied_controller_switch_gate_failed,True,valid_incumbent,True
H2_forced_replacement_only,2025-05-29,2025-06-02,2368,hold_incumbent,applied_controller_switch_gate_failed,ordinary_market,ordinary_market,False,0.7,5.0,applied_controller_switch_gate_failed,True,valid_incumbent,True
H2_forced_replacement_only,2025-06-02,2025-06-03,2368,hold_incumbent,invalid_or_weak_incumbent,ordinary_market,ordinary_market,False,0.7,5.0,forced_label_rejected_incumbent_still_valid,True,outside_primary80_without_hard_invalid_evidence_continuity_allowed,True
H2_forced_replacement_only,2025-06-03,2025-06-04,1815,hold_incumbent,valid_incumbent_no_better_challenger,ordinary_market,ordinary_market,False,0.7,5.0,valid_incumbent_no_better_challenger,True,outside_primary80_without_hard_invalid_evidence_continuity_allowed,True
H2_forced_replacement_only,2025-06-04,2025-06-05,1815,hold_incumbent,applied_controller_switch_gate_failed,strong_market,strong_market,False,0.63,6.0,applied_controller_switch_gate_failed,True,valid_incumbent,True
H2_forced_replacement_only,2025-06-05,2025-06-06,1815,hold_incumbent,valid_incumbent_no_better_challenger,strong_market,strong_market,False,0.63,6.0,valid_incumbent_no_better_challenger,True,valid_incumbent,True
H2_forced_replacement_only,2025-06-06,2025-06-09,1815,hold_incumbent,valid_incumbent_no_better_challenger,ordinary_market,ordinary_market,False,0.7,5.0,valid_incumbent_no_better_challenger,True,valid_incumbent,True
H2_forced_replacement_only,2025-06-09,2025-06-10,1815,hold_incumbent,valid_incumbent_no_better_challenger,strong_market,strong_market,False,0.63,6.0,valid_incumbent_no_better_challenger,True,valid_incumbent,True
H2_forced_replacement_only,2025-06-10,2025-06-11,1815,hold_incumbent,valid_incumbent_no_better_challenger,strong_market,strong_market,False,0.63,6.0,valid_incumbent_no_better_challenger,True,valid_incumbent,True
H2_forced_replacement_only,2025-06-11,2025-06-12,1815,hold_incumbent,applied_controller_switch_gate_failed,strong_market,strong_market,False,0.63,6.0,applied_controller_switch_gate_failed,True,valid_incumbent,True
H2_forced_replacement_only,2025-06-12,2025-06-13,1815,hold_incumbent,applied_controller_switch_gate_failed,ordinary_market,ordinary_market,False,0.7,5.0,applied_controller_switch_gate_failed,True,valid_incumbent,True
H2_forced_replacement_only,2025-06-13,2025-06-16,1815,hold_incumbent,applied_controller_switch_gate_failed,ordinary_market,ordinary_market,False,0.7,5.0,applied_controller_switch_gate_failed,True,valid_incumbent,True
H2_forced_replacement_only,2025-06-16,2025-06-17,1815,hold_incumbent,invalid_or_weak_incumbent,ordinary_market,ordinary_market,False,0.7,5.0,forced_label_rejected_incumbent_still_valid,True,outside_primary80_without_hard_invalid_evidence_continuity_allowed,True
H2_forced_replacement_only,2025-06-17,2025-06-18,2345,hold_incumbent,applied_controller_switch_gate_failed,ordinary_market,ordinary_market,False,0.7,5.0,applied_controller_switch_gate_failed,True,outside_primary80_without_hard_invalid_evidence_continuity_allowed,True
H2_forced_replacement_only,2025-06-18,2025-06-19,2345,hold_incumbent,applied_controller_switch_gate_failed,ordinary_market,ordinary_market,False,0.7,5.0,applied_controller_switch_gate_failed,True,valid_incumbent,True
H2_forced_replacement_only,2025-06-19,2025-06-20,2345,hold_incumbent,applied_controller_switch_gate_failed,ordinary_market,ordinary_market,False,0.7,5.0,applied_controller_switch_gate_failed,True,valid_incumbent,True
H2_forced_replacement_only,2025-06-20,2025-06-23,2345,hold_incumbent,applied_controller_switch_gate_failed,ordinary_market,ordinary_market,False,0.7,5.0,applied_controller_switch_gate_failed,True,valid_incumbent,True
H2_forced_replacement_only,2025-06-23,2025-06-24,2345,hold_incumbent,applied_controller_switch_gate_failed,ordinary_market,ordinary_market,False,0.7,5.0,applied_controller_switch_gate_failed,True,valid_incumbent,True
H2_forced_replacement_only,2025-06-24,2025-06-25,2345,hold_incumbent,applied_controller_switch_gate_failed,ordinary_market,ordinary_market,False,0.7,5.0,applied_controller_switch_gate_failed,True,valid_incumbent,True
H2_forced_replacement_only,2025-06-25,2025-06-26,2345,hold_incumbent,applied_controller_switch_gate_failed,strong_market,strong_market,False,0.63,6.0,applied_controller_switch_gate_failed,True,valid_incumbent,True
H2_forced_replacement_only,2025-06-26,2025-06-27,2345,hold_incumbent,applied_controller_switch_gate_failed,strong_market,strong_market,False,0.63,6.0,applied_controller_switch_gate_failed,True,valid_incumbent,True
H2_forced_replacement_only,2025-06-27,2025-06-30,2345,hold_incumbent,applied_controller_switch_gate_failed,ordinary_market,ordinary_market,False,0.7,5.0,applied_controller_switch_gate_failed,True,valid_incumbent,True
H2_forced_replacement_only,2025-06-30,2025-07-01,2345,hold_incumbent,applied_controller_switch_gate_failed,ordinary_market,ordinary_market,False,0.7,5.0,applied_controller_switch_gate_failed,True,valid_incumbent,True
H2_forced_replacement_only,2025-07-01,2025-07-02,2345,hold_incumbent,applied_controller_switch_gate_failed,strong_market,strong_market,False,0.63,6.0,applied_controller_switch_gate_failed,True,valid_incumbent,True
H2_forced_replacement_only,2025-07-02,2025-07-03,2345,hold_incumbent,applied_controller_switch_gate_failed,ordinary_market,ordinary_market,False,0.7,5.0,applied_controller_switch_gate_failed,True,valid_incumbent,True
H2_forced_replacement_only,2025-07-03,2025-07-04,2345,hold_incumbent,applied_controller_switch_gate_failed,ordinary_market,ordinary_market,False,0.7,5.0,applied_controller_switch_gate_failed,True,valid_incumbent,True
H2_forced_replacement_only,2025-07-04,2025-07-07,2345,hold_incumbent,applied_controller_switch_gate_failed,ordinary_market,ordinary_market,False,0.7,5.0,applied_controller_switch_gate_failed,True,valid_incumbent,True
H2_forced_replacement_only,2025-07-07,2025-07-08,2345,hold_incumbent,applied_controller_switch_gate_failed,ordinary_market,ordinary_market,False,0.7,5.0,applied_controller_switch_gate_failed,True,valid_incumbent,True
H2_forced_replacement_only,2025-07-08,2025-07-09,2345,hold_incumbent,applied_controller_switch_gate_failed,ordinary_market,ordinary_market,False,0.7,5.0,applied_controller_switch_gate_failed,True,valid_incumbent,True
H2_forced_replacement_only,2025-07-09,2025-07-10,2345,hold_incumbent,applied_controller_switch_gate_failed,ordinary_market,ordinary_market,False,0.7,5.0,applied_controller_switch_gate_failed,True,valid_incumbent,True
H2_forced_replacement_only,2025-07-10,2025-07-11,2345,hold_incumbent,applied_controller_switch_gate_failed,ordinary_market,ordinary_market,False,0.7,5.0,applied_controller_switch_gate_failed,True,valid_incumbent,True
H2_forced_replacement_only,2025-07-11,2025-07-14,2345,hold_incumbent,applied_controller_switch_gate_failed,ordinary_market,ordinary_market,False,0.7,5.0,applied_controller_switch_gate_failed,True,valid_incumbent,True
H2_forced_replacement_only,2025-07-14,2025-07-15,2345,hold_incumbent,invalid_or_weak_incumbent,ordinary_market,ordinary_market,False,0.7,5.0,forced_label_rejected_incumbent_still_valid,True,outside_primary80_without_hard_invalid_evidence_continuity_allowed,True
H2_forced_replacement_only,2025-07-15,2025-07-16,4991,hold_incumbent,valid_incumbent_no_better_challenger,strong_market,strong_market,False,0.63,6.0,valid_incumbent_no_better_challenger,True,outside_primary80_without_hard_invalid_evidence_continuity_allowed,True
H2_forced_replacement_only,2025-07-16,2025-07-17,4991,hold_incumbent,applied_controller_switch_gate_failed,strong_market,strong_market,False,0.63,6.0,applied_controller_switch_gate_failed,True,valid_incumbent,True
H2_forced_replacement_only,2025-07-17,2025-07-18,4991,hold_incumbent,applied_controller_switch_gate_failed,strong_market,strong_market,False,0.63,6.0,applied_controller_switch_gate_failed,True,valid_incumbent,True
H2_forced_replacement_only,2025-07-18,2025-07-21,4991,hold_incumbent,applied_controller_switch_gate_failed,strong_market,strong_market,False,0.63,6.0,applied_controller_switch_gate_failed,True,valid_incumbent,True
H2_forced_replacement_only,2025-07-21,2025-07-22,4991,hold_incumbent,invalid_or_weak_incumbent,strong_market,strong_market,False,0.63,6.0,forced_label_rejected_incumbent_still_valid,True,outside_primary80_without_hard_invalid_evidence_continuity_allowed,True
H2_forced_replacement_only,2025-07-22,2025-07-23,1815,hold_incumbent,valid_incumbent_no_better_challenger,strong_market,strong_market,False,0.63,6.0,valid_incumbent_no_better_challenger,True,outside_primary80_without_hard_invalid_evidence_continuity_allowed,True
H2_forced_replacement_only,2025-07-23,2025-07-24,1815,hold_incumbent,applied_controller_switch_gate_failed,strong_market,strong_market,False,0.63,6.0,applied_controller_switch_gate_failed,True,valid_incumbent,True
H2_forced_replacement_only,2025-07-24,2025-07-25,1815,hold_incumbent,applied_controller_switch_gate_failed,strong_market,strong_market,False,0.63,6.0,applied_controller_switch_gate_failed,True,valid_incumbent,True
H2_forced_replacement_only,2025-07-25,2025-07-28,1815,hold_incumbent,applied_controller_switch_gate_failed,ordinary_market,ordinary_market,False,0.7,5.0,applied_controller_switch_gate_failed,True,valid_incumbent,True
H2_forced_replacement_only,2025-07-28,2025-07-29,1815,hold_incumbent,invalid_or_weak_incumbent,strong_market,strong_market,False,0.63,6.0,forced_label_rejected_incumbent_still_valid,True,outside_primary80_without_hard_invalid_evidence_continuity_allowed,True
H2_forced_replacement_only,2025-07-29,2025-07-30,8358,hold_incumbent,valid_incumbent_no_better_challenger,strong_market,strong_market,False,0.63,6.0,valid_incumbent_no_better_challenger,True,outside_primary80_without_hard_invalid_evidence_continuity_allowed,True
H2_forced_replacement_only,2025-07-30,2025-07-31,8358,hold_incumbent,valid_incumbent_no_better_challenger,strong_market,strong_market,False,0.63,6.0,valid_incumbent_no_better_challenger,True,valid_incumbent,True
H2_forced_replacement_only,2025-07-31,2025-08-01,8358,hold_incumbent,valid_incumbent_no_better_challenger,strong_market,strong_market,False,0.63,6.0,valid_incumbent_no_better_challenger,True,valid_incumbent,True
H2_forced_replacement_only,2025-08-01,2025-08-04,,watch_only,no_valid_replacement,strong_market,strong_market,False,0.63,6.0,no_valid_replacement,False,price_or_history_invalid,True
H2_forced_replacement_only,2025-08-04,2025-08-05,,watch_only,no_valid_replacement,ordinary_market,ordinary_market,False,0.7,5.0,no_valid_replacement,False,no_incumbent,True
H2_forced_replacement_only,2025-08-05,2025-08-06,,watch_only,no_valid_replacement,ordinary_market,ordinary_market,False,0.7,5.0,no_valid_replacement,False,no_incumbent,True
H2_forced_replacement_only,2025-08-06,2025-08-07,,watch_only,no_valid_replacement,ordinary_market,ordinary_market,False,0.7,5.0,no_valid_replacement,False,no_incumbent,True
H2_forced_replacement_only,2025-08-07,2025-08-08,,watch_only,no_valid_replacement,ordinary_market,ordinary_market,False,0.7,5.0,no_valid_replacement,False,no_incumbent,True
H2_forced_replacement_only,2025-08-08,2025-08-11,,watch_only,no_valid_replacement,ordinary_market,ordinary_market,False,0.7,5.0,no_valid_replacement,False,no_incumbent,True
H2_forced_replacement_only,2025-08-11,2025-08-12,,watch_only,no_valid_replacement,ordinary_market,ordinary_market,False,0.7,5.0,no_valid_replacement,False,no_incumbent,True
H2_forced_replacement_only,2025-08-12,2025-08-13,,watch_only,no_valid_replacement,ordinary_market,ordinary_market,False,0.7,5.0,no_valid_replacement,False,no_incumbent,True
H2_forced_replacement_only,2025-08-13,2025-08-14,,watch_only,no_valid_replacement,strong_market,strong_market,False,0.63,6.0,no_valid_replacement,False,no_incumbent,True
H2_forced_replacement_only,2025-08-14,2025-08-15,,watch_only,no_valid_replacement,ordinary_market,ordinary_market,False,0.7,5.0,no_valid_replacement,False,no_incumbent,True
H2_forced_replacement_only,2025-08-15,2025-08-18,,watch_only,no_valid_replacement,ordinary_market,ordinary_market,False,0.7,5.0,no_valid_replacement,False,no_incumbent,True
H2_forced_replacement_only,2025-08-18,2025-08-19,,watch_only,no_valid_replacement,ordinary_market,ordinary_market,False,0.7,5.0,no_valid_replacement,False,no_incumbent,True
H2_forced_replacement_only,2025-08-19,2025-08-20,,watch_only,no_valid_replacement,ordinary_market,ordinary_market,False,0.7,5.0,no_valid_replacement,False,no_incumbent,True
H2_forced_replacement_only,2025-08-20,2025-08-21,,watch_only,no_valid_replacement,ordinary_market,ordinary_market,False,0.7,5.0,no_valid_replacement,False,no_incumbent,True
H2_forced_replacement_only,2025-08-21,2025-08-22,,watch_only,no_valid_replacement,ordinary_market,ordinary_market,False,0.7,5.0,no_valid_replacement,False,no_incumbent,True
H2_forced_replacement_only,2025-08-22,2025-08-25,,watch_only,no_valid_replacement,ordinary_market,ordinary_market,False,0.7,5.0,no_valid_replacement,False,no_incumbent,True
H2_forced_replacement_only,2025-08-25,2025-08-26,,watch_only,no_valid_replacement,ordinary_market,ordinary_market,False,0.7,5.0,no_valid_replacement,False,no_incumbent,True
H2_forced_replacement_only,2025-08-26,2025-08-27,,watch_only,no_valid_replacement,ordinary_market,ordinary_market,False,0.7,5.0,no_valid_replacement,False,no_incumbent,True
H2_forced_replacement_only,2025-08-27,2025-08-28,,watch_only,no_valid_replacement,ordinary_market,ordinary_market,False,0.7,5.0,no_valid_replacement,False,no_incumbent,True
H2_forced_replacement_only,2025-08-28,2025-08-29,,watch_only,no_valid_replacement,ordinary_market,ordinary_market,False,0.7,5.0,no_valid_replacement,False,no_incumbent,True
H2_forced_replacement_only,2025-08-29,2025-09-01,,watch_only,no_valid_replacement,ordinary_market,ordinary_market,False,0.7,5.0,no_valid_replacement,False,no_incumbent,True
H2_forced_replacement_only,2025-09-01,2025-09-02,,watch_only,no_valid_replacement,ordinary_market,ordinary_market,False,0.7,5.0,no_valid_replacement,False,no_incumbent,True
H2_forced_replacement_only,2025-09-02,2025-09-03,,watch_only,no_valid_replacement,ordinary_market,ordinary_market,False,0.7,5.0,no_valid_replacement,False,no_incumbent,True
H2_forced_replacement_only,2025-09-03,2025-09-04,,watch_only,no_valid_replacement,ordinary_market,ordinary_market,False,0.7,5.0,no_valid_replacement,False,no_incumbent,True
H2_forced_replacement_only,2025-09-04,2025-09-05,,watch_only,no_valid_replacement,ordinary_market,ordinary_market,False,0.7,5.0,no_valid_replacement,False,no_incumbent,True
H2_forced_replacement_only,2025-09-05,2025-09-08,,watch_only,no_valid_replacement,ordinary_market,ordinary_market,False,0.7,5.0,no_valid_replacement,False,no_incumbent,True
H2_forced_replacement_only,2025-09-08,2025-09-09,,watch_only,no_valid_replacement,ordinary_market,ordinary_market,False,0.7,5.0,no_valid_replacement,False,no_incumbent,True
H2_forced_replacement_only,2025-09-09,2025-09-10,,watch_only,no_valid_replacement,ordinary_market,ordinary_market,False,0.7,5.0,no_valid_replacement,False,no_incumbent,True
H2_forced_replacement_only,2025-09-10,2025-09-11,,watch_only,no_valid_replacement,ordinary_market,ordinary_market,False,0.7,5.0,no_valid_replacement,False,no_incumbent,True
H2_forced_replacement_only,2025-09-11,2025-09-12,,watch_only,no_valid_replacement,ordinary_market,ordinary_market,False,0.7,5.0,no_valid_replacement,False,no_incumbent,True
H2_forced_replacement_only,2025-09-12,2025-09-15,,watch_only,no_valid_replacement,ordinary_market,ordinary_market,False,0.7,5.0,no_valid_replacement,False,no_incumbent,True
H2_forced_replacement_only,2025-09-15,2025-09-16,,watch_only,no_valid_replacement,ordinary_market,ordinary_market,False,0.7,5.0,no_valid_replacement,False,no_incumbent,True
H2_forced_replacement_only,2025-09-16,2025-09-17,,watch_only,no_valid_replacement,ordinary_market,ordinary_market,False,0.7,5.0,no_valid_replacement,False,no_incumbent,True
H2_forced_replacement_only,2025-09-17,2025-09-18,,watch_only,no_valid_replacement,ordinary_market,ordinary_market,False,0.7,5.0,no_valid_replacement,False,no_incumbent,True
H2_forced_replacement_only,2025-09-18,2025-09-19,,watch_only,no_valid_replacement,ordinary_market,ordinary_market,False,0.7,5.0,no_valid_replacement,False,no_incumbent,True
H2_forced_replacement_only,2025-09-19,2025-09-22,,watch_only,no_valid_replacement,strong_market,strong_market,False,0.63,6.0,no_valid_replacement,False,no_incumbent,True
H2_forced_replacement_only,2025-09-22,2025-09-23,,watch_only,no_valid_replacement,ordinary_market,ordinary_market,False,0.7,5.0,no_valid_replacement,False,no_incumbent,True
H2_forced_replacement_only,2025-09-23,2025-09-24,,watch_only,no_valid_replacement,ordinary_market,ordinary_market,False,0.7,5.0,no_valid_replacement,False,no_incumbent,True
H2_forced_replacement_only,2025-09-24,2025-09-25,,watch_only,no_valid_replacement,ordinary_market,ordinary_market,False,0.7,5.0,no_valid_replacement,False,no_incumbent,True
H2_forced_replacement_only,2025-09-25,2025-09-26,,watch_only,no_valid_replacement,ordinary_market,ordinary_market,False,0.7,5.0,no_valid_replacement,False,no_incumbent,True
H2_forced_replacement_only,2025-09-26,2025-09-30,,watch_only,no_valid_replacement,ordinary_market,ordinary_market,False,0.7,5.0,no_valid_replacement,False,no_incumbent,True
H2_forced_replacement_only,2025-09-30,2025-10-01,,watch_only,no_valid_replacement,ordinary_market,ordinary_market,False,0.7,5.0,no_valid_replacement,False,no_incumbent,True
H2_forced_replacement_only,2025-10-01,2025-10-02,,watch_only,no_valid_replacement,ordinary_market,ordinary_market,False,0.7,5.0,no_valid_replacement,False,no_incumbent,True
H2_forced_replacement_only,2025-10-02,2025-10-03,,watch_only,no_valid_replacement,ordinary_market,ordinary_market,False,0.7,5.0,no_valid_replacement,False,no_incumbent,True
H2_forced_replacement_only,2025-10-03,2025-10-07,,watch_only,no_valid_replacement,ordinary_market,ordinary_market,False,0.7,5.0,no_valid_replacement,False,no_incumbent,True
H2_forced_replacement_only,2025-10-07,2025-10-08,,watch_only,no_valid_replacement,ordinary_market,ordinary_market,False,0.7,5.0,no_valid_replacement,False,no_incumbent,True
H2_forced_replacement_only,2025-10-08,2025-10-09,,watch_only,no_valid_replacement,ordinary_market,ordinary_market,False,0.7,5.0,no_valid_replacement,False,no_incumbent,True
H2_forced_replacement_only,2025-10-09,2025-10-13,,watch_only,no_valid_replacement,ordinary_market,ordinary_market,False,0.7,5.0,no_valid_replacement,False,no_incumbent,True
H2_forced_replacement_only,2025-10-13,2025-10-14,,watch_only,no_valid_replacement,ordinary_market,ordinary_market,False,0.7,5.0,no_valid_replacement,False,no_incumbent,True
H2_forced_replacement_only,2025-10-14,2025-10-15,,watch_only,no_valid_replacement,ordinary_market,ordinary_market,False,0.7,5.0,no_valid_replacement,False,no_incumbent,True
H2_forced_replacement_only,2025-10-15,2025-10-16,,watch_only,no_valid_replacement,ordinary_market,ordinary_market,False,0.7,5.0,no_valid_replacement,False,no_incumbent,True
H2_forced_replacement_only,2025-10-16,2025-10-17,,watch_only,no_valid_replacement,ordinary_market,ordinary_market,False,0.7,5.0,no_valid_replacement,False,no_incumbent,True
H2_forced_replacement_only,2025-10-17,2025-10-20,,watch_only,no_valid_replacement,ordinary_market,ordinary_market,False,0.7,5.0,no_valid_replacement,False,no_incumbent,True
H2_forced_replacement_only,2025-10-20,2025-10-21,,watch_only,no_valid_replacement,ordinary_market,ordinary_market,False,0.7,5.0,no_valid_replacement,False,no_incumbent,True
H2_forced_replacement_only,2025-10-21,2025-10-22,,watch_only,no_valid_replacement,ordinary_market,ordinary_market,False,0.7,5.0,no_valid_replacement,False,no_incumbent,True
H2_forced_replacement_only,2025-10-22,2025-10-23,,watch_only,no_valid_replacement,ordinary_market,ordinary_market,False,0.7,5.0,no_valid_replacement,False,no_incumbent,True
H2_forced_replacement_only,2025-10-23,2025-10-27,,watch_only,no_valid_replacement,ordinary_market,ordinary_market,False,0.7,5.0,no_valid_replacement,False,no_incumbent,True
H2_forced_replacement_only,2025-10-27,2025-10-28,,watch_only,no_valid_replacement,ordinary_market,ordinary_market,False,0.7,5.0,no_valid_replacement,False,no_incumbent,True
H2_forced_replacement_only,2025-10-28,2025-10-29,,watch_only,no_valid_replacement,ordinary_market,ordinary_market,False,0.7,5.0,no_valid_replacement,False,no_incumbent,True
H2_forced_replacement_only,2025-10-29,2025-10-30,,watch_only,no_valid_replacement,ordinary_market,ordinary_market,False,0.7,5.0,no_valid_replacement,False,no_incumbent,True
H2_forced_replacement_only,2025-10-30,2025-10-31,,watch_only,no_valid_replacement,ordinary_market,ordinary_market,False,0.7,5.0,no_valid_replacement,False,no_incumbent,True
H2_forced_replacement_only,2025-10-31,2025-11-03,,watch_only,no_valid_replacement,ordinary_market,ordinary_market,False,0.7,5.0,no_valid_replacement,False,no_incumbent,True
H2_forced_replacement_only,2025-11-03,2025-11-04,,watch_only,no_valid_replacement,ordinary_market,ordinary_market,False,0.7,5.0,no_valid_replacement,False,no_incumbent,True
H2_forced_replacement_only,2025-11-04,2025-11-05,,watch_only,no_valid_replacement,ordinary_market,ordinary_market,False,0.7,5.0,no_valid_replacement,False,no_incumbent,True
H2_forced_replacement_only,2025-11-05,2025-11-06,,watch_only,no_valid_replacement,ordinary_market,ordinary_market,False,0.7,5.0,no_valid_replacement,False,no_incumbent,True
H2_forced_replacement_only,2025-11-06,2025-11-07,,watch_only,no_valid_replacement,ordinary_market,ordinary_market,False,0.7,5.0,no_valid_replacement,False,no_incumbent,True
H2_forced_replacement_only,2025-11-07,2025-11-10,,watch_only,no_valid_replacement,ordinary_market,ordinary_market,False,0.7,5.0,no_valid_replacement,False,no_incumbent,True
H2_forced_replacement_only,2025-11-10,2025-11-11,,watch_only,no_valid_replacement,ordinary_market,ordinary_market,False,0.7,5.0,no_valid_replacement,False,no_incumbent,True
H2_forced_replacement_only,2025-11-11,2025-11-12,,watch_only,no_valid_replacement,ordinary_market,ordinary_market,False,0.7,5.0,no_valid_replacement,False,no_incumbent,True
H2_forced_replacement_only,2025-11-12,2025-11-13,,watch_only,no_valid_replacement,ordinary_market,ordinary_market,False,0.7,5.0,no_valid_replacement,False,no_incumbent,True
H2_forced_replacement_only,2025-11-13,2025-11-14,,watch_only,no_valid_replacement,ordinary_market,ordinary_market,False,0.7,5.0,no_valid_replacement,False,no_incumbent,True
H2_forced_replacement_only,2025-11-14,2025-11-17,,watch_only,no_valid_replacement,ordinary_market,ordinary_market,False,0.7,5.0,no_valid_replacement,False,no_incumbent,True
H2_forced_replacement_only,2025-11-17,2025-11-18,,watch_only,no_valid_replacement,ordinary_market,ordinary_market,False,0.7,5.0,no_valid_replacement,False,no_incumbent,True
H2_forced_replacement_only,2025-11-18,2025-11-19,,watch_only,no_valid_replacement,ordinary_market,ordinary_market,False,0.7,5.0,no_valid_replacement,False,no_incumbent,True
H2_forced_replacement_only,2025-11-19,2025-11-20,,watch_only,no_valid_replacement,ordinary_market,ordinary_market,False,0.7,5.0,no_valid_replacement,False,no_incumbent,True
H2_forced_replacement_only,2025-11-20,2025-11-21,,watch_only,no_valid_replacement,ordinary_market,ordinary_market,False,0.7,5.0,no_valid_replacement,False,no_incumbent,True
H2_forced_replacement_only,2025-11-21,2025-11-24,,watch_only,no_valid_replacement,weak_market,weak_market,False,0.77,4.0,no_valid_replacement,False,no_incumbent,True
H2_forced_replacement_only,2025-11-24,2025-11-25,,watch_only,no_valid_replacement,ordinary_market,ordinary_market,False,0.7,5.0,no_valid_replacement,False,no_incumbent,True
H2_forced_replacement_only,2025-11-25,2025-11-26,,watch_only,no_valid_replacement,ordinary_market,ordinary_market,False,0.7,5.0,no_valid_replacement,False,no_incumbent,True
H2_forced_replacement_only,2025-11-26,2025-11-27,,watch_only,no_valid_replacement,ordinary_market,ordinary_market,False,0.7,5.0,no_valid_replacement,False,no_incumbent,True
H2_forced_replacement_only,2025-11-27,2025-11-28,,watch_only,no_valid_replacement,ordinary_market,ordinary_market,False,0.7,5.0,no_valid_replacement,False,no_incumbent,True
H2_forced_replacement_only,2025-11-28,2025-12-01,,watch_only,no_valid_replacement,ordinary_market,ordinary_market,False,0.7,5.0,no_valid_replacement,False,no_incumbent,True
H2_forced_replacement_only,2025-12-01,2025-12-02,,watch_only,no_valid_replacement,ordinary_market,ordinary_market,False,0.7,5.0,no_valid_replacement,False,no_incumbent,True
H2_forced_replacement_only,2025-12-02,2025-12-03,,watch_only,no_valid_replacement,ordinary_market,ordinary_market,False,0.7,5.0,no_valid_replacement,False,no_incumbent,True
H2_forced_replacement_only,2025-12-03,2025-12-04,,watch_only,no_valid_replacement,ordinary_market,ordinary_market,False,0.7,5.0,no_valid_replacement,False,no_incumbent,True
H2_forced_replacement_only,2025-12-04,2025-12-05,,watch_only,no_valid_replacement,ordinary_market,ordinary_market,False,0.7,5.0,no_valid_replacement,False,no_incumbent,True
H2_forced_replacement_only,2025-12-05,2025-12-08,,watch_only,no_valid_replacement,ordinary_market,ordinary_market,False,0.7,5.0,no_valid_replacement,False,no_incumbent,True
H2_forced_replacement_only,2025-12-08,2025-12-09,,watch_only,no_valid_replacement,ordinary_market,ordinary_market,False,0.7,5.0,no_valid_replacement,False,no_incumbent,True
H2_forced_replacement_only,2025-12-09,2025-12-10,,watch_only,no_valid_replacement,ordinary_market,ordinary_market,False,0.7,5.0,no_valid_replacement,False,no_incumbent,True
H2_forced_replacement_only,2025-12-10,2025-12-11,,watch_only,no_valid_replacement,ordinary_market,ordinary_market,False,0.7,5.0,no_valid_replacement,False,no_incumbent,True
H2_forced_replacement_only,2025-12-11,2025-12-12,,watch_only,no_valid_replacement,ordinary_market,ordinary_market,False,0.7,5.0,no_valid_replacement,False,no_incumbent,True
H2_forced_replacement_only,2025-12-12,2025-12-15,,watch_only,no_valid_replacement,ordinary_market,ordinary_market,False,0.7,5.0,no_valid_replacement,False,no_incumbent,True
H2_forced_replacement_only,2025-12-15,2025-12-16,,watch_only,no_valid_replacement,ordinary_market,ordinary_market,False,0.7,5.0,no_valid_replacement,False,no_incumbent,True
H2_forced_replacement_only,2025-12-16,2025-12-17,,watch_only,no_valid_replacement,ordinary_market,ordinary_market,False,0.7,5.0,no_valid_replacement,False,no_incumbent,True
H2_forced_replacement_only,2025-12-17,2025-12-18,,watch_only,no_valid_replacement,ordinary_market,ordinary_market,False,0.7,5.0,no_valid_replacement,False,no_incumbent,True
H2_forced_replacement_only,2025-12-18,2025-12-19,,watch_only,no_valid_replacement,ordinary_market,ordinary_market,False,0.7,5.0,no_valid_replacement,False,no_incumbent,True
H2_forced_replacement_only,2025-12-19,2025-12-22,,watch_only,no_valid_replacement,ordinary_market,ordinary_market,False,0.7,5.0,no_valid_replacement,False,no_incumbent,True
H2_forced_replacement_only,2025-12-22,2025-12-23,,watch_only,no_valid_replacement,ordinary_market,ordinary_market,False,0.7,5.0,no_valid_replacement,False,no_incumbent,True
H2_forced_replacement_only,2025-12-23,2025-12-24,,watch_only,no_valid_replacement,ordinary_market,ordinary_market,False,0.7,5.0,no_valid_replacement,False,no_incumbent,True
H2_forced_replacement_only,2025-12-24,2025-12-26,,watch_only,no_valid_replacement,ordinary_market,ordinary_market,False,0.7,5.0,no_valid_replacement,False,no_incumbent,True
H2_forced_replacement_only,2025-12-26,2025-12-29,,watch_only,no_valid_replacement,ordinary_market,ordinary_market,False,0.7,5.0,no_valid_replacement,False,no_incumbent,True
H2_forced_replacement_only,2025-12-29,2025-12-30,,watch_only,no_valid_replacement,ordinary_market,ordinary_market,False,0.7,5.0,no_valid_replacement,False,no_incumbent,True
H2_forced_replacement_only,2025-12-30,2025-12-31,,watch_only,no_valid_replacement,ordinary_market,ordinary_market,False,0.7,5.0,no_valid_replacement,False,no_incumbent,True
H2_forced_replacement_only,2025-12-31,2026-01-02,,watch_only,no_valid_replacement,ordinary_market,ordinary_market,False,0.7,5.0,no_valid_replacement,False,no_incumbent,True
H2_forced_replacement_only,2026-01-02,2026-01-05,,watch_only,no_valid_replacement,ordinary_market,ordinary_market,False,0.7,5.0,no_valid_replacement,False,no_incumbent,True
H2_forced_replacement_only,2026-01-05,2026-01-06,,watch_only,no_valid_replacement,ordinary_market,ordinary_market,False,0.7,5.0,no_valid_replacement,False,no_incumbent,True
H2_forced_replacement_only,2026-01-06,2026-01-07,,watch_only,no_valid_replacement,strong_market,strong_market,False,0.63,6.0,no_valid_replacement,False,no_incumbent,True
H2_forced_replacement_only,2026-01-07,2026-01-08,,watch_only,no_valid_replacement,ordinary_market,ordinary_market,False,0.7,5.0,no_valid_replacement,False,no_incumbent,True
H2_forced_replacement_only,2026-01-08,2026-01-09,,watch_only,no_valid_replacement,ordinary_market,ordinary_market,False,0.7,5.0,no_valid_replacement,False,no_incumbent,True
H2_forced_replacement_only,2026-01-09,2026-01-12,,watch_only,no_valid_replacement,ordinary_market,ordinary_market,False,0.7,5.0,no_valid_replacement,False,no_incumbent,True
H2_forced_replacement_only,2026-01-12,2026-01-13,,watch_only,no_valid_replacement,ordinary_market,ordinary_market,False,0.7,5.0,no_valid_replacement,False,no_incumbent,True
H2_forced_replacement_only,2026-01-13,2026-01-14,,watch_only,no_valid_replacement,ordinary_market,ordinary_market,False,0.7,5.0,no_valid_replacement,False,no_incumbent,True
H2_forced_replacement_only,2026-01-14,2026-01-15,,watch_only,no_valid_replacement,ordinary_market,ordinary_market,False,0.7,5.0,no_valid_replacement,False,no_incumbent,True
H2_forced_replacement_only,2026-01-15,2026-01-16,,watch_only,no_valid_replacement,ordinary_market,ordinary_market,False,0.7,5.0,no_valid_replacement,False,no_incumbent,True
H2_forced_replacement_only,2026-01-16,2026-01-19,,watch_only,no_valid_replacement,ordinary_market,ordinary_market,False,0.7,5.0,no_valid_replacement,False,no_incumbent,True
H2_forced_replacement_only,2026-01-19,2026-01-20,,watch_only,no_valid_replacement,ordinary_market,ordinary_market,False,0.7,5.0,no_valid_replacement,False,no_incumbent,True
H2_forced_replacement_only,2026-01-20,2026-01-21,,watch_only,no_valid_replacement,ordinary_market,ordinary_market,False,0.7,5.0,no_valid_replacement,False,no_incumbent,True
H2_forced_replacement_only,2026-01-21,2026-01-22,,watch_only,no_valid_replacement,ordinary_market,ordinary_market,False,0.7,5.0,no_valid_replacement,False,no_incumbent,True
H2_forced_replacement_only,2026-01-22,2026-01-23,,watch_only,no_valid_replacement,ordinary_market,ordinary_market,False,0.7,5.0,no_valid_replacement,False,no_incumbent,True
H2_forced_replacement_only,2026-01-23,2026-01-26,,watch_only,no_valid_replacement,ordinary_market,ordinary_market,False,0.7,5.0,no_valid_replacement,False,no_incumbent,True
H2_forced_replacement_only,2026-01-26,2026-01-27,5347,forced_replacement,invalid_or_weak_incumbent,ordinary_market,ordinary_market,False,0.7,5.0,forced_replacement_no_incumbent_valid_replacement_available,False,no_incumbent,True
H2_forced_replacement_only,2026-01-27,2026-01-28,5347,hold_incumbent,valid_incumbent_no_better_challenger,ordinary_market,ordinary_market,False,0.7,5.0,valid_incumbent_no_better_challenger,True,valid_incumbent,True
H2_forced_replacement_only,2026-01-28,2026-01-29,5347,hold_incumbent,valid_incumbent_no_better_challenger,strong_market,strong_market,False,0.63,6.0,valid_incumbent_no_better_challenger,True,valid_incumbent,True
H2_forced_replacement_only,2026-01-29,2026-01-30,5347,hold_incumbent,valid_incumbent_no_better_challenger,ordinary_market,ordinary_market,False,0.7,5.0,valid_incumbent_no_better_challenger,True,valid_incumbent,True
H2_forced_replacement_only,2026-01-30,2026-02-02,5347,hold_incumbent,valid_incumbent_no_better_challenger,ordinary_market,ordinary_market,False,0.7,5.0,valid_incumbent_no_better_challenger,True,valid_incumbent,True
H2_forced_replacement_only,2026-02-02,2026-02-03,5347,hold_incumbent,invalid_or_weak_incumbent,ordinary_market,ordinary_market,False,0.7,5.0,forced_label_rejected_incumbent_still_valid,True,outside_primary80_without_hard_invalid_evidence_continuity_allowed,True
H2_forced_replacement_only,2026-02-03,2026-02-04,3081,hold_incumbent,valid_incumbent_no_better_challenger,ordinary_market,ordinary_market,False,0.7,5.0,valid_incumbent_no_better_challenger,True,outside_primary80_without_hard_invalid_evidence_continuity_allowed,True
H2_forced_replacement_only,2026-02-04,2026-02-05,3081,hold_incumbent,applied_controller_switch_gate_failed,ordinary_market,ordinary_market,False,0.7,5.0,applied_controller_switch_gate_failed,True,valid_incumbent,True
H2_forced_replacement_only,2026-02-05,2026-02-06,3081,hold_incumbent,applied_controller_margin_blocks_weakening,weak_market,weak_market,False,0.77,4.0,normal_challenger_switch_disabled_valid_incumbent_continues,True,valid_incumbent,True
H2_forced_replacement_only,2026-02-06,2026-02-09,2454,hold_incumbent,valid_incumbent_no_better_challenger,ordinary_market,ordinary_market,False,0.7,5.0,valid_incumbent_no_better_challenger,True,valid_incumbent,True
H2_forced_replacement_only,2026-02-09,2026-02-10,2454,hold_incumbent,invalid_or_weak_incumbent,ordinary_market,ordinary_market,False,0.7,5.0,forced_label_rejected_incumbent_still_valid,True,outside_primary80_without_hard_invalid_evidence_continuity_allowed,True
H2_forced_replacement_only,2026-02-10,2026-02-11,6223,hold_incumbent,applied_controller_switch_gate_failed,ordinary_market,ordinary_market,False,0.7,5.0,applied_controller_switch_gate_failed,True,outside_primary80_without_hard_invalid_evidence_continuity_allowed,True
H2_forced_replacement_only,2026-02-11,2026-02-23,6223,hold_incumbent,applied_controller_switch_gate_failed,ordinary_market,ordinary_market,False,0.7,5.0,applied_controller_switch_gate_failed,True,valid_incumbent,True
H2_forced_replacement_only,2026-02-23,2026-02-24,6223,hold_incumbent,applied_controller_switch_gate_failed,ordinary_market,ordinary_market,False,0.7,5.0,applied_controller_switch_gate_failed,True,valid_incumbent,True
H2_forced_replacement_only,2026-02-24,2026-02-25,6223,hold_incumbent,applied_controller_switch_gate_failed,ordinary_market,ordinary_market,False,0.7,5.0,applied_controller_switch_gate_failed,True,valid_incumbent,True
H2_forced_replacement_only,2026-02-25,2026-02-26,6223,hold_incumbent,applied_controller_switch_gate_failed,ordinary_market,ordinary_market,False,0.7,5.0,applied_controller_switch_gate_failed,True,valid_incumbent,True
H2_forced_replacement_only,2026-02-26,2026-03-02,6223,hold_incumbent,applied_controller_switch_gate_failed,strong_market,strong_market,False,0.63,6.0,applied_controller_switch_gate_failed,True,valid_incumbent,True
H2_forced_replacement_only,2026-03-02,2026-03-03,6223,hold_incumbent,applied_controller_switch_gate_failed,ordinary_market,ordinary_market,False,0.7,5.0,applied_controller_switch_gate_failed,True,valid_incumbent,True
H2_forced_replacement_only,2026-03-03,2026-03-04,6223,hold_incumbent,applied_controller_switch_gate_failed,ordinary_market,ordinary_market,False,0.7,5.0,applied_controller_switch_gate_failed,True,valid_incumbent,True
H2_forced_replacement_only,2026-03-04,2026-03-05,6223,hold_incumbent,applied_controller_switch_gate_failed,ordinary_market,ordinary_market,False,0.7,5.0,applied_controller_switch_gate_failed,True,valid_incumbent,True
H2_forced_replacement_only,2026-03-05,2026-03-06,6223,hold_incumbent,applied_controller_switch_gate_failed,ordinary_market,ordinary_market,False,0.7,5.0,applied_controller_switch_gate_failed,True,valid_incumbent,True
H2_forced_replacement_only,2026-03-06,2026-03-09,6223,hold_incumbent,applied_controller_switch_gate_failed,ordinary_market,ordinary_market,False,0.7,5.0,applied_controller_switch_gate_failed,True,valid_incumbent,True
H2_forced_replacement_only,2026-03-09,2026-03-10,6223,hold_incumbent,applied_controller_switch_gate_failed,ordinary_market,ordinary_market,False,0.7,5.0,applied_controller_switch_gate_failed,True,valid_incumbent,True
H2_forced_replacement_only,2026-03-10,2026-03-11,6223,hold_incumbent,applied_controller_switch_gate_failed,ordinary_market,ordinary_market,False,0.7,5.0,applied_controller_switch_gate_failed,True,valid_incumbent,True
H2_forced_replacement_only,2026-03-11,2026-03-12,6223,hold_incumbent,applied_controller_margin_blocks_weakening,weak_market,weak_market,False,0.77,4.0,normal_challenger_switch_disabled_valid_incumbent_continues,True,valid_incumbent,True
H2_forced_replacement_only,2026-03-12,2026-03-13,6223,hold_incumbent,invalid_or_weak_incumbent,ordinary_market,ordinary_market,False,0.7,5.0,forced_label_rejected_incumbent_still_valid,True,valid_incumbent,True
H2_forced_replacement_only,2026-03-13,2026-03-16,3481,hold_incumbent,applied_controller_switch_gate_failed,ordinary_market,ordinary_market,False,0.7,5.0,applied_controller_switch_gate_failed,True,valid_incumbent,True
H2_forced_replacement_only,2026-03-16,2026-03-17,3481,hold_incumbent,invalid_or_weak_incumbent,ordinary_market,ordinary_market,False,0.7,5.0,forced_label_rejected_incumbent_still_valid,True,outside_primary80_without_hard_invalid_evidence_continuity_allowed,True
H2_forced_replacement_only,2026-03-17,2026-03-18,1785,hold_incumbent,valid_incumbent_no_better_challenger,ordinary_market,ordinary_market,False,0.7,5.0,valid_incumbent_no_better_challenger,True,outside_primary80_without_hard_invalid_evidence_continuity_allowed,True
H2_forced_replacement_only,2026-03-18,2026-03-19,1785,hold_incumbent,applied_controller_switch_gate_failed,strong_market,strong_market,False,0.63,6.0,applied_controller_switch_gate_failed,True,valid_incumbent,True
H2_forced_replacement_only,2026-03-19,2026-03-20,1785,hold_incumbent,applied_controller_switch_gate_failed,ordinary_market,ordinary_market,False,0.7,5.0,applied_controller_switch_gate_failed,True,valid_incumbent,True
H2_forced_replacement_only,2026-03-20,2026-03-23,1785,hold_incumbent,applied_controller_switch_gate_failed,ordinary_market,ordinary_market,False,0.7,5.0,applied_controller_switch_gate_failed,True,valid_incumbent,True
H2_forced_replacement_only,2026-03-23,2026-03-24,1785,hold_incumbent,applied_controller_switch_gate_failed,ordinary_market,ordinary_market,False,0.7,5.0,applied_controller_switch_gate_failed,True,valid_incumbent,True
H2_forced_replacement_only,2026-03-24,2026-03-25,1785,hold_incumbent,valid_incumbent_no_better_challenger,weak_market,weak_market,False,0.77,4.0,valid_incumbent_no_better_challenger,True,valid_incumbent,True
H2_forced_replacement_only,2026-03-25,2026-03-26,1785,hold_incumbent,applied_controller_switch_gate_failed,weak_market,weak_market,False,0.77,4.0,applied_controller_switch_gate_failed,True,valid_incumbent,True
H2_forced_replacement_only,2026-03-26,2026-03-27,1785,hold_incumbent,applied_controller_margin_blocks_weakening,weak_market,weak_market,False,0.77,4.0,normal_challenger_switch_disabled_valid_incumbent_continues,True,valid_incumbent,True
H2_forced_replacement_only,2026-03-27,2026-03-30,3131,hold_incumbent,applied_controller_switch_gate_failed,weak_market,weak_market,False,0.77,4.0,applied_controller_switch_gate_failed,True,valid_incumbent,True
H2_forced_replacement_only,2026-03-30,2026-03-31,3131,hold_incumbent,invalid_or_weak_incumbent,weak_market,weak_market,False,0.77,4.0,forced_label_rejected_incumbent_still_valid,True,outside_primary80_without_hard_invalid_evidence_continuity_allowed,True
H2_forced_replacement_only,2026-03-31,2026-04-01,4958,hold_incumbent,valid_incumbent_no_better_challenger,weak_market,weak_market,False,0.77,4.0,valid_incumbent_no_better_challenger,True,outside_primary80_without_hard_invalid_evidence_continuity_allowed,True
H2_forced_replacement_only,2026-04-01,2026-04-02,4958,hold_incumbent,valid_incumbent_no_better_challenger,ordinary_market,ordinary_market,False,0.7,5.0,valid_incumbent_no_better_challenger,True,valid_incumbent,True
H2_forced_replacement_only,2026-04-02,2026-04-07,4958,hold_incumbent,applied_controller_switch_gate_failed,weak_market,weak_market,False,0.77,4.0,applied_controller_switch_gate_failed,True,valid_incumbent,True
H2_forced_replacement_only,2026-04-07,2026-04-08,4958,hold_incumbent,invalid_or_weak_incumbent,ordinary_market,ordinary_market,False,0.7,5.0,forced_label_rejected_incumbent_still_valid,True,outside_primary80_without_hard_invalid_evidence_continuity_allowed,True
H2_forced_replacement_only,2026-04-08,2026-04-09,3037,hold_incumbent,applied_controller_switch_gate_failed,ordinary_market,ordinary_market,False,0.7,5.0,applied_controller_switch_gate_failed,True,outside_primary80_without_hard_invalid_evidence_continuity_allowed,True
H2_forced_replacement_only,2026-04-09,2026-04-10,3037,hold_incumbent,applied_controller_switch_gate_failed,ordinary_market,ordinary_market,False,0.7,5.0,applied_controller_switch_gate_failed,True,valid_incumbent,True
H2_forced_replacement_only,2026-04-10,2026-04-13,3037,hold_incumbent,valid_incumbent_no_better_challenger,ordinary_market,ordinary_market,False,0.7,5.0,valid_incumbent_no_better_challenger,True,valid_incumbent,True
H2_forced_replacement_only,2026-04-13,2026-04-14,3037,hold_incumbent,applied_controller_switch_gate_failed,ordinary_market,ordinary_market,False,0.7,5.0,applied_controller_switch_gate_failed,True,valid_incumbent,True
H2_forced_replacement_only,2026-04-14,2026-04-15,3037,hold_incumbent,applied_controller_switch_gate_failed,ordinary_market,ordinary_market,False,0.7,5.0,applied_controller_switch_gate_failed,True,valid_incumbent,True
H2_forced_replacement_only,2026-04-15,2026-04-16,3037,hold_incumbent,applied_controller_switch_gate_failed,ordinary_market,ordinary_market,False,0.7,5.0,applied_controller_switch_gate_failed,True,valid_incumbent,True
H2_forced_replacement_only,2026-04-16,2026-04-17,3037,hold_incumbent,applied_controller_switch_gate_failed,ordinary_market,ordinary_market,False,0.7,5.0,applied_controller_switch_gate_failed,True,valid_incumbent,True
H2_forced_replacement_only,2026-04-17,2026-04-20,3037,hold_incumbent,applied_controller_switch_gate_failed,ordinary_market,ordinary_market,False,0.7,5.0,applied_controller_switch_gate_failed,True,valid_incumbent,True
H2_forced_replacement_only,2026-04-20,2026-04-21,3037,hold_incumbent,applied_controller_switch_gate_failed,ordinary_market,ordinary_market,False,0.7,5.0,applied_controller_switch_gate_failed,True,valid_incumbent,True
H2_forced_replacement_only,2026-04-21,2026-04-22,3037,hold_incumbent,applied_controller_switch_gate_failed,ordinary_market,ordinary_market,False,0.7,5.0,applied_controller_switch_gate_failed,True,valid_incumbent,True
H2_forced_replacement_only,2026-04-22,2026-04-23,3037,hold_incumbent,applied_controller_switch_gate_failed,strong_market,strong_market,False,0.63,6.0,applied_controller_switch_gate_failed,True,valid_incumbent,True
H2_forced_replacement_only,2026-04-23,2026-04-24,3037,hold_incumbent,applied_controller_switch_gate_failed,strong_market,strong_market,False,0.63,6.0,applied_controller_switch_gate_failed,True,valid_incumbent,True
H2_forced_replacement_only,2026-04-24,2026-04-27,3037,hold_incumbent,applied_controller_switch_gate_failed,strong_market,strong_market,False,0.63,6.0,applied_controller_switch_gate_failed,True,valid_incumbent,True
H2_forced_replacement_only,2026-04-27,2026-04-28,3037,hold_incumbent,applied_controller_switch_gate_failed,strong_market,strong_market,False,0.63,6.0,applied_controller_switch_gate_failed,True,valid_incumbent,True
H2_forced_replacement_only,2026-04-28,2026-04-29,3037,hold_incumbent,applied_controller_switch_gate_failed,ordinary_market,ordinary_market,False,0.7,5.0,applied_controller_switch_gate_failed,True,valid_incumbent,True
H2_forced_replacement_only,2026-04-29,2026-04-30,3037,hold_incumbent,applied_controller_switch_gate_failed,ordinary_market,ordinary_market,False,0.7,5.0,applied_controller_switch_gate_failed,True,valid_incumbent,True
H2_forced_replacement_only,2026-04-30,2026-05-04,3037,hold_incumbent,applied_controller_switch_gate_failed,ordinary_market,ordinary_market,False,0.7,5.0,applied_controller_switch_gate_failed,True,valid_incumbent,True
H2_forced_replacement_only,2026-05-04,2026-05-05,3037,hold_incumbent,invalid_or_weak_incumbent,ordinary_market,ordinary_market,False,0.7,5.0,forced_label_rejected_incumbent_still_valid,True,outside_primary80_without_hard_invalid_evidence_continuity_allowed,True
H2_forced_replacement_only,2026-05-05,2026-05-06,2308,hold_incumbent,valid_incumbent_no_better_challenger,ordinary_market,ordinary_market,False,0.7,5.0,valid_incumbent_no_better_challenger,True,outside_primary80_without_hard_invalid_evidence_continuity_allowed,True
H2_forced_replacement_only,2026-05-06,2026-05-07,2308,hold_incumbent,applied_controller_switch_gate_failed,strong_market,strong_market,False,0.63,6.0,applied_controller_switch_gate_failed,True,valid_incumbent,True
H2_forced_replacement_only,2026-05-07,2026-05-08,2308,hold_incumbent,applied_controller_switch_gate_failed,strong_market,strong_market,False,0.63,6.0,applied_controller_switch_gate_failed,True,valid_incumbent,True
H2_forced_replacement_only,2026-05-08,2026-05-11,2308,hold_incumbent,applied_controller_switch_gate_failed,ordinary_market,ordinary_market,False,0.7,5.0,applied_controller_switch_gate_failed,True,valid_incumbent,True
H2_forced_replacement_only,2026-05-11,2026-05-12,2308,hold_incumbent,invalid_or_weak_incumbent,strong_market,strong_market,False,0.63,6.0,forced_label_rejected_incumbent_still_valid,True,outside_primary80_without_hard_invalid_evidence_continuity_allowed,True
H2_forced_replacement_only,2026-05-12,2026-05-13,8210,hold_incumbent,applied_controller_switch_gate_failed,strong_market,strong_market,False,0.63,6.0,applied_controller_switch_gate_failed,True,outside_primary80_without_hard_invalid_evidence_continuity_allowed,True
H2_forced_replacement_only,2026-05-13,2026-05-14,8210,hold_incumbent,applied_controller_switch_gate_failed,ordinary_market,ordinary_market,False,0.7,5.0,applied_controller_switch_gate_failed,True,valid_incumbent,True
H2_forced_replacement_only,2026-05-14,2026-05-15,8210,hold_incumbent,applied_controller_switch_gate_failed,ordinary_market,ordinary_market,False,0.7,5.0,applied_controller_switch_gate_failed,True,valid_incumbent,True
H2_forced_replacement_only,2026-05-15,2026-05-18,8210,hold_incumbent,applied_controller_switch_gate_failed,ordinary_market,ordinary_market,False,0.7,5.0,applied_controller_switch_gate_failed,True,valid_incumbent,True
H2_forced_replacement_only,2026-05-18,2026-05-19,8210,hold_incumbent,applied_controller_switch_gate_failed,ordinary_market,ordinary_market,False,0.7,5.0,applied_controller_switch_gate_failed,True,valid_incumbent,True
H2_forced_replacement_only,2026-05-19,2026-05-20,8210,hold_incumbent,applied_controller_switch_gate_failed,ordinary_market,ordinary_market,False,0.7,5.0,applied_controller_switch_gate_failed,True,valid_incumbent,True
H2_forced_replacement_only,2026-05-20,2026-05-21,8210,hold_incumbent,applied_controller_margin_blocks_weakening,ordinary_market,ordinary_market,False,0.7,5.0,normal_challenger_switch_disabled_valid_incumbent_continues,True,valid_incumbent,True
H2_forced_replacement_only,2026-05-21,2026-05-22,6415,hold_incumbent,applied_controller_switch_gate_failed,ordinary_market,ordinary_market,False,0.7,5.0,applied_controller_switch_gate_failed,True,valid_incumbent,True
H2_forced_replacement_only,2026-05-22,2026-05-25,6415,hold_incumbent,applied_controller_switch_gate_failed,strong_market,strong_market,False,0.63,6.0,applied_controller_switch_gate_failed,True,valid_incumbent,True
H2_forced_replacement_only,2026-05-25,2026-05-26,6415,hold_incumbent,applied_controller_switch_gate_failed,strong_market,strong_market,False,0.63,6.0,applied_controller_switch_gate_failed,True,valid_incumbent,True
H2_forced_replacement_only,2026-05-26,2026-05-27,6415,hold_incumbent,applied_controller_switch_gate_failed,ordinary_market,ordinary_market,False,0.7,5.0,applied_controller_switch_gate_failed,True,valid_incumbent,True
H2_forced_replacement_only,2026-05-27,2026-05-28,6415,hold_incumbent,applied_controller_switch_gate_failed,strong_market,strong_market,False,0.63,6.0,applied_controller_switch_gate_failed,True,valid_incumbent,True
H2_forced_replacement_only,2026-05-28,2026-05-29,6415,hold_incumbent,applied_controller_switch_gate_failed,strong_market,strong_market,False,0.63,6.0,applied_controller_switch_gate_failed,True,valid_incumbent,True
H2_forced_replacement_only,2026-05-29,2026-06-01,6415,hold_incumbent,applied_controller_switch_gate_failed,strong_market,strong_market,False,0.63,6.0,applied_controller_switch_gate_failed,True,valid_incumbent,True
H2_forced_replacement_only,2026-06-01,2026-06-02,6415,hold_incumbent,invalid_or_weak_incumbent,strong_market,strong_market,False,0.63,6.0,forced_label_rejected_incumbent_still_valid,True,outside_primary80_without_hard_invalid_evidence_continuity_allowed,True
H2_forced_replacement_only,2026-06-02,2026-06-03,2356,hold_incumbent,valid_incumbent_no_better_challenger,strong_market,strong_market,False,0.63,6.0,valid_incumbent_no_better_challenger,True,outside_primary80_without_hard_invalid_evidence_continuity_allowed,True
H2_forced_replacement_only,2026-06-03,2026-06-04,2356,hold_incumbent,valid_incumbent_no_better_challenger,ordinary_market,ordinary_market,False,0.7,5.0,valid_incumbent_no_better_challenger,True,valid_incumbent,True
H2_forced_replacement_only,2026-06-04,2026-06-05,2356,hold_incumbent,valid_incumbent_no_better_challenger,ordinary_market,ordinary_market,False,0.7,5.0,valid_incumbent_no_better_challenger,True,valid_incumbent,True
H2_forced_replacement_only,2026-06-05,2026-06-08,2356,hold_incumbent,valid_incumbent_no_better_challenger,ordinary_market,ordinary_market,False,0.7,5.0,valid_incumbent_no_better_challenger,True,valid_incumbent,True
H2_forced_replacement_only,2026-06-08,2026-06-09,2356,hold_incumbent,invalid_or_weak_incumbent,ordinary_market,ordinary_market,False,0.7,5.0,forced_label_rejected_incumbent_still_valid,True,outside_primary80_without_hard_invalid_evidence_continuity_allowed,True
H2_forced_replacement_only,2026-06-09,2026-06-10,2356,hold_incumbent,invalid_or_weak_incumbent,ordinary_market,ordinary_market,False,0.7,5.0,forced_label_rejected_incumbent_still_valid,True,outside_primary80_without_hard_invalid_evidence_continuity_allowed,True
H2_forced_replacement_only,2026-06-10,2026-06-11,5289,hold_incumbent,applied_controller_switch_gate_failed,ordinary_market,ordinary_market,False,0.7,5.0,applied_controller_switch_gate_failed,True,outside_primary80_without_hard_invalid_evidence_continuity_allowed,True
H2_forced_replacement_only,2026-06-11,2026-06-12,5289,hold_incumbent,applied_controller_switch_gate_failed,ordinary_market,ordinary_market,False,0.7,5.0,applied_controller_switch_gate_failed,True,valid_incumbent,True
H2_forced_replacement_only,2026-06-12,2026-06-15,5289,hold_incumbent,applied_controller_switch_gate_failed,ordinary_market,ordinary_market,False,0.7,5.0,applied_controller_switch_gate_failed,True,valid_incumbent,True
H2_forced_replacement_only,2026-06-15,2026-06-16,5289,hold_incumbent,applied_controller_switch_gate_failed,ordinary_market,ordinary_market,False,0.7,5.0,applied_controller_switch_gate_failed,True,valid_incumbent,True
H2_forced_replacement_only,2026-06-16,2026-06-17,5289,hold_incumbent,applied_controller_switch_gate_failed,ordinary_market,ordinary_market,False,0.7,5.0,applied_controller_switch_gate_failed,True,valid_incumbent,True
H2_forced_replacement_only,2026-06-17,2026-06-18,5289,hold_incumbent,applied_controller_switch_gate_failed,ordinary_market,ordinary_market,False,0.7,5.0,applied_controller_switch_gate_failed,True,valid_incumbent,True
H2_forced_replacement_only,2026-06-18,2026-06-22,5289,hold_incumbent,applied_controller_switch_gate_failed,ordinary_market,ordinary_market,False,0.7,5.0,applied_controller_switch_gate_failed,True,valid_incumbent,True
H2_forced_replacement_only,2026-06-22,2026-06-23,5289,hold_incumbent,applied_controller_switch_gate_failed,ordinary_market,ordinary_market,False,0.7,5.0,applied_controller_switch_gate_failed,True,valid_incumbent,True
H2_forced_replacement_only,2026-06-23,2026-06-24,5289,hold_incumbent,applied_controller_switch_gate_failed,ordinary_market,ordinary_market,False,0.7,5.0,applied_controller_switch_gate_failed,True,valid_incumbent,True
H2_forced_replacement_only,2026-06-24,2026-06-25,5289,hold_incumbent,applied_controller_switch_gate_failed,ordinary_market,ordinary_market,False,0.7,5.0,applied_controller_switch_gate_failed,True,valid_incumbent,True
H2_forced_replacement_only,2026-06-25,2026-06-26,5289,hold_incumbent,applied_controller_switch_gate_failed,ordinary_market,ordinary_market,False,0.7,5.0,applied_controller_switch_gate_failed,True,valid_incumbent,True
H2_forced_replacement_only,2026-06-26,2026-06-29,5289,hold_incumbent,applied_controller_margin_blocks_weakening,ordinary_market,ordinary_market,False,0.7,5.0,normal_challenger_switch_disabled_valid_incumbent_continues,True,valid_incumbent,True
