signal_date,state_start_date,state_end_date,holding_ticker,holding_asset_type,state_reason,transition_action,entry_price_kind,exit_price_kind,entry_price,exit_price,gross_interval_return,transition_cost_rate_proxy,net_interval_return_after_transition_cost_proxy,gross_equity_before_cost_proxy,net_equity_after_transition_cost_proxy,gross_drawdown,net_drawdown,path_ready,blocked_reason,source_quality,diagnostic_only,formal_model_changed,trade_decision_changed,active_in_trade_decision,report_changed,portfolio_replay_executed,ready_for_strategy_replay,ready_for_formal,not_live_rule,forward_returns_live_rule_usage,target_state,previous_ticker,cash_condition_status,adjusted_close_status
,2015-01-05,2015-01-12,00631L,etf,initial_default_base_hold_before_first_signal,none_initial_state_already_holding_00631L,adjusted_close,adjusted_close,0.8690900206565857,0.875,0.006800192388527693,0.0,0.006800192388527693,1.0068001923885277,1.0068001923885277,0.0,0.0,True,,benchmark_features_adjusted_close_exact_reference,True,False,False,False,False,False,False,False,True,False,,,,
2015-01-09,2015-01-12,2015-01-19,2330,stock,available_proxy_stock_exception,base_00631L_to_stock_exception,unadjusted_close,unadjusted_close,132.0,139.0,0.05303030303030298,0.00385,0.04897613636363629,1.0601911116818588,1.0561093759018836,0.0,0.0,True,,official_unadjusted_ohlcv_twse_stock_day,True,False,False,False,False,False,False,False,True,False,stock_exception,00631L,blocked_no_bear_cash_classifier,ready_for_00631L_base; blocked_for_stock_exception_unadjusted_ohlc
2015-01-16,2015-01-19,2015-01-26,2330,stock,available_proxy_stock_exception,hold_same_state_no_trade,unadjusted_close,unadjusted_close,139.0,145.0,0.043165467625899234,0.0,0.043165467625899234,1.1059547567904282,1.101696830976785,0.0,0.0,True,,official_unadjusted_ohlcv_twse_stock_day,True,False,False,False,False,False,False,False,True,False,stock_exception,2330,blocked_no_bear_cash_classifier,ready_for_00631L_base; blocked_for_stock_exception_unadjusted_ohlc
2015-01-23,2015-01-26,2015-02-02,2317,stock,available_proxy_stock_exception,stock_exception_to_stock_exception_switch,unadjusted_close,unadjusted_close,88.8,86.5,-0.025900900900900914,0.00585,-0.031599380630630614,1.0773095322339195,1.06688389347519,-0.025900900900900803,-0.0315993806306305,True,,official_unadjusted_ohlcv_twse_stock_day,True,False,False,False,False,False,False,False,True,False,stock_exception,2330,blocked_no_bear_cash_classifier,ready_for_00631L_base; blocked_for_stock_exception_unadjusted_ohlc
2015-01-30,2015-02-02,2015-02-09,2603,stock,available_proxy_stock_exception,stock_exception_to_stock_exception_switch,unadjusted_close,unadjusted_close,21.6,22.4,0.03703703703703698,0.00585,0.030970370370370315,1.1172098852796202,1.0999256827982995,0.0,-0.0016076547818650866,True,,official_unadjusted_ohlcv_twse_stock_day,True,False,False,False,False,False,False,False,True,False,stock_exception,2317,blocked_no_bear_cash_classifier,ready_for_00631L_base; blocked_for_stock_exception_unadjusted_ohlc
2015-02-06,2015-02-09,2015-02-24,00631L,etf,fallback_full_signal_aligned_00631L,stock_exception_to_base_00631L,adjusted_close,adjusted_close,0.851360023021698,0.8359100222587585,-0.01814743509814265,0.00585,-0.023891272602818536,1.0969353913955049,1.073647058467724,-0.01814743509814265,-0.025460518466038917,True,,benchmark_features_adjusted_close_exact_reference,True,False,False,False,False,False,False,False,True,False,base_00631L,2603,blocked_no_bear_cash_classifier,ready_for_00631L_base; blocked_for_stock_exception_unadjusted_ohlc
2015-02-13,2015-02-24,2015-03-02,00631L,etf,fallback_full_signal_aligned_00631L,hold_same_state_no_trade,adjusted_close,adjusted_close,0.8359100222587585,0.8359100222587585,0.0,0.0,0.0,1.0969353913955049,1.073647058467724,-0.01814743509814265,-0.025460518466038917,True,,benchmark_features_adjusted_close_exact_reference,True,False,False,False,False,False,False,False,True,False,base_00631L,00631L,blocked_no_bear_cash_classifier,ready_for_00631L_base; blocked_for_stock_exception_unadjusted_ohlc
2015-02-26,2015-03-02,2015-03-09,00631L,etf,fallback_full_signal_aligned_00631L,hold_same_state_no_trade,adjusted_close,adjusted_close,0.8359100222587585,0.8395500183105469,0.004354530936179657,0.0,0.004354530936179657,1.101712030492327,1.07832228779836,-0.01387192772951018,-0.02121685614517077,True,,benchmark_features_adjusted_close_exact_reference,True,False,False,False,False,False,False,False,True,False,base_00631L,00631L,blocked_no_bear_cash_classifier,ready_for_00631L_base; blocked_for_stock_exception_unadjusted_ohlc
2015-03-06,2015-03-09,2015-03-16,00631L,etf,fallback_full_signal_aligned_00631L,hold_same_state_no_trade,adjusted_close,adjusted_close,0.8395500183105469,0.842270016670227,0.0032398288373023387,0.0,0.0032398288373023387,1.1052813888991189,1.081815867442275,-0.010677041563694867,-0.018045766290244347,True,,benchmark_features_adjusted_close_exact_reference,True,False,False,False,False,False,False,False,True,False,base_00631L,00631L,blocked_no_bear_cash_classifier,ready_for_00631L_base; blocked_for_stock_exception_unadjusted_ohlc
2015-03-13,2015-03-16,2015-03-23,00631L,etf,fallback_full_signal_aligned_00631L,hold_same_state_no_trade,adjusted_close,adjusted_close,0.842270016670227,0.8263599872589111,-0.018889464300550052,0.0,-0.018889464300550052,1.0844032155614465,1.0613809452344556,-0.029364822268792112,-0.036594355732678774,True,,benchmark_features_adjusted_close_exact_reference,True,False,False,False,False,False,False,False,True,False,base_00631L,00631L,blocked_no_bear_cash_classifier,ready_for_00631L_base; blocked_for_stock_exception_unadjusted_ohlc
2015-03-20,2015-03-23,2015-03-30,00631L,etf,fallback_full_signal_aligned_00631L,hold_same_state_no_trade,adjusted_close,adjusted_close,0.8263599872589111,0.8427299857139587,0.019809766575639598,0.0,0.019809766575639598,1.1058849901355918,1.0824066540073818,-0.010136765967832306,-0.01750951480208951,True,,benchmark_features_adjusted_close_exact_reference,True,False,False,False,False,False,False,False,True,False,base_00631L,00631L,blocked_no_bear_cash_classifier,ready_for_00631L_base; blocked_for_stock_exception_unadjusted_ohlc
2015-03-27,2015-03-30,2015-04-07,00631L,etf,fallback_full_signal_aligned_00631L,hold_same_state_no_trade,adjusted_close,adjusted_close,0.8427299857139587,0.834089994430542,-0.010252383835727574,0.0,-0.010252383835727574,1.094547032738552,1.0713094055241525,-0.02028522378800468,-0.027582384371288682,True,,benchmark_features_adjusted_close_exact_reference,True,False,False,False,False,False,False,False,True,False,base_00631L,00631L,blocked_no_bear_cash_classifier,ready_for_00631L_base; blocked_for_stock_exception_unadjusted_ohlc
2015-04-02,2015-04-07,2015-04-13,00631L,etf,fallback_full_signal_aligned_00631L,hold_same_state_no_trade,adjusted_close,adjusted_close,0.834089994430542,0.8327299952507019,-0.0016305185158930202,0.0,-0.0016305185158930202,1.092762353535156,1.0695626157021951,-0.021882666870912337,-0.029167929298751782,True,,benchmark_features_adjusted_close_exact_reference,True,False,False,False,False,False,False,False,True,False,base_00631L,00631L,blocked_no_bear_cash_classifier,ready_for_00631L_base; blocked_for_stock_exception_unadjusted_ohlc
2015-04-10,2015-04-13,2015-04-20,00631L,etf,fallback_full_signal_aligned_00631L,hold_same_state_no_trade,adjusted_close,adjusted_close,0.8327299952507019,0.8404499888420105,0.009270704352356551,0.0,0.009270704352356551,1.1028930302421658,1.0794782144987034,-0.012814830253557119,-0.020167632195494334,True,,benchmark_features_adjusted_close_exact_reference,True,False,False,False,False,False,False,False,True,False,base_00631L,00631L,blocked_no_bear_cash_classifier,ready_for_00631L_base; blocked_for_stock_exception_unadjusted_ohlc
2015-04-17,2015-04-20,2015-04-27,00631L,etf,fallback_full_signal_aligned_00631L,hold_same_state_no_trade,adjusted_close,adjusted_close,0.8404499888420105,0.8022699952125549,-0.0454280375231616,0.0,-0.0454280375231616,1.0527907642802912,1.030439637665021,-0.05766071518710736,-0.06467949376652571,True,,benchmark_features_adjusted_close_exact_reference,True,False,False,False,False,False,False,False,True,False,base_00631L,00631L,blocked_no_bear_cash_classifier,ready_for_00631L_base; blocked_for_stock_exception_unadjusted_ohlc
2015-04-24,2015-04-27,2015-05-04,00631L,etf,fallback_full_signal_aligned_00631L,hold_same_state_no_trade,adjusted_close,adjusted_close,0.8022699952125549,0.8113600015640259,0.011330358115988926,0.0,0.011330358115988926,1.0647192606607925,1.0421148877766755,-0.04698367362341238,-0.054081977477672294,True,,benchmark_features_adjusted_close_exact_reference,True,False,False,False,False,False,False,False,True,False,base_00631L,00631L,blocked_no_bear_cash_classifier,ready_for_00631L_base; blocked_for_stock_exception_unadjusted_ohlc
2015-04-30,2015-05-04,2015-05-11,2316,stock,available_proxy_stock_exception,base_00631L_to_stock_exception,unadjusted_close,unadjusted_close,22.8,21.75,-0.046052631578947345,0.00385,-0.049725328947368364,1.0156861368145718,0.9902953821810304,-0.09087258339075532,-0.10111806230483933,True,,official_unadjusted_ohlcv_twse_stock_day,True,False,False,False,False,False,False,False,True,False,stock_exception,00631L,blocked_no_bear_cash_classifier,ready_for_00631L_base; blocked_for_stock_exception_unadjusted_ohlc
2015-05-08,2015-05-11,2015-05-18,00631L,etf,fallback_full_signal_aligned_00631L,stock_exception_to_base_00631L,adjusted_close,adjusted_close,0.8245499730110168,0.836359977722168,0.014322970223410891,0.00585,0.008389180847603983,1.0302337791084981,0.9986031492346942,-0.07785117847337464,-0.09357717916886987,True,,benchmark_features_adjusted_close_exact_reference,True,False,False,False,False,False,False,False,True,False,base_00631L,2316,blocked_no_bear_cash_classifier,ready_for_00631L_base; blocked_for_stock_exception_unadjusted_ohlc
2015-05-15,2015-05-18,2015-05-25,3008,stock,available_proxy_stock_exception,base_00631L_to_stock_exception,unadjusted_close,unadjusted_close,3130.0,3465.0,0.10702875399361012,0.00385,0.10276669329073473,1.1404984168086088,1.1012262927912577,0.0,-0.000427103148794572,True,,official_unadjusted_ohlcv_twse_stock_day,True,False,False,False,False,False,False,False,True,False,stock_exception,00631L,blocked_no_bear_cash_classifier,ready_for_00631L_base; blocked_for_stock_exception_unadjusted_ohlc
2015-05-22,2015-05-25,2015-06-01,00631L,etf,fallback_full_signal_aligned_00631L,stock_exception_to_base_00631L,adjusted_close,adjusted_close,0.8345500230789185,0.8327299952507019,-0.002180849293493381,0.00585,-0.00801809132512643,1.1380111616420814,1.092396559806027,-0.002180849293493381,-0.008441769921868736,True,,benchmark_features_adjusted_close_exact_reference,True,False,False,False,False,False,False,False,True,False,base_00631L,3008,blocked_no_bear_cash_classifier,ready_for_00631L_base; blocked_for_stock_exception_unadjusted_ohlc
2015-05-29,2015-06-01,2015-06-08,00631L,etf,fallback_full_signal_aligned_00631L,hold_same_state_no_trade,adjusted_close,adjusted_close,0.8327299952507019,0.8550000190734863,0.026743390954807378,0.0,0.026743390954807378,1.1684454390488102,1.1216109480826062,0.0,0.0,True,,benchmark_features_adjusted_close_exact_reference,True,False,False,False,False,False,False,False,True,False,base_00631L,00631L,blocked_no_bear_cash_classifier,ready_for_00631L_base; blocked_for_stock_exception_unadjusted_ohlc
2015-06-05,2015-06-08,2015-06-15,00631L,etf,fallback_full_signal_aligned_00631L,hold_same_state_no_trade,adjusted_close,adjusted_close,0.8550000190734863,0.8663600087165833,0.013286537297866996,0.0,0.013286537297866996,1.1839700329552547,1.1365132737780017,0.0,0.0,True,,benchmark_features_adjusted_close_exact_reference,True,False,False,False,False,False,False,False,True,False,base_00631L,00631L,blocked_no_bear_cash_classifier,ready_for_00631L_base; blocked_for_stock_exception_unadjusted_ohlc
2015-06-12,2015-06-15,2015-06-22,00631L,etf,fallback_full_signal_aligned_00631L,hold_same_state_no_trade,adjusted_close,adjusted_close,0.8663600087165833,0.8568199872970581,-0.011011613328802738,0.0,-0.011011613328802738,1.1709326127594617,1.1239984290641065,-0.011011613328802627,-0.01101161332880285,True,,benchmark_features_adjusted_close_exact_reference,True,False,False,False,False,False,False,False,True,False,base_00631L,00631L,blocked_no_bear_cash_classifier,ready_for_00631L_base; blocked_for_stock_exception_unadjusted_ohlc
2015-06-18,2015-06-22,2015-06-29,00631L,etf,fallback_full_signal_aligned_00631L,hold_same_state_no_trade,adjusted_close,adjusted_close,0.8568199872970581,0.864549994468689,0.009021740022680858,0.0,0.009021740022680858,1.181496462375856,1.1341388506770247,-0.0020892172188046176,-0.0020892172188046176,True,,benchmark_features_adjusted_close_exact_reference,True,False,False,False,False,False,False,False,True,False,base_00631L,00631L,blocked_no_bear_cash_classifier,ready_for_00631L_base; blocked_for_stock_exception_unadjusted_ohlc
2015-06-26,2015-06-29,2015-07-06,00631L,etf,fallback_full_signal_aligned_00631L,hold_same_state_no_trade,adjusted_close,adjusted_close,0.864549994468689,0.8540899753570557,-0.012098801895269795,0.0,-0.012098801895269795,1.1672017707376083,1.1204171294009544,-0.014162742088827951,-0.014162742088827951,True,,benchmark_features_adjusted_close_exact_reference,True,False,False,False,False,False,False,False,True,False,base_00631L,00631L,blocked_no_bear_cash_classifier,ready_for_00631L_base; blocked_for_stock_exception_unadjusted_ohlc
2015-07-03,2015-07-06,2015-07-10,00631L,etf,fallback_full_signal_aligned_00631L,hold_same_state_no_trade,adjusted_close,adjusted_close,0.8540899753570557,0.881820023059845,0.0324673611713997,0.0,0.0324673611713997,1.2050977321880436,1.156794117003838,0.0,0.0,True,,benchmark_features_adjusted_close_exact_reference,True,False,False,False,False,False,False,False,True,False,base_00631L,00631L,blocked_no_bear_cash_classifier,ready_for_00631L_base; blocked_for_stock_exception_unadjusted_ohlc
2015-07-09,2015-07-10,2015-07-20,00631L,etf,fallback_full_signal_aligned_00631L,hold_same_state_no_trade,adjusted_close,adjusted_close,0.881820023059845,0.8745499849319458,-0.00824435592046635,0.0,-0.00824435592046635,1.1951624775649385,1.1472570945765568,-0.00824435592046635,-0.00824435592046635,True,,benchmark_features_adjusted_close_exact_reference,True,False,False,False,False,False,False,False,True,False,base_00631L,00631L,blocked_no_bear_cash_classifier,ready_for_00631L_base; blocked_for_stock_exception_unadjusted_ohlc
2015-07-17,2015-07-20,2015-07-27,00631L,etf,fallback_full_signal_aligned_00631L,hold_same_state_no_trade,adjusted_close,adjusted_close,0.8745499849319458,0.9045500159263612,0.03430339204310884,0.0,0.03430339204310884,1.236160604588062,1.1866119044660544,0.0,0.0,True,,benchmark_features_adjusted_close_exact_reference,True,False,False,False,False,False,False,False,True,False,base_00631L,00631L,blocked_no_bear_cash_classifier,ready_for_00631L_base; blocked_for_stock_exception_unadjusted_ohlc
2015-07-24,2015-07-27,2015-08-03,00631L,etf,fallback_full_signal_aligned_00631L,hold_same_state_no_trade,adjusted_close,adjusted_close,0.9045500159263612,0.9154499769210817,0.012050147369195185,0.0,0.012050147369195185,1.2510565220453416,1.2009107527849117,0.0,0.0,True,,benchmark_features_adjusted_close_exact_reference,True,False,False,False,False,False,False,False,True,False,base_00631L,00631L,blocked_no_bear_cash_classifier,ready_for_00631L_base; blocked_for_stock_exception_unadjusted_ohlc
2015-07-31,2015-08-03,2015-08-10,00631L,etf,fallback_full_signal_aligned_00631L,hold_same_state_no_trade,adjusted_close,adjusted_close,0.9154499769210817,0.9127299785614014,-0.002971214624777674,0.0,-0.002971214624777674,1.247339364610617,1.1973425891931844,-0.002971214624777674,-0.002971214624777674,True,,benchmark_features_adjusted_close_exact_reference,True,False,False,False,False,False,False,False,True,False,base_00631L,00631L,blocked_no_bear_cash_classifier,ready_for_00631L_base; blocked_for_stock_exception_unadjusted_ohlc
2015-08-07,2015-08-10,2015-08-17,00631L,etf,fallback_full_signal_aligned_00631L,hold_same_state_no_trade,adjusted_close,adjusted_close,0.9127299785614014,0.9359099864959716,0.02539634774690458,0.0,0.02539634774690458,1.2790172288726713,1.2277507179605136,0.0,0.0,True,,benchmark_features_adjusted_close_exact_reference,True,False,False,False,False,False,False,False,True,False,base_00631L,00631L,blocked_no_bear_cash_classifier,ready_for_00631L_base; blocked_for_stock_exception_unadjusted_ohlc
2015-08-14,2015-08-17,2015-08-24,00631L,etf,fallback_full_signal_aligned_00631L,hold_same_state_no_trade,adjusted_close,adjusted_close,0.9359099864959716,0.6563599705696106,-0.298693271746133,0.0,-0.298693271746133,0.8969833881610205,0.861029839124224,-0.298693271746133,-0.298693271746133,True,,benchmark_features_adjusted_close_exact_reference,True,False,False,False,False,False,False,False,True,False,base_00631L,00631L,blocked_no_bear_cash_classifier,ready_for_00631L_base; blocked_for_stock_exception_unadjusted_ohlc
2015-08-21,2015-08-24,2015-08-31,00631L,etf,fallback_full_signal_aligned_00631L,hold_same_state_no_trade,adjusted_close,adjusted_close,0.6563599705696106,0.7718200087547302,0.1759096278904999,0.0,0.1759096278904999,1.0547714021963854,1.0124932777271833,-0.1753266661418914,-0.1753266661418913,True,,benchmark_features_adjusted_close_exact_reference,True,False,False,False,False,False,False,False,True,False,base_00631L,00631L,blocked_no_bear_cash_classifier,ready_for_00631L_base; blocked_for_stock_exception_unadjusted_ohlc
2015-08-28,2015-08-31,2015-09-07,00631L,etf,fallback_full_signal_aligned_00631L,hold_same_state_no_trade,adjusted_close,adjusted_close,0.7718200087547302,0.764549970626831,-0.009419343947339232,0.0,-0.009419343947339232,1.0448361475732804,1.002956255299902,-0.18309454791769986,-0.18309454791769975,True,,benchmark_features_adjusted_close_exact_reference,True,False,False,False,False,False,False,False,True,False,base_00631L,00631L,blocked_no_bear_cash_classifier,ready_for_00631L_base; blocked_for_stock_exception_unadjusted_ohlc
2015-09-04,2015-09-07,2015-09-14,00631L,etf,fallback_full_signal_aligned_00631L,hold_same_state_no_trade,adjusted_close,adjusted_close,0.764549970626831,0.824999988079071,0.07906614318836325,0.0,0.07906614318836325,1.1274473120256872,1.0822561381931086,-0.11850498447200608,-0.11850498447200608,True,,benchmark_features_adjusted_close_exact_reference,True,False,False,False,False,False,False,False,True,False,base_00631L,00631L,blocked_no_bear_cash_classifier,ready_for_00631L_base; blocked_for_stock_exception_unadjusted_ohlc
2015-09-11,2015-09-14,2015-09-21,00631L,etf,fallback_full_signal_aligned_00631L,hold_same_state_no_trade,adjusted_close,adjusted_close,0.824999988079071,0.827269971370697,0.00275149493869864,0.0,0.00275149493869864,1.1305494775983753,1.0852339604797225,-0.11607955539829262,-0.11607955539829273,True,,benchmark_features_adjusted_close_exact_reference,True,False,False,False,False,False,False,False,True,False,base_00631L,00631L,blocked_no_bear_cash_classifier,ready_for_00631L_base; blocked_for_stock_exception_unadjusted_ohlc
2015-09-18,2015-09-21,2015-09-29,00631L,etf,fallback_full_signal_aligned_00631L,hold_same_state_no_trade,adjusted_close,adjusted_close,0.827269971370697,0.7972699999809265,-0.036263822485982145,0.0,-0.036263822485982145,1.089551432031128,1.0458792287811265,-0.1481338894930594,-0.1481338894930594,True,,benchmark_features_adjusted_close_exact_reference,True,False,False,False,False,False,False,False,True,False,base_00631L,00631L,blocked_no_bear_cash_classifier,ready_for_00631L_base; blocked_for_stock_exception_unadjusted_ohlc
2015-09-25,2015-09-29,2015-10-05,00631L,etf,fallback_full_signal_aligned_00631L,hold_same_state_no_trade,adjusted_close,adjusted_close,0.7972699999809265,0.831820011138916,0.04333539598732683,0.0,0.04333539598732683,1.1367675747867558,1.0912028193152765,-0.1112179342660573,-0.1112179342660573,True,,benchmark_features_adjusted_close_exact_reference,True,False,False,False,False,False,False,False,True,False,base_00631L,00631L,blocked_no_bear_cash_classifier,ready_for_00631L_base; blocked_for_stock_exception_unadjusted_ohlc
2015-10-02,2015-10-05,2015-10-12,00631L,etf,fallback_full_signal_aligned_00631L,hold_same_state_no_trade,adjusted_close,adjusted_close,0.831820011138916,0.8863599896430969,0.06556704307883332,0.0,0.06556704307883332,1.21130206333342,1.1627497615770657,-0.05294312227438536,-0.05294312227438536,True,,benchmark_features_adjusted_close_exact_reference,True,False,False,False,False,False,False,False,True,False,base_00631L,00631L,blocked_no_bear_cash_classifier,ready_for_00631L_base; blocked_for_stock_exception_unadjusted_ohlc
2015-10-08,2015-10-12,2015-10-19,6143,stock,available_proxy_stock_exception,base_00631L_to_stock_exception,unadjusted_close,unadjusted_close,67.9,66.2,-0.025036818851251863,0.00385,-0.02879042709867452,1.1809749129995935,1.12927369933238,-0.07665441376383386,-0.080209294270843,True,,official_unadjusted_ohlcv_tpex_trading_stock,True,False,False,False,False,False,False,False,True,False,stock_exception,00631L,blocked_no_bear_cash_classifier,ready_for_00631L_base; blocked_for_stock_exception_unadjusted_ohlc
2015-10-16,2015-10-19,2015-10-26,8433,stock,available_proxy_stock_exception,stock_exception_to_stock_exception_switch,unadjusted_close,unadjusted_close,124.0,116.5,-0.06048387096774188,0.00585,-0.06598004032258065,1.1095449787455858,1.0547641751151997,-0.13250192906037617,-0.14089712212318772,True,,official_unadjusted_ohlcv_tpex_trading_stock,True,False,False,False,False,False,False,False,True,False,stock_exception,6143,blocked_no_bear_cash_classifier,ready_for_00631L_base; blocked_for_stock_exception_unadjusted_ohlc
2015-10-23,2015-10-26,2015-11-02,00631L,etf,fallback_full_signal_aligned_00631L,stock_exception_to_base_00631L,adjusted_close,adjusted_close,0.918179988861084,0.885450005531311,-0.03564658751752081,0.00585,-0.04128805498054333,1.0699934865561054,1.011215013861536,-0.163425274967406,-0.17636780897890858,True,,benchmark_features_adjusted_close_exact_reference,True,False,False,False,False,False,False,False,True,False,base_00631L,8433,blocked_no_bear_cash_classifier,ready_for_00631L_base; blocked_for_stock_exception_unadjusted_ohlc
2015-10-30,2015-11-02,2015-11-09,00631L,etf,fallback_full_signal_aligned_00631L,hold_same_state_no_trade,adjusted_close,adjusted_close,0.885450005531311,0.8945500254631042,0.010277282596359294,0.0,0.010277282596359294,1.0809901119937062,1.0216075563246723,-0.15482756010527443,-0.16790310819632626,True,,benchmark_features_adjusted_close_exact_reference,True,False,False,False,False,False,False,False,True,False,base_00631L,00631L,blocked_no_bear_cash_classifier,ready_for_00631L_base; blocked_for_stock_exception_unadjusted_ohlc
2015-11-06,2015-11-09,2015-11-16,00631L,etf,fallback_full_signal_aligned_00631L,hold_same_state_no_trade,adjusted_close,adjusted_close,0.8945500254631042,0.827269971370697,-0.0752110582720924,0.0,-0.0752110582720924,0.9996877016889919,0.9447713708747274,-0.21839387373216312,-0.23048599601379938,True,,benchmark_features_adjusted_close_exact_reference,True,False,False,False,False,False,False,False,True,False,base_00631L,00631L,blocked_no_bear_cash_classifier,ready_for_00631L_base; blocked_for_stock_exception_unadjusted_ohlc
2015-11-13,2015-11-16,2015-11-23,00631L,etf,fallback_full_signal_aligned_00631L,hold_same_state_no_trade,adjusted_close,adjusted_close,0.827269971370697,0.860450029373169,0.040107896032411494,0.0,0.040107896032411494,1.0397830720932144,0.9826641627921698,-0.1870452964815169,-0.19962240834643608,True,,benchmark_features_adjusted_close_exact_reference,True,False,False,False,False,False,False,False,True,False,base_00631L,00631L,blocked_no_bear_cash_classifier,ready_for_00631L_base; blocked_for_stock_exception_unadjusted_ohlc
2015-11-20,2015-11-23,2015-11-30,00631L,etf,fallback_full_signal_aligned_00631L,hold_same_state_no_trade,adjusted_close,adjusted_close,0.860450029373169,0.8222699761390686,-0.04437219121476954,0.0,-0.04437219121476954,0.9936456187964138,0.9390612006608543,-0.22311787803498528,-0.2351369158873048,True,,benchmark_features_adjusted_close_exact_reference,True,False,False,False,False,False,False,False,True,False,base_00631L,00631L,blocked_no_bear_cash_classifier,ready_for_00631L_base; blocked_for_stock_exception_unadjusted_ohlc
2015-11-27,2015-11-30,2015-12-07,00631L,etf,fallback_full_signal_aligned_00631L,hold_same_state_no_trade,adjusted_close,adjusted_close,0.8222699761390686,0.8586400151252747,0.04423126228806251,0.0,0.04423126228806251,1.037595818782782,0.9805970629318275,-0.18875540113144418,-0.20130605619945974,True,,benchmark_features_adjusted_close_exact_reference,True,False,False,False,False,False,False,False,True,False,base_00631L,00631L,blocked_no_bear_cash_classifier,ready_for_00631L_base; blocked_for_stock_exception_unadjusted_ohlc
2015-12-04,2015-12-07,2015-12-14,00631L,etf,fallback_full_signal_aligned_00631L,hold_same_state_no_trade,adjusted_close,adjusted_close,0.8586400151252747,0.7763599753379822,-0.09582600197742697,0.0,-0.09582600197742697,0.9381671598003333,0.8866303668402631,-0.26649372766679935,-0.2778417036374492,True,,benchmark_features_adjusted_close_exact_reference,True,False,False,False,False,False,False,False,True,False,base_00631L,00631L,blocked_no_bear_cash_classifier,ready_for_00631L_base; blocked_for_stock_exception_unadjusted_ohlc
2015-12-11,2015-12-14,2015-12-21,00631L,etf,fallback_full_signal_aligned_00631L,hold_same_state_no_trade,adjusted_close,adjusted_close,0.7763599753379822,0.8168200254440308,0.052115064391920374,0.0,0.052115064391920374,0.9870598017437127,0.9328371654999754,-0.22826700105227715,-0.24020637752135532,True,,benchmark_features_adjusted_close_exact_reference,True,False,False,False,False,False,False,False,True,False,base_00631L,00631L,blocked_no_bear_cash_classifier,ready_for_00631L_base; blocked_for_stock_exception_unadjusted_ohlc
2015-12-18,2015-12-21,2015-12-28,00631L,etf,fallback_full_signal_aligned_00631L,hold_same_state_no_trade,adjusted_close,adjusted_close,0.8168200254440308,0.8354499936103821,0.022807922903486544,0.0,0.022807922903486544,1.009572585603014,0.9541132436522057,-0.21066537431020105,-0.2228770631573017,True,,benchmark_features_adjusted_close_exact_reference,True,False,False,False,False,False,False,False,True,False,base_00631L,00631L,blocked_no_bear_cash_classifier,ready_for_00631L_base; blocked_for_stock_exception_unadjusted_ohlc
2015-12-25,2015-12-28,2016-01-04,00631L,etf,fallback_full_signal_aligned_00631L,hold_same_state_no_trade,adjusted_close,adjusted_close,0.8354499936103821,0.7813599705696106,-0.06474357945353792,0.0,-0.06474357945353792,0.9442092426929115,0.8923405370541364,-0.2617697233639772,-0.27319078376394357,True,,benchmark_features_adjusted_close_exact_reference,True,False,False,False,False,False,False,False,True,False,base_00631L,00631L,blocked_no_bear_cash_classifier,ready_for_00631L_base; blocked_for_stock_exception_unadjusted_ohlc
2015-12-31,2016-01-04,2016-01-11,00631L,etf,fallback_full_signal_aligned_00631L,hold_same_state_no_trade,adjusted_close,adjusted_close,0.7813599705696106,0.7140899896621704,-0.08609345684601744,0.0,-0.08609345684601744,0.8629190050035185,0.8155158555353141,-0.3253265198279641,-0.33576430165725024,True,,benchmark_features_adjusted_close_exact_reference,True,False,False,False,False,False,False,False,True,False,base_00631L,00631L,blocked_no_bear_cash_classifier,ready_for_00631L_base; blocked_for_stock_exception_unadjusted_ohlc
2016-01-08,2016-01-11,2016-01-18,2485,stock,available_proxy_stock_exception,base_00631L_to_stock_exception,unadjusted_close,unadjusted_close,57.0,57.3,0.0052631578947368585,0.00385,0.0013928947368420097,0.8674606839772212,0.8166517832783005,-0.32177560677442707,-0.3348390912490061,True,,official_unadjusted_ohlcv_twse_stock_day,True,False,False,False,False,False,False,False,True,False,stock_exception,00631L,blocked_no_bear_cash_classifier,ready_for_00631L_base; blocked_for_stock_exception_unadjusted_ohlc
2016-01-15,2016-01-18,2016-01-25,2409,stock,available_proxy_stock_exception,stock_exception_to_stock_exception_switch,unadjusted_close,unadjusted_close,9.09,8.87,-0.024202420242024236,0.00585,-0.02991083608360845,0.8464660359601707,0.7922250456512767,-0.33819027855766437,-0.35473461015988106,True,,official_unadjusted_ohlcv_twse_stock_day,True,False,False,False,False,False,False,False,True,False,stock_exception,2485,blocked_no_bear_cash_classifier,ready_for_00631L_base; blocked_for_stock_exception_unadjusted_ohlc
2016-01-22,2016-01-25,2016-01-30,00631L,etf,fallback_full_signal_aligned_00631L,stock_exception_to_base_00631L,adjusted_close,adjusted_close,0.7359099984169006,0.7940899729728699,0.07905854612809549,0.00585,0.07274605363324604,0.913386410109994,0.8498562913118253,-0.28586856416699336,-0.3077940995028944,True,,benchmark_features_adjusted_close_exact_reference,True,False,False,False,False,False,False,False,True,False,base_00631L,2409,blocked_no_bear_cash_classifier,ready_for_00631L_base; blocked_for_stock_exception_unadjusted_ohlc
2016-01-29,2016-01-30,2016-02-15,00631L,etf,fallback_full_signal_aligned_00631L,hold_same_state_no_trade,adjusted_close,adjusted_close,0.7940899729728699,0.7740899920463562,-0.025186038871185867,0.0,-0.025186038871185867,0.8903818244805508,0.8284517777239238,-0.3038547062690192,-0.32522802421967867,True,,benchmark_features_adjusted_close_exact_reference,True,False,False,False,False,False,False,False,True,False,base_00631L,00631L,blocked_no_bear_cash_classifier,ready_for_00631L_base; blocked_for_stock_exception_unadjusted_ohlc
2016-02-03,2016-02-15,2016-02-22,00631L,etf,fallback_full_signal_aligned_00631L,hold_same_state_no_trade,adjusted_close,adjusted_close,0.7740899920463562,0.823639988899231,0.06401064134918766,0.0,0.06401064134918766,0.9473757361112107,0.8814815073429068,-0.2592939995450805,-0.28203543728552183,True,,benchmark_features_adjusted_close_exact_reference,True,False,False,False,False,False,False,False,True,False,base_00631L,00631L,blocked_no_bear_cash_classifier,ready_for_00631L_base; blocked_for_stock_exception_unadjusted_ohlc
2016-02-19,2016-02-22,2016-03-01,00631L,etf,fallback_full_signal_aligned_00631L,hold_same_state_no_trade,adjusted_close,adjusted_close,0.823639988899231,0.8545500040054321,0.03752855072944117,0.0,0.03752855072944117,0.982929374483702,0.9145622308082892,-0.23149637683140656,-0.2550912677717505,True,,benchmark_features_adjusted_close_exact_reference,True,False,False,False,False,False,False,False,True,False,base_00631L,00631L,blocked_no_bear_cash_classifier,ready_for_00631L_base; blocked_for_stock_exception_unadjusted_ohlc
2016-02-26,2016-03-01,2016-03-07,3324,stock,available_proxy_stock_exception,base_00631L_to_stock_exception,unadjusted_close,unadjusted_close,75.9,82.5,0.08695652173913038,0.00385,0.08277173913043478,1.0684014940040238,0.9902621371953014,-0.1646699748167464,-0.19343387651177102,True,,official_unadjusted_ohlcv_tpex_trading_stock,True,False,False,False,False,False,False,False,True,False,stock_exception,00631L,blocked_no_bear_cash_classifier,ready_for_00631L_base; blocked_for_stock_exception_unadjusted_ohlc
2016-03-04,2016-03-07,2016-03-14,00631L,etf,fallback_full_signal_aligned_00631L,stock_exception_to_base_00631L,adjusted_close,adjusted_close,0.885450005531311,0.9154499769210817,0.03388104489509747,0.00585,0.027832840782461066,1.1046000529883633,1.0178239455927578,-0.13636812073128968,-0.17098485001619634,True,,benchmark_features_adjusted_close_exact_reference,True,False,False,False,False,False,False,False,True,False,base_00631L,3324,blocked_no_bear_cash_classifier,ready_for_00631L_base; blocked_for_stock_exception_unadjusted_ohlc
2016-03-11,2016-03-14,2016-03-21,00631L,etf,fallback_full_signal_aligned_00631L,hold_same_state_no_trade,adjusted_close,adjusted_close,0.9154499769210817,0.925000011920929,0.010432066459782785,0.0,0.010432066459782785,1.1161233141526175,1.0284419526375397,-0.1273586555699714,-0.16233650887539863,True,,benchmark_features_adjusted_close_exact_reference,True,False,False,False,False,False,False,False,True,False,base_00631L,00631L,blocked_no_bear_cash_classifier,ready_for_00631L_base; blocked_for_stock_exception_unadjusted_ohlc
2016-03-18,2016-03-21,2016-03-28,00631L,etf,fallback_full_signal_aligned_00631L,hold_same_state_no_trade,adjusted_close,adjusted_close,0.925000011920929,0.909089982509613,-0.017200031574352015,0.0,-0.017200031574352015,1.096925957908322,1.0107527185797858,-0.14236811424725304,-0.17674434737142364,True,,benchmark_features_adjusted_close_exact_reference,True,False,False,False,False,False,False,False,True,False,base_00631L,00631L,blocked_no_bear_cash_classifier,ready_for_00631L_base; blocked_for_stock_exception_unadjusted_ohlc
2016-03-25,2016-03-28,2016-04-06,00631L,etf,fallback_full_signal_aligned_00631L,hold_same_state_no_trade,adjusted_close,adjusted_close,0.909089982509613,0.8654500246047974,-0.0480040026228693,0.0,-0.0480040026228693,1.0442691213477975,0.9622325424260094,-0.1835378775403842,-0.21626391387949784,True,,benchmark_features_adjusted_close_exact_reference,True,False,False,False,False,False,False,False,True,False,base_00631L,00631L,blocked_no_bear_cash_classifier,ready_for_00631L_base; blocked_for_stock_exception_unadjusted_ohlc
2016-04-01,2016-04-06,2016-04-11,00631L,etf,fallback_full_signal_aligned_00631L,hold_same_state_no_trade,adjusted_close,adjusted_close,0.8654500246047974,0.8754500150680542,0.011554671187193444,0.0,0.011554671187193444,1.0563353076759108,0.9733508230593592,-0.17410392617856518,-0.20720810110683752,True,,benchmark_features_adjusted_close_exact_reference,True,False,False,False,False,False,False,False,True,False,base_00631L,00631L,blocked_no_bear_cash_classifier,ready_for_00631L_base; blocked_for_stock_exception_unadjusted_ohlc
2016-04-08,2016-04-11,2016-04-18,00631L,etf,fallback_full_signal_aligned_00631L,hold_same_state_no_trade,adjusted_close,adjusted_close,0.8754500150680542,0.9022700190544128,0.03063567710861692,0.0,0.03063567710861692,1.0886968550803016,1.0031700845880123,-0.14880204073569714,-0.18292038447801928,True,,benchmark_features_adjusted_close_exact_reference,True,False,False,False,False,False,False,False,True,False,base_00631L,00631L,blocked_no_bear_cash_classifier,ready_for_00631L_base; blocked_for_stock_exception_unadjusted_ohlc
2016-04-15,2016-04-18,2016-04-25,00631L,etf,fallback_full_signal_aligned_00631L,hold_same_state_no_trade,adjusted_close,adjusted_close,0.9022700190544128,0.8827300071716309,-0.02165650134674768,0.0,-0.02165650134674768,1.065119490172055,0.981444930300115,-0.16723601048685344,-0.20061547027197113,True,,benchmark_features_adjusted_close_exact_reference,True,False,False,False,False,False,False,False,True,False,base_00631L,00631L,blocked_no_bear_cash_classifier,ready_for_00631L_base; blocked_for_stock_exception_unadjusted_ohlc
2016-04-22,2016-04-25,2016-05-03,00631L,etf,fallback_full_signal_aligned_00631L,hold_same_state_no_trade,adjusted_close,adjusted_close,0.8827300071716309,0.8227300047874451,-0.06797095589446733,0.0,-0.06797095589446733,0.9927223002832328,0.9147351802298374,-0.2238397748885521,-0.25495040088483445,True,,benchmark_features_adjusted_close_exact_reference,True,False,False,False,False,False,False,False,True,False,base_00631L,00631L,blocked_no_bear_cash_classifier,ready_for_00631L_base; blocked_for_stock_exception_unadjusted_ohlc
2016-04-29,2016-05-03,2016-05-09,00631L,etf,fallback_full_signal_aligned_00631L,hold_same_state_no_trade,adjusted_close,adjusted_close,0.8227300047874451,0.790910005569458,-0.03867611371024182,0.0,-0.03867611371024182,0.9543276597147857,0.8793567783845097,-0.2538586360123294,-0.2837660238999826,True,,benchmark_features_adjusted_close_exact_reference,True,False,False,False,False,False,False,False,True,False,base_00631L,00631L,blocked_no_bear_cash_classifier,ready_for_00631L_base; blocked_for_stock_exception_unadjusted_ohlc
2016-05-06,2016-05-09,2016-05-16,00631L,etf,fallback_full_signal_aligned_00631L,hold_same_state_no_trade,adjusted_close,adjusted_close,0.790910005569458,0.7831799983978271,-0.009773560983168061,0.0,-0.009773560983168061,0.9450004801346392,0.8707623312850065,-0.261151094135327,-0.2907661803436131,True,,benchmark_features_adjusted_close_exact_reference,True,False,False,False,False,False,False,False,True,False,base_00631L,00631L,blocked_no_bear_cash_classifier,ready_for_00631L_base; blocked_for_stock_exception_unadjusted_ohlc
2016-05-13,2016-05-16,2016-05-23,00631L,etf,fallback_full_signal_aligned_00631L,hold_same_state_no_trade,adjusted_close,adjusted_close,0.7831799983978271,0.8427299857139587,0.07603614422987648,0.0,0.07603614422987648,1.0168546729394592,0.9369717414965367,-0.2049718721649143,-0.2368387753395138,True,,benchmark_features_adjusted_close_exact_reference,True,False,False,False,False,False,False,False,True,False,base_00631L,00631L,blocked_no_bear_cash_classifier,ready_for_00631L_base; blocked_for_stock_exception_unadjusted_ohlc
2016-05-20,2016-05-23,2016-05-30,00631L,etf,fallback_full_signal_aligned_00631L,hold_same_state_no_trade,adjusted_close,adjusted_close,0.8427299857139587,0.8768200278282166,0.04045191543217341,0.0,0.04045191543217341,1.0579883921760165,0.9748740431458909,-0.17281146157153038,-0.20596744201843398,True,,benchmark_features_adjusted_close_exact_reference,True,False,False,False,False,False,False,False,True,False,base_00631L,00631L,blocked_no_bear_cash_classifier,ready_for_00631L_base; blocked_for_stock_exception_unadjusted_ohlc
2016-05-27,2016-05-30,2016-06-04,00631L,etf,fallback_full_signal_aligned_00631L,hold_same_state_no_trade,adjusted_close,adjusted_close,0.8768200278282166,0.8945500254631042,0.020220794544124177,0.0,0.020220794544124177,1.079381758084276,0.9945867708787436,-0.15608505208671386,-0.18991147280214338,True,,benchmark_features_adjusted_close_exact_reference,True,False,False,False,False,False,False,False,True,False,base_00631L,00631L,blocked_no_bear_cash_classifier,ready_for_00631L_base; blocked_for_stock_exception_unadjusted_ohlc
2016-06-03,2016-06-04,2016-06-13,00631L,etf,fallback_full_signal_aligned_00631L,hold_same_state_no_trade,adjusted_close,adjusted_close,0.8945500254631042,0.8777300119400024,-0.0188027645680231,0.0,-0.0188027645680231,1.0590863970079984,0.9758857899834402,-0.1719529861677629,-0.20514337665830118,True,,benchmark_features_adjusted_close_exact_reference,True,False,False,False,False,False,False,False,True,False,base_00631L,00631L,blocked_no_bear_cash_classifier,ready_for_00631L_base; blocked_for_stock_exception_unadjusted_ohlc
2016-06-08,2016-06-13,2016-06-20,00631L,etf,fallback_full_signal_aligned_00631L,hold_same_state_no_trade,adjusted_close,adjusted_close,0.8777300119400024,0.9068199992179872,0.033142295332580174,0.0,0.033142295332580174,1.0941869511603557,1.0082288850459398,-0.1445096074860739,-0.17880000370045313,True,,benchmark_features_adjusted_close_exact_reference,True,False,False,False,False,False,False,False,True,False,base_00631L,00631L,blocked_no_bear_cash_classifier,ready_for_00631L_base; blocked_for_stock_exception_unadjusted_ohlc
2016-06-17,2016-06-20,2016-06-27,00631L,etf,fallback_full_signal_aligned_00631L,hold_same_state_no_trade,adjusted_close,adjusted_close,0.9068199992179872,0.8790900111198425,-0.030579374211043064,0.0,-0.030579374211043064,1.060727398923983,0.9773978766797372,-0.1706699683327093,-0.20391178568940416,True,,benchmark_features_adjusted_close_exact_reference,True,False,False,False,False,False,False,False,True,False,base_00631L,00631L,blocked_no_bear_cash_classifier,ready_for_00631L_base; blocked_for_stock_exception_unadjusted_ohlc
2016-06-24,2016-06-27,2016-07-04,00631L,etf,fallback_full_signal_aligned_00631L,hold_same_state_no_trade,adjusted_close,adjusted_close,0.8790900111198425,0.9459099769592284,0.07601038004545879,0.0,0.07601038004545879,1.1413536916408258,1.0516902607417884,-0.1076322774425662,-0.1434008179699453,True,,benchmark_features_adjusted_close_exact_reference,True,False,False,False,False,False,False,False,True,False,base_00631L,00631L,blocked_no_bear_cash_classifier,ready_for_00631L_base; blocked_for_stock_exception_unadjusted_ohlc
2016-07-01,2016-07-04,2016-07-11,00631L,etf,fallback_full_signal_aligned_00631L,hold_same_state_no_trade,adjusted_close,adjusted_close,0.9459099769592284,0.9649999737739564,0.020181621168745556,0.0,0.020181621168745556,1.1643880594650702,1.0729150751709384,-0.08962285012269577,-0.12611325778475735,True,,benchmark_features_adjusted_close_exact_reference,True,False,False,False,False,False,False,False,True,False,base_00631L,00631L,blocked_no_bear_cash_classifier,ready_for_00631L_base; blocked_for_stock_exception_unadjusted_ohlc
2016-07-07,2016-07-11,2016-07-18,00631L,etf,fallback_full_signal_aligned_00631L,hold_same_state_no_trade,adjusted_close,adjusted_close,0.9649999737739564,1.0277299880981443,0.06500519795753057,0.0,0.06500519795753057,1.240079335769982,1.1426601320240442,-0.03044360327890916,-0.06930607711459391,True,,benchmark_features_adjusted_close_exact_reference,True,False,False,False,False,False,False,False,True,False,base_00631L,00631L,blocked_no_bear_cash_classifier,ready_for_00631L_base; blocked_for_stock_exception_unadjusted_ohlc
2016-07-15,2016-07-18,2016-07-25,00631L,etf,fallback_full_signal_aligned_00631L,hold_same_state_no_trade,adjusted_close,adjusted_close,1.0277299880981443,1.0290900468826294,0.0013233619727317514,0.0,0.0013233619727317514,1.2417204096061105,1.1441722849905214,-0.029160529213069553,-0.06807443216879494,True,,benchmark_features_adjusted_close_exact_reference,True,False,False,False,False,False,False,False,True,False,base_00631L,00631L,blocked_no_bear_cash_classifier,ready_for_00631L_base; blocked_for_stock_exception_unadjusted_ohlc
2016-07-22,2016-07-25,2016-08-01,00631L,etf,fallback_full_signal_aligned_00631L,hold_same_state_no_trade,adjusted_close,adjusted_close,1.0290900468826294,1.0627299547195437,0.032688983766598456,0.0,0.032688983766598456,1.2823109879183787,1.1815741142407683,0.0,-0.03761073241028268,True,,benchmark_features_adjusted_close_exact_reference,True,False,False,False,False,False,False,False,True,False,base_00631L,00631L,blocked_no_bear_cash_classifier,ready_for_00631L_base; blocked_for_stock_exception_unadjusted_ohlc
2016-07-29,2016-08-01,2016-08-08,00631L,etf,fallback_full_signal_aligned_00631L,hold_same_state_no_trade,adjusted_close,adjusted_close,1.0627299547195437,1.081820011138916,0.017963224179947224,0.0,0.017963224179947224,1.305345427662766,1.202798994940098,0.0,-0.020323118248193217,True,,benchmark_features_adjusted_close_exact_reference,True,False,False,False,False,False,False,False,True,False,base_00631L,00631L,blocked_no_bear_cash_classifier,ready_for_00631L_base; blocked_for_stock_exception_unadjusted_ohlc
2016-08-05,2016-08-08,2016-08-15,00631L,etf,fallback_full_signal_aligned_00631L,hold_same_state_no_trade,adjusted_close,adjusted_close,1.081820011138916,1.0881799459457395,0.0058789213929661965,0.0,0.0058789213929661965,1.3130194508226634,1.2098701556828895,0.0,-0.014563674869868204,True,,benchmark_features_adjusted_close_exact_reference,True,False,False,False,False,False,False,False,True,False,base_00631L,00631L,blocked_no_bear_cash_classifier,ready_for_00631L_base; blocked_for_stock_exception_unadjusted_ohlc
2016-08-12,2016-08-15,2016-08-22,00631L,etf,fallback_full_signal_aligned_00631L,hold_same_state_no_trade,adjusted_close,adjusted_close,1.0881799459457395,1.0413600206375122,-0.043025903466302196,0.0,-0.043025903466302196,1.2565256026821903,1.1578143991577174,-0.043025903466302196,-0.0569629630671048,True,,benchmark_features_adjusted_close_exact_reference,True,False,False,False,False,False,False,False,True,False,base_00631L,00631L,blocked_no_bear_cash_classifier,ready_for_00631L_base; blocked_for_stock_exception_unadjusted_ohlc
2016-08-19,2016-08-22,2016-08-29,00631L,etf,fallback_full_signal_aligned_00631L,hold_same_state_no_trade,adjusted_close,adjusted_close,1.0413600206375122,1.078179955482483,0.03535754601221375,0.0,0.03535754601221375,1.3009532644945505,1.19875187504954,-0.009189647815615265,-0.023619487642528303,True,,benchmark_features_adjusted_close_exact_reference,True,False,False,False,False,False,False,False,True,False,base_00631L,00631L,blocked_no_bear_cash_classifier,ready_for_00631L_base; blocked_for_stock_exception_unadjusted_ohlc
2016-08-26,2016-08-29,2016-09-05,00631L,etf,fallback_full_signal_aligned_00631L,hold_same_state_no_trade,adjusted_close,adjusted_close,1.078179955482483,1.086359977722168,0.0075868802773508826,0.0,0.0075868802773508826,1.3108234411586994,1.2078466620077908,-0.0016724882960325038,-0.016211805590133577,True,,benchmark_features_adjusted_close_exact_reference,True,False,False,False,False,False,False,False,True,False,base_00631L,00631L,blocked_no_bear_cash_classifier,ready_for_00631L_base; blocked_for_stock_exception_unadjusted_ohlc
2016-09-02,2016-09-05,2016-09-10,6451,stock,available_proxy_stock_exception,base_00631L_to_stock_exception,unadjusted_close,unadjusted_close,146.5,156.0,0.06484641638225264,0.00385,0.06074675767918092,1.3958256438276937,1.2812194304983855,0.0,0.0,True,,official_unadjusted_ohlcv_twse_stock_day,True,False,False,False,False,False,False,False,True,False,stock_exception,00631L,blocked_no_bear_cash_classifier,ready_for_00631L_base; blocked_for_stock_exception_unadjusted_ohlc
2016-09-09,2016-09-10,2016-09-19,00631L,etf,fallback_full_signal_aligned_00631L,stock_exception_to_base_00631L,adjusted_close,adjusted_close,1.0595500469207764,1.1050000190734863,0.04289554069182011,0.00585,0.03679460177877303,1.4557003395311905,1.3283613892347998,0.0,0.0,True,,benchmark_features_adjusted_close_exact_reference,True,False,False,False,False,False,False,False,True,False,base_00631L,6451,blocked_no_bear_cash_classifier,ready_for_00631L_base; blocked_for_stock_exception_unadjusted_ohlc
2016-09-14,2016-09-19,2016-09-26,00631L,etf,fallback_full_signal_aligned_00631L,hold_same_state_no_trade,adjusted_close,adjusted_close,1.1050000190734863,1.1122699975967407,0.006579165970829637,0.0,0.006579165970829637,1.4652776336687592,1.3371008992838174,0.0,0.0,True,,benchmark_features_adjusted_close_exact_reference,True,False,False,False,False,False,False,False,True,False,base_00631L,00631L,blocked_no_bear_cash_classifier,ready_for_00631L_base; blocked_for_stock_exception_unadjusted_ohlc
2016-09-23,2016-09-26,2016-10-03,00631L,etf,fallback_full_signal_aligned_00631L,hold_same_state_no_trade,adjusted_close,adjusted_close,1.1122699975967407,1.1231800317764282,0.00980880020432151,0.0,0.00980880020432151,1.479650249221277,1.3502162548579109,0.0,0.0,True,,benchmark_features_adjusted_close_exact_reference,True,False,False,False,False,False,False,False,True,False,base_00631L,00631L,blocked_no_bear_cash_classifier,ready_for_00631L_base; blocked_for_stock_exception_unadjusted_ohlc
2016-09-30,2016-10-03,2016-10-11,00631L,etf,fallback_full_signal_aligned_00631L,hold_same_state_no_trade,adjusted_close,adjusted_close,1.1231800317764282,1.1236399412155151,0.00040947081151321285,0.0,0.00040947081151321285,1.4802561228095814,1.3507691290035058,0.0,0.0,True,,benchmark_features_adjusted_close_exact_reference,True,False,False,False,False,False,False,False,True,False,base_00631L,00631L,blocked_no_bear_cash_classifier,ready_for_00631L_base; blocked_for_stock_exception_unadjusted_ohlc
2016-10-07,2016-10-11,2016-10-17,00631L,etf,fallback_full_signal_aligned_00631L,hold_same_state_no_trade,adjusted_close,adjusted_close,1.1236399412155151,1.1218199729919434,-0.0016197076632955554,0.0,-0.0016197076632955554,1.4778585406238265,1.3485812778939157,-0.0016197076632955554,-0.0016197076632955554,True,,benchmark_features_adjusted_close_exact_reference,True,False,False,False,False,False,False,False,True,False,base_00631L,00631L,blocked_no_bear_cash_classifier,ready_for_00631L_base; blocked_for_stock_exception_unadjusted_ohlc
2016-10-14,2016-10-17,2016-10-24,00631L,etf,fallback_full_signal_aligned_00631L,hold_same_state_no_trade,adjusted_close,adjusted_close,1.1218199729919434,1.1627299785614014,0.036467531827187205,0.0,0.036467531827187205,1.5317523939901063,1.397760708567061,0.0,0.0,True,,benchmark_features_adjusted_close_exact_reference,True,False,False,False,False,False,False,False,True,False,base_00631L,00631L,blocked_no_bear_cash_classifier,ready_for_00631L_base; blocked_for_stock_exception_unadjusted_ohlc
2016-10-21,2016-10-24,2016-10-31,00631L,etf,fallback_full_signal_aligned_00631L,hold_same_state_no_trade,adjusted_close,adjusted_close,1.1627299785614014,1.157729983329773,-0.004300220449991898,0.0,-0.004300220449991898,1.525165521021146,1.3917500293838856,-0.004300220449991787,-0.004300220449992009,True,,benchmark_features_adjusted_close_exact_reference,True,False,False,False,False,False,False,False,True,False,base_00631L,00631L,blocked_no_bear_cash_classifier,ready_for_00631L_base; blocked_for_stock_exception_unadjusted_ohlc
2016-10-28,2016-10-31,2016-11-07,00631L,etf,fallback_full_signal_aligned_00631L,hold_same_state_no_trade,adjusted_close,adjusted_close,1.157729983329773,1.135450005531311,-0.019244537257627203,0.0,-0.019244537257627203,1.4958144163278062,1.3649664440901037,-0.023462001954953182,-0.023462001954953293,True,,benchmark_features_adjusted_close_exact_reference,True,False,False,False,False,False,False,False,True,False,base_00631L,00631L,blocked_no_bear_cash_classifier,ready_for_00631L_base; blocked_for_stock_exception_unadjusted_ohlc
2016-11-04,2016-11-07,2016-11-14,00631L,etf,fallback_full_signal_aligned_00631L,hold_same_state_no_trade,adjusted_close,adjusted_close,1.135450005531311,1.0718200206756592,-0.05603944211165646,0.0,-0.05603944211165646,1.4119898109342228,1.2884744860621629,-0.07818664656623153,-0.07818664656623142,True,,benchmark_features_adjusted_close_exact_reference,True,False,False,False,False,False,False,False,True,False,base_00631L,00631L,blocked_no_bear_cash_classifier,ready_for_00631L_base; blocked_for_stock_exception_unadjusted_ohlc
2016-11-11,2016-11-14,2016-11-21,00631L,etf,fallback_full_signal_aligned_00631L,hold_same_state_no_trade,adjusted_close,adjusted_close,1.0718200206756592,1.0886399745941162,0.015692890218503175,0.0,0.015692890218503175,1.4341480120268586,1.3086943747212787,-0.06372073080884522,-0.0637207308088451,True,,benchmark_features_adjusted_close_exact_reference,True,False,False,False,False,False,False,False,True,False,base_00631L,00631L,blocked_no_bear_cash_classifier,ready_for_00631L_base; blocked_for_stock_exception_unadjusted_ohlc
2016-11-18,2016-11-21,2016-11-28,00631L,etf,fallback_full_signal_aligned_00631L,hold_same_state_no_trade,adjusted_close,adjusted_close,1.0886399745941162,1.1368199586868286,0.04425704109448647,0.0,0.04425704109448647,1.4976191595307073,1.3666133154434417,-0.02228378071633652,-0.0222837807163363,True,,benchmark_features_adjusted_close_exact_reference,True,False,False,False,False,False,False,False,True,False,base_00631L,00631L,blocked_no_bear_cash_classifier,ready_for_00631L_base; blocked_for_stock_exception_unadjusted_ohlc
2016-11-25,2016-11-28,2016-12-05,00631L,etf,fallback_full_signal_aligned_00631L,hold_same_state_no_trade,adjusted_close,adjusted_close,1.1368199586868286,1.1150000095367432,-0.019193847700642253,0.0,-0.019193847700642253,1.4688740854691111,1.3403827476011505,-0.041049916923714846,-0.041049916923714624,True,,benchmark_features_adjusted_close_exact_reference,True,False,False,False,False,False,False,False,True,False,base_00631L,00631L,blocked_no_bear_cash_classifier,ready_for_00631L_base; blocked_for_stock_exception_unadjusted_ohlc
2016-12-02,2016-12-05,2016-12-12,00631L,etf,fallback_full_signal_aligned_00631L,hold_same_state_no_trade,adjusted_close,adjusted_close,1.1150000095367432,1.168179988861084,0.047695048313439736,0.0,0.047695048313439736,1.53893210594192,1.4043123675064886,0.0,0.0,True,,benchmark_features_adjusted_close_exact_reference,True,False,False,False,False,False,False,False,True,False,base_00631L,00631L,blocked_no_bear_cash_classifier,ready_for_00631L_base; blocked_for_stock_exception_unadjusted_ohlc
2016-12-09,2016-12-12,2016-12-19,00631L,etf,fallback_full_signal_aligned_00631L,hold_same_state_no_trade,adjusted_close,adjusted_close,1.168179988861084,1.139549970626831,-0.024508225194103672,0.0,-0.024508225194103672,1.5012156113310593,1.3698951637607746,-0.024508225194103672,-0.024508225194103783,True,,benchmark_features_adjusted_close_exact_reference,True,False,False,False,False,False,False,False,True,False,base_00631L,00631L,blocked_no_bear_cash_classifier,ready_for_00631L_base; blocked_for_stock_exception_unadjusted_ohlc
2016-12-16,2016-12-19,2016-12-26,00631L,etf,fallback_full_signal_aligned_00631L,hold_same_state_no_trade,adjusted_close,adjusted_close,1.139549970626831,1.1063599586486816,-0.029125543270289933,0.0,-0.029125543270289933,1.4574918910852017,1.3299962228928992,-0.05291995309102482,-0.05291995309102482,True,,benchmark_features_adjusted_close_exact_reference,True,False,False,False,False,False,False,False,True,False,base_00631L,00631L,blocked_no_bear_cash_classifier,ready_for_00631L_base; blocked_for_stock_exception_unadjusted_ohlc
2016-12-23,2016-12-26,2017-01-03,00631L,etf,fallback_full_signal_aligned_00631L,hold_same_state_no_trade,adjusted_close,adjusted_close,1.1063599586486816,1.1390899419784546,0.029583485079982097,0.0,0.029583485079982097,1.5006095806993156,1.3693421463092839,-0.02490202465374436,-0.02490202465374436,True,,benchmark_features_adjusted_close_exact_reference,True,False,False,False,False,False,False,False,True,False,base_00631L,00631L,blocked_no_bear_cash_classifier,ready_for_00631L_base; blocked_for_stock_exception_unadjusted_ohlc
2016-12-30,2017-01-03,2017-01-09,00631L,etf,fallback_full_signal_aligned_00631L,hold_same_state_no_trade,adjusted_close,adjusted_close,1.1390899419784546,1.1586400270462036,0.01716289850983399,0.0,0.01716289850983399,1.5263643906357425,1.3928440265916284,-0.008166517065732015,-0.008166517065731904,True,,benchmark_features_adjusted_close_exact_reference,True,False,False,False,False,False,False,False,True,False,base_00631L,00631L,blocked_no_bear_cash_classifier,ready_for_00631L_base; blocked_for_stock_exception_unadjusted_ohlc
2017-01-06,2017-01-09,2017-01-16,00631L,etf,fallback_full_signal_aligned_00631L,hold_same_state_no_trade,adjusted_close,adjusted_close,1.1586400270462036,1.1449999809265137,-0.011772462370787773,0.0,-0.011772462370787773,1.5083953232828728,1.376446822700202,-0.019842839421662983,-0.019842839421662983,True,,benchmark_features_adjusted_close_exact_reference,True,False,False,False,False,False,False,False,True,False,base_00631L,00631L,blocked_no_bear_cash_classifier,ready_for_00631L_base; blocked_for_stock_exception_unadjusted_ohlc
2017-01-13,2017-01-16,2017-01-23,3529,stock,available_proxy_stock_exception,base_00631L_to_stock_exception,unadjusted_close,unadjusted_close,425.0,397.5,-0.06470588235294117,0.00385,-0.06830676470588237,1.4107932729528045,1.28242619345186,-0.08326477334143778,-0.08679420396407322,True,,official_unadjusted_ohlcv_tpex_trading_stock,True,False,False,False,False,False,False,False,True,False,stock_exception,00631L,blocked_no_bear_cash_classifier,ready_for_00631L_base; blocked_for_stock_exception_unadjusted_ohlc
2017-01-20,2017-01-23,2017-02-02,00631L,etf,fallback_full_signal_aligned_00631L,stock_exception_to_base_00631L,adjusted_close,adjusted_close,1.1731799840927124,1.1713600158691406,-0.0015513120307616424,0.00585,-0.007392236855381706,1.4086046923755553,1.2729461952803183,-0.08468691572757625,-0.09354483750607812,True,,benchmark_features_adjusted_close_exact_reference,True,False,False,False,False,False,False,False,True,False,base_00631L,3529,blocked_no_bear_cash_classifier,ready_for_00631L_base; blocked_for_stock_exception_unadjusted_ohlc
2017-01-24,2017-02-02,2017-02-06,00631L,etf,fallback_full_signal_aligned_00631L,hold_same_state_no_trade,adjusted_close,adjusted_close,1.1713600158691406,1.1918200254440308,0.017466884047351527,0.0,0.017466884047351527,1.4332086272058344,1.2951805988717968,-0.06869924821756612,-0.07771189028867365,True,,benchmark_features_adjusted_close_exact_reference,True,False,False,False,False,False,False,False,True,False,base_00631L,00631L,blocked_no_bear_cash_classifier,ready_for_00631L_base; blocked_for_stock_exception_unadjusted_ohlc
2017-02-03,2017-02-06,2017-02-13,3346,stock,available_proxy_stock_exception,base_00631L_to_stock_exception,unadjusted_close,unadjusted_close,77.1,96.0,0.24513618677042803,0.00385,0.2403424124513618,1.7845399249255527,1.606467428564844,0.0,0.0,True,,official_unadjusted_ohlcv_twse_stock_day,True,False,False,False,False,False,False,False,True,False,stock_exception,00631L,blocked_no_bear_cash_classifier,ready_for_00631L_base; blocked_for_stock_exception_unadjusted_ohlc
2017-02-10,2017-02-13,2017-02-18,00631L,etf,fallback_full_signal_aligned_00631L,stock_exception_to_base_00631L,adjusted_close,adjusted_close,1.2413599491119385,1.264549970626831,0.01868114202611637,0.00585,0.012721857345263654,1.817877168714362,1.6269046780208585,0.0,0.0,True,,benchmark_features_adjusted_close_exact_reference,True,False,False,False,False,False,False,False,True,False,base_00631L,3346,blocked_no_bear_cash_classifier,ready_for_00631L_base; blocked_for_stock_exception_unadjusted_ohlc
2017-02-17,2017-02-18,2017-03-01,00631L,etf,fallback_full_signal_aligned_00631L,hold_same_state_no_trade,adjusted_close,adjusted_close,1.264549970626831,1.231819987297058,-0.025882712498541127,0.0,-0.025882712498541127,1.7708255765988663,1.584795971977113,-0.025882712498541127,-0.025882712498541127,True,,benchmark_features_adjusted_close_exact_reference,True,False,False,False,False,False,False,False,True,False,base_00631L,00631L,blocked_no_bear_cash_classifier,ready_for_00631L_base; blocked_for_stock_exception_unadjusted_ohlc
2017-02-24,2017-03-01,2017-03-06,00631L,etf,fallback_full_signal_aligned_00631L,hold_same_state_no_trade,adjusted_close,adjusted_close,1.231819987297058,1.2245500087738037,-0.0059018189331435655,0.0,-0.0059018189331435655,1.7603744846836002,1.5754427931045287,-0.03163177634901959,-0.0316317763490197,True,,benchmark_features_adjusted_close_exact_reference,True,False,False,False,False,False,False,False,True,False,base_00631L,00631L,blocked_no_bear_cash_classifier,ready_for_00631L_base; blocked_for_stock_exception_unadjusted_ohlc
2017-03-03,2017-03-06,2017-03-13,00631L,etf,fallback_full_signal_aligned_00631L,hold_same_state_no_trade,adjusted_close,adjusted_close,1.2245500087738037,1.2304500341415403,0.004818117125036547,0.0,0.004818117125036547,1.7688561751347316,1.583033461005501,-0.02696606482730568,-0.02696606482730579,True,,benchmark_features_adjusted_close_exact_reference,True,False,False,False,False,False,False,False,True,False,base_00631L,00631L,blocked_no_bear_cash_classifier,ready_for_00631L_base; blocked_for_stock_exception_unadjusted_ohlc
2017-03-10,2017-03-13,2017-03-20,00631L,etf,fallback_full_signal_aligned_00631L,hold_same_state_no_trade,adjusted_close,adjusted_close,1.2304500341415403,1.2863600254058838,0.04543865229224919,0.0,0.04543865229224919,1.8492306158316765,1.6549643680071258,0.0,0.0,True,,benchmark_features_adjusted_close_exact_reference,True,False,False,False,False,False,False,False,True,False,base_00631L,00631L,blocked_no_bear_cash_classifier,ready_for_00631L_base; blocked_for_stock_exception_unadjusted_ohlc
2017-03-17,2017-03-20,2017-03-27,00631L,etf,fallback_full_signal_aligned_00631L,hold_same_state_no_trade,adjusted_close,adjusted_close,1.2863600254058838,1.2840900421142578,-0.0017646562756874484,0.0,-0.0017646562756874484,1.8459673594202557,1.6520439247490828,-0.0017646562756874484,-0.0017646562756874484,True,,benchmark_features_adjusted_close_exact_reference,True,False,False,False,False,False,False,False,True,False,base_00631L,00631L,blocked_no_bear_cash_classifier,ready_for_00631L_base; blocked_for_stock_exception_unadjusted_ohlc
2017-03-24,2017-03-27,2017-04-05,00631L,etf,fallback_full_signal_aligned_00631L,hold_same_state_no_trade,adjusted_close,adjusted_close,1.2840900421142578,1.3022700548171997,0.014157895557704414,0.0,0.014157895557704414,1.8721023724978592,1.6754333900924203,0.0,0.0,True,,benchmark_features_adjusted_close_exact_reference,True,False,False,False,False,False,False,False,True,False,base_00631L,00631L,blocked_no_bear_cash_classifier,ready_for_00631L_base; blocked_for_stock_exception_unadjusted_ohlc
2017-03-31,2017-04-05,2017-04-10,00631L,etf,fallback_full_signal_aligned_00631L,hold_same_state_no_trade,adjusted_close,adjusted_close,1.3022700548171997,1.2818200588226318,-0.01570334503117976,0.0,-0.01570334503117976,1.8427041030088351,1.6491234814910398,-0.01570334503117976,-0.01570334503117976,True,,benchmark_features_adjusted_close_exact_reference,True,False,False,False,False,False,False,False,True,False,base_00631L,00631L,blocked_no_bear_cash_classifier,ready_for_00631L_base; blocked_for_stock_exception_unadjusted_ohlc
2017-04-07,2017-04-10,2017-04-17,00631L,etf,fallback_full_signal_aligned_00631L,hold_same_state_no_trade,adjusted_close,adjusted_close,1.2818200588226318,1.2563600540161133,-0.019862386012202027,0.0,-0.019862386012202027,1.8061036028086053,1.6163679543198783,-0.0352538251426896,-0.03525382514268971,True,,benchmark_features_adjusted_close_exact_reference,True,False,False,False,False,False,False,False,True,False,base_00631L,00631L,blocked_no_bear_cash_classifier,ready_for_00631L_base; blocked_for_stock_exception_unadjusted_ohlc
2017-04-14,2017-04-17,2017-04-24,00631L,etf,fallback_full_signal_aligned_00631L,hold_same_state_no_trade,adjusted_close,adjusted_close,1.2563600540161133,1.2568199634552002,0.0003660649967474061,0.0,0.0003660649967474061,1.806764754118093,1.6169596500498191,-0.034900665337328385,-0.034900665337328385,True,,benchmark_features_adjusted_close_exact_reference,True,False,False,False,False,False,False,False,True,False,base_00631L,00631L,blocked_no_bear_cash_classifier,ready_for_00631L_base; blocked_for_stock_exception_unadjusted_ohlc
2017-04-21,2017-04-24,2017-05-02,00631L,etf,fallback_full_signal_aligned_00631L,hold_same_state_no_trade,adjusted_close,adjusted_close,1.2568199634552002,1.3118200302124023,0.04376129307016896,0.0,0.04376129307016896,1.8858311160319066,1.687719895178287,0.0,0.0,True,,benchmark_features_adjusted_close_exact_reference,True,False,False,False,False,False,False,False,True,False,base_00631L,00631L,blocked_no_bear_cash_classifier,ready_for_00631L_base; blocked_for_stock_exception_unadjusted_ohlc
2017-04-28,2017-05-02,2017-05-08,00631L,etf,fallback_full_signal_aligned_00631L,hold_same_state_no_trade,adjusted_close,adjusted_close,1.3118200302124023,1.318179965019226,0.004848176320187747,0.0,0.004848176320187747,1.8949739577925258,1.6959022588092,0.0,0.0,True,,benchmark_features_adjusted_close_exact_reference,True,False,False,False,False,False,False,False,True,False,base_00631L,00631L,blocked_no_bear_cash_classifier,ready_for_00631L_base; blocked_for_stock_exception_unadjusted_ohlc
2017-05-05,2017-05-08,2017-05-15,00631L,etf,fallback_full_signal_aligned_00631L,hold_same_state_no_trade,adjusted_close,adjusted_close,1.318179965019226,1.3513599634170532,0.02517106865400076,0.0,0.02517106865400076,1.942672477381665,1.7385899309961614,0.0,0.0,True,,benchmark_features_adjusted_close_exact_reference,True,False,False,False,False,False,False,False,True,False,base_00631L,00631L,blocked_no_bear_cash_classifier,ready_for_00631L_base; blocked_for_stock_exception_unadjusted_ohlc
2017-05-12,2017-05-15,2017-05-22,1569,stock,available_proxy_stock_exception,base_00631L_to_stock_exception,unadjusted_close,unadjusted_close,37.35,37.5,0.004016064257028162,0.00385,0.00015060240963848948,1.95047437488119,1.7388517668291428,0.0,0.0,True,,official_unadjusted_ohlcv_tpex_trading_stock,True,False,False,False,False,False,False,False,True,False,stock_exception,00631L,blocked_no_bear_cash_classifier,ready_for_00631L_base; blocked_for_stock_exception_unadjusted_ohlc
2017-05-19,2017-05-22,2017-05-31,00631L,etf,fallback_full_signal_aligned_00631L,stock_exception_to_base_00631L,adjusted_close,adjusted_close,1.3345500230789185,1.3518199920654297,0.01294066815619832,0.00585,0.0070149652474844615,1.9757148165136957,1.7510497515439762,0.0,0.0,True,,benchmark_features_adjusted_close_exact_reference,True,False,False,False,False,False,False,False,True,False,base_00631L,1569,blocked_no_bear_cash_classifier,ready_for_00631L_base; blocked_for_stock_exception_unadjusted_ohlc
2017-05-26,2017-05-31,2017-06-03,00631L,etf,fallback_full_signal_aligned_00631L,hold_same_state_no_trade,adjusted_close,adjusted_close,1.3518199920654297,1.3877300024032593,0.02656419534302268,0.0,0.02656419534302268,2.02819809084167,1.7975649791993418,0.0,0.0,True,,benchmark_features_adjusted_close_exact_reference,True,False,False,False,False,False,False,False,True,False,base_00631L,00631L,blocked_no_bear_cash_classifier,ready_for_00631L_base; blocked_for_stock_exception_unadjusted_ohlc
2017-06-02,2017-06-03,2017-06-12,00631L,etf,fallback_full_signal_aligned_00631L,hold_same_state_no_trade,adjusted_close,adjusted_close,1.3877300024032593,1.3745499849319458,-0.009497537308041482,0.0,-0.009497537308041482,2.0089352038058026,1.7804925387457673,-0.009497537308041482,-0.009497537308041482,True,,benchmark_features_adjusted_close_exact_reference,True,False,False,False,False,False,False,False,True,False,base_00631L,00631L,blocked_no_bear_cash_classifier,ready_for_00631L_base; blocked_for_stock_exception_unadjusted_ohlc
2017-06-09,2017-06-12,2017-06-19,00631L,etf,fallback_full_signal_aligned_00631L,hold_same_state_no_trade,adjusted_close,adjusted_close,1.3745499849319458,1.4186400175094604,0.03207597618190472,0.0,0.03207597618190472,2.0733737615540675,1.8376035750106356,0.0,0.0,True,,benchmark_features_adjusted_close_exact_reference,True,False,False,False,False,False,False,False,True,False,base_00631L,00631L,blocked_no_bear_cash_classifier,ready_for_00631L_base; blocked_for_stock_exception_unadjusted_ohlc
2017-06-16,2017-06-19,2017-06-26,00631L,etf,fallback_full_signal_aligned_00631L,hold_same_state_no_trade,adjusted_close,adjusted_close,1.4186400175094604,1.514549970626831,0.06760697000902915,0.0,0.06760697000902915,2.213548279268961,1.9618383847948644,0.0,0.0,True,,benchmark_features_adjusted_close_exact_reference,True,False,False,False,False,False,False,False,True,False,base_00631L,00631L,blocked_no_bear_cash_classifier,ready_for_00631L_base; blocked_for_stock_exception_unadjusted_ohlc
2017-06-23,2017-06-26,2017-07-03,00631L,etf,fallback_full_signal_aligned_00631L,hold_same_state_no_trade,adjusted_close,adjusted_close,1.514549970626831,1.4850000143051147,-0.019510717305343483,0.0,-0.019510717305343483,2.170360364550415,1.92356151067036,-0.019510717305343483,-0.019510717305343483,True,,benchmark_features_adjusted_close_exact_reference,True,False,False,False,False,False,False,False,True,False,base_00631L,00631L,blocked_no_bear_cash_classifier,ready_for_00631L_base; blocked_for_stock_exception_unadjusted_ohlc
2017-06-30,2017-07-03,2017-07-10,00631L,etf,fallback_full_signal_aligned_00631L,hold_same_state_no_trade,adjusted_close,adjusted_close,1.4850000143051147,1.4686399698257446,-0.01101686486314657,0.0,-0.01101686486314657,2.1464497977098334,1.9023698934513547,-0.03031263523255412,-0.03031263523255401,True,,benchmark_features_adjusted_close_exact_reference,True,False,False,False,False,False,False,False,True,False,base_00631L,00631L,blocked_no_bear_cash_classifier,ready_for_00631L_base; blocked_for_stock_exception_unadjusted_ohlc
2017-07-07,2017-07-10,2017-07-17,00631L,etf,fallback_full_signal_aligned_00631L,hold_same_state_no_trade,adjusted_close,adjusted_close,1.4686399698257446,1.540910005569458,0.0492088171563847,0.0,0.0492088171563847,2.2520740533406953,1.9959832657020133,0.0,0.0,True,,benchmark_features_adjusted_close_exact_reference,True,False,False,False,False,False,False,False,True,False,base_00631L,00631L,blocked_no_bear_cash_classifier,ready_for_00631L_base; blocked_for_stock_exception_unadjusted_ohlc
2017-07-14,2017-07-17,2017-07-24,00631L,etf,fallback_full_signal_aligned_00631L,hold_same_state_no_trade,adjusted_close,adjusted_close,1.540910005569458,1.5427299737930298,0.0011810996209991043,0.0,0.0011810996209991043,2.2547339771515578,1.9983407207806545,0.0,0.0,True,,benchmark_features_adjusted_close_exact_reference,True,False,False,False,False,False,False,False,True,False,base_00631L,00631L,blocked_no_bear_cash_classifier,ready_for_00631L_base; blocked_for_stock_exception_unadjusted_ohlc
2017-07-21,2017-07-24,2017-07-31,00631L,etf,fallback_full_signal_aligned_00631L,hold_same_state_no_trade,adjusted_close,adjusted_close,1.5427299737930298,1.540910005569458,-0.0011797062703702288,0.0,-0.0011797062703702288,2.2520740533406953,1.9959832657020133,-0.0011797062703702288,-0.0011797062703702288,True,,benchmark_features_adjusted_close_exact_reference,True,False,False,False,False,False,False,False,True,False,base_00631L,00631L,blocked_no_bear_cash_classifier,ready_for_00631L_base; blocked_for_stock_exception_unadjusted_ohlc
2017-07-28,2017-07-31,2017-08-07,00631L,etf,fallback_full_signal_aligned_00631L,hold_same_state_no_trade,adjusted_close,adjusted_close,1.540910005569458,1.5927300453186035,0.03362950435901335,0.0,0.03362950435901335,2.3278101875343373,2.063107193636457,0.0,0.0,True,,benchmark_features_adjusted_close_exact_reference,True,False,False,False,False,False,False,False,True,False,base_00631L,00631L,blocked_no_bear_cash_classifier,ready_for_00631L_base; blocked_for_stock_exception_unadjusted_ohlc
2017-08-04,2017-08-07,2017-08-14,00631L,etf,fallback_full_signal_aligned_00631L,hold_same_state_no_trade,adjusted_close,adjusted_close,1.5927300453186035,1.5127300024032593,-0.05022825001040354,0.0,-0.05022825001040354,2.2108883554580983,1.959480929716223,-0.05022825001040354,-0.05022825001040354,True,,benchmark_features_adjusted_close_exact_reference,True,False,False,False,False,False,False,False,True,False,base_00631L,00631L,blocked_no_bear_cash_classifier,ready_for_00631L_base; blocked_for_stock_exception_unadjusted_ohlc
2017-08-11,2017-08-14,2017-08-21,00631L,etf,fallback_full_signal_aligned_00631L,hold_same_state_no_trade,adjusted_close,adjusted_close,1.5127300024032593,1.5286400318145752,0.010517428348773228,0.0,0.010517428348773228,2.234141215323766,1.980089629995301,-0.04023909368219891,-0.04023909368219902,True,,benchmark_features_adjusted_close_exact_reference,True,False,False,False,False,False,False,False,True,False,base_00631L,00631L,blocked_no_bear_cash_classifier,ready_for_00631L_base; blocked_for_stock_exception_unadjusted_ohlc
2017-08-18,2017-08-21,2017-08-28,00631L,etf,fallback_full_signal_aligned_00631L,hold_same_state_no_trade,adjusted_close,adjusted_close,1.5286400318145752,1.583179950714111,0.03567871949211887,0.0,0.03567871949211887,2.313852513051084,2.0507366924731567,-0.005996053526184375,-0.005996053526184486,True,,benchmark_features_adjusted_close_exact_reference,True,False,False,False,False,False,False,False,True,False,base_00631L,00631L,blocked_no_bear_cash_classifier,ready_for_00631L_base; blocked_for_stock_exception_unadjusted_ohlc
2017-08-25,2017-08-28,2017-09-04,2603,stock,available_proxy_stock_exception,base_00631L_to_stock_exception,unadjusted_close,unadjusted_close,21.8,21.5,-0.013761467889908285,0.00385,-0.01755848623853218,2.282010505990748,2.0147288604795137,-0.019675006918025928,-0.02344925814139165,True,,official_unadjusted_ohlcv_twse_stock_day,True,False,False,False,False,False,False,False,True,False,stock_exception,00631L,blocked_no_bear_cash_classifier,ready_for_00631L_base; blocked_for_stock_exception_unadjusted_ohlc
2017-09-01,2017-09-04,2017-09-11,00631L,etf,fallback_full_signal_aligned_00631L,stock_exception_to_base_00631L,adjusted_close,adjusted_close,1.600909948348999,1.5950000286102295,-0.003691600358199043,0.00585,-0.009520004496103573,2.2735862351894185,1.995548632669319,-0.023293975013638835,-0.03274602559455897,True,,benchmark_features_adjusted_close_exact_reference,True,False,False,False,False,False,False,False,True,False,base_00631L,2603,blocked_no_bear_cash_classifier,ready_for_00631L_base; blocked_for_stock_exception_unadjusted_ohlc
2017-09-08,2017-09-11,2017-09-18,00631L,etf,fallback_full_signal_aligned_00631L,hold_same_state_no_trade,adjusted_close,adjusted_close,1.5950000286102295,1.6131800413131714,0.01139812688203068,0.0,0.01139812688203068,2.299500859575346,2.0182941491837467,-0.012161355814400365,-0.021721142067137267,True,,benchmark_features_adjusted_close_exact_reference,True,False,False,False,False,False,False,False,True,False,base_00631L,00631L,blocked_no_bear_cash_classifier,ready_for_00631L_base; blocked_for_stock_exception_unadjusted_ohlc
2017-09-15,2017-09-18,2017-09-25,00631L,etf,fallback_full_signal_aligned_00631L,hold_same_state_no_trade,adjusted_close,adjusted_close,1.6131800413131714,1.5309100151062012,-0.0509986635713644,0.0,-0.0509986635713644,2.1822293888558,1.9153638448814716,-0.06253980649201452,-0.07161205642183399,True,,benchmark_features_adjusted_close_exact_reference,True,False,False,False,False,False,False,False,True,False,base_00631L,00631L,blocked_no_bear_cash_classifier,ready_for_00631L_base; blocked_for_stock_exception_unadjusted_ohlc
2017-09-22,2017-09-25,2017-10-02,00631L,etf,fallback_full_signal_aligned_00631L,hold_same_state_no_trade,adjusted_close,adjusted_close,1.5309100151062012,1.559999942779541,0.01900172275724632,0.0,0.01900172275724632,2.223695506695553,1.9517590576411628,-0.04472644779902124,-0.05397108610679158,True,,benchmark_features_adjusted_close_exact_reference,True,False,False,False,False,False,False,False,True,False,base_00631L,00631L,blocked_no_bear_cash_classifier,ready_for_00631L_base; blocked_for_stock_exception_unadjusted_ohlc
2017-09-29,2017-10-02,2017-10-11,00631L,etf,fallback_full_signal_aligned_00631L,hold_same_state_no_trade,adjusted_close,adjusted_close,1.559999942779541,1.6154500246047974,0.035544925550739404,0.0,0.035544925550739404,2.30273659792856,2.0211341880379994,-0.010771320505447157,-0.020344558793610523,True,,benchmark_features_adjusted_close_exact_reference,True,False,False,False,False,False,False,False,True,False,base_00631L,00631L,blocked_no_bear_cash_classifier,ready_for_00631L_base; blocked_for_stock_exception_unadjusted_ohlc
2017-10-06,2017-10-11,2017-10-16,00631L,etf,fallback_full_signal_aligned_00631L,hold_same_state_no_trade,adjusted_close,adjusted_close,1.6154500246047974,1.6554499864578247,0.0247608785439295,0.0,0.0247608785439295,2.3597543791485305,2.0711792461889917,0.0,0.0,True,,benchmark_features_adjusted_close_exact_reference,True,False,False,False,False,False,False,False,True,False,base_00631L,00631L,blocked_no_bear_cash_classifier,ready_for_00631L_base; blocked_for_stock_exception_unadjusted_ohlc
2017-10-13,2017-10-16,2017-10-23,00631L,etf,fallback_full_signal_aligned_00631L,hold_same_state_no_trade,adjusted_close,adjusted_close,1.6554499864578247,1.6609100103378296,0.0032982113169650606,0.0,0.0032982113169650606,2.367537347747096,2.0780104330182354,0.0,0.0,True,,benchmark_features_adjusted_close_exact_reference,True,False,False,False,False,False,False,False,True,False,base_00631L,00631L,blocked_no_bear_cash_classifier,ready_for_00631L_base; blocked_for_stock_exception_unadjusted_ohlc
2017-10-20,2017-10-23,2017-10-30,00631L,etf,fallback_full_signal_aligned_00631L,hold_same_state_no_trade,adjusted_close,adjusted_close,1.6609100103378296,1.668179988861084,0.004377105609578269,0.0,0.004377105609578269,2.377900308752806,2.0871061041413617,0.0,0.0,True,,benchmark_features_adjusted_close_exact_reference,True,False,False,False,False,False,False,False,True,False,base_00631L,00631L,blocked_no_bear_cash_classifier,ready_for_00631L_base; blocked_for_stock_exception_unadjusted_ohlc
2017-10-27,2017-10-30,2017-11-06,6121,stock,available_proxy_stock_exception,base_00631L_to_stock_exception,unadjusted_close,unadjusted_close,171.0,185.5,0.08479532163742687,0.00385,0.08061885964912285,2.5795351302552367,2.2553662182239615,0.0,0.0,True,,official_unadjusted_ohlcv_tpex_trading_stock,True,False,False,False,False,False,False,False,True,False,stock_exception,00631L,blocked_no_bear_cash_classifier,ready_for_00631L_base; blocked_for_stock_exception_unadjusted_ohlc
2017-11-03,2017-11-06,2017-11-13,00631L,etf,fallback_full_signal_aligned_00631L,stock_exception_to_base_00631L,adjusted_close,adjusted_close,1.671820044517517,1.647729992866516,-0.014409476504364749,0.00585,-0.020175181066814263,2.5423653794036403,2.209863796399317,-0.01440947650436486,-0.020175181066814263,True,,benchmark_features_adjusted_close_exact_reference,True,False,False,False,False,False,False,False,True,False,base_00631L,6121,blocked_no_bear_cash_classifier,ready_for_00631L_base; blocked_for_stock_exception_unadjusted_ohlc
2017-11-10,2017-11-13,2017-11-20,00631L,etf,fallback_full_signal_aligned_00631L,hold_same_state_no_trade,adjusted_close,adjusted_close,1.647729992866516,1.6377300024032593,-0.0060689497105408385,0.0,-0.0060689497105408385,2.5269358917702194,2.196452244151825,-0.020390975826645508,-0.026121688618059524,True,,benchmark_features_adjusted_close_exact_reference,True,False,False,False,False,False,False,False,True,False,base_00631L,00631L,blocked_no_bear_cash_classifier,ready_for_00631L_base; blocked_for_stock_exception_unadjusted_ohlc
2017-11-17,2017-11-20,2017-11-27,00631L,etf,fallback_full_signal_aligned_00631L,hold_same_state_no_trade,adjusted_close,adjusted_close,1.6377300024032593,1.6540900468826294,0.009989463742718696,0.0,0.009989463742718696,2.5521786262412327,2.2183936242073927,-0.010605206997625682,-0.01639316653668943,True,,benchmark_features_adjusted_close_exact_reference,True,False,False,False,False,False,False,False,True,False,base_00631L,00631L,blocked_no_bear_cash_classifier,ready_for_00631L_base; blocked_for_stock_exception_unadjusted_ohlc
2017-11-24,2017-11-27,2017-12-04,6573,stock,available_proxy_stock_exception,base_00631L_to_stock_exception,unadjusted_close,unadjusted_close,70.8,65.0,-0.08192090395480223,0.00385,-0.08545550847457628,2.3431018461254256,2.0288196690539917,-0.09165732280855454,-0.10044778862936454,True,,official_unadjusted_ohlcv_twse_stock_day,True,False,False,False,False,False,False,False,True,False,stock_exception,00631L,blocked_no_bear_cash_classifier,ready_for_00631L_base; blocked_for_stock_exception_unadjusted_ohlc
2017-12-01,2017-12-04,2017-12-11,00631L,etf,fallback_full_signal_aligned_00631L,stock_exception_to_base_00631L,adjusted_close,adjusted_close,1.609089970588684,1.5604499578475952,-0.03022827413640139,0.00585,-0.03590143873270346,2.272273921191238,1.955982124005746,-0.11911495426449026,-0.13274300723275545,True,,benchmark_features_adjusted_close_exact_reference,True,False,False,False,False,False,False,False,True,False,base_00631L,6573,blocked_no_bear_cash_classifier,ready_for_00631L_base; blocked_for_stock_exception_unadjusted_ohlc
2017-12-08,2017-12-11,2017-12-18,00631L,etf,fallback_full_signal_aligned_00631L,hold_same_state_no_trade,adjusted_close,adjusted_close,1.5604499578475952,1.5531799793243408,-0.004658898855867344,0.0,-0.004658898855867344,2.261687626819583,1.9468694011261187,-0.12321890859621809,-0.1367834698441016,True,,benchmark_features_adjusted_close_exact_reference,True,False,False,False,False,False,False,False,True,False,base_00631L,00631L,blocked_no_bear_cash_classifier,ready_for_00631L_base; blocked_for_stock_exception_unadjusted_ohlc
2017-12-15,2017-12-18,2017-12-25,00631L,etf,fallback_full_signal_aligned_00631L,hold_same_state_no_trade,adjusted_close,adjusted_close,1.5531799793243408,1.5627299547195437,0.006148659860628181,0.0,0.006148659860628181,2.275593974747888,1.9588400388667082,-0.11782787989294596,-0.13147584501410126,True,,benchmark_features_adjusted_close_exact_reference,True,False,False,False,False,False,False,False,True,False,base_00631L,00631L,blocked_no_bear_cash_classifier,ready_for_00631L_base; blocked_for_stock_exception_unadjusted_ohlc
2017-12-22,2017-12-25,2018-01-02,00631L,etf,fallback_full_signal_aligned_00631L,hold_same_state_no_trade,adjusted_close,adjusted_close,1.5627299547195437,1.6077300310134888,0.028795810919245435,0.0,0.028795810919245435,2.3411215485737022,2.015246426246961,-0.09242501832411343,-0.10646598766833004,True,,benchmark_features_adjusted_close_exact_reference,True,False,False,False,False,False,False,False,True,False,base_00631L,00631L,blocked_no_bear_cash_classifier,ready_for_00631L_base; blocked_for_stock_exception_unadjusted_ohlc
2017-12-29,2018-01-02,2018-01-08,00631L,etf,fallback_full_signal_aligned_00631L,hold_same_state_no_trade,adjusted_close,adjusted_close,1.6077300310134888,1.6663600206375122,0.03646755891414433,0.0,0.03646755891414433,2.4264965365714866,2.0887375440226412,-0.05932797421084457,-0.07388098343183302,True,,benchmark_features_adjusted_close_exact_reference,True,False,False,False,False,False,False,False,True,False,base_00631L,00631L,blocked_no_bear_cash_classifier,ready_for_00631L_base; blocked_for_stock_exception_unadjusted_ohlc
2018-01-05,2018-01-08,2018-01-15,00631L,etf,fallback_full_signal_aligned_00631L,hold_same_state_no_trade,adjusted_close,adjusted_close,1.6663600206375122,1.6890900135040283,0.013640505404000303,0.0,0.013640505404000303,2.459595175691378,2.1172289797794206,-0.04649673235967555,-0.06124825198158734,True,,benchmark_features_adjusted_close_exact_reference,True,False,False,False,False,False,False,False,True,False,base_00631L,00631L,blocked_no_bear_cash_classifier,ready_for_00631L_base; blocked_for_stock_exception_unadjusted_ohlc
2018-01-12,2018-01-15,2018-01-22,00631L,etf,fallback_full_signal_aligned_00631L,hold_same_state_no_trade,adjusted_close,adjusted_close,1.6890900135040283,1.7963600158691406,0.06350757005695629,0.0,0.06350757005695629,2.61579808862335,2.2516890475393803,0.0,-0.0016304095782178063,True,,benchmark_features_adjusted_close_exact_reference,True,False,False,False,False,False,False,False,True,False,base_00631L,00631L,blocked_no_bear_cash_classifier,ready_for_00631L_base; blocked_for_stock_exception_unadjusted_ohlc
2018-01-19,2018-01-22,2018-01-29,00631L,etf,fallback_full_signal_aligned_00631L,hold_same_state_no_trade,adjusted_close,adjusted_close,1.7963600158691406,1.792269945144653,-0.0022768658221935523,0.0,-0.0022768658221935523,2.609842267357604,2.2465622537048304,-0.0022768658221935523,-0.0039035631765664824,True,,benchmark_features_adjusted_close_exact_reference,True,False,False,False,False,False,False,False,True,False,base_00631L,00631L,blocked_no_bear_cash_classifier,ready_for_00631L_base; blocked_for_stock_exception_unadjusted_ohlc
2018-01-26,2018-01-29,2018-02-05,00631L,etf,fallback_full_signal_aligned_00631L,hold_same_state_no_trade,adjusted_close,adjusted_close,1.792269945144653,1.7036399841308594,-0.049451234315397996,0.0,-0.049451234315397996,2.4807823458682736,2.135466977292744,-0.0516155063123136,-0.053161761474655234,True,,benchmark_features_adjusted_close_exact_reference,True,False,False,False,False,False,False,False,True,False,base_00631L,00631L,blocked_no_bear_cash_classifier,ready_for_00631L_base; blocked_for_stock_exception_unadjusted_ohlc
2018-02-02,2018-02-05,2018-02-12,00631L,etf,fallback_full_signal_aligned_00631L,hold_same_state_no_trade,adjusted_close,adjusted_close,1.7036399841308594,1.5499999523162842,-0.09018339158842725,0.0,-0.09018339158842725,2.257056980125178,1.9428833226553974,-0.1371440364829425,-0.1385508451104831,True,,benchmark_features_adjusted_close_exact_reference,True,False,False,False,False,False,False,False,True,False,base_00631L,00631L,blocked_no_bear_cash_classifier,ready_for_00631L_base; blocked_for_stock_exception_unadjusted_ohlc
2018-02-09,2018-02-12,2018-02-21,00631L,etf,fallback_full_signal_aligned_00631L,hold_same_state_no_trade,adjusted_close,adjusted_close,1.5499999523162842,1.6263600587844849,0.04926458633375441,0.0,0.04926458633375441,2.3682499585827577,2.038598665840766,-0.09463579437466163,-0.09611190884728871,True,,benchmark_features_adjusted_close_exact_reference,True,False,False,False,False,False,False,False,True,False,base_00631L,00631L,blocked_no_bear_cash_classifier,ready_for_00631L_base; blocked_for_stock_exception_unadjusted_ohlc
2018-02-12,2018-02-21,2018-02-26,00631L,etf,fallback_full_signal_aligned_00631L,hold_same_state_no_trade,adjusted_close,adjusted_close,1.6263600587844849,1.6595499515533447,0.020407469176084714,0.0,0.020407469176084714,2.4165799466137994,2.0802013052763186,-0.076159602255232,-0.0776658404884597,True,,benchmark_features_adjusted_close_exact_reference,True,False,False,False,False,False,False,False,True,False,base_00631L,00631L,blocked_no_bear_cash_classifier,ready_for_00631L_base; blocked_for_stock_exception_unadjusted_ohlc
2018-02-23,2018-02-26,2018-03-05,00631L,etf,fallback_full_signal_aligned_00631L,hold_same_state_no_trade,adjusted_close,adjusted_close,1.6595499515533447,1.5995500087738037,-0.03615434577511867,0.0,-0.03615434577511867,2.3292100796307063,2.0049929880035053,-0.10956044743631954,-0.1110122286116435,True,,benchmark_features_adjusted_close_exact_reference,True,False,False,False,False,False,False,False,True,False,base_00631L,00631L,blocked_no_bear_cash_classifier,ready_for_00631L_base; blocked_for_stock_exception_unadjusted_ohlc
2018-03-02,2018-03-05,2018-03-12,00631L,etf,fallback_full_signal_aligned_00631L,hold_same_state_no_trade,adjusted_close,adjusted_close,1.5995500087738037,1.7309099435806274,0.0821230559134083,0.0,0.0821230559134083,2.520491929234293,2.1696491392633086,-0.036434830273622154,-0.038005836155581285,True,,benchmark_features_adjusted_close_exact_reference,True,False,False,False,False,False,False,False,True,False,base_00631L,00631L,blocked_no_bear_cash_classifier,ready_for_00631L_base; blocked_for_stock_exception_unadjusted_ohlc
2018-03-09,2018-03-12,2018-03-19,00631L,etf,fallback_full_signal_aligned_00631L,hold_same_state_no_trade,adjusted_close,adjusted_close,1.7309099435806274,1.7213599681854248,-0.005517314999905265,0.0,-0.005517314999905265,2.5065855813059885,2.1576785015227196,-0.04175112283793969,-0.04331346098558142,True,,benchmark_features_adjusted_close_exact_reference,True,False,False,False,False,False,False,False,True,False,base_00631L,00631L,blocked_no_bear_cash_classifier,ready_for_00631L_base; blocked_for_stock_exception_unadjusted_ohlc
2018-03-16,2018-03-19,2018-03-26,6150,stock,available_proxy_stock_exception,base_00631L_to_stock_exception,unadjusted_close,unadjusted_close,297.0,369.0,0.24242424242424243,0.00385,0.23764090909090907,3.114242691925622,2.670431182150489,0.0,0.0,True,,official_unadjusted_ohlcv_tpex_trading_stock,True,False,False,False,False,False,False,False,True,False,stock_exception,00631L,blocked_no_bear_cash_classifier,ready_for_00631L_base; blocked_for_stock_exception_unadjusted_ohlc
2018-03-23,2018-03-26,2018-04-02,00631L,etf,fallback_full_signal_aligned_00631L,stock_exception_to_base_00631L,adjusted_close,adjusted_close,1.6640900373458862,1.6686400175094604,0.0027342151334739384,0.00585,-0.003131780025056874,3.1227577014231955,2.662067979115941,0.0,-0.003131780025056874,True,,benchmark_features_adjusted_close_exact_reference,True,False,False,False,False,False,False,False,True,False,base_00631L,6150,blocked_no_bear_cash_classifier,ready_for_00631L_base; blocked_for_stock_exception_unadjusted_ohlc
2018-03-30,2018-04-02,2018-04-09,00631L,etf,fallback_full_signal_aligned_00631L,hold_same_state_no_trade,adjusted_close,adjusted_close,1.6686400175094604,1.6736400127410889,0.002996449311512439,0.0,0.002996449311512439,3.132114886587645,2.6700447308791624,0.0,-0.00014471493364431876,True,,benchmark_features_adjusted_close_exact_reference,True,False,False,False,False,False,False,False,True,False,base_00631L,00631L,blocked_no_bear_cash_classifier,ready_for_00631L_base; blocked_for_stock_exception_unadjusted_ohlc
2018-04-03,2018-04-09,2018-04-16,00631L,etf,fallback_full_signal_aligned_00631L,hold_same_state_no_trade,adjusted_close,adjusted_close,1.6736400127410889,1.682270050048828,0.0051564477677639164,0.0,0.0051564477677639164,3.14826547340297,2.683812677071534,0.0,0.0,True,,benchmark_features_adjusted_close_exact_reference,True,False,False,False,False,False,False,False,True,False,base_00631L,00631L,blocked_no_bear_cash_classifier,ready_for_00631L_base; blocked_for_stock_exception_unadjusted_ohlc
2018-04-13,2018-04-16,2018-04-23,00631L,etf,fallback_full_signal_aligned_00631L,hold_same_state_no_trade,adjusted_close,adjusted_close,1.682270050048828,1.6054500341415403,-0.04566449715077425,0.0,-0.04566449715077425,3.004501513662879,2.5612577207261893,-0.04566449715077425,-0.04566449715077425,True,,benchmark_features_adjusted_close_exact_reference,True,False,False,False,False,False,False,False,True,False,base_00631L,00631L,blocked_no_bear_cash_classifier,ready_for_00631L_base; blocked_for_stock_exception_unadjusted_ohlc
2018-04-20,2018-04-23,2018-04-30,00631L,etf,fallback_full_signal_aligned_00631L,hold_same_state_no_trade,adjusted_close,adjusted_close,1.6054500341415403,1.5963599681854248,-0.005662004897571404,0.0,-0.005662004897571404,2.9874900113777594,2.5467558669674952,-0.051067949441832794,-0.05106794944183268,True,,benchmark_features_adjusted_close_exact_reference,True,False,False,False,False,False,False,False,True,False,base_00631L,00631L,blocked_no_bear_cash_classifier,ready_for_00631L_base; blocked_for_stock_exception_unadjusted_ohlc
2018-04-27,2018-04-30,2018-05-07,00631L,etf,fallback_full_signal_aligned_00631L,hold_same_state_no_trade,adjusted_close,adjusted_close,1.5963599681854248,1.578179955482483,-0.011388416814039126,0.0,-0.011388416814039126,2.953467229900411,2.51775234963087,-0.06187478316179007,-0.06187478316178996,True,,benchmark_features_adjusted_close_exact_reference,True,False,False,False,False,False,False,False,True,False,base_00631L,00631L,blocked_no_bear_cash_classifier,ready_for_00631L_base; blocked_for_stock_exception_unadjusted_ohlc
2018-05-04,2018-05-07,2018-05-14,00631L,etf,fallback_full_signal_aligned_00631L,hold_same_state_no_trade,adjusted_close,adjusted_close,1.578179955482483,1.6804499626159668,0.06480250036011759,0.0,0.06480250036011759,3.144859291129628,2.680908997174511,-0.0010819234597965188,-0.0010819234597965188,True,,benchmark_features_adjusted_close_exact_reference,True,False,False,False,False,False,False,False,True,False,base_00631L,00631L,blocked_no_bear_cash_classifier,ready_for_00631L_base; blocked_for_stock_exception_unadjusted_ohlc
2018-05-11,2018-05-14,2018-05-21,00631L,etf,fallback_full_signal_aligned_00631L,hold_same_state_no_trade,adjusted_close,adjusted_close,1.6804499626159668,1.6836400032043457,0.0018983252458246724,0.0,0.0018983252458246724,3.1508292569165453,2.6859982344056057,0.0,0.0,True,,benchmark_features_adjusted_close_exact_reference,True,False,False,False,False,False,False,False,True,False,base_00631L,00631L,blocked_no_bear_cash_classifier,ready_for_00631L_base; blocked_for_stock_exception_unadjusted_ohlc
2018-05-18,2018-05-21,2018-05-28,4190,stock,available_proxy_stock_exception,base_00631L_to_stock_exception,unadjusted_close,unadjusted_close,113.5,129.0,0.13656387665198233,0.00385,0.13218810572687212,3.5811187149095534,3.0410552529974058,0.0,0.0,True,,official_unadjusted_ohlcv_twse_stock_day,True,False,False,False,False,False,False,False,True,False,stock_exception,00631L,blocked_no_bear_cash_classifier,ready_for_00631L_base; blocked_for_stock_exception_unadjusted_ohlc
2018-05-25,2018-05-28,2018-06-04,00631L,etf,fallback_full_signal_aligned_00631L,stock_exception_to_base_00631L,adjusted_close,adjusted_close,1.6881799697875977,1.7181799411773682,0.017770600247996704,0.00585,0.011816642236545993,3.644757344032831,3.076990314943645,0.0,0.0,True,,benchmark_features_adjusted_close_exact_reference,True,False,False,False,False,False,False,False,True,False,base_00631L,4190,blocked_no_bear_cash_classifier,ready_for_00631L_base; blocked_for_stock_exception_unadjusted_ohlc
2018-06-01,2018-06-04,2018-06-11,00631L,etf,fallback_full_signal_aligned_00631L,hold_same_state_no_trade,adjusted_close,adjusted_close,1.7181799411773682,1.7277300357818604,0.005558262191064811,0.0,0.005558262191064811,3.6650158609737744,3.094093033873469,0.0,0.0,True,,benchmark_features_adjusted_close_exact_reference,True,False,False,False,False,False,False,False,True,False,base_00631L,00631L,blocked_no_bear_cash_classifier,ready_for_00631L_base; blocked_for_stock_exception_unadjusted_ohlc
2018-06-08,2018-06-11,2018-06-19,3090,stock,available_proxy_stock_exception,base_00631L_to_stock_exception,unadjusted_close,unadjusted_close,95.9,88.1,-0.08133472367049022,0.00385,-0.08487158498435887,3.366922808673509,2.831492453999564,-0.08133472367049022,-0.08487158498435887,True,,official_unadjusted_ohlcv_twse_stock_day,True,False,False,False,False,False,False,False,True,False,stock_exception,00631L,blocked_no_bear_cash_classifier,ready_for_00631L_base; blocked_for_stock_exception_unadjusted_ohlc
2018-06-15,2018-06-19,2018-06-25,00631L,etf,fallback_full_signal_aligned_00631L,stock_exception_to_base_00631L,adjusted_close,adjusted_close,1.6481800079345703,1.6445499658584597,-0.0022024548645385167,0.00585,-0.00803957050358095,3.35950731315502,2.8087284707852773,-0.08335804247722478,-0.09222882439670732,True,,benchmark_features_adjusted_close_exact_reference,True,False,False,False,False,False,False,False,True,False,base_00631L,3090,blocked_no_bear_cash_classifier,ready_for_00631L_base; blocked_for_stock_exception_unadjusted_ohlc
2018-06-22,2018-06-25,2018-07-02,00631L,etf,fallback_full_signal_aligned_00631L,hold_same_state_no_trade,adjusted_close,adjusted_close,1.6445499658584597,1.6531800031661987,0.0052476589260905815,0.0,0.0052476589260905815,3.3771368616941646,2.8234677198159583,-0.07854781812680123,-0.08746515088420503,True,,benchmark_features_adjusted_close_exact_reference,True,False,False,False,False,False,False,False,True,False,base_00631L,00631L,blocked_no_bear_cash_classifier,ready_for_00631L_base; blocked_for_stock_exception_unadjusted_ohlc
2018-06-29,2018-07-02,2018-07-09,8163,stock,available_proxy_stock_exception,base_00631L_to_stock_exception,unadjusted_close,unadjusted_close,82.0,74.7,-0.08902439024390241,0.00385,-0.09253164634146338,3.076489311811635,2.56220760330941,-0.16057953675697623,-0.1719035028168484,True,,official_unadjusted_ohlcv_twse_stock_day,True,False,False,False,False,False,False,False,True,False,stock_exception,00631L,blocked_no_bear_cash_classifier,ready_for_00631L_base; blocked_for_stock_exception_unadjusted_ohlc
2018-07-06,2018-07-09,2018-07-16,00631L,etf,fallback_full_signal_aligned_00631L,stock_exception_to_base_00631L,adjusted_close,adjusted_close,1.6759099960327148,1.717270016670227,0.024679141920163516,0.00585,0.01868476893993054,3.1524144281537008,2.6100818603533793,-0.1398633600139123,-0.15643071110701545,True,,benchmark_features_adjusted_close_exact_reference,True,False,False,False,False,False,False,False,True,False,base_00631L,8163,blocked_no_bear_cash_classifier,ready_for_00631L_base; blocked_for_stock_exception_unadjusted_ohlc
2018-07-13,2018-07-16,2018-07-23,00631L,etf,fallback_full_signal_aligned_00631L,hold_same_state_no_trade,adjusted_close,adjusted_close,1.717270016670227,1.7781800031661987,0.03546907935542687,0.0,0.03546907935542687,3.264227665667077,2.7026590609824135,-0.10935510527373549,-0.1265100850574692,True,,benchmark_features_adjusted_close_exact_reference,True,False,False,False,False,False,False,False,True,False,base_00631L,00631L,blocked_no_bear_cash_classifier,ready_for_00631L_base; blocked_for_stock_exception_unadjusted_ohlc
2018-07-20,2018-07-23,2018-07-30,00631L,etf,fallback_full_signal_aligned_00631L,hold_same_state_no_trade,adjusted_close,adjusted_close,1.7781800031661987,1.8190900087356567,0.023006672832117214,0.0,0.023006672832117214,3.3393266836206252,2.764838253775193,-0.08886432957117285,-0.10641398836223248,True,,benchmark_features_adjusted_close_exact_reference,True,False,False,False,False,False,False,False,True,False,base_00631L,00631L,blocked_no_bear_cash_classifier,ready_for_00631L_base; blocked_for_stock_exception_unadjusted_ohlc
2018-07-27,2018-07-30,2018-08-06,00631L,etf,fallback_full_signal_aligned_00631L,hold_same_state_no_trade,adjusted_close,adjusted_close,1.8190900087356567,1.826820015907288,0.0042493813579922435,0.0,0.0042493813579922435,3.353516756178249,2.776587105908649,-0.08499256663865074,-0.10261680062261636,True,,benchmark_features_adjusted_close_exact_reference,True,False,False,False,False,False,False,False,True,False,base_00631L,00631L,blocked_no_bear_cash_classifier,ready_for_00631L_base; blocked_for_stock_exception_unadjusted_ohlc
2018-08-03,2018-08-06,2018-08-13,00631L,etf,fallback_full_signal_aligned_00631L,hold_same_state_no_trade,adjusted_close,adjusted_close,1.826820015907288,1.7554500102996826,-0.0390678911913277,0.0,-0.0390678911913277,3.222501928439583,2.6681117029717667,-0.12073997748446796,-0.13767566981281742,True,,benchmark_features_adjusted_close_exact_reference,True,False,False,False,False,False,False,False,True,False,base_00631L,00631L,blocked_no_bear_cash_classifier,ready_for_00631L_base; blocked_for_stock_exception_unadjusted_ohlc
2018-08-10,2018-08-13,2018-08-20,00631L,etf,fallback_full_signal_aligned_00631L,hold_same_state_no_trade,adjusted_close,adjusted_close,1.7554500102996826,1.7495499849319458,-0.003360976007929506,0.0,-0.003360976007929506,3.2116711767725907,2.659144243551603,-0.12369514932487424,-0.14057392119763035,True,,benchmark_features_adjusted_close_exact_reference,True,False,False,False,False,False,False,False,True,False,base_00631L,00631L,blocked_no_bear_cash_classifier,ready_for_00631L_base; blocked_for_stock_exception_unadjusted_ohlc
2018-08-17,2018-08-20,2018-08-27,00631L,etf,fallback_full_signal_aligned_00631L,hold_same_state_no_trade,adjusted_close,adjusted_close,1.7495499849319458,1.8131799697875977,0.03636934377620937,0.0,0.03636934377620937,3.328477549896776,2.7558555746958593,-0.09182451695791083,-0.10931715868742742,True,,benchmark_features_adjusted_close_exact_reference,True,False,False,False,False,False,False,False,True,False,base_00631L,00631L,blocked_no_bear_cash_classifier,ready_for_00631L_base; blocked_for_stock_exception_unadjusted_ohlc
2018-08-24,2018-08-27,2018-09-03,00631L,etf,fallback_full_signal_aligned_00631L,hold_same_state_no_trade,adjusted_close,adjusted_close,1.8131799697875977,1.833639979362488,0.011284047869383418,0.0,0.011284047869383418,3.3660362499019794,2.7869527809218346,-0.08157662133346344,-0.09926665086961783,True,,benchmark_features_adjusted_close_exact_reference,True,False,False,False,False,False,False,False,True,False,base_00631L,00631L,blocked_no_bear_cash_classifier,ready_for_00631L_base; blocked_for_stock_exception_unadjusted_ohlc
2018-08-31,2018-09-03,2018-09-10,00631L,etf,fallback_full_signal_aligned_00631L,hold_same_state_no_trade,adjusted_close,adjusted_close,1.833639979362488,1.7927299737930298,-0.022310816752414864,0.0,-0.022310816752414864,3.2909372319484307,2.7247735881290547,-0.10206739703602619,-0.11936274756485465,True,,benchmark_features_adjusted_close_exact_reference,True,False,False,False,False,False,False,False,True,False,base_00631L,00631L,blocked_no_bear_cash_classifier,ready_for_00631L_base; blocked_for_stock_exception_unadjusted_ohlc
2018-09-07,2018-09-10,2018-09-17,00631L,etf,fallback_full_signal_aligned_00631L,hold_same_state_no_trade,adjusted_close,adjusted_close,1.7927299737930298,1.8145500421524048,0.012171419387387417,0.0,0.012171419387387417,3.3309926091760427,2.7579379502058496,-0.09113828274374336,-0.10864414223731,True,,benchmark_features_adjusted_close_exact_reference,True,False,False,False,False,False,False,False,True,False,base_00631L,00631L,blocked_no_bear_cash_classifier,ready_for_00631L_base; blocked_for_stock_exception_unadjusted_ohlc
2018-09-14,2018-09-17,2018-09-25,00631L,etf,fallback_full_signal_aligned_00631L,hold_same_state_no_trade,adjusted_close,adjusted_close,1.8145500421524048,1.855909943580628,0.022793475223842563,0.0,0.022793475223842563,3.4069175066840995,2.8208009405427616,-0.07042216570956383,-0.0883270445777693,True,,benchmark_features_adjusted_close_exact_reference,True,False,False,False,False,False,False,False,True,False,base_00631L,00631L,blocked_no_bear_cash_classifier,ready_for_00631L_base; blocked_for_stock_exception_unadjusted_ohlc
2018-09-21,2018-09-25,2018-10-01,00631L,etf,fallback_full_signal_aligned_00631L,hold_same_state_no_trade,adjusted_close,adjusted_close,1.855909943580628,1.8686399459838867,0.006859170320893115,0.0,0.006859170320893115,3.4302861341316784,2.84014929463528,-0.06404603301763878,-0.08207372449957617,True,,benchmark_features_adjusted_close_exact_reference,True,False,False,False,False,False,False,False,True,False,base_00631L,00631L,blocked_no_bear_cash_classifier,ready_for_00631L_base; blocked_for_stock_exception_unadjusted_ohlc
2018-09-28,2018-10-01,2018-10-08,00631L,etf,fallback_full_signal_aligned_00631L,hold_same_state_no_trade,adjusted_close,adjusted_close,1.8686399459838867,1.695449948310852,-0.09268238006217178,0.0,-0.09268238006217178,3.1123590509260883,2.576917498276584,-0.15079247430619525,-0.1671493164345602,True,,benchmark_features_adjusted_close_exact_reference,True,False,False,False,False,False,False,False,True,False,base_00631L,00631L,blocked_no_bear_cash_classifier,ready_for_00631L_base; blocked_for_stock_exception_unadjusted_ohlc
2018-10-05,2018-10-08,2018-10-15,00631L,etf,fallback_full_signal_aligned_00631L,hold_same_state_no_trade,adjusted_close,adjusted_close,1.695449948310852,1.496359944343567,-0.11742605800049433,0.0,-0.11742605800049433,2.746886996493678,2.274320234661469,-0.2505115664727722,-0.26494768910866695,True,,benchmark_features_adjusted_close_exact_reference,True,False,False,False,False,False,False,False,True,False,base_00631L,00631L,blocked_no_bear_cash_classifier,ready_for_00631L_base; blocked_for_stock_exception_unadjusted_ohlc
2018-10-12,2018-10-15,2018-10-22,00631L,etf,fallback_full_signal_aligned_00631L,hold_same_state_no_trade,adjusted_close,adjusted_close,1.496359944343567,1.5209100246429443,0.016406533997505024,0.0,0.016406533997505024,2.7919538913889563,2.311633946912656,-0.23821505900737094,-0.25288802838008373,True,,benchmark_features_adjusted_close_exact_reference,True,False,False,False,False,False,False,False,True,False,base_00631L,00631L,blocked_no_bear_cash_classifier,ready_for_00631L_base; blocked_for_stock_exception_unadjusted_ohlc
2018-10-19,2018-10-22,2018-10-29,00631L,etf,fallback_full_signal_aligned_00631L,hold_same_state_no_trade,adjusted_close,adjusted_close,1.5209100246429443,1.3849999904632568,-0.08936099570491973,0.0,-0.08936099570491973,2.5424621116922137,2.1050640357112473,-0.30628891984748585,-0.3196506980671051,True,,benchmark_features_adjusted_close_exact_reference,True,False,False,False,False,False,False,False,True,False,base_00631L,00631L,blocked_no_bear_cash_classifier,ready_for_00631L_base; blocked_for_stock_exception_unadjusted_ohlc
2018-10-26,2018-10-29,2018-11-05,00631L,etf,fallback_full_signal_aligned_00631L,hold_same_state_no_trade,adjusted_close,adjusted_close,1.3849999904632568,1.4745500087738037,0.0646570533770141,0.0,0.0646570533770141,2.7068502201569333,2.241171273430262,-0.2614356055098386,-0.2756613169370158,True,,benchmark_features_adjusted_close_exact_reference,True,False,False,False,False,False,False,False,True,False,base_00631L,00631L,blocked_no_bear_cash_classifier,ready_for_00631L_base; blocked_for_stock_exception_unadjusted_ohlc
2018-11-02,2018-11-05,2018-11-12,00631L,etf,fallback_full_signal_aligned_00631L,hold_same_state_no_trade,adjusted_close,adjusted_close,1.4745500087738037,1.4745500087738037,0.0,0.0,0.0,2.7068502201569333,2.241171273430262,-0.2614356055098386,-0.2756613169370158,True,,benchmark_features_adjusted_close_exact_reference,True,False,False,False,False,False,False,False,True,False,base_00631L,00631L,blocked_no_bear_cash_classifier,ready_for_00631L_base; blocked_for_stock_exception_unadjusted_ohlc
2018-11-09,2018-11-12,2018-11-19,3563,stock,available_proxy_stock_exception,base_00631L_to_stock_exception,unadjusted_close,unadjusted_close,366.5,393.0,0.07230559345156884,0.00385,0.06817721691678025,2.90257063170989,2.3939680934865737,-0.20803326866402894,-0.22627792142061565,True,,official_unadjusted_ohlcv_tpex_trading_stock,True,False,False,False,False,False,False,False,True,False,stock_exception,00631L,blocked_no_bear_cash_classifier,ready_for_00631L_base; blocked_for_stock_exception_unadjusted_ohlc
2018-11-16,2018-11-19,2018-11-26,00631L,etf,fallback_full_signal_aligned_00631L,stock_exception_to_base_00631L,adjusted_close,adjusted_close,1.465000033378601,1.450909972190857,-0.009617788987519305,0.00585,-0.01541152492194231,2.8746543198527337,2.357073394551471,-0.21565023757115365,-0.23820215851729887,True,,benchmark_features_adjusted_close_exact_reference,True,False,False,False,False,False,False,False,True,False,base_00631L,3563,blocked_no_bear_cash_classifier,ready_for_00631L_base; blocked_for_stock_exception_unadjusted_ohlc
2018-11-23,2018-11-26,2018-12-03,00631L,etf,fallback_full_signal_aligned_00631L,hold_same_state_no_trade,adjusted_close,adjusted_close,1.450909972190857,1.5627299547195437,0.07706886345252695,0.0,0.07706886345252695,3.0962006611026807,2.5387303621437423,-0.15520129283150297,-0.17949126469363874,True,,benchmark_features_adjusted_close_exact_reference,True,False,False,False,False,False,False,False,True,False,base_00631L,00631L,blocked_no_bear_cash_classifier,ready_for_00631L_base; blocked_for_stock_exception_unadjusted_ohlc
2018-11-30,2018-12-03,2018-12-10,00631L,etf,fallback_full_signal_aligned_00631L,hold_same_state_no_trade,adjusted_close,adjusted_close,1.5627299547195437,1.4049999713897705,-0.10093233501630827,0.0,-0.10093233501630827,2.7836938986985498,2.2824903787157766,-0.2404687989647778,-0.26230712724938776,True,,benchmark_features_adjusted_close_exact_reference,True,False,False,False,False,False,False,False,True,False,base_00631L,00631L,blocked_no_bear_cash_classifier,ready_for_00631L_base; blocked_for_stock_exception_unadjusted_ohlc
2018-12-07,2018-12-10,2018-12-17,00631L,etf,fallback_full_signal_aligned_00631L,hold_same_state_no_trade,adjusted_close,adjusted_close,1.4049999713897705,1.4563599824905396,0.03655516878763043,0.0,0.03655516878763043,2.8854522990185725,2.365927199765874,-0.21270400771146358,-0.23534063977255726,True,,benchmark_features_adjusted_close_exact_reference,True,False,False,False,False,False,False,False,True,False,base_00631L,00631L,blocked_no_bear_cash_classifier,ready_for_00631L_base; blocked_for_stock_exception_unadjusted_ohlc
2018-12-14,2018-12-17,2018-12-24,00631L,etf,fallback_full_signal_aligned_00631L,hold_same_state_no_trade,adjusted_close,adjusted_close,1.4563599824905396,1.415910005569458,-0.027774710516219714,0.0,-0.027774710516219714,2.805309696704971,2.3002142566899266,-0.23457092598785767,-0.2565788321463922,True,,benchmark_features_adjusted_close_exact_reference,True,False,False,False,False,False,False,False,True,False,base_00631L,00631L,blocked_no_bear_cash_classifier,ready_for_00631L_base; blocked_for_stock_exception_unadjusted_ohlc
2018-12-21,2018-12-24,2019-01-02,00631L,etf,fallback_full_signal_aligned_00631L,hold_same_state_no_trade,adjusted_close,adjusted_close,1.415910005569458,1.3849999904632568,-0.021830494158962876,0.0,-0.021830494158962876,2.744068399756971,2.249999442794894,-0.25128062091718006,-0.27280808360886977,True,,benchmark_features_adjusted_close_exact_reference,True,False,False,False,False,False,False,False,True,False,base_00631L,00631L,blocked_no_bear_cash_classifier,ready_for_00631L_base; blocked_for_stock_exception_unadjusted_ohlc
2018-12-28,2019-01-02,2019-01-07,00631L,etf,fallback_full_signal_aligned_00631L,hold_same_state_no_trade,adjusted_close,adjusted_close,1.3849999904632568,1.3940900564193726,0.006563224562243786,0.0,0.006563224562243786,2.762078336878733,2.2647666944028804,-0.24636660749815575,-0.2680353597617464,True,,benchmark_features_adjusted_close_exact_reference,True,False,False,False,False,False,False,False,True,False,base_00631L,00631L,blocked_no_bear_cash_classifier,ready_for_00631L_base; blocked_for_stock_exception_unadjusted_ohlc
2019-01-04,2019-01-07,2019-01-14,00631L,etf,fallback_full_signal_aligned_00631L,hold_same_state_no_trade,adjusted_close,adjusted_close,1.3940900564193726,1.4231799840927124,0.02086660581171884,0.0,0.02086660581171884,2.8197135367554695,2.312024688270495,-0.23064083657027146,-0.25276174214577807,True,,benchmark_features_adjusted_close_exact_reference,True,False,False,False,False,False,False,False,True,False,base_00631L,00631L,blocked_no_bear_cash_classifier,ready_for_00631L_base; blocked_for_stock_exception_unadjusted_ohlc
2019-01-11,2019-01-14,2019-01-21,00631L,etf,fallback_full_signal_aligned_00631L,hold_same_state_no_trade,adjusted_close,adjusted_close,1.4231799840927124,1.48363995552063,0.04248230870564229,0.0,0.04248230870564229,2.939501477685394,2.4102448348126684,-0.197956683083935,-0.22101733579894878,True,,benchmark_features_adjusted_close_exact_reference,True,False,False,False,False,False,False,False,True,False,base_00631L,00631L,blocked_no_bear_cash_classifier,ready_for_00631L_base; blocked_for_stock_exception_unadjusted_ohlc
2019-01-18,2019-01-21,2019-01-28,00631L,etf,fallback_full_signal_aligned_00631L,hold_same_state_no_trade,adjusted_close,adjusted_close,1.48363995552063,1.5222699642181396,0.02603732027690886,0.0,0.02603732027690886,3.016038219114335,2.473001151522451,-0.17707362436543717,-0.20073471468098625,True,,benchmark_features_adjusted_close_exact_reference,True,False,False,False,False,False,False,False,True,False,base_00631L,00631L,blocked_no_bear_cash_classifier,ready_for_00631L_base; blocked_for_stock_exception_unadjusted_ohlc
2019-01-25,2019-01-28,2019-02-11,00631L,etf,fallback_full_signal_aligned_00631L,hold_same_state_no_trade,adjusted_close,adjusted_close,1.5222699642181396,1.5236400365829468,0.0009000193112993493,0.0,0.0009000193112993493,3.018752711755155,2.4752269003156866,-0.1763329747355884,-0.20001536048934798,True,,benchmark_features_adjusted_close_exact_reference,True,False,False,False,False,False,False,False,True,False,base_00631L,00631L,blocked_no_bear_cash_classifier,ready_for_00631L_base; blocked_for_stock_exception_unadjusted_ohlc
2019-01-30,2019-02-11,2019-02-18,00631L,etf,fallback_full_signal_aligned_00631L,hold_same_state_no_trade,adjusted_close,adjusted_close,1.5236400365829468,1.5590900182724,0.02326663833864351,0.0,0.02326663833864351,3.0889889393333614,2.5328171094114134,-0.15716901194729505,-0.18140240720538348,True,,benchmark_features_adjusted_close_exact_reference,True,False,False,False,False,False,False,False,True,False,base_00631L,00631L,blocked_no_bear_cash_classifier,ready_for_00631L_base; blocked_for_stock_exception_unadjusted_ohlc
2019-02-15,2019-02-18,2019-02-25,00631L,etf,fallback_full_signal_aligned_00631L,hold_same_state_no_trade,adjusted_close,adjusted_close,1.5590900182724,1.6322699785232544,0.04693761065313207,0.0,0.04693761065313207,3.2339786994796222,2.6517014927485576,-0.11760853918368253,-0.14297939211319866,True,,benchmark_features_adjusted_close_exact_reference,True,False,False,False,False,False,False,False,True,False,base_00631L,00631L,blocked_no_bear_cash_classifier,ready_for_00631L_base; blocked_for_stock_exception_unadjusted_ohlc
2019-02-22,2019-02-25,2019-03-04,00631L,etf,fallback_full_signal_aligned_00631L,hold_same_state_no_trade,adjusted_close,adjusted_close,1.6322699785232544,1.6109100580215454,-0.013086021787298785,0.0,-0.013086021787298785,3.1916587837585717,2.617001269241037,-0.12915553306485128,-0.15419438246016948,True,,benchmark_features_adjusted_close_exact_reference,True,False,False,False,False,False,False,False,True,False,base_00631L,00631L,blocked_no_bear_cash_classifier,ready_for_00631L_base; blocked_for_stock_exception_unadjusted_ohlc
2019-02-27,2019-03-04,2019-03-11,00631L,etf,fallback_full_signal_aligned_00631L,hold_same_state_no_trade,adjusted_close,adjusted_close,1.6109100580215454,1.581820011138916,-0.018058144672804755,0.0,-0.018058144672804755,3.1340233476952313,2.569743081712169,-0.14488136843627775,-0.16946806266677472,True,,benchmark_features_adjusted_close_exact_reference,True,False,False,False,False,False,False,False,True,False,base_00631L,00631L,blocked_no_bear_cash_classifier,ready_for_00631L_base; blocked_for_stock_exception_unadjusted_ohlc
2019-03-08,2019-03-11,2019-03-18,00631L,etf,fallback_full_signal_aligned_00631L,hold_same_state_no_trade,adjusted_close,adjusted_close,1.581820011138916,1.6590900421142578,0.048848813664778,0.0,0.048848813664778,3.2871166702278596,2.6952719826770792,-0.10310983774174143,-0.12889756281733677,True,,benchmark_features_adjusted_close_exact_reference,True,False,False,False,False,False,False,False,True,False,base_00631L,00631L,blocked_no_bear_cash_classifier,ready_for_00631L_base; blocked_for_stock_exception_unadjusted_ohlc
2019-03-15,2019-03-18,2019-03-25,00631L,etf,fallback_full_signal_aligned_00631L,hold_same_state_no_trade,adjusted_close,adjusted_close,1.6590900421142578,1.6554499864578247,-0.0021940072955861645,0.0,-0.0021940072955861645,3.2799047122719367,2.6893585362834966,-0.10507762130107556,-0.13080876791971852,True,,benchmark_features_adjusted_close_exact_reference,True,False,False,False,False,False,False,False,True,False,base_00631L,00631L,blocked_no_bear_cash_classifier,ready_for_00631L_base; blocked_for_stock_exception_unadjusted_ohlc
2019-03-22,2019-03-25,2019-04-01,00631L,etf,fallback_full_signal_aligned_00631L,hold_same_state_no_trade,adjusted_close,adjusted_close,1.6554499864578247,1.7190899848937988,0.03844271887195161,0.0,0.03844271887195161,3.4059931670525962,2.7927447904397265,-0.07067437188453451,-0.09739469373889098,True,,benchmark_features_adjusted_close_exact_reference,True,False,False,False,False,False,False,False,True,False,base_00631L,00631L,blocked_no_bear_cash_classifier,ready_for_00631L_base; blocked_for_stock_exception_unadjusted_ohlc
2019-03-29,2019-04-01,2019-04-08,00631L,etf,fallback_full_signal_aligned_00631L,hold_same_state_no_trade,adjusted_close,adjusted_close,1.7190899848937988,1.76364004611969,0.02591490940984298,0.0,0.02591490940984298,3.4942591714273084,2.865118518688783,-0.04659098241967685,-0.07400375899429068,True,,benchmark_features_adjusted_close_exact_reference,True,False,False,False,False,False,False,False,True,False,base_00631L,00631L,blocked_no_bear_cash_classifier,ready_for_00631L_base; blocked_for_stock_exception_unadjusted_ohlc
2019-04-03,2019-04-08,2019-04-15,00631L,etf,fallback_full_signal_aligned_00631L,hold_same_state_no_trade,adjusted_close,adjusted_close,1.76364004611969,1.804550051689148,0.02319634647640667,0.0,0.02319634647640667,3.575313217846098,2.931578800544257,-0.024475376514153213,-0.05252402935207201,True,,benchmark_features_adjusted_close_exact_reference,True,False,False,False,False,False,False,False,True,False,base_00631L,00631L,blocked_no_bear_cash_classifier,ready_for_00631L_base; blocked_for_stock_exception_unadjusted_ohlc
2019-04-12,2019-04-15,2019-04-22,00631L,etf,fallback_full_signal_aligned_00631L,hold_same_state_no_trade,adjusted_close,adjusted_close,1.804550051689148,1.838639974594116,0.01889109303067449,0.0,0.01889109303067449,3.6428547924582286,2.986959528392092,-0.006046650098168405,-0.03462517264623344,True,,benchmark_features_adjusted_close_exact_reference,True,False,False,False,False,False,False,False,True,False,base_00631L,00631L,blocked_no_bear_cash_classifier,ready_for_00631L_base; blocked_for_stock_exception_unadjusted_ohlc
2019-04-19,2019-04-22,2019-04-29,00631L,etf,fallback_full_signal_aligned_00631L,hold_same_state_no_trade,adjusted_close,adjusted_close,1.838639974594116,1.8290899991989136,-0.005194043166232509,0.0,-0.005194043166232509,3.623933647417884,2.971445131665834,-0.011209286702779875,-0.039639371171103166,True,,benchmark_features_adjusted_close_exact_reference,True,False,False,False,False,False,False,False,True,False,base_00631L,00631L,blocked_no_bear_cash_classifier,ready_for_00631L_base; blocked_for_stock_exception_unadjusted_ohlc
2019-04-26,2019-04-29,2019-05-06,00631L,etf,fallback_full_signal_aligned_00631L,hold_same_state_no_trade,adjusted_close,adjusted_close,1.8290899991989136,1.806820034980774,-0.012175433810197034,0.0,-0.012175433810197034,3.5798106831612015,2.935266498144604,-0.023248242584667622,-0.051332178441328646,True,,benchmark_features_adjusted_close_exact_reference,True,False,False,False,False,False,False,False,True,False,base_00631L,00631L,blocked_no_bear_cash_classifier,ready_for_00631L_base; blocked_for_stock_exception_unadjusted_ohlc
2019-05-03,2019-05-06,2019-05-13,00631L,etf,fallback_full_signal_aligned_00631L,hold_same_state_no_trade,adjusted_close,adjusted_close,1.806820034980774,1.7159099578857422,-0.05031495961688248,0.0,-0.05031495961688248,3.399692653201861,2.7875786828256706,-0.0723934678147391,-0.099064361572889,True,,benchmark_features_adjusted_close_exact_reference,True,False,False,False,False,False,False,False,True,False,base_00631L,00631L,blocked_no_bear_cash_classifier,ready_for_00631L_base; blocked_for_stock_exception_unadjusted_ohlc
2019-05-10,2019-05-13,2019-05-20,00631L,etf,fallback_full_signal_aligned_00631L,hold_same_state_no_trade,adjusted_close,adjusted_close,1.7159099578857422,1.6568200588226318,-0.03443648006793898,0.0,-0.03443648006793898,3.2826192049127565,2.6915842850767326,-0.10433697167122691,-0.13008941372808014,True,,benchmark_features_adjusted_close_exact_reference,True,False,False,False,False,False,False,False,True,False,base_00631L,00631L,blocked_no_bear_cash_classifier,ready_for_00631L_base; blocked_for_stock_exception_unadjusted_ohlc
2019-05-17,2019-05-20,2019-05-27,00631L,etf,fallback_full_signal_aligned_00631L,hold_same_state_no_trade,adjusted_close,adjusted_close,1.6568200588226318,1.6172699928283691,-0.02387106902989078,0.0,-0.02387106902989078,3.204259575273439,2.6273332908078966,-0.12571740564798395,-0.15085510938280988,True,,benchmark_features_adjusted_close_exact_reference,True,False,False,False,False,False,False,False,True,False,base_00631L,00631L,blocked_no_bear_cash_classifier,ready_for_00631L_base; blocked_for_stock_exception_unadjusted_ohlc
2019-05-24,2019-05-27,2019-06-03,2633,stock,available_proxy_stock_exception,base_00631L_to_stock_exception,unadjusted_close,unadjusted_close,43.05,45.35,0.05342624854819977,0.00385,0.04937055749128927,3.375451143754947,2.7570462000905063,-0.07900776646076824,-0.10893235274215929,True,,official_unadjusted_ohlcv_twse_stock_day,True,False,False,False,False,False,False,False,True,False,stock_exception,00631L,blocked_no_bear_cash_classifier,ready_for_00631L_base; blocked_for_stock_exception_unadjusted_ohlc
2019-05-31,2019-06-03,2019-06-10,00631L,etf,fallback_full_signal_aligned_00631L,stock_exception_to_base_00631L,adjusted_close,adjusted_close,1.6640900373458862,1.686360001564026,0.013382667835484918,0.00585,0.007454379228647223,3.4206236852067273,2.777598268016882,-0.06668243332025126,-0.10228999658112092,True,,benchmark_features_adjusted_close_exact_reference,True,False,False,False,False,False,False,False,True,False,base_00631L,2633,blocked_no_bear_cash_classifier,ready_for_00631L_base; blocked_for_stock_exception_unadjusted_ohlc
2019-06-06,2019-06-10,2019-06-17,00631L,etf,fallback_full_signal_aligned_00631L,hold_same_state_no_trade,adjusted_close,adjusted_close,1.686360001564026,1.682729959487915,-0.0021525902374014416,0.0,-0.0021525902374014416,3.4132604840561274,2.7716192371017256,-0.06869148360268129,-0.10422239837049796,True,,benchmark_features_adjusted_close_exact_reference,True,False,False,False,False,False,False,False,True,False,base_00631L,00631L,blocked_no_bear_cash_classifier,ready_for_00631L_base; blocked_for_stock_exception_unadjusted_ohlc
2019-06-14,2019-06-17,2019-06-24,00631L,etf,fallback_full_signal_aligned_00631L,hold_same_state_no_trade,adjusted_close,adjusted_close,1.682729959487915,1.7754499912261963,0.05510095735533094,0.0,0.05510095735533094,3.6013344044307405,2.9243381104904826,-0.01737549275601613,-0.05486419494325012,True,,benchmark_features_adjusted_close_exact_reference,True,False,False,False,False,False,False,False,True,False,base_00631L,00631L,blocked_no_bear_cash_classifier,ready_for_00631L_base; blocked_for_stock_exception_unadjusted_ohlc
2019-06-21,2019-06-24,2019-07-01,00631L,etf,fallback_full_signal_aligned_00631L,hold_same_state_no_trade,adjusted_close,adjusted_close,1.7754499912261963,1.830000042915344,0.03072463429480954,0.0,0.03072463429480954,3.7119840869801908,3.014187329489677,0.0,-0.025825242973951057,True,,benchmark_features_adjusted_close_exact_reference,True,False,False,False,False,False,False,False,True,False,base_00631L,00631L,blocked_no_bear_cash_classifier,ready_for_00631L_base; blocked_for_stock_exception_unadjusted_ohlc
2019-06-28,2019-07-01,2019-07-08,00631L,etf,fallback_full_signal_aligned_00631L,hold_same_state_no_trade,adjusted_close,adjusted_close,1.830000042915344,1.787269949913025,-0.023349777049319842,0.0,-0.023349777049319842,3.62531008613858,2.9438067273612085,-0.023349777049319842,-0.04857200635758463,True,,benchmark_features_adjusted_close_exact_reference,True,False,False,False,False,False,False,False,True,False,base_00631L,00631L,blocked_no_bear_cash_classifier,ready_for_00631L_base; blocked_for_stock_exception_unadjusted_ohlc
2019-07-05,2019-07-08,2019-07-15,00631L,etf,fallback_full_signal_aligned_00631L,hold_same_state_no_trade,adjusted_close,adjusted_close,1.787269949913025,1.8531800508499143,0.03687752985501547,0.0,0.03687752985501547,3.759002567073844,3.0523670478368667,0.0,-0.013485692117139014,True,,benchmark_features_adjusted_close_exact_reference,True,False,False,False,False,False,False,False,True,False,base_00631L,00631L,blocked_no_bear_cash_classifier,ready_for_00631L_base; blocked_for_stock_exception_unadjusted_ohlc
2019-07-12,2019-07-15,2019-07-22,00631L,etf,fallback_full_signal_aligned_00631L,hold_same_state_no_trade,adjusted_close,adjusted_close,1.8531800508499143,1.8859100341796875,0.01766152366833551,0.0,0.01766152366833551,3.8253922798815525,3.106276500696685,0.0,0.0,True,,benchmark_features_adjusted_close_exact_reference,True,False,False,False,False,False,False,False,True,False,base_00631L,00631L,blocked_no_bear_cash_classifier,ready_for_00631L_base; blocked_for_stock_exception_unadjusted_ohlc
2019-07-19,2019-07-22,2019-07-29,00631L,etf,fallback_full_signal_aligned_00631L,hold_same_state_no_trade,adjusted_close,adjusted_close,1.8859100341796875,1.8863600492477417,0.0002386195841255212,0.0,0.0002386195841255212,3.8263050933964946,3.10701771910346,0.0,0.0,True,,benchmark_features_adjusted_close_exact_reference,True,False,False,False,False,False,False,False,True,False,base_00631L,00631L,blocked_no_bear_cash_classifier,ready_for_00631L_base; blocked_for_stock_exception_unadjusted_ohlc
2019-07-26,2019-07-29,2019-08-05,00631L,etf,fallback_full_signal_aligned_00631L,hold_same_state_no_trade,adjusted_close,adjusted_close,1.8863600492477417,1.7454500198364258,-0.07469943474868923,0.0,-0.07469943474868923,3.540482265743746,2.87492525173227,-0.07469943474868923,-0.07469943474868912,True,,benchmark_features_adjusted_close_exact_reference,True,False,False,False,False,False,False,False,True,False,base_00631L,00631L,blocked_no_bear_cash_classifier,ready_for_00631L_base; blocked_for_stock_exception_unadjusted_ohlc
2019-08-02,2019-08-05,2019-08-12,00631L,etf,fallback_full_signal_aligned_00631L,hold_same_state_no_trade,adjusted_close,adjusted_close,1.7454500198364258,1.7695499658584597,0.013807296541376912,0.0,0.013807296541376912,3.589366754286356,2.91462019721723,-0.06192353545436058,-0.06192353545436069,True,,benchmark_features_adjusted_close_exact_reference,True,False,False,False,False,False,False,False,True,False,base_00631L,00631L,blocked_no_bear_cash_classifier,ready_for_00631L_base; blocked_for_stock_exception_unadjusted_ohlc
2019-08-08,2019-08-12,2019-08-19,00631L,etf,fallback_full_signal_aligned_00631L,hold_same_state_no_trade,adjusted_close,adjusted_close,1.7695499658584597,1.7777299880981443,0.0046226568322507156,0.0,0.0046226568322507156,3.6059591650365115,2.928093486185312,-0.05758712987635517,-0.05758712987635517,True,,benchmark_features_adjusted_close_exact_reference,True,False,False,False,False,False,False,False,True,False,base_00631L,00631L,blocked_no_bear_cash_classifier,ready_for_00631L_base; blocked_for_stock_exception_unadjusted_ohlc
2019-08-16,2019-08-19,2019-08-26,00631L,etf,fallback_full_signal_aligned_00631L,hold_same_state_no_trade,adjusted_close,adjusted_close,1.7777299880981443,1.7327300310134888,-0.025313156320661223,0.0,-0.025313156320661223,3.5146809570060213,2.8539741980479936,-0.08144257417639789,-0.08144257417639789,True,,benchmark_features_adjusted_close_exact_reference,True,False,False,False,False,False,False,False,True,False,base_00631L,00631L,blocked_no_bear_cash_classifier,ready_for_00631L_base; blocked_for_stock_exception_unadjusted_ohlc
2019-08-23,2019-08-26,2019-09-02,00631L,etf,fallback_full_signal_aligned_00631L,hold_same_state_no_trade,adjusted_close,adjusted_close,1.7327300310134888,1.8290899991989136,0.055611645473162996,0.0,0.055611645473162996,3.7101381483383173,3.0126883993393934,-0.03036008426475456,-0.03036008426475456,True,,benchmark_features_adjusted_close_exact_reference,True,False,False,False,False,False,False,False,True,False,base_00631L,00631L,blocked_no_bear_cash_classifier,ready_for_00631L_base; blocked_for_stock_exception_unadjusted_ohlc
2019-08-30,2019-09-02,2019-09-10,00631L,etf,fallback_full_signal_aligned_00631L,hold_same_state_no_trade,adjusted_close,adjusted_close,1.8290899991989136,1.8781800270080569,0.026838497739664735,0.0,0.026838497739664735,3.809712682646339,3.093544430135378,-0.00433640557800552,-0.004336405578005409,True,,benchmark_features_adjusted_close_exact_reference,True,False,False,False,False,False,False,False,True,False,base_00631L,00631L,blocked_no_bear_cash_classifier,ready_for_00631L_base; blocked_for_stock_exception_unadjusted_ohlc
2019-09-06,2019-09-10,2019-09-16,00631L,etf,fallback_full_signal_aligned_00631L,hold_same_state_no_trade,adjusted_close,adjusted_close,1.8781800270080569,1.919999957084656,0.0222661989134334,0.0,0.0222661989134334,3.8945405030411724,3.1624259057643163,0.0,0.0,True,,benchmark_features_adjusted_close_exact_reference,True,False,False,False,False,False,False,False,True,False,base_00631L,00631L,blocked_no_bear_cash_classifier,ready_for_00631L_base; blocked_for_stock_exception_unadjusted_ohlc
2019-09-12,2019-09-16,2019-09-23,3661,stock,available_proxy_stock_exception,base_00631L_to_stock_exception,unadjusted_close,unadjusted_close,134.0,164.0,0.22388059701492535,0.00385,0.21916865671641794,4.7664525559608375,3.855530543495883,0.0,0.0,True,,official_unadjusted_ohlcv_twse_stock_day,True,False,False,False,False,False,False,False,True,False,stock_exception,00631L,blocked_no_bear_cash_classifier,ready_for_00631L_base; blocked_for_stock_exception_unadjusted_ohlc
2019-09-20,2019-09-23,2019-10-01,00631L,etf,fallback_full_signal_aligned_00631L,stock_exception_to_base_00631L,adjusted_close,adjusted_close,1.934999942779541,1.9777300357818604,0.022082736054730656,0.00585,0.01610355204881042,4.871708869671517,3.9176182802788473,0.0,0.0,True,,benchmark_features_adjusted_close_exact_reference,True,False,False,False,False,False,False,False,True,False,base_00631L,3661,blocked_no_bear_cash_classifier,ready_for_00631L_base; blocked_for_stock_exception_unadjusted_ohlc
2019-09-27,2019-10-01,2019-10-07,00631L,etf,fallback_full_signal_aligned_00631L,hold_same_state_no_trade,adjusted_close,adjusted_close,1.9777300357818604,1.957730054855347,-0.010112594016709053,0.0,-0.010112594016709053,4.822443255704928,3.878000997097949,-0.010112594016709053,-0.010112594016709053,True,,benchmark_features_adjusted_close_exact_reference,True,False,False,False,False,False,False,False,True,False,base_00631L,00631L,blocked_no_bear_cash_classifier,ready_for_00631L_base; blocked_for_stock_exception_unadjusted_ohlc
2019-10-04,2019-10-07,2019-10-14,00631L,etf,fallback_full_signal_aligned_00631L,hold_same_state_no_trade,adjusted_close,adjusted_close,1.957730054855347,2.025909900665283,0.0348259688003687,0.0,0.0348259688003687,4.990389514069657,4.013056138830681,0.0,0.0,True,,benchmark_features_adjusted_close_exact_reference,True,False,False,False,False,False,False,False,True,False,base_00631L,00631L,blocked_no_bear_cash_classifier,ready_for_00631L_base; blocked_for_stock_exception_unadjusted_ohlc
2019-10-09,2019-10-14,2019-10-21,00631L,etf,fallback_full_signal_aligned_00631L,hold_same_state_no_trade,adjusted_close,adjusted_close,2.025909900665283,2.062269926071167,0.017947503684119237,0.0,0.017947503684119237,5.079954548258612,4.085080478666922,0.0,0.0,True,,benchmark_features_adjusted_close_exact_reference,True,False,False,False,False,False,False,False,True,False,base_00631L,00631L,blocked_no_bear_cash_classifier,ready_for_00631L_base; blocked_for_stock_exception_unadjusted_ohlc
2019-10-18,2019-10-21,2019-10-28,00631L,etf,fallback_full_signal_aligned_00631L,hold_same_state_no_trade,adjusted_close,adjusted_close,2.062269926071167,2.1181800365448,0.02711095660505869,0.0,0.02711095660505869,5.217676975572122,4.195830918252233,0.0,0.0,True,,benchmark_features_adjusted_close_exact_reference,True,False,False,False,False,False,False,False,True,False,base_00631L,00631L,blocked_no_bear_cash_classifier,ready_for_00631L_base; blocked_for_stock_exception_unadjusted_ohlc
2019-10-25,2019-10-28,2019-11-04,00631L,etf,fallback_full_signal_aligned_00631L,hold_same_state_no_trade,adjusted_close,adjusted_close,2.1181800365448,2.2300000190734863,0.05279059409467779,0.0,0.05279059409467779,5.493121242906696,4.417331325147586,0.0,0.0,True,,benchmark_features_adjusted_close_exact_reference,True,False,False,False,False,False,False,False,True,False,base_00631L,00631L,blocked_no_bear_cash_classifier,ready_for_00631L_base; blocked_for_stock_exception_unadjusted_ohlc
2019-11-01,2019-11-04,2019-11-11,00631L,etf,fallback_full_signal_aligned_00631L,hold_same_state_no_trade,adjusted_close,adjusted_close,2.2300000190734863,2.1863598823547363,-0.019569567867932736,0.0,-0.019569567867932736,5.38562323393685,4.330886059984965,-0.019569567867932736,-0.019569567867932736,True,,benchmark_features_adjusted_close_exact_reference,True,False,False,False,False,False,False,False,True,False,base_00631L,00631L,blocked_no_bear_cash_classifier,ready_for_00631L_base; blocked_for_stock_exception_unadjusted_ohlc
2019-11-08,2019-11-11,2019-11-18,00631L,etf,fallback_full_signal_aligned_00631L,hold_same_state_no_trade,adjusted_close,adjusted_close,2.1863598823547363,2.252269983291626,0.03014604387357478,0.0,0.03014604387357478,5.547978468233654,4.461445141160725,0.0,0.0,True,,benchmark_features_adjusted_close_exact_reference,True,False,False,False,False,False,False,False,True,False,base_00631L,00631L,blocked_no_bear_cash_classifier,ready_for_00631L_base; blocked_for_stock_exception_unadjusted_ohlc
2019-11-15,2019-11-18,2019-11-25,00631L,etf,fallback_full_signal_aligned_00631L,hold_same_state_no_trade,adjusted_close,adjusted_close,2.252269983291626,2.242729902267456,-0.004235762628345019,0.0,-0.004235762628345019,5.524478548375047,4.442547518563385,-0.004235762628345019,-0.004235762628345019,True,,benchmark_features_adjusted_close_exact_reference,True,False,False,False,False,False,False,False,True,False,base_00631L,00631L,blocked_no_bear_cash_classifier,ready_for_00631L_base; blocked_for_stock_exception_unadjusted_ohlc
2019-11-22,2019-11-25,2019-12-02,00631L,etf,fallback_full_signal_aligned_00631L,hold_same_state_no_trade,adjusted_close,adjusted_close,2.242729902267456,2.213639974594116,-0.012970767297448171,0.0,-0.012970767297448171,5.45282182268433,4.384924268492244,-0.01715158883441381,-0.01715158883441359,True,,benchmark_features_adjusted_close_exact_reference,True,False,False,False,False,False,False,False,True,False,base_00631L,00631L,blocked_no_bear_cash_classifier,ready_for_00631L_base; blocked_for_stock_exception_unadjusted_ohlc
2019-11-29,2019-12-02,2019-12-09,00631L,etf,fallback_full_signal_aligned_00631L,hold_same_state_no_trade,adjusted_close,adjusted_close,2.213639974594116,2.288640022277832,0.033880869764048915,0.0,0.033880869764048915,5.637568168705261,4.5334893165582475,0.0,0.0,True,,benchmark_features_adjusted_close_exact_reference,True,False,False,False,False,False,False,False,True,False,base_00631L,00631L,blocked_no_bear_cash_classifier,ready_for_00631L_base; blocked_for_stock_exception_unadjusted_ohlc
2019-12-06,2019-12-09,2019-12-16,8040,stock,available_proxy_stock_exception,base_00631L_to_stock_exception,unadjusted_close,unadjusted_close,23.6,26.0,0.10169491525423724,0.00385,0.09745338983050833,6.210880185861728,4.975293218217243,0.0,0.0,True,,official_unadjusted_ohlcv_tpex_trading_stock,True,False,False,False,False,False,False,False,True,False,stock_exception,00631L,blocked_no_bear_cash_classifier,ready_for_00631L_base; blocked_for_stock_exception_unadjusted_ohlc
2019-12-13,2019-12-16,2019-12-23,00631L,etf,fallback_full_signal_aligned_00631L,stock_exception_to_base_00631L,adjusted_close,adjusted_close,2.418179988861084,2.438640117645264,0.008460961912854392,0.00585,0.002561465285664255,6.263430206559606,4.9880372590817075,0.0,0.0,True,,benchmark_features_adjusted_close_exact_reference,True,False,False,False,False,False,False,False,True,False,base_00631L,8040,blocked_no_bear_cash_classifier,ready_for_00631L_base; blocked_for_stock_exception_unadjusted_ohlc
2019-12-20,2019-12-23,2019-12-30,00631L,etf,fallback_full_signal_aligned_00631L,hold_same_state_no_trade,adjusted_close,adjusted_close,2.438640117645264,2.463639974594116,0.01025155649985443,0.0,0.01025155649985443,6.327640115205047,5.039172404866562,0.0,0.0,True,,benchmark_features_adjusted_close_exact_reference,True,False,False,False,False,False,False,False,True,False,base_00631L,00631L,blocked_no_bear_cash_classifier,ready_for_00631L_base; blocked_for_stock_exception_unadjusted_ohlc
2019-12-27,2019-12-30,2020-01-06,00631L,etf,fallback_full_signal_aligned_00631L,hold_same_state_no_trade,adjusted_close,adjusted_close,2.463639974594116,2.415910005569458,-0.01937375976882405,0.0,-0.01937375976882405,6.20504993570949,4.94154468926099,-0.01937375976882405,-0.01937375976882405,True,,benchmark_features_adjusted_close_exact_reference,True,False,False,False,False,False,False,False,True,False,base_00631L,00631L,blocked_no_bear_cash_classifier,ready_for_00631L_base; blocked_for_stock_exception_unadjusted_ohlc
2020-01-03,2020-01-06,2020-01-13,00631L,etf,fallback_full_signal_aligned_00631L,hold_same_state_no_trade,adjusted_close,adjusted_close,2.415910005569458,2.4795498847961426,0.026341990835740514,0.0,0.026341990835740514,6.368503304251262,5.071714814179905,0.0,0.0,True,,benchmark_features_adjusted_close_exact_reference,True,False,False,False,False,False,False,False,True,False,base_00631L,00631L,blocked_no_bear_cash_classifier,ready_for_00631L_base; blocked_for_stock_exception_unadjusted_ohlc
2020-01-10,2020-01-13,2020-01-20,3260,stock,available_proxy_stock_exception,base_00631L_to_stock_exception,unadjusted_close,unadjusted_close,76.0,76.0,0.0,0.00385,-0.00385000000000002,6.368503304251262,5.052188712145312,0.0,-0.003850000000000131,True,,official_unadjusted_ohlcv_tpex_trading_stock,True,False,False,False,False,False,False,False,True,False,stock_exception,00631L,blocked_no_bear_cash_classifier,ready_for_00631L_base; blocked_for_stock_exception_unadjusted_ohlc
2020-01-17,2020-01-20,2020-01-30,00631L,etf,fallback_full_signal_aligned_00631L,stock_exception_to_base_00631L,adjusted_close,adjusted_close,2.481820106506348,2.193180084228516,-0.11630175028445144,0.00585,-0.12147138504528743,5.627835223274528,4.438492351770853,-0.11630175028445144,-0.12485372021286323,True,,benchmark_features_adjusted_close_exact_reference,True,False,False,False,False,False,False,False,True,False,base_00631L,3260,blocked_no_bear_cash_classifier,ready_for_00631L_base; blocked_for_stock_exception_unadjusted_ohlc
2020-01-20,2020-01-30,2020-02-03,00631L,etf,fallback_full_signal_aligned_00631L,hold_same_state_no_trade,adjusted_close,adjusted_close,2.193180084228516,2.177730083465576,-0.007044565502871025,0.0,-0.007044565502871025,5.588189569404806,4.407225101664811,-0.12252702048934505,-0.1310187455054177,True,,benchmark_features_adjusted_close_exact_reference,True,False,False,False,False,False,False,False,True,False,base_00631L,00631L,blocked_no_bear_cash_classifier,ready_for_00631L_base; blocked_for_stock_exception_unadjusted_ohlc
2020-01-31,2020-02-03,2020-02-10,00631L,etf,fallback_full_signal_aligned_00631L,hold_same_state_no_trade,adjusted_close,adjusted_close,2.177730083465576,2.261359930038452,0.038402301188671606,0.0,0.038402301188671606,5.802788908348482,4.576472687425217,-0.08883003884525587,-0.09764786564300709,True,,benchmark_features_adjusted_close_exact_reference,True,False,False,False,False,False,False,False,True,False,base_00631L,00631L,blocked_no_bear_cash_classifier,ready_for_00631L_base; blocked_for_stock_exception_unadjusted_ohlc
2020-02-07,2020-02-10,2020-02-17,00631L,etf,fallback_full_signal_aligned_00631L,hold_same_state_no_trade,adjusted_close,adjusted_close,2.261359930038452,2.338639974594116,0.03417414606543856,0.0,0.03417414606543856,6.00109426408929,4.7328697335097765,-0.057691583502313626,-0.06681075200103093,True,,benchmark_features_adjusted_close_exact_reference,True,False,False,False,False,False,False,False,True,False,base_00631L,00631L,blocked_no_bear_cash_classifier,ready_for_00631L_base; blocked_for_stock_exception_unadjusted_ohlc
2020-02-14,2020-02-17,2020-02-24,00631L,etf,fallback_full_signal_aligned_00631L,hold_same_state_no_trade,adjusted_close,adjusted_close,2.338639974594116,2.2368199825286865,-0.04353812180222438,0.0,-0.04353812180222438,5.73981789107274,4.526809474578166,-0.09871792211505104,-0.10744005914493637,True,,benchmark_features_adjusted_close_exact_reference,True,False,False,False,False,False,False,False,True,False,base_00631L,00631L,blocked_no_bear_cash_classifier,ready_for_00631L_base; blocked_for_stock_exception_unadjusted_ohlc
2020-02-21,2020-02-24,2020-03-02,3706,stock,available_proxy_stock_exception,base_00631L_to_stock_exception,unadjusted_close,unadjusted_close,35.1,34.5,-0.017094017094017144,0.00385,-0.02087820512820515,5.641701345926197,4.43229781779162,-0.11412445336094779,-0.12607510867932703,True,,official_unadjusted_ohlcv_twse_stock_day,True,False,False,False,False,False,False,False,True,False,stock_exception,00631L,blocked_no_bear_cash_classifier,ready_for_00631L_base; blocked_for_stock_exception_unadjusted_ohlc
2020-02-27,2020-03-02,2020-03-09,00631L,etf,fallback_full_signal_aligned_00631L,stock_exception_to_base_00631L,adjusted_close,adjusted_close,2.108180046081543,2.016819953918457,-0.04333600079978761,0.00585,-0.048932485195108844,5.397212571886977,4.2154144704422185,-0.15251475675861004,-0.16883842548551298,True,,benchmark_features_adjusted_close_exact_reference,True,False,False,False,False,False,False,False,True,False,base_00631L,3706,blocked_no_bear_cash_classifier,ready_for_00631L_base; blocked_for_stock_exception_unadjusted_ohlc
2020-03-06,2020-03-09,2020-03-16,00631L,etf,fallback_full_signal_aligned_00631L,hold_same_state_no_trade,adjusted_close,adjusted_close,2.016819953918457,1.5740900039672852,-0.21951882670091438,0.0,-0.21951882670091438,4.212422800650923,3.2900516318326862,-0.33855372300129905,-0.3512940391218179,True,,benchmark_features_adjusted_close_exact_reference,True,False,False,False,False,False,False,False,True,False,base_00631L,00631L,blocked_no_bear_cash_classifier,ready_for_00631L_base; blocked_for_stock_exception_unadjusted_ohlc
2020-03-13,2020-03-16,2020-03-23,00631L,etf,fallback_full_signal_aligned_00631L,hold_same_state_no_trade,adjusted_close,adjusted_close,1.5740900039672852,1.2840900421142578,-0.18423340541018673,0.0,-0.18423340541018673,3.436353803059487,2.6839142157248084,-0.4604142231086594,-0.47080734740429275,True,,benchmark_features_adjusted_close_exact_reference,True,False,False,False,False,False,False,False,True,False,base_00631L,00631L,blocked_no_bear_cash_classifier,ready_for_00631L_base; blocked_for_stock_exception_unadjusted_ohlc
2020-03-20,2020-03-23,2020-03-30,00631L,etf,fallback_full_signal_aligned_00631L,hold_same_state_no_trade,adjusted_close,adjusted_close,1.2840900421142578,1.5318200588226318,0.19292262114305148,0.0,0.19292262114305148,4.099304185920617,3.201701981145536,-0.3563159206992721,-0.3687141137758846,True,,benchmark_features_adjusted_close_exact_reference,True,False,False,False,False,False,False,False,True,False,base_00631L,00631L,blocked_no_bear_cash_classifier,ready_for_00631L_base; blocked_for_stock_exception_unadjusted_ohlc
2020-03-27,2020-03-30,2020-04-06,00631L,etf,fallback_full_signal_aligned_00631L,hold_same_state_no_trade,adjusted_close,adjusted_close,1.5318200588226318,1.6050000190734863,0.04777320928092643,0.0,0.04777320928092643,4.29514110270078,3.3546575599459585,-0.32556506646803796,-0.33855556101720485,True,,benchmark_features_adjusted_close_exact_reference,True,False,False,False,False,False,False,False,True,False,base_00631L,00631L,blocked_no_bear_cash_classifier,ready_for_00631L_base; blocked_for_stock_exception_unadjusted_ohlc
2020-04-01,2020-04-06,2020-04-13,00631L,etf,fallback_full_signal_aligned_00631L,hold_same_state_no_trade,adjusted_close,adjusted_close,1.6050000190734863,1.6940900087356567,0.05550778106133558,0.0,0.05550778106133558,4.533554854657039,3.540867157319193,-0.2881286798374294,-0.30184024791390984,True,,benchmark_features_adjusted_close_exact_reference,True,False,False,False,False,False,False,False,True,False,base_00631L,00631L,blocked_no_bear_cash_classifier,ready_for_00631L_base; blocked_for_stock_exception_unadjusted_ohlc
2020-04-10,2020-04-13,2020-04-20,00631L,etf,fallback_full_signal_aligned_00631L,hold_same_state_no_trade,adjusted_close,adjusted_close,1.6940900087356567,1.8763600587844849,0.10759171538049572,0.0,0.10759171538049572,5.021327798241164,3.921835128709625,-0.21153722337096026,-0.2267240425773458,True,,benchmark_features_adjusted_close_exact_reference,True,False,False,False,False,False,False,False,True,False,base_00631L,00631L,blocked_no_bear_cash_classifier,ready_for_00631L_base; blocked_for_stock_exception_unadjusted_ohlc
2020-04-17,2020-04-20,2020-04-27,6415,stock,available_proxy_stock_exception,base_00631L_to_stock_exception,unadjusted_close,unadjusted_close,1230.0,1210.0,-0.016260162601625994,0.00385,-0.02004756097560978,4.9396801917656985,3.8432118998305302,-0.2243577563242779,-0.24222633948474948,True,,official_unadjusted_ohlcv_twse_stock_day,True,False,False,False,False,False,False,False,True,False,stock_exception,00631L,blocked_no_bear_cash_classifier,ready_for_00631L_base; blocked_for_stock_exception_unadjusted_ohlc
2020-04-24,2020-04-27,2020-05-04,00631L,etf,fallback_full_signal_aligned_00631L,stock_exception_to_base_00631L,adjusted_close,adjusted_close,1.889549970626831,1.917269945144653,0.014670146304003984,0.00585,0.00873432594812562,5.012146022873892,3.8767797652513654,-0.2129789711299892,-0.23560769733890496,True,,benchmark_features_adjusted_close_exact_reference,True,False,False,False,False,False,False,False,True,False,base_00631L,6415,blocked_no_bear_cash_classifier,ready_for_00631L_base; blocked_for_stock_exception_unadjusted_ohlc
2020-04-30,2020-05-04,2020-05-11,00631L,etf,fallback_full_signal_aligned_00631L,hold_same_state_no_trade,adjusted_close,adjusted_close,1.917269945144653,2.0395500659942627,0.06377824946313648,0.0,0.06377824946313648,5.33181192226641,4.1240339922332065,-0.16278414761798332,-0.18685609437208428,True,,benchmark_features_adjusted_close_exact_reference,True,False,False,False,False,False,False,False,True,False,base_00631L,00631L,blocked_no_bear_cash_classifier,ready_for_00631L_base; blocked_for_stock_exception_unadjusted_ohlc
2020-05-08,2020-05-11,2020-05-18,00631L,etf,fallback_full_signal_aligned_00631L,hold_same_state_no_trade,adjusted_close,adjusted_close,2.0395500659942627,1.9495500326156616,-0.04412739597776283,0.0,-0.04412739597776283,5.096532946293603,3.942051111232178,-0.19972830305490485,-0.2227380174826319,True,,benchmark_features_adjusted_close_exact_reference,True,False,False,False,False,False,False,False,True,False,base_00631L,00631L,blocked_no_bear_cash_classifier,ready_for_00631L_base; blocked_for_stock_exception_unadjusted_ohlc
2020-05-15,2020-05-18,2020-05-25,00631L,etf,fallback_full_signal_aligned_00631L,hold_same_state_no_trade,adjusted_close,adjusted_close,1.9495500326156616,1.9931800365448,0.022379525120779453,0.0,0.022379525120779453,5.210590933394061,4.030272343103395,-0.1818186025096732,-0.20534326341945774,True,,benchmark_features_adjusted_close_exact_reference,True,False,False,False,False,False,False,False,True,False,base_00631L,00631L,blocked_no_bear_cash_classifier,ready_for_00631L_base; blocked_for_stock_exception_unadjusted_ohlc
2020-05-22,2020-05-25,2020-06-01,00631L,etf,fallback_full_signal_aligned_00631L,hold_same_state_no_trade,adjusted_close,adjusted_close,1.9931800365448,2.0709099769592285,0.03899795251269644,0.0,0.03899795251269644,5.41379331117765,4.187444712552975,-0.14991120322357376,-0.17435327774239529,True,,benchmark_features_adjusted_close_exact_reference,True,False,False,False,False,False,False,False,True,False,base_00631L,00631L,blocked_no_bear_cash_classifier,ready_for_00631L_base; blocked_for_stock_exception_unadjusted_ohlc
2020-05-29,2020-06-01,2020-06-08,00631L,etf,fallback_full_signal_aligned_00631L,hold_same_state_no_trade,adjusted_close,adjusted_close,2.0709099769592285,2.2704501152038574,0.09635384466958774,0.0,0.09635384466958774,5.935433110956114,4.590921109948791,-0.06800187934362123,-0.09479904171403175,True,,benchmark_features_adjusted_close_exact_reference,True,False,False,False,False,False,False,False,True,False,base_00631L,00631L,blocked_no_bear_cash_classifier,ready_for_00631L_base; blocked_for_stock_exception_unadjusted_ohlc
2020-06-05,2020-06-08,2020-06-15,00631L,etf,fallback_full_signal_aligned_00631L,hold_same_state_no_trade,adjusted_close,adjusted_close,2.2704501152038574,2.146820068359375,-0.05445177853351868,0.0,-0.05445177853351868,5.612238221697818,4.340937290405004,-0.11875083460325808,-0.14408884382294807,True,,benchmark_features_adjusted_close_exact_reference,True,False,False,False,False,False,False,False,True,False,base_00631L,00631L,blocked_no_bear_cash_classifier,ready_for_00631L_base; blocked_for_stock_exception_unadjusted_ohlc
2020-06-12,2020-06-15,2020-06-22,00631L,etf,fallback_full_signal_aligned_00631L,hold_same_state_no_trade,adjusted_close,adjusted_close,2.146820068359375,2.279550075531006,0.061826330547144925,0.0,0.061826330547144925,5.959222317101828,4.6093215142060115,-0.0642664324090435,-0.09117099776215676,True,,benchmark_features_adjusted_close_exact_reference,True,False,False,False,False,False,False,False,True,False,base_00631L,00631L,blocked_no_bear_cash_classifier,ready_for_00631L_base; blocked_for_stock_exception_unadjusted_ohlc
2020-06-19,2020-06-22,2020-06-29,00631L,etf,fallback_full_signal_aligned_00631L,hold_same_state_no_trade,adjusted_close,adjusted_close,2.279550075531006,2.259550094604492,-0.00877365281034892,0.0,-0.00877365281034892,5.906938169471894,4.568880927549096,-0.07247623385407576,-0.09914474789176742,True,,benchmark_features_adjusted_close_exact_reference,True,False,False,False,False,False,False,False,True,False,base_00631L,00631L,blocked_no_bear_cash_classifier,ready_for_00631L_base; blocked_for_stock_exception_unadjusted_ohlc
2020-06-24,2020-06-29,2020-07-06,00631L,etf,fallback_full_signal_aligned_00631L,hold_same_state_no_trade,adjusted_close,adjusted_close,2.259550094604492,2.543179988861084,0.1255249418607105,0.0,0.1255249418607105,6.648406239769665,5.1423894403482056,0.0,0.0,True,,benchmark_features_adjusted_close_exact_reference,True,False,False,False,False,False,False,False,True,False,base_00631L,00631L,blocked_no_bear_cash_classifier,ready_for_00631L_base; blocked_for_stock_exception_unadjusted_ohlc
2020-07-03,2020-07-06,2020-07-13,00631L,etf,fallback_full_signal_aligned_00631L,hold_same_state_no_trade,adjusted_close,adjusted_close,2.543179988861084,2.613640069961548,0.027705503113846897,0.0,0.027705503113846897,6.832603679547723,5.284861927000386,0.0,0.0,True,,benchmark_features_adjusted_close_exact_reference,True,False,False,False,False,False,False,False,True,False,base_00631L,00631L,blocked_no_bear_cash_classifier,ready_for_00631L_base; blocked_for_stock_exception_unadjusted_ohlc
2020-07-10,2020-07-13,2020-07-20,00631L,etf,fallback_full_signal_aligned_00631L,hold_same_state_no_trade,adjusted_close,adjusted_close,2.613640069961548,2.625,0.004346401851200277,0.0,0.004346401851200277,6.862300920829027,5.307832060663238,0.0,0.0,True,,benchmark_features_adjusted_close_exact_reference,True,False,False,False,False,False,False,False,True,False,base_00631L,00631L,blocked_no_bear_cash_classifier,ready_for_00631L_base; blocked_for_stock_exception_unadjusted_ohlc
2020-07-17,2020-07-20,2020-07-27,00631L,etf,fallback_full_signal_aligned_00631L,hold_same_state_no_trade,adjusted_close,adjusted_close,2.625,2.8681800365448,0.09264001392182841,0.0,0.09264001392182841,7.498024573670404,5.799549696657808,0.0,0.0,True,,benchmark_features_adjusted_close_exact_reference,True,False,False,False,False,False,False,False,True,False,base_00631L,00631L,blocked_no_bear_cash_classifier,ready_for_00631L_base; blocked_for_stock_exception_unadjusted_ohlc
2020-07-24,2020-07-27,2020-08-03,00631L,etf,fallback_full_signal_aligned_00631L,hold_same_state_no_trade,adjusted_close,adjusted_close,2.8681800365448,2.82273006439209,-0.015846275887012262,0.0,-0.015846275887012262,7.379208807668425,5.70764843214413,-0.015846275887012262,-0.015846275887012262,True,,benchmark_features_adjusted_close_exact_reference,True,False,False,False,False,False,False,False,True,False,base_00631L,00631L,blocked_no_bear_cash_classifier,ready_for_00631L_base; blocked_for_stock_exception_unadjusted_ohlc
2020-07-31,2020-08-03,2020-08-10,00631L,etf,fallback_full_signal_aligned_00631L,hold_same_state_no_trade,adjusted_close,adjusted_close,2.82273006439209,3.025000095367432,0.07165758905781305,0.0,0.07165758905781305,7.907985119980124,6.116644757981185,0.0,0.0,True,,benchmark_features_adjusted_close_exact_reference,True,False,False,False,False,False,False,False,True,False,base_00631L,00631L,blocked_no_bear_cash_classifier,ready_for_00631L_base; blocked_for_stock_exception_unadjusted_ohlc
2020-08-07,2020-08-10,2020-08-17,00631L,etf,fallback_full_signal_aligned_00631L,hold_same_state_no_trade,adjusted_close,adjusted_close,3.025000095367432,3.0568199157714844,0.010518948562276753,0.0,0.010518948562276753,7.991168808688444,6.180985429564109,0.0,0.0,True,,benchmark_features_adjusted_close_exact_reference,True,False,False,False,False,False,False,False,True,False,base_00631L,00631L,blocked_no_bear_cash_classifier,ready_for_00631L_base; blocked_for_stock_exception_unadjusted_ohlc
2020-08-14,2020-08-17,2020-08-24,00631L,etf,fallback_full_signal_aligned_00631L,hold_same_state_no_trade,adjusted_close,adjusted_close,3.0568199157714844,2.900000095367432,-0.051301622184201756,0.0,-0.051301622184201756,7.581208885654932,5.863890850330556,-0.051301622184201756,-0.051301622184201645,True,,benchmark_features_adjusted_close_exact_reference,True,False,False,False,False,False,False,False,True,False,base_00631L,00631L,blocked_no_bear_cash_classifier,ready_for_00631L_base; blocked_for_stock_exception_unadjusted_ohlc
2020-08-21,2020-08-24,2020-08-31,00631L,etf,fallback_full_signal_aligned_00631L,hold_same_state_no_trade,adjusted_close,adjusted_close,2.900000095367432,2.872730016708374,-0.009403475090438929,0.0,-0.009403475090438929,7.509919176743261,5.808749898786419,-0.060222683748332506,-0.060222683748332395,True,,benchmark_features_adjusted_close_exact_reference,True,False,False,False,False,False,False,False,True,False,base_00631L,00631L,blocked_no_bear_cash_classifier,ready_for_00631L_base; blocked_for_stock_exception_unadjusted_ohlc
2020-08-28,2020-08-31,2020-09-07,00631L,etf,fallback_full_signal_aligned_00631L,hold_same_state_no_trade,adjusted_close,adjusted_close,2.872730016708374,2.884089946746826,0.003954402248864453,0.0,0.003954402248864453,7.539616418024565,5.8317200324492715,-0.05650642621551516,-0.05650642621551505,True,,benchmark_features_adjusted_close_exact_reference,True,False,False,False,False,False,False,False,True,False,base_00631L,00631L,blocked_no_bear_cash_classifier,ready_for_00631L_base; blocked_for_stock_exception_unadjusted_ohlc
2020-09-04,2020-09-07,2020-09-14,00631L,etf,fallback_full_signal_aligned_00631L,hold_same_state_no_trade,adjusted_close,adjusted_close,2.884089946746826,3.0272700786590576,0.04964482195631059,0.0,0.04964482195631059,7.9139193327162705,6.121234735159265,-0.009666855728061141,-0.009666855728061141,True,,benchmark_features_adjusted_close_exact_reference,True,False,False,False,False,False,False,False,True,False,base_00631L,00631L,blocked_no_bear_cash_classifier,ready_for_00631L_base; blocked_for_stock_exception_unadjusted_ohlc
2020-09-11,2020-09-14,2020-09-21,00631L,etf,fallback_full_signal_aligned_00631L,hold_same_state_no_trade,adjusted_close,adjusted_close,3.0272700786590576,2.9727299213409424,-0.01801628394592203,0.0,-0.01801628394592203,7.771339914892932,6.010952832070995,-0.027508978856322197,-0.027508978856322197,True,,benchmark_features_adjusted_close_exact_reference,True,False,False,False,False,False,False,False,True,False,base_00631L,00631L,blocked_no_bear_cash_classifier,ready_for_00631L_base; blocked_for_stock_exception_unadjusted_ohlc
2020-09-18,2020-09-21,2020-09-28,00631L,etf,fallback_full_signal_aligned_00631L,hold_same_state_no_trade,adjusted_close,adjusted_close,2.9727299213409424,2.845449924468994,-0.042815862940732474,0.0,-0.042815862940732474,7.438603290231033,5.7535886994698355,-0.06914702112870297,-0.06914702112870286,True,,benchmark_features_adjusted_close_exact_reference,True,False,False,False,False,False,False,False,True,False,base_00631L,00631L,blocked_no_bear_cash_classifier,ready_for_00631L_base; blocked_for_stock_exception_unadjusted_ohlc
2020-09-25,2020-09-28,2020-10-05,00631L,etf,fallback_full_signal_aligned_00631L,hold_same_state_no_trade,adjusted_close,adjusted_close,2.845449924468994,2.8954501152038574,0.017571980552142152,0.0,0.017571980552142152,7.569314282582073,5.854690648201944,-0.052790090687072966,-0.052790090687072855,True,,benchmark_features_adjusted_close_exact_reference,True,False,False,False,False,False,False,False,True,False,base_00631L,00631L,blocked_no_bear_cash_classifier,ready_for_00631L_base; blocked_for_stock_exception_unadjusted_ohlc
2020-09-30,2020-10-05,2020-10-12,00631L,etf,fallback_full_signal_aligned_00631L,hold_same_state_no_trade,adjusted_close,adjusted_close,2.8954501152038574,3.075000047683716,0.06201106057294892,0.0,0.06201106057294892,8.038695489054957,6.217746224623473,0.0,0.0,True,,benchmark_features_adjusted_close_exact_reference,True,False,False,False,False,False,False,False,True,False,base_00631L,00631L,blocked_no_bear_cash_classifier,ready_for_00631L_base; blocked_for_stock_exception_unadjusted_ohlc
2020-10-08,2020-10-12,2020-10-19,00631L,etf,fallback_full_signal_aligned_00631L,hold_same_state_no_trade,adjusted_close,adjusted_close,3.075000047683716,3.0704500675201416,-0.0014796683229327812,0.0,-0.0014796683229327812,8.0268008859821,6.208546022494862,-0.0014796683229327812,-0.0014796683229328922,True,,benchmark_features_adjusted_close_exact_reference,True,False,False,False,False,False,False,False,True,False,base_00631L,00631L,blocked_no_bear_cash_classifier,ready_for_00631L_base; blocked_for_stock_exception_unadjusted_ohlc
2020-10-16,2020-10-19,2020-10-26,00631L,etf,fallback_full_signal_aligned_00631L,hold_same_state_no_trade,adjusted_close,adjusted_close,3.0704500675201416,3.077270030975342,0.0022211608413187367,0.0,0.0022211608413187367,8.044629701791106,6.222336201801553,0.0,0.0,True,,benchmark_features_adjusted_close_exact_reference,True,False,False,False,False,False,False,False,True,False,base_00631L,00631L,blocked_no_bear_cash_classifier,ready_for_00631L_base; blocked_for_stock_exception_unadjusted_ohlc
2020-10-23,2020-10-26,2020-11-02,00631L,etf,fallback_full_signal_aligned_00631L,hold_same_state_no_trade,adjusted_close,adjusted_close,3.077270030975342,2.909090042114258,-0.054652333779034445,0.0,-0.054652333779034445,7.604971914200084,5.8822710068153246,-0.054652333779034445,-0.054652333779034445,True,,benchmark_features_adjusted_close_exact_reference,True,False,False,False,False,False,False,False,True,False,base_00631L,00631L,blocked_no_bear_cash_classifier,ready_for_00631L_base; blocked_for_stock_exception_unadjusted_ohlc
2020-10-30,2020-11-02,2020-11-09,00631L,etf,fallback_full_signal_aligned_00631L,hold_same_state_no_trade,adjusted_close,adjusted_close,2.909090042114258,3.209089994430542,0.10312501434237187,0.0,0.10312501434237187,8.389234751925303,6.488880288758873,0.0,0.0,True,,benchmark_features_adjusted_close_exact_reference,True,False,False,False,False,False,False,False,True,False,base_00631L,00631L,blocked_no_bear_cash_classifier,ready_for_00631L_base; blocked_for_stock_exception_unadjusted_ohlc
2020-11-06,2020-11-09,2020-11-16,00631L,etf,fallback_full_signal_aligned_00631L,hold_same_state_no_trade,adjusted_close,adjusted_close,3.209089994430542,3.468179941177368,0.08073626704033954,0.0,0.08073626704033954,9.06655024912084,7.012768260544905,0.0,0.0,True,,benchmark_features_adjusted_close_exact_reference,True,False,False,False,False,False,False,False,True,False,base_00631L,00631L,blocked_no_bear_cash_classifier,ready_for_00631L_base; blocked_for_stock_exception_unadjusted_ohlc
2020-11-13,2020-11-16,2020-11-23,00631L,etf,fallback_full_signal_aligned_00631L,hold_same_state_no_trade,adjusted_close,adjusted_close,3.468179941177368,3.606820106506348,0.03997490547791904,0.0,0.03997490547791904,9.42898473834025,7.293103008898738,0.0,0.0,True,,benchmark_features_adjusted_close_exact_reference,True,False,False,False,False,False,False,False,True,False,base_00631L,00631L,blocked_no_bear_cash_classifier,ready_for_00631L_base; blocked_for_stock_exception_unadjusted_ohlc
2020-11-20,2020-11-23,2020-11-30,00631L,etf,fallback_full_signal_aligned_00631L,hold_same_state_no_trade,adjusted_close,adjusted_close,3.606820106506348,3.5136399269104004,-0.025834440544417414,0.0,-0.025834440544417414,9.185392192723379,7.104689772831032,-0.025834440544417414,-0.025834440544417414,True,,benchmark_features_adjusted_close_exact_reference,True,False,False,False,False,False,False,False,True,False,base_00631L,00631L,blocked_no_bear_cash_classifier,ready_for_00631L_base; blocked_for_stock_exception_unadjusted_ohlc
2020-11-27,2020-11-30,2020-12-07,00631L,etf,fallback_full_signal_aligned_00631L,hold_same_state_no_trade,adjusted_close,adjusted_close,3.5136399269104004,3.784090042114258,0.07697149418542404,0.0,0.07697149418542404,9.892405554476426,7.651548360369737,0.0,0.0,True,,benchmark_features_adjusted_close_exact_reference,True,False,False,False,False,False,False,False,True,False,base_00631L,00631L,blocked_no_bear_cash_classifier,ready_for_00631L_base; blocked_for_stock_exception_unadjusted_ohlc
2020-12-04,2020-12-07,2020-12-14,00631L,etf,fallback_full_signal_aligned_00631L,hold_same_state_no_trade,adjusted_close,adjusted_close,3.784090042114258,3.79544997215271,0.003002024241501644,0.0,0.003002024241501644,9.922102795757729,7.674518494032589,0.0,0.0,True,,benchmark_features_adjusted_close_exact_reference,True,False,False,False,False,False,False,False,True,False,base_00631L,00631L,blocked_no_bear_cash_classifier,ready_for_00631L_base; blocked_for_stock_exception_unadjusted_ohlc
2020-12-11,2020-12-14,2020-12-21,00631L,etf,fallback_full_signal_aligned_00631L,hold_same_state_no_trade,adjusted_close,adjusted_close,3.79544997215271,3.8818199634552,0.02275619279299912,0.0,0.02275619279299912,10.147892079889948,7.8491613164762315,0.0,0.0,True,,benchmark_features_adjusted_close_exact_reference,True,False,False,False,False,False,False,False,True,False,base_00631L,00631L,blocked_no_bear_cash_classifier,ready_for_00631L_base; blocked_for_stock_exception_unadjusted_ohlc
2020-12-18,2020-12-21,2020-12-28,00631L,etf,fallback_full_signal_aligned_00631L,hold_same_state_no_trade,adjusted_close,adjusted_close,3.8818199634552,3.961359977722168,0.020490392397325197,0.0,0.020490392397325197,10.3558263706126,8.009993711840735,0.0,0.0,True,,benchmark_features_adjusted_close_exact_reference,True,False,False,False,False,False,False,False,True,False,base_00631L,00631L,blocked_no_bear_cash_classifier,ready_for_00631L_base; blocked_for_stock_exception_unadjusted_ohlc
2020-12-25,2020-12-28,2021-01-04,00631L,etf,fallback_full_signal_aligned_00631L,hold_same_state_no_trade,adjusted_close,adjusted_close,3.961359977722168,4.220449924468994,0.06540429251668423,0.0,0.06540429251668423,11.033141867808139,8.533881683626769,0.0,0.0,True,,benchmark_features_adjusted_close_exact_reference,True,False,False,False,False,False,False,False,True,False,base_00631L,00631L,blocked_no_bear_cash_classifier,ready_for_00631L_base; blocked_for_stock_exception_unadjusted_ohlc
2020-12-31,2021-01-04,2021-01-11,00631L,etf,fallback_full_signal_aligned_00631L,hold_same_state_no_trade,adjusted_close,adjusted_close,4.220449924468994,4.606820106506348,0.09154715467592367,0.0,0.09154715467592367,12.04319461294178,9.31513427010378,0.0,0.0,True,,benchmark_features_adjusted_close_exact_reference,True,False,False,False,False,False,False,False,True,False,base_00631L,00631L,blocked_no_bear_cash_classifier,ready_for_00631L_base; blocked_for_stock_exception_unadjusted_ohlc
2021-01-08,2021-01-11,2021-01-18,00631L,etf,fallback_full_signal_aligned_00631L,hold_same_state_no_trade,adjusted_close,adjusted_close,4.606820106506348,4.654550075531006,0.010360719090647397,0.0,0.010360719090647397,12.167970769280469,9.411645759567987,0.0,0.0,True,,benchmark_features_adjusted_close_exact_reference,True,False,False,False,False,False,False,False,True,False,base_00631L,00631L,blocked_no_bear_cash_classifier,ready_for_00631L_base; blocked_for_stock_exception_unadjusted_ohlc
2021-01-15,2021-01-18,2021-01-25,00631L,etf,fallback_full_signal_aligned_00631L,hold_same_state_no_trade,adjusted_close,adjusted_close,4.654550075531006,4.909090042114258,0.054686266653649174,0.0,0.054686266653649174,12.83339166340315,9.926333529225408,0.0,0.0,True,,benchmark_features_adjusted_close_exact_reference,True,False,False,False,False,False,False,False,True,False,base_00631L,00631L,blocked_no_bear_cash_classifier,ready_for_00631L_base; blocked_for_stock_exception_unadjusted_ohlc
2021-01-22,2021-01-25,2021-02-01,00631L,etf,fallback_full_signal_aligned_00631L,hold_same_state_no_trade,adjusted_close,adjusted_close,4.909090042114258,4.565909862518311,-0.06990708596743211,0.0,-0.06990708596743211,11.9362466491359,9.232412477856444,-0.06990708596743211,-0.069907085967432,True,,benchmark_features_adjusted_close_exact_reference,True,False,False,False,False,False,False,False,True,False,base_00631L,00631L,blocked_no_bear_cash_classifier,ready_for_00631L_base; blocked_for_stock_exception_unadjusted_ohlc
2021-01-29,2021-02-01,2021-02-17,00631L,etf,fallback_full_signal_aligned_00631L,hold_same_state_no_trade,adjusted_close,adjusted_close,4.565909862518311,5.199999809265137,0.1388748279838128,0.0,0.1388748279838128,13.593890849307009,10.514562172594365,0.0,0.0,True,,benchmark_features_adjusted_close_exact_reference,True,False,False,False,False,False,False,False,True,False,base_00631L,00631L,blocked_no_bear_cash_classifier,ready_for_00631L_base; blocked_for_stock_exception_unadjusted_ohlc
2021-02-05,2021-02-17,2021-02-22,00631L,etf,fallback_full_signal_aligned_00631L,hold_same_state_no_trade,adjusted_close,adjusted_close,5.199999809265137,5.209090232849121,0.001748158445657566,0.0,0.001748158445657566,13.617655124404571,10.532943293258777,0.0,0.0,True,,benchmark_features_adjusted_close_exact_reference,True,False,False,False,False,False,False,False,True,False,base_00631L,00631L,blocked_no_bear_cash_classifier,ready_for_00631L_base; blocked_for_stock_exception_unadjusted_ohlc
2021-02-19,2021-02-22,2021-03-02,00631L,etf,fallback_full_signal_aligned_00631L,hold_same_state_no_trade,adjusted_close,adjusted_close,5.209090232849121,4.875,-0.06413600416101639,0.0,-0.06413600416101639,12.744273138682473,9.857402398374582,-0.06413600416101639,-0.06413600416101639,True,,benchmark_features_adjusted_close_exact_reference,True,False,False,False,False,False,False,False,True,False,base_00631L,00631L,blocked_no_bear_cash_classifier,ready_for_00631L_base; blocked_for_stock_exception_unadjusted_ohlc
2021-02-26,2021-03-02,2021-03-08,00631L,etf,fallback_full_signal_aligned_00631L,hold_same_state_no_trade,adjusted_close,adjusted_close,4.875,4.815909862518311,-0.0121210538423977,0.0,-0.0121210538423977,12.58979911778628,9.737920293157703,-0.07547966204374223,-0.07547966204374223,True,,benchmark_features_adjusted_close_exact_reference,True,False,False,False,False,False,False,False,True,False,base_00631L,00631L,blocked_no_bear_cash_classifier,ready_for_00631L_base; blocked_for_stock_exception_unadjusted_ohlc
2021-03-05,2021-03-08,2021-03-15,00631L,etf,fallback_full_signal_aligned_00631L,hold_same_state_no_trade,adjusted_close,adjusted_close,4.815909862518311,5.063640117645264,0.05143996922679328,0.0,0.05143996922679328,13.237417996976715,10.238838613370701,-0.027922364309727832,-0.027922364309727832,True,,benchmark_features_adjusted_close_exact_reference,True,False,False,False,False,False,False,False,True,False,base_00631L,00631L,blocked_no_bear_cash_classifier,ready_for_00631L_base; blocked_for_stock_exception_unadjusted_ohlc
2021-03-12,2021-03-15,2021-03-22,00631L,etf,fallback_full_signal_aligned_00631L,hold_same_state_no_trade,adjusted_close,adjusted_close,5.063640117645264,5.038640022277832,-0.0049371785487506425,0.0,-0.0049371785487506425,13.172062500801196,10.188287639004647,-0.03272168516037799,-0.0327216851603781,True,,benchmark_features_adjusted_close_exact_reference,True,False,False,False,False,False,False,False,True,False,base_00631L,00631L,blocked_no_bear_cash_classifier,ready_for_00631L_base; blocked_for_stock_exception_unadjusted_ohlc
2021-03-19,2021-03-22,2021-03-29,00631L,etf,fallback_full_signal_aligned_00631L,hold_same_state_no_trade,adjusted_close,adjusted_close,5.038640022277832,5.204549789428711,0.03292748964350012,0.0,0.03292748964350012,13.605785452379864,10.523762374722972,-0.0008716384661141552,-0.0008716384661142662,True,,benchmark_features_adjusted_close_exact_reference,True,False,False,False,False,False,False,False,True,False,base_00631L,00631L,blocked_no_bear_cash_classifier,ready_for_00631L_base; blocked_for_stock_exception_unadjusted_ohlc
2021-03-26,2021-03-29,2021-04-07,00631L,etf,fallback_full_signal_aligned_00631L,hold_same_state_no_trade,adjusted_close,adjusted_close,5.204549789428711,5.431819915771484,0.04366758615786437,0.0,0.04366758615786437,14.19991726086708,10.98330967492608,0.0,0.0,True,,benchmark_features_adjusted_close_exact_reference,True,False,False,False,False,False,False,False,True,False,base_00631L,00631L,blocked_no_bear_cash_classifier,ready_for_00631L_base; blocked_for_stock_exception_unadjusted_ohlc
2021-04-01,2021-04-07,2021-04-12,00631L,etf,fallback_full_signal_aligned_00631L,hold_same_state_no_trade,adjusted_close,adjusted_close,5.431819915771484,5.452270030975342,0.003764873563735005,0.0,0.003764873563735005,14.253378153969743,11.024660447163523,0.0,0.0,True,,benchmark_features_adjusted_close_exact_reference,True,False,False,False,False,False,False,False,True,False,base_00631L,00631L,blocked_no_bear_cash_classifier,ready_for_00631L_base; blocked_for_stock_exception_unadjusted_ohlc
2021-04-09,2021-04-12,2021-04-19,00631L,etf,fallback_full_signal_aligned_00631L,hold_same_state_no_trade,adjusted_close,adjusted_close,5.452270030975342,5.709090232849121,0.047103353358277644,0.0,0.047103353358277644,14.924760061705335,11.543958923861293,0.0,0.0,True,,benchmark_features_adjusted_close_exact_reference,True,False,False,False,False,False,False,False,True,False,base_00631L,00631L,blocked_no_bear_cash_classifier,ready_for_00631L_base; blocked_for_stock_exception_unadjusted_ohlc
2021-04-16,2021-04-19,2021-04-26,00631L,etf,fallback_full_signal_aligned_00631L,hold_same_state_no_trade,adjusted_close,adjusted_close,5.709090232849121,5.915909767150879,0.03622635584068257,0.0,0.03622635584068257,15.46542973053748,11.962154487647316,0.0,0.0,True,,benchmark_features_adjusted_close_exact_reference,True,False,False,False,False,False,False,False,True,False,base_00631L,00631L,blocked_no_bear_cash_classifier,ready_for_00631L_base; blocked_for_stock_exception_unadjusted_ohlc
2021-04-23,2021-04-26,2021-05-03,00631L,etf,fallback_full_signal_aligned_00631L,hold_same_state_no_trade,adjusted_close,adjusted_close,5.915909767150879,5.704549789428711,-0.035727383621667275,0.0,-0.035727383621667275,14.912890389680628,11.534778005325492,-0.035727383621667275,-0.035727383621667275,True,,benchmark_features_adjusted_close_exact_reference,True,False,False,False,False,False,False,False,True,False,base_00631L,00631L,blocked_no_bear_cash_classifier,ready_for_00631L_base; blocked_for_stock_exception_unadjusted_ohlc
2021-04-29,2021-05-03,2021-05-10,00631L,etf,fallback_full_signal_aligned_00631L,hold_same_state_no_trade,adjusted_close,adjusted_close,5.704549789428711,5.6954498291015625,-0.001595210956701898,0.0,-0.001595210956701898,14.889101183534915,11.516377601068273,-0.037265601864561626,-0.037265601864561626,True,,benchmark_features_adjusted_close_exact_reference,True,False,False,False,False,False,False,False,True,False,base_00631L,00631L,blocked_no_bear_cash_classifier,ready_for_00631L_base; blocked_for_stock_exception_unadjusted_ohlc
2021-05-07,2021-05-10,2021-05-17,00631L,etf,fallback_full_signal_aligned_00631L,hold_same_state_no_trade,adjusted_close,adjusted_close,5.6954498291015625,4.504549980163574,-0.20909671486402126,0.0,-0.20909671486402126,11.775839038779754,9.1083408775513,-0.23857020180127253,-0.23857020180127242,True,,benchmark_features_adjusted_close_exact_reference,True,False,False,False,False,False,False,False,True,False,base_00631L,00631L,blocked_no_bear_cash_classifier,ready_for_00631L_base; blocked_for_stock_exception_unadjusted_ohlc
2021-05-14,2021-05-17,2021-05-24,00631L,etf,fallback_full_signal_aligned_00631L,hold_same_state_no_trade,adjusted_close,adjusted_close,4.504549980163574,5.113639831542969,0.13521658191419972,0.0,0.13521658191419972,13.368127742775348,10.339939597923168,-0.13561226712122165,-0.13561226712122165,True,,benchmark_features_adjusted_close_exact_reference,True,False,False,False,False,False,False,False,True,False,base_00631L,00631L,blocked_no_bear_cash_classifier,ready_for_00631L_base; blocked_for_stock_exception_unadjusted_ohlc
2021-05-21,2021-05-24,2021-05-31,00631L,etf,fallback_full_signal_aligned_00631L,hold_same_state_no_trade,adjusted_close,adjusted_close,5.113639831542969,5.545450210571289,0.08444286129905776,0.0,0.08444286129905776,14.496970699586614,11.21307368323123,-0.0626208936851319,-0.06262089368513202,True,,benchmark_features_adjusted_close_exact_reference,True,False,False,False,False,False,False,False,True,False,base_00631L,00631L,blocked_no_bear_cash_classifier,ready_for_00631L_base; blocked_for_stock_exception_unadjusted_ohlc
2021-05-28,2021-05-31,2021-06-07,00631L,etf,fallback_full_signal_aligned_00631L,hold_same_state_no_trade,adjusted_close,adjusted_close,5.545450210571289,5.602270126342773,0.010246222328922583,0.0,0.010246222328922583,14.645509884470455,11.327965329180207,-0.05301629895534299,-0.0530162989553431,True,,benchmark_features_adjusted_close_exact_reference,True,False,False,False,False,False,False,False,True,False,base_00631L,00631L,blocked_no_bear_cash_classifier,ready_for_00631L_base; blocked_for_stock_exception_unadjusted_ohlc
2021-06-04,2021-06-07,2021-06-15,00631L,etf,fallback_full_signal_aligned_00631L,hold_same_state_no_trade,adjusted_close,adjusted_close,5.602270126342773,5.779550075531006,0.03164430582428257,0.0,0.03164430582428257,15.108956878207191,11.686430928423656,-0.023049657108874855,-0.023049657108874966,True,,benchmark_features_adjusted_close_exact_reference,True,False,False,False,False,False,False,False,True,False,base_00631L,00631L,blocked_no_bear_cash_classifier,ready_for_00631L_base; blocked_for_stock_exception_unadjusted_ohlc
2021-06-11,2021-06-15,2021-06-21,00631L,etf,fallback_full_signal_aligned_00631L,hold_same_state_no_trade,adjusted_close,adjusted_close,5.779550075531006,5.547729969024658,-0.04011040712110259,0.0,-0.04011040712110259,14.502930466647118,11.217683426091938,-0.0622355330993386,-0.062235533099338824,True,,benchmark_features_adjusted_close_exact_reference,True,False,False,False,False,False,False,False,True,False,base_00631L,00631L,blocked_no_bear_cash_classifier,ready_for_00631L_base; blocked_for_stock_exception_unadjusted_ohlc
2021-06-18,2021-06-21,2021-06-28,2636,stock,available_proxy_stock_exception,base_00631L_to_stock_exception,unadjusted_close,unadjusted_close,205.5,244.0,0.18734793187347942,0.00385,0.1827766423357664,17.22002449567833,13.2680139374986,0.0,0.0,True,,official_unadjusted_ohlcv_twse_stock_day,True,False,False,False,False,False,False,False,True,False,stock_exception,00631L,blocked_no_bear_cash_classifier,ready_for_00631L_base; blocked_for_stock_exception_unadjusted_ohlc
2021-06-25,2021-06-28,2021-07-05,00631L,etf,fallback_full_signal_aligned_00631L,stock_exception_to_base_00631L,adjusted_close,adjusted_close,5.922729969024658,6.17726993560791,0.0429767975096742,0.00585,0.036875383244242554,17.960086001540727,13.757277036333813,0.0,0.0,True,,benchmark_features_adjusted_close_exact_reference,True,False,False,False,False,False,False,False,True,False,base_00631L,2636,blocked_no_bear_cash_classifier,ready_for_00631L_base; blocked_for_stock_exception_unadjusted_ohlc
2021-07-02,2021-07-05,2021-07-12,00631L,etf,fallback_full_signal_aligned_00631L,hold_same_state_no_trade,adjusted_close,adjusted_close,6.17726993560791,6.122729778289795,-0.008829168530215425,0.0,-0.008829168530215425,17.80151337541596,13.63581171886316,-0.008829168530215425,-0.008829168530215314,True,,benchmark_features_adjusted_close_exact_reference,True,False,False,False,False,False,False,False,True,False,base_00631L,00631L,blocked_no_bear_cash_classifier,ready_for_00631L_base; blocked_for_stock_exception_unadjusted_ohlc
2021-07-09,2021-07-12,2021-07-19,2351,stock,available_proxy_stock_exception,base_00631L_to_stock_exception,unadjusted_close,unadjusted_close,152.0,141.5,-0.06907894736842102,0.00385,-0.07266299342105265,16.57180356987736,12.644992821644694,-0.07729820623043071,-0.08085060813644351,True,,official_unadjusted_ohlcv_twse_stock_day,True,False,False,False,False,False,False,False,True,False,stock_exception,00631L,blocked_no_bear_cash_classifier,ready_for_00631L_base; blocked_for_stock_exception_unadjusted_ohlc
2021-07-16,2021-07-19,2021-07-26,00631L,etf,fallback_full_signal_aligned_00631L,stock_exception_to_base_00631L,adjusted_close,adjusted_close,6.07273006439209,5.840909957885742,-0.03817395208551133,0.00585,-0.04380063446581106,15.939192334430356,12.09113411324103,-0.11252138029500569,-0.12110993466893172,True,,benchmark_features_adjusted_close_exact_reference,True,False,False,False,False,False,False,False,True,False,base_00631L,2351,blocked_no_bear_cash_classifier,ready_for_00631L_base; blocked_for_stock_exception_unadjusted_ohlc
2021-07-23,2021-07-26,2021-08-02,00631L,etf,fallback_full_signal_aligned_00631L,hold_same_state_no_trade,adjusted_close,adjusted_close,5.840909957885742,5.9840898513793945,0.02451328551989529,0.0,0.02451328551989529,16.329914307080774,12.387527536018252,-0.09076636349737455,-0.09956545155687191,True,,benchmark_features_adjusted_close_exact_reference,True,False,False,False,False,False,False,False,True,False,base_00631L,00631L,blocked_no_bear_cash_classifier,ready_for_00631L_base; blocked_for_stock_exception_unadjusted_ohlc
2021-07-30,2021-08-02,2021-08-09,00631L,etf,fallback_full_signal_aligned_00631L,hold_same_state_no_trade,adjusted_close,adjusted_close,5.9840898513793945,5.952270030975342,-0.0053174035140394205,0.0,-0.0053174035140394205,16.24308156336034,12.321658053567969,-0.09560112563119627,-0.10435342538892589,True,,benchmark_features_adjusted_close_exact_reference,True,False,False,False,False,False,False,False,True,False,base_00631L,00631L,blocked_no_bear_cash_classifier,ready_for_00631L_base; blocked_for_stock_exception_unadjusted_ohlc
2021-08-06,2021-08-09,2021-08-16,00631L,etf,fallback_full_signal_aligned_00631L,hold_same_state_no_trade,adjusted_close,adjusted_close,5.952270030975342,5.581820011138916,-0.06223676310191251,0.0,-0.06223676310191251,15.23216474405644,11.554797940265287,-0.151887984124924,-0.16009556907603473,True,,benchmark_features_adjusted_close_exact_reference,True,False,False,False,False,False,False,False,True,False,base_00631L,00631L,blocked_no_bear_cash_classifier,ready_for_00631L_base; blocked_for_stock_exception_unadjusted_ohlc
2021-08-13,2021-08-16,2021-08-23,00631L,etf,fallback_full_signal_aligned_00631L,hold_same_state_no_trade,adjusted_close,adjusted_close,5.581820011138916,5.547729969024658,-0.006107334533580255,0.0,-0.006107334533580255,15.139136818293881,11.484228923776163,-0.1570676879278221,-0.16522514641192365,True,,benchmark_features_adjusted_close_exact_reference,True,False,False,False,False,False,False,False,True,False,base_00631L,00631L,blocked_no_bear_cash_classifier,ready_for_00631L_base; blocked_for_stock_exception_unadjusted_ohlc
2021-08-20,2021-08-23,2021-08-30,00631L,etf,fallback_full_signal_aligned_00631L,hold_same_state_no_trade,adjusted_close,adjusted_close,5.547729969024658,5.990910053253174,0.07988494153518277,0.0,0.07988494153518277,16.348525877916423,12.401645879928676,-0.08973008945981964,-0.09853920603799948,True,,benchmark_features_adjusted_close_exact_reference,True,False,False,False,False,False,False,False,True,False,base_00631L,00631L,blocked_no_bear_cash_classifier,ready_for_00631L_base; blocked_for_stock_exception_unadjusted_ohlc
2021-08-27,2021-08-30,2021-09-06,00631L,etf,fallback_full_signal_aligned_00631L,hold_same_state_no_trade,adjusted_close,adjusted_close,5.990910053253174,6.0977301597595215,0.01783036392748749,0.0,0.01783036392748749,16.64002604399762,12.62277173926763,-0.07349964568264677,-0.08246583201529523,True,,benchmark_features_adjusted_close_exact_reference,True,False,False,False,False,False,False,False,True,False,base_00631L,00631L,blocked_no_bear_cash_classifier,ready_for_00631L_base; blocked_for_stock_exception_unadjusted_ohlc
2021-09-03,2021-09-06,2021-09-13,00631L,etf,fallback_full_signal_aligned_00631L,hold_same_state_no_trade,adjusted_close,adjusted_close,6.0977301597595215,6.0545501708984375,-0.0070813216934457746,0.0,-0.0070813216934457746,16.522192666592755,12.53338583191894,-0.08006049274065952,-0.08896318662352298,True,,benchmark_features_adjusted_close_exact_reference,True,False,False,False,False,False,False,False,True,False,base_00631L,00631L,blocked_no_bear_cash_classifier,ready_for_00631L_base; blocked_for_stock_exception_unadjusted_ohlc
2021-09-10,2021-09-13,2021-09-22,00631L,etf,fallback_full_signal_aligned_00631L,hold_same_state_no_trade,adjusted_close,adjusted_close,6.0545501708984375,5.713640213012695,-0.05630640563924083,0.0,-0.05630640563924083,15.591887384257893,11.827675925233798,-0.1318589797999673,-0.14026039498978027,True,,benchmark_features_adjusted_close_exact_reference,True,False,False,False,False,False,False,False,True,False,base_00631L,00631L,blocked_no_bear_cash_classifier,ready_for_00631L_base; blocked_for_stock_exception_unadjusted_ohlc
2021-09-17,2021-09-22,2021-09-27,00631L,etf,fallback_full_signal_aligned_00631L,hold_same_state_no_trade,adjusted_close,adjusted_close,5.713640213012695,5.968180179595947,0.04454952658789102,0.0,0.04454952658789102,16.28649858583829,12.35459328833796,-0.09318370833852718,-0.10195940259771463,True,,benchmark_features_adjusted_close_exact_reference,True,False,False,False,False,False,False,False,True,False,base_00631L,00631L,blocked_no_bear_cash_classifier,ready_for_00631L_base; blocked_for_stock_exception_unadjusted_ohlc
2021-09-24,2021-09-27,2021-10-04,00631L,etf,fallback_full_signal_aligned_00631L,hold_same_state_no_trade,adjusted_close,adjusted_close,5.968180179595947,5.370450019836426,-0.10015283415923759,0.0,-0.10015283415923759,14.655359593936172,11.117245755626218,-0.18400393001019344,-0.1919007136176083,True,,benchmark_features_adjusted_close_exact_reference,True,False,False,False,False,False,False,False,True,False,base_00631L,00631L,blocked_no_bear_cash_classifier,ready_for_00631L_base; blocked_for_stock_exception_unadjusted_ohlc
2021-10-01,2021-10-04,2021-10-12,00631L,etf,fallback_full_signal_aligned_00631L,hold_same_state_no_trade,adjusted_close,adjusted_close,5.370450019836426,5.3886399269104,0.0033870359107315284,0.0,0.0033870359107315284,14.704997823165519,11.154900266228951,-0.18124012201812212,-0.18916365231519472,True,,benchmark_features_adjusted_close_exact_reference,True,False,False,False,False,False,False,False,True,False,base_00631L,00631L,blocked_no_bear_cash_classifier,ready_for_00631L_base; blocked_for_stock_exception_unadjusted_ohlc
2021-10-08,2021-10-12,2021-10-18,00631L,etf,fallback_full_signal_aligned_00631L,hold_same_state_no_trade,adjusted_close,adjusted_close,5.3886399269104,5.588640213012695,0.037115169841560824,0.0,0.037115169841560824,15.25077631489209,11.56891628417571,-0.15085171008736908,-0.1590693235571623,True,,benchmark_features_adjusted_close_exact_reference,True,False,False,False,False,False,False,False,True,False,base_00631L,00631L,blocked_no_bear_cash_classifier,ready_for_00631L_base; blocked_for_stock_exception_unadjusted_ohlc
2021-10-15,2021-10-18,2021-10-25,00631L,etf,fallback_full_signal_aligned_00631L,hold_same_state_no_trade,adjusted_close,adjusted_close,5.588640213012695,5.6954498291015625,0.019111914887662618,0.0,0.019111914887662618,15.542247853793087,11.790020427541371,-0.13462286024355463,-0.14299752804256216,True,,benchmark_features_adjusted_close_exact_reference,True,False,False,False,False,False,False,False,True,False,base_00631L,00631L,blocked_no_bear_cash_classifier,ready_for_00631L_base; blocked_for_stock_exception_unadjusted_ohlc
2021-10-22,2021-10-25,2021-11-01,00631L,etf,fallback_full_signal_aligned_00631L,hold_same_state_no_trade,adjusted_close,adjusted_close,5.6954498291015625,5.813640117645264,0.020751703919819287,0.0,0.020751703919819287,15.864775979503449,12.03468344066233,-0.11666481006034879,-0.12521326648594822,True,,benchmark_features_adjusted_close_exact_reference,True,False,False,False,False,False,False,False,True,False,base_00631L,00631L,blocked_no_bear_cash_classifier,ready_for_00631L_base; blocked_for_stock_exception_unadjusted_ohlc
2021-10-29,2021-11-01,2021-11-08,00631L,etf,fallback_full_signal_aligned_00631L,hold_same_state_no_trade,adjusted_close,adjusted_close,5.813640117645264,6.031819820404053,0.03752893167511018,0.0,0.03752893167511018,16.460164073279163,12.486332253238528,-0.08351418407088318,-0.09238345493360656,True,,benchmark_features_adjusted_close_exact_reference,True,False,False,False,False,False,False,False,True,False,base_00631L,00631L,blocked_no_bear_cash_classifier,ready_for_00631L_base; blocked_for_stock_exception_unadjusted_ohlc
2021-11-05,2021-11-08,2021-11-15,00631L,etf,fallback_full_signal_aligned_00631L,hold_same_state_no_trade,adjusted_close,adjusted_close,6.031819820404053,6.211359977722168,0.02976550405414602,0.0,0.02976550405414602,16.950109153734264,12.857994226543713,-0.05623452180127764,-0.06536779098182277,True,,benchmark_features_adjusted_close_exact_reference,True,False,False,False,False,False,False,False,True,False,base_00631L,00631L,blocked_no_bear_cash_classifier,ready_for_00631L_base; blocked_for_stock_exception_unadjusted_ohlc
2021-11-12,2021-11-15,2021-11-22,00631L,etf,fallback_full_signal_aligned_00631L,hold_same_state_no_trade,adjusted_close,adjusted_close,6.211359977722168,6.343180179595947,0.02122243797599377,0.0,0.02122243797599377,17.309831793935714,13.130872211512223,-0.03620551747632106,-0.045532616895568534,True,,benchmark_features_adjusted_close_exact_reference,True,False,False,False,False,False,False,False,True,False,base_00631L,00631L,blocked_no_bear_cash_classifier,ready_for_00631L_base; blocked_for_stock_exception_unadjusted_ohlc
2021-11-19,2021-11-22,2021-11-29,00631L,etf,fallback_full_signal_aligned_00631L,hold_same_state_no_trade,adjusted_close,adjusted_close,6.343180179595947,5.959090232849121,-0.060551637486560006,0.0,-0.060551637486560006,16.261693134195987,12.33577639747839,-0.0945648515936417,-0.10332717987005358,True,,benchmark_features_adjusted_close_exact_reference,True,False,False,False,False,False,False,False,True,False,base_00631L,00631L,blocked_no_bear_cash_classifier,ready_for_00631L_base; blocked_for_stock_exception_unadjusted_ohlc
2021-11-26,2021-11-29,2021-12-06,00631L,etf,fallback_full_signal_aligned_00631L,hold_same_state_no_trade,adjusted_close,adjusted_close,5.959090232849121,6.227270126342773,0.045003496006039256,0.0,0.045003496006039256,16.99352617621221,12.890929461313704,-0.05381710450860866,-0.06297376819061151,True,,benchmark_features_adjusted_close_exact_reference,True,False,False,False,False,False,False,False,True,False,base_00631L,00631L,blocked_no_bear_cash_classifier,ready_for_00631L_base; blocked_for_stock_exception_unadjusted_ohlc
2021-12-03,2021-12-06,2021-12-13,00631L,etf,fallback_full_signal_aligned_00631L,hold_same_state_no_trade,adjusted_close,adjusted_close,6.227270126342773,6.295450210571289,0.010948631237321482,0.0,0.010948631237321482,17.17958202773733,13.032067494291951,-0.043457696902812315,-0.052714613518833664,True,,benchmark_features_adjusted_close_exact_reference,True,False,False,False,False,False,False,False,True,False,base_00631L,00631L,blocked_no_bear_cash_classifier,ready_for_00631L_base; blocked_for_stock_exception_unadjusted_ohlc
2021-12-10,2021-12-13,2021-12-20,00631L,etf,fallback_full_signal_aligned_00631L,hold_same_state_no_trade,adjusted_close,adjusted_close,6.295450210571289,6.199999809265137,-0.0151618070373859,0.0,-0.0151618070373859,16.919108520049832,12.834477801645308,-0.057960606725468544,-0.06707717175799655,True,,benchmark_features_adjusted_close_exact_reference,True,False,False,False,False,False,False,False,True,False,base_00631L,00631L,blocked_no_bear_cash_classifier,ready_for_00631L_base; blocked_for_stock_exception_unadjusted_ohlc
2021-12-17,2021-12-20,2021-12-27,00631L,etf,fallback_full_signal_aligned_00631L,hold_same_state_no_trade,adjusted_close,adjusted_close,6.199999809265137,6.527269840240479,0.052785490490867115,0.0,0.052785490490867115,17.812191961948873,13.511952007599302,-0.008234595289753455,-0.017832382679115355,True,,benchmark_features_adjusted_close_exact_reference,True,False,False,False,False,False,False,False,True,False,base_00631L,00631L,blocked_no_bear_cash_classifier,ready_for_00631L_base; blocked_for_stock_exception_unadjusted_ohlc
2021-12-24,2021-12-27,2022-01-03,00631L,etf,fallback_full_signal_aligned_00631L,hold_same_state_no_trade,adjusted_close,adjusted_close,6.527269840240479,6.661359786987305,0.020543037139381548,0.0,0.020543037139381548,18.178108482956983,13.789528539516954,0.0,0.0,True,,benchmark_features_adjusted_close_exact_reference,True,False,False,False,False,False,False,False,True,False,base_00631L,00631L,blocked_no_bear_cash_classifier,ready_for_00631L_base; blocked_for_stock_exception_unadjusted_ohlc
2021-12-30,2022-01-03,2022-01-10,8478,stock,available_proxy_stock_exception,base_00631L_to_stock_exception,unadjusted_close,unadjusted_close,150.5,142.0,-0.056478405315614655,0.00385,-0.060110963455149546,17.151437904185325,12.960626693414309,-0.056478405315614655,-0.060110963455149546,True,,official_unadjusted_ohlcv_twse_stock_day,True,False,False,False,False,False,False,False,True,False,stock_exception,00631L,blocked_no_bear_cash_classifier,ready_for_00631L_base; blocked_for_stock_exception_unadjusted_ohlc
2022-01-07,2022-01-10,2022-01-17,00631L,etf,fallback_full_signal_aligned_00631L,stock_exception_to_base_00631L,adjusted_close,adjusted_close,6.670450210571289,6.906819820404053,0.03543533080543293,0.00585,0.02937803412022122,17.759204780108973,13.341384426632883,-0.023044405485903807,-0.032498871270313145,True,,benchmark_features_adjusted_close_exact_reference,True,False,False,False,False,False,False,False,True,False,base_00631L,8478,blocked_no_bear_cash_classifier,ready_for_00631L_base; blocked_for_stock_exception_unadjusted_ohlc
2022-01-14,2022-01-17,2022-01-24,00631L,etf,fallback_full_signal_aligned_00631L,hold_same_state_no_trade,adjusted_close,adjusted_close,6.906819820404053,6.504549980163574,-0.05824241122551033,0.0,-0.05824241122551033,16.724865872267817,12.564350028539312,-0.07994465497065684,-0.08884846987093298,True,,benchmark_features_adjusted_close_exact_reference,True,False,False,False,False,False,False,False,True,False,base_00631L,00631L,blocked_no_bear_cash_classifier,ready_for_00631L_base; blocked_for_stock_exception_unadjusted_ohlc
2022-01-21,2022-01-24,2022-02-07,00631L,etf,fallback_full_signal_aligned_00631L,hold_same_state_no_trade,adjusted_close,adjusted_close,6.504549980163574,6.431819915771484,-0.011181413720224964,0.0,-0.011181413720224964,16.53785822753472,12.423862832744494,-0.09023217442893416,-0.09903643209112212,True,,benchmark_features_adjusted_close_exact_reference,True,False,False,False,False,False,False,False,True,False,base_00631L,00631L,blocked_no_bear_cash_classifier,ready_for_00631L_base; blocked_for_stock_exception_unadjusted_ohlc
2022-01-26,2022-02-07,2022-02-14,00631L,etf,fallback_full_signal_aligned_00631L,hold_same_state_no_trade,adjusted_close,adjusted_close,6.431819915771484,6.504549980163574,0.011307851485976572,0.0,0.011307851485976572,16.724865872267817,12.564350028539312,-0.07994465497065684,-0.08884846987093298,True,,benchmark_features_adjusted_close_exact_reference,True,False,False,False,False,False,False,False,True,False,base_00631L,00631L,blocked_no_bear_cash_classifier,ready_for_00631L_base; blocked_for_stock_exception_unadjusted_ohlc
2022-02-11,2022-02-14,2022-02-21,00631L,etf,fallback_full_signal_aligned_00631L,hold_same_state_no_trade,adjusted_close,adjusted_close,6.504549980163574,6.6795501708984375,0.026904273357656994,0.0,0.026904273357656994,17.174836235565458,12.90238473626842,-0.05519123446381402,-0.06433460003409308,True,,benchmark_features_adjusted_close_exact_reference,True,False,False,False,False,False,False,False,True,False,base_00631L,00631L,blocked_no_bear_cash_classifier,ready_for_00631L_base; blocked_for_stock_exception_unadjusted_ohlc
2022-02-18,2022-02-21,2022-03-01,6719,stock,available_proxy_stock_exception,base_00631L_to_stock_exception,unadjusted_close,unadjusted_close,808.0,786.0,-0.027227722772277252,0.00385,-0.03097289603960396,16.70720455588422,12.502760515169005,-0.08091622560465073,-0.09331486719509163,True,,official_unadjusted_ohlcv_twse_stock_day,True,False,False,False,False,False,False,False,True,False,stock_exception,00631L,blocked_no_bear_cash_classifier,ready_for_00631L_base; blocked_for_stock_exception_unadjusted_ohlc
2022-02-25,2022-03-01,2022-03-07,00631L,etf,fallback_full_signal_aligned_00631L,stock_exception_to_base_00631L,adjusted_close,adjusted_close,6.425000190734863,5.8477301597595215,-0.08984747297094109,0.00585,-0.09517186525406107,15.20610444612943,11.312849476115545,-0.16349358018266735,-0.17960578248226078,True,,benchmark_features_adjusted_close_exact_reference,True,False,False,False,False,False,False,False,True,False,base_00631L,6719,blocked_no_bear_cash_classifier,ready_for_00631L_base; blocked_for_stock_exception_unadjusted_ohlc
2022-03-04,2022-03-07,2022-03-14,00631L,etf,fallback_full_signal_aligned_00631L,hold_same_state_no_trade,adjusted_close,adjusted_close,5.8477301597595215,5.915909767150879,0.011659157575451662,0.0,0.011659157575451662,15.38339481397563,11.444747770784941,-0.15374062002114008,-0.17004067702623216,True,,benchmark_features_adjusted_close_exact_reference,True,False,False,False,False,False,False,False,True,False,base_00631L,00631L,blocked_no_bear_cash_classifier,ready_for_00631L_base; blocked_for_stock_exception_unadjusted_ohlc
2022-03-11,2022-03-14,2022-03-21,00631L,etf,fallback_full_signal_aligned_00631L,hold_same_state_no_trade,adjusted_close,adjusted_close,5.915909767150879,6.115910053253174,0.033807190098272155,0.0,0.033807190098272155,15.903464166808478,11.831662534298644,-0.1251309682897489,-0.14198208442062477,True,,benchmark_features_adjusted_close_exact_reference,True,False,False,False,False,False,False,False,True,False,base_00631L,00631L,blocked_no_bear_cash_classifier,ready_for_00631L_base; blocked_for_stock_exception_unadjusted_ohlc
2022-03-18,2022-03-21,2022-03-28,00631L,etf,fallback_full_signal_aligned_00631L,hold_same_state_no_trade,adjusted_close,adjusted_close,6.115910053253174,6.104549884796143,-0.0018574780135931501,0.0,-0.0018574780135931501,15.873923831778665,11.809685481276931,-0.1267560182809242,-0.14357583383408246,True,,benchmark_features_adjusted_close_exact_reference,True,False,False,False,False,False,False,False,True,False,base_00631L,00631L,blocked_no_bear_cash_classifier,ready_for_00631L_base; blocked_for_stock_exception_unadjusted_ohlc
2022-03-25,2022-03-28,2022-04-06,00631L,etf,fallback_full_signal_aligned_00631L,hold_same_state_no_trade,adjusted_close,adjusted_close,6.104549884796143,6.099999904632568,-0.0007453424493927274,0.0,-0.0007453424493927274,15.862092322508413,11.80088322137376,-0.1274068840891761,-0.1442141631198116,True,,benchmark_features_adjusted_close_exact_reference,True,False,False,False,False,False,False,False,True,False,base_00631L,00631L,blocked_no_bear_cash_classifier,ready_for_00631L_base; blocked_for_stock_exception_unadjusted_ohlc
2022-04-01,2022-04-06,2022-04-11,00631L,etf,fallback_full_signal_aligned_00631L,hold_same_state_no_trade,adjusted_close,adjusted_close,6.099999904632568,5.75,-0.05737703444335551,0.0,-0.05737703444335551,14.951972504976164,11.12378353831898,-0.1774736893558263,-0.1933166165586221,True,,benchmark_features_adjusted_close_exact_reference,True,False,False,False,False,False,False,False,True,False,base_00631L,00631L,blocked_no_bear_cash_classifier,ready_for_00631L_base; blocked_for_stock_exception_unadjusted_ohlc
2022-04-08,2022-04-11,2022-04-18,4736,stock,available_proxy_stock_exception,base_00631L_to_stock_exception,unadjusted_close,unadjusted_close,255.0,295.5,0.1588235294117648,0.00385,0.1543620588235295,17.326697549884145,12.840873667201183,-0.04683715766528096,-0.06879530867188022,True,,official_unadjusted_ohlcv_tpex_trading_stock,True,False,False,False,False,False,False,False,True,False,stock_exception,00631L,blocked_no_bear_cash_classifier,ready_for_00631L_base; blocked_for_stock_exception_unadjusted_ohlc
2022-04-15,2022-04-18,2022-04-25,00631L,etf,fallback_full_signal_aligned_00631L,stock_exception_to_base_00631L,adjusted_close,adjusted_close,5.672729969024658,5.474999904632568,-0.03485624478368865,0.00585,-0.040502335751704144,16.722753938792444,12.320788290586984,-0.08006083501641648,-0.1065112737336138,True,,benchmark_features_adjusted_close_exact_reference,True,False,False,False,False,False,False,False,True,False,base_00631L,4736,blocked_no_bear_cash_classifier,ready_for_00631L_base; blocked_for_stock_exception_unadjusted_ohlc
2022-04-22,2022-04-25,2022-05-03,00631L,etf,fallback_full_signal_aligned_00631L,hold_same_state_no_trade,adjusted_close,adjusted_close,5.474999904632568,5.413640022277832,-0.011207284643570126,0.0,-0.011207284643570126,16.535337275376012,12.18270570918121,-0.09037085509315579,-0.1165248562147021,True,,benchmark_features_adjusted_close_exact_reference,True,False,False,False,False,False,False,False,True,False,base_00631L,00631L,blocked_no_bear_cash_classifier,ready_for_00631L_base; blocked_for_stock_exception_unadjusted_ohlc
2022-04-29,2022-05-03,2022-05-09,4736,stock,available_proxy_stock_exception,base_00631L_to_stock_exception,unadjusted_close,unadjusted_close,280.0,232.5,-0.1696428571428571,0.00385,-0.17283973214285708,13.73023541616044,10.077050117631074,-0.24468294217556674,-0.26922446342142514,True,,official_unadjusted_ohlcv_tpex_trading_stock,True,False,False,False,False,False,False,False,True,False,stock_exception,00631L,blocked_no_bear_cash_classifier,ready_for_00631L_base; blocked_for_stock_exception_unadjusted_ohlc
2022-05-06,2022-05-09,2022-05-16,00631L,etf,fallback_full_signal_aligned_00631L,stock_exception_to_base_00631L,adjusted_close,adjusted_close,5.106820106506348,5.029550075531006,-0.015130752476848697,0.00585,-0.02089223757485914,13.522486622629655,9.866517992519764,-0.25611145761904985,-0.28449199954551985,True,,benchmark_features_adjusted_close_exact_reference,True,False,False,False,False,False,False,False,True,False,base_00631L,4736,blocked_no_bear_cash_classifier,ready_for_00631L_base; blocked_for_stock_exception_unadjusted_ohlc
2022-05-13,2022-05-16,2022-05-23,00631L,etf,fallback_full_signal_aligned_00631L,hold_same_state_no_trade,adjusted_close,adjusted_close,5.029550075531006,5.190909862518311,0.032082350223000766,0.0,0.032082350223000766,13.956319774342703,10.183059078237322,-0.23224576487550663,-0.26153682128758016,True,,benchmark_features_adjusted_close_exact_reference,True,False,False,False,False,False,False,False,True,False,base_00631L,00631L,blocked_no_bear_cash_classifier,ready_for_00631L_base; blocked_for_stock_exception_unadjusted_ohlc
2022-05-20,2022-05-23,2022-05-30,00631L,etf,fallback_full_signal_aligned_00631L,hold_same_state_no_trade,adjusted_close,adjusted_close,5.190909862518311,5.477270126342773,0.0551657168798414,0.0,0.0551657168798414,14.726230159698623,10.744814832318061,-0.18989205210732973,-0.22079897064454312,True,,benchmark_features_adjusted_close_exact_reference,True,False,False,False,False,False,False,False,True,False,base_00631L,00631L,blocked_no_bear_cash_classifier,ready_for_00631L_base; blocked_for_stock_exception_unadjusted_ohlc
2022-05-27,2022-05-30,2022-06-06,00631L,etf,fallback_full_signal_aligned_00631L,hold_same_state_no_trade,adjusted_close,adjusted_close,5.477270126342773,5.490910053253174,0.002490278294802195,0.0,0.002490278294802195,14.762902571029583,10.771572411476653,-0.18787465786824575,-0.21885854323385157,True,,benchmark_features_adjusted_close_exact_reference,True,False,False,False,False,False,False,False,True,False,base_00631L,00631L,blocked_no_bear_cash_classifier,ready_for_00631L_base; blocked_for_stock_exception_unadjusted_ohlc
2022-06-02,2022-06-06,2022-06-13,00631L,etf,fallback_full_signal_aligned_00631L,hold_same_state_no_trade,adjusted_close,adjusted_close,5.490910053253174,5.1113600730896,-0.0691233286436197,0.0,-0.0691233286436197,13.742441604878566,10.027005471669606,-0.24401146479223113,-0.2728536408670539,True,,benchmark_features_adjusted_close_exact_reference,True,False,False,False,False,False,False,False,True,False,base_00631L,00631L,blocked_no_bear_cash_classifier,ready_for_00631L_base; blocked_for_stock_exception_unadjusted_ohlc
2022-06-10,2022-06-13,2022-06-20,1522,stock,available_proxy_stock_exception,base_00631L_to_stock_exception,unadjusted_close,unadjusted_close,29.9,25.75,-0.1387959866220735,0.00385,-0.14211162207357853,11.835045863733214,8.60205145954999,-0.34893963941136963,-0.3761895894483337,True,,official_unadjusted_ohlcv_twse_stock_day,True,False,False,False,False,False,False,False,True,False,stock_exception,00631L,blocked_no_bear_cash_classifier,ready_for_00631L_base; blocked_for_stock_exception_unadjusted_ohlc
2022-06-17,2022-06-20,2022-06-27,00631L,etf,fallback_full_signal_aligned_00631L,stock_exception_to_base_00631L,adjusted_close,adjusted_close,4.709090232849121,4.906819820404053,0.04198891458388987,0.00585,0.03589327943357401,12.331986593601927,8.910807296289601,-0.321602321541657,-0.35379898806883026,True,,benchmark_features_adjusted_close_exact_reference,True,False,False,False,False,False,False,False,True,False,base_00631L,1522,blocked_no_bear_cash_classifier,ready_for_00631L_base; blocked_for_stock_exception_unadjusted_ohlc
2022-06-24,2022-06-27,2022-07-04,00631L,etf,fallback_full_signal_aligned_00631L,hold_same_state_no_trade,adjusted_close,adjusted_close,4.906819820404053,4.159090042114258,-0.15238582333520923,0.0,-0.15238582333520923,10.452766663177135,7.55292658986312,-0.42498051032222617,-0.4522708613120069,True,,benchmark_features_adjusted_close_exact_reference,True,False,False,False,False,False,False,False,True,False,base_00631L,00631L,blocked_no_bear_cash_classifier,ready_for_00631L_base; blocked_for_stock_exception_unadjusted_ohlc
2022-07-01,2022-07-04,2022-07-11,5904,stock,available_proxy_stock_exception,base_00631L_to_stock_exception,unadjusted_close,unadjusted_close,332.5,350.5,0.0541353383458647,0.00385,0.05007691729323316,11.018630723138605,7.9311538700255575,-0.3938516356930535,-0.4248422745348345,True,,official_unadjusted_ohlcv_tpex_trading_stock,True,False,False,False,False,False,False,False,True,False,stock_exception,00631L,blocked_no_bear_cash_classifier,ready_for_00631L_base; blocked_for_stock_exception_unadjusted_ohlc
2022-07-08,2022-07-11,2022-07-18,00631L,etf,fallback_full_signal_aligned_00631L,stock_exception_to_base_00631L,adjusted_close,adjusted_close,4.243179798126221,4.468180179595947,0.05302636045945697,0.00585,0.046866156250769064,11.602908607633399,8.302856566547067,-0.36170979403540304,-0.39788684270434704,True,,benchmark_features_adjusted_close_exact_reference,True,False,False,False,False,False,False,False,True,False,base_00631L,5904,blocked_no_bear_cash_classifier,ready_for_00631L_base; blocked_for_stock_exception_unadjusted_ohlc
2022-07-15,2022-07-18,2022-07-25,00631L,etf,fallback_full_signal_aligned_00631L,hold_same_state_no_trade,adjusted_close,adjusted_close,4.468180179595947,4.663640022277832,0.043744843499028185,0.0,0.043744843499028185,12.110476028807849,8.666063727645547,-0.3337878888685193,-0.371547496869743,True,,benchmark_features_adjusted_close_exact_reference,True,False,False,False,False,False,False,False,True,False,base_00631L,00631L,blocked_no_bear_cash_classifier,ready_for_00631L_base; blocked_for_stock_exception_unadjusted_ohlc
2022-07-22,2022-07-25,2022-08-01,00631L,etf,fallback_full_signal_aligned_00631L,hold_same_state_no_trade,adjusted_close,adjusted_close,4.663640022277832,4.724999904632568,0.013157079461884935,0.0,0.013157079461884935,12.269814524240127,8.780083816731938,-0.32502248318389226,-0.36327889734803775,True,,benchmark_features_adjusted_close_exact_reference,True,False,False,False,False,False,False,False,True,False,base_00631L,00631L,blocked_no_bear_cash_classifier,ready_for_00631L_base; blocked_for_stock_exception_unadjusted_ohlc
2022-07-29,2022-08-01,2022-08-08,2419,stock,available_proxy_stock_exception,base_00631L_to_stock_exception,unadjusted_close,unadjusted_close,29.65,28.25,-0.04721753794266437,0.00385,-0.05088575042158516,11.690464091392364,8.333302662953118,-0.3568932596946023,-0.39567892846574193,True,,official_unadjusted_ohlcv_twse_stock_day,True,False,False,False,False,False,False,False,True,False,stock_exception,00631L,blocked_no_bear_cash_classifier,ready_for_00631L_base; blocked_for_stock_exception_unadjusted_ohlc
2022-08-05,2022-08-08,2022-08-15,00631L,etf,fallback_full_signal_aligned_00631L,stock_exception_to_base_00631L,adjusted_close,adjusted_close,4.793179988861084,5.05226993560791,0.05405387391020744,0.00585,0.04788765874783274,12.322378963340295,8.732365017119022,-0.3221308490433298,-0.3667394072179848,True,,benchmark_features_adjusted_close_exact_reference,True,False,False,False,False,False,False,False,True,False,base_00631L,2419,blocked_no_bear_cash_classifier,ready_for_00631L_base; blocked_for_stock_exception_unadjusted_ohlc
2022-08-12,2022-08-15,2022-08-22,6796,stock,available_proxy_stock_exception,base_00631L_to_stock_exception,unadjusted_close,unadjusted_close,113.5,127.5,0.12334801762114544,0.00385,0.11902312775330404,13.842319980844826,9.771718414140063,-0.23851703306629546,-0.291366750782158,True,,official_unadjusted_ohlcv_twse_stock_day,True,False,False,False,False,False,False,False,True,False,stock_exception,00631L,blocked_no_bear_cash_classifier,ready_for_00631L_base; blocked_for_stock_exception_unadjusted_ohlc
2022-08-19,2022-08-22,2022-08-29,00631L,etf,fallback_full_signal_aligned_00631L,stock_exception_to_base_00631L,adjusted_close,adjusted_close,4.952270030975342,4.686359882354736,-0.05369459802421861,0.00585,-0.05923048462577696,13.099062173750752,9.192934796843918,-0.27940455487809013,-0.33333944155526973,True,,benchmark_features_adjusted_close_exact_reference,True,False,False,False,False,False,False,False,True,False,base_00631L,6796,blocked_no_bear_cash_classifier,ready_for_00631L_base; blocked_for_stock_exception_unadjusted_ohlc
2022-08-26,2022-08-29,2022-09-05,00631L,etf,fallback_full_signal_aligned_00631L,hold_same_state_no_trade,adjusted_close,adjusted_close,4.686359882354736,4.525000095367432,-0.03443179590087886,0.0,-0.03443179590087886,12.648037938491244,8.876405542188902,-0.3042159501716307,-0.35629376183880457,True,,benchmark_features_adjusted_close_exact_reference,True,False,False,False,False,False,False,False,True,False,base_00631L,00631L,blocked_no_bear_cash_classifier,ready_for_00631L_base; blocked_for_stock_exception_unadjusted_ohlc
2022-09-02,2022-09-05,2022-09-12,00631L,etf,fallback_full_signal_aligned_00631L,hold_same_state_no_trade,adjusted_close,adjusted_close,4.525000095367432,4.631820201873779,0.0236066528740424,0.0,0.0236066528740424,12.946615779642926,9.08594776659258,-0.28779081763203695,-0.3410980121216777,True,,benchmark_features_adjusted_close_exact_reference,True,False,False,False,False,False,False,False,True,False,base_00631L,00631L,blocked_no_bear_cash_classifier,ready_for_00631L_base; blocked_for_stock_exception_unadjusted_ohlc
2022-09-08,2022-09-12,2022-09-19,8069,stock,available_proxy_stock_exception,base_00631L_to_stock_exception,unadjusted_close,unadjusted_close,237.5,234.0,-0.01473684210526316,0.00385,-0.018530105263157903,12.75582354710082,8.917584198062066,-0.2982865318985122,-0.3533075353151669,True,,official_unadjusted_ohlcv_tpex_trading_stock,True,False,False,False,False,False,False,False,True,False,stock_exception,00631L,blocked_no_bear_cash_classifier,ready_for_00631L_base; blocked_for_stock_exception_unadjusted_ohlc
2022-09-16,2022-09-19,2022-09-26,00631L,etf,fallback_full_signal_aligned_00631L,stock_exception_to_base_00631L,adjusted_close,adjusted_close,4.386360168457031,4.006820201873779,-0.0865273146771166,0.00585,-0.09187112988625545,11.652096389075053,8.098315661930286,-0.35900391396610043,-0.41271990273468995,True,,benchmark_features_adjusted_close_exact_reference,True,False,False,False,False,False,False,False,True,False,base_00631L,8069,blocked_no_bear_cash_classifier,ready_for_00631L_base; blocked_for_stock_exception_unadjusted_ohlc
2022-09-23,2022-09-26,2022-10-03,00631L,etf,fallback_full_signal_aligned_00631L,hold_same_state_no_trade,adjusted_close,adjusted_close,4.006820201873779,3.70455002784729,-0.07543891634696598,0.0,-0.07543891634696598,10.773074864312836,7.487387504158603,-0.40735996407914443,-0.4570236768645257,True,,benchmark_features_adjusted_close_exact_reference,True,False,False,False,False,False,False,False,True,False,base_00631L,00631L,blocked_no_bear_cash_classifier,ready_for_00631L_base; blocked_for_stock_exception_unadjusted_ohlc
2022-09-30,2022-10-03,2022-10-11,00631L,etf,fallback_full_signal_aligned_00631L,hold_same_state_no_trade,adjusted_close,adjusted_close,3.70455002784729,3.584089994430542,-0.0325167786941043,0.0,-0.0325167786941043,10.422769173094958,7.243921781688876,-0.4266307089724489,-0.47467951780006035,True,,benchmark_features_adjusted_close_exact_reference,True,False,False,False,False,False,False,False,True,False,base_00631L,00631L,blocked_no_bear_cash_classifier,ready_for_00631L_base; blocked_for_stock_exception_unadjusted_ohlc
2022-10-07,2022-10-11,2022-10-17,00631L,etf,fallback_full_signal_aligned_00631L,hold_same_state_no_trade,adjusted_close,adjusted_close,3.584089994430542,3.606820106506348,0.006341947917358981,0.0,0.006341947917358981,10.488869832345381,7.289862356345769,-0.42299443079133914,-0.4713479626620264,True,,benchmark_features_adjusted_close_exact_reference,True,False,False,False,False,False,False,False,True,False,base_00631L,00631L,blocked_no_bear_cash_classifier,ready_for_00631L_base; blocked_for_stock_exception_unadjusted_ohlc
2022-10-14,2022-10-17,2022-10-24,00631L,etf,fallback_full_signal_aligned_00631L,hold_same_state_no_trade,adjusted_close,adjusted_close,3.606820106506348,3.465909957885742,-0.03906769521618725,0.0,-0.03906769521618725,10.079093862573052,7.005064235640096,-0.4455367085072257,-0.4920011793321628,True,,benchmark_features_adjusted_close_exact_reference,True,False,False,False,False,False,False,False,True,False,base_00631L,00631L,blocked_no_bear_cash_classifier,ready_for_00631L_base; blocked_for_stock_exception_unadjusted_ohlc
2022-10-21,2022-10-24,2022-10-31,00631L,etf,fallback_full_signal_aligned_00631L,hold_same_state_no_trade,adjusted_close,adjusted_close,3.465909957885742,3.497730016708374,0.00918086713425259,0.0,0.00918086713425259,10.171628684158996,7.069376799654412,-0.4404462546972101,-0.48733730965525446,True,,benchmark_features_adjusted_close_exact_reference,True,False,False,False,False,False,False,False,True,False,base_00631L,00631L,blocked_no_bear_cash_classifier,ready_for_00631L_base; blocked_for_stock_exception_unadjusted_ohlc
2022-10-28,2022-10-31,2022-11-07,00631L,etf,fallback_full_signal_aligned_00631L,hold_same_state_no_trade,adjusted_close,adjusted_close,3.497730016708374,3.650000095367432,0.04353397144195692,0.0,0.04353397144195692,10.614440076813365,7.377134847363,-0.4160866579289584,-0.4650190667344295,True,,benchmark_features_adjusted_close_exact_reference,True,False,False,False,False,False,False,False,True,False,base_00631L,00631L,blocked_no_bear_cash_classifier,ready_for_00631L_base; blocked_for_stock_exception_unadjusted_ohlc
2022-11-04,2022-11-07,2022-11-14,2468,stock,available_proxy_stock_exception,base_00631L_to_stock_exception,unadjusted_close,unadjusted_close,29.0,26.95,-0.07068965517241377,0.00385,-0.07426750000000004,9.864108967935179,6.829253485086468,-0.45736329073053195,-0.5047507631957302,True,,official_unadjusted_ohlcv_twse_stock_day,True,False,False,False,False,False,False,False,True,False,stock_exception,00631L,blocked_no_bear_cash_classifier,ready_for_00631L_base; blocked_for_stock_exception_unadjusted_ohlc
2022-11-11,2022-11-14,2022-11-21,00631L,etf,fallback_full_signal_aligned_00631L,stock_exception_to_base_00631L,adjusted_close,adjusted_close,4.190909862518311,4.397729873657227,0.04934966819225206,0.00585,0.043210972633327405,10.350899472514998,7.1243521705365955,-0.4305843491791481,-0.4833505619775047,True,,benchmark_features_adjusted_close_exact_reference,True,False,False,False,False,False,False,False,True,False,base_00631L,2468,blocked_no_bear_cash_classifier,ready_for_00631L_base; blocked_for_stock_exception_unadjusted_ohlc
2022-11-18,2022-11-21,2022-11-28,00631L,etf,fallback_full_signal_aligned_00631L,hold_same_state_no_trade,adjusted_close,adjusted_close,4.397729873657227,4.44773006439209,0.011369545690918637,0.0,0.011369545690918637,10.468584497009862,7.205352818057706,-0.42411035192001634,-0.47747649258572045,True,,benchmark_features_adjusted_close_exact_reference,True,False,False,False,False,False,False,False,True,False,base_00631L,00631L,blocked_no_bear_cash_classifier,ready_for_00631L_base; blocked_for_stock_exception_unadjusted_ohlc
2022-11-25,2022-11-28,2022-12-05,00631L,etf,fallback_full_signal_aligned_00631L,hold_same_state_no_trade,adjusted_close,adjusted_close,4.44773006439209,4.706820011138916,0.05825217425424811,0.0,0.05825217425424811,11.078402305325001,7.625080285978542,-0.3905635277888435,-0.4470383621798829,True,,benchmark_features_adjusted_close_exact_reference,True,False,False,False,False,False,False,False,True,False,base_00631L,00631L,blocked_no_bear_cash_classifier,ready_for_00631L_base; blocked_for_stock_exception_unadjusted_ohlc
2022-12-02,2022-12-05,2022-12-12,00631L,etf,fallback_full_signal_aligned_00631L,hold_same_state_no_trade,adjusted_close,adjusted_close,4.706820011138916,4.4727301597595215,-0.04973418376428451,0.0,-0.04973418376428451,10.527427009257295,7.245853141818262,-0.4208733532904504,-0.4745394578898283,True,,benchmark_features_adjusted_close_exact_reference,True,False,False,False,False,False,False,False,True,False,base_00631L,00631L,blocked_no_bear_cash_classifier,ready_for_00631L_base; blocked_for_stock_exception_unadjusted_ohlc
2022-12-09,2022-12-12,2022-12-19,00631L,etf,fallback_full_signal_aligned_00631L,hold_same_state_no_trade,adjusted_close,adjusted_close,4.4727301597595215,4.365910053253174,-0.023882528722030227,0.0,-0.023882528722030227,10.27600543133963,7.072803846043175,-0.4347043620641843,-0.4870887843790681,True,,benchmark_features_adjusted_close_exact_reference,True,False,False,False,False,False,False,False,True,False,base_00631L,00631L,blocked_no_bear_cash_classifier,ready_for_00631L_base; blocked_for_stock_exception_unadjusted_ohlc
2022-12-16,2022-12-19,2022-12-26,00631L,etf,fallback_full_signal_aligned_00631L,hold_same_state_no_trade,adjusted_close,adjusted_close,4.365910053253174,4.288640022277832,-0.017698493563275686,0.0,-0.017698493563275686,10.09413561535688,6.947625872699668,-0.4447092432735392,-0.49616654022726714,True,,benchmark_features_adjusted_close_exact_reference,True,False,False,False,False,False,False,False,True,False,base_00631L,00631L,blocked_no_bear_cash_classifier,ready_for_00631L_base; blocked_for_stock_exception_unadjusted_ohlc
2022-12-23,2022-12-26,2022-12-29,00631L,etf,fallback_full_signal_aligned_00631L,hold_same_state_no_trade,adjusted_close,adjusted_close,4.288640022277832,4.168179988861084,-0.028088166129823122,0.0,-0.028088166129823122,9.810609857255772,6.752479802979422,-0.46030634229882716,-0.5103182981471273,True,,benchmark_features_adjusted_close_exact_reference,True,False,False,False,False,False,False,False,True,False,base_00631L,00631L,blocked_no_bear_cash_classifier,ready_for_00631L_base; blocked_for_stock_exception_unadjusted_ohlc
