signal_date,0050_feature_asof_date,0050_adjusted_close,0050_ma20,0050_ma40,0050_ma60,0050_ma120,0050_bias20,0050_bias40,0050_bias60,0050_bias120,0050_price_vs_ma20,0050_price_vs_ma40,0050_price_vs_ma60,0050_price_vs_ma120,0050_above_ma20_flag,0050_above_ma40_flag,0050_above_ma60_flag,0050_above_ma120_flag,0050_return_20d,0050_return_40d,0050_return_60d,0050_return_slope_20d,0050_return_slope_40d,0050_return_slope_60d,0050_close_slope_20d,0050_close_slope_40d,0050_close_slope_60d,0050_close_vs_20d_high,0050_close_vs_40d_high,0050_close_vs_60d_high,0050_drawdown_from_20d_high,0050_drawdown_from_40d_high,0050_drawdown_from_60d_high,0050_new_20d_high_flag,0050_new_40d_high_flag,0050_new_60d_high_flag,0050_trend_state_label_candidate,trend_label_policy,0050_feature_algorithm,feature_asof_date,source_quality,future_return_used_as_feature,diagnostic_only
2015-01-09,2015-01-09,11.65059757232666,11.566940021514894,11.627262616157532,,,0.007232470355700071,0.002006917443896139,,,0.007232470355700071,0.002006917443896139,,,True,True,False,False,0.01301680990019527,0.01769211968053086,,0.0006508404950097635,0.0004423029920132715,,0.007485246658325196,0.005063509941101119,,-0.01562505665587821,-0.020000229426665128,,-0.01562505665587821,-0.020000229426665128,,False,False,False,neutral,candidate_feature_label_only_not_live_rule,rolling_adjusted_close_asof_signal_date_including_signal_close,2015-01-09,benchmark_features_adjusted_close_pit_asof,False,True
2015-01-16,2015-01-16,11.536118507385254,11.60964994430542,11.633426904678345,,,-0.0063336480662997685,-0.008364551399206221,,,-0.0063336480662997685,-0.008364551399206221,,,False,False,False,False,0.030684437176630386,-0.005315210684264993,,0.0015342218588315192,-0.0001328802671066248,,0.01717205047607422,-0.0015411138534545898,,-0.025297549621685733,-0.029629731834722617,,-0.025297549621685733,-0.029629731834722617,,False,False,False,weak,candidate_feature_label_only_not_live_rule,rolling_adjusted_close_asof_signal_date_including_signal_close,2015-01-16,benchmark_features_adjusted_close_pit_asof,False,True
2015-01-23,2015-01-23,12.09971523284912,11.6937490940094,11.64575548171997,,,0.03471650841625218,0.03898070432972056,,,0.03471650841625218,0.03898070432972056,,,True,True,False,False,0.03619914343397368,0.027673914413419487,,0.001809957171698684,0.0006918478603354872,,0.021134901046752842,0.008145737648010165,,0.0,0.0,,0.0,0.0,,True,True,False,neutral,candidate_feature_label_only_not_live_rule,rolling_adjusted_close_asof_signal_date_including_signal_close,2015-01-23,benchmark_features_adjusted_close_pit_asof,False,True
2015-01-30,2015-01-30,11.976428031921388,11.778728914260864,11.684722781181335,11.672761170069377,,0.016784418683850166,0.02496467021107729,0.026014998287693603,,0.016784418683850166,0.02496467021107729,0.026014998287693603,,True,True,True,False,0.017202672905974437,0.017202672905974437,0.0381679092715852,0.0008601336452987218,0.0004300668226493609,0.0006361318211930867,0.010127115249633788,0.005063557624816894,0.0073384920756022435,-0.016630417972565703,-0.016630417972565703,-0.016630417972565703,-0.016630417972565703,-0.016630417972565703,-0.016630417972565703,False,False,False,uptrend,candidate_feature_label_only_not_live_rule,rolling_adjusted_close_asof_signal_date_including_signal_close,2015-01-30,benchmark_features_adjusted_close_pit_asof,False,True
2015-02-06,2015-02-06,12.1085205078125,11.910381650924682,11.738660836219788,11.721635627746583,,0.016635810899681358,0.031507825019656766,0.033006049015046335,,0.016635810899681358,0.031507825019656766,0.033006049015046335,,True,True,True,False,0.039304673656699984,0.052833105022073834,0.05769217632756929,0.0019652336828349993,0.001320827625551846,0.0009615362721261549,0.02289614677429199,0.015190696716308594,0.01100772221883141,-0.009366182435669335,-0.009366182435669335,-0.009366182435669335,-0.009366182435669335,-0.009366182435669335,-0.009366182435669335,False,False,False,uptrend,candidate_feature_label_only_not_live_rule,rolling_adjusted_close_asof_signal_date_including_signal_close,2015-02-06,benchmark_features_adjusted_close_pit_asof,False,True
2015-02-13,2015-02-13,12.23180866241455,12.047758340835571,11.828704142570496,11.77153738339742,,0.015276727534876411,0.034078502174495595,0.03910035401716483,,0.015276727534876411,0.034078502174495595,0.03910035401716483,,True,True,True,False,0.06030539254463507,0.09284026675021329,0.054669645993598026,0.0030152696272317536,0.002321006668755332,0.0009111607665599671,0.03478450775146484,0.025978279113769532,0.010567426681518555,0.0,0.0,0.0,0.0,0.0,0.0,True,True,True,uptrend,candidate_feature_label_only_not_live_rule,rolling_adjusted_close_asof_signal_date_including_signal_close,2015-02-13,benchmark_features_adjusted_close_pit_asof,False,True
2015-02-26,2015-02-26,12.381516456604004,12.145507287979125,11.901135158538818,11.804707368214926,,0.019431808242251547,0.040364325895460684,0.04886263338828556,,0.019431808242251547,0.040364325895460684,0.04886263338828556,,True,True,True,False,0.045353485213192046,0.0651517449942105,0.052395477514838085,0.0022676742606596023,0.0016287936248552625,0.0008732579585806348,0.026859092712402433,0.01893339157104488,0.010273949305216471,-0.007061790417593694,-0.007061790417593694,-0.007061790417593694,-0.007061790417593694,-0.007061790417593694,-0.007061790417593694,False,False,False,uptrend,candidate_feature_label_only_not_live_rule,rolling_adjusted_close_asof_signal_date_including_signal_close,2015-02-26,benchmark_features_adjusted_close_pit_asof,False,True
2015-03-06,2015-03-06,12.29345417022705,12.1987850189209,11.977308893203736,11.84536264737447,,0.007760539361855612,0.02639535139673188,0.03782843431576155,,0.007760539361855612,0.02639535139673188,0.03782843431576155,,True,True,True,False,0.009400203201500368,0.03869077763572015,0.044910420878395696,0.0004700101600750184,0.0009672694408930038,0.0007485070146399283,0.0057242393493652345,0.011448144912719727,0.008806244532267252,-0.014123963235708192,-0.014123963235708192,-0.014123963235708192,-0.014123963235708192,-0.014123963235708192,-0.014123963235708192,False,False,False,uptrend,candidate_feature_label_only_not_live_rule,rolling_adjusted_close_asof_signal_date_including_signal_close,2015-03-06,benchmark_features_adjusted_close_pit_asof,False,True
2015-03-13,2015-03-13,12.23180866241455,12.231367778778075,12.047978568077088,11.88425669670105,,3.604532579259967e-05,0.015258169102703167,0.02924473735155675,,3.604532579259967e-05,0.015258169102703167,0.02924473735155675,,True,True,True,False,0.0007203855455377717,0.0684615280805203,0.046722100746457995,3.6019277276888585e-05,0.0017115382020130077,0.0007787016791076332,0.0004402637481689453,0.019593787193298386,0.009099769592285185,-0.019067637168596607,-0.019067637168596607,-0.019067637168596607,-0.019067637168596607,-0.019067637168596607,-0.019067637168596607,False,False,False,uptrend,candidate_feature_label_only_not_live_rule,rolling_adjusted_close_asof_signal_date_including_signal_close,2015-03-13,benchmark_features_adjusted_close_pit_asof,False,True
2015-03-20,2015-03-20,12.425542831420898,12.28024206161499,12.13251805305481,11.948835452397665,,0.011832077012560172,0.024152016678212096,0.03989571878551379,,0.011832077012560172,0.024152016678212096,0.03989571878551379,,True,True,True,False,0.02246369225655065,0.07545734972529416,0.0837173315908406,0.0011231846128275324,0.0018864337431323541,0.0013952888598473435,0.013649559020996094,0.02179534435272217,0.015997918446858696,-0.0035310864090573046,-0.0035310864090573046,-0.0035310864090573046,-0.0035310864090573046,-0.0035310864090573046,-0.0035310864090573046,False,False,False,uptrend,candidate_feature_label_only_not_live_rule,rolling_adjusted_close_asof_signal_date_including_signal_close,2015-03-20,benchmark_features_adjusted_close_pit_asof,False,True
2015-03-27,2015-03-27,12.1085205078125,12.278920984268188,12.212214136123658,12.027063767115274,,-0.013877479680340477,-0.008490976915024206,0.006772786964009292,,-0.013877479680340477,-0.008490976915024206,0.006772786964009292,,False,False,True,False,-0.022048668250640224,0.02230483301307573,0.04166656753224274,-0.0011024334125320113,0.0005576208253268933,0.0006944427922040456,-0.013649797439575196,0.006604647636413619,0.008072328567504854,-0.028268502016904562,-0.02895475559406091,-0.02895475559406091,-0.028268502016904562,-0.02895475559406091,-0.02895475559406091,False,False,False,weak,candidate_feature_label_only_not_live_rule,rolling_adjusted_close_asof_signal_date_including_signal_close,2015-03-27,benchmark_features_adjusted_close_pit_asof,False,True
2015-04-02,2015-04-02,12.240612983703612,12.247659063339233,12.220359921455383,12.059793519973756,,-0.000575300112387378,0.0016573212555441863,0.01499357873999907,,-0.000575300112387378,0.0016573212555441863,0.01499357873999907,,False,True,True,False,-0.0028695284004617294,0.005061479220786591,0.04589917764435136,-0.00014347642002308648,0.00012653698051966477,0.0007649862940725227,-0.0017612934112550605,0.0015410900115966353,0.008952967325846325,-0.017667832894104007,-0.01836157284699358,-0.01836157284699358,-0.017667832894104007,-0.01836157284699358,-0.01836157284699358,False,False,False,weak,candidate_feature_label_only_not_live_rule,rolling_adjusted_close_asof_signal_date_including_signal_close,2015-04-02,benchmark_features_adjusted_close_pit_asof,False,True
2015-04-10,2015-04-10,12.267032623291016,12.251621723175049,12.236871528625489,12.088853963216145,,0.0012578661392079749,0.002464771702062274,0.014739086154653691,,0.0012578661392079749,0.002464771702062274,0.014739086154653691,,True,True,True,False,0.008689307784304434,0.02201018949939071,0.046581436536174525,0.0004344653892152217,0.0005502547374847677,0.0007763572756029087,0.0052836894989013675,0.006604623794555708,0.009099721908569336,-0.015547607228558968,-0.01624284452145497,-0.01624284452145497,-0.015547607228558968,-0.01624284452145497,-0.01624284452145497,False,False,False,uptrend,candidate_feature_label_only_not_live_rule,rolling_adjusted_close_asof_signal_date_including_signal_close,2015-04-10,benchmark_features_adjusted_close_pit_asof,False,True
2015-04-17,2015-04-17,12.161358833312988,12.248979616165162,12.247218656539918,12.143012030919392,,-0.007153312814443646,-0.007010556897429243,0.0015108938661083648,,-0.007153312814443646,-0.007010556897429243,0.0015108938661083648,,False,False,True,False,-0.012160194765144516,0.008029066276000751,0.05019012709481374,-0.0006080097382572258,0.00020072665690001879,0.0008365021182468957,-0.007485246658325196,0.002421665191650391,0.009686819712320964,-0.02402812721996883,-0.02471737542308805,-0.02471737542308805,-0.02402812721996883,-0.02471737542308805,-0.02471737542308805,False,False,False,weak,candidate_feature_label_only_not_live_rule,rolling_adjusted_close_asof_signal_date_including_signal_close,2015-04-17,benchmark_features_adjusted_close_pit_asof,False,True
2015-04-24,2015-04-24,12.716147422790527,12.236210823059082,12.270555067062379,12.20803108215332,,0.03922264879802562,0.03631395265274051,0.04162148156552559,,0.03922264879802562,0.03631395265274051,0.04162148156552559,,True,True,True,False,0.027758032737251304,0.027758032737251304,0.08981132414739501,0.0013879016368625653,0.0006939508184312826,0.0014968554024565835,0.01717209815978995,0.008586049079894974,0.017465623219807942,0.0,0.0,0.0,0.0,0.0,0.0,True,True,True,uptrend,candidate_feature_label_only_not_live_rule,rolling_adjusted_close_asof_signal_date_including_signal_close,2015-04-24,benchmark_features_adjusted_close_pit_asof,False,True
2015-04-30,2015-04-30,12.584057807922363,12.3471688747406,12.30401861667633,12.261748949686686,,0.0191856882808481,0.02275997785524142,0.02628571662641277,,0.0191856882808481,0.02275997785524142,0.02628571662641277,,True,True,True,False,0.03475754481082305,0.022174691531220647,0.04002925405701441,0.0017378772405411524,0.0005543672882805162,0.0006671542342835734,0.02113494873046875,0.006824851036071777,0.008072376251220733,-0.01786940255849001,-0.01786940255849001,-0.01786940255849001,-0.01786940255849001,-0.01786940255849001,-0.01786940255849001,False,False,False,uptrend,candidate_feature_label_only_not_live_rule,rolling_adjusted_close_asof_signal_date_including_signal_close,2015-04-30,benchmark_features_adjusted_close_pit_asof,False,True
2015-05-08,2015-05-08,12.41673755645752,12.428185892105102,12.337261962890626,12.29623990058899,11.984500535329182,-0.0009211590289178728,0.006441915054243852,0.009799553102632474,0.036066335835535535,-0.0009211590289178728,0.006441915054243852,0.009799553102632474,0.036066335835535535,False,True,True,True,0.020260406761263283,0.022480140987191533,0.03676467836341124,0.0010130203380631642,0.0005620035246797883,0.0006127446393901873,0.012328624725341797,0.0068248271942138675,0.007338492075602184,-0.030928015371900264,-0.030928015371900264,-0.030928015371900264,-0.030928015371900264,-0.030928015371900264,-0.030928015371900264,False,False,False,weak,candidate_feature_label_only_not_live_rule,rolling_adjusted_close_asof_signal_date_including_signal_close,2015-05-08,benchmark_features_adjusted_close_pit_asof,False,True
2015-05-15,2015-05-15,12.3286771774292,12.475739669799804,12.366102266311646,12.321777884165446,12.021706755956014,-0.011787877613910203,-0.0030264256332734885,0.0005599267677613984,0.025534678869213012,-0.011787877613910203,-0.0030264256332734885,0.0005599267677613984,0.025534678869213012,False,False,True,True,0.004304253757142273,0.012292320431930515,0.018181962814916464,0.00021521268785711366,0.00030730801079826284,0.00030303271358194105,0.002641916275024325,0.003742694854736328,0.003669277826944987,-0.03780074227653685,-0.03780074227653685,-0.03780074227653685,-0.03780074227653685,-0.03780074227653685,-0.03780074227653685,False,False,False,weak,candidate_feature_label_only_not_live_rule,rolling_adjusted_close_asof_signal_date_including_signal_close,2015-05-15,benchmark_features_adjusted_close_pit_asof,False,True
2015-05-22,2015-05-22,12.451964378356934,12.520651292800903,12.369845008850097,12.348196442921957,12.059866913159688,-0.005485889898032892,0.006638674085898577,0.00840348919897993,0.03251258641746624,-0.005485889898032892,0.006638674085898577,0.00840348919897993,0.03251258641746624,False,True,True,True,-0.011188699551284209,0.002837043284457108,0.017998623263203006,-0.0005594349775642105,7.09260821114277e-05,0.00029997705438671675,-0.00704488754272461,0.0008806705474853516,0.003669261932373047,-0.028178716205755627,-0.028178716205755627,-0.028178716205755627,-0.028178716205755627,-0.028178716205755627,-0.028178716205755627,False,False,False,weak,candidate_feature_label_only_not_live_rule,rolling_adjusted_close_asof_signal_date_including_signal_close,2015-05-22,benchmark_features_adjusted_close_pit_asof,False,True
2015-05-29,2015-05-29,12.52241325378418,12.473538160324097,12.410353517532348,12.360525131225586,12.091715995470683,0.003918302315821354,0.009029536192786347,0.013097188091922174,0.03561920065562463,0.003918302315821354,0.009029536192786347,0.013097188091922174,0.03561920065562463,True,True,True,True,-0.004898622930623819,0.02968865777417684,0.017167443148182526,-0.000244931146531191,0.0007422164443544211,0.00028612405246970877,-0.0030822277069091795,0.009026360511779786,0.003522491455078125,-0.006983264516591592,-0.0226804900239842,-0.0226804900239842,-0.006983264516591592,-0.0226804900239842,-0.0226804900239842,False,False,False,weak,candidate_feature_label_only_not_live_rule,rolling_adjusted_close_asof_signal_date_including_signal_close,2015-05-29,benchmark_features_adjusted_close_pit_asof,False,True
2015-06-05,2015-06-05,12.055682182312012,12.410573577880859,12.419379734992981,12.36169916788737,12.111456473668417,-0.02859588989515871,-0.029284679302961636,-0.024755252608825384,-0.004605085398082798,-0.02859588989515871,-0.029284679302961636,-0.024755252608825384,-0.004605085398082798,False,False,False,False,-0.029078119151977666,-0.009406846912585975,-0.007251658382965043,-0.0014539059575988833,-0.0002351711728146494,-0.00012086097304941737,-0.01805276870727539,-0.002862071990966797,-0.0014677047729492188,-0.042657494490734416,-0.05910680600775964,-0.05910680600775964,-0.042657494490734416,-0.05910680600775964,-0.05910680600775964,False,False,False,drawdown_risk,candidate_feature_label_only_not_live_rule,rolling_adjusted_close_asof_signal_date_including_signal_close,2015-06-05,benchmark_features_adjusted_close_pit_asof,False,True
2015-06-12,2015-06-12,12.117329597473145,12.329556655883788,12.402648162841796,12.353920396169027,12.128701996803283,-0.01721287020562634,-0.023004648815521778,-0.019151070357329658,-0.0009376435609627087,-0.01721287020562634,-0.023004648815521778,-0.019151070357329658,-0.0009376435609627087,False,False,False,False,-0.017142762107761333,-0.01291229514882919,-0.0050611660007477965,-0.0008571381053880667,-0.00032280737872072973,-8.435276667912994e-05,-0.010567378997802735,-0.003962731361389205,-0.0010273297627766927,-0.03776206924676773,-0.05429549525195465,-0.05429549525195465,-0.03776206924676773,-0.05429549525195465,-0.05429549525195465,False,False,False,drawdown_risk,candidate_feature_label_only_not_live_rule,rolling_adjusted_close_asof_signal_date_including_signal_close,2015-06-12,benchmark_features_adjusted_close_pit_asof,False,True
2015-06-18,2015-06-18,12.046875953674316,12.252502632141113,12.39009940624237,12.330143769582113,12.148589317003886,-0.016782422713167988,-0.027701428480479517,-0.022973602027788642,-0.008372442320295215,-0.016782422713167988,-0.027701428480479517,-0.022973602027788642,-0.008372442320295215,False,False,False,False,-0.024946708887883084,-0.017947019167348977,-0.03321559319097067,-0.0012473354443941543,-0.00044867547918372443,-0.0005535932198495112,-0.015410947799682616,-0.00550391674041748,-0.006898196538289388,-0.04335679767910705,-0.059794093584244035,-0.059794093584244035,-0.04335679767910705,-0.059794093584244035,-0.059794093584244035,False,False,False,drawdown_risk,candidate_feature_label_only_not_live_rule,rolling_adjusted_close_asof_signal_date_including_signal_close,2015-06-18,benchmark_features_adjusted_close_pit_asof,False,True
2015-06-26,2015-06-26,12.407933235168455,12.203187894821166,12.339904141426086,12.335280736287435,12.185575366020203,0.016778020801775817,0.005512935348824133,0.00588981316552406,0.01824762987952977,0.016778020801775817,0.005512935348824133,0.00588981316552406,0.01824762987952977,True,True,True,True,-0.01468521549314783,-0.018801996233024698,0.023982481895673757,-0.0007342607746573914,-0.0004700499058256175,0.0003997080315945626,-0.009246444702148526,-0.00594410896301274,0.0048433939615885125,-0.00914200931526754,-0.016061432762597416,-0.03161515408817761,-0.00914200931526754,-0.016061432762597416,-0.03161515408817761,False,False,False,weak,candidate_feature_label_only_not_live_rule,rolling_adjusted_close_asof_signal_date_including_signal_close,2015-06-26,benchmark_features_adjusted_close_pit_asof,False,True
2015-07-03,2015-07-03,12.346288681030272,12.18469524383545,12.306660795211792,12.343059619267782,12.20810460249583,0.013262000728050838,0.003220035595187465,0.00026160950867071264,0.011319044440870174,0.013262000728050838,0.003220035595187465,0.00026160950867071264,0.011319044440870174,True,True,True,True,0.021865968605893293,-0.004968156498735943,0.01594208653401097,0.0010932984302946646,-0.00012420391246839856,0.00026570144223351616,0.01320934295654288,-0.0015411138534545898,0.0032289505004882515,-0.004968156498735943,-0.019580413543096142,-0.0364262415536718,-0.004968156498735943,-0.019580413543096142,-0.0364262415536718,False,False,False,uptrend,candidate_feature_label_only_not_live_rule,rolling_adjusted_close_asof_signal_date_including_signal_close,2015-07-03,benchmark_features_adjusted_close_pit_asof,False,True
2015-07-09,2015-07-09,11.817916870117188,12.17721004486084,12.264170956611633,12.329556894302367,12.223075151443481,-0.029505377128259735,-0.036386812290305603,-0.041497032583678206,-0.03314700075933408,-0.029505377128259735,-0.036386812290305603,-0.041497032583678206,-0.03314700075933408,False,False,False,False,-0.022578296966683897,-0.056258835209267555,-0.034532266819413016,-0.001128914848334195,-0.001406470880231689,-0.0005755377803235502,-0.013649606704711914,-0.017612409591674805,-0.0070449352264404,-0.047551542538845526,-0.06153845338277886,-0.077663347282527,-0.047551542538845526,-0.06153845338277886,-0.077663347282527,False,False,False,drawdown_risk,candidate_feature_label_only_not_live_rule,rolling_adjusted_close_asof_signal_date_including_signal_close,2015-07-09,benchmark_features_adjusted_close_pit_asof,False,True
2015-07-17,2015-07-17,12.064492225646973,12.152993106842041,12.202747869491578,12.311063973108928,12.242008519172668,-0.007282229193830703,-0.011329877935957522,-0.020028467726310395,-0.01450058568801682,-0.007282229193830703,-0.011329877935957522,-0.020028467726310395,-0.01450058568801682,False,False,False,False,0.0014623103981812324,-0.023520878321509064,-0.01651095288191262,7.311551990906162e-05,-0.0005880219580377266,-0.00027518254803187705,0.0008808135986328125,-0.007265067100524903,-0.003375673294067383,-0.027679147124039183,-0.04195788837700398,-0.05841922071086092,-0.027679147124039183,-0.04195788837700398,-0.05841922071086092,False,False,False,weak,candidate_feature_label_only_not_live_rule,rolling_adjusted_close_asof_signal_date_including_signal_close,2015-07-17,benchmark_features_adjusted_close_pit_asof,False,True
2015-07-24,2015-07-24,11.756272315979004,12.05524411201477,12.12921600341797,12.245017464955648,12.249347019195557,-0.024800144506223587,-0.03074755098217985,-0.03991379762220815,-0.040253141856775865,-0.024800144506223587,-0.03074755098217985,-0.03991379762220815,-0.040253141856775865,False,False,False,False,-0.05251969903758147,-0.06643365143272717,-0.07033422008714196,-0.0026259849518790734,-0.0016608412858181792,-0.001172237001452366,-0.03258304595947257,-0.020914745330810548,-0.01482375462849935,-0.04778896559885337,-0.06118157277501235,-0.06773759018537484,-0.04778896559885337,-0.06118157277501235,-0.06773759018537484,False,False,False,drawdown_risk,candidate_feature_label_only_not_live_rule,rolling_adjusted_close_asof_signal_date_including_signal_close,2015-07-24,benchmark_features_adjusted_close_pit_asof,False,True
2015-07-31,2015-07-31,11.65059757232666,11.89012770652771,12.03741147518158,12.167816432317098,12.228358920415243,-0.020145295333501623,-0.03213430924517635,-0.04250712219956987,-0.047247660282853654,-0.020145295333501623,-0.03213430924517635,-0.04250712219956987,-0.047247660282853654,False,False,False,False,-0.05634819715276229,-0.0357143364568101,-0.06103640698962165,-0.0028174098576381145,-0.0008928584114202525,-0.0010172734498270276,-0.034784555435180574,-0.010787606239318848,-0.012622261047363251,-0.04956906511301584,-0.06103640698962165,-0.07482528969319946,-0.04956906511301584,-0.06103640698962165,-0.07482528969319946,False,False,False,drawdown_risk,candidate_feature_label_only_not_live_rule,rolling_adjusted_close_asof_signal_date_including_signal_close,2015-07-31,benchmark_features_adjusted_close_pit_asof,False,True
2015-08-07,2015-08-07,11.395218849182127,11.761116695404052,11.961457991600037,12.087680006027222,12.202894306182861,-0.031110808241951116,-0.047338639053496,-0.0572865228480417,-0.0661872041775784,-0.031110808241951116,-0.047338639053496,-0.0572865228480417,-0.0661872041775784,False,False,False,False,-0.035767557479093104,-0.060275870454278735,-0.07703285225376566,-0.0017883778739546552,-0.0015068967613569683,-0.0012838808708960944,-0.02113490104675302,-0.01827282905578618,-0.015851163864135744,-0.05753828391124116,-0.08161829748696092,-0.09510493069332893,-0.05753828391124116,-0.08161829748696092,-0.09510493069332893,False,False,False,drawdown_risk,candidate_feature_label_only_not_live_rule,rolling_adjusted_close_asof_signal_date_including_signal_close,2015-08-07,benchmark_features_adjusted_close_pit_asof,False,True
2015-08-14,2015-08-14,11.148645401000977,11.56605954170227,11.859526324272156,11.990518426895141,12.167522803942363,-0.03608957218284037,-0.05994176359440795,-0.07021156182920452,-0.08373745579595404,-0.03608957218284037,-0.05994176359440795,-0.07021156182920452,-0.08373745579595404,False,False,False,False,-0.07591258774232268,-0.07456128511055005,-0.09764793532447369,-0.003795629387116134,-0.0018640321277637512,-0.0016274655887412281,-0.045792341232299805,-0.022455763816833497,-0.020107491811116537,-0.07793157676418261,-0.10149053918167561,-0.11468534423642474,-0.07793157676418261,-0.10149053918167561,-0.11468534423642474,False,False,False,drawdown_risk,candidate_feature_label_only_not_live_rule,rolling_adjusted_close_asof_signal_date_including_signal_close,2015-08-14,benchmark_features_adjusted_close_pit_asof,False,True
2015-08-21,2015-08-21,10.53221321105957,11.300993251800538,11.678118681907653,11.853141752878825,12.105072196324667,-0.06802765240289665,-0.09812415013587583,-0.1114412169666692,-0.12993387893569497,-0.06802765240289665,-0.09812415013587583,-0.1114412169666692,-0.12993387893569497,False,False,False,False,-0.10411966242528303,-0.151171028128394,-0.16363626449715563,-0.0052059831212641515,-0.00377927570320985,-0.002727271074952594,-0.06120295524597168,-0.046893000602722126,-0.034344148635864255,-0.10075175211233844,-0.14693285705833026,-0.15893103049631319,-0.10075175211233844,-0.14693285705833026,-0.15893103049631319,False,False,False,drawdown_risk,candidate_feature_label_only_not_live_rule,rolling_adjusted_close_asof_signal_date_including_signal_close,2015-08-21,benchmark_features_adjusted_close_pit_asof,False,True
2015-08-28,2015-08-28,10.884458541870115,11.037687921524048,11.463907814025879,11.704170290629069,12.033668581644694,-0.01388238014549481,-0.050545527891180164,-0.07003586998518418,-0.09549955875696148,-0.01388238014549481,-0.050545527891180164,-0.07003586998518418,-0.09549955875696148,False,False,False,False,-0.06575963384713701,-0.11840239418718745,-0.09912540861545382,-0.0032879816923568504,-0.0029600598546796865,-0.0016520901435908971,-0.03830695152282724,-0.036545753479003906,-0.019960721333821645,-0.05936078102222053,-0.11206905538817613,-0.12278230906177634,-0.05936078102222053,-0.11206905538817613,-0.12278230906177634,False,False,False,drawdown_risk,candidate_feature_label_only_not_live_rule,rolling_adjusted_close_asof_signal_date_including_signal_close,2015-08-28,benchmark_features_adjusted_close_pit_asof,False,True
2015-09-04,2015-09-04,10.805204391479492,10.894146776199339,11.327631735801697,11.605687586466471,11.980317656199137,-0.008164235946789389,-0.04611973239481648,-0.06897335371326319,-0.09808698721035913,-0.008164235946789389,-0.04611973239481648,-0.06897335371326319,-0.09808698721035913,False,False,False,False,-0.05177736957153589,-0.08569297700836287,-0.10893231400505743,-0.0025888684785767948,-0.0021423244252090716,-0.0018155385667509572,-0.029500722885131746,-0.025317811965942384,-0.022015460332234702,-0.04957414000473448,-0.10633647249219269,-0.1291696863057149,-0.04957414000473448,-0.10633647249219269,-0.1291696863057149,False,False,False,drawdown_risk,candidate_feature_label_only_not_live_rule,rolling_adjusted_close_asof_signal_date_including_signal_close,2015-09-04,benchmark_features_adjusted_close_pit_asof,False,True
2015-09-11,2015-09-11,11.18386936187744,10.844831657409667,11.205445599555969,11.521294768651327,11.925719269116719,0.0312626064818744,-0.0019255135805918977,-0.029287108224329006,-0.062205883812844864,0.0312626064818744,-0.0019255135805918977,-0.029287108224329006,-0.062205883812844864,True,False,False,False,0.0031594834717139086,-0.07299294883687557,-0.07163737678677251,0.00015797417358569542,-0.0018248237209218892,-0.001193956279779542,0.0017611980438231533,-0.022015571594238326,-0.014383443196614613,-0.010132538725041829,-0.07501831682117965,-0.0986517133910414,-0.010132538725041829,-0.07501831682117965,-0.0986517133910414,False,False,False,neutral,candidate_feature_label_only_not_live_rule,rolling_adjusted_close_asof_signal_date_including_signal_close,2015-09-11,benchmark_features_adjusted_close_pit_asof,False,True
2015-09-18,2015-09-18,11.421637535095217,10.953147888183592,11.127070569992066,11.4364617506663,11.885871243476867,0.042772146573227365,0.026473002327993767,-0.001296223945331687,-0.03905760872484865,0.042772146573227365,0.026473002327993767,-0.001296223945331687,-0.03905760872484865,True,True,False,False,0.08444799836578398,-0.02846436114183537,-0.07948912049895052,0.004222399918289199,-0.0007116090285458843,-0.0013248186749825086,0.044471216201782314,-0.008365869522094681,-0.01643826166788731,-0.0023077836862857026,-0.02481203754428718,-0.0748930443652881,-0.0023077836862857026,-0.02481203754428718,-0.0748930443652881,False,False,False,neutral,candidate_feature_label_only_not_live_rule,rolling_adjusted_close_asof_signal_date_including_signal_close,2015-09-18,benchmark_features_adjusted_close_pit_asof,False,True
2015-09-25,2015-09-25,10.963716506958008,11.076875019073485,11.057281470298767,11.334896882375082,11.838978250821432,-0.01021574333199815,-0.008461841510690182,-0.03274669185515322,-0.07393051370819903,-0.01021574333199815,-0.008461841510690182,-0.03274669185515322,-0.07393051370819903,False,False,False,False,0.007281755429818126,-0.05895672398814822,-0.1119828160341454,0.00036408777149090634,-0.0014739180997037054,-0.0018663802672357565,0.00396289825439462,-0.017172026634216308,-0.023042869567871063,-0.04230767372438771,-0.05251127628192931,-0.10560335941094545,-0.04230767372438771,-0.05251127628192931,-0.10560335941094545,False,False,False,drawdown_risk,candidate_feature_label_only_not_live_rule,rolling_adjusted_close_asof_signal_date_including_signal_close,2015-09-25,benchmark_features_adjusted_close_pit_asof,False,True
2015-10-02,2015-10-02,11.13983917236328,11.105054903030396,11.014351201057433,11.270317999521891,11.79993744691213,0.003132291522790265,0.011393133287215251,-0.011577209016120693,-0.05594082828986424,0.003132291522790265,0.011393133287215251,-0.011577209016120693,-0.05594082828986424,True,True,False,False,0.017698913809700567,-0.026923171121206457,-0.057377091513352685,0.0008849456904850284,-0.0006730792780301614,-0.000956284858555878,0.009686708450317294,-0.0077054500579833984,-0.011301294962565133,-0.026923171121206457,-0.026923171121206457,-0.0786599114687635,-0.026923171121206457,-0.026923171121206457,-0.0786599114687635,False,False,False,neutral,candidate_feature_label_only_not_live_rule,rolling_adjusted_close_asof_signal_date_including_signal_close,2015-10-02,benchmark_features_adjusted_close_pit_asof,False,True
2015-10-08,2015-10-08,11.395218849182127,11.181228637695312,11.01258988380432,11.227167622248333,11.77131732304891,0.019138345026358694,0.0347446848938342,0.014968265602517183,-0.03195041502537366,0.019138345026358694,0.0347446848938342,0.014968265602517183,-0.03195041502537366,True,True,True,False,0.008573686613496667,0.01970053688782558,-0.05201452861997091,0.00042868433067483336,0.0004925134221956395,-0.0008669088103328486,0.004843425750732333,0.005503869056701615,-0.010420640309651723,-0.004615484068103748,-0.004615484068103748,-0.05753828391124116,-0.004615484068103748,-0.004615484068103748,-0.05753828391124116,False,False,False,uptrend,candidate_feature_label_only_not_live_rule,rolling_adjusted_close_asof_signal_date_including_signal_close,2015-10-08,benchmark_features_adjusted_close_pit_asof,False,True
2015-10-16,2015-10-16,11.58014965057373,11.269290494918824,11.073132419586182,11.186365524927774,11.731102355321248,0.027584625296070753,0.04578805813707554,0.0352021507582998,-0.012867734009587295,0.027584625296070753,0.04578805813707554,0.0352021507582998,-0.012867734009587295,True,True,True,False,0.02895133061469668,0.06737019686720935,-0.03023601458639147,0.001447566530734834,0.001684254921680234,-0.0005039335764398578,0.016291379928588957,0.018272876739501953,-0.006017573674519857,-0.003787892150826311,-0.003787892150826311,-0.020848681290608906,-0.003787892150826311,-0.003787892150826311,-0.020848681290608906,False,False,False,uptrend,candidate_feature_label_only_not_live_rule,rolling_adjusted_close_asof_signal_date_including_signal_close,2015-10-16,benchmark_features_adjusted_close_pit_asof,False,True
2015-10-23,2015-10-23,11.6065673828125,11.351628541946411,11.204124569892883,11.180054457982381,11.687291526794434,0.022458349471535355,0.035919166232856625,0.03814944966798395,-0.006907001831593318,0.022458349471535355,0.035919166232856625,0.03814944966798395,-0.006907001831593318,True,True,True,False,0.05693668194098067,0.09196341916516393,0.007645287790357669,0.0028468340970490336,0.002299085479129098,0.0001274214631726278,0.03126201629638672,0.02443716526031494,0.001467704772949189,-0.0015152389026124036,-0.0015152389026124036,-0.009022588716259716,-0.0015152389026124036,-0.0015152389026124036,-0.009022588716259716,False,False,False,uptrend,candidate_feature_label_only_not_live_rule,rolling_adjusted_close_asof_signal_date_including_signal_close,2015-10-23,benchmark_features_adjusted_close_pit_asof,False,True
2015-10-30,2015-10-30,11.479421615600586,11.496792984008788,11.296080589294434,11.180302095413207,11.65086959997813,-0.0015109751417081707,0.016230499141437482,0.02675415365655409,-0.014715466764632312,-0.0015109751417081707,0.016230499141437482,0.02675415365655409,-0.014715466764632312,False,True,True,False,0.0248129448952088,0.04956670334076074,-0.00794383650067032,0.0012406472447604399,0.0012391675835190185,-0.000132397275011172,0.013897085189819336,0.013553142547607467,-0.0015320142110189098,-0.0209142236453721,-0.0209142236453721,-0.0209142236453721,-0.0209142236453721,-0.0209142236453721,-0.0209142236453721,False,False,False,weak,candidate_feature_label_only_not_live_rule,rolling_adjusted_close_asof_signal_date_including_signal_close,2015-10-30,benchmark_features_adjusted_close_pit_asof,False,True
2015-11-06,2015-11-06,11.642894744873049,11.608178853988647,11.39470374584198,11.21111954053243,11.621513533592225,0.0029906405923847412,0.021781259483963034,0.038513121083009416,0.00183979575629456,0.0029906405923847412,0.021781259483963034,0.038513121083009416,0.00183979575629456,True,True,True,True,0.02173507143381448,0.030495107738306437,0.041863800898181314,0.001086753571690724,0.0007623776934576609,0.0006977300149696886,0.012383794784546076,0.008613610267639205,0.007797177632649769,-0.022120564755358618,-0.022120564755358618,-0.022120564755358618,-0.022120564755358618,-0.022120564755358618,-0.022120564755358618,False,False,False,uptrend,candidate_feature_label_only_not_live_rule,rolling_adjusted_close_asof_signal_date_including_signal_close,2015-11-06,benchmark_features_adjusted_close_pit_asof,False,True
2015-11-13,2015-11-13,11.188803672790527,11.561351776123047,11.415321135520935,11.23587220509847,11.575989095369975,-0.03222357649404983,-0.01984328430547222,-0.004189130264990459,-0.033447286395104636,-0.03222357649404983,-0.01984328430547222,-0.004189130264990459,-0.033447286395104636,False,False,False,False,-0.03379455271234899,-0.005821619366203401,0.0312988984855902,-0.0016897276356174495,-0.00014554048415508502,0.00052164830809317,-0.019567298889160156,-0.0016379594802856002,0.00565948486328125,-0.06025938940746889,-0.06025938940746889,-0.06025938940746889,-0.06025938940746889,-0.06025938940746889,-0.06025938940746889,False,False,False,drawdown_risk,candidate_feature_label_only_not_live_rule,rolling_adjusted_close_asof_signal_date_including_signal_close,2015-11-13,benchmark_features_adjusted_close_pit_asof,False,True
2015-11-20,2015-11-20,11.315948486328123,11.47669792175293,11.41416323184967,11.294982353846232,11.523940134048463,-0.014006592882445879,-0.008604638248688512,0.00185623419542158,-0.018048657429745818,-0.014006592882445879,-0.008604638248688512,0.00185623419542158,-0.018048657429745818,False,False,True,False,-0.025039177122664014,0.0304718571544198,0.0646215537012178,-0.0012519588561332006,0.000761796428860495,0.0010770258950202967,-0.01453094482421884,0.00836553573608394,0.011447795232137015,-0.04958057617580425,-0.04958057617580425,-0.04958057617580425,-0.04958057617580425,-0.04958057617580425,-0.04958057617580425,False,False,False,weak,candidate_feature_label_only_not_live_rule,rolling_adjusted_close_asof_signal_date_including_signal_close,2015-11-20,benchmark_features_adjusted_close_pit_asof,False,True
2015-11-27,2015-11-27,11.2523775100708,11.406314039230347,11.451553511619569,11.332825072606404,11.48980409304301,-0.013495729525778821,-0.017392924143145305,-0.0070986326904542985,-0.020664110636661626,-0.013495729525778821,-0.017392924143145305,-0.0070986326904542985,-0.020664110636661626,False,False,False,False,-0.01977835758042301,0.00454382801802522,0.028807997777581473,-0.0009889178790211505,0.0001135957004506305,0.00048013329629302456,-0.011352205276489257,0.001272439956665039,0.005251359939575225,-0.05491986264387394,-0.05491986264387394,-0.05491986264387394,-0.05491986264387394,-0.05491986264387394,-0.05491986264387394,False,False,False,drawdown_risk,candidate_feature_label_only_not_live_rule,rolling_adjusted_close_asof_signal_date_including_signal_close,2015-11-27,benchmark_features_adjusted_close_pit_asof,False,True
2015-12-04,2015-12-04,11.216047286987305,11.291882944107055,11.450030899047851,11.360430145263672,11.455466079711915,-0.006715944319926503,-0.02043519481506406,-0.012709277415570597,-0.020899960862232447,-0.006715944319926503,-0.02043519481506406,-0.012709277415570597,-0.020899960862232447,False,False,False,False,-0.036661626445923745,-0.01572339808179135,-0.007284518955947283,-0.0018330813222961872,-0.00039308495204478375,-0.00012140864926578805,-0.021342372894287198,-0.004479289054870561,-0.0013717174530029296,-0.02985113286120744,-0.05797121531944849,-0.05797121531944849,-0.02985113286120744,-0.05797121531944849,-0.05797121531944849,False,False,False,drawdown_risk,candidate_feature_label_only_not_live_rule,rolling_adjusted_close_asof_signal_date_including_signal_close,2015-12-04,benchmark_features_adjusted_close_pit_asof,False,True
2015-12-11,2015-12-11,10.87094020843506,11.22467737197876,11.393014574050904,11.35177321434021,11.410335580507914,-0.03151423883476312,-0.04582407599169902,-0.04235752395914083,-0.04727252483216127,-0.03151423883476312,-0.04582407599169902,-0.04235752395914083,-0.04727252483216127,False,False,False,False,-0.028409066210399514,-0.0612435472371925,-0.034065298806576605,-0.0014204533105199757,-0.0015310886809298124,-0.0005677549801096101,-0.015893173217773348,-0.017730236053466752,-0.006389697392781516,-0.04697453687079256,-0.08695654263439334,-0.08695654263439334,-0.04697453687079256,-0.08695654263439334,-0.08695654263439334,False,False,False,drawdown_risk,candidate_feature_label_only_not_live_rule,rolling_adjusted_close_asof_signal_date_including_signal_close,2015-12-11,benchmark_features_adjusted_close_pit_asof,False,True
2015-12-18,2015-12-18,11.03441333770752,11.147481775283813,11.312089848518372,11.325269412994384,11.353492943445842,-0.010142957831695165,-0.024546879889503548,-0.025682044698481232,-0.028104091606673376,-0.010142957831695165,-0.024546879889503548,-0.025682044698481232,-0.028104091606673376,False,False,False,False,-0.024879500729501625,-0.04929571562667623,0.004834231832615554,-0.0012439750364750812,-0.0012323928906669058,8.057053054359257e-05,-0.014076757431030184,-0.014303851127624511,0.0008847713470458984,-0.032643296725328286,-0.0732265369241708,-0.0732265369241708,-0.032643296725328286,-0.0732265369241708,-0.0732265369241708,False,False,False,drawdown_risk,candidate_feature_label_only_not_live_rule,rolling_adjusted_close_asof_signal_date_including_signal_close,2015-12-18,benchmark_features_adjusted_close_pit_asof,False,True
2015-12-25,2015-12-25,11.188803672790527,11.092082309722901,11.249198174476623,11.331729777654012,11.306674536069234,0.008719856233202039,-0.005368782801171146,-0.01261291150317867,-0.010424892208817815,0.008719856233202039,-0.005368782801171146,-0.01261291150317867,-0.010424892208817815,True,False,False,False,-0.005649813759214473,-0.02531642730284489,-0.0011316575232450665,-0.00028249068796072364,-0.0006329106825711222,-1.886095872075111e-05,-0.003178691864013672,-0.007265448570251465,-0.00021127065022786458,-0.014399947445018046,-0.06025938940746889,-0.06025938940746889,-0.014399947445018046,-0.06025938940746889,-0.06025938940746889,False,False,False,drawdown_risk,candidate_feature_label_only_not_live_rule,rolling_adjusted_close_asof_signal_date_including_signal_close,2015-12-25,benchmark_features_adjusted_close_pit_asof,False,True
2015-12-31,2015-12-31,11.03441333770752,11.050759983062743,11.181992650032043,11.31992678642273,11.278757524490356,-0.00147923268447403,-0.01319794395716234,-0.02522219923344904,-0.021664104955911534,-0.00147923268447403,-0.01319794395716234,-0.02522219923344904,-0.021664104955911534,False,False,False,False,-0.026442279173042982,-0.07110075613019085,-0.033902686562927165,-0.0013221139586521492,-0.0017775189032547712,-0.0005650447760487861,-0.014984989166259854,-0.02111518383026123,-0.006453736623128285,-0.027999893142683807,-0.052262037963838326,-0.0732265369241708,-0.027999893142683807,-0.052262037963838326,-0.0732265369241708,False,False,False,drawdown_risk,candidate_feature_label_only_not_live_rule,rolling_adjusted_close_asof_signal_date_including_signal_close,2015-12-31,benchmark_features_adjusted_close_pit_asof,False,True
2016-01-08,2016-01-08,10.435014724731444,10.912716388702393,11.076643466949463,11.24473533630371,11.218559217453002,-0.04377477128109908,-0.05792627921378113,-0.07200886346858504,-0.0698435937747316,-0.04377477128109908,-0.05792627921378113,-0.07200886346858504,-0.0698435937747316,False,False,False,False,-0.051197121691301306,-0.07710818110730944,-0.10230106449040244,-0.002559856084565065,-0.001927704527682736,-0.0017050177415067072,-0.028153514862060636,-0.02179629802703862,-0.01981943448384609,-0.06736993248815193,-0.08519092644067583,-0.12356965089946237,-0.06736993248815193,-0.08519092644067583,-0.12356965089946237,False,False,False,drawdown_risk,candidate_feature_label_only_not_live_rule,rolling_adjusted_close_asof_signal_date_including_signal_close,2016-01-08,benchmark_features_adjusted_close_pit_asof,False,True
2016-01-15,2016-01-15,10.298785209655762,10.762866449356078,10.962212491035462,11.138551282882691,11.15856901804606,-0.04311873996430404,-0.060519469215017496,-0.07539275547597024,-0.0770514397500095,-0.04311873996430404,-0.060519469215017496,-0.07539275547597024,-0.0770514397500095,False,False,False,False,-0.07125305244661007,-0.08988758458040824,-0.10725733243268687,-0.0035626526223305035,-0.002247189614510206,-0.0017876222072114479,-0.03950591087341308,-0.025429081916809038,-0.02062222162882487,-0.07954545357687837,-0.09713379377391085,-0.1350114825216644,-0.07954545357687837,-0.09713379377391085,-0.1350114825216644,False,False,False,drawdown_risk,candidate_feature_label_only_not_live_rule,rolling_adjusted_close_asof_signal_date_including_signal_close,2016-01-15,benchmark_features_adjusted_close_pit_asof,False,True
2016-01-22,2016-01-22,10.271540641784668,10.565791130065918,10.830526065826415,11.026239458719889,11.104036784172058,-0.02784935691601298,-0.05161202887508076,-0.06844571258956123,-0.07497238694076092,-0.02784935691601298,-0.05161202887508076,-0.06844571258956123,-0.07497238694076092,False,False,False,False,-0.07598029774383896,-0.09952225019214755,-0.1066350433759925,-0.0037990148871919482,-0.0024880562548036888,-0.0017772507229332083,-0.042230415344238284,-0.028380680084228515,-0.020434093475341798,-0.08198043846604475,-0.09519987190563217,-0.13729973670819318,-0.08198043846604475,-0.09519987190563217,-0.13729973670819318,False,False,False,drawdown_risk,candidate_feature_label_only_not_live_rule,rolling_adjusted_close_asof_signal_date_including_signal_close,2016-01-22,benchmark_features_adjusted_close_pit_asof,False,True
2016-01-29,2016-01-29,10.716548919677734,10.411400175094604,10.731080079078675,10.925128491719564,11.064225427309673,0.02930909766710199,-0.0013541189977018808,-0.019091727131622993,-0.03142348372383785,0.02930909766710199,-0.0013541189977018808,-0.019091727131622993,-0.03142348372383785,True,False,False,False,-0.028806644114332536,-0.054487209961665894,-0.09785922606642106,-0.0014403322057166268,-0.0013621802490416473,-0.0016309871011070177,-0.015893220901489258,-0.015439105033874556,-0.019374529520670574,-0.009235955731811019,-0.0559999543000157,-0.07956318814985686,-0.009235955731811019,-0.0559999543000157,-0.07956318814985686,False,False,False,drawdown_risk,candidate_feature_label_only_not_live_rule,rolling_adjusted_close_asof_signal_date_including_signal_close,2016-01-29,benchmark_features_adjusted_close_pit_asof,False,True
2016-02-03,2016-02-03,10.707468032836914,10.418665742874145,10.695206928253175,10.886379384994507,11.05412252744039,0.027719700112300405,0.0011464111602506044,-0.01643442193500988,-0.0313597477993347,0.027719700112300405,0.0011464111602506044,-0.01643442193500988,-0.0313597477993347,True,True,False,False,0.008554428201811293,-0.04146349605110189,-0.06279789985014073,0.00042772141009056464,-0.0010365874012775473,-0.001046631664169012,0.00454096794128418,-0.01157934665679936,-0.011957693099975585,-0.010075499902176599,-0.04301940171889407,-0.06130569341024972,-0.010075499902176599,-0.04301940171889407,-0.06130569341024972,False,False,False,neutral,candidate_feature_label_only_not_live_rule,rolling_adjusted_close_asof_signal_date_including_signal_close,2016-02-03,benchmark_features_adjusted_close_pit_asof,False,True
2016-02-19,2016-02-19,11.052576065063477,10.563520669937134,10.699520826339722,10.86049617131551,11.057233158747355,0.0462966287857185,0.032997294407298705,0.017686106667509582,-0.0004211807435926529,0.0462966287857185,0.032997294407298705,0.017686106667509582,-0.0004211807435926529,True,True,True,False,0.06474176250166863,0.023549072210254485,-0.024057789219779524,0.0032370881250834314,0.0005887268052563622,-0.00040096315366299206,0.033602666854858396,0.006357240676879927,-0.004540920257568359,-0.0008211059756064731,-0.012175350619328063,-0.031051020315172928,-0.0008211059756064731,-0.012175350619328063,-0.031051020315172928,False,False,False,uptrend,candidate_feature_label_only_not_live_rule,rolling_adjusted_close_asof_signal_date_including_signal_close,2016-02-19,benchmark_features_adjusted_close_pit_asof,False,True
2016-02-26,2016-02-26,11.125231742858888,10.751060247421265,10.702699518203735,10.841575638453167,11.077816557884216,0.03480321817816723,0.039479032737160136,0.026163734300726826,0.004280192285809781,0.03480321817816723,0.039479032737160136,0.026163734300726826,0.004280192285809781,True,True,True,True,0.09570642304550137,0.007401331129062605,-0.011299458012150598,0.004785321152275068,0.00018503327822656513,-0.00018832430020250998,0.04858765602111825,0.002043414115905806,-0.002119096120198538,0.0,-0.005681745054320286,-0.024681496644514578,0.0,-0.005681745054320286,-0.024681496644514578,True,False,False,uptrend,candidate_feature_label_only_not_live_rule,rolling_adjusted_close_asof_signal_date_including_signal_close,2016-02-26,benchmark_features_adjusted_close_pit_asof,False,True
2016-03-04,2016-03-04,11.461257934570312,10.963120651245116,10.725858163833617,10.848689699172974,11.092174418767293,0.04543754457984739,0.06856325708430311,0.056464720844954686,0.033274225762133014,0.04543754457984739,0.06856325708430311,0.056464720844954686,0.033274225762133014,True,True,True,True,0.10701739227674367,0.026851070367067464,0.031045732428962136,0.005350869613837184,0.0006712767591766866,0.0005174288738160356,0.0553990364074707,0.007492494583129927,0.005751816431681315,0.0,0.0,0.0,0.0,0.0,0.0,True,True,True,uptrend,candidate_feature_label_only_not_live_rule,rolling_adjusted_close_asof_signal_date_including_signal_close,2016-03-04,benchmark_features_adjusted_close_pit_asof,False,True
2016-03-11,2016-03-11,11.542993545532228,11.175181150436401,10.794652962684632,10.86291790008545,11.113150787353515,0.03291332732279373,0.0693251172996936,0.06260524581902893,0.03867874794498993,0.03291332732279373,0.0693251172996936,0.06260524581902893,0.03867874794498993,True,True,True,True,0.07076652343725476,0.0762065961401086,0.016799952687075237,0.003538326171862738,0.0019051649035027151,0.0002799992114512539,0.038143587112426845,0.020434093475341798,0.003178628285725941,0.0,0.0,0.0,0.0,0.0,0.0,True,True,True,uptrend,candidate_feature_label_only_not_live_rule,rolling_adjusted_close_asof_signal_date_including_signal_close,2016-03-11,benchmark_features_adjusted_close_pit_asof,False,True
2016-03-18,2016-03-18,11.751876831054688,11.362266445159912,10.946092224121093,10.916197872161865,11.12849509716034,0.034289847696780784,0.0736139062630905,0.07655403178646525,0.05601671460981428,0.034289847696780784,0.0736139062630905,0.07655403178646525,0.05601671460981428,True,True,True,True,0.062397329422648085,0.14513266836217698,0.08922560172540295,0.003119866471132404,0.0036283167090544245,0.0014870933620900492,0.03451089859008789,0.037235450744628903,0.01604455312093099,0.0,0.0,0.0,0.0,0.0,0.0,True,True,True,uptrend,candidate_feature_label_only_not_live_rule,rolling_adjusted_close_asof_signal_date_including_signal_close,2016-03-18,benchmark_features_adjusted_close_pit_asof,False,True
2016-03-25,2016-03-25,11.633813858032228,11.524376964569091,11.11342477798462,10.97522972424825,11.151054255167644,0.009496122332651291,0.04682526677811194,0.060006409918594183,0.043292731953201935,0.009496122332651291,0.04682526677811194,0.060006409918594183,0.043292731953201935,True,True,True,True,0.048281609451717555,0.1187774623019422,0.056059569715219526,0.002414080472585878,0.002969436557548555,0.0009343261619203254,0.02679142951965341,0.030878233909606978,0.010292768478393614,-0.010046307897856321,-0.010046307897856321,-0.010046307897856321,-0.010046307897856321,-0.010046307897856321,-0.010046307897856321,False,False,False,uptrend,candidate_feature_label_only_not_live_rule,rolling_adjusted_close_asof_signal_date_including_signal_close,2016-03-25,benchmark_features_adjusted_close_pit_asof,False,True
2016-04-01,2016-04-01,11.606569290161133,11.610654497146607,11.286887574195863,11.020790274937948,11.176441017786662,-0.00035184984502623085,0.028323283444067204,0.05315217880112355,0.03848526303587585,-0.00035184984502623085,0.028323283444067204,0.05315217880112355,0.03848526303587585,False,True,True,True,0.012678482276585079,0.12105269266459584,0.03986998346340864,0.000633924113829254,0.003026317316614896,0.000664499724390144,0.007265567779541016,0.03133230209350586,0.0074168523152669565,-0.0123646242198161,-0.0123646242198161,-0.0123646242198161,-0.0123646242198161,-0.0123646242198161,-0.0123646242198161,False,False,False,weak,candidate_feature_label_only_not_live_rule,rolling_adjusted_close_asof_signal_date_including_signal_close,2016-04-01,benchmark_features_adjusted_close_pit_asof,False,True
2016-04-08,2016-04-08,11.397686004638672,11.59294514656067,11.348189997673035,11.035926723480225,11.177926754951477,-0.016842928130297086,0.004361577218550794,0.03278014526761597,0.019660108220860284,-0.016842928130297086,0.004361577218550794,0.03278014526761597,0.019660108220860284,False,True,True,True,-0.00554667998003,0.06355936879177904,0.03292179256053007,-0.0002773339990015,0.001588984219794476,0.0005486965426755012,-0.0031785964965820312,0.017028427124023436,0.006054544448852539,-0.03013908599518811,-0.03013908599518811,-0.03013908599518811,-0.03013908599518811,-0.03013908599518811,-0.03013908599518811,False,False,False,weak,candidate_feature_label_only_not_live_rule,rolling_adjusted_close_asof_signal_date_including_signal_close,2016-04-08,benchmark_features_adjusted_close_pit_asof,False,True
2016-04-15,2016-04-15,11.670141220092772,11.602481412887574,11.445365476608277,11.11660361289978,11.180669474601746,0.0058314945568491705,0.019639018425744892,0.04979377033383314,0.043778393288784745,0.0058314945568491705,0.019639018425744892,0.04979377033383314,0.043778393288784745,True,True,True,True,0.01022031367523879,0.06638981441185199,0.11836365620395561,0.0005110156837619395,0.0016597453602962998,0.0019727276033992603,0.005903291702270419,0.018163585662841753,0.02058544158935547,-0.0069551112674979265,-0.0069551112674979265,-0.0069551112674979265,-0.0069551112674979265,-0.0069551112674979265,-0.0069551112674979265,False,False,False,uptrend,candidate_feature_label_only_not_live_rule,rolling_adjusted_close_asof_signal_date_including_signal_close,2016-04-15,benchmark_features_adjusted_close_pit_asof,False,True
2016-04-22,2016-04-22,11.479421615600586,11.547082281112672,11.503943228721619,11.215444056193034,11.176997669537862,-0.005859546495373791,-0.002131583287008132,0.023536969029932076,0.027057708608722253,-0.005859546495373791,-0.002131583287008132,0.023536969029932076,0.027057708608722253,False,False,True,True,-0.017871055782540446,0.03861955330815059,0.11463841432850774,-0.0008935527891270223,0.0009654888327037647,0.0019106402388084623,-0.010444116592407227,0.010671138763427734,0.019677273432413735,-0.023183974727690293,-0.023183974727690293,-0.023183974727690293,-0.023183974727690293,-0.023183974727690293,-0.023183974727690293,False,False,False,weak,candidate_feature_label_only_not_live_rule,rolling_adjusted_close_asof_signal_date_including_signal_close,2016-04-22,benchmark_features_adjusted_close_pit_asof,False,True
2016-04-29,2016-04-29,11.188803672790527,11.486233806610107,11.53709180355072,11.310954443613689,11.168596951166789,-0.02589448715978726,-0.030188555026752995,-0.01079933363997665,0.001809244411996369,-0.02589448715978726,-0.030188555026752995,-0.01079933363997665,0.001809244411996369,False,False,False,True,-0.04791346661975071,-0.012028894609889762,0.08930140696464073,-0.0023956733309875356,-0.00030072236524724403,0.0014883567827440121,-0.028153657913208008,-0.0034056901931762695,0.01528771718343099,-0.04717720328746011,-0.04791346661975071,-0.04791346661975071,-0.04717720328746011,-0.04791346661975071,-0.04791346661975071,False,False,False,drawdown_risk,candidate_feature_label_only_not_live_rule,rolling_adjusted_close_asof_signal_date_including_signal_close,2016-04-29,benchmark_features_adjusted_close_pit_asof,False,True
2016-05-06,2016-05-06,10.843693733215332,11.374072933197022,11.485098338127136,11.345465358098348,11.144984189669291,-0.04663054326244864,-0.055846679412620226,-0.04422662350512163,-0.02703372668157178,-0.04663054326244864,-0.055846679412620226,-0.04422662350512163,-0.02703372668157178,False,False,False,False,-0.03942108294225255,-0.05313254519015653,0.03735880898633859,-0.0019710541471126275,-0.0013283136297539133,0.0006226468164389765,-0.022250652313232422,-0.015212082862854004,0.006508636474609375,-0.07081726530048538,-0.07727983460815846,-0.07727983460815846,-0.07081726530048538,-0.07727983460815846,-0.07727983460815846,False,False,False,drawdown_risk,candidate_feature_label_only_not_live_rule,rolling_adjusted_close_asof_signal_date_including_signal_close,2016-05-06,benchmark_features_adjusted_close_pit_asof,False,True
2016-05-13,2016-05-13,10.743794441223145,11.20605902671814,11.401318573951722,11.35348760286967,11.115165511767069,-0.041251307385838154,-0.05767088503524531,-0.053700958064412,-0.03341120473201886,-0.041251307385838154,-0.05767088503524531,-0.053700958064412,-0.03341120473201886,False,False,False,False,-0.07937751235389623,-0.06185571560359271,0.0025423783113034393,-0.003968875617694811,-0.0015463928900898178,4.237297185505732e-05,-0.046317338943481355,-0.017709565162658692,0.0004540920257568359,-0.07937751235389623,-0.08578054419083558,-0.08578054419083558,-0.07937751235389623,-0.08578054419083558,-0.08578054419083558,False,False,False,drawdown_risk,candidate_feature_label_only_not_live_rule,rolling_adjusted_close_asof_signal_date_including_signal_close,2016-05-13,benchmark_features_adjusted_close_pit_asof,False,True
2016-05-20,2016-05-20,10.898184776306152,11.042132043838501,11.29982922077179,11.342892074584961,11.10078592300415,-0.013036184222472769,-0.03554429333563014,-0.03920581235849241,-0.018251063312386462,-0.013036184222472769,-0.03554429333563014,-0.03920581235849241,-0.018251063312386462,False,False,False,False,-0.0468626870730825,-0.06832304466524997,-0.013158008363425622,-0.002343134353654125,-0.0017080761166312491,-0.00021930013939042703,-0.02679142951965341,-0.019980025291442872,-0.0024218400319417316,-0.05511822417136847,-0.07264303966262042,-0.07264303966262042,-0.05511822417136847,-0.07264303966262042,-0.07264303966262042,False,False,False,drawdown_risk,candidate_feature_label_only_not_live_rule,rolling_adjusted_close_asof_signal_date_including_signal_close,2016-05-20,benchmark_features_adjusted_close_pit_asof,False,True
2016-05-27,2016-05-27,11.370443344116213,10.990820264816284,11.252603864669801,11.357271750768026,11.099272322654723,0.03454001340693158,0.010472196556780666,0.0011597497741739904,0.024431423392324847,0.03454001340693158,0.010472196556780666,0.0011597497741739904,0.024431423392324847,True,True,True,True,0.0032053873731043847,-0.01649641385176759,0.0121263919654504,0.00016026936865521925,-0.0004124103462941897,0.00020210653275750667,0.0018165111541748047,-0.004767942428588823,0.0022705078125,0.0,-0.032457240015528854,-0.032457240015528854,0.0,-0.032457240015528854,-0.032457240015528854,True,False,False,uptrend,candidate_feature_label_only_not_live_rule,rolling_adjusted_close_asof_signal_date_including_signal_close,2016-05-27,benchmark_features_adjusted_close_pit_asof,False,True
2016-06-03,2016-06-03,11.597484588623049,11.12886381149292,11.251468372344972,11.36635349591573,11.109716375668844,0.04210859123338162,0.03075298306206431,0.020334673982326024,0.043904650349351426,0.04210859123338162,0.03075298306206431,0.020334673982326024,0.043904650349351426,True,True,True,True,0.06951421480106723,0.02735280623147629,0.012688202451634822,0.0034757107400533614,0.0006838201557869073,0.00021147004086058036,0.03768954277038583,0.0077194452285767046,0.002421792348225941,0.0,-0.006225857091140319,-0.01313766682983375,0.0,-0.006225857091140319,-0.01313766682983375,True,False,False,uptrend,candidate_feature_label_only_not_live_rule,rolling_adjusted_close_asof_signal_date_including_signal_close,2016-06-03,benchmark_features_adjusted_close_pit_asof,False,True
2016-06-08,2016-06-08,11.851777076721191,11.261912727355957,11.276443433761598,11.379370864232381,11.121144382158915,0.05237692420865714,0.05102084237278648,0.04151426455162621,0.06569761792989515,0.05237692420865714,0.05102084237278648,0.04151426455162621,0.06569761792989515,True,True,True,True,0.09022557842099732,0.03653692685358223,0.026750732378991948,0.004511278921049866,0.0009134231713395557,0.0004458455396498658,0.04904184341430655,0.010444092750549272,0.005146392186482718,0.0,0.0,0.0,0.0,0.0,0.0,True,True,True,uptrend,candidate_feature_label_only_not_live_rule,rolling_adjusted_close_asof_signal_date_including_signal_close,2016-06-08,benchmark_features_adjusted_close_pit_asof,False,True
2016-06-17,2016-06-17,11.633813858032228,11.45263113975525,11.27440004348755,11.379068168004354,11.14763302008311,0.015820182809175076,0.03187875302972665,0.02238721890639228,0.043612920973738145,0.015820182809175076,0.03187875302972665,0.02238721890639228,0.043612920973738145,True,True,True,True,0.06839047501272555,0.0070756525778552515,-0.010046307897856321,0.0034195237506362774,0.0001768913144463813,-0.00016743846496427203,0.03723554611206063,0.0020434617996216266,-0.001967716217040986,-0.018390762606991462,-0.018390762606991462,-0.018390762606991462,-0.018390762606991462,-0.018390762606991462,-0.018390762606991462,False,False,False,uptrend,candidate_feature_label_only_not_live_rule,rolling_adjusted_close_asof_signal_date_including_signal_close,2016-06-17,benchmark_features_adjusted_close_pit_asof,False,True
2016-06-24,2016-06-24,11.461257934570312,11.607929944992065,11.304142856597903,11.380127652486165,11.177678688367207,-0.012635500999472415,0.013898893526518519,0.0071291188079445345,0.025370137584848518,-0.012635500999472415,0.013898893526518519,0.0071291188079445345,0.025370137584848518,False,True,True,True,0.017741802173621535,-0.006299308303949536,-0.014832274743916352,0.0008870901086810767,-0.00015748270759873839,-0.0002472045790652725,0.00998992919921875,-0.0018163919448852984,-0.0028759320576985975,-0.03295026050717087,-0.03295026050717087,-0.03295026050717087,-0.03295026050717087,-0.03295026050717087,-0.03295026050717087,False,False,False,weak,candidate_feature_label_only_not_live_rule,rolling_adjusted_close_asof_signal_date_including_signal_close,2016-06-24,benchmark_features_adjusted_close_pit_asof,False,True
2016-07-01,2016-07-01,12.033413887023926,11.693298864364625,11.37634336948395,11.389663473765056,11.205226874351501,0.02908631914778148,0.057757620018969336,0.05652058243350955,0.07391077592262985,0.02908631914778148,0.057757620018969336,0.05652058243350955,0.07391077592262985,True,True,True,True,0.04003156868765334,0.10232949074408149,0.03677612102179317,0.002001578434382667,0.002558237268602037,0.0006129353503632196,0.023158740997314454,0.02792661190032959,0.0071140766143798825,0.0,0.0,0.0,0.0,0.0,0.0,True,True,True,uptrend,candidate_feature_label_only_not_live_rule,rolling_adjusted_close_asof_signal_date_including_signal_close,2016-07-01,benchmark_features_adjusted_close_pit_asof,False,True
2016-07-07,2016-07-07,11.933511734008787,11.752330827713013,11.482600855827332,11.428109836578368,11.237240330378215,0.015416593435962023,0.039269054445328244,0.04422445221980276,0.06196106723358974,0.015416593435962023,0.039269054445328244,0.04422445221980276,0.06196106723358974,True,True,True,True,0.012326356725235854,0.09499994530773126,0.042856982128860244,0.0006163178362617927,0.0023749986326932816,0.0007142830354810041,0.007265281677246005,0.025883173942565875,0.008173608779907197,-0.009050029249716318,-0.009050029249716318,-0.009050029249716318,-0.009050029249716318,-0.009050029249716318,-0.009050029249716318,False,False,False,uptrend,candidate_feature_label_only_not_live_rule,rolling_adjusted_close_asof_signal_date_including_signal_close,2016-07-07,benchmark_features_adjusted_close_pit_asof,False,True
2016-07-15,2016-07-15,12.442096710205078,11.928064203262329,11.690347671508789,11.492288096745808,11.326242192586262,0.043094377946269136,0.06430510535870715,0.08264747676559048,0.09851939404485033,0.043094377946269136,0.06430510535870715,0.08264747676559048,0.09851939404485033,True,True,True,True,0.06947703152520313,0.14261907372641147,0.07704427944027148,0.0034738515762601564,0.003565476843160287,0.0012840713240045247,0.04041414260864249,0.038824844360351565,0.014833688735961914,0.0,0.0,0.0,0.0,0.0,0.0,True,True,True,uptrend,candidate_feature_label_only_not_live_rule,rolling_adjusted_close_asof_signal_date_including_signal_close,2016-07-15,benchmark_features_adjusted_close_pit_asof,False,True
2016-07-22,2016-07-22,12.58740520477295,12.149206733703613,11.87856833934784,11.585830815633138,11.419406541188557,0.0360680726465632,0.05967359408768824,0.08644821464062424,0.10228190575154206,0.0360680726465632,0.05967359408768824,0.08644821464062424,0.10228190575154206,True,True,True,True,0.09825686470294559,0.11774192073232692,0.0913386061152528,0.004912843235147279,0.002943548018308173,0.00152231010192088,0.05630736351013184,0.03314864635467529,0.01755819320678708,-0.003594543631486369,-0.003594543631486369,-0.003594543631486369,-0.003594543631486369,-0.003594543631486369,-0.003594543631486369,False,False,False,uptrend,candidate_feature_label_only_not_live_rule,rolling_adjusted_close_asof_signal_date_including_signal_close,2016-07-22,benchmark_features_adjusted_close_pit_asof,False,True
2016-07-29,2016-07-29,12.604893684387209,12.360347938537597,12.02682340145111,11.704344892501831,11.517185584704082,0.019784697572077015,0.048065084489920196,0.07694140937886207,0.09444217874961636,0.019784697572077015,0.048065084489920196,0.07694140937886207,0.09444217874961636,True,True,True,True,0.04749107798739738,0.08942378902555381,0.15468030655681675,0.002374553899369869,0.0022355947256388455,0.0025780051092802792,0.028573989868164153,0.0258663654327393,0.028142404556274443,-0.007241393348364267,-0.007241393348364267,-0.007241393348364267,-0.007241393348364267,-0.007241393348364267,-0.007241393348364267,False,False,False,uptrend,candidate_feature_label_only_not_live_rule,rolling_adjusted_close_asof_signal_date_including_signal_close,2016-07-29,benchmark_features_adjusted_close_pit_asof,False,True
2016-08-05,2016-08-05,12.797967910766602,12.554878616333008,12.1556480884552,11.857736301422118,11.604098320007324,0.0193621381665412,0.05284126503476538,0.07929267319190769,0.10288344323150511,0.0193621381665412,0.05284126503476538,0.07929267319190769,0.10288344323150511,True,True,True,True,0.0724393787869031,0.07983535531594521,0.17726412484876963,0.0036219689393451548,0.0019958838828986305,0.0029544020808128274,0.04322280883789072,0.023654770851135255,0.032117128372192355,0.0,0.0,0.0,0.0,0.0,0.0,True,True,True,uptrend,candidate_feature_label_only_not_live_rule,rolling_adjusted_close_asof_signal_date_including_signal_close,2016-08-05,benchmark_features_adjusted_close_pit_asof,False,True
2016-08-12,2016-08-12,12.908291816711426,12.710048198699951,12.31905620098114,12.030247847239176,11.689597225189209,0.015597393094996415,0.047831230421966575,0.07298635744015458,0.10425462640373317,0.015597393094996415,0.047831230421966575,0.07298635744015458,0.10425462640373317,True,True,True,True,0.037469175603173976,0.10954945422298223,0.18543206844740245,0.0018734587801586989,0.0027387363555745558,0.003090534474123374,0.023309755325317382,0.031861948966979935,0.03365314801534017,-0.00566598834170462,-0.00566598834170462,-0.00566598834170462,-0.00566598834170462,-0.00566598834170462,-0.00566598834170462,False,False,False,uptrend,candidate_feature_label_only_not_live_rule,rolling_adjusted_close_asof_signal_date_including_signal_close,2016-08-12,benchmark_features_adjusted_close_pit_asof,False,True
2016-08-19,2016-08-19,12.72441577911377,12.776474332809448,12.46284053325653,12.177870337168375,11.765073498090109,-0.004074563321588176,0.020988413127748684,0.04488021524397978,0.08154154593079221,-0.004074563321588176,0.020988413127748684,0.04488021524397978,0.08154154593079221,False,True,True,True,0.0108847353455237,0.1102111000166417,0.12990824572409565,0.000544236767276185,0.0027552775004160424,0.0021651374287349275,0.006850528717041016,0.03157894611358643,0.024382607142130534,-0.019830077650222377,-0.019830077650222377,-0.019830077650222377,-0.019830077650222377,-0.019830077650222377,-0.019830077650222377,False,False,False,weak,candidate_feature_label_only_not_live_rule,rolling_adjusted_close_asof_signal_date_including_signal_close,2016-08-19,benchmark_features_adjusted_close_pit_asof,False,True
2016-08-26,2016-08-26,12.889907836914062,12.815436601638794,12.587892270088194,12.289694468180338,11.825904909769694,0.005811057210937776,0.023992544609197974,0.04883875431466245,0.08997222075288014,0.005811057210937776,0.023992544609197974,0.04883875431466245,0.08997222075288014,True,True,True,True,0.022611388851290437,0.07117630607002767,0.11405717394305692,0.0011305694425645218,0.0017794076517506918,0.0019009528990509487,0.014250707626342684,0.021412348747253417,0.021994479497273765,-0.007082118116404246,-0.007082118116404246,-0.007082118116404246,-0.007082118116404246,-0.007082118116404246,-0.007082118116404246,False,False,False,uptrend,candidate_feature_label_only_not_live_rule,rolling_adjusted_close_asof_signal_date_including_signal_close,2016-08-26,benchmark_features_adjusted_close_pit_asof,False,True
2016-09-02,2016-09-02,12.715221405029297,12.831985425949096,12.693432021141051,12.381093867619832,11.880232365926107,-0.009099450867803838,0.0017165872753683864,0.026986915775132347,0.07028389793940693,-0.009099450867803838,0.0017165872753683864,0.026986915775132347,0.07028389793940693,False,True,True,True,-0.006465597219359465,0.06550541772148688,0.07285357484524835,-0.00032327986096797323,0.001637635443037172,0.0012142262474208057,-0.0041373252868652345,0.01954274177551274,0.01439073880513509,-0.020538326192935386,-0.020538326192935386,-0.020538326192935386,-0.020538326192935386,-0.020538326192935386,-0.020538326192935386,False,False,False,weak,candidate_feature_label_only_not_live_rule,rolling_adjusted_close_asof_signal_date_including_signal_close,2016-09-02,benchmark_features_adjusted_close_pit_asof,False,True
2016-09-09,2016-09-09,12.945069313049316,12.86692271232605,12.788485455513,12.501678371429444,11.940373269716899,0.006073449143236598,0.012244128366961204,0.035466513250986376,0.08414276678272037,0.006073449143236598,0.012244128366961204,0.035466513250986376,0.08414276678272037,True,True,True,True,0.0028491373498604755,0.040425067780713864,0.11271071301452618,0.00014245686749302376,0.0010106266945178466,0.0018785118835754364,0.0018388748168945313,0.012574315071105957,0.021854257583618135,-0.020181014628397054,-0.020181014628397054,-0.020181014628397054,-0.020181014628397054,-0.020181014628397054,-0.020181014628397054,False,False,False,uptrend,candidate_feature_label_only_not_live_rule,rolling_adjusted_close_asof_signal_date_including_signal_close,2016-09-09,benchmark_features_adjusted_close_pit_asof,False,True
2016-09-14,2016-09-14,12.586505889892578,12.82830810546875,12.793458008766173,12.545558881759643,11.963600103060404,-0.018849111947435326,-0.01617640193384695,0.0032638648081648736,0.0520667509333439,-0.018849111947435326,-0.01617640193384695,0.0032638648081648736,0.0520667509333439,False,False,True,True,-0.02284079294231134,0.001373768740986936,0.06689851135982394,-0.001142039647115567,3.4344218524673395e-05,0.001114975189330399,-0.014710283279418857,0.00043168067932124464,0.013153680165608694,-0.04732086540653446,-0.04732086540653446,-0.04732086540653446,-0.04732086540653446,-0.04732086540653446,-0.04732086540653446,False,False,False,weak,candidate_feature_label_only_not_live_rule,rolling_adjusted_close_asof_signal_date_including_signal_close,2016-09-14,benchmark_features_adjusted_close_pit_asof,False,True
2016-09-23,2016-09-23,13.220891952514648,12.920707511901856,12.85657958984375,12.668165508906046,12.024146548906963,0.023232817578780374,0.0283366474049358,0.04363113532263374,0.09952851112883976,0.023232817578780374,0.0283366474049358,0.04363113532263374,0.09952851112883976,True,True,True,True,0.039017600652110795,0.04429939689796636,0.12500259682589965,0.0019508800326055397,0.0011074849224491589,0.002083376613764994,0.024823808670043947,0.014020824432373003,0.024483585357666017,0.0,0.0,0.0,0.0,0.0,0.0,True,True,True,uptrend,candidate_feature_label_only_not_live_rule,rolling_adjusted_close_asof_signal_date_including_signal_close,2016-09-23,benchmark_features_adjusted_close_pit_asof,False,True
2016-09-30,2016-09-30,13.04620361328125,12.97862949371338,12.906686615943908,12.762747271855671,12.091341749827068,0.005206568197404948,0.010809668003017414,0.022209665002977497,0.0789707117051619,0.005206568197404948,0.010809668003017414,0.022209665002977497,0.0789707117051619,True,True,True,True,0.022334068351124392,0.03199991731891805,0.10671662016223826,0.0011167034175562196,0.0007999979329729512,0.0017786103360373044,0.014250469207763673,0.01011331081390381,0.020966625213623045,-0.013213052482451637,-0.013213052482451637,-0.013213052482451637,-0.013213052482451637,-0.013213052482451637,-0.013213052482451637,False,False,False,uptrend,candidate_feature_label_only_not_live_rule,rolling_adjusted_close_asof_signal_date_including_signal_close,2016-09-30,benchmark_features_adjusted_close_pit_asof,False,True
2016-10-07,2016-10-07,13.174919128417969,13.041607809066772,12.945760822296142,12.849994405110676,12.157896876335144,0.010222000331777892,0.01770141664653302,0.02528598169490759,0.08365116618667967,0.010222000331777892,0.01770141664653302,0.02528598169490759,0.08365116618667967,True,True,True,True,-0.0027835633335370202,0.014872484775521277,0.07220336723092458,-0.000139178166676851,0.0003718121193880319,0.001203389453848743,-0.0018387794494629794,0.004826807975768998,0.014786895116170247,-0.003477286121223888,-0.003477286121223888,-0.003477286121223888,-0.003477286121223888,-0.003477286121223888,-0.003477286121223888,False,False,False,weak,candidate_feature_label_only_not_live_rule,rolling_adjusted_close_asof_signal_date_including_signal_close,2016-10-07,benchmark_features_adjusted_close_pit_asof,False,True
2016-10-14,2016-10-14,13.138144493103027,13.107344675064088,12.975181531906127,12.897799110412597,12.214418133099874,0.0023498136962503136,0.012559590075574167,0.018634604294340162,0.07562589964887034,0.0023498136962503136,0.012559590075574167,0.018634604294340162,0.07562589964887034,True,True,True,True,0.03776337128502805,0.02144393104950626,0.04450665803342568,0.0018881685642514023,0.0005360982762376565,0.0007417776338904281,0.02390432357788086,0.0068954706192017046,0.009330320358276396,-0.011072609912960774,-0.011072609912960774,-0.011072609912960774,-0.011072609912960774,-0.011072609912960774,-0.011072609912960774,False,False,False,uptrend,candidate_feature_label_only_not_live_rule,rolling_adjusted_close_asof_signal_date_including_signal_close,2016-10-14,benchmark_features_adjusted_close_pit_asof,False,True
2016-10-21,2016-10-21,13.349603652954102,13.180896139144897,13.038389921188354,12.955337889989217,12.289656201998392,0.012799396340600344,0.02386903088854564,0.030432688542190833,0.08624711981636679,0.012799396340600344,0.02386903088854564,0.030432688542190833,0.08624711981636679,True,True,True,True,0.01680656581317974,0.04610927576708668,0.059024210960017864,0.0008403282906589871,0.001152731894177167,0.000983736849333631,0.011032629013061434,0.014710235595703124,0.012400563557942678,-0.0006885489350549889,-0.0006885489350549889,-0.0006885489350549889,-0.0006885489350549889,-0.0006885489350549889,-0.0006885489350549889,False,False,False,uptrend,candidate_feature_label_only_not_live_rule,rolling_adjusted_close_asof_signal_date_including_signal_close,2016-10-21,benchmark_features_adjusted_close_pit_asof,False,True
2016-10-28,2016-10-28,13.349603652954102,13.249850082397462,13.107114553451538,13.014332230885824,12.39023362795512,0.007528656546021084,0.018500570702550956,0.02576170764048924,0.07742953472922665,0.007528656546021084,0.018500570702550956,0.02576170764048924,0.07742953472922665,True,True,True,True,0.009735477825682626,0.03714267000810856,0.04761880527931828,0.00048677389128413127,0.000928566750202714,0.0007936467546553046,0.006435585021972656,0.011952066421508789,0.010113286972045898,-0.0108992000818523,-0.0108992000818523,-0.0108992000818523,-0.0108992000818523,-0.0108992000818523,-0.0108992000818523,False,False,False,uptrend,candidate_feature_label_only_not_live_rule,rolling_adjusted_close_asof_signal_date_including_signal_close,2016-10-28,benchmark_features_adjusted_close_pit_asof,False,True
2016-11-04,2016-11-04,13.055399894714355,13.266399145126343,13.15492286682129,13.049422391255696,12.488747080167135,-0.01590478683053209,-0.0075654546297604375,0.00045806651661961517,0.04537307152669445,-0.01590478683053209,-0.0075654546297604375,0.00045806651661961517,0.04537307152669445,False,False,True,True,-0.009762708990618263,0.0021173216071996848,0.008522981144165831,-0.00048813544953091315,5.293304017999212e-05,0.00014204968573609719,-0.006435632705688388,0.0006896018981934037,0.0018388430277506511,-0.03269738826622315,-0.03269738826622315,-0.03269738826622315,-0.03269738826622315,-0.03269738826622315,-0.03269738826622315,False,False,False,weak,candidate_feature_label_only_not_live_rule,rolling_adjusted_close_asof_signal_date_including_signal_close,2016-11-04,benchmark_features_adjusted_close_pit_asof,False,True
2016-11-11,2016-11-11,12.880711555480955,13.24709186553955,13.177218270301818,13.065818309783936,12.581911436716716,-0.027657414455747986,-0.02250146493278593,-0.014167253050225592,0.023748388332497372,-0.027657414455747986,-0.02250146493278593,-0.014167253050225592,0.023748388332497372,False,False,False,True,-0.019594314688593517,0.017429109215773453,0.0014294372277681155,-0.0009797157344296759,0.00043572773039433633,2.3823953796135258e-05,-0.012871646881103604,0.005516338348388628,0.0003064314524332682,-0.04564042242393718,-0.04564042242393718,-0.04564042242393718,-0.04564042242393718,-0.04564042242393718,-0.04564042242393718,False,False,False,drawdown_risk,candidate_feature_label_only_not_live_rule,rolling_adjusted_close_asof_signal_date_including_signal_close,2016-11-11,benchmark_features_adjusted_close_pit_asof,False,True
2016-11-18,2016-11-18,12.945069313049316,13.151474618911744,13.16618537902832,13.076084820429484,12.649765261014302,-0.015694461027633944,-0.0167942391523066,-0.010019475185376159,0.02334462702996709,-0.015694461027633944,-0.0167942391523066,-0.010019475185376159,0.02334462702996709,False,False,False,True,-0.030303097411829683,-0.014005822599645112,0.014408924480098007,-0.0015151548705914842,-0.00035014556499112783,0.00024014874133496678,-0.020226716995239258,-0.004597043991088912,0.003064584732055664,-0.04087201797189055,-0.04087201797189055,-0.04087201797189055,-0.04087201797189055,-0.04087201797189055,-0.04087201797189055,False,False,False,drawdown_risk,candidate_feature_label_only_not_live_rule,rolling_adjusted_close_asof_signal_date_including_signal_close,2016-11-18,benchmark_features_adjusted_close_pit_asof,False,True
2016-11-25,2016-11-25,13.119756698608398,13.079762172698974,13.164806127548218,13.097997093200684,12.715383354822794,0.0030577410645051817,-0.003421959161673538,0.0016612925818262347,0.031801899518210774,0.0030577410645051817,-0.003421959161673538,0.0016612925818262347,0.031801899518210774,True,False,True,True,-0.017217511494795668,-0.007649654370483927,0.019285654165500876,-0.0008608755747397834,-0.0001912413592620982,0.0003214275694250146,-0.011492347717285157,-0.00252838134765625,0.004137261708577474,-0.017217511494795668,-0.02792905447395455,-0.02792905447395455,-0.017217511494795668,-0.02792905447395455,-0.02792905447395455,False,False,False,weak,candidate_feature_label_only_not_live_rule,rolling_adjusted_close_asof_signal_date_including_signal_close,2016-11-25,benchmark_features_adjusted_close_pit_asof,False,True
2016-12-02,2016-12-02,13.09217357635498,13.071947288513183,13.169173216819763,13.127264340718588,12.776872475941977,0.0015473048808551937,-0.005846960868161277,-0.0026731208767359904,0.024677486685939387,0.0015473048808551937,-0.005846960868161277,-0.0026731208767359904,0.024677486685939387,True,False,False,True,0.0028167411138062537,-0.006973466900607961,0.0049400266678283344,0.00014083705569031268,-0.00017433667251519903,8.233377779713891e-05,0.00183868408203125,-0.002298474311828569,0.001072629292806019,-0.015894914010316064,-0.029972747230260333,-0.029972747230260333,-0.015894914010316064,-0.029972747230260333,-0.029972747230260333,False,False,False,neutral,candidate_feature_label_only_not_live_rule,rolling_adjusted_close_asof_signal_date_including_signal_close,2016-12-02,benchmark_features_adjusted_close_pit_asof,False,True
2016-12-09,2016-12-09,13.450737953186035,13.115618658065795,13.181355261802674,13.156685066223144,12.84454513390859,0.025551161851915305,0.020436646007409243,0.022350074162511335,0.04719457271220495,0.025551161851915305,0.020436646007409243,0.022350074162511335,0.04719457271220495,True,True,True,True,0.04425426307000291,0.023792816424504037,0.06245468467008708,0.0022127131535001456,0.0005948204106126009,0.001040911411168118,0.028501319885253996,0.007814836502075196,0.013177998860677083,0.0,-0.0034059426145093274,-0.0034059426145093274,0.0,-0.0034059426145093274,-0.0034059426145093274,True,False,False,uptrend,candidate_feature_label_only_not_live_rule,rolling_adjusted_close_asof_signal_date_including_signal_close,2016-12-09,benchmark_features_adjusted_close_pit_asof,False,True
2016-12-16,2016-12-16,13.294441223144531,13.240656232833862,13.196065425872803,13.1910089969635,12.917345460255941,0.00406210911036986,0.007454934035022953,0.00784111558144196,0.029192976532898207,0.00406210911036986,0.007454934035022953,0.00784111558144196,0.029192976532898207,True,True,True,True,0.026988801809120444,-0.004132139892959574,0.012604978839159786,0.0013494400904560222,-0.00010330349732398936,0.0002100829806526631,0.017468595504760744,-0.0013790607452392578,0.0027581691741943065,-0.01161993718006249,-0.014986302955352304,-0.014986302955352304,-0.01161993718006249,-0.014986302955352304,-0.014986302955352304,False,False,False,uptrend,candidate_feature_label_only_not_live_rule,rolling_adjusted_close_asof_signal_date_including_signal_close,2016-12-16,benchmark_features_adjusted_close_pit_asof,False,True
2016-12-23,2016-12-23,12.972652435302734,13.242035007476806,13.160898590087891,13.190549087524413,12.966164867083231,-0.020342988975785903,-0.014303442390091403,-0.01651914948921762,0.0005003459608918792,-0.020342988975785903,-0.014303442390091403,-0.01651914948921762,0.0005003459608918792,False,False,False,True,-0.011212423117668568,-0.028236884588551225,-0.01877630632664673,-0.0005606211558834284,-0.0007059221147137807,-0.0003129384387774455,-0.007355213165283203,-0.009423780441284179,-0.0041373252868652345,-0.03554344152322575,-0.03554344152322575,-0.03882832521558477,-0.03554344152322575,-0.03554344152322575,-0.03882832521558477,False,False,False,drawdown_risk,candidate_feature_label_only_not_live_rule,rolling_adjusted_close_asof_signal_date_including_signal_close,2016-12-23,benchmark_features_adjusted_close_pit_asof,False,True
2016-12-30,2016-12-30,13.20250129699707,13.222727918624878,13.147337603569031,13.187024784088134,13.01111614704132,-0.0015296859885710612,0.004195807173390298,0.0011736167302582867,0.014709356814040175,-0.0015296859885710612,0.004195807173390298,0.0011736167302582867,0.014709356814040175,False,True,True,True,0.008426998007523112,0.011267475793083293,0.001394765715238222,0.0004213499003761556,0.0002816868948270823,2.3246095253970368e-05,0.0055163860321044925,0.0036775350570678713,0.00030647913614911815,-0.01845524439275581,-0.01845524439275581,-0.021798329503926683,-0.01845524439275581,-0.01845524439275581,-0.021798329503926683,False,False,False,weak,candidate_feature_label_only_not_live_rule,rolling_adjusted_close_asof_signal_date_including_signal_close,2016-12-30,benchmark_features_adjusted_close_pit_asof,False,True
2017-01-06,2017-01-06,13.35880184173584,13.23100266456604,13.159060001373291,13.192694505055746,13.040581647555033,0.009659069717524726,0.015179035610575875,0.012590857509543474,0.024402300662752285,0.009659069717524726,0.015179035610575875,0.012590857509543474,0.024402300662752285,True,True,True,True,-0.0034290894411876938,0.009027985024767649,0.013249984954295968,-0.0001714544720593847,0.0002256996256191912,0.00022083308257159947,-0.002298307418823242,0.002988100051879883,0.0029114882151286105,-0.006835023607639212,-0.006835023607639212,-0.010217686523972036,-0.006835023607639212,-0.006835023607639212,-0.010217686523972036,False,False,False,weak,candidate_feature_label_only_not_live_rule,rolling_adjusted_close_asof_signal_date_including_signal_close,2017-01-06,benchmark_features_adjusted_close_pit_asof,False,True
2017-01-13,2017-01-13,13.349603652954102,13.21215524673462,13.217671442031861,13.202348073323568,13.072642699877422,0.010403178259160484,0.009981501772142742,0.011153741653583182,0.021186301762785575,0.010403178259160484,0.009981501772142742,0.011153741653583182,0.021186301762785575,True,True,True,True,-0.00547942558250325,0.03418824446402291,-0.0006885489350549889,-0.0002739712791251625,0.0008547061116005727,-1.1475815584249816e-05,-0.0036775588989256926,0.011032795906066895,-0.0001533031463623047,-0.007518866294468074,-0.007518866294468074,-0.0108992000818523,-0.007518866294468074,-0.007518866294468074,-0.0108992000818523,False,False,False,weak,candidate_feature_label_only_not_live_rule,rolling_adjusted_close_asof_signal_date_including_signal_close,2017-01-13,benchmark_features_adjusted_close_pit_asof,False,True
2017-01-20,2017-01-20,13.266862869262695,13.23192276954651,13.2406564950943,13.190855836868286,13.097537390391032,0.0026405912674007936,0.0019792352575649375,0.005762100149860672,0.012928039357680277,0.0026405912674007936,0.0019792352575649375,0.005762100149860672,0.012928039357680277,True,True,True,True,0.01906795662183991,0.010504403269250284,-0.006197995524241384,0.0009533978310919955,0.0002626100817312571,-0.00010329992540402307,0.012411928176879883,0.003447794914245561,-0.0013790130615234375,-0.013670259919069006,-0.013670259919069006,-0.013670259919069006,-0.013670259919069006,-0.013670259919069006,-0.013670259919069006,False,False,False,uptrend,candidate_feature_label_only_not_live_rule,rolling_adjusted_close_asof_signal_date_including_signal_close,2017-01-20,benchmark_features_adjusted_close_pit_asof,False,True
2017-01-24,2017-01-24,13.47832202911377,13.275134420394897,13.25421769618988,13.19346087773641,13.109795991579691,0.015305879570357561,0.016908152413122934,0.02159108622196726,0.028110737784995177,0.015305879570357561,0.016908152413122934,0.02159108622196726,0.028110737784995177,True,True,True,True,0.035310775746598244,0.02160315502549004,0.009642112193434693,0.0017655387873299123,0.000540078875637251,0.0001607018698905782,0.022984886169433595,0.007125425338745117,0.0021453062693277997,0.0,0.0,0.0,0.0,0.0,0.0,True,True,True,uptrend,candidate_feature_label_only_not_live_rule,rolling_adjusted_close_asof_signal_date_including_signal_close,2017-01-24,benchmark_features_adjusted_close_pit_asof,False,True
2017-02-03,2017-02-03,13.395573616027832,13.30639386177063,13.265250444412231,13.197751426696778,13.120905303955078,0.006702022740617597,0.009824403403593251,0.014989082832011391,0.02093364030224043,0.006702022740617597,0.009824403403593251,0.014989082832011391,0.02093364030224043,True,True,True,True,0.01745805078410667,0.016039082374073477,0.015331154720159557,0.0008729025392053335,0.00040097705935183693,0.00025551924533599263,0.011492395401000976,0.00528652667999272,0.003371143341064453,-0.006139370531969557,-0.006139370531969557,-0.006139370531969557,-0.006139370531969557,-0.006139370531969557,-0.006139370531969557,False,False,False,uptrend,candidate_feature_label_only_not_live_rule,rolling_adjusted_close_asof_signal_date_including_signal_close,2017-02-03,benchmark_features_adjusted_close_pit_asof,False,True
2017-02-10,2017-02-10,13.70421314239502,13.388601875305175,13.310951423645019,13.233581892649333,13.147018543879192,0.02357313108786796,0.02954422311627014,0.03556340630703336,0.04238182190556339,0.02357313108786796,0.02954422311627014,0.03556340630703336,0.04238182190556339,True,True,True,True,0.027979092618498402,0.03511787488450291,0.06469259899851587,0.0013989546309249202,0.0008779468721125727,0.0010782099833085979,0.01864976882934579,0.011623382568359375,0.013878202438354493,0.0,0.0,0.0,0.0,0.0,0.0,True,True,True,uptrend,candidate_feature_label_only_not_live_rule,rolling_adjusted_close_asof_signal_date_including_signal_close,2017-02-10,benchmark_features_adjusted_close_pit_asof,False,True
2017-02-17,2017-02-17,13.807747840881348,13.5036190032959,13.359725904464721,13.305632098515828,13.187027716636658,0.02252202446701279,0.0335352640930231,0.037737082962148616,0.04707051032141174,0.02252202446701279,0.0335352640930231,0.037737082962148616,0.04707051032141174,True,True,True,True,0.026542029808167333,0.027244139035697668,0.07273630249849439,0.0013271014904083667,0.0006811034758924417,0.0012122717083082398,0.017850494384765624,0.009155082702636675,0.015603780746459961,-0.007442566475798551,-0.007442566475798551,-0.007442566475798551,-0.007442566475798551,-0.007442566475798551,-0.007442566475798551,False,False,False,uptrend,candidate_feature_label_only_not_live_rule,rolling_adjusted_close_asof_signal_date_including_signal_close,2017-02-17,benchmark_features_adjusted_close_pit_asof,False,True
2017-02-24,2017-02-24,13.770098686218262,13.628542375564574,13.424026608467102,13.36765325864156,13.2286878824234,0.010386753531873794,0.025780050043470393,0.03010591461268941,0.04092702228723821,0.010386753531873794,0.025780050043470393,0.03010591461268941,0.04092702228723821,True,True,True,True,0.04081721948672312,0.044446384633012315,0.04299165563045948,0.0020408609743361563,0.0011111596158253079,0.0007165275938409914,0.02700076103210449,0.014649653434753463,0.009459956487019857,-0.010148941820813828,-0.010148941820813828,-0.010148941820813828,-0.010148941820813828,-0.010148941820813828,-0.010148941820813828,False,False,False,uptrend,candidate_feature_label_only_not_live_rule,rolling_adjusted_close_asof_signal_date_including_signal_close,2017-02-24,benchmark_features_adjusted_close_pit_asof,False,True
2017-03-03,2017-03-03,13.572442054748535,13.664878606796265,13.470006513595582,13.391104666392009,13.248151803016663,-0.006764535178655495,0.007604713557455511,0.013541630274284566,0.02447815035286882,-0.006764535178655495,0.007604713557455511,0.013541630274284566,0.02447815035286882,False,True,True,True,0.006983066989456166,0.042540420248542654,0.02873707829367289,0.00034915334947280827,0.0010635105062135664,0.00047895130489454817,0.004706001281738282,0.013845443725585938,0.0063189506530761715,-0.024357309551123363,-0.024357309551123363,-0.024357309551123363,-0.024357309551123363,-0.024357309551123363,-0.024357309551123363,False,False,False,weak,candidate_feature_label_only_not_live_rule,rolling_adjusted_close_asof_signal_date_including_signal_close,2017-03-03,benchmark_features_adjusted_close_pit_asof,False,True
2017-03-10,2017-03-10,13.553617477416992,13.704684352874756,13.528770160675048,13.42920781771342,13.277086853981018,-0.011023010203520256,0.0018366279008987796,0.009264110094377553,0.020827657940119426,-0.011023010203520256,0.0018366279008987796,0.009264110094377553,0.020827657940119426,False,True,True,True,0.0034845178669977717,0.025166647310740586,0.03670166592991686,0.00017422589334988858,0.0006291661827685146,0.000611694432165281,0.002353191375732422,0.008318138122558594,0.00799716313680013,-0.025710497223631057,-0.025710497223631057,-0.025710497223631057,-0.025710497223631057,-0.025710497223631057,-0.025710497223631057,False,False,False,weak,candidate_feature_label_only_not_live_rule,rolling_adjusted_close_asof_signal_date_including_signal_close,2017-03-10,benchmark_features_adjusted_close_pit_asof,False,True
2017-03-17,2017-03-17,13.930108070373535,13.716920280456543,13.588500833511352,13.465810441970826,13.317989985148111,0.015541957345974744,0.02513943525099749,0.03447973892128808,0.04596174692337529,0.015541957345974744,0.02513943525099749,0.03447973892128808,0.04596174692337529,True,True,True,True,0.0013531876725076941,0.04636723358472472,0.03990381223437356,6.765938362538471e-05,0.001159180839618118,0.0006650635372395593,0.0009412288665771485,0.015431976318359375,0.008908907572428385,0.0,0.0,0.0,0.0,0.0,0.0,True,True,True,uptrend,candidate_feature_label_only_not_live_rule,rolling_adjusted_close_asof_signal_date_including_signal_close,2017-03-17,benchmark_features_adjusted_close_pit_asof,False,True
2017-03-24,2017-03-24,13.977168083190918,13.76586365699768,13.671357011795044,13.518749475479126,13.354802592595417,0.015349885154922527,0.02236874299544911,0.03390983822455551,0.04660237291269076,0.015349885154922527,0.02236874299544911,0.03390983822455551,0.04660237291269076,True,True,True,True,0.012960267215791133,0.05135431031563886,0.05793907459692749,0.0006480133607895567,0.0012838577578909716,0.0009656512432821248,0.00894150733947754,0.01706817150115967,0.01275788942972816,-0.00867832077631403,-0.00867832077631403,-0.00867832077631403,-0.00867832077631403,-0.00867832077631403,-0.00867832077631403,False,False,False,uptrend,candidate_feature_label_only_not_live_rule,rolling_adjusted_close_asof_signal_date_including_signal_close,2017-03-24,benchmark_features_adjusted_close_pit_asof,False,True
2017-03-31,2017-03-31,13.873632431030272,13.829866886138916,13.74737274646759,13.589959971110027,13.390024701754252,0.0031645673274860453,0.009184277380936301,0.020873678842563637,0.0361170154684376,0.0031645673274860453,0.009184277380936301,0.020873678842563637,0.0361170154684376,True,True,True,True,0.022191317897456875,0.02932934834637524,0.0656757661352263,0.0011095658948728437,0.000733233708659381,0.0010945961022537716,0.015059518814086825,0.009882760047912553,0.0142501354217529,-0.016021520482329188,-0.016021520482329188,-0.016021520482329188,-0.016021520482329188,-0.016021520482329188,-0.016021520482329188,False,False,False,uptrend,candidate_feature_label_only_not_live_rule,rolling_adjusted_close_asof_signal_date_including_signal_close,2017-03-31,benchmark_features_adjusted_close_pit_asof,False,True
2017-04-07,2017-04-07,13.948932647705078,13.883516693115235,13.79080617427826,13.635464731852213,13.411091518402099,0.004711771234609641,0.01146607902602148,0.02298916260042172,0.04010420244802426,0.004711771234609641,0.01146607902602148,0.02298916260042172,0.04010420244802426,True,True,True,True,0.01715867936208748,0.03562257370815147,0.06469283974557771,0.0008579339681043741,0.0008905643427037868,0.0010782139957596286,0.011765384674072265,0.01199512481689453,0.014126078287760446,-0.010680900923654257,-0.010680900923654257,-0.010680900923654257,-0.010680900923654257,-0.010680900923654257,-0.010680900923654257,False,False,False,uptrend,candidate_feature_label_only_not_live_rule,rolling_adjusted_close_asof_signal_date_including_signal_close,2017-04-07,benchmark_features_adjusted_close_pit_asof,False,True
2017-04-14,2017-04-14,13.845396995544434,13.955991125106811,13.833161449432373,13.691202354431152,13.44194842974345,-0.00792449125045791,0.0008845082996238318,0.011262315545528256,0.030014143255322923,-0.00792449125045791,0.0008845082996238318,0.011262315545528256,0.030014143255322923,False,True,True,True,0.009608840970980248,0.008224999244766051,0.03642505964033127,0.0004804420485490124,0.0002056249811191513,0.0006070843273388545,0.006588602066040039,0.002823734283447221,0.00810991923014323,-0.018024100629669193,-0.018024100629669193,-0.018024100629669193,-0.018024100629669193,-0.018024100629669193,-0.018024100629669193,False,False,False,weak,candidate_feature_label_only_not_live_rule,rolling_adjusted_close_asof_signal_date_including_signal_close,2017-04-14,benchmark_features_adjusted_close_pit_asof,False,True
2017-04-21,2017-04-21,13.835986137390137,13.913165140151978,13.829866981506347,13.727969058354695,13.46515856583913,-0.005547192316370242,0.0004424594894494316,0.00786839470400058,0.027539784974518478,-0.005547192316370242,0.0004424594894494316,0.00786839470400058,0.027539784974518478,False,True,True,True,-0.009433879816641122,0.005471987321201022,0.03643422659431583,-0.0004716939908320561,0.00013679968303002555,0.0006072371099052639,-0.006588506698608399,0.001882457733154297,0.008106374740600586,-0.015405076240519233,-0.018691559706710215,-0.018691559706710215,-0.015405076240519233,-0.018691559706710215,-0.018691559706710215,False,False,False,weak,candidate_feature_label_only_not_live_rule,rolling_adjusted_close_asof_signal_date_including_signal_close,2017-04-21,benchmark_features_adjusted_close_pit_asof,False,True
2017-04-28,2017-04-28,14.03364372253418,13.918341970443725,13.860221409797669,13.788872385025025,13.489864110946655,0.008284158582631651,0.012512232496799891,0.017751367238337812,0.040310236420117995,0.008284158582631651,0.012512232496799891,0.017751367238337812,0.040310236420117995,True,True,True,True,0.007432508896384249,0.0304079879656185,0.057796696990665364,0.00037162544481921244,0.0007601996991404625,0.000963278283177756,0.0051767826080322266,0.010353541374206543,0.012779680887858073,-0.001339388905847505,-0.004672822287938416,-0.004672822287938416,-0.001339388905847505,-0.004672822287938416,-0.004672822287938416,False,False,False,uptrend,candidate_feature_label_only_not_live_rule,rolling_adjusted_close_asof_signal_date_including_signal_close,2017-04-28,benchmark_features_adjusted_close_pit_asof,False,True
2017-05-05,2017-05-05,14.146588325500488,13.964461946487427,13.918106627464294,13.840694681803386,13.519223054250082,0.013042133646894438,0.01641614798275337,0.02210103255144169,0.046405423501994836,0.013042133646894438,0.01641614798275337,0.02210103255144169,0.046405423501994836,True,True,True,True,0.010080394341856147,0.037267085957220836,0.05606439343322078,0.0005040197170928073,0.0009316771489305209,0.0009344065572203464,0.0070590019226074215,0.012706518173217819,0.01251691182454427,-0.0066096892731492,-0.0066096892731492,-0.0066096892731492,-0.0066096892731492,-0.0066096892731492,-0.0066096892731492,False,False,False,uptrend,candidate_feature_label_only_not_live_rule,rolling_adjusted_close_asof_signal_date_including_signal_close,2017-05-05,benchmark_features_adjusted_close_pit_asof,False,True
2017-05-12,2017-05-12,14.36306858062744,14.059054613113403,14.004228568077087,13.906576681137086,13.57007928689321,0.021624069034518856,0.025623690073749206,0.032825612654877157,0.05843659988782424,0.021624069034518856,0.025623690073749206,0.032825612654877157,0.05843659988782424,True,True,True,True,0.02553729860984122,0.045205537918516114,0.04807685281792651,0.001276864930492061,0.0011301384479629028,0.0008012808802987751,0.01788301467895499,0.015530204772949174,0.010980923970540336,-0.0026146585245503395,-0.0026146585245503395,-0.0026146585245503395,-0.0026146585245503395,-0.0026146585245503395,-0.0026146585245503395,False,False,False,uptrend,candidate_feature_label_only_not_live_rule,rolling_adjusted_close_asof_signal_date_including_signal_close,2017-05-12,benchmark_features_adjusted_close_pit_asof,False,True
2017-05-19,2017-05-19,14.278359413146973,14.19741506576538,14.058584356307984,13.951128037770589,13.628380068143208,0.005701344012740472,0.015632801373800964,0.023455549579249446,0.04769307443392434,0.005701344012740472,0.015632801373800964,0.023455549579249446,0.04769307443392434,True,True,True,True,0.04189560281836169,0.012683481070994596,0.0340831522771774,0.0020947801409180846,0.0003170870267748649,0.0005680525379529566,0.028707313537597656,0.004470777511596724,0.007843526204427083,-0.008496944852108612,-0.008496944852108612,-0.008496944852108612,-0.008496944852108612,-0.008496944852108612,-0.008496944852108612,False,False,False,uptrend,candidate_feature_label_only_not_live_rule,rolling_adjusted_close_asof_signal_date_including_signal_close,2017-05-19,benchmark_features_adjusted_close_pit_asof,False,True
2017-05-26,2017-05-26,14.485428810119627,14.311303091049194,14.112234139442444,14.003679609298706,13.685666433970134,0.012167006593504226,0.026444761827904895,0.03440161545120124,0.058437956237509026,0.012167006593504226,0.026444761827904895,0.03440161545120124,0.058437956237509026,True,True,True,True,0.03288620707429457,0.03636364132588121,0.05194807533349777,0.0016443103537147285,0.0009090910331470304,0.0008658012555582961,0.02306017875671378,0.012706518173217728,0.011922168731689423,-0.0006491900093034131,-0.0006491900093034131,-0.0006491900093034131,-0.0006491900093034131,-0.0006491900093034131,-0.0006491900093034131,False,False,False,uptrend,candidate_feature_label_only_not_live_rule,rolling_adjusted_close_asof_signal_date_including_signal_close,2017-05-26,benchmark_features_adjusted_close_pit_asof,False,True
2017-06-02,2017-06-02,14.532488822937012,14.361187934875488,14.154589200019837,14.046348428726196,13.718726547559102,0.011928044451359643,0.026698028291534337,0.034609734813114024,0.059317624894469345,0.011928044451359643,0.026698028291534337,0.034609734813114024,0.059317624894469345,True,True,True,True,0.02183973168157216,0.047489826127519175,0.07073500585346681,0.001091986584078608,0.0011872456531879794,0.0011789167642244469,0.015530109405517578,0.0164714097976685,0.016000779469807942,0.0,0.0,0.0,0.0,0.0,0.0,True,True,True,uptrend,candidate_feature_label_only_not_live_rule,rolling_adjusted_close_asof_signal_date_including_signal_close,2017-06-02,benchmark_features_adjusted_close_pit_asof,False,True
2017-06-09,2017-06-09,14.68308448791504,14.468957662582397,14.243534588813782,14.136235125859578,13.782721471786498,0.014799049822806998,0.03085960836199053,0.03868422937130589,0.06532548872670785,0.014799049822806998,0.03085960836199053,0.03868422937130589,0.06532548872670785,True,True,True,True,0.02295071903004353,0.05548021469471753,0.08333325124306956,0.0011475359515021766,0.0013870053673679383,0.001388887520717826,0.016471338272094814,0.019295024871826216,0.018824450174967478,-0.003195003599388513,-0.003195003599388513,-0.003195003599388513,-0.003195003599388513,-0.003195003599388513,-0.003195003599388513,False,False,False,uptrend,candidate_feature_label_only_not_live_rule,rolling_adjusted_close_asof_signal_date_including_signal_close,2017-06-09,benchmark_features_adjusted_close_pit_asof,False,True
2017-06-16,2017-06-16,14.626611709594728,14.50425319671631,14.321891474723817,14.19804212252299,13.831926282246908,0.008436043636229407,0.021276535673287356,0.030185118720832627,0.057452983129890445,0.008436043636229407,0.021276535673287356,0.030185118720832627,0.057452983129890445,True,True,True,True,0.018348664666459236,0.055706717671347494,0.049999873346461055,0.0009174332333229618,0.0013926679417836873,0.0008333312224410176,0.013177156448364435,0.019295144081115767,0.011608393987019886,-0.007028826638181496,-0.007028826638181496,-0.007028826638181496,-0.007028826638181496,-0.007028826638181496,-0.007028826638181496,False,False,False,uptrend,candidate_feature_label_only_not_live_rule,rolling_adjusted_close_asof_signal_date_including_signal_close,2017-06-16,benchmark_features_adjusted_close_pit_asof,False,True
2017-06-23,2017-06-23,15.003101348876951,14.660025215148925,14.462604188919068,14.27757544517517,13.898162460327148,0.023402151680715244,0.03737204952148243,0.05081576395710519,0.0795025163724985,0.023402151680715244,0.03737204952148243,0.05081576395710519,0.0795025163724985,True,True,True,True,0.04456100481987346,0.0719570778134977,0.07340065309222621,0.002228050240993673,0.0017989269453374424,0.00122334421820377,0.03200163841247559,0.02517776489257808,0.01709888776143389,-0.0006268676437706233,-0.0006268676437706233,-0.0006268676437706233,-0.0006268676437706233,-0.0006268676437706233,-0.0006268676437706233,False,False,False,uptrend,candidate_feature_label_only_not_live_rule,rolling_adjusted_close_asof_signal_date_including_signal_close,2017-06-23,benchmark_features_adjusted_close_pit_asof,False,True
2017-06-30,2017-06-30,15.134873390197754,14.845916938781738,14.603552436828613,14.385031779607138,13.987495875358581,0.019463698511014815,0.03638299349884244,0.05212651748560093,0.08202880094216702,0.019463698511014815,0.03638299349884244,0.05212651748560093,0.08202880094216702,True,True,True,True,0.04145088804816299,0.06419589600266984,0.09090920964192084,0.0020725444024081497,0.0016048974000667459,0.001515153494032014,0.03011922836303711,0.022824668884277345,0.021020682652791372,-0.012284958916637279,-0.012284958916637279,-0.012284958916637279,-0.012284958916637279,-0.012284958916637279,-0.012284958916637279,False,False,False,uptrend,candidate_feature_label_only_not_live_rule,rolling_adjusted_close_asof_signal_date_including_signal_close,2017-06-30,benchmark_features_adjusted_close_pit_asof,False,True
2017-07-07,2017-07-07,15.050167083740234,14.953216743469238,14.711087203025818,14.480095307032267,14.069910407066345,0.006483577542828023,0.023049274063488223,0.0393693387108518,0.06967042776488275,0.006483577542828023,0.023049274063488223,0.0393693387108518,0.06967042776488275,True,True,True,True,0.02500037346562456,0.048524869042723795,0.08186761424766287,0.001250018673281228,0.001213121726068095,0.0013644602374610479,0.018354129791259676,0.017412734031677247,0.018981393178304037,-0.017812966373699668,-0.017812966373699668,-0.017812966373699668,-0.017812966373699668,-0.017812966373699668,-0.017812966373699668,False,False,False,uptrend,candidate_feature_label_only_not_live_rule,rolling_adjusted_close_asof_signal_date_including_signal_close,2017-07-07,benchmark_features_adjusted_close_pit_asof,False,True
2017-07-14,2017-07-14,15.445478439331056,15.15887417793274,14.831563687324524,14.600885709126791,14.155000368754068,0.01890669834937575,0.04139244957234034,0.057845307951169156,0.09116764655305887,0.01890669834937575,0.04139244957234034,0.057845307951169156,0.09116764655305887,True,True,True,True,0.05598471785500192,0.07536062733582893,0.114810160397808,0.002799235892750096,0.0018840156833957234,0.0019135026732968001,0.040943336486816403,0.02706024646759042,0.026511208216349315,-0.001824735529832422,-0.001824735529832422,-0.001824735529832422,-0.001824735529832422,-0.001824735529832422,-0.001824735529832422,False,False,False,uptrend,candidate_feature_label_only_not_live_rule,rolling_adjusted_close_asof_signal_date_including_signal_close,2017-07-14,benchmark_features_adjusted_close_pit_asof,False,True
2017-07-21,2017-07-21,15.45488739013672,15.300528526306152,14.98027687072754,14.74191230138143,14.245994814236958,0.010088466131426665,0.031682359645608615,0.04836381292869851,0.0848584175175775,0.010088466131426665,0.031682359645608615,0.04836381292869851,0.0848584175175775,True,True,True,True,0.03011284338844966,0.07601570676769587,0.10423675341683558,0.0015056421694224832,0.0019003926691923967,0.0017372792236139264,0.02258930206298846,0.027295470237732024,0.02431494394938154,-0.007255181279066658,-0.007255181279066658,-0.007255181279066658,-0.007255181279066658,-0.007255181279066658,-0.007255181279066658,False,False,False,uptrend,candidate_feature_label_only_not_live_rule,rolling_adjusted_close_asof_signal_date_including_signal_close,2017-07-21,benchmark_features_adjusted_close_pit_asof,False,True
2017-07-28,2017-07-28,15.45488739013672,15.373002672195435,15.109459805488587,14.860035848617553,14.337140583992005,0.005326527269092773,0.022861676664486463,0.04003028980407919,0.07796162697830589,0.005326527269092773,0.022861676664486463,0.04003028980407919,0.07796162697830589,True,True,True,True,0.021144147802797386,0.06347147955440802,0.08669741131888076,0.0010572073901398693,0.0015867869888602005,0.0014449568553146794,0.01600069999694833,0.02305996417999272,0.020550012588501008,-0.010843375994321836,-0.010843375994321836,-0.010843375994321836,-0.010843375994321836,-0.010843375994321836,-0.010843375994321836,False,False,False,uptrend,candidate_feature_label_only_not_live_rule,rolling_adjusted_close_asof_signal_date_including_signal_close,2017-07-28,benchmark_features_adjusted_close_pit_asof,False,True
2017-08-04,2017-08-04,15.635258674621582,15.487620162963868,15.220418453216553,14.969931523005167,14.4257044394811,0.009532679010992862,0.027255506980976563,0.04444423480454596,0.0838471521591766,0.009532679010992862,0.027255506980976563,0.04444423480454596,0.0838471521591766,True,True,True,True,0.038876086067739735,0.06484837620393935,0.08928741209579405,0.0019438043033869867,0.0016212094050984838,0.0014881235349299008,0.029254579544067384,0.02380435466766353,0.021360015869140624,-0.0018180635921029031,-0.0018180635921029031,-0.0018180635921029031,-0.0018180635921029031,-0.0018180635921029031,-0.0018180635921029031,False,False,False,uptrend,candidate_feature_label_only_not_live_rule,rolling_adjusted_close_asof_signal_date_including_signal_close,2017-08-04,benchmark_features_adjusted_close_pit_asof,False,True
2017-08-11,2017-08-11,15.426411628723145,15.550523471832275,15.354698824882508,15.071216948827107,14.503407382965088,-0.007981200332834004,0.004670414226844111,0.023567750441259472,0.06364051021845851,-0.007981200332834004,0.004670414226844111,0.023567750441259472,0.06364051021845851,False,True,True,True,-0.0012344590478570172,0.05468114796564705,0.07403313867970507,-6.172295239285087e-05,0.0013670286991411761,0.0012338856446617512,-0.0009533405303955966,0.019994997978210406,0.017722384134928416,-0.02049404972978408,-0.02049404972978408,-0.02049404972978408,-0.02049404972978408,-0.02049404972978408,-0.02049404972978408,False,False,False,weak,candidate_feature_label_only_not_live_rule,rolling_adjusted_close_asof_signal_date_including_signal_close,2017-08-11,benchmark_features_adjusted_close_pit_asof,False,True
2017-08-18,2017-08-18,15.407421112060549,15.52501745223999,15.412772989273071,15.161857064565023,14.570689328511556,-0.007574634974885197,-0.00034723649120416145,0.0161961721740167,0.05742568279948834,-0.007574634974885197,-0.00034723649120416145,0.0161961721740167,0.05742568279948834,False,False,True,True,-0.003071279452121045,0.026949078979184637,0.07271096183734072,-0.00015356397260605226,0.000673726974479616,0.0012118493639556786,-0.0023733139038085937,0.010107994079589932,0.017405875523885152,-0.02169985990245471,-0.02169985990245471,-0.02169985990245471,-0.02169985990245471,-0.02169985990245471,-0.02169985990245471,False,False,False,weak,candidate_feature_label_only_not_live_rule,rolling_adjusted_close_asof_signal_date_including_signal_close,2017-08-18,benchmark_features_adjusted_close_pit_asof,False,True
2017-08-25,2017-08-25,15.701709747314451,15.538429164886475,15.455715918540955,15.25244959195455,14.649399010340373,0.010508178188111561,0.01591604232828825,0.029454950999928453,0.07183303125481788,0.010508178188111561,0.01591604232828825,0.029454950999928453,0.07183303125481788,True,True,True,True,0.015970505054294426,0.03745233557644512,0.08045565619372974,0.0007985252527147213,0.000936308389411128,0.001340927603228829,0.01234111785888654,0.014170908927917437,0.01948701540629066,-0.0030138896155359474,-0.0030138896155359474,-0.0030138896155359474,-0.0030138896155359474,-0.0030138896155359474,-0.0030138896155359474,False,False,False,uptrend,candidate_feature_label_only_not_live_rule,rolling_adjusted_close_asof_signal_date_including_signal_close,2017-08-25,benchmark_features_adjusted_close_pit_asof,False,True
2017-09-01,2017-09-01,15.758671760559082,15.569756698608398,15.528688430786133,15.336864535013834,14.736549830436706,0.012133462687157426,0.014810222434304299,0.02750283309748669,0.0693596494351274,0.012133462687157426,0.014810222434304299,0.02750283309748669,0.0693596494351274,True,True,True,True,0.007893255142482403,0.04707620007649593,0.07325349612537524,0.0003946627571241201,0.0011769050019123984,0.0012208916020895874,0.006170654296875,0.017712616920471193,0.01792645454406735,0.0,0.0,0.0,0.0,0.0,0.0,True,True,True,uptrend,candidate_feature_label_only_not_live_rule,rolling_adjusted_close_asof_signal_date_including_signal_close,2017-09-01,benchmark_features_adjusted_close_pit_asof,False,True
2017-09-08,2017-09-08,15.701709747314451,15.593488883972167,15.572006177902221,15.434295511245727,14.816168816884359,0.0069401314963912775,0.008329278060285494,0.01732597615964271,0.05976855024903194,0.0069401314963912775,0.008329278060285494,0.01732597615964271,0.05976855024903194,True,True,True,True,0.01784589476911891,0.016589405694997117,0.07350287674721567,0.0008922947384559454,0.00041473514237492793,0.0012250479457869279,0.01376490592956534,0.006405782699584872,0.01791830062866205,-0.0036146455811837397,-0.0036146455811837397,-0.0036146455811837397,-0.0036146455811837397,-0.0036146455811837397,-0.0036146455811837397,False,False,False,uptrend,candidate_feature_label_only_not_live_rule,rolling_adjusted_close_asof_signal_date_including_signal_close,2017-09-08,benchmark_features_adjusted_close_pit_asof,False,True
2017-09-15,2017-09-15,15.635258674621582,15.655669164657592,15.59034330844879,15.493738381067912,14.885656913121542,-0.0013037124010059076,0.0028809735157306893,0.00913403144373448,0.05035731818051481,-0.0013037124010059076,0.0028809735157306893,0.00913403144373448,0.05035731818051481,False,True,True,True,0.01478752095525504,0.011670824893876164,0.042135110004569265,0.000739376047762752,0.0002917706223469041,0.0007022518334094878,0.01139187812805167,0.004509282112121538,0.010535955429077178,-0.007831439591652556,-0.007831439591652556,-0.007831439591652556,-0.007831439591652556,-0.007831439591652556,-0.007831439591652556,False,False,False,weak,candidate_feature_label_only_not_live_rule,rolling_adjusted_close_asof_signal_date_including_signal_close,2017-09-15,benchmark_features_adjusted_close_pit_asof,False,True
2017-09-22,2017-09-22,15.492865562438965,15.679402208328247,15.60891568660736,15.53027801513672,14.957654897371928,-0.011896923327230025,-0.007434861363750489,-0.0024090008344531677,0.035781723053462944,-0.011896923327230025,-0.007434861363750489,-0.0024090008344531677,0.035781723053462944,False,False,False,True,-0.013300728916556759,0.002457356779349995,0.02365346329709417,-0.0006650364458278379,6.143391948374987e-05,0.0003942243882849028,-0.010442209243774325,0.0009494543075561079,0.005966536204020182,-0.018640722202562632,-0.018640722202562632,-0.018640722202562632,-0.018640722202562632,-0.018640722202562632,-0.018640722202562632,False,False,False,drawdown_risk,candidate_feature_label_only_not_live_rule,rolling_adjusted_close_asof_signal_date_including_signal_close,2017-09-22,benchmark_features_adjusted_close_pit_asof,False,True
2017-09-29,2017-09-29,15.31248950958252,15.579723787307739,15.574740242958068,15.545700216293335,15.012897761662801,-0.017152696759805575,-0.01683820913123235,-0.015001621249996155,0.019955624335546984,-0.017152696759805575,-0.01683820913123235,-0.015001621249996155,0.019955624335546984,False,False,False,True,-0.028313442767002095,-0.02064367285224178,0.017429868012939886,-0.0014156721383501048,-0.0005160918213060444,0.00029049780021566475,-0.022309112548828124,-0.008069229125976563,0.004372040430704753,-0.030066220748958483,-0.030066220748958483,-0.030066220748958483,-0.030066220748958483,-0.030066220748958483,-0.030066220748958483,False,False,False,drawdown_risk,candidate_feature_label_only_not_live_rule,rolling_adjusted_close_asof_signal_date_including_signal_close,2017-09-29,benchmark_features_adjusted_close_pit_asof,False,True
2017-10-06,2017-10-06,15.58779525756836,15.544598913192749,15.562161445617676,15.55859990119934,15.06648720105489,0.0027788651619020666,0.0016471884089019895,0.0018764770965522537,0.03460050438810769,0.0027788651619020666,0.0016471884089019895,0.0018764770965522537,0.03460050438810769,True,True,True,True,-0.0018235893350833088,0.00612731677989542,0.007372592234442754,-9.117946675416544e-05,0.00015318291949738548,0.00012287653724071256,-0.0014238834381103515,0.0023732423782348634,0.001901356379191051,-0.012627623032608337,-0.012627623032608337,-0.012627623032608337,-0.012627623032608337,-0.012627623032608337,-0.012627623032608337,False,False,False,weak,candidate_feature_label_only_not_live_rule,rolling_adjusted_close_asof_signal_date_including_signal_close,2017-10-06,benchmark_features_adjusted_close_pit_asof,False,True
2017-10-13,2017-10-13,15.958027839660645,15.578299760818481,15.601795411109924,15.58107647895813,15.12078652381897,0.024375450766278783,0.02283278425103874,0.02419289586387552,0.055370222608646325,0.024375450766278783,0.02283278425103874,0.02419289586387552,0.055370222608646325,True,True,True,True,0.014484094505374578,0.03382537826405829,0.028795910984452,0.000724204725268729,0.0008456344566014573,0.00047993184974086666,0.011391878128051758,0.013053131103515626,0.007444397608439127,-0.0017813567040778633,-0.0017813567040778633,-0.0017813567040778633,-0.0017813567040778633,-0.0017813567040778633,-0.0017813567040778633,False,False,False,uptrend,candidate_feature_label_only_not_live_rule,rolling_adjusted_close_asof_signal_date_including_signal_close,2017-10-13,benchmark_features_adjusted_close_pit_asof,False,True
2017-10-20,2017-10-20,16.052963256835938,15.672757244110107,15.678452920913696,15.625898599624634,15.208534145355225,0.02425903794743678,0.023886944573636937,0.02733056627038155,0.055523372825421635,0.02425903794743678,0.023886944573636937,0.02733056627038155,0.055523372825421635,True,True,True,True,0.021752733895017196,0.032987540574032304,0.03428865170841089,0.0010876366947508598,0.0008246885143508076,0.0005714775284735148,0.01708807945251465,0.01281592845916748,0.00886977513631182,-0.004122130160487014,-0.004122130160487014,-0.004122130160487014,-0.004122130160487014,-0.004122130160487014,-0.004122130160487014,False,False,False,uptrend,candidate_feature_label_only_not_live_rule,rolling_adjusted_close_asof_signal_date_including_signal_close,2017-10-20,benchmark_features_adjusted_close_pit_asof,False,True
2017-10-27,2017-10-27,16.0054931640625,15.80613660812378,15.72568154335022,15.668643554051718,15.28591411113739,0.01261260489399163,0.017793290544574347,0.02149832618559233,0.04707464975227227,0.01261260489399163,0.017793290544574347,0.02149832618559233,0.04707464975227227,True,True,True,True,0.049813315865402163,0.024301297714638626,0.030562234737150584,0.002490665793270108,0.0006075324428659656,0.0005093705789525097,0.0379727840423584,0.009493160247802734,0.007910950978597005,-0.007067032862619893,-0.007067032862619893,-0.007067032862619893,-0.007067032862619893,-0.007067032862619893,-0.007067032862619893,False,False,False,uptrend,candidate_feature_label_only_not_live_rule,rolling_adjusted_close_asof_signal_date_including_signal_close,2017-10-27,benchmark_features_adjusted_close_pit_asof,False,True
2017-11-03,2017-11-03,16.081438064575195,15.996000289916992,15.774571442604065,15.706141599019368,15.360745493570963,0.005341196118385794,0.019453246199915286,0.023894886162191487,0.04691781211438384,0.005341196118385794,0.019453246199915286,0.023894886162191487,0.04691781211438384,True,True,True,True,0.03926404869363287,0.021097106200915094,0.02171276174383374,0.0019632024346816434,0.0005274276550228773,0.00036187936239722904,0.030378341674804688,0.008306550979614302,0.005695867538452149,-0.005868359848250404,-0.005868359848250404,-0.005868359848250404,-0.005868359848250404,-0.005868359848250404,-0.005868359848250404,False,False,False,uptrend,candidate_feature_label_only_not_live_rule,rolling_adjusted_close_asof_signal_date_including_signal_close,2017-11-03,benchmark_features_adjusted_close_pit_asof,False,True
2017-11-10,2017-11-10,16.052963256835938,16.076217937469483,15.827258849143982,15.759936253229776,15.433920335769653,-0.0014465268338609283,0.01426048628149923,0.018593159191624853,0.04010924687952366,-0.0014465268338609283,0.01426048628149923,0.018593159191624853,0.04010924687952366,False,True,True,True,0.005949069529716411,0.02051933092037861,0.039975677320936764,0.00029745347648582057,0.0005129832730094652,0.0006662612886822794,0.004746770858764649,0.008069324493408202,0.010284344355265299,-0.0087922185185757,-0.0087922185185757,-0.0087922185185757,-0.0087922185185757,-0.0087922185185757,-0.0087922185185757,False,False,False,weak,candidate_feature_label_only_not_live_rule,rolling_adjusted_close_asof_signal_date_including_signal_close,2017-11-10,benchmark_features_adjusted_close_pit_asof,False,True
2017-11-17,2017-11-17,16.014986038208008,16.046314096450807,15.859535670280456,15.8010733127594,15.497702646255494,-0.0019523523006276244,0.009801697298039702,0.01353786044875016,0.03337806923773301,-0.0019523523006276244,0.009801697298039702,0.01353786044875016,0.03337806923773301,False,True,True,True,-0.002365745066522651,0.019335527405599073,0.03054375539613985,-0.00011828725332613255,0.0004833881851399768,0.0005090625899356641,-0.0018988609313964843,0.007594609260559082,0.007910998662312825,-0.011137163437514253,-0.011137163437514253,-0.011137163437514253,-0.011137163437514253,-0.011137163437514253,-0.011137163437514253,False,False,False,weak,candidate_feature_label_only_not_live_rule,rolling_adjusted_close_asof_signal_date_including_signal_close,2017-11-17,benchmark_features_adjusted_close_pit_asof,False,True
2017-11-24,2017-11-24,16.1668758392334,16.069571924209594,15.937854266166687,15.840311670303345,15.562565994262695,0.006055165344959201,0.014369661639640263,0.020616019162191135,0.038830990030403134,0.006055165344959201,0.014369661639640263,0.020616019162191135,0.038830990030403134,True,True,True,True,0.010082955490134715,0.06039853680222396,0.03462928210798255,0.0005041477745067358,0.0015099634200555988,0.0005771547017997091,0.008069133758544922,0.02302095890045166,0.009018484751383464,-0.0017585614750434964,-0.0017585614750434964,-0.0017585614750434964,-0.0017585614750434964,-0.0017585614750434964,-0.0017585614750434964,False,False,False,uptrend,candidate_feature_label_only_not_live_rule,rolling_adjusted_close_asof_signal_date_including_signal_close,2017-11-24,benchmark_features_adjusted_close_pit_asof,False,True
2017-12-01,2017-12-01,15.682722091674805,15.989354372024536,15.992677330970764,15.846165752410888,15.61163501739502,-0.01917727715674533,-0.019381072529720433,-0.010314398024722005,0.004553467602885775,-0.01917727715674533,-0.019381072529720433,-0.010314398024722005,0.004553467602885775,False,False,False,True,-0.02479355212508616,0.01349700133061904,-0.004219518126451938,-0.001239677606254308,0.000337425033265476,-7.03253021075323e-05,-0.019935798645019532,0.005221271514892578,-0.001107565561930309,-0.031653164380155974,-0.031653164380155974,-0.031653164380155974,-0.031653164380155974,-0.031653164380155974,-0.031653164380155974,False,False,False,drawdown_risk,candidate_feature_label_only_not_live_rule,rolling_adjusted_close_asof_signal_date_including_signal_close,2017-12-01,benchmark_features_adjusted_close_pit_asof,False,True
2017-12-08,2017-12-08,15.35995864868164,15.835090065002442,15.955654001235962,15.829869254430134,15.645922096570333,-0.03000497088241394,-0.037334436589573694,-0.029685059187522067,-0.018277187251966254,-0.03000497088241394,-0.037334436589573694,-0.029685059187522067,-0.018277187251966254,False,False,False,False,-0.0431698868966881,-0.037477638025709914,-0.023536373171337943,-0.0021584943448344053,-0.0009369409506427478,-0.00039227288618896573,-0.034650230407714845,-0.014951729774475097,-0.006170527140299479,-0.050469191700344584,-0.051582546336245816,-0.051582546336245816,-0.050469191700344584,-0.051582546336245816,-0.051582546336245816,False,False,False,drawdown_risk,candidate_feature_label_only_not_live_rule,rolling_adjusted_close_asof_signal_date_including_signal_close,2017-12-08,benchmark_features_adjusted_close_pit_asof,False,True
2017-12-15,2017-12-15,15.397932052612305,15.707881450653076,15.877097773551942,15.808984263737996,15.658619165420532,-0.019732094300207836,-0.030179679420871963,-0.02600117782826472,-0.01664815460764968,-0.019732094300207836,-0.030179679420871963,-0.02600117782826472,-0.01664815460764968,False,False,False,False,-0.03852978604686619,-0.04080437946213433,-0.019939252375308136,-0.0019264893023433094,-0.0010201094865533583,-0.00033232087292180227,-0.030852699279785158,-0.01637578010559082,-0.005221160252888998,-0.04812172985146346,-0.049237836959963976,-0.049237836959963976,-0.04812172985146346,-0.049237836959963976,-0.049237836959963976,False,False,False,drawdown_risk,candidate_feature_label_only_not_live_rule,rolling_adjusted_close_asof_signal_date_including_signal_close,2017-12-15,benchmark_features_adjusted_close_pit_asof,False,True
2017-12-22,2017-12-22,15.43590259552002,15.52846074104309,15.799016332626342,15.801389757792155,15.669264101982117,-0.0059605486381809625,-0.02298331297730616,-0.023130064372464565,-0.014892946148796993,-0.0059605486381809625,-0.02298331297730616,-0.023130064372464565,-0.014892946148796993,False,False,False,False,-0.04521425481226682,-0.035587192640923804,0.012453407156693297,-0.002260712740613341,-0.0008896798160230951,0.0002075567859448883,-0.03654866218566895,-0.014239764213562012,0.0031644185384114582,-0.03386809364922205,-0.046893304240674616,-0.046893304240674616,-0.03386809364922205,-0.046893304240674616,-0.046893304240674616,False,False,False,drawdown_risk,candidate_feature_label_only_not_live_rule,rolling_adjusted_close_asof_signal_date_including_signal_close,2017-12-22,benchmark_features_adjusted_close_pit_asof,False,True
2017-12-29,2017-12-29,15.597288131713867,15.438750457763671,15.714052414894104,15.808035039901734,15.68079202969869,0.010268815108056328,-0.007430564700774744,-0.013331632151365458,-0.005325234709233406,0.010268815108056328,-0.007430564700774744,-0.013331632151365458,-0.005325234709233406,True,False,False,False,-0.005447648658282955,-0.030106134222400938,0.007975825751146415,-0.0002723824329141478,-0.0007526533555600234,0.00013293042918577358,-0.004271697998046875,-0.012103748321533204,0.0020569483439127605,-0.00904705979796605,-0.03692837771997304,-0.03692837771997304,-0.00904705979796605,-0.03692837771997304,-0.03692837771997304,False,False,False,drawdown_risk,candidate_feature_label_only_not_live_rule,rolling_adjusted_close_asof_signal_date_including_signal_close,2017-12-29,benchmark_features_adjusted_close_pit_asof,False,True
2018-01-05,2018-01-05,15.90106964111328,15.49855728149414,15.684148788452148,15.813256247838337,15.693444164594014,0.02597095667089966,0.013830578604357768,0.0055531505907864265,0.013230077116385353,0.02597095667089966,0.013830578604357768,0.0055531505907864265,0.013230077116385353,True,True,True,True,0.03522867507707006,-0.007701415102143838,-0.005344249077108065,0.001761433753853503,-0.00019253537755359594,-8.907081795180108e-05,0.027055549621581944,-0.003085279464721724,-0.0014239311218262015,0.0,-0.01701847937908829,-0.01817105602370328,0.0,-0.01701847937908829,-0.01817105602370328,True,False,False,uptrend,candidate_feature_label_only_not_live_rule,rolling_adjusted_close_asof_signal_date_including_signal_close,2018-01-05,benchmark_features_adjusted_close_pit_asof,False,True
2018-01-12,2018-01-12,15.967516899108888,15.625765895843506,15.682250022888184,15.804237667719523,15.710633246103923,0.02187099215125765,0.018190430314805495,0.01033135762839521,0.016350942000932456,0.02187099215125765,0.018190430314805495,0.01033135762839521,0.016350942000932456,True,True,True,True,0.028746068276205516,0.005980853194607061,-0.00942296685694688,0.0014373034138102758,0.00014952132986517652,-0.00015704944761578133,0.022308874130249113,0.002373290061950728,-0.002531544367472301,-0.0005943969935616744,-0.01291080434968428,-0.014068197372026914,-0.0005943969935616744,-0.01291080434968428,-0.014068197372026914,False,False,False,uptrend,candidate_feature_label_only_not_live_rule,rolling_adjusted_close_asof_signal_date_including_signal_close,2018-01-12,benchmark_features_adjusted_close_pit_asof,False,True
2018-01-19,2018-01-19,16.54660415649414,15.845058059692382,15.70503373146057,15.823856751124064,15.742294677098592,0.04427538820992982,0.053586031040972815,0.04567454172123586,0.05109226424058955,0.04427538820992982,0.053586031040972815,0.04567454172123586,0.05109226424058955,True,True,True,True,0.07592587172311638,0.022887546684824844,0.03442122303050432,0.003796293586155819,0.0005721886671206211,0.0005736870505084053,0.05838298797607422,0.009255933761596679,0.00917669932047529,0.0,0.0,0.0,0.0,0.0,0.0,True,True,True,uptrend,candidate_feature_label_only_not_live_rule,rolling_adjusted_close_asof_signal_date_including_signal_close,2018-01-19,benchmark_features_adjusted_close_pit_asof,False,True
2018-01-26,2018-01-26,16.613054275512695,16.152637004852295,15.797829580307006,15.86831644376119,15.784381087621053,0.028504155112387464,0.051603588395580546,0.04693237839004083,0.052499567977456696,0.028504155112387464,0.051603588395580546,0.04693237839004083,0.052499567977456696,True,True,True,True,0.07099140196798714,0.06382965729943524,0.031839563268939,0.0035495700983993574,0.001595741432485881,0.00053065938781565,0.055060386657714844,0.024919533729553224,0.008543841044108073,-0.00905996466984671,-0.00905996466984671,-0.00905996466984671,-0.00905996466984671,-0.00905996466984671,-0.00905996466984671,False,False,False,uptrend,candidate_feature_label_only_not_live_rule,rolling_adjusted_close_asof_signal_date_including_signal_close,2018-01-26,benchmark_features_adjusted_close_pit_asof,False,True
2018-02-02,2018-02-02,16.5351505279541,16.347330331802368,15.922943806648254,15.905209302902222,15.827430605888367,0.011489349780027691,0.03844808653097398,0.03960596890334123,0.04471477017895986,0.011489349780027691,0.03844808653097398,0.03960596890334123,0.04471477017895986,True,True,True,True,0.03987661843838253,0.07651009394959063,0.03186809694477488,0.0019938309219191264,0.0019127523487397658,0.0005311349490795814,0.031704044342041104,0.029379796981811524,0.008511161804199219,-0.013706788852673402,-0.013706788852673402,-0.013706788852673402,-0.013706788852673402,-0.013706788852673402,-0.013706788852673402,False,False,False,uptrend,candidate_feature_label_only_not_live_rule,rolling_adjusted_close_asof_signal_date_including_signal_close,2018-02-02,benchmark_features_adjusted_close_pit_asof,False,True
2018-02-09,2018-02-09,15.39580535888672,16.294720125198364,15.960243010520935,15.886406723658244,15.839784518877666,-0.05516601447615843,-0.03536522916738416,-0.03088183333748551,-0.02802936867365946,-0.05516601447615843,-0.03536522916738416,-0.03088183333748551,-0.02802936867365946,False,False,False,False,-0.03580466166621521,-0.008087836638873136,-0.030037950896716348,-0.0017902330833107604,-0.0002021959159718284,-0.0005006325149452725,-0.0285855770111084,-0.003138351440429643,-0.007946332295735648,-0.08166676318159771,-0.08166676318159771,-0.08166676318159771,-0.08166676318159771,-0.08166676318159771,-0.08166676318159771,False,False,False,drawdown_risk,candidate_feature_label_only_not_live_rule,rolling_adjusted_close_asof_signal_date_including_signal_close,2018-02-09,benchmark_features_adjusted_close_pit_asof,False,True
2018-02-12,2018-02-12,15.5223970413208,16.267242622375488,15.963354635238648,15.878196907043456,15.839635109901428,-0.045788066136676187,-0.02762311581705057,-0.02240807742879325,-0.020028117212265828,-0.045788066136676187,-0.02762311581705057,-0.02240807742879325,-0.020028117212265828,False,False,False,False,-0.03419312253295592,0.008083227558299377,-0.030758003516956234,-0.0017096561266477961,0.00020208068895748442,-0.0005126333919492705,-0.027477502822875977,0.0031116247177124024,-0.008209816614786784,-0.07411578765456084,-0.07411578765456084,-0.07411578765456084,-0.07411578765456084,-0.07411578765456084,-0.07411578765456084,False,False,False,drawdown_risk,candidate_feature_label_only_not_live_rule,rolling_adjusted_close_asof_signal_date_including_signal_close,2018-02-12,benchmark_features_adjusted_close_pit_asof,False,True
2018-02-23,2018-02-23,15.97034740447998,16.213662767410277,16.000168919563293,15.868406120936076,15.84565687974294,-0.01500681039322982,-0.0018638250154253688,0.006424166533613551,0.007869066311567252,-0.01500681039322982,-0.0018638250154253688,0.006424166533613551,0.007869066311567252,False,False,True,True,-0.02531990295409825,0.037814828942463574,-0.012156240742350888,-0.0012659951477049125,0.0009453707235615894,-0.0002026040123725148,-0.020743608474731445,0.014547777175903321,-0.0032754739125569663,-0.0473963210631948,-0.0473963210631948,-0.0473963210631948,-0.0473963210631948,-0.0473963210631948,-0.0473963210631948,False,False,False,weak,candidate_feature_label_only_not_live_rule,rolling_adjusted_close_asof_signal_date_including_signal_close,2018-02-23,benchmark_features_adjusted_close_pit_asof,False,True
2018-03-02,2018-03-02,15.80479907989502,16.076016473770142,16.05570638179779,15.862079016367595,15.854517952601116,-0.016870932815828188,-0.015627297605991464,-0.0036111241416380002,-0.003135943511794914,-0.016870932815828188,-0.015627297605991464,-0.0036111241416380002,-0.003135943511794914,False,False,False,False,-0.045379038921384396,0.032150851107810574,-0.004270647501275593,-0.00226895194606922,0.0008037712776952644,-7.117745835459321e-05,-0.037564992904663086,0.0123077392578125,-0.0011297702789306641,-0.05143216429866215,-0.05727099310678607,-0.05727099310678607,-0.05143216429866215,-0.05727099310678607,-0.05727099310678607,False,False,False,drawdown_risk,candidate_feature_label_only_not_live_rule,rolling_adjusted_close_asof_signal_date_including_signal_close,2018-03-02,benchmark_features_adjusted_close_pit_asof,False,True
2018-03-09,2018-03-09,16.135894775390625,15.929933643341064,16.10403702259064,15.884806283315022,15.865960717201233,0.012929189578617883,0.0019782463710991127,0.015806833750269922,0.01701340769719284,0.012929189578617883,0.0019782463710991127,0.015806833750269922,0.01701340769719284,True,True,True,True,-0.021264037030631178,0.019637823542403732,0.03327438317141129,-0.001063201851531559,0.0004909455885600933,0.0005545730528568549,-0.017528438568115236,0.007769274711608887,0.008660364151000976,-0.028152466863283432,-0.037521705904631775,-0.037521705904631775,-0.028152466863283432,-0.037521705904631775,-0.037521705904631775,False,False,False,weak,candidate_feature_label_only_not_live_rule,rolling_adjusted_close_asof_signal_date_including_signal_close,2018-03-09,benchmark_features_adjusted_close_pit_asof,False,True
2018-03-16,2018-03-16,16.340389251708984,16.002968978881835,16.1665607213974,15.971264934539795,15.897086215019225,0.02108485452120923,0.010752350689006596,0.023111777225040875,0.027885804397974168,0.02108485452120923,0.010752350689006596,0.023111777225040875,0.027885804397974168,True,True,True,True,0.040297444680233996,0.02762830554869189,0.06317341703464896,0.0020148722340117,0.0006907076387172972,0.001052890283910816,0.031648445129394534,0.010982990264892623,0.016182343165079754,-0.01236032425489264,-0.02532396307979634,-0.02532396307979634,-0.01236032425489264,-0.02532396307979634,-0.02532396307979634,False,False,False,uptrend,candidate_feature_label_only_not_live_rule,rolling_adjusted_close_asof_signal_date_including_signal_close,2018-03-16,benchmark_features_adjusted_close_pit_asof,False,True
2018-03-23,2018-03-23,15.989825248718262,16.151960611343384,16.193183493614196,16.04106763203939,15.920437598228455,-0.010038122710084862,-0.012558262245106366,-0.003194449677325739,0.004358400958622388,-0.010038122710084862,-0.012558262245106366,-0.003194449677325739,0.004358400958622388,False,False,False,True,0.013580422225958122,-0.01095144122313818,0.04229531976429213,0.0006790211112979061,-0.0002737860305784545,0.0007049219960715354,0.010711956024169921,-0.004426264762878418,0.010814189910888701,-0.03354898218147495,-0.04623450124743178,-0.04623450124743178,-0.03354898218147495,-0.04623450124743178,-0.04623450124743178,False,False,False,weak,candidate_feature_label_only_not_live_rule,rolling_adjusted_close_asof_signal_date_including_signal_close,2018-03-23,benchmark_features_adjusted_close_pit_asof,False,True
2018-03-30,2018-03-30,16.135894775390625,16.182635927200316,16.12932620048523,16.098016230265298,15.951285123825073,-0.002888352183164855,0.0004072442223406192,0.0023529945916014317,0.01157334033794033,-0.002888352183164855,0.0004072442223406192,0.0023529945916014317,0.01157334033794033,False,True,True,True,0.020949060713893353,-0.025380626448993415,0.053773441953564705,0.0010474530356946675,-0.0006345156612248354,0.0008962240325594117,0.016554784774780274,-0.010505104064941406,0.013723421096801757,-0.02472030266003422,-0.031560559117308484,-0.037521705904631775,-0.02472030266003422,-0.031560559117308484,-0.037521705904631775,False,False,False,weak,candidate_feature_label_only_not_live_rule,rolling_adjusted_close_asof_signal_date_including_signal_close,2018-03-30,benchmark_features_adjusted_close_pit_asof,False,True
2018-04-03,2018-04-03,15.87296199798584,16.190912771224976,16.096210646629334,16.115019432703654,15.960498762130737,-0.01963760646059487,-0.013869640100059422,-0.015020610786642075,-0.005484588260649681,-0.01963760646059487,-0.013869640100059422,-0.015020610786642075,-0.005484588260649681,False,False,False,False,-0.007912851343933602,-0.044548838838005644,0.02327997860482567,-0.0003956425671966801,-0.0011137209709501412,0.00038799964341376116,-0.006330108642578125,-0.018502306938171387,0.006018590927124023,-0.04061238693162905,-0.04734118210004978,-0.053205192601897267,-0.04061238693162905,-0.04734118210004978,-0.053205192601897267,False,False,False,drawdown_risk,candidate_feature_label_only_not_live_rule,rolling_adjusted_close_asof_signal_date_including_signal_close,2018-04-03,benchmark_features_adjusted_close_pit_asof,False,True
2018-04-13,2018-04-13,16.067726135253906,16.15244765281677,16.03607819080353,16.13982890446981,15.976542576154072,-0.005245119463246906,0.0019735464041654716,-0.004467381261763825,0.005707339911948939,-0.005245119463246906,0.0019735464041654716,-0.004467381261763825,0.005707339911948939,False,True,False,True,-0.028840526028248825,-0.028268529633883488,0.010480835434474534,-0.0014420263014124413,-0.0007067132408470872,0.00017468059057457557,-0.023858165740966795,-0.011685609817504883,0.002777608235677113,-0.021352438848148636,-0.028840526028248825,-0.04158784771968971,-0.021352438848148636,-0.028840526028248825,-0.04158784771968971,False,False,False,drawdown_risk,candidate_feature_label_only_not_live_rule,rolling_adjusted_close_asof_signal_date_including_signal_close,2018-04-13,benchmark_features_adjusted_close_pit_asof,False,True
2018-04-20,2018-04-20,15.726896286010742,16.041434669494627,16.061153769493103,16.139009221394858,15.97162344455719,-0.019607871114048825,-0.02081154867698587,-0.02553520663695974,-0.015322622612283454,-0.019607871114048825,-0.02081154867698587,-0.02553520663695974,-0.015322622612283454,False,False,False,False,-0.036396065425409074,0.021505268442024716,-0.015069382084798355,-0.0018198032712704536,0.0005376317110506179,-0.0002511563680799726,-0.029700851440429686,0.008277273178100541,-0.004010343551635772,-0.03697071875439806,-0.04944083588656911,-0.06191776040458452,-0.03697071875439806,-0.04944083588656911,-0.06191776040458452,False,False,False,drawdown_risk,candidate_feature_label_only_not_live_rule,rolling_adjusted_close_asof_signal_date_including_signal_close,2018-04-20,benchmark_features_adjusted_close_pit_asof,False,True
2018-04-27,2018-04-27,15.425020217895508,15.865663480758666,16.014654994010925,16.07268498738607,15.948270869255065,-0.027773390214506644,-0.03681845012183693,-0.0402959909933438,-0.03280924030255061,-0.027773390214506644,-0.03681845012183693,-0.0402959909933438,-0.03280924030255061,False,False,False,False,-0.050359692800049594,-0.03883464798267244,-0.06778333052455587,-0.00251798464000248,-0.0009708661995668111,-0.0011297221754092645,-0.040899658203125,-0.015580701828002929,-0.018693065643310545,-0.04405547801286447,-0.06768671592258824,-0.07992414722800967,-0.04405547801286447,-0.06768671592258824,-0.07992414722800967,False,False,False,drawdown_risk,candidate_feature_label_only_not_live_rule,rolling_adjusted_close_asof_signal_date_including_signal_close,2018-04-27,benchmark_features_adjusted_close_pit_asof,False,True
2018-05-04,2018-05-04,15.37632656097412,15.7434513092041,15.970347094535828,15.990959072113037,15.92536583741506,-0.02331920371331475,-0.037195217489352506,-0.038436250656834536,-0.03447577167433269,-0.02331920371331475,-0.037195217489352506,-0.038436250656834536,-0.03447577167433269,False,False,False,False,-0.04012156567270608,-0.022291094101539843,-0.07391416476642876,-0.002006078283635304,-0.0005572773525384961,-0.001231902746107146,-0.03213543891906747,-0.008764243125915571,-0.020453977584838898,-0.047073200773157464,-0.0706298396629027,-0.07714810335462385,-0.047073200773157464,-0.0706298396629027,-0.07714810335462385,False,False,False,drawdown_risk,candidate_feature_label_only_not_live_rule,rolling_adjusted_close_asof_signal_date_including_signal_close,2018-05-04,benchmark_features_adjusted_close_pit_asof,False,True
2018-05-11,2018-05-11,15.892446517944336,15.652401351928711,15.914353585243225,15.915976317723592,15.906337229410807,0.0153359960953241,-0.0013765602970643442,-0.001478376149193772,-0.000873281589980901,0.0153359960953241,-0.0013765602970643442,-0.001478376149193772,-0.000873281589980901,True,False,False,False,-0.010908800401134067,-0.030302822231085158,-0.042815092750410955,-0.0005454400200567034,-0.0007575705557771289,-0.000713584879173516,-0.008763980865478516,-0.012415885925292969,-0.011847877502441406,-0.012704167992288573,-0.039434710887476965,-0.039434710887476965,-0.012704167992288573,-0.039434710887476965,-0.039434710887476965,False,False,False,drawdown_risk,candidate_feature_label_only_not_live_rule,rolling_adjusted_close_asof_signal_date_including_signal_close,2018-05-11,benchmark_features_adjusted_close_pit_asof,False,True
2018-05-18,2018-05-18,15.765846252441406,15.629029560089112,15.850082540512085,15.911594184239705,15.902973620096843,0.00875401072256432,-0.005314564631154095,-0.009159857278327355,-0.008622750117760813,0.00875401072256432,-0.005314564631154095,-0.009159857278327355,-0.008622750117760813,True,False,False,False,-0.020569030983709213,-0.03458563542364401,0.004342288887756229,-0.0010284515491854607,-0.0008646408855911003,7.237148146260382e-05,-0.016554927825927733,-0.014120149612426757,0.0011360645294189453,-0.018787965407883744,-0.03458563542364401,-0.04708663663076862,-0.018787965407883744,-0.03458563542364401,-0.04708663663076862,False,False,False,drawdown_risk,candidate_feature_label_only_not_live_rule,rolling_adjusted_close_asof_signal_date_including_signal_close,2018-05-18,benchmark_features_adjusted_close_pit_asof,False,True
2018-05-25,2018-05-25,15.94113063812256,15.725922775268554,15.816242957115174,15.928798055648803,15.89860208829244,0.013684911590209126,0.007896166070919142,0.0007742318303409768,0.0026749867437363406,0.013684911590209126,0.007896166070919142,0.0007742318303409768,0.0026749867437363406,True,True,True,True,0.03542038019602978,-0.004258124516589135,-0.0018294383720934837,0.0017710190098014888,-0.00010645311291472837,-3.0490639534891395e-05,0.027266263961791992,-0.0017042398452758345,-0.0004869461059570016,-0.00787886823970596,-0.01858539032977491,-0.03649216356341434,-0.00787886823970596,-0.01858539032977491,-0.03649216356341434,False,False,False,uptrend,candidate_feature_label_only_not_live_rule,rolling_adjusted_close_asof_signal_date_including_signal_close,2018-05-25,benchmark_features_adjusted_close_pit_asof,False,True
2018-06-01,2018-06-01,15.84375286102295,15.827685070037841,15.785568189620971,15.922793086369833,15.891063729921976,0.0010151699957390292,0.0036859408988669795,-0.004963967371688249,-0.002977199620057158,0.0010151699957390292,0.0036859408988669795,-0.004963967371688249,-0.002977199620057158,True,True,False,False,0.030399087727180696,-0.010942136940161884,0.00743036470051317,0.0015199543863590348,-0.0002735534235040471,0.0001238394116752195,0.023371315002441495,-0.0043820619583129885,0.0019476095835367839,-0.013939326096649163,-0.018105095405879235,-0.04237783462779132,-0.013939326096649163,-0.018105095405879235,-0.04237783462779132,False,False,False,neutral,candidate_feature_label_only_not_live_rule,rolling_adjusted_close_asof_signal_date_including_signal_close,2018-06-01,benchmark_features_adjusted_close_pit_asof,False,True
2018-06-08,2018-06-08,16.077468872070312,15.946488904953004,15.799445128440857,15.925065358479818,15.91359097957611,0.008213718260991376,0.01759705745165574,0.00957004006952733,0.010297983195906468,0.008213718260991376,0.01759705745165574,0.00957004006952733,0.010297983195906468,True,True,True,True,0.011642156789205771,0.0006063544234196083,-0.019013455649449007,0.0005821078394602885,1.5158860585490209e-05,-0.0003168909274908168,0.009251117706298828,0.00024356842041015626,-0.005193551381429036,-0.010784962171657142,-0.010784962171657142,-0.0282516591853601,-0.010784962171657142,-0.010784962171657142,-0.0282516591853601,False,False,False,uptrend,candidate_feature_label_only_not_live_rule,rolling_adjusted_close_asof_signal_date_including_signal_close,2018-06-08,benchmark_features_adjusted_close_pit_asof,False,True
2018-06-15,2018-06-15,15.960610389709473,15.983493614196778,15.806261587142945,15.894552898406982,15.940839815139771,-0.0014316785203317695,0.009765041639705485,0.004155982978867545,0.001240246737246764,-0.0014316785203317695,0.009765041639705485,0.004155982978867545,0.001240246737246764,False,True,True,True,0.01235354792565646,-0.008469583568094352,-0.02265934280273274,0.000617677396282823,-0.0002117395892023588,-0.000377655713378879,0.00973820686340332,-0.003408360481262207,-0.006167364120483398,-0.017975034748936913,-0.017975034748936913,-0.02265934280273274,-0.017975034748936913,-0.017975034748936913,-0.02265934280273274,False,False,False,weak,candidate_feature_label_only_not_live_rule,rolling_adjusted_close_asof_signal_date_including_signal_close,2018-06-15,benchmark_features_adjusted_close_pit_asof,False,True
2018-06-22,2018-06-22,15.80479907989502,15.962069702148437,15.8303631067276,15.865988032023113,15.95352783203125,-0.009852771300218666,-0.001614873055041599,-0.003856611514176933,-0.00932262466973699,-0.009852771300218666,-0.001614873055041599,-0.003856611514176933,-0.00932262466973699,False,False,False,False,-0.0049052414684417345,0.023329141021483313,-0.011571494118616021,-0.0002452620734220867,0.0005832285255370828,-0.00019285823531026703,-0.003895425796508789,0.009007668495178223,-0.0030837694803873697,-0.027561798185309794,-0.027561798185309794,-0.027561798185309794,-0.027561798185309794,-0.027561798185309794,-0.027561798185309794,False,False,False,drawdown_risk,candidate_feature_label_only_not_live_rule,rolling_adjusted_close_asof_signal_date_including_signal_close,2018-06-22,benchmark_features_adjusted_close_pit_asof,False,True
2018-06-29,2018-06-29,15.863224983215332,15.92749981880188,15.86590678691864,15.83580010732015,15.966908168792724,-0.004035462961404335,-0.00016902933688722754,0.00173182761270807,-0.006493629479252583,-0.004035462961404335,-0.00016902933688722754,0.00173182761270807,-0.006493629479252583,False,False,True,False,0.00866850615183723,0.036918980256220646,-0.0168983372766629,0.00043342530759186146,0.0009229745064055162,-0.0002816389546110483,0.006816434860229492,0.014120054244995118,-0.004544496536254883,-0.02396696726863734,-0.02396696726863734,-0.02396696726863734,-0.02396696726863734,-0.02396696726863734,-0.02396696726863734,False,False,False,weak,candidate_feature_label_only_not_live_rule,rolling_adjusted_close_asof_signal_date_including_signal_close,2018-06-29,benchmark_features_adjusted_close_pit_asof,False,True
2018-07-06,2018-07-06,15.765846252441406,15.8505690574646,15.893903422355653,15.816324059168497,15.974903305371603,-0.005345095479918793,-0.008056999373365237,-0.0031915005369297367,-0.013086592696927357,-0.005345095479918793,-0.008056999373365237,-0.0031915005369297367,-0.013086592696927357,False,False,False,False,-0.029958489044403014,0.0037196370900955955,-0.022933250873300892,-0.0014979244522201507,9.299092725238989e-05,-0.0003822208478883482,-0.02434539794921875,0.0014606475830078124,-0.006167475382486979,-0.02469885268391636,-0.029958489044403014,-0.029958489044403014,-0.02469885268391636,-0.029958489044403014,-0.029958489044403014,False,False,False,drawdown_risk,candidate_feature_label_only_not_live_rule,rolling_adjusted_close_asof_signal_date_including_signal_close,2018-07-06,benchmark_features_adjusted_close_pit_asof,False,True
2018-07-13,2018-07-13,16.233272552490234,15.85008201599121,15.911918711662292,15.823140637079876,15.9808940410614,0.024175933986487985,0.02019579452680409,0.025919754163674646,0.015792515160939713,0.024175933986487985,0.02019579452680409,0.025919754163674646,0.015792515160939713,True,True,True,True,0.01957195135209111,0.026477947586837747,0.021445787730735244,0.0009785975676045555,0.0006619486896709437,0.0003574297955122541,0.015580892562866211,0.010468411445617675,0.005680433909098307,0.0,-0.0011986681569239321,-0.0011986681569239321,0.0,-0.0011986681569239321,-0.0011986681569239321,True,False,False,uptrend,candidate_feature_label_only_not_live_rule,rolling_adjusted_close_asof_signal_date_including_signal_close,2018-07-13,benchmark_features_adjusted_close_pit_asof,False,True
2018-07-20,2018-07-20,16.48646354675293,15.94843635559082,15.95525302886963,15.869720856348673,15.988794573148091,0.03373541952114323,0.03329376957683605,0.038862856882421415,0.031126109684380676,0.03373541952114323,0.03329376957683605,0.038862856882421415,0.031126109684380676,True,True,True,True,0.04313022034712488,0.03801341473329356,0.06746555236137408,0.002156511017356244,0.000950335368332339,0.001124425872689568,0.034083223342895506,0.01509389877319336,0.01736618677775065,0.0,0.0,0.0,0.0,0.0,0.0,True,True,True,uptrend,candidate_feature_label_only_not_live_rule,rolling_adjusted_close_asof_signal_date_including_signal_close,2018-07-20,benchmark_features_adjusted_close_pit_asof,False,True
2018-07-27,2018-07-27,16.83013343811035,16.18936743736267,16.058433628082277,15.973727003733318,15.992570026715596,0.039579434046872475,0.048055733697373926,0.0536134387533278,0.05237203338772978,0.039579434046872475,0.048055733697373926,0.0536134387533278,0.05237203338772978,True,True,True,True,0.0609528299521751,0.07014970608542459,0.10012212653396091,0.0030476414976087552,0.0017537426521356148,0.0016687021088993485,0.048345422744750975,0.027580928802490235,0.025528510411580402,0.0,0.0,0.0,0.0,0.0,0.0,True,True,True,uptrend,candidate_feature_label_only_not_live_rule,rolling_adjusted_close_asof_signal_date_including_signal_close,2018-07-27,benchmark_features_adjusted_close_pit_asof,False,True
2018-08-03,2018-08-03,16.800676345825195,16.441737031936647,16.146153044700622,16.076514625549315,16.002169410387676,0.02183098496170688,0.04053741465923966,0.04504469638742581,0.04989991762736712,0.02183098496170688,0.04053741465923966,0.04504469638742581,0.04989991762736712,True,True,True,True,0.06563745940523447,0.033712571252337176,0.06960124402383316,0.0032818729702617233,0.0008428142813084293,0.0011600207337305528,0.051741504669189455,0.013698053359985352,0.018220933278401692,-0.0069645790328708435,-0.0069645790328708435,-0.0069645790328708435,-0.0069645790328708435,-0.0069645790328708435,-0.0069645790328708435,False,False,False,uptrend,candidate_feature_label_only_not_live_rule,rolling_adjusted_close_asof_signal_date_including_signal_close,2018-08-03,benchmark_features_adjusted_close_pit_asof,False,True
2018-08-10,2018-08-10,16.83013343811035,16.640186023712157,16.245134019851683,16.15467448234558,16.032566301027934,0.011414981426741244,0.03601074743635824,0.041811981820056854,0.04974669195855941,0.011414981426741244,0.03601074743635824,0.041811981820056854,0.04974669195855941,True,True,True,True,0.03676774868962318,0.05705931663039343,0.0642192307991507,0.001838387434481159,0.0014264829157598358,0.0010703205133191784,0.02984304428100586,0.022711968421936034,0.01692662239074707,-0.005223462459005845,-0.005223462459005845,-0.005223462459005845,-0.005223462459005845,-0.005223462459005845,-0.005223462459005845,False,False,False,uptrend,candidate_feature_label_only_not_live_rule,rolling_adjusted_close_asof_signal_date_including_signal_close,2018-08-10,benchmark_features_adjusted_close_pit_asof,False,True
2018-08-17,2018-08-17,16.427547454833984,16.70493984222412,16.32668809890747,16.205148633321127,16.067216817537943,-0.016605410735391457,0.006177575961242354,0.013723960609380637,0.022426450167942313,-0.016605410735391457,0.006177575961242354,0.013723960609380637,0.022426450167942313,False,True,True,True,-0.0035736039904415984,0.039402486029142425,0.0343039658522708,-0.00017868019952207992,0.0009850621507285606,0.0005717327642045134,-0.0029458045959472657,0.015568709373474121,0.00908066431681315,-0.029019060514060002,-0.029019060514060002,-0.029019060514060002,-0.029019060514060002,-0.029019060514060002,-0.029019060514060002,False,False,False,weak,candidate_feature_label_only_not_live_rule,rolling_adjusted_close_asof_signal_date_including_signal_close,2018-08-17,benchmark_features_adjusted_close_pit_asof,False,True
2018-08-24,2018-08-24,16.653390884399414,16.688247394561767,16.43880741596222,16.268371550242104,16.0946085135142,-0.0020886860877740165,0.013053469330678524,0.023666740888492965,0.03471860594906806,-0.0020886860877740165,0.013053469330678524,0.023666740888492965,0.03471860594906806,False,True,True,True,-0.01050155391583052,0.04981117660627943,0.05891147124895846,-0.0005250776957915259,0.0012452794151569858,0.0009818578541493075,-0.008837127685546875,0.01975414752960205,0.015441576639811197,-0.015670161902195834,-0.015670161902195834,-0.015670161902195834,-0.015670161902195834,-0.015670161902195834,-0.015670161902195834,False,False,False,weak,candidate_feature_label_only_not_live_rule,rolling_adjusted_close_asof_signal_date_including_signal_close,2018-08-24,benchmark_features_adjusted_close_pit_asof,False,True
2018-08-31,2018-08-31,17.07561492919922,16.746180915832518,16.593958973884583,16.34616233507792,16.138210622469582,0.019672187648184236,0.02902598205001361,0.04462531199484876,0.058086012672586396,0.019672187648184236,0.02902598205001361,0.04462531199484876,0.058086012672586396,True,True,True,True,0.01636473304494923,0.08307633195109898,0.050629001526089734,0.0008182366522474615,0.0020769082987774747,0.0008438166921014955,0.013746929168701173,0.032744216918945315,0.013714345296223958,-0.0068533193526121305,-0.0068533193526121305,-0.0068533193526121305,-0.0068533193526121305,-0.0068533193526121305,-0.0068533193526121305,False,False,False,uptrend,candidate_feature_label_only_not_live_rule,rolling_adjusted_close_asof_signal_date_including_signal_close,2018-08-31,benchmark_features_adjusted_close_pit_asof,False,True
2018-09-07,2018-09-07,16.967605590820312,16.786930656433107,16.71355834007263,16.42573289871216,16.163226580619813,0.010762833187612397,0.01520006964277476,0.032989255057875644,0.04976599233998069,0.010762833187612397,0.01520006964277476,0.032989255057875644,0.04976599233998069,True,True,True,True,0.008168215256016076,0.04523629083141523,0.0656936046670078,0.0004084107628008038,0.0011309072707853807,0.0010948934111167966,0.006873607635498047,0.018358325958251952,0.017432514826456705,-0.013135325379024843,-0.013135325379024843,-0.013135325379024843,-0.013135325379024843,-0.013135325379024843,-0.013135325379024843,False,False,False,uptrend,candidate_feature_label_only_not_live_rule,rolling_adjusted_close_asof_signal_date_including_signal_close,2018-09-07,benchmark_features_adjusted_close_pit_asof,False,True
2018-09-14,2018-09-14,16.98724365234375,16.87481231689453,16.789876079559328,16.509396171569826,16.18769210179647,0.006662671758230765,0.011755153632414528,0.028943970803535946,0.04939255982380275,0.006662671758230765,0.011755153632414528,0.028943970803535946,0.04939255982380275,True,True,True,True,0.034070587776330985,0.03037522899745526,0.07481553966433485,0.0017035293888165493,0.0007593807249363816,0.0012469256610722476,0.027984809875488282,0.012519502639770507,0.019707409540812175,-0.011993142465131612,-0.011993142465131612,-0.011993142465131612,-0.011993142465131612,-0.011993142465131612,-0.011993142465131612,False,False,False,uptrend,candidate_feature_label_only_not_live_rule,rolling_adjusted_close_asof_signal_date_including_signal_close,2018-09-14,benchmark_features_adjusted_close_pit_asof,False,True
2018-09-21,2018-09-21,17.05597686767578,16.945019435882568,16.816633415222167,16.60754475593567,16.22167243162791,0.0065480852478843055,0.014232542658446867,0.027001710266644885,0.05143146858404091,0.0065480852478843055,0.014232542658446867,0.027001710266644885,0.05143146858404091,True,True,True,True,0.024174415052822695,0.013418992213931391,0.07518974771665188,0.0012087207526411347,0.0003354748053482848,0.001253162461944198,0.020129299163818358,0.0056460857391357425,0.01987919807434082,-0.007995502266505361,-0.007995502266505361,-0.007995502266505361,-0.007995502266505361,-0.007995502266505361,-0.007995502266505361,False,False,False,uptrend,candidate_feature_label_only_not_live_rule,rolling_adjusted_close_asof_signal_date_including_signal_close,2018-09-21,benchmark_features_adjusted_close_pit_asof,False,True
2018-09-28,2018-09-28,17.0657958984375,16.961220932006835,16.846827459335326,16.694550148646037,16.25852084159851,0.006165532944230723,0.012997606797524153,0.02223754138242362,0.049652429314081425,0.006165532944230723,0.012997606797524153,0.02223754138242362,0.049652429314081425,True,True,True,True,-0.007424410809558801,0.024160052708679824,0.0851343830389295,-0.0003712205404779401,0.0006040013177169956,0.0014189063839821585,-0.006382560729980469,0.01006460189819336,0.022314993540445964,-0.005151592377084291,-0.007424410809558801,-0.007424410809558801,-0.005151592377084291,-0.007424410809558801,-0.007424410809558801,False,False,False,weak,candidate_feature_label_only_not_live_rule,rolling_adjusted_close_asof_signal_date_including_signal_close,2018-09-28,benchmark_features_adjusted_close_pit_asof,False,True
2018-10-05,2018-10-05,16.38827133178711,16.900342178344726,16.840199613571166,16.763580735524496,16.290520469347637,-0.030299436612221897,-0.026836278200637054,-0.022388379288325377,0.0060004750998226,-0.030299436612221897,-0.026836278200637054,-0.022388379288325377,0.0060004750998226,False,False,False,True,-0.035260124174059215,-0.03134054927921337,0.018098249468121885,-0.0017630062087029609,-0.0007835137319803342,0.00030163749113536474,-0.029948616027832033,-0.013255882263183593,0.004855442047119141,-0.04464780106661048,-0.04683038694663311,-0.04683038694663311,-0.04464780106661048,-0.04683038694663311,-0.04683038694663311,False,False,False,drawdown_risk,candidate_feature_label_only_not_live_rule,rolling_adjusted_close_asof_signal_date_including_signal_close,2018-10-05,benchmark_features_adjusted_close_pit_asof,False,True
2018-10-12,2018-10-12,15.720561981201172,16.704940032958984,16.77023777961731,16.745562585194907,16.29287235736847,-0.05892736219439432,-0.06259158708482504,-0.06121028175547594,-0.03512642606007221,-0.05892736219439432,-0.06259158708482504,-0.06121028175547594,-0.03512642606007221,False,False,False,False,-0.06428993347594736,-0.04417931308167411,-0.028085757104396425,-0.003214496673797368,-0.0011044828270418527,-0.0004680959517399404,-0.05400571823120117,-0.01816563606262207,-0.00757137934366862,-0.08357183298042059,-0.08566549349601382,-0.08566549349601382,-0.08357183298042059,-0.08566549349601382,-0.08566549349601382,False,False,False,drawdown_risk,candidate_feature_label_only_not_live_rule,rolling_adjusted_close_asof_signal_date_including_signal_close,2018-10-12,benchmark_features_adjusted_close_pit_asof,False,True
2018-10-19,2018-10-19,15.573275566101074,16.38581566810608,16.651179814338683,16.66631770133972,16.297018973032632,-0.04958801676175095,-0.06473440682619991,-0.06558390130477254,-0.04440955785405698,-0.04958801676175095,-0.06473440682619991,-0.06558390130477254,-0.04440955785405698,False,False,False,False,-0.07951239942413735,-0.06320143308740245,-0.06430667212314245,-0.003975619971206867,-0.0015800358271850611,-0.0010717778687190408,-0.06726155281066895,-0.02626640796661377,-0.017838207880655925,-0.09215787586988433,-0.09423192081752607,-0.09423192081752607,-0.09215787586988433,-0.09423192081752607,-0.09423192081752607,False,False,False,drawdown_risk,candidate_feature_label_only_not_live_rule,rolling_adjusted_close_asof_signal_date_including_signal_close,2018-10-19,benchmark_features_adjusted_close_pit_asof,False,True
2018-10-26,2018-10-26,14.807376861572266,15.90614709854126,16.436875295639037,16.526557604471844,16.284136128425597,-0.06907833997522639,-0.09913675225723129,-0.10402533812815273,-0.09068698856401103,-0.06907833997522639,-0.09913675225723129,-0.10402533812815273,-0.09068698856401103,False,False,False,False,-0.1368058437194648,-0.13581662414207318,-0.12478227587520874,-0.00684029218597324,-0.0033954156035518298,-0.0020797045979201456,-0.11733951568603515,-0.05817885398864746,-0.03518549601236979,-0.1368058437194648,-0.13877788646905953,-0.13877788646905953,-0.1368058437194648,-0.13877788646905953,-0.13877788646905953,False,False,False,drawdown_risk,candidate_feature_label_only_not_live_rule,rolling_adjusted_close_asof_signal_date_including_signal_close,2018-10-26,benchmark_features_adjusted_close_pit_asof,False,True
2018-11-02,2018-11-02,15.445629119873049,15.465755367279053,16.198023080825806,16.39088878631592,16.25601122379303,-0.0013013426714730825,-0.0464497400206445,-0.057669823690831734,-0.04985122689469301,-0.0013013426714730825,-0.0464497400206445,-0.057669823690831734,-0.04985122689469301,False,False,False,False,-0.07361567572124894,-0.0959766734425973,-0.08705718154218,-0.003680783786062447,-0.0023994168360649327,-0.0014509530257030001,-0.061369800567626864,-0.0409950733184814,-0.024547958374023408,-0.0575193193247715,-0.09959900926468268,-0.1016560542905186,-0.0575193193247715,-0.09959900926468268,-0.1016560542905186,False,False,False,drawdown_risk,candidate_feature_label_only_not_live_rule,rolling_adjusted_close_asof_signal_date_including_signal_close,2018-11-02,benchmark_features_adjusted_close_pit_asof,False,True
2018-11-09,2018-11-09,15.278700828552246,15.310121154785156,16.00753059387207,16.283532238006593,16.234689672787983,-0.0020522584971895963,-0.04553043088350117,-0.061708442294173715,-0.05888556316774762,-0.0020522584971895963,-0.04553043088350117,-0.061708442294173715,-0.05888556316774762,False,False,False,False,-0.02810721100030067,-0.09059013375084424,-0.07104476680733984,-0.0014053605500150335,-0.0022647533437711058,-0.0011840794467889973,-0.02209305763244629,-0.03804938793182373,-0.01947477658589681,-0.020151119636103387,-0.10933007283745866,-0.11136488639517705,-0.020151119636103387,-0.10933007283745866,-0.11136488639517705,False,False,False,drawdown_risk,candidate_feature_label_only_not_live_rule,rolling_adjusted_close_asof_signal_date_including_signal_close,2018-11-09,benchmark_features_adjusted_close_pit_asof,False,True
2018-11-16,2018-11-16,15.111773490905762,15.218311548233032,15.802063608169556,16.173557058970133,16.204545561472575,-0.007000648987215641,-0.0436835425030766,-0.0656493537069811,-0.06743614416222532,-0.007000648987215641,-0.0436835425030766,-0.0656493537069811,-0.06743614416222532,False,False,False,False,-0.02963423290344136,-0.10679034336433235,-0.0909627400029005,-0.001481711645172068,-0.002669758584108309,-0.0015160456667150082,-0.023075103759765625,-0.04516832828521729,-0.02520263989766439,-0.028408987091311233,-0.11906108081591116,-0.12107366303252232,-0.028408987091311233,-0.11906108081591116,-0.12107366303252232,False,False,False,drawdown_risk,candidate_feature_label_only_not_live_rule,rolling_adjusted_close_asof_signal_date_including_signal_close,2018-11-16,benchmark_features_adjusted_close_pit_asof,False,True
2018-11-23,2018-11-23,14.797558784484863,15.163323736190796,15.534735417366027,16.012358109156292,16.164320453008017,-0.024121687175546414,-0.04745343986078365,-0.0758663599945828,-0.08455422994715578,-0.024121687175546414,-0.04745343986078365,-0.0758663599945828,-0.08455422994715578,False,False,False,False,-0.0006630530970601622,-0.13737818727815088,-0.1363896236058636,-3.3152654853008114e-05,-0.003434454681953772,-0.00227316039343106,-0.0004909038543701172,-0.058915209770202634,-0.03894953727722168,-0.04438798388652854,-0.13737818727815088,-0.1393489224586929,-0.04438798388652854,-0.13737818727815088,-0.1393489224586929,False,False,False,drawdown_risk,candidate_feature_label_only_not_live_rule,rolling_adjusted_close_asof_signal_date_including_signal_close,2018-11-23,benchmark_features_adjusted_close_pit_asof,False,True
2018-11-30,2018-11-30,15.07249641418457,15.129938459396362,15.297846913337708,15.841994873682658,16.118296480178834,-0.0037965815502783995,-0.014730863789508941,-0.04857333092415084,-0.06488279126024987,-0.0037965815502783995,-0.014730863789508941,-0.04857333092415084,-0.06488279126024987,False,False,False,False,-0.024157818551294175,-0.09599510013593826,-0.11781590493170835,-0.0012078909275647087,-0.0023998775033984565,-0.0019635984155284723,-0.018656635284423916,-0.04001321792602539,-0.033548927307128905,-0.026632778014444303,-0.08028759659662388,-0.12135073302227195,-0.026632778014444303,-0.08028759659662388,-0.12135073302227195,False,False,False,drawdown_risk,candidate_feature_label_only_not_live_rule,rolling_adjusted_close_asof_signal_date_including_signal_close,2018-11-30,benchmark_features_adjusted_close_pit_asof,False,True
2018-12-07,2018-12-07,14.817194938659668,15.060712623596192,15.185416889190673,15.69192460378011,16.08365196386973,-0.016169067893573308,-0.02424839260047673,-0.0557439375479617,-0.07874188200882659,-0.016169067893573308,-0.02424839260047673,-0.0557439375479617,-0.07874188200882659,False,False,False,False,-0.03020583327544013,-0.05746404254642812,-0.11805961654980657,-0.0015102916637720065,-0.001436601063660703,-0.0019676602758301096,-0.023075294494628907,-0.022584176063537596,-0.03305802345275879,-0.04251275405423416,-0.049748271551501855,-0.13623350016077873,-0.04251275405423416,-0.049748271551501855,-0.13623350016077873,False,False,False,drawdown_risk,candidate_feature_label_only_not_live_rule,rolling_adjusted_close_asof_signal_date_including_signal_close,2018-12-07,benchmark_features_adjusted_close_pit_asof,False,True
2018-12-14,2018-12-14,14.797558784484863,14.965957164764404,15.092134356498718,15.52336146036784,16.044856437047322,-0.011252095567667042,-0.019518483274501897,-0.04675550960634378,-0.0777381622239055,-0.011252095567667042,-0.019518483274501897,-0.04675550960634378,-0.0777381622239055,False,False,False,False,-0.020792708851147923,-0.04981076577780097,-0.12536259169779163,-0.0010396354425573962,-0.0012452691444450243,-0.002089376528296527,-0.015710735321044923,-0.019392919540405274,-0.035349130630493164,-0.04378164248147243,-0.04861099614511344,-0.13737818727815088,-0.04378164248147243,-0.04861099614511344,-0.13737818727815088,False,False,False,drawdown_risk,candidate_feature_label_only_not_live_rule,rolling_adjusted_close_asof_signal_date_including_signal_close,2018-12-14,benchmark_features_adjusted_close_pit_asof,False,True
2018-12-21,2018-12-21,14.768099784851074,14.943864154815675,15.053593945503234,15.337778329849243,16.005006742477416,-0.011761641309350424,-0.01896518277865744,-0.03714218139986436,-0.07728250150270677,-0.011761641309350424,-0.01896518277865744,-0.03714218139986436,-0.07728250150270677,False,False,False,False,-0.0019908013249236856,-0.0026525344149997965,-0.1390954959258256,-9.954006624618428e-05,-6.631336037499491e-05,-0.0023182582654304265,-0.0014729499816894531,-0.0009819269180297852,-0.039767789840698245,-0.04568528325453669,-0.04629041755432017,-0.1390954959258256,-0.04568528325453669,-0.04629041755432017,-0.1390954959258256,False,False,False,drawdown_risk,candidate_feature_label_only_not_live_rule,rolling_adjusted_close_asof_signal_date_including_signal_close,2018-12-21,benchmark_features_adjusted_close_pit_asof,False,True
2018-12-28,2018-12-28,14.82701587677002,14.842235088348389,14.986086773872376,15.145976305007935,15.952350799242655,-0.0010253989030477584,-0.010614572002858647,-0.021059086704925845,-0.07054351654090141,-0.0010253989030477584,-0.010614572002858647,-0.021059086704925845,-0.07054351654090141,False,False,False,False,-0.01628665422560871,-0.040051022739312936,-0.11071831535828025,-0.0008143327112804355,-0.0010012755684828234,-0.0018453052559713374,-0.012274026870727539,-0.015465331077575728,-0.030766820907592772,-0.04187812496129084,-0.04248567339346432,-0.09526663449785822,-0.04187812496129084,-0.04248567339346432,-0.09526663449785822,False,False,False,drawdown_risk,candidate_feature_label_only_not_live_rule,rolling_adjusted_close_asof_signal_date_including_signal_close,2018-12-28,benchmark_features_adjusted_close_pit_asof,False,True
2019-01-04,2019-01-04,14.17894458770752,14.703784036636353,14.912196946144103,15.04745675722758,15.907606387138367,-0.03569417556876031,-0.049171316680214794,-0.05771820338363143,-0.10866888187706902,-0.03569417556876031,-0.049171316680214794,-0.05771820338363143,-0.10866888187706902,False,False,False,False,-0.058056094812602765,-0.0790818729899031,-0.13273306692591091,-0.002902804740630138,-0.0019770468247475776,-0.002212217782098515,-0.043695497512817386,-0.03043966293334961,-0.036167542139689125,-0.053735512738581126,-0.08433748963869592,-0.09806375849267579,-0.053735512738581126,-0.08433748963869592,-0.09806375849267579,False,False,False,drawdown_risk,candidate_feature_label_only_not_live_rule,rolling_adjusted_close_asof_signal_date_including_signal_close,2019-01-04,benchmark_features_adjusted_close_pit_asof,False,True
2019-01-11,2019-01-11,14.82701587677002,14.670889806747436,14.832661318778992,14.973976341883342,15.838148919741313,0.010641895077882602,-0.00038060883934731837,-0.009814391432038216,-0.0638416173566202,0.010641895077882602,-0.00038060883934731837,-0.009814391432038216,-0.0638416173566202,True,False,False,False,-0.00918636960373198,-0.02391718693329714,-0.04911843820902506,-0.00045931848018659904,-0.0005979296733324285,-0.0008186406368170843,-0.006873464584350586,-0.009082746505737305,-0.012764994303385417,-0.01048498430466449,-0.04187812496129084,-0.04791925026713495,-0.01048498430466449,-0.04187812496129084,-0.04791925026713495,False,False,False,drawdown_risk,candidate_feature_label_only_not_live_rule,rolling_adjusted_close_asof_signal_date_including_signal_close,2019-01-11,benchmark_features_adjusted_close_pit_asof,False,True
2019-01-18,2019-01-18,14.915385246276855,14.660088586807252,14.805413103103637,14.924553028742473,15.759595235188803,0.017414400871993863,0.007427833482752666,-0.0006142751778202005,-0.05356799945134083,0.017414400871993863,0.007427833482752666,-0.0006142751778202005,-0.05356799945134083,True,True,False,False,0.0006584291471118942,-0.00065807406850793,-0.018734062184490696,3.2921457355594706e-05,-1.6451851712698252e-05,-0.0003122343697415116,0.0004907131195067471,-0.00024554729461669924,-0.004746007919311553,0.0,-0.03616769565362887,-0.036778865088999635,0.0,-0.03616769565362887,-0.036778865088999635,True,False,False,neutral,candidate_feature_label_only_not_live_rule,rolling_adjusted_close_asof_signal_date_including_signal_close,2019-01-18,benchmark_features_adjusted_close_pit_asof,False,True
2019-01-25,2019-01-25,15.185378074645996,14.760736083984375,14.817441916465759,14.932244936625162,15.68546024163564,0.028768347882214718,0.02483128736083451,0.01695211531120555,-0.03188189312177281,0.028768347882214718,0.02483128736083451,0.01695211531120555,-0.03188189312177281,True,True,True,False,0.051323015773453884,0.005524281674458731,-0.0029038668713582405,0.002566150788672694,0.00013810704186146828,-4.839778118930401e-05,0.037065649032592775,0.002085685729980513,-0.0007370789845784505,0.0,-0.018720757098087293,-0.019342989698220014,0.0,-0.018720757098087293,-0.019342989698220014,True,False,False,uptrend,candidate_feature_label_only_not_live_rule,rolling_adjusted_close_asof_signal_date_including_signal_close,2019-01-25,benchmark_features_adjusted_close_pit_asof,False,True
2019-01-30,2019-01-30,15.053772926330566,14.823023128509522,14.809308552742005,14.91798529624939,15.64150846004486,0.015566986290214802,0.01650748059694518,0.009102276707251944,-0.03757537421762258,0.015566986290214802,0.01650748059694518,0.009102276707251944,-0.03757537421762258,True,True,True,False,0.035174158841173364,-0.027225082750444773,-0.020387998968321552,0.0017587079420586682,-0.0006806270687611194,-0.0003397999828053592,0.025575590133666903,-0.010532760620117187,-0.005221732457478841,-0.010645152980592099,-0.020387998968321552,-0.027841922727935953,-0.010645152980592099,-0.020387998968321552,-0.027841922727935953,False,False,False,uptrend,candidate_feature_label_only_not_live_rule,rolling_adjusted_close_asof_signal_date_including_signal_close,2019-01-30,benchmark_features_adjusted_close_pit_asof,False,True
2019-02-15,2019-02-15,15.1954984664917,15.020621061325073,14.850419497489929,14.908897733688354,15.586723105112712,0.011642488313409194,0.023236984588893117,0.019223468959461476,-0.025099864543862038,0.011642488313409194,0.023236984588893117,0.019223468959461476,-0.025099864543862038,True,True,True,False,0.0316845922787381,0.03930616277535415,-0.007995858564885605,0.001584229613936905,0.0009826540693838536,-0.00013326430941476008,0.02333383560180664,0.014367198944091797,-0.002041339874267578,-0.007931561524346264,-0.007931561524346264,-0.018066777302562564,-0.007931561524346264,-0.007931561524346264,-0.018066777302562564,False,False,False,uptrend,candidate_feature_label_only_not_live_rule,rolling_adjusted_close_asof_signal_date_including_signal_close,2019-02-15,benchmark_features_adjusted_close_pit_asof,False,True
2019-02-22,2019-02-22,15.580199241638184,15.18633975982666,14.921741437911987,14.934025208155314,15.540126013755799,0.025935115902873562,0.04412741009258059,0.04326857792700123,0.0025786938823348926,0.025935115902873562,0.04412741009258059,0.04326857792700123,0.0025786938823348926,True,True,True,True,0.05010255470816416,0.04457236500326256,0.034358154981671385,0.002505127735408208,0.001114309125081564,0.0005726359163611898,0.037168169021606356,0.016620349884033204,0.008625427881876627,-0.0019450345384446344,-0.0019450345384446344,-0.0019450345384446344,-0.0019450345384446344,-0.0019450345384446344,-0.0019450345384446344,False,False,False,uptrend,candidate_feature_label_only_not_live_rule,rolling_adjusted_close_asof_signal_date_including_signal_close,2019-02-22,benchmark_features_adjusted_close_pit_asof,False,True
2019-02-27,2019-02-27,15.72192668914795,15.30483536720276,14.989580988883972,14.97483302752177,15.513070336977641,0.027252257991548845,0.048856982780711045,0.049889949373934206,0.01346325051285735,0.027252257991548845,0.048856982780711045,0.049889949373934206,0.01346325051285735,True,True,True,True,0.04649582452505774,0.06671482928852512,0.058954413848752996,0.0023247912262528867,0.0016678707322131281,0.0009825735641458833,0.03492627143859863,0.024582147598266647,0.014587926864624023,-0.0006434795786921521,-0.0006434795786921521,-0.0006434795786921521,-0.0006434795786921521,-0.0006434795786921521,-0.0006434795786921521,False,False,False,uptrend,candidate_feature_label_only_not_live_rule,rolling_adjusted_close_asof_signal_date_including_signal_close,2019-02-27,benchmark_features_adjusted_close_pit_asof,False,True
2019-03-08,2019-03-08,15.387850761413574,15.419738245010375,15.102164816856384,15.019612916310628,15.447578358650208,-0.002067965298121699,0.018916886951089396,0.02451713284188939,-0.0038664699313979423,-0.002067965298121699,0.018916886951089396,0.02451713284188939,-0.0038664699313979423,False,True,True,False,0.011310905944875715,0.04404815787677263,0.016947346149611242,0.0005655452972437858,0.0011012039469193158,0.00028245576916018734,0.008605194091796876,0.01623024940490727,0.00427395502726237,-0.02187885125407285,-0.02187885125407285,-0.02187885125407285,-0.02187885125407285,-0.02187885125407285,-0.02187885125407285,False,False,False,weak,candidate_feature_label_only_not_live_rule,rolling_adjusted_close_asof_signal_date_including_signal_close,2019-03-08,benchmark_features_adjusted_close_pit_asof,False,True
2019-03-15,2019-03-15,15.711804389953612,15.520973682403564,15.239823269844056,15.057379452387492,15.391181039810181,0.012295021656173244,0.030970248916435406,0.043462073837978066,0.0208316274959095,0.012295021656173244,0.030970248916435406,0.043462073837978066,0.0208316274959095,True,True,True,True,0.02781459259041119,0.0818850320493667,0.06531804148559783,0.0013907296295205596,0.0020471258012341675,0.0010886340247599638,0.021259546279907136,0.029729628562927202,0.016055679321289033,-0.001286898537546488,-0.001286898537546488,-0.001286898537546488,-0.001286898537546488,-0.001286898537546488,-0.001286898537546488,False,False,False,uptrend,candidate_feature_label_only_not_live_rule,rolling_adjusted_close_asof_signal_date_including_signal_close,2019-03-15,benchmark_features_adjusted_close_pit_asof,False,True
2019-03-22,2019-03-22,16.066125869750977,15.679913759231567,15.395690536499023,15.149835252761841,15.354272921880087,0.024631009867131848,0.04354694787236291,0.060481886548706454,0.046361879295273356,0.024631009867131848,0.04354694787236291,0.060481886548706454,0.046361879295273356,True,True,True,True,0.039292746479824725,0.09079505051996883,0.07220987178392968,0.001964637323991236,0.002269876262999221,0.0012034978630654947,0.030370759963989257,0.033432602882385254,0.018033361434936553,0.0,0.0,0.0,0.0,0.0,0.0,True,True,True,uptrend,candidate_feature_label_only_not_live_rule,rolling_adjusted_close_asof_signal_date_including_signal_close,2019-03-22,benchmark_features_adjusted_close_pit_asof,False,True
2019-03-29,2019-03-29,16.025632858276367,15.741161489486695,15.522998428344726,15.240107822418214,15.308826971054078,0.018071815664915558,0.03237998330360181,0.05154327285681304,0.04682304454662822,0.018071815664915558,0.03237998330360181,0.05154327285681304,0.04682304454662822,True,True,True,True,0.019317363268081644,0.06671136452593873,0.08732094714934124,0.0009658681634040822,0.0016677841131484683,0.0014553491191556874,0.015185308456420899,0.025055789947509767,0.021449867884318064,-0.002520396752950238,-0.002520396752950238,-0.002520396752950238,-0.002520396752950238,-0.002520396752950238,-0.002520396752950238,False,False,False,uptrend,candidate_feature_label_only_not_live_rule,rolling_adjusted_close_asof_signal_date_including_signal_close,2019-03-29,benchmark_features_adjusted_close_pit_asof,False,True
2019-04-03,2019-04-03,16.228105545043945,15.83733515739441,15.615882158279419,15.31847825050354,15.285905679066977,0.02467399873564502,0.03920517461384221,0.05938104814755363,0.06163847178955506,0.02467399873564502,0.03920517461384221,0.05938104814755363,0.06163847178955506,True,True,True,True,0.04158523863252195,0.08237653893597963,0.12046682907871964,0.0020792619316260972,0.0020594134733994906,0.002007780484645327,0.03239531517028808,0.030876851081848143,0.029079373677571616,0.0,0.0,0.0,0.0,0.0,0.0,True,True,True,uptrend,candidate_feature_label_only_not_live_rule,rolling_adjusted_close_asof_signal_date_including_signal_close,2019-04-03,benchmark_features_adjusted_close_pit_asof,False,True
2019-04-12,2019-04-12,16.420455932617188,16.06916513442993,15.777353143692016,15.472759119669597,15.278191709518433,0.021861172951330055,0.040761132939607814,0.0612493741819351,0.07476435986773988,0.021861172951330055,0.040761132939607814,0.0612493741819351,0.07476435986773988,True,True,True,True,0.05188112966442815,0.07917515075493897,0.13993041153588837,0.0025940564832214073,0.0019793787688734744,0.0023321735255981395,0.040494680404663086,0.030117726325988768,0.0335944652557373,-0.0049075848759742025,-0.0049075848759742025,-0.0049075848759742025,-0.0049075848759742025,-0.0049075848759742025,-0.0049075848759742025,False,False,False,uptrend,candidate_feature_label_only_not_live_rule,rolling_adjusted_close_asof_signal_date_including_signal_close,2019-04-12,benchmark_features_adjusted_close_pit_asof,False,True
2019-04-19,2019-04-19,16.76465606689453,16.297451877593993,15.955021953582763,15.654012298583984,15.320376817385355,0.028667315161265083,0.050744782154935386,0.0709494631233305,0.09427178369857248,0.028667315161265083,0.050744782154935386,0.0709494631233305,0.09427178369857248,True,True,True,True,0.054777138855862884,0.09451402351431626,0.1412642916782958,0.0027388569427931444,0.0023628505878579066,0.0023544048613049298,0.043531465530395594,0.03619174957275386,0.03458514213562012,0.0,0.0,0.0,0.0,0.0,0.0,True,True,True,uptrend,candidate_feature_label_only_not_live_rule,rolling_adjusted_close_asof_signal_date_including_signal_close,2019-04-19,benchmark_features_adjusted_close_pit_asof,False,True
2019-04-26,2019-04-26,16.69379234313965,16.510047674179077,16.113962507247926,15.819000291824342,15.374149664243062,0.01112926337868414,0.03598306969070575,0.05530008440340084,0.08583516537280689,0.01112926337868414,0.03598306969070575,0.05530008440340084,0.08583516537280689,True,True,True,True,0.05031862592886949,0.06387093406012023,0.12515852431777486,0.0025159312964434743,0.0015967733515030059,0.0020859754052962474,0.03998827934265146,0.025055861473083495,0.0309492746988932,-0.011391019881846098,-0.011391019881846098,-0.011391019881846098,-0.011391019881846098,-0.011391019881846098,-0.011391019881846098,False,False,False,uptrend,candidate_feature_label_only_not_live_rule,rolling_adjusted_close_asof_signal_date_including_signal_close,2019-04-26,benchmark_features_adjusted_close_pit_asof,False,True
2019-05-03,2019-05-03,16.957006454467773,16.658864402770995,16.23190212249756,15.942958339055378,15.43732312520345,0.01789690128261001,0.04467155645087417,0.06360476480254529,0.09844215327612349,0.01789690128261001,0.04467155645087417,0.06360476480254529,0.09844215327612349,True,True,True,True,0.044915958144383206,0.09120528569043906,0.13636383971339705,0.0022457979072191604,0.0022801321422609767,0.002272730661889951,0.03644504547119141,0.03543257713317875,0.03391405741373695,0.0,0.0,0.0,0.0,0.0,0.0,True,True,True,uptrend,candidate_feature_label_only_not_live_rule,rolling_adjusted_close_asof_signal_date_including_signal_close,2019-05-03,benchmark_features_adjusted_close_pit_asof,False,True
2019-05-10,2019-05-10,16.50143814086914,16.71909999847412,16.373885226249694,16.071190277735393,15.49458778699239,-0.013018754455972226,0.007790021296531391,0.02677137509409011,0.06498077701182825,-0.013018754455972226,0.007790021296531391,0.02677137509409011,0.06498077701182825,False,True,True,True,0.00431280163318104,0.055015904187574405,0.09616627151366575,0.000215640081659052,0.0013753976046893602,0.0016027711918944292,0.0035430908203125,0.02151250839233403,0.024127753575642903,-0.026866081275719544,-0.026866081275719544,-0.026866081275719544,-0.026866081275719544,-0.026866081275719544,-0.026866081275719544,False,False,False,weak,candidate_feature_label_only_not_live_rule,rolling_adjusted_close_asof_signal_date_including_signal_close,2019-05-10,benchmark_features_adjusted_close_pit_asof,False,True
2019-05-17,2019-05-17,15.843414306640623,16.580913066864014,16.417416739463807,16.139524491628013,15.524211112658183,-0.04447877853585991,-0.03496301774708621,-0.018346896473994012,0.020561637024000934,-0.04447877853585991,-0.03496301774708621,-0.018346896473994012,0.020561637024000934,False,False,False,True,-0.053808720530025944,-0.0019130822733519626,0.042638669707194765,-0.0026904360265012973,-4.782705683379906e-05,0.0007106444951199127,-0.04504976272583017,-0.0007591962814331499,0.0107985973358154,-0.06567150580601122,-0.06567150580601122,-0.06567150580601122,-0.06567150580601122,-0.06567150580601122,-0.06567150580601122,False,False,False,drawdown_risk,candidate_feature_label_only_not_live_rule,rolling_adjusted_close_asof_signal_date_including_signal_close,2019-05-17,benchmark_features_adjusted_close_pit_asof,False,True
2019-05-24,2019-05-24,15.661184310913086,16.319218349456786,16.394638872146608,16.165677213668822,15.549851210912069,-0.04032264440935096,-0.04473746368879228,-0.031207656573098208,0.00715975339512509,-0.04032264440935096,-0.04473746368879228,-0.031207656573098208,0.00715975339512509,False,False,False,True,-0.07254222822431933,-0.016529100828221677,0.005197948243079509,-0.0036271114112159664,-0.0004132275207055419,8.663247071799181e-05,-0.06124792098999023,-0.0065804004669189455,0.0013497511545817057,-0.07641809579032555,-0.07641809579032555,-0.07641809579032555,-0.07641809579032555,-0.07641809579032555,-0.07641809579032555,False,False,False,drawdown_risk,candidate_feature_label_only_not_live_rule,rolling_adjusted_close_asof_signal_date_including_signal_close,2019-05-24,benchmark_features_adjusted_close_pit_asof,False,True
2019-05-31,2019-05-31,15.883902549743652,16.03626389503479,16.347564148902894,16.16668938000997,15.582158533732096,-0.009501050013171142,-0.02836273312255866,-0.017491944307161722,0.019364712235364845,-0.009501050013171142,-0.02836273312255866,-0.017491944307161722,0.019364712235364845,False,False,False,True,-0.06328380587726812,-0.021210300508885505,0.02214966221855641,-0.0031641902938634057,-0.0005302575127221377,0.00036916103697594017,-0.05365519523620606,-0.008605074882507325,0.005736653010050485,-0.05652437541217459,-0.06328380587726812,-0.06328380587726812,-0.05652437541217459,-0.06328380587726812,-0.06328380587726812,False,False,False,drawdown_risk,candidate_feature_label_only_not_live_rule,rolling_adjusted_close_asof_signal_date_including_signal_close,2019-05-31,benchmark_features_adjusted_close_pit_asof,False,True
2019-06-06,2019-06-06,15.732049942016602,15.864669132232667,16.290113019943238,16.189804855982462,15.607589888572694,-0.00835940473202934,-0.03425777815313036,-0.028274270013619818,0.00797432879339266,-0.00835940473202934,-0.03425777815313036,-0.028274270013619818,0.00797432879339266,False,False,False,True,-0.047210644002144475,-0.0466255239261234,0.020354703964305054,-0.0023605322001072236,-0.0011656380981530851,0.0003392450660717509,-0.038976097106933595,-0.019234704971313476,0.005230553944905599,-0.0466255239261234,-0.07223896008652075,-0.07223896008652075,-0.0466255239261234,-0.07223896008652075,-0.07223896008652075,False,False,False,drawdown_risk,candidate_feature_label_only_not_live_rule,rolling_adjusted_close_asof_signal_date_including_signal_close,2019-06-06,benchmark_features_adjusted_close_pit_asof,False,True
2019-06-14,2019-06-14,15.975018501281738,15.824175500869751,16.225069165229797,16.220175790786744,15.647076296806336,0.009532439804127213,-0.015411377381608693,-0.015114342326934427,0.020958688911252743,0.009532439804127213,-0.015411377381608693,-0.015114342326934427,0.020958688911252743,True,False,False,True,-0.0018973519656716453,-0.04652541455401915,0.010243607658567022,-9.486759828358226e-05,-0.0011631353638504789,0.00017072679430945036,-0.001518392562866211,-0.019487786293029784,0.0026997089385986327,-0.010037489811394962,-0.057910454644387044,-0.057910454644387044,-0.010037489811394962,-0.057910454644387044,-0.057910454644387044,False,False,False,drawdown_risk,candidate_feature_label_only_not_live_rule,rolling_adjusted_close_asof_signal_date_including_signal_close,2019-06-14,benchmark_features_adjusted_close_pit_asof,False,True
2019-06-21,2019-06-21,16.369836807250977,15.92389235496521,16.152179312705993,16.242110300064088,15.704519486427307,0.028004739189706918,0.01347542584385275,0.007863910835920418,0.04236470408398496,0.028004739189706918,0.01347542584385275,0.007863910835920418,0.04236470408398496,True,True,True,True,0.05068212244054493,-0.02824522728224843,0.034548894362814275,0.0025341061220272463,-0.0007061306820562108,0.0005758149060469046,0.03948187828063965,-0.011895227432250976,0.009111213684082001,0.0,-0.034626963715172265,-0.034626963715172265,0.0,-0.034626963715172265,-0.034626963715172265,True,False,False,uptrend,candidate_feature_label_only_not_live_rule,rolling_adjusted_close_asof_signal_date_including_signal_close,2019-06-21,benchmark_features_adjusted_close_pit_asof,False,True
2019-06-28,2019-06-28,16.37995719909668,16.115734338760376,16.102826714515686,16.276024262110393,15.769726578394572,0.01639533481889277,0.01721005196753289,0.006385646476838591,0.038696334883710604,0.01639533481889277,0.01721005196753289,0.006385646476838591,0.038696334883710604,True,True,True,True,0.04521949656286006,-0.02530106451946812,0.01314952004723735,0.002260974828143003,-0.000632526612986703,0.00021915866745395585,0.03543243408203116,-0.010629701614379882,0.003543217976888021,-0.007361839661210401,-0.03403013715425307,-0.03403013715425307,-0.007361839661210401,-0.03403013715425307,-0.03403013715425307,False,False,False,uptrend,candidate_feature_label_only_not_live_rule,rolling_adjusted_close_asof_signal_date_including_signal_close,2019-06-28,benchmark_features_adjusted_close_pit_asof,False,True
2019-07-05,2019-07-05,16.58243179321289,16.312638330459595,16.08865373134613,16.29762145678202,15.852657095591228,0.01653892260024703,0.03069107397747728,0.017475576861698983,0.04603485038635058,0.01653892260024703,0.03069107397747728,0.017475576861698983,0.04603485038635058,True,True,True,True,0.05405410320527393,0.004291530179850067,0.0049082783968479315,0.0027027051602636965,0.00010728825449625168,8.180463994746552e-05,0.04251909255981445,0.0017714977264404296,0.0013498942057291667,-0.009074623640251134,-0.009074623640251134,-0.022089669085205266,-0.009074623640251134,-0.009074623640251134,-0.022089669085205266,False,False,False,uptrend,candidate_feature_label_only_not_live_rule,rolling_adjusted_close_asof_signal_date_including_signal_close,2019-07-05,benchmark_features_adjusted_close_pit_asof,False,True
2019-07-12,2019-07-12,16.75452995300293,16.462466526031495,16.143321013450624,16.304201618830362,15.945017822583516,0.01774117059005742,0.0378614127194179,0.02762038551169943,0.050768969933221,0.01774117059005742,0.0378614127194179,0.02762038551169943,0.050768969933221,True,True,True,True,0.048795652515748245,0.0468057180228596,0.0,0.002439782625787412,0.00117014295057149,0.0,0.03897557258605957,0.01872859001159668,0.0,-0.0012070748503522077,-0.0012070748503522077,-0.011940580550495405,-0.0012070748503522077,-0.0012070748503522077,-0.011940580550495405,False,False,False,uptrend,candidate_feature_label_only_not_live_rule,rolling_adjusted_close_asof_signal_date_including_signal_close,2019-07-12,benchmark_features_adjusted_close_pit_asof,False,True
2019-07-19,2019-07-19,16.9486083984375,16.62149314880371,16.27269275188446,16.308617258071898,16.031256580352782,0.01968025656331185,0.04153680382583058,0.039242513956775804,0.05722270200634094,0.01968025656331185,0.04153680382583058,0.039242513956775804,0.05722270200634094,True,True,True,True,0.03535597807121427,0.0878300165213699,0.006112113152558329,0.0017677989035607133,0.0021957504130342476,0.00010186855254263882,0.02893857955932617,0.03421022891998291,0.0017160415649414063,0.0,0.0,-0.0004952558137442109,0.0,0.0,-0.0004952558137442109,True,True,False,uptrend,candidate_feature_label_only_not_live_rule,rolling_adjusted_close_asof_signal_date_including_signal_close,2019-07-19,benchmark_features_adjusted_close_pit_asof,False,True
2019-07-26,2019-07-26,16.999656677246094,16.788177394866942,16.45195586681366,16.33127694129944,16.120160611470542,0.012596917307045707,0.033290923879587986,0.040926361015678925,0.054558765695531086,0.012596917307045707,0.033290923879587986,0.040926361015678925,0.054558765695531086,True,True,True,True,0.037832789830707814,0.08476306610328099,0.011574515454781498,0.0018916394915353906,0.002119076652582025,0.00019290859091302496,0.030984973907470702,0.033208703994750934,0.003241856892903646,-0.006563599232333295,-0.006563599232333295,-0.006563599232333295,-0.006563599232333295,-0.006563599232333295,-0.006563599232333295,False,False,False,uptrend,candidate_feature_label_only_not_live_rule,rolling_adjusted_close_asof_signal_date_including_signal_close,2019-07-26,benchmark_features_adjusted_close_pit_asof,False,True
2019-08-02,2019-08-02,16.529996871948242,16.846114730834962,16.579376530647277,16.34114073117574,16.194101627667745,-0.018765030627988177,-0.0029783785058355994,0.011557096525838029,0.02074182637625399,-0.018765030627988177,-0.0029783785058355994,0.011557096525838029,0.02074182637625399,False,False,True,True,-0.003162076703738359,0.05072110328104862,0.0011158833285067615,-0.00015810383518691796,0.0012680275820262155,1.8598055475112694e-05,-0.002621746063232422,0.019948673248291016,0.0003070831298828125,-0.03400986802579964,-0.03400986802579964,-0.03400986802579964,-0.03400986802579964,-0.03400986802579964,-0.03400986802579964,False,False,False,weak,candidate_feature_label_only_not_live_rule,rolling_adjusted_close_asof_signal_date_including_signal_close,2019-08-02,benchmark_features_adjusted_close_pit_asof,False,True
2019-08-08,2019-08-08,16.468740463256836,16.797388553619385,16.61043975353241,16.348857800165813,16.2323802391688,-0.019565427644509303,-0.008530736836479091,0.007332785235296679,0.014561032985026756,-0.019565427644509303,-0.008530736836479091,0.007332785235296679,0.014561032985026756,False,False,True,True,-0.01824393122538681,0.0289498860266042,0.0199184028706767,-0.0009121965612693406,0.000723747150665105,0.000331973381177945,-0.015301895141601563,0.011583852767944335,0.00536041259765625,-0.03758960774229614,-0.03758960774229614,-0.03758960774229614,-0.03758960774229614,-0.03758960774229614,-0.03758960774229614,False,False,False,weak,candidate_feature_label_only_not_live_rule,rolling_adjusted_close_asof_signal_date_including_signal_close,2019-08-08,benchmark_features_adjusted_close_pit_asof,False,True
2019-08-16,2019-08-16,16.407480239868164,16.685701751708983,16.639128160476684,16.387555599212646,16.27619455655416,-0.016674246967906092,-0.013921878500747331,0.0012158396982937525,0.008066116613304919,-0.016674246967906092,-0.013921878500747331,0.0012158396982937525,0.008066116613304919,False,False,True,True,-0.020121899196174242,0.002299560652951227,0.03362135606130101,-0.001006094959808712,5.748901632378067e-05,0.0005603559343550169,-0.016846466064453124,0.0009410858154296875,0.008894968032836913,-0.041169570384419596,-0.041169570384419596,-0.041169570384419596,-0.041169570384419596,-0.041169570384419596,-0.041169570384419596,False,False,False,weak,candidate_feature_label_only_not_live_rule,rolling_adjusted_close_asof_signal_date_including_signal_close,2019-08-16,benchmark_features_adjusted_close_pit_asof,False,True
2019-08-23,2019-08-23,16.540205001831055,16.55756559371948,16.65737900733948,16.4650199731191,16.31222710609436,-0.0010484990556227647,-0.007034360295025799,0.0045663490742617885,0.013975890248089984,-0.0010484990556227647,-0.007034360295025799,0.0045663490742617885,0.013975890248089984,False,False,True,True,-0.03341331904825917,0.00234930195968186,0.06438357341345835,-0.0016706659524129586,5.87325489920465e-05,0.0010730595568909725,-0.028588390350341795,0.0009691715240478516,0.016675027211507192,-0.029359210130141422,-0.03341331904825917,-0.03341331904825917,-0.029359210130141422,-0.03341331904825917,-0.03341331904825917,False,False,False,weak,candidate_feature_label_only_not_live_rule,rolling_adjusted_close_asof_signal_date_including_signal_close,2019-08-23,benchmark_features_adjusted_close_pit_asof,False,True
2019-08-30,2019-08-30,16.713777542114258,16.42789888381958,16.638317680358888,16.515584866205852,16.350079584121705,0.0174020220307205,0.004535305984958438,0.012000342556075516,0.02224441514925446,0.0174020220307205,0.004535305984958438,0.012000342556075516,0.02224441514925446,True,True,True,True,-0.005467818104848421,0.006691414538104956,0.05426202237128175,-0.00027339090524242105,0.0001672853634526239,0.0009043670395213625,-0.0045945167541503905,0.002777385711669922,0.014337412516276042,0.0,-0.023269980099429266,-0.023269980099429266,0.0,-0.023269980099429266,-0.023269980099429266,True,False,False,weak,candidate_feature_label_only_not_live_rule,rolling_adjusted_close_asof_signal_date_including_signal_close,2019-08-30,benchmark_features_adjusted_close_pit_asof,False,True
2019-09-06,2019-09-06,17.050708770751953,16.53204126358032,16.664714908599855,16.58430692354838,16.40089150269826,0.03137347039619631,0.023162344166650195,0.028123083427822992,0.0396208503633344,0.03137347039619631,0.023162344166650195,0.028123083427822992,0.0396208503633344,True,True,True,True,0.03533775450487786,0.01644912371664442,0.06531066449683443,0.0017668877252438931,0.0004112280929161105,0.0010885110749472404,0.02909841537475586,0.006898260116577149,0.017422040303548176,0.0,-0.0035801855677503047,-0.0035801855677503047,0.0,-0.0035801855677503047,-0.0035801855677503047,True,False,False,uptrend,candidate_feature_label_only_not_live_rule,rolling_adjusted_close_asof_signal_date_including_signal_close,2019-09-06,benchmark_features_adjusted_close_pit_asof,False,True
2019-09-12,2019-09-12,17.132387161254883,16.635672855377198,16.682889652252197,16.639617284138996,16.431077631314597,0.02985838385954609,0.026943624178561,0.029614255466416273,0.04268189498439945,0.02985838385954609,0.026943624178561,0.029614255466416273,0.04268189498439945,True,True,True,True,0.04483142400034246,0.015191528106355712,0.07244865850266669,0.002241571200017123,0.0003797882026588928,0.0012074776417111113,0.03675565719604492,0.006409311294555664,0.019289477666219076,0.0,0.0,0.0,0.0,0.0,0.0,True,True,True,uptrend,candidate_feature_label_only_not_live_rule,rolling_adjusted_close_asof_signal_date_including_signal_close,2019-09-12,benchmark_features_adjusted_close_pit_asof,False,True
2019-09-20,2019-09-20,17.29574966430664,16.840893840789796,16.727052164077758,16.713718096415203,16.486013046900432,0.027009007230670345,0.033998668423488976,0.03482358410821074,0.04911658234787386,0.027009007230670345,0.033998668423488976,0.03482358410821074,0.04911658234787386,True,True,True,True,0.044389424708734415,0.013157709501139037,0.05787064770873829,0.0022194712354367207,0.00032894273752847594,0.0009645107951456382,0.036755847930908206,0.005615425109863281,0.015769354502360024,-0.0029429166530599016,-0.0029429166530599016,-0.0029429166530599016,-0.0029429166530599016,-0.0029429166530599016,-0.0029429166530599016,False,False,False,uptrend,candidate_feature_label_only_not_live_rule,rolling_adjusted_close_asof_signal_date_including_signal_close,2019-09-20,benchmark_features_adjusted_close_pit_asof,False,True
2019-09-27,2019-09-27,17.27532958984375,17.04866752624512,16.7520667552948,16.77413469950358,16.533178400993346,0.013295001691463693,0.0312357180873557,0.029879030979464094,0.04488859739188533,0.013295001691463693,0.0312357180873557,0.029879030979464094,0.04488859739188533,True,True,True,True,0.05223860916383294,0.01682720428337814,0.03483553854933907,0.002611930458191647,0.0004206801070844535,0.0005805923091556513,0.04288187026977539,0.0071471214294433595,0.00969228744506836,-0.004120083314283818,-0.004120083314283818,-0.004120083314283818,-0.004120083314283818,-0.004120083314283818,-0.004120083314283818,False,False,False,uptrend,candidate_feature_label_only_not_live_rule,rolling_adjusted_close_asof_signal_date_including_signal_close,2019-09-27,benchmark_features_adjusted_close_pit_asof,False,True
2019-10-04,2019-10-04,17.38764190673828,17.21253881454468,16.83042893409729,16.833073329925536,16.56610667705536,0.010172996213994923,0.033107473066958715,0.03294517679233544,0.04959132798660404,0.010172996213994923,0.033107473066958715,0.03294517679233544,0.04959132798660404,True,True,True,True,0.04864535065497977,0.06238322810655195,0.0524130109428127,0.0024322675327489883,0.0015595807026637988,0.0008735501823802117,0.04032955169677734,0.02552509307861328,0.014432525634765625,-0.009307764367328941,-0.009307764367328941,-0.009307764367328941,-0.009307764367328941,-0.009307764367328941,-0.009307764367328941,False,False,False,uptrend,candidate_feature_label_only_not_live_rule,rolling_adjusted_close_asof_signal_date_including_signal_close,2019-10-04,benchmark_features_adjusted_close_pit_asof,False,True
2019-10-09,2019-10-09,17.520370483398438,17.30544967651367,16.918745470046996,16.878293164571126,16.591247391700744,0.012419255835717902,0.035559670450540315,0.038041602463398494,0.056000797876262,0.012419255835717902,0.035559670450540315,0.038041602463398494,0.056000797876262,True,True,True,True,0.027544996455051818,0.06385612928249595,0.04444721122616002,0.001377249822752591,0.001596403232062399,0.0007407868537693337,0.023483085632324218,0.026290750503540038,0.012426535288492838,-0.008092402907308616,-0.008092402907308616,-0.008092402907308616,-0.008092402907308616,-0.008092402907308616,-0.008092402907308616,False,False,False,uptrend,candidate_feature_label_only_not_live_rule,rolling_adjusted_close_asof_signal_date_including_signal_close,2019-10-09,benchmark_features_adjusted_close_pit_asof,False,True
2019-10-18,2019-10-18,17.959394454956055,17.510159492492676,17.118350648880003,16.974134349822997,16.640517783164977,0.02565567507571731,0.04913112386391494,0.05804479243699001,0.07925694915126802,0.02565567507571731,0.04913112386391494,0.05804479243699001,0.07925694915126802,True,True,True,True,0.04391649107106632,0.09458577382997113,0.07256062922739814,0.002195824553553316,0.002364644345749278,0.0012093438204566357,0.03777666091918945,0.038797855377197266,0.02024974822998047,-0.002269079035135957,-0.002269079035135957,-0.002269079035135957,-0.002269079035135957,-0.002269079035135957,-0.002269079035135957,False,False,False,uptrend,candidate_feature_label_only_not_live_rule,rolling_adjusted_close_asof_signal_date_including_signal_close,2019-10-18,benchmark_features_adjusted_close_pit_asof,False,True
2019-10-25,2019-10-25,18.13297462463379,17.707723712921144,17.311320066452026,17.060068575541177,16.694051829973855,0.024014995863208766,0.04746342595641018,0.06288990248437965,0.08619374189772055,0.024014995863208766,0.04746342595641018,0.06288990248437965,0.08619374189772055,True,True,True,True,0.04902577626729632,0.09629684895842638,0.05966593257257724,0.002451288813364816,0.0024074212239606598,0.000994432209542954,0.04237184524536133,0.03981924057006836,0.01701669692993164,0.0,0.0,0.0,0.0,0.0,0.0,True,True,True,uptrend,candidate_feature_label_only_not_live_rule,rolling_adjusted_close_asof_signal_date_including_signal_close,2019-10-25,benchmark_features_adjusted_close_pit_asof,False,True
2019-11-01,2019-11-01,18.3984317779541,17.953784370422362,17.54819221496582,17.17476110458374,16.757797376314798,0.024766221892709384,0.048451689642603935,0.07124819180418052,0.09790274728814596,0.024766221892709384,0.048451689642603935,0.07124819180418052,0.09790274728814596,True,True,True,True,0.051955453542840146,0.10079434356446137,0.09477540032300502,0.0025977726771420073,0.0025198585891115345,0.001579590005383417,0.04543437957763672,0.04211635589599609,0.02654606501261393,0.0,0.0,0.0,0.0,0.0,0.0,True,True,True,uptrend,candidate_feature_label_only_not_live_rule,rolling_adjusted_close_asof_signal_date_including_signal_close,2019-11-01,benchmark_features_adjusted_close_pit_asof,False,True
2019-11-08,2019-11-08,18.898719787597656,18.322876071929933,17.8141628742218,17.386789004007976,16.867823402086895,0.0314275833884996,0.06088172209008347,0.08695859731438338,0.12040061939820279,0.0314275833884996,0.06088172209008347,0.08695859731438338,0.12040061939820279,True,True,True,True,0.07867124188414198,0.10838323741800693,0.1475510121592063,0.003933562094207099,0.002709580935450173,0.0024591835359867717,0.06891746520996093,0.04620027542114258,0.04049965540568034,-0.008570024017359845,-0.008570024017359845,-0.008570024017359845,-0.008570024017359845,-0.008570024017359845,-0.008570024017359845,False,False,False,uptrend,candidate_feature_label_only_not_live_rule,rolling_adjusted_close_asof_signal_date_including_signal_close,2019-11-08,benchmark_features_adjusted_close_pit_asof,False,True
2019-11-15,2019-11-15,18.84766960144043,18.515335178375246,18.01274733543396,17.58401215871175,16.9857838789622,0.017949144310027476,0.046351744709372644,0.07186399959935286,0.10961435372931327,0.017949144310027476,0.046351744709372644,0.07186399959935286,0.10961435372931327,True,True,True,True,0.049460194702680926,0.09554880397278076,0.14872419932238623,0.0024730097351340465,0.002388720099319519,0.002478736655373104,0.04441375732421875,0.0410952091217041,0.040669822692871095,-0.011248125254089247,-0.011248125254089247,-0.011248125254089247,-0.011248125254089247,-0.011248125254089247,-0.011248125254089247,False,False,False,uptrend,candidate_feature_label_only_not_live_rule,rolling_adjusted_close_asof_signal_date_including_signal_close,2019-11-15,benchmark_features_adjusted_close_pit_asof,False,True
2019-11-22,2019-11-22,18.898719787597656,18.74199676513672,18.22486023902893,17.788212299346924,17.12661613623301,0.008362130482941321,0.0369747443728341,0.062429403785084325,0.10347074035340742,0.008362130482941321,0.0369747443728341,0.062429403785084325,0.10347074035340742,True,True,True,True,0.04222942891695203,0.09332553571822655,0.1425928388133948,0.002111471445847601,0.002333138392955664,0.00237654731355658,0.03828725814819336,0.04032955169677734,0.03930857976277669,-0.011217884748338847,-0.011217884748338847,-0.011217884748338847,-0.011217884748338847,-0.011217884748338847,-0.011217884748338847,False,False,False,uptrend,candidate_feature_label_only_not_live_rule,rolling_adjusted_close_asof_signal_date_including_signal_close,2019-11-22,benchmark_features_adjusted_close_pit_asof,False,True
2019-11-29,2019-11-29,18.684310913085938,18.88902082443237,18.421402597427367,17.995135084788004,17.255359975496926,-0.010837507843797223,0.014271894567642107,0.03829789690662122,0.08281200390013077,-0.010837507843797223,0.014271894567642107,0.03829789690662122,0.08281200390013077,False,True,True,True,0.015538233833298332,0.06830098336220214,0.11789874347713813,0.0007769116916649166,0.0017075245840550534,0.001964979057952302,0.014293956756591796,0.029864168167114256,0.032842222849527994,-0.022435769496677915,-0.022435769496677915,-0.022435769496677915,-0.022435769496677915,-0.022435769496677915,-0.022435769496677915,False,False,False,weak,candidate_feature_label_only_not_live_rule,rolling_adjusted_close_asof_signal_date_including_signal_close,2019-11-29,benchmark_features_adjusted_close_pit_asof,False,True
2019-12-06,2019-12-06,19.00081825256348,18.867579650878906,18.595227861404418,18.16530179977417,17.374804361661276,0.007061774967960233,0.02181153111873879,0.04599518697782923,0.09358458702937211,0.007061774967960233,0.02181153111873879,0.04599518697782923,0.09358458702937211,True,True,True,True,0.005402401120991662,0.08449865661047817,0.1143711682623223,0.0002701200560495831,0.0021124664152619545,0.0019061861377053717,0.005104923248291193,0.03701119422912606,0.032501824696858785,-0.005876087140486819,-0.005876087140486819,-0.005876087140486819,-0.005876087140486819,-0.005876087140486819,-0.005876087140486819,False,False,False,uptrend,candidate_feature_label_only_not_live_rule,rolling_adjusted_close_asof_signal_date_including_signal_close,2019-12-06,benchmark_features_adjusted_close_pit_asof,False,True
2019-12-13,2019-12-13,19.786989212036133,19.01919803619385,18.767266607284547,18.348230902353922,17.508248472213744,0.04036927184738093,0.05433516910532821,0.0784140071780779,0.13015241035897085,0.04036927184738093,0.05433516910532821,0.0784140071780779,0.13015241035897085,True,True,True,True,0.04983744040822513,0.10176260461698017,0.1501481522050765,0.0024918720204112565,0.002544065115424504,0.0025024692034179416,0.04696598052978516,0.045689868927001956,0.04305213292439779,0.0,0.0,0.0,0.0,0.0,0.0,True,True,True,uptrend,candidate_feature_label_only_not_live_rule,rolling_adjusted_close_asof_signal_date_including_signal_close,2019-12-13,benchmark_features_adjusted_close_pit_asof,False,True
2019-12-20,2019-12-20,19.797197341918945,19.2540283203125,18.99801254272461,18.567916266123454,17.655570538838706,0.028210669090655394,0.0420667581620473,0.06620457881093933,0.12130034531419365,0.028210669090655394,0.0420667581620473,0.06620457881093933,0.12130034531419365,True,True,True,True,0.04754171522829376,0.09177880362906898,0.1453041069891643,0.002377085761414688,0.0022944700907267246,0.0024217351164860716,0.04492387771606445,0.041605567932128905,0.04186099370320638,-0.012729353216794803,-0.012729353216794803,-0.012729353216794803,-0.012729353216794803,-0.012729353216794803,-0.012729353216794803,False,False,False,uptrend,candidate_feature_label_only_not_live_rule,rolling_adjusted_close_asof_signal_date_including_signal_close,2019-12-20,benchmark_features_adjusted_close_pit_asof,False,True
2019-12-27,2019-12-27,20.01161193847656,19.498558139801027,19.1937894821167,18.780454444885255,17.793433125813802,0.02631239679349795,0.042608702003418486,0.0655552557156891,0.12466277850814156,0.02631239679349795,0.042608702003418486,0.0655552557156891,0.12466277850814156,True,True,True,True,0.07103826475404129,0.08768030775619962,0.1441912314552889,0.0035519132377020645,0.0021920076939049905,0.0024031871909214815,0.06636505126953107,0.040329504013061436,0.042031129201253195,-0.002036666076935423,-0.002036666076935423,-0.002036666076935423,-0.002036666076935423,-0.002036666076935423,-0.002036666076935423,False,False,False,uptrend,candidate_feature_label_only_not_live_rule,rolling_adjusted_close_asof_signal_date_including_signal_close,2019-12-27,benchmark_features_adjusted_close_pit_asof,False,True
2020-01-03,2020-01-03,19.94013977050781,19.716541290283203,19.289508008956908,18.94432487487793,17.905095752080282,0.01134065437404086,0.03372982666270108,0.05256534092436471,0.11365725414738925,0.01134065437404086,0.03372982666270108,0.05256534092436471,0.11365725414738925,True,True,True,True,0.05113031154124492,0.05169613855090227,0.12890170582855776,0.002556515577062246,0.0012924034637725567,0.002148361763809296,0.048497581481933415,0.0245039463043212,0.03794717788696283,-0.005600926829546826,-0.005600926829546826,-0.005600926829546826,-0.005600926829546826,-0.005600926829546826,-0.005600926829546826,False,False,False,uptrend,candidate_feature_label_only_not_live_rule,rolling_adjusted_close_asof_signal_date_including_signal_close,2020-01-03,benchmark_features_adjusted_close_pit_asof,False,True
2020-01-10,2020-01-10,19.868667602539062,19.85029230117798,19.41126217842102,19.09781525929769,18.025849930445354,0.0009256942458217843,0.023563919744823636,0.0403633783642392,0.10223194352579301,0.0009256942458217843,0.023563919744823636,0.0403633783642392,0.10223194352579301,True,True,True,True,0.015127755058924164,0.06455132023668697,0.10380024644737174,0.0007563877529462082,0.0016137830059171742,0.0017300041074561957,0.014804458618164063,0.0301194667816163,0.031140486399332683,-0.009165187582158119,-0.009165187582158119,-0.009165187582158119,-0.009165187582158119,-0.009165187582158119,-0.009165187582158119,False,False,False,uptrend,candidate_feature_label_only_not_live_rule,rolling_adjusted_close_asof_signal_date_including_signal_close,2020-01-10,benchmark_features_adjusted_close_pit_asof,False,True
2020-01-17,2020-01-17,19.868667602539062,19.861012363433836,19.535058403015135,19.257942104339598,18.150496991475425,0.00038544052866718026,0.01707746107748709,0.031712915891560556,0.09466245535153095,0.00038544052866718026,0.01707746107748709,0.031712915891560556,0.09466245535153095,True,True,True,True,-0.0035843363582865884,0.051891538955637584,0.09572025626437042,-0.00017921681791432942,0.0012972884738909397,0.0015953376044061736,-0.0035736083984373225,0.02450385093688956,0.028928216298421225,-0.013184720127721983,-0.013184720127721983,-0.013184720127721983,-0.013184720127721983,-0.013184720127721983,-0.013184720127721983,False,False,False,weak,candidate_feature_label_only_not_live_rule,rolling_adjusted_close_asof_signal_date_including_signal_close,2020-01-17,benchmark_features_adjusted_close_pit_asof,False,True
2020-01-20,2020-01-20,19.95035552978516,19.868670272827153,19.561349296569823,19.288231786092123,18.17415018081665,0.004111259376513132,0.01988647241647845,0.03432786120760256,0.09773251190822374,0.004111259376513132,0.01988647241647845,0.03432786120760256,0.09773251190822374,True,True,True,True,0.007736357082318568,0.05564587199592452,0.10022519430885013,0.0003868178541159284,0.001391146799898113,0.0016704199051475021,0.007657909393310724,0.02629089355468759,0.030289681752522845,-0.009127533385253073,-0.009127533385253073,-0.009127533385253073,-0.009127533385253073,-0.009127533385253073,-0.009127533385253073,False,False,False,uptrend,candidate_feature_label_only_not_live_rule,rolling_adjusted_close_asof_signal_date_including_signal_close,2020-01-20,benchmark_features_adjusted_close_pit_asof,False,True
2020-01-31,2020-01-31,18.96462631225586,19.773438739776616,19.559168148040772,19.30992037455241,18.205329402287802,-0.04090398428745401,-0.030397092109690105,-0.017881692705040586,0.041707397498264465,-0.04090398428745401,-0.030397092109690105,-0.017881692705040586,0.041707397498264465,False,False,False,True,-0.044519128546527176,0.00024495771888943807,0.0382644491659625,-0.0022259564273263586,6.1239429722359516e-06,0.0006377408194327083,-0.04418134689331055,0.00011610984802246094,0.011648782094319661,-0.05808565544624866,-0.05808565544624866,-0.05808565544624866,-0.05808565544624866,-0.05808565544624866,-0.05808565544624866,False,False,False,drawdown_risk,candidate_feature_label_only_not_live_rule,rolling_adjusted_close_asof_signal_date_including_signal_close,2020-01-31,benchmark_features_adjusted_close_pit_asof,False,True
2020-02-07,2020-02-07,19.228166580200195,19.582530212402343,19.594912242889404,19.3562118212382,18.306326500574748,-0.01809590631846525,-0.018716371787900865,-0.006615201477466304,0.050356366122744856,-0.01809590631846525,-0.018716371787900865,-0.006615201477466304,0.050356366122744856,False,False,False,True,-0.028742995884264544,0.022958661035999972,0.0135991502780759,-0.0014371497942132273,0.0005739665258999993,0.00022665250463459833,-0.0284515380859375,0.010788631439208895,0.004299640655517578,-0.044996425283886365,-0.044996425283886365,-0.044996425283886365,-0.044996425283886365,-0.044996425283886365,-0.044996425283886365,False,False,False,drawdown_risk,candidate_feature_label_only_not_live_rule,rolling_adjusted_close_asof_signal_date_including_signal_close,2020-02-07,benchmark_features_adjusted_close_pit_asof,False,True
2020-02-14,2020-02-14,19.597129821777344,19.507835388183594,19.655325651168823,19.404655297597248,18.43460529645284,0.004577362470868485,-0.0029608173593409504,0.009918987028021409,0.06306207844592127,0.004577362470868485,-0.0029608173593409504,0.009918987028021409,0.06306207844592127,True,False,True,True,0.003347865195179711,0.03193787325307196,0.04315441275087206,0.00016739325975898556,0.0007984468313267989,0.0007192402125145344,0.0032694816589351914,0.015162992477416991,0.013511943817138671,-0.026671162020988626,-0.026671162020988626,-0.026671162020988626,-0.026671162020988626,-0.026671162020988626,-0.026671162020988626,False,False,False,uptrend,candidate_feature_label_only_not_live_rule,rolling_adjusted_close_asof_signal_date_including_signal_close,2020-02-14,benchmark_features_adjusted_close_pit_asof,False,True
2020-02-21,2020-02-21,19.23870658874512,19.35310068130493,19.613437938690186,19.444286473592122,18.556180493036905,-0.005910892236008158,-0.019105847282686605,-0.01057276568755583,0.036781604703852055,-0.005910892236008158,-0.019105847282686605,-0.01057276568755583,0.036781604703852055,False,False,False,True,-0.03468276080139143,-0.04009218580901153,0.006570244404030978,-0.0017341380400695717,-0.0010023046452252882,0.0001095040734005163,-0.034561252593993966,-0.02008843421936026,0.0020929654439291547,-0.03567099042308153,-0.04447293565236288,-0.04447293565236288,-0.03567099042308153,-0.04447293565236288,-0.04447293565236288,False,False,False,drawdown_risk,candidate_feature_label_only_not_live_rule,rolling_adjusted_close_asof_signal_date_including_signal_close,2020-02-21,benchmark_features_adjusted_close_pit_asof,False,True
2020-02-27,2020-02-27,18.69053840637207,19.207611751556392,19.51261591911316,19.44190527598063,18.637095371882122,-0.02692023099344576,-0.042130563946366606,-0.038646771442551575,0.002867562429850423,-0.02692023099344576,-0.042130563946366606,-0.038646771442551575,0.002867562429850423,False,False,False,True,-0.006722587201703045,-0.05784355831789467,-0.011549544853175275,-0.00033612936008515224,-0.0014460889579473667,-0.0001924924142195879,-0.006324958801269531,-0.028687572479248045,-0.003639825185139974,-0.04626143846829156,-0.0716987541685683,-0.0716987541685683,-0.04626143846829156,-0.0716987541685683,-0.0716987541685683,False,False,False,drawdown_risk,candidate_feature_label_only_not_live_rule,rolling_adjusted_close_asof_signal_date_including_signal_close,2020-02-27,benchmark_features_adjusted_close_pit_asof,False,True
2020-03-06,2020-03-06,18.62728881835937,19.112208747863768,19.361595249176027,19.426818656921387,18.728248818715414,-0.025372259998918123,-0.037925926111274655,-0.04115598403844467,-0.005390787004877495,-0.025372259998918123,-0.037925926111274655,-0.04115598403844467,-0.005390787004877495,False,False,False,False,-0.0427952782261074,-0.06727228307823763,-0.00900866710915671,-0.00213976391130537,-0.0016818070769559408,-0.0001501444518192785,-0.04163999557495135,-0.033586978912353696,-0.002822208404541134,-0.04948893089131012,-0.07484016561825113,-0.07484016561825113,-0.04948893089131012,-0.07484016561825113,-0.07484016561825113,False,False,False,drawdown_risk,candidate_feature_label_only_not_live_rule,rolling_adjusted_close_asof_signal_date_including_signal_close,2020-03-06,benchmark_features_adjusted_close_pit_asof,False,True
2020-03-13,2020-03-13,17.077648162841797,18.703188610076904,19.10387725830078,19.327837975819907,18.764011955261232,-0.08691247685751824,-0.10606376224379122,-0.11642222041561034,-0.08987224035244745,-0.08691247685751824,-0.10606376224379122,-0.11642222041561034,-0.08987224035244745,False,False,False,False,-0.12715521674438357,-0.1297405542709954,-0.10697359242412185,-0.006357760837219178,-0.003243513856774885,-0.0017828932070686975,-0.12439279556274414,-0.06364951133728028,-0.0340948740641276,-0.12856380918269816,-0.15180602501893958,-0.15180602501893958,-0.12856380918269816,-0.15180602501893958,-0.15180602501893958,False,False,False,drawdown_risk,candidate_feature_label_only_not_live_rule,rolling_adjusted_close_asof_signal_date_including_signal_close,2020-03-13,benchmark_features_adjusted_close_pit_asof,False,True
2020-03-20,2020-03-20,15.601801872253418,17.727021646499633,18.55734179019928,18.998024797439577,18.693377709388734,-0.11988589040087616,-0.15926526284636178,-0.1787671592914164,-0.16538347885532612,-0.11988589040087616,-0.15926526284636178,-0.1787671592914164,-0.16538347885532612,False,False,False,False,-0.19302086309415745,-0.2251067465081511,-0.21110516909978394,-0.009651043154707873,-0.005627668662703778,-0.003518419484996399,-0.18658928871154767,-0.11330821514129656,-0.06958301862080904,-0.18904101997269074,-0.21796872998275685,-0.2251067465081511,-0.18904101997269074,-0.21796872998275685,-0.2251067465081511,False,False,False,drawdown_risk,candidate_feature_label_only_not_live_rule,rolling_adjusted_close_asof_signal_date_including_signal_close,2020-03-20,benchmark_features_adjusted_close_pit_asof,False,True
2020-03-27,2020-03-27,16.149974822998047,16.945877647399904,18.076744699478148,18.65703649520874,18.634683148066202,-0.04696734161325522,-0.10658832154307762,-0.13437620025316044,-0.13333783597635274,-0.04696734161325522,-0.10658832154307762,-0.13437620025316044,-0.13333783597635274,False,False,False,False,-0.13592779020789914,-0.1417365909867947,-0.18590880146588062,-0.006796389510394957,-0.0035434147746698673,-0.003098480024431344,-0.12702817916870118,-0.06667656898498535,-0.06146777470906575,-0.15077608479363247,-0.17590101357335708,-0.1978806911616745,-0.15077608479363247,-0.17590101357335708,-0.1978806911616745,False,False,False,drawdown_risk,candidate_feature_label_only_not_live_rule,rolling_adjusted_close_asof_signal_date_including_signal_close,2020-03-27,benchmark_features_adjusted_close_pit_asof,False,True
2020-04-01,2020-04-01,16.00239372253418,16.553197145462036,17.85694901943207,18.464425166447956,18.601424241065978,-0.033274745542365314,-0.10385622397643335,-0.13333918720565308,-0.13972212476042412,-0.033274745542365314,-0.10385622397643335,-0.13333918720565308,-0.13972212476042412,False,False,False,False,-0.14910301417177352,-0.16225138979671416,-0.19500532466138099,-0.007455150708588676,-0.004056284744917854,-0.00325008874435635,-0.14020528793334944,-0.07748179435729971,-0.0646081288655599,-0.1585364312536106,-0.18343176434176134,-0.20521058805619496,-0.1585364312536106,-0.18343176434176134,-0.20521058805619496,False,False,False,drawdown_risk,candidate_feature_label_only_not_live_rule,rolling_adjusted_close_asof_signal_date_including_signal_close,2020-04-01,benchmark_features_adjusted_close_pit_asof,False,True
2020-04-10,2020-04-10,16.71923065185547,16.107280492782593,17.522775197029112,18.18685771624247,18.5655912955602,0.03799214643012405,-0.045857150830188154,-0.08069712136562668,-0.09945067810182118,0.03799214643012405,-0.045857150830188154,-0.08069712136562668,-0.09945067810182118,True,False,False,False,-0.07034005898658835,-0.13569477259375817,-0.16152891382517698,-0.0035170029493294176,-0.0033923693148439544,-0.00269214856375295,-0.06325063705444336,-0.06562242507934571,-0.05368181864420567,-0.034692600569601995,-0.14685309512639977,-0.16960751445398858,-0.034692600569601995,-0.14685309512639977,-0.16960751445398858,False,False,False,drawdown_risk,candidate_feature_label_only_not_live_rule,rolling_adjusted_close_asof_signal_date_including_signal_close,2020-04-10,benchmark_features_adjusted_close_pit_asof,False,True
2020-04-17,2020-04-17,17.552026748657227,16.28543620109558,17.22365276813507,17.968226385116576,18.53302082220713,0.07777443182494781,0.01906529264974899,-0.023163089530310876,-0.05293222745287329,0.07777443182494781,0.01906529264974899,-0.023163089530310876,-0.05293222745287329,True,True,False,False,0.14354378871886064,-0.08566720943163086,-0.11659769543810716,0.007177189435943032,-0.0021416802357907714,-0.0019432949239684527,0.11016125679016113,-0.041112852096557614,-0.038610680898030596,0.0,-0.09609135351089426,-0.12824510758394025,0.0,-0.09609135351089426,-0.12824510758394025,True,False,False,drawdown_risk,candidate_feature_label_only_not_live_rule,rolling_adjusted_close_asof_signal_date_including_signal_close,2020-04-17,benchmark_features_adjusted_close_pit_asof,False,True
2020-04-24,2020-04-24,17.05656623840332,16.723446130752563,16.962744259834288,17.73132758140564,18.49463484287262,0.019919345872032146,0.005531061314836272,-0.03805475590614682,-0.07775598797634531,0.019919345872032146,0.005531061314836272,-0.03805475590614682,-0.07775598797634531,True,True,False,False,0.05270002270781449,-0.10459320686402718,-0.1415344712786064,0.0026350011353907243,-0.0026148301716006793,-0.00235890785464344,0.042694091796875,-0.04980978965759277,-0.046868356068929036,-0.028228108203618762,-0.10310423887926057,-0.1450495098727197,-0.028228108203618762,-0.10310423887926057,-0.1450495098727197,False,False,False,drawdown_risk,candidate_feature_label_only_not_live_rule,rolling_adjusted_close_asof_signal_date_including_signal_close,2020-04-24,benchmark_features_adjusted_close_pit_asof,False,True
2020-04-30,2020-04-30,18.02640724182129,17.02388677597046,16.858644604682922,17.630916134516397,18.473980689048766,0.05888904684598262,0.06926788389702399,0.022431682181882184,-0.024227233684010252,0.05888904684598262,0.06926788389702399,0.022431682181882184,-0.024227233684010252,True,True,True,False,0.1227841683047235,-0.03498862584782847,-0.0398652300415302,0.006139208415236175,-0.0008747156461957117,-0.00066442050069217,0.09856557846069336,-0.016339683532714845,-0.012474409739176432,0.0,-0.05210650154053531,-0.0801506442137555,0.0,-0.05210650154053531,-0.0801506442137555,True,False,False,uptrend,candidate_feature_label_only_not_live_rule,rolling_adjusted_close_asof_signal_date_including_signal_close,2020-04-30,benchmark_features_adjusted_close_pit_asof,False,True
2020-05-08,2020-05-08,17.783946990966797,17.316947364807127,16.743739247322083,17.497914203008015,18.428095682462057,0.026967779962693728,0.062125175761506224,0.016346679075018633,-0.03495470734441075,0.026967779962693728,0.062125175761506224,0.016346679075018633,-0.03495470734441075,True,True,True,False,0.06435336142108761,-0.022595618619921876,-0.07307701140203804,0.00321766807105438,-0.0005648904654980469,-0.0012179501900339673,0.05376300811767578,-0.01027822494506836,-0.023367595672607364,-0.013450281445544165,-0.013450281445544165,-0.09252287693658301,-0.013450281445544165,-0.013450281445544165,-0.09252287693658301,False,False,False,uptrend,candidate_feature_label_only_not_live_rule,rolling_adjusted_close_asof_signal_date_including_signal_close,2020-05-08,benchmark_features_adjusted_close_pit_asof,False,True
2020-05-15,2020-05-15,17.67852783203125,17.522511863708495,16.848893404006958,17.350681034723916,18.384218080838522,0.008903744482312792,0.0492396983072485,0.018895327316041044,-0.03838565478848399,0.008903744482312792,0.0492396983072485,0.018895327316041044,-0.03838565478848399,True,True,True,False,0.03774729888596551,0.12024040236430777,-0.09154947454549,0.0018873649442982753,0.0030060100591076944,-0.0015258245757581667,0.03215217590332031,0.047437882423400836,-0.029692681630452473,-0.019298321907593396,-0.019298321907593396,-0.08957669713021343,-0.019298321907593396,-0.019298321907593396,-0.08957669713021343,False,False,False,uptrend,candidate_feature_label_only_not_live_rule,rolling_adjusted_close_asof_signal_date_including_signal_close,2020-05-15,benchmark_features_adjusted_close_pit_asof,False,True
2020-05-22,2020-05-22,17.48877716064453,17.62740249633789,17.15407726764679,17.217503531773886,18.330516568819682,-0.007864195290381404,0.019511390078031043,0.015755688876150087,-0.04592011387212924,-0.007864195290381404,0.019511390078031043,0.015755688876150087,-0.04592011387212924,False,True,True,False,0.025339855408181622,0.1171716312682356,-0.07935625314711892,0.0012669927704090811,0.00292929078170589,-0.0013226042191186486,0.021610546112060546,0.04585661888122559,-0.02512451807657866,-0.029824583122113002,-0.029824583122113002,-0.08190372819445813,-0.029824583122113002,-0.029824583122113002,-0.08190372819445813,False,False,False,weak,candidate_feature_label_only_not_live_rule,rolling_adjusted_close_asof_signal_date_including_signal_close,2020-05-22,benchmark_features_adjusted_close_pit_asof,False,True
2020-05-29,2020-05-29,17.80503273010254,17.68432788848877,17.354107332229614,17.13387236595154,18.280430579185484,0.006825526102823387,0.025983785235411005,0.03917155152181073,-0.026005834327789024,0.006825526102823387,0.025983785235411005,0.03917155152181073,-0.026005834327789024,True,True,True,False,-0.01228056754454987,0.10899574148790592,-0.04683951320936308,-0.0006140283772274935,0.002724893537197648,-0.0007806585534893847,-0.0110687255859375,0.04374842643737793,-0.01458269755045573,-0.007054566039734755,-0.01228056754454987,-0.06374717167340649,-0.007054566039734755,-0.01228056754454987,-0.06374717167340649,False,False,False,weak,candidate_feature_label_only_not_live_rule,rolling_adjusted_close_asof_signal_date_including_signal_close,2020-05-29,benchmark_features_adjusted_close_pit_asof,False,True
2020-06-05,2020-06-05,18.62728881835937,17.840873146057127,17.578910255432127,17.10945054690043,18.25791380405426,0.04407943859384722,0.05963842739360259,0.08871344332760667,0.020230953999962997,0.04407943859384722,0.05963842739360259,0.08871344332760667,0.020230953999962997,True,True,True,True,0.04742152165775937,0.11482661740122646,0.023754384420082264,0.0023710760828879684,0.0028706654350306613,0.00039590640700137104,0.04216709136962873,0.047965049743652254,0.00720354715983067,0.0,0.0,0.0,0.0,0.0,0.0,True,True,True,uptrend,candidate_feature_label_only_not_live_rule,rolling_adjusted_close_asof_signal_date_including_signal_close,2020-06-05,benchmark_features_adjusted_close_pit_asof,False,True
2020-06-12,2020-06-12,18.606204986572266,18.11812114715576,17.820316505432128,17.271969318389893,18.24943867524465,0.026938987517098223,0.0441007027512994,0.07724861268493455,0.019549440269172047,0.026938987517098223,0.0441007027512994,0.07724861268493455,0.019549440269172047,True,True,True,True,0.05247479673393296,0.09220287745619427,0.17902478977151404,0.002623739836696648,0.0023050719364048565,0.0029837464961919007,0.04638385772705078,0.03926801681518555,0.04708654085795082,-0.02432279269636095,-0.02432279269636095,-0.02432279269636095,-0.02432279269636095,-0.02432279269636095,-0.02432279269636095,False,False,False,uptrend,candidate_feature_label_only_not_live_rule,rolling_adjusted_close_asof_signal_date_including_signal_close,2020-06-12,benchmark_features_adjusted_close_pit_asof,False,True
2020-06-19,2020-06-19,18.73270606994629,18.374813175201417,18.001107835769652,17.560989236831666,18.20023157596588,0.019477362372744222,0.04064184498261225,0.06672271233200888,0.02925646807063509,0.019477362372744222,0.04064184498261225,0.06672271233200888,0.02925646807063509,True,True,True,True,0.07112726623911736,0.09826947628937721,0.19663299532024037,0.003556363311955868,0.00245673690723443,0.003277216588670673,0.06219644546508789,0.04190349578857422,0.05130322774251302,-0.017689294686620394,-0.017689294686620394,-0.017689294686620394,-0.017689294686620394,-0.017689294686620394,-0.017689294686620394,False,False,False,uptrend,candidate_feature_label_only_not_live_rule,rolling_adjusted_close_asof_signal_date_including_signal_close,2020-06-19,benchmark_features_adjusted_close_pit_asof,False,True
2020-06-24,2020-06-24,18.97516822814941,18.545589542388917,18.119702434539796,17.69399110476176,18.17551379998525,0.02316338797311479,0.04721191182361384,0.07240746962073819,0.04399624885238773,0.02316338797311479,0.04721191182361384,0.07240746962073819,0.04399624885238773,True,True,True,True,0.06698295028587764,0.09024823497527579,0.17493484888460653,0.003349147514293882,0.002256205874381895,0.002915580814743442,0.05956106185913068,0.03926801681518546,0.047086556752522726,-0.004974998484726489,-0.004974998484726489,-0.004974998484726489,-0.004974998484726489,-0.004974998484726489,-0.004974998484726489,False,False,False,uptrend,candidate_feature_label_only_not_live_rule,rolling_adjusted_close_asof_signal_date_including_signal_close,2020-06-24,benchmark_features_adjusted_close_pit_asof,False,True
2020-07-03,2020-07-03,19.512794494628903,18.843394374847414,18.30128445625305,17.9403169631958,18.142479666074117,0.0355243915435437,0.06619808796873339,0.08765048770648853,0.075530735256506,0.0355243915435437,0.06619808796873339,0.08765048770648853,0.075530735256506,True,True,True,True,0.06624407356955286,0.10838310877639334,0.1789807866791142,0.003312203678477643,0.0027095777194098337,0.0029830131113185703,0.060614967346191054,0.04770140647888175,0.049370543162027936,0.0,0.0,0.0,0.0,0.0,0.0,True,True,True,uptrend,candidate_feature_label_only_not_live_rule,rolling_adjusted_close_asof_signal_date_including_signal_close,2020-07-03,benchmark_features_adjusted_close_pit_asof,False,True
2020-07-10,2020-07-10,19.955551147460938,19.14278039932251,18.576951360702516,18.207374827067056,18.15021960735321,0.04245834362531742,0.07421022750130546,0.0960147378190428,0.09946609898738257,0.04245834362531742,0.07421022750130546,0.0960147378190428,0.09946609898738257,True,True,True,True,0.046434586086247176,0.12277555362055192,0.16924032865150962,0.002321729304312359,0.003069388840513798,0.002820672144191827,0.04427547454833984,0.05455350875854492,0.04814071655273437,-0.008381286652135223,-0.008381286652135223,-0.008381286652135223,-0.008381286652135223,-0.008381286652135223,-0.008381286652135223,False,False,False,uptrend,candidate_feature_label_only_not_live_rule,rolling_adjusted_close_asof_signal_date_including_signal_close,2020-07-10,benchmark_features_adjusted_close_pit_asof,False,True
2020-07-17,2020-07-17,20.49318122863769,19.57341136932373,18.919822216033936,18.468107827504475,18.171057868003846,0.04699077958150233,0.08315929159579438,0.10965245709239801,0.12779241459148682,0.04699077958150233,0.08315929159579438,0.10965245709239801,0.12779241459148682,True,True,True,True,0.09213487737339388,0.1599045245578834,0.20595549123391232,0.004606743868669693,0.003997613113947085,0.0034325915205652056,0.08644247055053658,0.07062978744506827,0.05833110809326166,0.0,0.0,0.0,0.0,0.0,0.0,True,True,True,uptrend,candidate_feature_label_only_not_live_rule,rolling_adjusted_close_asof_signal_date_including_signal_close,2020-07-17,benchmark_features_adjusted_close_pit_asof,False,True
2020-07-24,2020-07-24,20.91814422607422,20.086475944519044,19.31603274345398,18.775293604532877,18.22032310962677,0.04140438989160322,0.0829420566789616,0.11413140410352884,0.14806659026930458,0.04140438989160322,0.0829420566789616,0.11413140410352884,0.14806659026930458,True,True,True,True,0.10239571921383184,0.17623743686929627,0.20188498711717973,0.005119785960691592,0.004405935921732407,0.003364749785286329,0.09714879989624041,0.07835493087768555,0.05856161117553711,-0.004547783128182048,-0.004547783128182048,-0.004547783128182048,-0.004547783128182048,-0.004547783128182048,-0.004547783128182048,False,False,False,uptrend,candidate_feature_label_only_not_live_rule,rolling_adjusted_close_asof_signal_date_including_signal_close,2020-07-24,benchmark_features_adjusted_close_pit_asof,False,True
2020-07-31,2020-07-31,22.04369163513184,20.79813184738159,19.820763111114502,19.133566919962565,18.340338015556334,0.05988806095135235,0.11215151059299178,0.15209525371524246,0.2019239567141189,0.05988806095135235,0.11215151059299178,0.15209525371524246,0.2019239567141189,True,True,True,True,0.12970449420761287,0.2045407218337567,0.2521453792884971,0.006485224710380644,0.005113518045843918,0.004202422988141619,0.12654485702514684,0.09357991218566894,0.07398255666097012,-0.002402659697241294,-0.002402659697241294,-0.002402659697241294,-0.002402659697241294,-0.002402659697241294,-0.002402659697241294,False,False,False,uptrend,candidate_feature_label_only_not_live_rule,rolling_adjusted_close_asof_signal_date_including_signal_close,2020-07-31,benchmark_features_adjusted_close_pit_asof,False,True
2020-08-07,2020-08-07,22.22420310974121,21.320216178894043,20.231498289108277,19.491372966766356,18.45282798608144,0.042400458009523856,0.0984951678890591,0.14020716486388363,0.20437924888826986,0.042400458009523856,0.0984951678890591,0.14020716486388363,0.20437924888826986,True,True,True,True,0.11368525707539412,0.1653987710180458,0.2504185810718724,0.005684262853769706,0.004134969275451145,0.00417364301786454,0.11343259811401367,0.07885403633117676,0.07417987187703451,-0.007115572754439081,-0.007115572754439081,-0.007115572754439081,-0.007115572754439081,-0.007115572754439081,-0.007115572754439081,False,False,False,uptrend,candidate_feature_label_only_not_live_rule,rolling_adjusted_close_asof_signal_date_including_signal_close,2020-08-07,benchmark_features_adjusted_close_pit_asof,False,True
2020-08-14,2020-08-14,22.192344665527344,21.77504367828369,20.67422752380371,19.871562703450522,18.568954825401306,0.019164186001602745,0.07343041668549488,0.116789101929756,0.19513159863846719,0.019164186001602745,0.07343041668549488,0.116789101929756,0.19513159863846719,True,True,True,True,0.0829136002816,0.1826877120495256,0.256076384671895,0.00414568001408,0.00456719280123814,0.004267939744531583,0.0849581718444826,0.08570032119750959,0.07540591557820638,-0.010416786269577316,-0.010416786269577316,-0.010416786269577316,-0.010416786269577316,-0.010416786269577316,-0.010416786269577316,False,False,False,uptrend,candidate_feature_label_only_not_live_rule,rolling_adjusted_close_asof_signal_date_including_signal_close,2020-08-14,benchmark_features_adjusted_close_pit_asof,False,True
2020-08-21,2020-08-21,21.8313217163086,22.060677433013915,21.07357668876648,20.230914306640624,18.695834056536356,-0.01039658539053212,0.0359571153360998,0.07910702331148012,0.16771049904970825,-0.01039658539053212,0.0359571153360998,0.07910702331148012,0.16771049904970825,False,True,True,True,0.043654804191287644,0.15052058847742522,0.2275858518582874,0.002182740209564382,0.0037630147119356305,0.0037930975309714565,0.04565887451171911,0.07140383720397976,0.0674562454223634,-0.026515231733669098,-0.026515231733669098,-0.026515231733669098,-0.026515231733669098,-0.026515231733669098,-0.026515231733669098,False,False,False,weak,candidate_feature_label_only_not_live_rule,rolling_adjusted_close_asof_signal_date_including_signal_close,2020-08-21,benchmark_features_adjusted_close_pit_asof,False,True
2020-08-28,2020-08-28,21.97997665405273,22.082444667816162,21.440288257598876,20.57465696334839,18.8353773355484,-0.004640247730939517,0.025171694987010218,0.06830343238323588,0.1669517558625948,-0.004640247730939517,0.025171694987010218,0.06830343238323588,0.1669517558625948,False,True,True,True,-0.0028903952266127186,0.1264392017300724,0.20105912308110763,-0.00014451976133063592,0.00316098004325181,0.003350985384685127,-0.0031857490539554333,0.0616795539855957,0.06132469177246082,-0.019886530113950585,-0.019886530113950585,-0.019886530113950585,-0.019886530113950585,-0.019886530113950585,-0.019886530113950585,False,False,False,weak,candidate_feature_label_only_not_live_rule,rolling_adjusted_close_asof_signal_date_including_signal_close,2020-08-28,benchmark_features_adjusted_close_pit_asof,False,True
2020-09-04,2020-09-04,21.77823066711425,22.02245111465454,21.671333646774293,20.828482564290365,19.00603840351105,-0.011089612426374074,0.00493264614362432,0.045598525955615754,0.14585850058532368,-0.011089612426374074,0.00493264614362432,0.045598525955615754,0.14585850058532368,False,True,True,True,-0.020066971149641954,0.09133696715188067,0.1420127475021986,-0.0010033485574820976,0.0022834241787970167,0.0023668791250366435,-0.022298622131348013,0.04556698799133283,0.04513648351033517,-0.028882625169283638,-0.028882625169283638,-0.028882625169283638,-0.028882625169283638,-0.028882625169283638,-0.028882625169283638,False,False,False,weak,candidate_feature_label_only_not_live_rule,rolling_adjusted_close_asof_signal_date_including_signal_close,2020-09-04,benchmark_features_adjusted_close_pit_asof,False,True
2020-09-11,2020-09-11,21.9268856048584,21.934849739074707,21.8549467086792,21.094434928894042,19.27025950749715,-0.0003630813208681527,0.0032916527840640697,0.03946304694913194,0.1378614593294749,-0.0003630813208681527,0.0032916527840640697,0.03946304694913194,0.1378614593294749,False,True,True,True,-0.011961740170758017,0.0699600691676514,0.16854070893484074,-0.0005980870085379008,0.001749001729191285,0.002809011815580679,-0.013272953033447266,0.035842609405517666,0.052709229787190635,-0.022253923549564347,-0.022253923549564347,-0.022253923549564347,-0.022253923549564347,-0.022253923549564347,-0.022253923549564347,False,False,False,weak,candidate_feature_label_only_not_live_rule,rolling_adjusted_close_asof_signal_date_including_signal_close,2020-09-11,benchmark_features_adjusted_close_pit_asof,False,True
2020-09-18,2020-09-18,22.36224174499512,22.02510585784912,22.042891645431517,21.390753078460694,19.542372091611227,0.015306890660226058,0.014487668165342082,0.045416291000650366,0.14429515721862418,0.015306890660226058,0.014487668165342082,0.045416291000650366,0.14429515721862418,True,True,True,True,0.024319188530390612,0.0690356421350633,0.17850031557670354,0.0012159594265195306,0.0017258910533765825,0.0029750052596117255,0.026546001434325995,0.03610243797302255,0.05645122528076184,-0.011731513421370132,-0.011731513421370132,-0.011731513421370132,-0.011731513421370132,-0.011731513421370132,-0.011731513421370132,False,False,False,uptrend,candidate_feature_label_only_not_live_rule,rolling_adjusted_close_asof_signal_date_including_signal_close,2020-09-18,benchmark_features_adjusted_close_pit_asof,False,True
2020-09-25,2020-09-25,21.374732971191406,21.94281396865845,22.012629318237305,21.60779682795207,19.774056895573935,-0.025889158896322484,-0.02897865301885616,-0.01078609997198643,0.08094828916850916,-0.025889158896322484,-0.02897865301885616,-0.01078609997198643,0.08094828916850916,False,False,False,True,-0.027536138567723523,-0.030346943470860865,0.09542141578311725,-0.001376806928386176,-0.0007586735867715216,0.0015903569297186207,-0.03026218414306623,-0.01672396659851083,0.031032307942708393,-0.05537310412139629,-0.05537310412139629,-0.05537310412139629,-0.05537310412139629,-0.05537310412139629,-0.05537310412139629,False,False,False,drawdown_risk,candidate_feature_label_only_not_live_rule,rolling_adjusted_close_asof_signal_date_including_signal_close,2020-09-25,benchmark_features_adjusted_close_pit_asof,False,True
2020-09-30,2020-09-30,21.87379646301269,21.939628505706786,22.003338384628297,21.700165843963624,19.900446605682372,-0.003000599699168549,-0.00588737578594456,0.008001349865137897,0.09916108399129331,-0.003000599699168549,-0.00588737578594456,0.008001349865137897,0.09916108399129331,False,False,True,True,0.0,-0.012463886100565147,0.09036613723331555,0.0,-0.00031159715251412865,0.0015061022872219258,0.0,-0.006901836395263672,0.03021386464436849,-0.033317680188808985,-0.033317680188808985,-0.033317680188808985,-0.033317680188808985,-0.033317680188808985,-0.033317680188808985,False,False,False,weak,candidate_feature_label_only_not_live_rule,rolling_adjusted_close_asof_signal_date_including_signal_close,2020-09-30,benchmark_features_adjusted_close_pit_asof,False,True
2020-10-08,2020-10-08,22.553367614746094,22.01448745727539,21.9919234752655,21.83558874130249,20.075420490900676,0.02447843305534758,0.02552956043667809,0.03287197253747087,0.12343189149978517,0.02447843305534758,0.02552956043667809,0.03287197253747087,0.12343189149978517,True,True,True,True,0.031067819108700157,0.013358778298854235,0.10679314668594575,0.0015533909554350078,0.00033396945747135587,0.001779885778099096,0.0339785575866701,0.0074328422546386715,0.036269124348958216,-0.003284968741336325,-0.003284968741336325,-0.003284968741336325,-0.003284968741336325,-0.003284968741336325,-0.003284968741336325,False,False,False,uptrend,candidate_feature_label_only_not_live_rule,rolling_adjusted_close_asof_signal_date_including_signal_close,2020-10-08,benchmark_features_adjusted_close_pit_asof,False,True
2020-10-16,2020-10-16,22.351619720458984,22.158366203308105,22.040767860412597,22.00723164876302,20.29910543759664,0.008721469596527642,0.014103495033161106,0.015648859301906848,0.10111353375507948,0.008721469596527642,0.014103495033161106,0.015648859301906848,0.10111353375507948,True,True,True,True,0.0028585529336344617,0.002381093109662169,0.06636296786802776,0.00014292764668172309,5.952732774155423e-05,0.0011060494644671293,0.003185558319091797,0.001327371597290039,0.023183472951253257,-0.017273604598467607,-0.017273604598467607,-0.017273604598467607,-0.017273604598467607,-0.017273604598467607,-0.017273604598467607,False,False,False,uptrend,candidate_feature_label_only_not_live_rule,rolling_adjusted_close_asof_signal_date_including_signal_close,2020-10-16,benchmark_features_adjusted_close_pit_asof,False,True
2020-10-23,2020-10-23,22.53213119506836,22.22154493331909,22.126245498657227,22.104743480682373,20.508896907170612,0.013976807763873111,0.018344083565183578,0.01933466066952949,0.09865154118505304,0.013976807763873111,0.018344083565183578,0.01933466066952949,0.09865154118505304,True,True,True,True,0.029097936442476824,0.021174280845346116,0.024131488855194227,0.0014548968221238412,0.0005293570211336529,0.00040219148091990377,0.031855010986327946,0.011680221557617188,0.00884869893391927,-0.009337115297465726,-0.009337115297465726,-0.009337115297465726,-0.009337115297465726,-0.009337115297465726,-0.009337115297465726,False,False,False,uptrend,candidate_feature_label_only_not_live_rule,rolling_adjusted_close_asof_signal_date_including_signal_close,2020-10-23,benchmark_features_adjusted_close_pit_asof,False,True
2020-10-30,2020-10-30,21.87379646301269,22.376041984558107,22.157835245132446,22.13217414220174,20.70067432721456,-0.022445681943751183,-0.0128188868171204,-0.01167430174410089,0.056670720830377164,-0.022445681943751183,-0.0128188868171204,-0.01167430174410089,0.056670720830377164,False,False,False,True,0.004388134066499072,-0.0033864200973710012,-0.0029040383182471485,0.0002194067033249536,-8.466050243427503e-05,-4.8400638637452476e-05,0.0047782897949220525,-0.0018581390380860263,-0.0010617891947428979,-0.038281904368323016,-0.038281904368323016,-0.038281904368323016,-0.038281904368323016,-0.038281904368323016,-0.038281904368323016,False,False,False,weak,candidate_feature_label_only_not_live_rule,rolling_adjusted_close_asof_signal_date_including_signal_close,2020-10-30,benchmark_features_adjusted_close_pit_asof,False,True
2020-11-06,2020-11-06,22.6595516204834,22.435504817962645,22.22499613761902,22.139783922831217,20.894252649943034,0.009986260810203484,0.019552556057763848,0.02347663823024848,0.08448729897717477,0.009986260810203484,0.019552556057763848,0.02347663823024848,0.08448729897717477,True,True,True,True,0.004708121977663238,0.035922212168307155,0.018129795034220964,0.00023540609888316187,0.0008980553042076788,0.0003021632505703494,0.005309200286865235,0.019643878936767667,0.006724961598714193,-0.0037348628909417148,-0.0037348628909417148,-0.0037348628909417148,-0.0037348628909417148,-0.0037348628909417148,-0.0037348628909417148,False,False,False,uptrend,candidate_feature_label_only_not_live_rule,rolling_adjusted_close_asof_signal_date_including_signal_close,2020-11-06,benchmark_features_adjusted_close_pit_asof,False,True
2020-11-13,2020-11-13,23.20108795166016,22.543811798095703,22.351089000701904,22.208449172973634,21.118506987889607,0.029155502159576185,0.038029419995220914,0.04469644732755618,0.09861402441776823,0.029155502159576185,0.038029419995220914,0.04469644732755618,0.09861402441776823,True,True,True,True,0.03800477289006654,0.04097196447873808,0.04047635890259138,0.001900238644503327,0.0010242991119684519,0.0006746059817098563,0.04247341156005877,0.022829484939575283,0.015042718251546284,0.0,0.0,0.0,0.0,0.0,0.0,True,True,True,uptrend,candidate_feature_label_only_not_live_rule,rolling_adjusted_close_asof_signal_date_including_signal_close,2020-11-13,benchmark_features_adjusted_close_pit_asof,False,True
2020-11-20,2020-11-20,24.209829330444336,22.948902130126953,22.585223531723024,22.4004643758138,21.386325947443645,0.05494499009876641,0.07193224350599858,0.08077354666736913,0.1320237702324083,0.05494499009876641,0.07193224350599858,0.08077354666736913,0.1320237702324083,True,True,True,True,0.07445803154843955,0.10572254306054485,0.0972089076649838,0.0037229015774219777,0.0026430635765136213,0.0016201484610830633,0.08388490676879883,0.05786995887756339,0.0357484499613444,-0.0030608174291129053,-0.0030608174291129053,-0.0030608174291129053,-0.0030608174291129053,-0.0030608174291129053,-0.0030608174291129053,False,False,False,uptrend,candidate_feature_label_only_not_live_rule,rolling_adjusted_close_asof_signal_date_including_signal_close,2020-11-20,benchmark_features_adjusted_close_pit_asof,False,True
2020-11-27,2020-11-27,24.347869873046875,23.483535289764404,22.929788637161256,22.599735260009766,21.641118017832436,0.036805982260226466,0.061844496620758305,0.07735199518599822,0.12507449259248316,0.036805982260226466,0.061844496620758305,0.07735199518599822,0.12507449259248316,True,True,True,True,0.11310672174433445,0.11799118326967006,0.10933727477130062,0.005655336087216722,0.0029497795817417516,0.0018222879128550102,0.12370367050170916,0.06424098014831561,0.039995797475179035,-0.006929240467461462,-0.006929240467461462,-0.006929240467461462,-0.006929240467461462,-0.006929240467461462,-0.006929240467461462,False,False,False,uptrend,candidate_feature_label_only_not_live_rule,rolling_adjusted_close_asof_signal_date_including_signal_close,2020-11-27,benchmark_features_adjusted_close_pit_asof,False,True
2020-12-04,2020-12-04,24.910642623901367,24.0017107963562,23.218607807159422,22.81723435719808,21.874850924809774,0.0378694600254561,0.07287408576754584,0.091746801296402,0.1387799948683761,0.0378694600254561,0.07287408576754584,0.091746801296402,0.1387799948683761,True,True,True,True,0.09934402238493845,0.1045198681377415,0.1388348916030102,0.004967201119246922,0.0026129967034435376,0.0023139148600501702,0.11255455017089844,0.05893187522888184,0.050614102681477924,0.0,0.0,0.0,0.0,0.0,0.0,True,True,True,uptrend,candidate_feature_label_only_not_live_rule,rolling_adjusted_close_asof_signal_date_including_signal_close,2020-12-04,benchmark_features_adjusted_close_pit_asof,False,True
2020-12-11,2020-12-11,25.21857452392578,24.573508930206298,23.558660364151002,23.091895643870036,22.15162294705709,0.02625044699768342,0.07045876692974673,0.09209633166778541,0.1384526806093973,0.02625044699768342,0.07045876692974673,0.09209633166778541,0.1384526806093973,True,True,True,True,0.08695655033372085,0.12826608717052412,0.1314912955039258,0.004347827516686042,0.003206652179263103,0.0021915215917320966,0.10087432861328108,0.07167387008666992,0.048844432830810545,-0.010828756793362926,-0.010828756793362926,-0.010828756793362926,-0.010828756793362926,-0.010828756793362926,-0.010828756793362926,False,False,False,uptrend,candidate_feature_label_only_not_live_rule,rolling_adjusted_close_asof_signal_date_including_signal_close,2020-12-11,benchmark_features_adjusted_close_pit_asof,False,True
2020-12-18,2020-12-18,25.101770401000977,24.811890506744383,23.88039631843567,23.327445856730144,22.411909945805867,0.011683103880286705,0.05114546954241317,0.07606167238231643,0.12001924252325868,0.011683103880286705,0.05114546954241317,0.07606167238231643,0.12001924252325868,True,True,True,True,0.03684210484850503,0.11404332700206532,0.1464596889253369,0.0018421052424252514,0.002851083175051633,0.0024409948154222815,0.04459705352783203,0.06424098014831543,0.0534456570943196,-0.015410271873669057,-0.015410271873669057,-0.015410271873669057,-0.015410271873669057,-0.015410271873669057,-0.015410271873669057,False,False,False,uptrend,candidate_feature_label_only_not_live_rule,rolling_adjusted_close_asof_signal_date_including_signal_close,2020-12-18,benchmark_features_adjusted_close_pit_asof,False,True
2020-12-25,2020-12-25,25.261045455932617,25.018417739868163,24.250976514816283,23.625998338063557,22.647975158691406,0.009697964059406372,0.041650650253165056,0.06920541915195422,0.115377656454132,0.009697964059406372,0.041650650253165056,0.06920541915195422,0.115377656454132,True,True,True,True,0.03750535827763013,0.15485418814459417,0.1599218431494307,0.0018752679138815064,0.0038713547036148543,0.0026653640524905114,0.04565877914428711,0.08468122482299814,0.05804691314697277,-0.009162880533247986,-0.009162880533247986,-0.009162880533247986,-0.009162880533247986,-0.009162880533247986,-0.009162880533247986,False,False,False,uptrend,candidate_feature_label_only_not_live_rule,rolling_adjusted_close_asof_signal_date_including_signal_close,2020-12-25,benchmark_features_adjusted_close_pit_asof,False,True
2020-12-31,2020-12-31,25.96185874938965,25.287592792510985,24.588374519348143,23.868981552124023,22.83415058453878,0.026663904406051264,0.05585909019568325,0.08768188088357665,0.13697501701546422,0.026663904406051264,0.05585909019568325,0.08768188088357665,0.13697501701546422,True,True,True,True,0.059358763564104855,0.15275819907909716,0.1665077213323778,0.002967938178205243,0.003818954976977429,0.002775128688872963,0.07273569107055647,0.086008644104004,0.06176341374715169,0.0,0.0,0.0,0.0,0.0,0.0,True,True,True,uptrend,candidate_feature_label_only_not_live_rule,rolling_adjusted_close_asof_signal_date_including_signal_close,2020-12-31,benchmark_features_adjusted_close_pit_asof,False,True
2021-01-08,2021-01-08,27.86254119873047,25.718697261810302,25.09566593170166,24.23089008331299,23.10746912956238,0.083357407845986,0.11025311201379995,0.14987691755980848,0.2057807387951769,0.083357407845986,0.11025311201379995,0.14987691755980848,0.2057807387951769,True,True,True,True,0.10623945577365834,0.20588234322947407,0.24124886596233486,0.0053119727886829175,0.005147058580736852,0.004020814432705581,0.1337911605834961,0.11892547607421874,0.09025595982869467,0.0,0.0,0.0,0.0,0.0,0.0,True,True,True,uptrend,candidate_feature_label_only_not_live_rule,rolling_adjusted_close_asof_signal_date_including_signal_close,2021-01-08,benchmark_features_adjusted_close_pit_asof,False,True
2021-01-15,2021-01-15,28.563352584838867,26.529408168792724,25.64835081100464,24.72057294845581,23.408233865102133,0.07666753826942618,0.11365260071940075,0.15544864774758782,0.22022672660589637,0.07666753826942618,0.11365260071940075,0.15544864774758782,0.22022672660589637,True,True,True,True,0.1340640967796216,0.17827418196839018,0.26767203410792195,0.006703204838981081,0.004456854549209755,0.004461200568465366,0.168831729888916,0.10804166793823242,0.10052035649617513,-0.005912842625943604,-0.005912842625943604,-0.005912842625943604,-0.005912842625943604,-0.005912842625943604,-0.005912842625943604,False,False,False,uptrend,candidate_feature_label_only_not_live_rule,rolling_adjusted_close_asof_signal_date_including_signal_close,2021-01-15,benchmark_features_adjusted_close_pit_asof,False,True
2021-01-22,2021-01-22,29.825984954833984,27.60712251663208,26.289940738677977,25.313237698872886,23.723236815134683,0.08037282541362778,0.13450179486155145,0.17827617745485136,0.25724770136788155,0.08037282541362778,0.13450179486155145,0.17827617745485136,0.25724770136788155,True,True,True,True,0.18220140947227415,0.22286062034342424,0.3523881610428745,0.009110070473613707,0.005571515508585606,0.005873136017381242,0.22983970642089843,0.13589115142822256,0.12952795028686523,-0.017863528969604525,-0.017863528969604525,-0.017863528969604525,-0.017863528969604525,-0.017863528969604525,-0.017863528969604525,False,False,False,uptrend,candidate_feature_label_only_not_live_rule,rolling_adjusted_close_asof_signal_date_including_signal_close,2021-01-22,benchmark_features_adjusted_close_pit_asof,False,True
2021-01-29,2021-01-29,27.81877899169922,28.368827247619627,26.828210020065306,25.84852542877197,23.99079219500224,-0.019389178520467842,0.03692266352816853,0.07622305451645461,0.1595606666750431,-0.019389178520467842,0.03692266352816853,0.07622305451645461,0.1595606666750431,False,True,True,True,0.07152493433673057,0.1351293295670677,0.23520915357435745,0.0035762467168365284,0.0033782332391766924,0.003920152559572624,0.09284601211547852,0.0827908515930175,0.0882877667744955,-0.08395858615714058,-0.08395858615714058,-0.08395858615714058,-0.08395858615714058,-0.08395858615714058,-0.08395858615714058,False,False,False,weak,candidate_feature_label_only_not_live_rule,rolling_adjusted_close_asof_signal_date_including_signal_close,2021-01-29,benchmark_features_adjusted_close_pit_asof,False,True
2021-02-05,2021-02-05,29.25094985961914,28.872731018066407,27.295714139938354,26.354687627156576,24.27404704093933,0.013099517372155534,0.07163160156414228,0.10989552497970712,0.20502979211855488,0.013099517372155534,0.07163160156414228,0.10989552497970712,0.20502979211855488,True,True,True,True,0.04983065438955481,0.16136409176640476,0.26597224950940856,0.0024915327194777403,0.004034102294160119,0.004432870825156809,0.0694204330444336,0.10160579681396484,0.10242379506429036,-0.036798794309145344,-0.036798794309145344,-0.036798794309145344,-0.036798794309145344,-0.036798794309145344,-0.036798794309145344,False,False,False,uptrend,candidate_feature_label_only_not_live_rule,rolling_adjusted_close_asof_signal_date_including_signal_close,2021-02-05,benchmark_features_adjusted_close_pit_asof,False,True
2021-02-19,2021-02-19,30.129779815673828,29.182763862609864,27.693094396591185,26.684733549753826,24.484728972117107,0.03245120844353333,0.08798891825474664,0.1291017674767745,0.23055394446004418,0.03245120844353333,0.08798891825474664,0.1291017674767745,0.23055394446004418,True,True,True,True,0.04860334865478744,0.21209764868119096,0.24890871469154807,0.0024301674327393717,0.005302441217029774,0.004148478578192468,0.06982660293579102,0.1318057060241699,0.10008157094319661,-0.012095244515883175,-0.012095244515883175,-0.012095244515883175,-0.012095244515883175,-0.012095244515883175,-0.012095244515883175,False,False,False,uptrend,candidate_feature_label_only_not_live_rule,rolling_adjusted_close_asof_signal_date_including_signal_close,2021-02-19,benchmark_features_adjusted_close_pit_asof,False,True
2021-02-26,2021-02-26,28.947153091430664,29.400674057006835,28.257045459747314,27.133436711629233,24.804999589920044,-0.015425529520065151,0.024422497839217572,0.06684432934454199,0.16698865430313736,-0.015425529520065151,0.024422497839217572,0.06684432934454199,0.16698865430313736,False,True,True,True,-0.013695698541649648,0.15514614154505657,0.18631210657595165,-0.0006847849270824824,0.0038786535386264144,0.0031052017762658608,-0.020097827911376952,0.09719634056091309,0.07576990127563489,-0.05087158380511525,-0.05087158380511525,-0.05087158380511525,-0.05087158380511525,-0.05087158380511525,-0.05087158380511525,False,False,False,weak,candidate_feature_label_only_not_live_rule,rolling_adjusted_close_asof_signal_date_including_signal_close,2021-02-26,benchmark_features_adjusted_close_pit_asof,False,True
2021-03-05,2021-03-05,28.632509231567383,29.267222023010255,28.624853897094727,27.446422831217447,25.04130721092224,-0.021686813697038065,0.00026743663042538834,0.04321460787964271,0.14341112428343084,-0.021686813697038065,0.00026743663042538834,0.04321460787964271,0.14341112428343084,False,True,True,True,-0.006774613302449994,0.12354690608633767,0.18998792388671704,-0.0003387306651224997,0.0030886726521584416,0.0031664653981119508,-0.009764862060546876,0.07871184349060059,0.0761888821919759,-0.06118822625469311,-0.06118822625469311,-0.06118822625469311,-0.06118822625469311,-0.06118822625469311,-0.06118822625469311,False,False,False,weak,candidate_feature_label_only_not_live_rule,rolling_adjusted_close_asof_signal_date_including_signal_close,2021-03-05,benchmark_features_adjusted_close_pit_asof,False,True
2021-03-12,2021-03-12,29.34859275817871,29.35673236846924,28.97973918914795,27.795921293894448,25.335070403416953,-0.0002772655412858205,0.012727980973993303,0.05585968703348265,0.15841765153415377,-0.0002772655412858205,0.012727980973993303,0.05585968703348265,0.15841765153415377,False,True,True,True,0.005950078000264369,0.10912986467880637,0.16720914013429278,0.0002975039000132185,0.002728246616970159,0.002786819002238213,0.008679676055908202,0.0721919059753418,0.0700724601745605,-0.03770905297194771,-0.03770905297194771,-0.03770905297194771,-0.03770905297194771,-0.03770905297194771,-0.03770905297194771,False,False,False,weak,candidate_feature_label_only_not_live_rule,rolling_adjusted_close_asof_signal_date_including_signal_close,2021-03-12,benchmark_features_adjusted_close_pit_asof,False,True
2021-03-19,2021-03-19,28.81695938110352,29.232502460479736,29.172719860076903,28.11835994720459,25.62583352724711,-0.01421510457197439,-0.01219497121556512,0.024844956647920746,0.1245276900149761,-0.01421510457197439,-0.01219497121556512,0.024844956647920746,0.1245276900149761,False,False,True,True,-0.05379413659198595,0.027208080605898743,0.14751973682761443,-0.0026897068295992977,0.0006802020151474685,0.0024586622804602404,-0.08191576004028303,0.019082164764404386,0.06174287796020514,-0.043572188134191614,-0.0551404163804996,-0.0551404163804996,-0.043572188134191614,-0.0551404163804996,-0.0551404163804996,False,False,False,weak,candidate_feature_label_only_not_live_rule,rolling_adjusted_close_asof_signal_date_including_signal_close,2021-03-19,benchmark_features_adjusted_close_pit_asof,False,True
2021-03-26,2021-03-26,29.15329933166504,28.95746088027954,29.189116382598876,28.425719706217446,25.905606253941855,0.006762970420478576,-0.0012270686945217157,0.025595820720361706,0.1253664186001826,0.006762970420478576,-0.0012270686945217157,0.025595820720361706,0.1253664186001826,True,False,True,True,-0.0232642387119969,-0.004871497203466024,0.150213340758244,-0.001163211935599845,-0.00012178743008665061,0.0025035556793040667,-0.03471918106079101,-0.0035678863525390623,0.06345510482788086,-0.007754713331056928,-0.04411239564315039,-0.04411239564315039,-0.007754713331056928,-0.04411239564315039,-0.04411239564315039,False,False,False,weak,candidate_feature_label_only_not_live_rule,rolling_adjusted_close_asof_signal_date_including_signal_close,2021-03-26,benchmark_features_adjusted_close_pit_asof,False,True
2021-04-01,2021-04-01,29.457090377807617,29.03178176879883,29.154384326934814,28.708021958669026,26.16701014836629,0.014649759094905956,0.010382865488712811,0.026092651740932338,0.12573389969991422,0.014649759094905956,0.010382865488712811,0.026092651740932338,0.12573389969991422,True,True,True,True,0.02259874511155191,0.0011062471069265278,0.16610733428253854,0.0011299372555775955,2.7656177673163197e-05,0.0027684555713756425,0.03254909515380859,0.0008137702941894531,0.06993408203125,-0.0011038049448728326,-0.034151598684334816,-0.034151598684334816,-0.0011038049448728326,-0.034151598684334816,-0.034151598684334816,False,False,False,uptrend,candidate_feature_label_only_not_live_rule,rolling_adjusted_close_asof_signal_date_including_signal_close,2021-04-01,benchmark_features_adjusted_close_pit_asof,False,True
2021-04-09,2021-04-09,29.93448066711425,29.236299800872803,29.250676012039186,28.925777753194172,26.36649794578552,0.02388061659637941,0.023377396638410097,0.034872110355224306,0.13532258734797376,0.02388061659637941,0.023377396638410097,0.034872110355224306,0.13532258734797376,True,True,True,True,0.05024732621483863,0.05830446212703233,0.15918104857347393,0.0025123663107419316,0.0014576115531758083,0.0026530174762245656,0.07160825729370082,0.041229009628295635,0.06851104100545236,-0.002170084333322553,-0.018498774803337725,-0.018498774803337725,-0.002170084333322553,-0.018498774803337725,-0.018498774803337725,False,False,False,uptrend,candidate_feature_label_only_not_live_rule,rolling_adjusted_close_asof_signal_date_including_signal_close,2021-04-09,benchmark_features_adjusted_close_pit_asof,False,True
2021-04-16,2021-04-16,30.216577529907227,29.43593559265137,29.409082412719727,29.207158470153807,26.673896296819052,0.026520031435683045,0.027457338037797818,0.03456067322622025,0.1328145387410331,0.026520031435683045,0.027457338037797818,0.03456067322622025,0.1328145387410331,True,True,True,True,0.02881424825143597,0.042680685449394185,0.103838297213521,0.0014407124125717986,0.0010670171362348545,0.0017306382868920167,0.04231414794921875,0.030921840667724697,0.047374661763509116,0.0,-0.009249293593542873,-0.009249293593542873,0.0,-0.009249293593542873,-0.009249293593542873,True,False,False,uptrend,candidate_feature_label_only_not_live_rule,rolling_adjusted_close_asof_signal_date_including_signal_close,2021-04-16,benchmark_features_adjusted_close_pit_asof,False,True
2021-04-23,2021-04-23,30.194869995117188,29.70609407424927,29.411523199081422,29.36278912226359,26.991420857111613,0.01645372561085412,0.026634009763228716,0.02833793715538735,0.11868397573303513,0.01645372561085412,0.026634009763228716,0.02833793715538735,0.11868397573303513,True,True,True,True,0.041541639801571106,0.002521310564743473,0.060667911977766664,0.0020770819900785553,6.303276411858682e-05,0.001011131866296111,0.06021575927734375,0.001898479461669922,0.028784688313802084,-0.002509226003679421,-0.002509226003679421,-0.009961047113817845,-0.002509226003679421,-0.002509226003679421,-0.009961047113817845,False,False,False,uptrend,candidate_feature_label_only_not_live_rule,rolling_adjusted_close_asof_signal_date_including_signal_close,2021-04-23,benchmark_features_adjusted_close_pit_asof,False,True
2021-04-29,2021-04-29,30.509521484375,30.033756732940674,29.5067298412323,29.471377913157145,27.260294262568156,0.015841000367180502,0.033985184008477054,0.03522548468133846,0.1191926686671334,0.015841000367180502,0.033985184008477054,0.03522548468133846,0.1191926686671334,True,True,True,True,0.038021475846324426,0.05397312778944219,0.03953822956023845,0.0019010737923162214,0.0013493281947360547,0.0006589704926706408,0.05587635040283203,0.0390592098236084,0.01934019724527995,-0.004601758897554209,-0.004601758897554209,-0.004601758897554209,-0.004601758897554209,-0.004601758897554209,-0.004601758897554209,False,False,False,uptrend,candidate_feature_label_only_not_live_rule,rolling_adjusted_close_asof_signal_date_including_signal_close,2021-04-29,benchmark_features_adjusted_close_pit_asof,False,True
2021-05-07,2021-05-07,30.24912071228028,30.087462615966796,29.626077079772948,29.502118873596192,27.583323526382447,0.005372938834253604,0.021030244093056538,0.02532027756666122,0.09664524955986886,0.005372938834253604,0.021030244093056538,0.02532027756666122,0.09664524955986886,True,True,True,True,0.008318063205454918,0.057261902341319226,0.047726389120572144,0.0004159031602727459,0.0014315475585329807,0.0007954398186762023,0.012476921081543501,0.04095773696899432,0.022965304056803505,-0.013097548340123777,-0.013097548340123777,-0.013097548340123777,-0.013097548340123777,-0.013097548340123777,-0.013097548340123777,False,False,False,uptrend,candidate_feature_label_only_not_live_rule,rolling_adjusted_close_asof_signal_date_including_signal_close,2021-05-07,benchmark_features_adjusted_close_pit_asof,False,True
2021-05-14,2021-05-14,27.981523513793945,29.744067668914795,29.56884455680847,29.500129604339598,27.82715670267741,-0.059256997890805185,-0.05368221406030671,-0.05147794639933578,0.005547344012393651,-0.059256997890805185,-0.05368221406030671,-0.05147794639933578,0.005547344012393651,False,False,False,True,-0.07263584318908989,-0.04410678961904502,-0.04019359196845218,-0.0036317921594544943,-0.0011026697404761254,-0.000669893199474203,-0.10958271026611328,-0.03227806091308594,-0.01952959696451823,-0.08707977267812606,-0.08707977267812606,-0.08707977267812606,-0.08707977267812606,-0.08707977267812606,-0.08707977267812606,False,False,False,drawdown_risk,candidate_feature_label_only_not_live_rule,rolling_adjusted_close_asof_signal_date_including_signal_close,2021-05-14,benchmark_features_adjusted_close_pit_asof,False,True
2021-05-21,2021-05-21,28.719310760498047,29.300854873657226,29.473366594314577,29.37336810429891,28.029050827026367,-0.019847342873330787,-0.025584312922093733,-0.02226701893628391,0.02462658966696485,-0.019847342873330787,-0.025584312922093733,-0.02226701893628391,0.02462658966696485,False,False,False,True,-0.0402464209680915,-0.007870975436270689,-0.04681312189483844,-0.002012321048404575,-0.00019677438590676722,-0.0007802186982473074,-0.06021595001220703,-0.00569605827331543,-0.02350781758626302,-0.06300885671658973,-0.06300885671658973,-0.06300885671658973,-0.06300885671658973,-0.06300885671658973,-0.06300885671658973,False,False,False,drawdown_risk,candidate_feature_label_only_not_live_rule,rolling_adjusted_close_asof_signal_date_including_signal_close,2021-05-21,benchmark_features_adjusted_close_pit_asof,False,True
2021-05-28,2021-05-28,29.46794509887696,28.95149326324463,29.49262499809265,29.321650981903076,28.227543846766153,0.017838521520684214,-0.0008368159571177092,0.0049892864854088614,0.04394293952192063,0.017838521520684214,-0.0008368159571177092,0.0049892864854088614,0.04394293952192063,True,False,True,True,-0.03413938779837855,0.002584058139361467,0.0179911304507685,-0.0017069693899189275,6.460145348403667e-05,0.000299852174179475,-0.05207881927490199,0.0018987655639650213,0.008679866790771602,-0.025824737876965265,-0.03858404546437455,-0.03858404546437455,-0.025824737876965265,-0.03858404546437455,-0.03858404546437455,False,False,False,weak,candidate_feature_label_only_not_live_rule,rolling_adjusted_close_asof_signal_date_including_signal_close,2021-05-28,benchmark_features_adjusted_close_pit_asof,False,True
2021-06-04,2021-06-04,29.717485427856445,28.947695922851562,29.51757926940918,29.39995002746582,28.459330352147422,0.026592427496006765,0.006772444197497007,0.010800542180989359,0.04420887842900667,0.026592427496006765,0.006772444197497007,0.010800542180989359,0.04420887842900667,True,True,True,True,-0.017575231011855763,-0.009403359688807789,0.038680280167636694,-0.0008787615505927882,-0.0002350839922201947,0.0006446713361272782,-0.02658176422119176,-0.00705242156982413,0.018444569905598958,-0.01083436632505197,-0.030442586914212866,-0.030442586914212866,-0.01083436632505197,-0.030442586914212866,-0.030442586914212866,False,False,False,weak,candidate_feature_label_only_not_live_rule,rolling_adjusted_close_asof_signal_date_including_signal_close,2021-06-04,benchmark_features_adjusted_close_pit_asof,False,True
2021-06-11,2021-06-11,29.96703147888184,29.24552173614502,29.49479470252991,29.46107028325399,28.659979089101157,0.024670776922577353,0.016010851443947427,0.017173890519362578,0.0456054900011329,0.024670776922577353,0.016010851443947427,0.017173890519362578,0.0456054900011329,True,True,True,True,0.07095782201098189,-0.006832102410737062,0.023721310664672757,0.0035478911005490943,-0.00017080256026842655,0.00039535517774454593,0.09927539825439471,-0.0051536560058592865,0.011573092142740944,0.0,-0.022300941677595443,-0.022300941677595443,0.0,-0.022300941677595443,-0.022300941677595443,True,False,False,uptrend,candidate_feature_label_only_not_live_rule,rolling_adjusted_close_asof_signal_date_including_signal_close,2021-06-11,benchmark_features_adjusted_close_pit_asof,False,True
2021-06-18,2021-06-18,29.945331573486328,29.60519151687622,29.483131170272827,29.521105607350666,28.81973277727763,0.011489203047925223,0.015676774645955183,0.014370260104012766,0.039056531332454236,0.011489203047925223,0.015676774645955183,0.014370260104012766,0.039056531332454236,True,True,True,True,0.05747128759366227,0.0,0.03915653200811775,0.0028735643796831134,0.0,0.0006526088668019625,0.08137321472167987,0.0,0.01880620320638015,-0.006121791905414065,-0.02300891894540824,-0.02300891894540824,-0.006121791905414065,-0.02300891894540824,-0.02300891894540824,False,False,False,uptrend,candidate_feature_label_only_not_live_rule,rolling_adjusted_close_asof_signal_date_including_signal_close,2021-06-18,benchmark_features_adjusted_close_pit_asof,False,True
2021-06-25,2021-06-25,29.717485427856445,29.749493408203126,29.376532745361327,29.5769819577535,29.001350831985473,-0.0010759168200777935,0.011606294229837388,0.004750432965190177,0.024693146192388715,-0.0010759168200777935,0.011606294229837388,0.004750432965190177,0.024693146192388715,False,True,True,True,0.025458559794904634,-0.02457250095129171,0.019352392666534657,0.0012729279897452316,-0.0006143125237822927,0.0003225398777755776,0.03688907623291034,-0.018715715408325194,0.009403101603190104,-0.01368394957877861,-0.025960291016828396,-0.030442586914212866,-0.01368394957877861,-0.025960291016828396,-0.030442586914212866,False,False,False,weak,candidate_feature_label_only_not_live_rule,rolling_adjusted_close_asof_signal_date_including_signal_close,2021-06-25,benchmark_features_adjusted_close_pit_asof,False,True
2021-07-02,2021-07-02,30.01043128967285,29.797775077819825,29.38602638244629,29.61567948659261,29.198666540781655,0.007136647326777101,0.021248361350398426,0.013329148948243663,0.02780143222490694,0.007136647326777101,0.021248361350398426,0.013329148948243663,0.02780143222490694,True,True,True,True,0.005087236738948286,0.009857693462240524,0.0036284482744872726,0.0002543618369474143,0.00024644233655601313,6.047413790812121e-05,0.007594871520996094,0.007323646545410156,0.001808293660481771,-0.004677930711033618,-0.007890788789458147,-0.0208849871419704,-0.004677930711033618,-0.007890788789458147,-0.0208849871419704,False,False,False,uptrend,candidate_feature_label_only_not_live_rule,rolling_adjusted_close_asof_signal_date_including_signal_close,2021-07-02,benchmark_features_adjusted_close_pit_asof,False,True
2021-07-09,2021-07-09,29.891082763671875,29.918208026885985,29.532227182388304,29.63936824798584,29.371029663085938,-0.0009066473229190075,0.012151321302904527,0.008492573579166773,0.017706328533641846,-0.0009066473229190075,0.012151321302904527,0.008492573579166773,0.017706328533641846,False,True,True,True,0.0010901039070563279,0.08039219011604914,-0.0010876687531073959,5.4505195352816396e-05,0.002009804752901229,-1.8127812551789933e-05,0.0016274452209472656,0.05560503005981445,-0.000542449951171875,-0.014311151532762634,-0.014311151532762634,-0.024778831000530466,-0.014311151532762634,-0.014311151532762634,-0.024778831000530466,False,False,False,weak,candidate_feature_label_only_not_live_rule,rolling_adjusted_close_asof_signal_date_including_signal_close,2021-07-09,benchmark_features_adjusted_close_pit_asof,False,True
2021-07-16,2021-07-16,30.35761833190918,30.020195102691652,29.812693309783935,29.6621524810791,29.48815860748291,0.011239874626506774,0.018278288930923647,0.023446236791942354,0.029485046387590863,0.011239874626506774,0.018278288930923647,0.023446236791942354,0.029485046387590863,True,True,True,True,0.013767981076151736,0.07203053226982559,0.013767981076151736,0.0006883990538075868,0.0018007633067456397,0.00022946635126919562,0.02061433792114258,0.05099377632141122,0.006871445973714193,-0.013399270630789162,-0.013399270630789162,-0.013399270630789162,-0.013399270630789162,-0.013399270630789162,-0.013399270630789162,False,False,False,uptrend,candidate_feature_label_only_not_live_rule,rolling_adjusted_close_asof_signal_date_including_signal_close,2021-07-16,benchmark_features_adjusted_close_pit_asof,False,True
2021-07-23,2021-07-23,29.945772171020508,30.11028814315796,29.92989077568054,29.621117877960206,29.536577796936037,-0.005463779401753577,0.0005306198896279923,0.010960230954074168,0.013853818031922316,-0.005463779401753577,0.0005306198896279923,0.010960230954074168,0.013853818031922316,False,True,True,True,0.00768189972594624,0.03333602962436255,-0.017079364713669,0.00038409498629731197,0.0008334007406090638,-0.00028465607856115,0.011414337158203124,0.02415170669555673,-0.008672364552815755,-0.026783974209250716,-0.026783974209250716,-0.026783974209250716,-0.026783974209250716,-0.026783974209250716,-0.026783974209250716,False,False,False,weak,candidate_feature_label_only_not_live_rule,rolling_adjusted_close_asof_signal_date_including_signal_close,2021-07-23,benchmark_features_adjusted_close_pit_asof,False,True
2021-07-30,2021-07-30,29.597694396972656,30.013054752349852,29.90541491508484,29.59503583908081,29.5370947043101,-0.013839322881476268,-0.01028979263407459,8.983121041983289e-05,0.0020516470312739177,-0.013839322881476268,-0.01028979263407459,8.983121041983289e-05,0.0020516470312739177,False,False,True,True,-0.013753114332689553,-0.008735842942249494,-0.004030994855691916,-0.0006876557166344777,-0.00021839607355623737,-6.718324759486528e-05,-0.020636844635009765,-0.006520986557006836,-0.0019965171813964844,-0.03809625114738768,-0.03809625114738768,-0.03809625114738768,-0.03809625114738768,-0.03809625114738768,-0.03809625114738768,False,False,False,weak,candidate_feature_label_only_not_live_rule,rolling_adjusted_close_asof_signal_date_including_signal_close,2021-07-30,benchmark_features_adjusted_close_pit_asof,False,True
2021-08-06,2021-08-06,30.19596099853516,30.015478515625,29.96684327125549,29.69331096013387,29.606485080718993,0.006012980363321763,0.0076457077979728005,0.0169280562573888,0.019910364780183265,0.006012980363321763,0.0076457077979728005,0.0169280562573888,0.019910364780183265,True,True,True,True,0.010199638376225728,0.011300860948926461,0.09141179975973124,0.0005099819188112864,0.0002825215237231615,0.0015235299959955207,0.01524391174316424,0.008435678482055753,0.04215132395426438,-0.01865301752459758,-0.01865301752459758,-0.01865301752459758,-0.01865301752459758,-0.01865301752459758,-0.01865301752459758,False,False,False,uptrend,candidate_feature_label_only_not_live_rule,rolling_adjusted_close_asof_signal_date_including_signal_close,2021-08-06,benchmark_features_adjusted_close_pit_asof,False,True
2021-08-13,2021-08-13,29.51067352294922,29.86633892059326,29.943267011642455,29.83057518005371,29.61372555096944,-0.011908570333634239,-0.014447103868961086,-0.010723952024847105,-0.00347987381198811,-0.011908570333634239,-0.014447103868961086,-0.010723952024847105,-0.00347987381198811,False,False,False,False,-0.027898921440412505,-0.014515052186697353,0.04212203666830616,-0.0013949460720206253,-0.0003628763046674338,0.0007020339444717694,-0.04234724044799805,-0.010866451263427734,0.019880104064941465,-0.02585289937369617,-0.04092436687251455,-0.04092436687251455,-0.02585289937369617,-0.04092436687251455,-0.04092436687251455,False,False,False,drawdown_risk,candidate_feature_label_only_not_live_rule,rolling_adjusted_close_asof_signal_date_including_signal_close,2021-08-13,benchmark_features_adjusted_close_pit_asof,False,True
2021-08-20,2021-08-20,28.44468116760254,29.65262622833252,29.88145718574524,29.83746925989787,29.575220187505085,-0.04073652874549816,-0.04808252854643602,-0.04667916304038777,-0.0382258868314419,-0.04073652874549816,-0.04808252854643602,-0.04667916304038777,-0.0382258868314419,False,False,False,False,-0.050126976016688696,-0.042830146694067595,-0.018461980749798212,-0.0025063488008344346,-0.0010707536673516898,-0.00030769967916330354,-0.07505455017089843,-0.03182010650634766,-0.008917045593261659,-0.06104129863009489,-0.07556835059312073,-0.07556835059312073,-0.06104129863009489,-0.07556835059312073,-0.07556835059312073,False,False,False,drawdown_risk,candidate_feature_label_only_not_live_rule,rolling_adjusted_close_asof_signal_date_including_signal_close,2021-08-20,benchmark_features_adjusted_close_pit_asof,False,True
2021-08-27,2021-08-27,30.05455017089844,29.659696960449217,29.836375856399535,29.823508930206298,29.60250719388326,0.013312786404249266,0.007312359770133003,0.007746950274457376,0.015270428753027643,0.013312786404249266,0.007312359770133003,0.007746950274457376,0.015270428753027643,True,True,True,True,0.015435518990037034,0.0014701181998930668,0.00656483377815853,0.0007717759495018516,3.675295499732667e-05,0.00010941389630264216,0.02284278869628924,0.0011029720306397373,0.0032669385274251895,-0.007899535507362443,-0.02324876756538541,-0.02324876756538541,-0.007899535507362443,-0.02324876756538541,-0.02324876756538541,False,False,False,uptrend,candidate_feature_label_only_not_live_rule,rolling_adjusted_close_asof_signal_date_including_signal_close,2021-08-27,benchmark_features_adjusted_close_pit_asof,False,True
2021-09-03,2021-09-03,30.870361328125,29.76031360626221,29.887896060943604,29.898000049591065,29.673748620351155,0.03729959759661994,0.032871677055423376,0.03252261947023549,0.040325633376605774,0.03729959759661994,0.032871677055423376,0.03252261947023549,0.040325633376605774,True,True,True,True,0.022334123746634793,0.03276156210852599,0.03388737952243792,0.0011167061873317396,0.0008190390527131497,0.0005647896587072987,0.03372001647949201,0.024481964111328126,0.01686379114786784,0.0,0.0,0.0,0.0,0.0,0.0,True,True,True,uptrend,candidate_feature_label_only_not_live_rule,rolling_adjusted_close_asof_signal_date_including_signal_close,2021-09-03,benchmark_features_adjusted_close_pit_asof,False,True
2021-09-10,2021-09-10,30.88124084472656,29.994180297851564,29.93025960922241,29.96023810704549,29.74067185719808,0.02957442204008265,0.03177323711589608,0.03074083504912073,0.03835047819380133,0.02957442204008265,0.03177323711589608,0.03074083504912073,0.03835047819380133,True,True,True,True,0.046443105431379195,0.017248471441087876,0.031253929145633075,0.00232215527156896,0.0004312117860271969,0.0005208988190938846,0.068528366088867,0.01309056282043448,0.015598487854003846,-0.004209027818823374,-0.004209027818823374,-0.004209027818823374,-0.004209027818823374,-0.004209027818823374,-0.004209027818823374,False,False,False,uptrend,candidate_feature_label_only_not_live_rule,rolling_adjusted_close_asof_signal_date_including_signal_close,2021-09-10,benchmark_features_adjusted_close_pit_asof,False,True
2021-09-17,2021-09-17,30.565793991088867,30.39936761856079,30.025996923446655,30.054093996683758,29.81553797721863,0.00547466561200638,0.017977656795824748,0.017025966394514258,0.025163255965513498,0.00547466561200638,0.017977656795824748,0.017025966394514258,0.025163255965513498,True,True,True,True,0.074569752108953,0.020704819916728567,0.028545771993118807,0.0037284876054476503,0.0005176204979182141,0.0004757628665519801,0.1060556411743164,0.015500545501708984,0.014138476053873698,-0.014380870674322255,-0.014380870674322255,-0.014380870674322255,-0.014380870674322255,-0.014380870674322255,-0.014380870674322255,False,False,False,uptrend,candidate_feature_label_only_not_live_rule,rolling_adjusted_close_asof_signal_date_including_signal_close,2021-09-17,benchmark_features_adjusted_close_pit_asof,False,True
2021-09-24,2021-09-24,30.380878448486328,30.504879570007326,30.068147373199462,30.061909453074136,29.83327914873759,-0.004064960205347523,0.01040074306558747,0.010610403704065963,0.018355317128184723,-0.004064960205347523,0.01040074306558747,0.010610403704065963,0.018355317128184723,False,True,True,True,0.026460981757882474,0.04022351542157532,0.007608271680177303,0.0013230490878941236,0.001005587885539383,0.00012680452800295505,0.039159202575683595,0.029369306564330965,0.0038233439127604166,-0.020343624206974886,-0.020343624206974886,-0.020343624206974886,-0.020343624206974886,-0.020343624206974886,-0.020343624206974886,False,False,False,weak,candidate_feature_label_only_not_live_rule,rolling_adjusted_close_asof_signal_date_including_signal_close,2021-09-24,benchmark_features_adjusted_close_pit_asof,False,True
2021-10-01,2021-10-01,29.14083671569824,30.396104049682616,30.056454038619997,30.035886096954346,29.83482427597046,-0.04129698108457047,-0.030463251644564204,-0.029799333316384735,-0.023260990373292434,-0.04129698108457047,-0.030463251644564204,-0.029799333316384735,-0.023260990373292434,False,False,False,False,-0.050000040417087055,-0.03806120946896596,-0.033866422288558407,-0.002500002020854353,-0.0009515302367241491,-0.0005644403714759734,-0.07668647766113298,-0.0288255214691163,-0.017024834950765032,-0.06032978826194513,-0.06032978826194513,-0.06032978826194513,-0.06032978826194513,-0.06032978826194513,-0.06032978826194513,False,False,False,drawdown_risk,candidate_feature_label_only_not_live_rule,rolling_adjusted_close_asof_signal_date_including_signal_close,2021-10-01,benchmark_features_adjusted_close_pit_asof,False,True
2021-10-08,2021-10-08,29.19523048400879,29.980040073394775,29.934626054763793,29.942253144582114,29.79415596326192,-0.026177736502842497,-0.02470034432373802,-0.024948779137167088,-0.02010211264221229,-0.026177736502842497,-0.02470034432373802,-0.024948779137167088,-0.02010211264221229,False,False,False,False,-0.04585844700926067,-0.021865839003865184,-0.04239690478177538,-0.0022929223504630338,-0.0005466459750966296,-0.0007066150796962563,-0.07015981674194335,-0.01631622314453125,-0.021543153127034507,-0.054596587267822905,-0.05857581653202315,-0.05857581653202315,-0.054596587267822905,-0.05857581653202315,-0.05857581653202315,False,False,False,drawdown_risk,candidate_feature_label_only_not_live_rule,rolling_adjusted_close_asof_signal_date_including_signal_close,2021-10-08,benchmark_features_adjusted_close_pit_asof,False,True
2021-10-15,2021-10-15,29.64120483398437,29.642293548583986,29.890844202041627,29.86419413884481,29.760370540618897,-3.6728419743559115e-05,-0.00835170015172082,-0.007466777902116251,-0.004004174157438034,-3.6728419743559115e-05,-0.00835170015172082,-0.007466777902116251,-0.004004174157438034,False,False,False,False,-0.037782472298642844,0.014142169287336692,-0.00438440373108695,-0.0018891236149321422,0.0003535542321834173,-7.307339551811583e-05,-0.058194637298583984,0.010333633422851474,-0.0021755218505859967,-0.031971572076455845,-0.044195007361724215,-0.044195007361724215,-0.031971572076455845,-0.044195007361724215,-0.044195007361724215,False,False,False,drawdown_risk,candidate_feature_label_only_not_live_rule,rolling_adjusted_close_asof_signal_date_including_signal_close,2021-10-15,benchmark_features_adjusted_close_pit_asof,False,True
2021-10-22,2021-10-22,29.69559097290039,29.484025573730474,29.974872970581053,29.853860569000243,29.727901283899943,0.007175594073504543,-0.009317203711080468,-0.005301478371081969,-0.0010868682148460485,0.007175594073504543,-0.009317203711080468,-0.005301478371081969,-0.0010868682148460485,True,False,False,False,-0.010869604579529901,0.01298687440877,0.0007330161557941306,-0.000543480228976495,0.00032467186021925,1.2216935929902177e-05,-0.016316318511962892,0.009517717361450195,0.00036252339680983663,-0.025000170651125253,-0.042441281647894624,-0.042441281647894624,-0.025000170651125253,-0.042441281647894624,-0.042441281647894624,False,False,False,drawdown_risk,candidate_feature_label_only_not_live_rule,rolling_adjusted_close_asof_signal_date_including_signal_close,2021-10-22,benchmark_features_adjusted_close_pit_asof,False,True
2021-10-29,2021-10-29,29.54331016540528,29.405163478851318,29.938977003097534,29.858574199676514,29.72537064552307,0.004698041779407802,-0.013215776799966106,-0.010558576312550416,-0.006124750546893876,0.004698041779407802,-0.013215776799966106,-0.010558576312550416,-0.006124750546893876,True,False,False,False,-0.009120653284735547,-0.032419004493454695,-0.019140473340683473,-0.00045603266423677733,-0.0008104751123363674,-0.0003190078890113912,-0.013596725463866833,-0.02474637031555158,-0.009608459472656131,-0.01272251218129794,-0.04735170134581246,-0.04735170134581246,-0.01272251218129794,-0.04735170134581246,-0.04735170134581246,False,False,False,drawdown_risk,candidate_feature_label_only_not_live_rule,rolling_adjusted_close_asof_signal_date_including_signal_close,2021-10-29,benchmark_features_adjusted_close_pit_asof,False,True
2021-11-05,2021-11-05,30.043672561645508,29.57050132751465,29.810350608825683,29.8241286277771,29.797247298558553,0.016001461351302204,0.007826877177041558,0.007361285776642301,0.008270068057557589,0.016001461351302204,0.007826877177041558,0.007361285776642301,0.008270068057557589,True,True,True,True,0.02031769268762673,-0.026779368005852344,0.0032692558423903506,0.0010158846343813366,-0.0006694842001463086,5.448759737317251e-05,0.029913139343261362,-0.020667219161987306,0.0016316731770833334,0.0,-0.02712223538206948,-0.031217104957661057,0.0,-0.02712223538206948,-0.031217104957661057,True,False,False,uptrend,candidate_feature_label_only_not_live_rule,rolling_adjusted_close_asof_signal_date_including_signal_close,2021-11-05,benchmark_features_adjusted_close_pit_asof,False,True
2021-11-12,2021-11-12,30.391752243041992,29.9066162109375,29.774454879760743,29.89610153834025,29.873988771438597,0.016221695850935802,0.02073244886511283,0.016579108284941357,0.017331581516105032,0.016221695850935802,0.02073244886511283,0.016579108284941357,0.017331581516105032,True,True,True,True,0.02532108304170877,-0.013418082375528995,0.03982134737196019,0.0012660541520854384,-0.0003354520593882249,0.0006636891228660031,0.037527370452881036,-0.010333633422851474,0.019398212432861328,-0.0071073874144904625,-0.007460043866268862,-0.019992989771450587,-0.0071073874144904625,-0.007460043866268862,-0.019992989771450587,False,False,False,uptrend,candidate_feature_label_only_not_live_rule,rolling_adjusted_close_asof_signal_date_including_signal_close,2021-11-12,benchmark_features_adjusted_close_pit_asof,False,True
2021-11-19,2021-11-19,31.066162109375,30.200852870941162,29.842439222335816,30.050199604034425,29.938207451502482,0.028651814640189288,0.041006128149312815,0.03380884382558902,0.037676091987127736,0.028651814640189288,0.041006128149312815,0.03380884382558902,0.037676091987127736,True,True,True,True,0.046154027974232514,0.03478274736087017,0.05974029894776267,0.002307701398711626,0.0008695686840217542,0.000995671649129378,0.06852855682373046,0.02610611915588379,0.029187997182210285,0.0,0.0,0.0,0.0,0.0,0.0,True,True,True,uptrend,candidate_feature_label_only_not_live_rule,rolling_adjusted_close_asof_signal_date_including_signal_close,2021-11-19,benchmark_features_adjusted_close_pit_asof,False,True
2021-11-26,2021-11-26,30.05455017089844,30.398823738098145,29.901993608474733,30.092259248097736,29.969304879506428,-0.011325226599746108,0.0051018859953362306,-0.0012531155234440927,0.0028444200402628628,-0.011325226599746108,0.0051018859953362306,-0.0012531155234440927,0.0028444200402628628,False,True,False,True,0.01730476384098001,0.00802627980507653,-0.015675243869193722,0.0008652381920490005,0.00020065699512691326,-0.000261254064486562,0.025562000274658027,0.005982637405395596,-0.007976913452148378,-0.032563144907148955,-0.032563144907148955,-0.032563144907148955,-0.032563144907148955,-0.032563144907148955,-0.032563144907148955,False,False,False,weak,candidate_feature_label_only_not_live_rule,rolling_adjusted_close_asof_signal_date_including_signal_close,2021-11-26,benchmark_features_adjusted_close_pit_asof,False,True
2021-12-03,2021-12-03,30.837730407714844,30.57721529006958,30.073858308792115,30.065972169240315,29.99686377843221,0.008519909847050977,0.025399870248753897,0.02566882700916273,0.028031818109172324,0.008519909847050977,0.025399870248753897,0.02566882700916273,0.028031818109172324,True,True,True,True,0.026430119168688204,0.04728481089528169,-0.0010570307248211064,0.0013215059584344101,0.0011821202723820423,-1.761717874701844e-05,0.0397028923034668,0.03480801582336408,-0.0005438486735026042,-0.007353071192248151,-0.007353071192248151,-0.007353071192248151,-0.007353071192248151,-0.007353071192248151,-0.007353071192248151,False,False,False,uptrend,candidate_feature_label_only_not_live_rule,rolling_adjusted_close_asof_signal_date_including_signal_close,2021-12-03,benchmark_features_adjusted_close_pit_asof,False,True
2021-12-10,2021-12-10,30.88124084472656,30.687078189849853,30.296847200393678,30.078662649790445,30.0451713403066,0.006327179592514165,0.019288926021493236,0.026682642253102573,0.02782708392474187,0.006327179592514165,0.019288926021493236,0.026682642253102573,0.02782708392474187,True,True,True,True,0.016105968414395377,0.0418348720197923,0.002471774827944362,0.0008052984207197689,0.0010458718004948075,4.1196247132406034e-05,0.024474430084228338,0.031000900268554687,0.001269054412841797,-0.005952497897789399,-0.005952497897789399,-0.005952497897789399,-0.005952497897789399,-0.005952497897789399,-0.005952497897789399,False,False,False,uptrend,candidate_feature_label_only_not_live_rule,rolling_adjusted_close_asof_signal_date_including_signal_close,2021-12-10,benchmark_features_adjusted_close_pit_asof,False,True
2021-12-17,2021-12-17,30.870361328125,30.652270507812496,30.426561689376832,30.11238298416138,30.085234546661376,0.0071149972481456825,0.014585928021670469,0.025171649296646725,0.02609674789956884,0.0071149972481456825,0.014585928021670469,0.025171649296646725,0.02609674789956884,True,True,True,True,-0.006302702617743461,0.03956043024355638,0.028260819430282913,-0.00031513513088717303,0.0009890107560889094,0.00047101365717138187,-0.0097900390625,0.029369258880615236,0.014140733083089193,-0.003861224385291351,-0.006302702617743461,-0.006302702617743461,-0.003861224385291351,-0.006302702617743461,-0.006302702617743461,False,False,False,weak,candidate_feature_label_only_not_live_rule,rolling_adjusted_close_asof_signal_date_including_signal_close,2021-12-17,benchmark_features_adjusted_close_pit_asof,False,True
2021-12-24,2021-12-24,31.12054443359375,30.73276395797729,30.56579384803772,30.17891705830892,30.115913995107015,0.012617819736184366,0.01814939236697244,0.0312014965104781,0.033358789597086824,0.012617819736184366,0.01814939236697244,0.0312014965104781,0.033358789597086824,True,True,True,True,0.035468648062731756,0.053387188482195924,0.0437796091614675,0.0017734324031365878,0.0013346797120548982,0.0007296601526911251,0.05329971313476545,0.039430856704711734,0.021754995981852213,0.0,0.0,0.0,0.0,0.0,0.0,True,True,True,uptrend,candidate_feature_label_only_not_live_rule,rolling_adjusted_close_asof_signal_date_including_signal_close,2021-12-24,benchmark_features_adjusted_close_pit_asof,False,True
2021-12-30,2021-12-30,31.653539657592773,30.97913951873779,30.75832595825195,30.352413368225097,30.166158644358315,0.021769492288417958,0.02910476014058405,0.042867309217980765,0.0493062782958158,0.021769492288417958,0.02910476014058405,0.042867309217980765,0.0493062782958158,True,True,True,True,0.02609296471925937,0.06867427130449122,0.09398479364016876,0.0013046482359629686,0.0017168567826122804,0.001566413227336146,0.04024658203125,0.05085234642028809,0.045322863260904886,-0.00308357656676439,-0.00308357656676439,-0.00308357656676439,-0.00308357656676439,-0.00308357656676439,-0.00308357656676439,False,False,False,uptrend,candidate_feature_label_only_not_live_rule,rolling_adjusted_close_asof_signal_date_including_signal_close,2021-12-30,benchmark_features_adjusted_close_pit_asof,False,True
2022-01-07,2022-01-07,31.89284896850586,31.311447525024413,30.987025642395018,30.61438004175822,30.240374851226807,0.01856833488827969,0.029232341837660547,0.04176040556770366,0.05464463074312764,0.01856833488827969,0.029232341837660547,0.04176040556770366,0.05464463074312764,True,True,True,True,0.03239436350139524,0.052782693326943075,0.10433137183586938,0.001619718175069762,0.0013195673331735768,0.0017388561972644897,0.05003652572631854,0.03997478485107422,0.050217787424723305,-0.02005366162467126,-0.02005366162467126,-0.02005366162467126,-0.02005366162467126,-0.02005366162467126,-0.02005366162467126,False,False,False,uptrend,candidate_feature_label_only_not_live_rule,rolling_adjusted_close_asof_signal_date_including_signal_close,2022-01-07,benchmark_features_adjusted_close_pit_asof,False,True
2022-01-14,2022-01-14,32.69778823852539,31.747634983062746,31.20484776496887,30.84733994801839,30.350418996810912,0.029928316108256414,0.047843222463418655,0.0599872888108095,0.07734223510921323,0.029928316108256414,0.047843222463418655,0.0599872888108095,0.07734223510921323,True,True,True,True,0.05807819259648972,0.05510701332668955,0.1043351983219678,0.002903909629824486,0.0013776753331672387,0.0017389199720327967,0.08973951339721697,0.04269418716430664,0.0514869372049968,0.0,0.0,0.0,0.0,0.0,0.0,True,True,True,uptrend,candidate_feature_label_only_not_live_rule,rolling_adjusted_close_asof_signal_date_including_signal_close,2022-01-14,benchmark_features_adjusted_close_pit_asof,False,True
2022-01-21,2022-01-21,31.71417617797852,32.147695255279544,31.413579750061036,31.066807079315186,30.467494869232176,-0.013485230398587511,0.00956899628470076,0.020837966933987317,0.04091840547104875,-0.013485230398587511,0.00956899628470076,0.020837966933987317,0.04091840547104875,False,True,True,True,0.021932692197772274,0.037940205158988105,0.0629143778365795,0.0010966346098886138,0.0009485051289747026,0.0010485729639429916,0.03403244018554741,0.028981494903564543,0.03128627141316732,-0.04092945046748109,-0.04092945046748109,-0.04092945046748109,-0.04092945046748109,-0.04092945046748109,-0.04092945046748109,False,False,False,weak,candidate_feature_label_only_not_live_rule,rolling_adjusted_close_asof_signal_date_including_signal_close,2022-01-21,benchmark_features_adjusted_close_pit_asof,False,True
2022-01-26,2022-01-26,31.469623565673828,32.19196338653565,31.534699153900146,31.16840187708537,30.503516960144044,-0.022438513991474673,-0.0020636184892307563,0.009664328950080403,0.03167197431011326,-0.022438513991474673,-0.0020636184892307563,0.009664328950080403,0.03167197431011326,False,False,True,True,-0.004441987400772618,0.04822164440689858,0.06168503412496684,-0.00022209937003863088,0.0012055411101724645,0.0010280839020827806,-0.007020568847656605,0.03619265556335449,0.030473645528157612,-0.0483249825776777,-0.0483249825776777,-0.0483249825776777,-0.0483249825776777,-0.0483249825776777,-0.0483249825776777,False,False,False,weak,candidate_feature_label_only_not_live_rule,rolling_adjusted_close_asof_signal_date_including_signal_close,2022-01-26,benchmark_features_adjusted_close_pit_asof,False,True
2022-02-11,2022-02-11,32.22551727294922,32.165974617004395,31.68350796699524,31.326527690887453,30.5857524394989,0.0018511068498245908,0.017106985328726454,0.0286973899862919,0.05361204818138465,0.0018511068498245908,0.017106985328726454,0.0286973899862919,0.05361204818138465,True,True,True,True,-0.007842386517117883,0.044634404742804,0.05280135811792208,-0.00039211932585589415,0.0011158601185701001,0.0008800226352987014,-0.012736129760742187,0.03442273139953613,0.026936880747477274,-0.025465949785642872,-0.025465949785642872,-0.025465949785642872,-0.025465949785642872,-0.025465949785642872,-0.025465949785642872,False,False,False,weak,candidate_feature_label_only_not_live_rule,rolling_adjusted_close_asof_signal_date_including_signal_close,2022-02-11,benchmark_features_adjusted_close_pit_asof,False,True
2022-02-18,2022-02-18,32.03654861450195,32.09627571105957,31.822698068618774,31.442164039611818,30.697142378489175,-0.0018608731148528346,0.006720063315249325,0.01890406061558969,0.0436329290687123,-0.0018608731148528346,0.006720063315249325,0.01890406061558969,0.0436329290687123,False,True,True,True,-0.01530891671762169,0.05111004572876632,0.04292175940592302,-0.0007654458358810845,0.001277751143219158,0.0007153626567653837,-0.024903488159179688,0.03894429206848153,0.021974563598632812,-0.0311805637830036,-0.0311805637830036,-0.0311805637830036,-0.0311805637830036,-0.0311805637830036,-0.0311805637830036,False,False,False,weak,candidate_feature_label_only_not_live_rule,rolling_adjusted_close_asof_signal_date_including_signal_close,2022-02-18,benchmark_features_adjusted_close_pit_asof,False,True
2022-02-25,2022-02-25,30.791542053222656,31.761977100372313,31.89838900566101,31.479209009806315,30.783739964167278,-0.03055335768560452,-0.03469914898341486,-0.02184511549732515,0.00025344838101082345,-0.03055335768560452,-0.03469914898341486,-0.02184511549732515,0.00025344838101082345,False,False,False,True,-0.04688415484750397,-0.0022017695618816724,0.003101956453308352,-0.0023442077423751983,-5.504423904704181e-05,5.169927422180587e-05,-0.075732421875,-0.0016986370086669923,0.0015869776407877604,-0.05071977926149929,-0.06883089151646826,-0.06883089151646826,-0.05071977926149929,-0.06883089151646826,-0.06883089151646826,False,False,False,drawdown_risk,candidate_feature_label_only_not_live_rule,rolling_adjusted_close_asof_signal_date_including_signal_close,2022-02-25,benchmark_features_adjusted_close_pit_asof,False,True
2022-03-04,2022-03-04,30.780426025390625,31.587454414367677,31.893219184875488,31.52815580368042,30.805040725072224,-0.025549016340169928,-0.03489121474487511,-0.023716254859490027,-0.0007990477890057468,-0.025549016340169928,-0.03489121474487511,-0.023716254859490027,-0.0007990477890057468,False,False,False,False,-0.022590966653772027,-0.018476675679985788,0.0241519453914516,-0.0011295483326886012,-0.0004619168919996447,0.00040253242319086,-0.03557157516479492,-0.014485645294189452,0.012097930908203066,-0.04550145956380702,-0.06916705206693174,-0.06916705206693174,-0.04550145956380702,-0.06916705206693174,-0.06916705206693174,False,False,False,drawdown_risk,candidate_feature_label_only_not_live_rule,rolling_adjusted_close_asof_signal_date_including_signal_close,2022-03-04,benchmark_features_adjusted_close_pit_asof,False,True
2022-03-11,2022-03-11,29.880022048950195,31.06722221374512,31.622966480255126,31.45513089497884,30.761820570627847,-0.0382139142220983,-0.055116411434493306,-0.05007478275285382,-0.02866535547377891,-0.0382139142220983,-0.055116411434493306,-0.05007478275285382,-0.02866535547377891,False,False,False,False,-0.07342291460170658,-0.08190020194315051,-0.028314447090411643,-0.003671145730085329,-0.002047505048578763,-0.00047190745150686074,-0.11838617324829101,-0.06663708686828614,-0.014511489868164062,-0.07278378820525189,-0.09639622969525097,-0.09639622969525097,-0.07278378820525189,-0.09639622969525097,-0.09639622969525097,False,False,False,drawdown_risk,candidate_feature_label_only_not_live_rule,rolling_adjusted_close_asof_signal_date_including_signal_close,2022-03-11,benchmark_features_adjusted_close_pit_asof,False,True
2022-03-18,2022-03-18,30.25796890258789,30.535316944122314,31.328248071670533,31.367608165740968,30.724495108922323,-0.00908286107008327,-0.034163390389214676,-0.03537532276257527,-0.015184178118486158,-0.00908286107008327,-0.034163390389214676,-0.03537532276257527,-0.015184178118486158,False,False,False,False,-0.05813167985137091,-0.062137265888884685,-0.017066871020360308,-0.0029065839925685455,-0.0015534316472221171,-0.00028444785033933845,-0.09337539672851562,-0.050117874145507814,-0.008756256103515625,-0.055517207340773145,-0.08496671329923355,-0.08496671329923355,-0.055517207340773145,-0.08496671329923355,-0.08496671329923355,False,False,False,drawdown_risk,candidate_feature_label_only_not_live_rule,rolling_adjusted_close_asof_signal_date_including_signal_close,2022-03-18,benchmark_features_adjusted_close_pit_asof,False,True
2022-03-25,2022-03-25,30.724851608276367,30.282982063293456,31.060345792770384,31.36105244954427,30.73853061993917,0.014591348502580592,-0.010801366692192671,-0.020286335807494504,-0.00044501189181533896,0.014591348502580592,-0.010801366692192671,-0.020286335807494504,-0.00044501189181533896,True,False,False,False,-0.004322683919739445,-0.06033853470016848,0.004131741483873741,-0.00021613419598697224,-0.001508463367504212,6.886235806456235e-05,-0.006669521331787109,-0.049323415756225585,0.002107079823811849,-0.01601973840336124,-0.05277579581923897,-0.07084768177847156,-0.01601973840336124,-0.05277579581923897,-0.07084768177847156,False,False,False,drawdown_risk,candidate_feature_label_only_not_live_rule,rolling_adjusted_close_asof_signal_date_including_signal_close,2022-03-25,benchmark_features_adjusted_close_pit_asof,False,True
2022-04-01,2022-04-01,30.446945190429688,30.173489093780518,30.880471754074097,31.319975821177163,30.767938232421876,0.009062793361392707,-0.014038858185099312,-0.027874562730574426,-0.010432712116340004,0.009062793361392707,-0.014038858185099312,-0.027874562730574426,-0.010432712116340004,True,False,False,False,-0.010834185163189458,-0.03318039710121912,-0.02911068111765802,-0.0005417092581594729,-0.000829509927530478,-0.0004851780186276337,-0.016674041748046875,-0.0261228084564209,-0.015215110778808594,-0.011548184413539442,-0.05584267348888683,-0.0792518685808361,-0.011548184413539442,-0.05584267348888683,-0.0792518685808361,False,False,False,drawdown_risk,candidate_feature_label_only_not_live_rule,rolling_adjusted_close_asof_signal_date_including_signal_close,2022-04-01,benchmark_features_adjusted_close_pit_asof,False,True
2022-04-08,2022-04-08,29.913373947143555,30.250746345520025,30.757361221313477,31.235580857594808,30.793997112909953,-0.011152531396185994,-0.027440171739605446,-0.042330152798479626,-0.0285972347966873,-0.011152531396185994,-0.027440171739605446,-0.042330152798479626,-0.0285972347966873,False,False,False,False,0.015471885982834443,-0.058432376737924896,-0.05497539072322366,0.0007735942991417222,-0.0014608094184481225,-0.0009162565120537277,0.02278823852539045,-0.04640955924987793,-0.02900276184082031,-0.028870430073070552,-0.07238867491574252,-0.09538763268334216,-0.028870430073070552,-0.07238867491574252,-0.09538763268334216,False,False,False,weak,candidate_feature_label_only_not_live_rule,rolling_adjusted_close_asof_signal_date_including_signal_close,2022-04-08,benchmark_features_adjusted_close_pit_asof,False,True
2022-04-15,2022-04-15,29.40203094482422,30.226846981048585,30.47223401069641,31.024107138315838,30.81924359003703,-0.027287531403507037,-0.035120597508424445,-0.05228437957166221,-0.04598466672527146,-0.027287531403507037,-0.035120597508424445,-0.05228437957166221,-0.04598466672527146,False,False,False,False,0.00037821305881169387,-0.06898999838682685,-0.07809957731093009,1.8910652940584694e-05,-0.001724749959670671,-0.001301659621848835,0.0005558013916015625,-0.054468965530395506,-0.04151363372802734,-0.04547104191996454,-0.08477526749685127,-0.11085119104543972,-0.04547104191996454,-0.08477526749685127,-0.11085119104543972,False,False,False,drawdown_risk,candidate_feature_label_only_not_live_rule,rolling_adjusted_close_asof_signal_date_including_signal_close,2022-04-15,benchmark_features_adjusted_close_pit_asof,False,True
2022-04-22,2022-04-22,29.25752639770508,29.96172876358032,30.149311828613282,30.766809622446697,30.807074785232544,-0.02350339566291071,-0.029578964719912726,-0.04905556485260276,-0.05029845898482521,-0.02350339566291071,-0.029578964719912726,-0.04905556485260276,-0.05029845898482521,False,False,False,False,-0.047067244529605756,-0.07225938612378091,-0.10521390057713143,-0.002353362226480288,-0.0018064846530945228,-0.001753565009618857,-0.07225437164306622,-0.05696988105773917,-0.05733769734700515,-0.05016234283922083,-0.07486807885149616,-0.11522116284094641,-0.05016234283922083,-0.07486807885149616,-0.11522116284094641,False,False,False,drawdown_risk,candidate_feature_label_only_not_live_rule,rolling_adjusted_close_asof_signal_date_including_signal_close,2022-04-22,benchmark_features_adjusted_close_pit_asof,False,True
2022-04-29,2022-04-29,28.62390899658203,29.434825897216797,29.82277693748474,30.437866655985513,30.75233686765035,-0.02754957353803955,-0.040199742076863165,-0.059595426969477616,-0.06921190673178723,-0.02754957353803955,-0.040199742076863165,-0.059595426969477616,-0.06921190673178723,False,False,False,False,-0.07073255987117844,-0.07805221149130515,-0.09744119361808579,-0.003536627993558922,-0.0019513052872826286,-0.0016240198936347632,-0.10893754959106446,-0.06058259010314941,-0.0515044530232748,-0.06770449074648144,-0.08002856678712533,-0.1123748795329017,-0.06770449074648144,-0.08002856678712533,-0.1123748795329017,False,False,False,drawdown_risk,candidate_feature_label_only_not_live_rule,rolling_adjusted_close_asof_signal_date_including_signal_close,2022-04-29,benchmark_features_adjusted_close_pit_asof,False,True
2022-05-06,2022-05-06,28.15703582763672,29.061326026916504,29.644642066955566,30.222955862681072,30.711670684814454,-0.03111661864438786,-0.05018128523727594,-0.06835598888576366,-0.08318124023258977,-0.03111661864438786,-0.05018128523727594,-0.06835598888576366,-0.08318124023258977,False,False,False,False,-0.053437841798709695,-0.03431156870510299,-0.10997881599007198,-0.0026718920899354848,-0.0008577892176275748,-0.0018329802665011997,-0.07947978973388672,-0.025010967254638673,-0.05798883438110351,-0.062199139294440986,-0.08588947064190666,-0.1268525790280134,-0.062199139294440986,-0.08588947064190666,-0.1268525790280134,False,False,False,drawdown_risk,candidate_feature_label_only_not_live_rule,rolling_adjusted_close_asof_signal_date_including_signal_close,2022-05-06,benchmark_features_adjusted_close_pit_asof,False,True
2022-05-13,2022-05-13,27.201051712036133,28.474397087097167,29.350344133377074,29.842601013183593,30.594226853052774,-0.04471895826858563,-0.07322886612756185,-0.0885160546153635,-0.11090900114307223,-0.04471895826858563,-0.07322886612756185,-0.0885160546153635,-0.11090900114307223,False,False,False,False,-0.09067256137338608,-0.0706417780104095,-0.14260679144488875,-0.004533628068669304,-0.0017660444502602373,-0.0023767798574148126,-0.13561611175537108,-0.05168972015380868,-0.07540404001871745,-0.07834281712583702,-0.1169252356037801,-0.15328722278843165,-0.07834281712583702,-0.1169252356037801,-0.15328722278843165,False,False,False,drawdown_risk,candidate_feature_label_only_not_live_rule,rolling_adjusted_close_asof_signal_date_including_signal_close,2022-05-13,benchmark_features_adjusted_close_pit_asof,False,True
2022-05-20,2022-05-20,27.71238899230957,28.027530574798583,29.030756855010985,29.480031331380207,30.47071328163147,-0.011244001024206418,-0.04541279682392618,-0.05996066690706192,-0.0905237847183803,-0.011244001024206418,-0.04541279682392618,-0.05996066690706192,-0.0905237847183803,False,False,False,False,-0.06101710184745246,-0.08881586229581606,-0.133170988161733,-0.003050855092372623,-0.0022203965573954015,-0.0022195164693622166,-0.09004049301147461,-0.06753025054931641,-0.07095759709676107,-0.052811621337773396,-0.10032480952155376,-0.1237257955586778,-0.052811621337773396,-0.10032480952155376,-0.1237257955586778,False,False,False,drawdown_risk,candidate_feature_label_only_not_live_rule,rolling_adjusted_close_asof_signal_date_including_signal_close,2022-05-20,benchmark_features_adjusted_close_pit_asof,False,True
2022-05-27,2022-05-27,27.90136337280273,27.7774188041687,28.66059112548828,29.18137928644816,30.335788106918336,0.004462062134276801,-0.02649030333538227,-0.04386413339412876,-0.08024926616494976,0.004462062134276801,-0.02649030333538227,-0.04386413339412876,-0.08024926616494976,True,False,False,False,-0.01258845350130533,-0.082937503824137,-0.10644350115989154,-0.0006294226750652665,-0.002073437595603425,-0.001774058352664859,-0.01778564453125,-0.06308374404907235,-0.05539509455362961,-0.02901346929474613,-0.09418980752613182,-0.10325115784375938,-0.02901346929474613,-0.09418980752613182,-0.10325115784375938,False,False,False,drawdown_risk,candidate_feature_label_only_not_live_rule,rolling_adjusted_close_asof_signal_date_including_signal_close,2022-05-27,benchmark_features_adjusted_close_pit_asof,False,True
2022-06-02,2022-06-02,28.41270446777344,27.79631605148315,28.468560934066772,29.04520737330119,30.28475807507833,0.02217518375991423,-0.0019620403863298552,-0.021776498180872128,-0.061815042493122085,0.02217518375991423,-0.0019620403863298552,-0.021776498180872128,-0.061815042493122085,True,False,False,False,-0.01121844941781025,-0.0620182446419153,-0.046268565553718055,-0.0005609224708905125,-0.0015504561160478824,-0.0007711427592286342,-0.016118144989013494,-0.0469653606414794,-0.0229731877644855,-0.015408247166473932,-0.05368381572688341,-0.0775892576007935,-0.015408247166473932,-0.05368381572688341,-0.0775892576007935,False,False,False,drawdown_risk,candidate_feature_label_only_not_live_rule,rolling_adjusted_close_asof_signal_date_including_signal_close,2022-06-02,benchmark_features_adjusted_close_pit_asof,False,True
2022-06-10,2022-06-10,28.25707626342773,28.01585817337036,28.31293568611145,28.939975293477378,30.18948154449463,0.00861005536809345,-0.0019729293812199566,-0.023597084072271568,-0.06400922381587881,0.00861005536809345,-0.0019729293812199566,-0.023597084072271568,-0.06400922381587881,True,False,False,False,0.048247332053677594,-0.05886718321197271,-0.054315414589176436,0.00241236660268388,-0.0014716795802993178,-0.0009052569098196072,0.0650289535522461,-0.04418649673461923,-0.027049096425374407,-0.020801265866291052,-0.05536980504581246,-0.08264168503414826,-0.020801265866291052,-0.05536980504581246,-0.08264168503414826,False,False,False,neutral,candidate_feature_label_only_not_live_rule,rolling_adjusted_close_asof_signal_date_including_signal_close,2022-06-10,benchmark_features_adjusted_close_pit_asof,False,True
2022-06-17,2022-06-17,26.86756706237793,27.95249671936035,28.035033893585204,28.716356976826987,30.041809940338133,-0.03881333634970008,-0.04164313963873634,-0.06438107438004625,-0.10566084015124677,-0.03881333634970008,-0.04164313963873634,-0.06438107438004625,-0.10566084015124677,False,False,False,False,-0.01987021076382578,-0.08895580812425186,-0.11788321423856873,-0.000993510538191289,-0.0022238952031062966,-0.001964720237309479,-0.027234363555908202,-0.06558480262756347,-0.05984156926472982,-0.06895223654884874,-0.08964232590915933,-0.12775172428312642,-0.06895223654884874,-0.08964232590915933,-0.12775172428312642,False,False,False,drawdown_risk,candidate_feature_label_only_not_live_rule,rolling_adjusted_close_asof_signal_date_including_signal_close,2022-06-17,benchmark_features_adjusted_close_pit_asof,False,True
2022-06-24,2022-06-24,26.26729965209961,27.697938537597658,27.746571493148803,28.381762758890787,29.867506615320842,-0.051651457149277546,-0.05331368026548633,-0.0745007674383723,-0.12053925389856512,-0.051651457149277546,-0.05331368026548633,-0.0745007674383723,-0.12053925389856512,False,False,False,False,-0.03864926453157114,-0.06637681900233205,-0.13569869893176978,-0.0019324632265785568,-0.0016594204750583013,-0.002261644982196163,-0.052801322937011716,-0.0466874599456788,-0.06873448689778652,-0.08975343631936417,-0.08975343631936417,-0.14723924290990442,-0.08975343631936417,-0.08975343631936417,-0.14723924290990442,False,False,False,drawdown_risk,candidate_feature_label_only_not_live_rule,rolling_adjusted_close_asof_signal_date_including_signal_close,2022-06-24,benchmark_features_adjusted_close_pit_asof,False,True
2022-07-01,2022-07-01,24.79997444152832,27.098781681060792,27.447548866271973,28.011967849731445,29.65498253504435,-0.08483064908925764,-0.09645941200953789,-0.11466503979419351,-0.16371643745797837,-0.08483064908925764,-0.09645941200953789,-0.11466503979419351,-0.16371643745797837,False,False,False,False,-0.12715192354683413,-0.1369439255419569,-0.18128442908753173,-0.0063575961773417065,-0.0034235981385489223,-0.003021407151458862,-0.18063650131225603,-0.09837732315063477,-0.09152240753173828,-0.13392866182641705,-0.14060098244760588,-0.17400973884071047,-0.13392866182641705,-0.14060098244760588,-0.17400973884071047,False,False,False,drawdown_risk,candidate_feature_label_only_not_live_rule,rolling_adjusted_close_asof_signal_date_including_signal_close,2022-07-01,benchmark_features_adjusted_close_pit_asof,False,True
2022-07-08,2022-07-08,25.177921295166016,26.156693744659425,27.08627595901489,27.59418837229411,29.348756949106853,-0.037419578294112577,-0.07045467109382142,-0.08756434668519342,-0.14211285544983754,-0.037419578294112577,-0.07045467109382142,-0.08756434668519342,-0.14211285544983754,False,False,False,False,-0.10896934061953789,-0.06597948852640145,-0.16142180569277242,-0.005448467030976895,-0.0016494872131600363,-0.002690363428212874,-0.15395774841308577,-0.044464397430419834,-0.08077691396077474,-0.08336714450890659,-0.12750390626032748,-0.15830553451927576,-0.08336714450890659,-0.12750390626032748,-0.15830553451927576,False,False,False,drawdown_risk,candidate_feature_label_only_not_live_rule,rolling_adjusted_close_asof_signal_date_including_signal_close,2022-07-08,benchmark_features_adjusted_close_pit_asof,False,True
2022-07-15,2022-07-15,25.67814826965332,25.620342922210693,26.78641982078552,27.230136903127036,29.053680356343587,0.002256228482894862,-0.041374381442054964,-0.056995256358607915,-0.11618259873755554,0.002256228482894862,-0.041374381442054964,-0.056995256358607915,-0.11618259873755554,True,False,False,False,-0.0442696873134496,-0.06326025005990854,-0.12928744962732563,-0.00221348436567248,-0.0015815062514977136,-0.002154790827122094,-0.05947093963623047,-0.04335265159606934,-0.06354684829711914,-0.05482803308326023,-0.11016942991071788,-0.12994357548456015,-0.05482803308326023,-0.11016942991071788,-0.12994357548456015,False,False,False,drawdown_risk,candidate_feature_label_only_not_live_rule,rolling_adjusted_close_asof_signal_date_including_signal_close,2022-07-15,benchmark_features_adjusted_close_pit_asof,False,True
2022-07-22,2022-07-22,26.37825393676757,25.49061632156372,26.59427742958069,26.994586435953774,28.77680918375651,0.03482213234887355,-0.008122931460917804,-0.022831707410983615,-0.08335028500459452,0.03482213234887355,-0.008122931460917804,-0.022831707410983615,-0.08335028500459452,True,False,False,False,0.004224046100570256,-0.03458847470613535,-0.06243315164523677,0.00021120230502851277,-0.0008647118676533838,-0.001040552527420613,0.005547714233398083,-0.023626804351806818,-0.02927573521931984,-0.01902383316782552,-0.0859085128714916,-0.0859085128714916,-0.01902383316782552,-0.0859085128714916,-0.0859085128714916,False,False,False,neutral,candidate_feature_label_only_not_live_rule,rolling_adjusted_close_asof_signal_date_including_signal_close,2022-07-22,benchmark_features_adjusted_close_pit_asof,False,True
2022-07-29,2022-07-29,26.649263381958008,25.560587215423585,26.329684448242187,26.81856164932251,28.549753173192343,0.04259198575365675,0.012137590723657832,-0.0063127273407961315,-0.06656764349958921,0.04259198575365675,0.012137590723657832,-0.0063127273407961315,-0.06656764349958921,True,True,False,False,0.0745681792854187,-0.062065231692941536,-0.07258740544839981,0.003728408964270935,-0.0015516307923235384,-0.0012097900908066635,0.09246444702148438,-0.04408602714538583,-0.034763399759928384,0.0,-0.06934729900752679,-0.07651716242904616,0.0,-0.06934729900752679,-0.07651716242904616,True,False,False,neutral,candidate_feature_label_only_not_live_rule,rolling_adjusted_close_asof_signal_date_including_signal_close,2022-07-29,benchmark_features_adjusted_close_pit_asof,False,True
2022-08-05,2022-08-05,27.040889739990234,26.00578727722168,26.081240510940553,26.726113065083823,28.322059059143065,0.03980277358014073,0.036794615986426304,0.011777869611636405,-0.04523574068105185,0.03980277358014073,0.036794615986426304,0.011777869611636405,-0.04523574068105185,True,True,True,False,0.07399214665040255,-0.04304006940065375,0.0031306941330371263,0.0036996073325201275,-0.0010760017350163436,5.217823555061877e-05,0.09314842224121093,-0.030404663085937412,0.0014065424601237572,0.0,-0.015543511840832247,-0.06294604734043818,0.0,-0.015543511840832247,-0.06294604734043818,True,False,False,uptrend,candidate_feature_label_only_not_live_rule,rolling_adjusted_close_asof_signal_date_including_signal_close,2022-08-05,benchmark_features_adjusted_close_pit_asof,False,True
2022-08-12,2022-08-12,27.33505821228028,26.484242820739745,26.05229287147522,26.685694154103597,28.118341541290285,0.03212534325785077,0.04923809766508369,0.02433378927401164,-0.02785666885295468,0.03212534325785077,0.04923809766508369,0.02433378927401164,-0.02785666885295468,True,True,True,False,0.06452606804927252,0.017399831879715277,-0.0028161172108156496,0.003226303402463626,0.00043499579699288193,-4.6935286846927494e-05,0.082845497131348,0.01168727874755877,-0.0012866020202635534,0.0,0.0,-0.05275216199281385,0.0,0.0,-0.05275216199281385,True,True,False,uptrend,candidate_feature_label_only_not_live_rule,rolling_adjusted_close_asof_signal_date_including_signal_close,2022-08-12,benchmark_features_adjusted_close_pit_asof,False,True
2022-08-19,2022-08-19,27.504772186279297,26.863012409210206,26.176814365386964,26.68385575612386,27.960315068562824,0.02389008973725737,0.05073030668881784,0.030764535592538556,-0.01629248029453423,0.02389008973725737,0.05073030668881784,0.030764535592538556,-0.01629248029453423,True,True,True,False,0.04270632363355631,0.047110763213940476,0.006640702332629589,0.0021353161816778155,0.0011777690803485119,0.00011067837221049315,0.05632591247558629,0.030936813354492186,0.0030241012573242188,-0.004911947635334313,-0.004911947635334313,-0.046871025991502724,-0.004911947635334313,-0.004911947635334313,-0.046871025991502724,False,False,False,uptrend,candidate_feature_label_only_not_live_rule,rolling_adjusted_close_asof_signal_date_including_signal_close,2022-08-19,benchmark_features_adjusted_close_pit_asof,False,True
2022-08-26,2022-08-26,27.06351852416992,26.998122119903563,26.279354667663576,26.552497005462648,27.79885218938192,0.0024222575176124916,0.02983954006569456,0.01924570478633858,-0.026451943418472124,0.0024222575176124916,0.02983954006569456,0.01924570478633858,-0.026451943418472124,True,True,True,False,0.01554471267270996,0.09127203287964791,-0.047485305213863405,0.000777235633635498,0.002281800821991198,-0.0007914217535643901,0.020712757110595524,0.05658860206603995,-0.022486432393392045,-0.020875949963855223,-0.020875949963855223,-0.05488057017251724,-0.020875949963855223,-0.020875949963855223,-0.05488057017251724,False,False,False,uptrend,candidate_feature_label_only_not_live_rule,rolling_adjusted_close_asof_signal_date_including_signal_close,2022-08-26,benchmark_features_adjusted_close_pit_asof,False,True
2022-09-02,2022-09-02,25.7737045288086,26.93793067932129,26.471858978271484,26.366803900400797,27.653389596939085,-0.04321884128265274,-0.0263734575662381,-0.02249417008722776,-0.06797304401115967,-0.04321884128265274,-0.0263734575662381,-0.02249417008722776,-0.06797304401115967,False,False,False,False,-0.0468618164330451,0.023662923823539517,-0.08788495000217988,-0.002343090821652255,0.0005915730955884879,-0.001464749166702998,-0.06335926055908167,0.01489458084106463,-0.041389528910318836,-0.06753979752689887,-0.06753979752689887,-0.06753979752689887,-0.06753979752689887,-0.06753979752689887,-0.06753979752689887,False,False,False,drawdown_risk,candidate_feature_label_only_not_live_rule,rolling_adjusted_close_asof_signal_date_including_signal_close,2022-09-02,benchmark_features_adjusted_close_pit_asof,False,True
2022-09-08,2022-09-08,25.57004737854004,26.687887382507324,26.54464235305786,26.256366189320882,27.5162823677063,-0.04188566850368147,-0.036715317597999175,-0.02613913920274258,-0.07073030299508787,-0.04188566850368147,-0.036715317597999175,-0.02613913920274258,-0.07073030299508787,False,False,False,False,-0.058725442451530885,0.008892674119259203,-0.06111213867342957,-0.002936272122576544,0.00022231685298148006,-0.0010185356445571595,-0.07976484298706055,0.0056345462799072266,-0.027739206949869793,-0.07490785699084801,-0.07490785699084801,-0.07490785699084801,-0.07490785699084801,-0.07490785699084801,-0.07490785699084801,False,False,False,drawdown_risk,candidate_feature_label_only_not_live_rule,rolling_adjusted_close_asof_signal_date_including_signal_close,2022-09-08,benchmark_features_adjusted_close_pit_asof,False,True
2022-09-16,2022-09-16,25.468217849731445,26.27096004486084,26.538823270797728,26.187571716308593,27.319034481048583,-0.03055625655699734,-0.04034110367826049,-0.027469284833658847,-0.06774824463877238,-0.03055625655699734,-0.04034110367826049,-0.027469284833658847,-0.06774824463877238,False,False,False,False,-0.07251748717570072,-0.03076524628609012,-0.028365167328858742,-0.0036258743587850363,-0.000769131157152253,-0.0004727527888143124,-0.09956474304199218,-0.02021017074584961,-0.01239166259765625,-0.07404367223095132,-0.07859192122555947,-0.07859192122555947,-0.07404367223095132,-0.07859192122555947,-0.07859192122555947,False,False,False,drawdown_risk,candidate_feature_label_only_not_live_rule,rolling_adjusted_close_asof_signal_date_including_signal_close,2022-09-16,benchmark_features_adjusted_close_pit_asof,False,True
2022-09-23,2022-09-23,24.82330894470215,25.829141426086426,26.403275394439696,26.091557852427165,27.097524054845174,-0.03894176987115905,-0.05983978980389204,-0.04860763450378025,-0.08392704460894773,-0.03894176987115905,-0.05983978980389204,-0.04860763450378025,-0.08392704460894773,False,False,False,False,-0.0781513108009374,-0.059753022094270136,-0.03579495281904421,-0.00390756554004687,-0.0014938255523567535,-0.0005965825469840702,-0.10522193908691406,-0.03943824768066406,-0.015358924865722656,-0.08277599150557902,-0.1019239140125553,-0.1019239140125553,-0.08277599150557902,-0.1019239140125553,-0.1019239140125553,False,False,False,drawdown_risk,candidate_feature_label_only_not_live_rule,rolling_adjusted_close_asof_signal_date_including_signal_close,2022-09-23,benchmark_features_adjusted_close_pit_asof,False,True
2022-09-30,2022-09-30,23.409040451049805,25.185364627838133,26.093327283859253,26.033097807566325,26.854031546910605,-0.07053001626289357,-0.10287253915946115,-0.10079696914724678,-0.12828580654055,-0.07053001626289357,-0.10287253915946115,-0.10079696914724678,-0.12828580654055,False,False,False,False,-0.10160652771291423,-0.11239804811273524,-0.06071738443810126,-0.005080326385645711,-0.0028099512028183808,-0.0010119564073016877,-0.13237581253051775,-0.07410783767700195,-0.025220235188802082,-0.10818970578660747,-0.15309036874041004,-0.15309036874041004,-0.10818970578660747,-0.15309036874041004,-0.15309036874041004,False,False,False,drawdown_risk,candidate_feature_label_only_not_live_rule,rolling_adjusted_close_asof_signal_date_including_signal_close,2022-09-30,benchmark_features_adjusted_close_pit_asof,False,True
2022-10-07,2022-10-07,24.03131675720215,24.73619146347046,25.71203942298889,25.94182538986206,26.617754570643108,-0.02849568444314654,-0.06536714720046766,-0.07364588281465068,-0.09716964692031382,-0.02849568444314654,-0.06536714720046766,-0.07364588281465068,-0.09716964692031382,False,False,False,False,-0.06017707353289026,-0.11536859071576377,-0.0518195345180098,-0.0030088536766445127,-0.002884214767894094,-0.0008636589086334967,-0.07693653106689453,-0.07835068702697753,-0.021889146169026694,-0.08448294955146007,-0.13057719490540876,-0.13057719490540876,-0.08448294955146007,-0.13057719490540876,-0.13057719490540876,False,False,False,drawdown_risk,candidate_feature_label_only_not_live_rule,rolling_adjusted_close_asof_signal_date_including_signal_close,2022-10-07,benchmark_features_adjusted_close_pit_asof,False,True
2022-10-14,2022-10-14,23.046985626220703,24.089586067199708,25.23005542755127,25.735884316762288,26.400360266367596,-0.04328013101057826,-0.08652655590073144,-0.10448052444773592,-0.12702003329927591,-0.04328013101057826,-0.08652655590073144,-0.10448052444773592,-0.12702003329927591,False,False,False,False,-0.10540175362092441,-0.16618905678074014,-0.11299861289246571,-0.005270087681046221,-0.004154726419518503,-0.0018833102148744286,-0.13577003479003907,-0.11483888626098641,-0.04893411000569661,-0.09907119750438431,-0.16207320423771232,-0.16618905678074014,-0.09907119750438431,-0.16207320423771232,-0.16618905678074014,False,False,False,drawdown_risk,candidate_feature_label_only_not_live_rule,rolling_adjusted_close_asof_signal_date_including_signal_close,2022-10-14,benchmark_features_adjusted_close_pit_asof,False,True
2022-10-21,2022-10-21,22.37944793701172,23.392632579803468,24.663497972488404,25.426019954681397,26.156438048680624,-0.04331212570176923,-0.09260851960352479,-0.11982103463695071,-0.14440001748859776,-0.04331212570176923,-0.09260851960352479,-0.11982103463695071,-0.14440001748859776,False,False,False,False,-0.1069976991632553,-0.16115353581946723,-0.1508677727488158,-0.005349884958162765,-0.004028838395486681,-0.00251446287914693,-0.13407297134399415,-0.10748472213745126,-0.06627035140991211,-0.09845025146061381,-0.17307692578756695,-0.19033973050878294,-0.09845025146061381,-0.17307692578756695,-0.19033973050878294,False,False,False,drawdown_risk,candidate_feature_label_only_not_live_rule,rolling_adjusted_close_asof_signal_date_including_signal_close,2022-10-21,benchmark_features_adjusted_close_pit_asof,False,True
2022-10-28,2022-10-28,22.11922073364257,22.87953462600708,24.098637533187866,25.071468289693197,25.908412345250447,-0.03323117820326038,-0.08213812074725413,-0.11775327722885243,-0.14625333120045525,-0.03323117820326038,-0.08213812074725413,-0.11775327722885243,-0.14625333120045525,False,False,False,False,-0.06816022334246696,-0.16879253303623454,-0.1591398006952185,-0.003408011167123348,-0.004219813325905863,-0.002652330011586975,-0.08089647293090874,-0.1122932434082033,-0.06977078119913749,-0.09490746811021433,-0.157327751580005,-0.1997544233198758,-0.09490746811021433,-0.157327751580005,-0.1997544233198758,False,False,False,drawdown_risk,candidate_feature_label_only_not_live_rule,rolling_adjusted_close_asof_signal_date_including_signal_close,2022-10-28,benchmark_features_adjusted_close_pit_asof,False,True
2022-11-04,2022-11-04,22.36813163757324,22.54576587677002,23.679446935653687,24.70884869893392,25.704418738683064,-0.00787882922974048,-0.05537778401851212,-0.09473193550542369,-0.1297943024904502,-0.00787882922974048,-0.05537778401851212,-0.09473193550542369,-0.1297943024904502,False,False,False,False,-0.08472232628417664,-0.11898394707537463,-0.16157770346642153,-0.004236116314208832,-0.0029745986768843656,-0.0026929617244403586,-0.10352487564086932,-0.07552213668823252,-0.07184508641560884,-0.06920907149752653,-0.14784503455315756,-0.19074913998478038,-0.06920907149752653,-0.14784503455315756,-0.19074913998478038,False,False,False,drawdown_risk,candidate_feature_label_only_not_live_rule,rolling_adjusted_close_asof_signal_date_including_signal_close,2022-11-04,benchmark_features_adjusted_close_pit_asof,False,True
2022-11-11,2022-11-11,24.6649112701416,22.67248468399048,23.381035375595093,24.377531846364338,25.530918502807616,0.08787861647814976,0.05491099405660216,0.011788700578402533,-0.033919940348827615,0.08787861647814976,0.05491099405660216,0.011788700578402533,-0.033919940348827615,True,True,True,False,0.0702011824956481,-0.04259989886658011,-0.10765454258893647,0.003510059124782405,-0.0010649974716645028,-0.0017942423764822745,0.08089628219604492,-0.02743687629699707,-0.049593830108642635,0.0,-0.03582493022480393,-0.10324975233041034,0.0,-0.03582493022480393,-0.10324975233041034,True,False,False,drawdown_risk,candidate_feature_label_only_not_live_rule,rolling_adjusted_close_asof_signal_date_including_signal_close,2022-11-11,benchmark_features_adjusted_close_pit_asof,False,True
2022-11-18,2022-11-18,25.8528995513916,23.454294204711914,23.42346339225769,24.26043004989624,25.432582473754884,0.10226721493916502,0.1037180590440323,0.06564061305674063,0.016526716391088492,0.10226721493916502,0.1037180590440323,0.06564061305674063,0.016526716391088492,True,True,True,True,0.15520720726248993,0.031602694028593836,-0.030958518791992407,0.007760360363124497,0.0007900673507148459,-0.0005159753131998735,0.17367258071899414,0.0197998046875,-0.013765621185302794,-0.0039233516363796905,-0.0039233516363796905,-0.04473250481814239,-0.0039233516363796905,-0.0039233516363796905,-0.04473250481814239,False,False,False,uptrend,candidate_feature_label_only_not_live_rule,rolling_adjusted_close_asof_signal_date_including_signal_close,2022-11-18,benchmark_features_adjusted_close_pit_asof,False,True
2022-11-25,2022-11-25,26.40729522705078,24.4499418258667,23.66473822593689,24.21573896408081,25.332712332407635,0.08005554430862949,0.11589213347426797,0.09050131677669238,0.042418785661117564,0.08005554430862949,0.11589213347426797,0.09050131677669238,0.042418785661117564,True,True,True,True,0.19386191516621554,0.11248802038842087,-0.007653061590180199,0.009693095758310778,0.002812200509710522,-0.00012755102650300332,0.21440372467041052,0.0667536258697509,-0.0033942540486653645,0.0,0.0,0.0,0.0,0.0,0.0,True,True,True,uptrend,candidate_feature_label_only_not_live_rule,rolling_adjusted_close_asof_signal_date_including_signal_close,2022-11-25,benchmark_features_adjusted_close_pit_asof,False,True
2022-12-02,2022-12-02,26.54306602478028,25.417870235443115,23.98181805610657,24.25892136891683,25.271513382593792,0.04426790202776987,0.10679957468952339,0.09415689267990879,0.050315650785769384,0.04426790202776987,0.10679957468952339,0.09415689267990879,0.050315650785769384,True,True,True,True,0.18664654048235874,0.08611108509562282,0.04545465131242943,0.009332327024117936,0.0021527771273905706,0.0007575775218738238,0.2087467193603521,0.05261092185974139,0.01923414866129569,-0.008872013600952577,-0.008872013600952577,-0.008872013600952577,-0.008872013600952577,-0.008872013600952577,-0.008872013600952577,False,False,False,uptrend,candidate_feature_label_only_not_live_rule,rolling_adjusted_close_asof_signal_date_including_signal_close,2022-12-02,benchmark_features_adjusted_close_pit_asof,False,True
2022-12-09,2022-12-09,26.02261543273925,26.056556034088135,24.364520359039307,24.272875595092774,25.236419486999512,-0.0013025743426906544,0.06805367186655031,0.0720862194836207,0.031153228616474182,-0.0013025743426906544,0.06805367186655031,0.0720862194836207,0.031153228616474182,False,True,True,True,0.05504597797768018,0.12911145321899076,0.010101126016238915,0.002752298898884009,0.003227786330474769,0.00016835210027064859,0.06788520812988245,0.07439074516296369,0.004337151845296106,-0.028305832845053502,-0.028305832845053502,-0.028305832845053502,-0.028305832845053502,-0.028305832845053502,-0.028305832845053502,False,False,False,weak,candidate_feature_label_only_not_live_rule,rolling_adjusted_close_asof_signal_date_including_signal_close,2022-12-09,benchmark_features_adjusted_close_pit_asof,False,True
2022-12-16,2022-12-16,25.57004737854004,26.079184818267823,24.766739511489867,24.3087038675944,25.207810322443645,-0.019522751315874887,0.03243494633912136,0.051888554725746605,0.0143700325995344,-0.019522751315874887,0.03243494633912136,0.051888554725746605,0.0143700325995344,False,True,True,True,-0.01094082976222055,0.14256828186774095,0.020316104570978988,-0.0005470414881110275,0.003564207046693524,0.0003386017428496498,-0.014142608642578125,0.079764986038208,0.008485666910807292,-0.04520489280475215,-0.04520489280475215,-0.04520489280475215,-0.04520489280475215,-0.04520489280475215,-0.04520489280475215,False,False,False,weak,candidate_feature_label_only_not_live_rule,rolling_adjusted_close_asof_signal_date_including_signal_close,2022-12-16,benchmark_features_adjusted_close_pit_asof,False,True
2022-12-23,2022-12-23,25.04959297180176,25.842152881622315,25.146047353744507,24.390543111165364,25.224430576960245,-0.030669267899277264,-0.0038357671321406217,0.02702071280793672,-0.006931280554581809,-0.030669267899277264,-0.0038357671321406217,0.02702071280793672,-0.006931280554581809,False,False,True,False,-0.05141390829978809,0.13248080813725038,0.05529066332355792,-0.0025706954149894044,0.0033120202034312594,0.000921511055392632,-0.06788511276245099,0.07325930595397975,0.021874046325683592,-0.06463885449107132,-0.06463885449107132,-0.06463885449107132,-0.06463885449107132,-0.06463885449107132,-0.06463885449107132,False,False,False,weak,candidate_feature_label_only_not_live_rule,rolling_adjusted_close_asof_signal_date_including_signal_close,2022-12-23,benchmark_features_adjusted_close_pit_asof,False,True
